0_primarytoI_spread,0_primarytoII_spread,0_primarytoIII_spread,0_primarytoIV_spread,0_primarytoV_spread,0_ItoII_spread,0_IItoIII_spread,0_IIItoIV_spread,0_IVtoV_spread,0_late_p,0_C01_coef,0_C02_coef,0_C03_coef,0_C04_coef,0_C05_coef,0_C06_coef,0_C09_coef,0_C10_coef,0_C12_coef,0_C13_coef,1_primarytoI_spread,1_primarytoII_spread,1_primarytoIII_spread,1_primarytoIV_spread,1_primarytoV_spread,1_ItoII_spread,1_IItoIII_spread,1_IIItoIV_spread,1_IVtoV_spread,1_late_p,1_C01_coef,1_C02_coef,1_C03_coef,1_C04_coef,1_C05_coef,1_C06_coef,1_C09_coef,1_C10_coef,1_C12_coef,1_C13_coef,2_primarytoI_spread,2_primarytoII_spread,2_primarytoIII_spread,2_primarytoIV_spread,2_primarytoV_spread,2_ItoII_spread,2_IItoIII_spread,2_IIItoIV_spread,2_IVtoV_spread,2_late_p,2_C01_coef,2_C02_coef,2_C03_coef,2_C04_coef,2_C05_coef,2_C06_coef,2_C09_coef,2_C10_coef,2_C12_coef,2_C13_coef
0.0118102081675846,0.2784464761398137,0.1444373474669277,0.0483813914232234,0.0307482719206351,0.6015752592480916,0.2903784394460733,0.0756342208215767,0.0947097509597804,0.3754715490762129,0.0214957528496167,0.0887944239893887,0.0,0.0410090698794926,0.0160619372492994,0.0,0.0742488203890501,0.2667762374993156,0.9812498922023803,0.9452832481257328,0.0567875897548928,0.0262502447246093,0.0141760855868806,0.0039934324936456,6.610696135189607e-05,0.1712576914796263,0.0457187880598585,0.0106585208716444,6.610696135189607e-05,0.6899080474817846,0.012907330534711,0.6338408284099508,1.0,0.8652883841919718,0.5364857621715323,0.943155466041164,0.069516967567288,0.2164952009817725,0.0,3.1420870619601567e-06,0.0311076897436249,0.451259837980083,0.0626234053061575,0.0091456301983797,0.0193131417668823,0.999964756120144,0.1130829639932669,0.175134786241201,0.1592351269911304,0.3957348752869282,0.9655969166156724,0.2773647476006604,0.0,0.0937025459285355,0.4474523005791683,0.0568445339588359,0.8562342120436619,0.5167285615189118,0.0187501077976195,0.0547136097872053
0.015750507234053333,0.28307947431086605,0.17812451398118623,0.05283918251479401,0.030618042895104836,6.610696135189607e-05,0.24014515350674853,0.04986183301979212,0.06534970323937023,0.38345180402463663,0.01945927225700893,0.07570194533397302,0.0,0.0545516469327105,0.014710675586184368,0.0,0.07202066114613345,0.28360997287860246,0.9830010048008396,0.9488153857552317,0.052067834988791126,0.025594551576741842,0.01265712169144152,0.0020982901430076483,6.610696135189607e-05,0.13241937087174865,0.07972364643374445,0.02349094553374686,6.610696135189607e-05,0.7441452416090315,0.011091531571683001,0.6493916370073969,1.0,0.8343617413703605,0.5015131247004325,0.9453381037880426,0.07524613116039855,0.23433244794024177,0.0,2.537509857046147e-06,0.03269899684594757,0.47222558818582827,0.06452941484973161,0.006698135840289473,0.018369397855755955,0.7842171743656002,0.11544726518754672,0.18627103956245578,0.20160001598518562,0.3615746578297667,0.9694491961713081,0.27490641765863016,0.0,0.11108661169692903,0.4837761997133832,0.05466189621195734,0.8527332076934679,0.48205757918115577,0.016998995199160354,0.0511820767349113
0.016412097860201855,0.2839699761586028,0.18764197603032642,0.05563841996065624,0.031152922397243207,6.610696135189607e-05,0.22168280307765403,0.03926819607310644,0.05859762799520158,0.3864545783057286,0.01879856410086608,0.06631912608087988,0.0,0.06444981077965488,0.013511909522913508,0.0,0.06967755955610722,0.2981341231658376,0.9844839539556348,0.9506758613549612,0.05003667843984025,0.024135669036583745,0.011511610458459666,0.0017713910638138058,6.610696135189607e-05,0.13469729400143607,0.09811811875297244,0.03411051976182663,6.610696135189607e-05,0.7928002977261791,0.008855609280502707,0.6603687124774208,1.0,0.8156137425548309,0.48967576507892785,0.946097401995481,0.08065932469858073,0.2466835782562721,0.0,2.279272993926256e-06,0.03257857552051758,0.4805765702683129,0.06229157825123303,0.006422258207669855,0.018245720704438476,0.69744509775166,0.11592869164591225,0.19329726284115661,0.223013048551996,0.34926640733103864,0.9723458266186312,0.2733121614416993,0.0,0.11993644666551431,0.49681232539815867,0.05390259800451903,0.8496631157453121,0.45518229857789033,0.01551604604436515,0.04932185937204486
0.016449255718389476,0.28449526271410963,0.1917380029626393,0.05634787192457348,0.03133730662634839,6.610696135189607e-05,0.21403592202946276,0.03561389707540988,0.056943233802446924,0.3872678700702695,0.018578572130483133,0.0592002309038534,0.0,0.07215729898503936,0.012592378361688595,0.0,0.06799825105294277,0.3125640274488447,0.9857534793649892,0.9518234948326376,0.049934642725427913,0.02298286129709437,0.010904590676468321,0.0017147717943651812,6.610696135189607e-05,0.14178197872383264,0.11359548474187796,0.04427882274135763,6.610696135189607e-05,0.8192074230254336,0.0069953947149384065,0.6692718708090387,1.0,0.8023909362212843,0.4914531323791549,0.9446141912526431,0.08567475595440105,0.2542807797424828,0.0,2.1227473561663067e-06,0.032000693645810985,0.4849363303962824,0.06070355047850553,0.00644109789699992,0.01825184432947067,0.6083686530851908,0.11553195210812992,0.19590898194838297,0.23355414237863736,0.34348880774105145,0.9744260331545784,0.27152789828710794,0.0,0.1254517647936763,0.49595448925915653,0.05538580874735689,0.8463269929926562,0.4331551928086725,0.014246520635010767,0.04817438242000625
0.016398700228965023,0.28491017123703566,0.19438392619327508,0.05679759847657443,0.03138747599465377,6.610696135189607e-05,0.20729922093134628,0.03306354281428552,0.05642066566773644,0.3874218788322809,0.018515166595402706,0.05334127158755665,0.0,0.07825197448062293,0.011850122450721439,0.0,0.06680824091292561,0.3266479875388033,0.986881915441948,0.9526463504136593,0.0500379595522335,0.0218166913128546,0.01041803106898282,0.0017273924403431338,6.610696135189607e-05,0.1490835273933191,0.12677578098777767,0.052308474987336845,6.610696135189607e-05,0.8396624328213638,0.005512910570044677,0.6767233315901824,1.0,0.7922589077252246,0.4994640334286094,0.9403619015232408,0.09012362977148841,0.258099131943138,0.0,2.0029370563308664e-06,0.0314585602235602,0.49089099293048183,0.06022974795135025,0.006487304149111132,0.01834364152728507,0.535231479842352,0.11455085961357007,0.19800316686079872,0.24181398503455329,0.338311439732909,0.9759719228345526,0.26993539682226103,0.0,0.12948911779415254,0.4886858441206691,0.05963809847675915,0.843068129315586,0.41525288051805875,0.013118084558052025,0.04735164664928439
0.016382204524576328,0.2853122452803631,0.19649124000581722,0.057050896067923476,0.03136807476117222,6.610696135189607e-05,0.20171357079348598,0.031444703016046065,0.05635651643533144,0.38720707139120253,0.01855447478903639,0.04839236306457869,0.0,0.08320327343448808,0.011257948751971947,0.0,0.06599335390574244,0.3398308632103229,0.9879075030802053,0.9533125691793947,0.05022759133443402,0.020663944783258625,0.010057089656122791,0.0017567010053532606,6.610696135189607e-05,0.1556669362688393,0.1381717430969097,0.057898956479354814,6.610696135189607e-05,0.8549345108452416,0.004365822577630169,0.6827380658668479,1.0,0.7839436393350167,0.5094627499240019,0.9332645075399011,0.09444183542423192,0.2597008931721071,0.0,1.9057032347311005e-06,0.030990828688351228,0.49722970935782984,0.06026595836128955,0.0065178468756600105,0.01845963144374848,0.47585890199852066,0.11310192067919778,0.19978624881508456,0.24842918930588084,0.3337976917824693,0.9770797026333334,0.26886957106857334,0.0,0.13285308723049521,0.47927930132402613,0.0667354924600989,0.8395648106700256,0.40046824361756994,0.01209249691979478,0.046685525117370584
0.016325801831386395,0.2857616046070459,0.19821135815445043,0.05715306453002402,0.03132892909134829,6.610696135189607e-05,0.19729406122250218,0.03046253312027376,0.05650181150329674,0.38687170049730357,0.0186834879381068,0.04417889938939455,0.0,0.08725773115692141,0.010794616441626268,0.0,0.06548648788751722,0.3518215687241139,0.9888481040821472,0.953894543887785,0.050467994779550523,0.019519263638079334,0.009770960425648215,0.0018095061370246221,6.610696135189607e-05,0.1615969381603673,0.1486857699991872,0.06154142444567212,6.610696135189607e-05,0.8658019637618407,0.0034903642615660094,0.6872967456320103,1.0,0.7768326739728488,0.518792519947838,0.9234878276961752,0.09875127259151942,0.2600762372578525,0.0,1.8247251576325297e-06,0.03064376425919812,0.5036084795708896,0.06058182058046829,0.006538194648381942,0.018572825182484445,0.42909438386738075,0.1113345350481676,0.20140009957114846,0.25356928974454435,0.32988243127580097,0.9778261478003272,0.26852435497859517,0.0,0.13590959487022986,0.47041286361053564,0.07651217230382483,0.8357622395209634,0.38810219401803353,0.0111518959178528,0.04610363138705728
0.01633441545264908,0.28619504070455054,0.1995794357569993,0.057146483979997116,0.0312871916704013,6.610696135189607e-05,0.19384070865139744,0.02993188794771166,0.05673311129670512,0.3864693796477247,0.018890289876080223,0.04050074415228722,0.0,0.09059218924139972,0.010440129986676927,0.0,0.06523866710786029,0.3625487265669803,0.9897158513701425,0.9544308130890625,0.05074642183372078,0.018345846562218847,0.009555626527050349,0.0018860453916718868,6.610696135189607e-05,0.16709027138460986,0.15901159470734894,0.06381938956413695,6.610696135189607e-05,0.873189219286701,0.002824875821517821,0.6906282085708122,1.0,0.7705588617584038,0.5262505279403572,0.9114756645315614,0.10305990740107117,0.25979590461854596,0.0,1.7570076413752256e-06,0.030369093353551715,0.5098690833140628,0.06106321373524792,0.006547295940341402,0.018672743876997314,0.39233481392962544,0.10935355569706574,0.20289447780870418,0.2576051839291404,0.32652932692990716,0.978284834302402,0.26887104727690053,0.0,0.13884894900019648,0.46330934207296576,0.08852433546843863,0.8317014254910685,0.37765536881447387,0.01028414862985744,0.045567429903296146
0.016327355407076416,0.286660866612829,0.20065889275507742,0.05706252714768832,0.031251015244497776,6.610696135189607e-05,0.1911525786541231,0.02976095959953439,0.057011236382706866,0.38606407428400413,0.0191759440027152,0.037228051118415324,0.0,0.09335255230751213,0.010173443622446054,0.0,0.06521275062064616,0.37205197185971384,0.990519326102224,0.9549497711075866,0.0510639813138524,0.01713664012530903,0.009398368154729933,0.0019527120593318744,6.610696135189607e-05,0.17237441484971294,0.16972445044128903,0.06535156550484586,6.610696135189607e-05,0.8779952161713142,0.002319358499696781,0.692990347140419,1.0,0.7648211548313468,0.5316387705808011,0.8979394102672136,0.10732939947997698,0.2591504353061064,0.0,1.699719811322263e-06,0.03013625254973036,0.5159371184361116,0.06162880441697409,0.0065437585287420556,0.018758390023438442,0.36340025088175243,0.10722715477896427,0.20424598899402877,0.2608227594945826,0.32366126047156846,0.9785046974975881,0.26978160174116567,0.0,0.14182629286114107,0.45818778579675284,0.1020605897327864,0.8274578498993769,0.36879759283417973,0.009480673897775958,0.04504852917260211
0.0163195159890707,0.2870723000811293,0.2014880351244917,0.05692085084748922,0.03121876493274056,6.610696135189607e-05,0.18907630691024335,0.0297916966534857,0.05728962374454925,0.3857222251141733,0.019540651150229245,0.03429826250103736,0.0,0.09563193727788129,0.009971682110124013,0.0,0.06538209982865763,0.3804235907078638,0.9912653082871831,0.9554699761575661,0.05141911580882097,0.015880000736048415,0.009284531122720856,0.0020009462135669857,6.610696135189607e-05,0.17762170843292405,0.18113688765616678,0.0665051205551427,6.610696135189607e-05,0.8810514253071944,0.0019345322018800293,0.6945769418118451,1.0,0.7594386943140579,0.5352619019113067,0.8838204795202722,0.11150584652616248,0.2583087841233739,0.0,1.6516339032664192e-06,0.02993135079689098,0.5217524376577714,0.062239442903046026,0.0065324459935979864,0.018829875860801332,0.3400201445000354,0.10501921979440251,0.20543066672261984,0.2634724434158709,0.32119378850375646,0.9785248166478907,0.27112479568711756,0.0,0.14492936840806084,0.45476641597856926,0.11617952047972774,0.8231120536451799,0.3612676251687624,0.008734691712816966,0.04452837220853065
0.016311337141890394,0.2874471711945219,0.20210048609227824,0.056751180032820446,0.031188438484845142,6.610696135189607e-05,0.1874734034236597,0.029909179003992092,0.05754287293702237,0.3854565621164704,0.019984991711290978,0.03167853616079521,0.0,0.09752177553063726,0.009817108606908136,0.0,0.06572522942804704,0.38779236573824405,0.9919583157271724,0.9559996416134959,0.05180702837941776,0.01461804949169554,0.009235463810692587,0.0020525187567200925,6.610696135189607e-05,0.18277597870825982,0.19316351512271432,0.06742797717732239,6.610696135189607e-05,0.8823666724531305,0.0016402700468364387,0.6955275328243186,1.0,0.7542569785167753,0.5375244345089925,0.8700389281990234,0.11552326725410858,0.2573297823114088,0.0,1.6116966221882198e-06,0.02974049144986185,0.5273029393972157,0.06286936513508729,0.0065171421771784985,0.0188880696885743,0.320290729802612,0.10277011886612951,0.20644443721940775,0.2657313684727253,0.3190538796880138,0.9783747382418726,0.2727939310148863,0.0,0.14822124595258748,0.4526584568840994,0.12996107180097666,0.8187515033178444,0.3548778519503472,0.008041684272827547,0.043998746689881914
0.0163033452537388,0.2877805072534691,0.2025344386400772,0.05657338681527775,0.03116030178492508,6.610696135189607e-05,0.186255637224702,0.030116751413733614,0.05780327956649413,0.3852519525688684,0.020509824647174574,0.02930607759817303,0.0,0.09904744308862645,0.00968845267666923,0.0,0.06621749508780984,0.3942719077407634,0.9926021710719634,0.9565433473819281,0.05221134439480476,0.013347827845660843,0.009189355712579,0.0021054319603498323,6.610696135189607e-05,0.18794879328202152,0.20584841424896325,0.06819747496555681,6.610696135189607e-05,0.8827205528057124,0.0014148247986820745,0.6960552231704787,1.0,0.7492942394312274,0.5388607407272107,0.8573816943312045,0.11932632177534175,0.25626683812062095,0.0,1.5790381169454203e-06,0.029562759453266873,0.5325822743773138,0.06350578067558312,0.006497103814387394,0.01896843611127173,0.3033350824785739,0.10053495936768189,0.2073124255166006,0.26758543818498853,0.3171604317818608,0.9780753505541433,0.2746386992313483,0.0,0.15165831748014608,0.45145080659612014,0.14261830566879555,0.8144561831368484,0.34946125413861573,0.007397828928036663,0.04345507357995487
0.016296319988089038,0.28806958147597467,0.20284491559359674,0.05638668393987403,0.0311266883244147,6.610696135189607e-05,0.1853080126952545,0.030375430503993592,0.05802797756553699,0.3851123876535716,0.021116474112974536,0.027147397796536795,0.0,0.10029733172626708,0.009581304440745574,0.0,0.06683548480122878,0.3999983653190864,0.9931999103916658,0.9571026498282567,0.05258776834559432,0.012120358423247995,0.009154478789047316,0.0021579606091424865,6.610696135189607e-05,0.192973085799829,0.21888563989989074,0.06891563261446329,6.610696135189607e-05,0.8824604102831353,0.0012413382737757276,0.6962671676267926,1.0,0.7444942718095219,0.539532293903725,0.8462331298641633,0.12287365730372714,0.2551270216012508,0.0,1.5530274681707715e-06,0.029395207553477437,0.5375995166760364,0.06415281591933578,0.006441657537206614,0.019011803524262093,0.28799315699395045,0.09831085734022671,0.2081030448036642,0.26948015124655406,0.3155174363298976,0.9776421876132497,0.27658543457667056,0.0,0.1552083964642111,0.4508864016555294,0.1537668701358367,0.8102908578950441,0.3448746130796629,0.006800089608334273,0.042895797144275154
0.016290819953502927,0.2883057186465507,0.20304934701576807,0.05620131695848134,0.031098335729358717,6.610696135189607e-05,0.18457453544319843,0.03064769442523961,0.058213860741349974,0.3850323209894198,0.021818198194518655,0.02517904922302142,0.0,0.10131311492971279,0.009489438542892472,0.0,0.06756993157468806,0.4050662876067665,0.993754396356322,0.9576797269308526,0.05297442366955092,0.010977644218681009,0.009127204817997909,0.0022093012702281197,6.610696135189607e-05,0.19763787474439717,0.23183243264589368,0.0696119958012256,6.610696135189607e-05,0.8814414356424896,0.0011074885055107372,0.696282802227898,1.0,0.7399408156352552,0.5397890285005743,0.8367572927485507,0.1261400193782927,0.2539544242724436,0.0,1.5332302032394496e-06,0.029242715365660636,0.5423135908182325,0.06480749038146916,0.006434024315014028,0.019042736535639256,0.2741158487743003,0.09614412508388227,0.2085939763978325,0.2711303517789178,0.3140613064635444,0.9770743132999706,0.27853814854908066,0.0,0.15874606943503206,0.45072153295653317,0.16324270725144926,0.8062900490470193,0.34097928812079,0.00624560364367802,0.04231873983894413
0.0162870632130132,0.28849639095788104,0.20318001543080585,0.05601326535413537,0.031071672902034924,6.610696135189607e-05,0.18401159962029373,0.030939653645438676,0.058360519986163824,0.38499633530023375,0.022593695076875663,0.02338142265659693,0.0,0.10213255051634898,0.009409885182393028,0.0,0.06839655854474387,0.40956240887992135,0.9942679750491893,0.9582673210007869,0.05334264158573144,0.009920819905192512,0.009107744136389232,0.002256188684039275,6.610696135189607e-05,0.20200553808826394,0.24436523489893702,0.07031967830453928,6.610696135189607e-05,0.8799691598891309,0.0010035233408711018,0.6961982651469498,1.0,0.7357487332224111,0.539818529269839,0.8289443474958483,0.1291031456442142,0.25278966760814897,0.0,1.5188471556671666e-06,0.029073293601346112,0.5467089667082884,0.0654642457867395,0.00640377948512146,0.01906541703079723,0.26180440253875725,0.09403846139817416,0.2090110597447122,0.27270511973924955,0.3128071893462857,0.9764027815822532,0.2804203121964532,0.0,0.16211871626123997,0.450771585547768,0.17105565250415172,0.8025002958110419,0.3376479235119296,0.005732024950810749,0.04173116015205736
0.01628733946493845,0.28864952389108145,0.2032441555143017,0.055832562793555446,0.031047212273548386,6.610696135189607e-05,0.1836255361936893,0.031226826440796374,0.058483988423777215,0.38498934833230836,0.02345046020884058,0.021741995851764815,0.0,0.10279353103111497,0.009339392843019965,0.0,0.06930020708954047,0.41354977998850917,0.9947427780802565,0.9588633492986078,0.05369231110657343,0.008984000884034737,0.009093936143997441,0.002299900976934206,6.610696135189607e-05,0.206002989426659,0.25618712436873736,0.07103159635814683,6.610696135189607e-05,0.8780460626487985,0.0009228324623008073,0.6960880064019425,1.0,0.7319670169913929,0.5397551478706866,0.8225976253171381,0.1317679653512215,0.25167803218411344,0.0,1.5092662174695155e-06,0.02894506571744603,0.5507844872225283,0.06610780218663015,0.006368200131288154,0.019085226965217146,0.25121130690169347,0.09202227853837594,0.2093255599630987,0.2741778446377434,0.3116978160109848,0.9756267073288586,0.2821699977462927,0.0,0.1652394519774921,0.45090545928629344,0.1774023746828619,0.7989318275592381,0.3347721878273774,0.005257221919743578,0.041135141435174674
0.01628828540290477,0.28877369126313596,0.2032509081066075,0.055662893267938295,0.0310236933097255,6.610696135189607e-05,0.1833445252711776,0.031466437262893956,0.05858247904008755,0.3850169062586705,0.024388167042723938,0.020246642319412155,0.0,0.10332380273645866,0.00927663297829402,0.0,0.07026792899218724,0.4170928712716765,0.9951812904986473,0.9594654795299375,0.053962013016766085,0.008182699775697251,0.009133249507105833,0.0023268548975032706,6.610696135189607e-05,0.20941302143137627,0.26621681535790437,0.07159942973526004,6.610696135189607e-05,0.8763614161248037,0.0008598468139867205,0.6959986831986996,1.0,0.7286608285210853,0.539667242804211,0.8175321814860007,0.13413322833605765,0.2506460438078498,0.0,1.5037795601270715e-06,0.0288389557265699,0.5545386967034748,0.06675443650580559,0.006318629764851807,0.019101552413864898,0.24205122853617728,0.09010034535850873,0.2095842043836256,0.27559432166927617,0.31072078801227154,0.9747519861432894,0.2837546744818882,0.0,0.1680153687424561,0.45105612421749497,0.1824678185139993,0.7955988426717552,0.3322610849204737,0.004818709501352646,0.04053301669050231
0.016290678887655088,0.28888453967246086,0.20319030707241362,0.05551870963879135,0.031001453654018418,6.610696135189607e-05,0.18320074120635715,0.03168992756179823,0.05865414661714337,0.3850527840421878,0.02540868456804941,0.018884367921268803,0.0,0.10368235501192637,0.009206941858169686,0.0,0.07128022314823504,0.4201954114385271,0.9955858427305169,0.9600720256045546,0.05421122255339146,0.007475461227358366,0.009139303242917651,0.0023489193909452246,6.610696135189607e-05,0.21244710547803744,0.2754611980661311,0.07218791273340888,6.610696135189607e-05,0.8746742658835174,0.0008106909983997613,0.6959631388184541,1.0,0.7259535683795496,0.5396941880220892,0.8136172402949907,0.13622108321971954,0.24977413131291892,0.0,1.501757696637034e-06,0.02875653019131112,0.5580081440949398,0.06738526381779013,0.006289181942850488,0.019115089427217617,0.23437420214883808,0.08832195454882871,0.20973950835145821,0.2768413546950048,0.30982958807350225,0.9737806244335508,0.28515249326027714,0.0,0.170364076608524,0.4510988701197411,0.18638275970500928,0.7924986936320454,0.330030457248554,0.0044141572694831495,0.03992647263774878
0.016294468288291,0.28897559154742564,0.20310316000407969,0.055384126266440466,0.030980681349420062,6.610696135189607e-05,0.18311672531144443,0.03189751109511792,0.058704693019322705,0.38510191510824726,0.026498766632119176,0.01764946501744024,0.0,0.10397595930148246,0.009138889248378426,0.0,0.07232371788926432,0.42294127317918273,0.9959587054051835,0.9606792192181239,0.054429864717154185,0.006858883499956624,0.009134844507064767,0.00239475793345752,6.610696135189607e-05,0.21510393198396272,0.28372832138923704,0.07266862759880417,6.610696135189607e-05,0.8729095940507704,0.0007719498509753513,0.6959505737192542,1.0,0.7236585717255215,0.5397352419798018,0.8105283552745829,0.13804911996372873,0.2490167064307944,0.0,1.5026540027847257e-06,0.028688202701044416,0.5612130938150939,0.0680104360470432,0.006265963769286107,0.019127329015992525,0.2280113650424288,0.08661446813909919,0.2098093409567146,0.27799469953694184,0.3090285744717377,0.9727292835169055,0.2863999612633056,0.0,0.17236546897299604,0.4511258687718197,0.18947164472541708,0.789627162147007,0.32804202039002284,0.00404129459481649,0.03931927812787331
0.01630028931956766,0.28905645113897677,0.20300246729535917,0.05525484464255846,0.030960982801499247,6.610696135189607e-05,0.1830571078387759,0.03213286831259318,0.058746202719402736,0.38515146088467705,0.027651184766982025,0.016513579785998846,0.0,0.10424383186042845,0.009075161729372725,0.0,0.07338063713338322,0.42538809647229714,0.9963020146510683,0.9612841113791941,0.0546250637122421,0.0063380755489689,0.0091283340467401,0.002411038872005902,6.610696135189607e-05,0.21741167766014546,0.2910617792739113,0.07324101399604971,6.610696135189607e-05,0.8712568331708008,0.0007415307275280712,0.6959924448517552,1.0,0.7217016643707383,0.5397755016211035,0.8080667570882875,0.1396506393359298,0.24835254647497207,0.0,1.505892043838769e-06,0.028632863733845194,0.5641673549409308,0.06860308921409819,0.006221007805248932,0.01913737817787306,0.22296448735762103,0.08501464421548854,0.20990666478996584,0.27918032628509426,0.308316798124423,0.9716072845054899,0.287493975362246,0.0,0.1740545037688333,0.45114933664952384,0.19193324291171251,0.786968723530687,0.32625935705273074,0.003697985348931742,0.03871438272876207
0.016307678536976226,0.2891234484905343,0.20288624264139898,0.05513309911532861,0.03094234445983715,6.610696135189607e-05,0.18302547979716713,0.032329043979533144,0.058772400226504144,0.3852109603348021,0.02887346672410015,0.015484094537662063,0.0,0.10449009964006363,0.009016067162022029,0.0,0.07445218437122135,0.4275664159690833,0.996617926681252,0.9618873592424415,0.054796271895605306,0.0058812884355463795,0.009121897110941508,0.00244552973304116,6.610696135189607e-05,0.21944906281805404,0.2974557750861627,0.07369037568236186,6.610696135189607e-05,0.8696364698950338,0.0007175779773510565,0.6960773233924256,1.0,0.7200730397101223,0.5398574479339069,0.806126847838066,0.14105358896512207,0.247795071663701,0.0,1.5111621613401808e-06,0.028582668342695502,0.5668624198021516,0.06916098555511707,0.006182013290463935,0.019145307118311757,0.21931409532484805,0.08352719606478153,0.20996041344583094,0.2803021906217945,0.30767906943531215,0.9704089552985488,0.28843858206991235,0.0,0.1754368606498141,0.45112648490407103,0.193873152161934,0.7844942266636566,0.3246385123672157,0.003382073318748005,0.03811112959539716
0.016317063531212865,0.28918764440818934,0.20276241564065484,0.055021627162438816,0.030924239173258417,6.610696135189607e-05,0.18300205884176662,0.03250358844216454,0.058789162857475485,0.3852730488915177,0.03015913106789453,0.014539090120129997,0.0,0.10473511459794799,0.008961708222472043,0.0,0.0755234855640202,0.42951956800194274,0.9969083628534148,0.9624863133406817,0.05494922530788353,0.005494016275426242,0.00911753052996911,0.002482549572630952,6.610696135189607e-05,0.22123009401887037,0.3030594330224312,0.07408228395737647,6.610696135189607e-05,0.8679949988638334,0.0006989546953061832,0.6962009574434322,1.0,0.7186891475238234,0.5399533482374015,0.8045603982500723,0.14228193334194378,0.247317945154088,0.0,1.5180099824007399e-06,0.028541245996022688,0.5693433682077345,0.06967909372362312,0.006142219424564969,0.01915139240693982,0.21701632399705756,0.08217960090157798,0.21001620768262522,0.28141330554592225,0.30709001306174477,0.9691419142367993,0.2892599524364378,0.0,0.1765757378782286,0.45108494354012657,0.1954396017499277,0.7821945810940361,0.3231624868439693,0.003091637146585263,0.03751216864933597
0.016328072440740877,0.2892479949277284,0.20263347629367306,0.05492012749557983,0.030906696810481044,6.610696135189607e-05,0.18297811740004957,0.03266038606112511,0.05879603766639115,0.3853354218603251,0.03150488488322426,0.013667786195779682,0.0,0.10497590339424945,0.008911607448632742,0.0,0.07658571662453688,0.4312716461768918,0.9971751924011303,0.9630795536456144,0.05508690767070087,0.005186679112902198,0.009115519004199128,0.00248254062601353,6.610696135189607e-05,0.22274426230715996,0.30793764661106365,0.07457375959281212,6.610696135189607e-05,0.8665018763566531,0.0006846708213947372,0.6963678023373278,1.0,0.7175320019176833,0.5400725948628355,0.8033027398220373,0.14336079032891777,0.24691672536741258,0.0,1.5261278608860534e-06,0.028507120862925568,0.571630877672274,0.07014536885310411,0.006101725822805163,0.01915654589614435,0.21605894092179379,0.08093095600847745,0.2100848442263674,0.2825170097019085,0.30655413665137077,0.967810444295381,0.28996441146689256,0.0,0.17749209468806726,0.4510157976885318,0.19669726017796269,0.7800534930465454,0.3218116284556957,0.0028248075988697714,0.03691892022652477
0.016340425565880164,0.2892974544718193,0.20250166153283622,0.05483273522288614,0.030889393172953604,6.610696135189607e-05,0.18296968699705188,0.0327887685089903,0.058786608938433335,0.38539652536213964,0.032909990784645404,0.012878945449520196,0.0,0.10519908979005857,0.008865332130248095,0.0,0.07764474930287564,0.43284070430919774,0.99742021425108,0.963666286305952,0.05520372660945913,0.004919224849614565,0.009114894037458857,0.0024934650629559216,6.610696135189607e-05,0.22408943223199135,0.31209895236527824,0.07496036864753959,6.610696135189607e-05,0.8651596405029219,0.000673731127927487,0.6965778370178516,1.0,0.7166223642797376,0.5402582312677604,0.8023408470896449,0.1443144233449695,0.24661004293867173,0.0,1.5353967740708874e-06,0.02847686855569533,0.5737225669367004,0.07056850364149071,0.0060641361556526595,0.019161196289804568,0.2164388276464933,0.07978233701665796,0.21016155556118862,0.28358256764790285,0.30605957761826547,0.9664162780874271,0.2905432175326282,0.0,0.17817854593020394,0.45087643660199145,0.19765915291035507,0.7780408273521549,0.3205492527521305,0.002579785748919983,0.03633217829727392
0.016321111682997116,0.2893469287474369,0.20236692633718742,0.054786820412270926,0.030872623555514542,6.610696135189607e-05,0.1829791499964628,0.032818744703900525,0.05876232481315202,0.3854727699447993,0.03436995788346819,0.012158248561976066,0.0,0.10542011909720321,0.008822605510653187,0.0,0.07869174797164376,0.4342578687409741,0.9976450095482576,0.964244343634467,0.05527195725069118,0.004685257531211691,0.009115877519481142,0.0025051443705615254,6.610696135189607e-05,0.22529596564976698,0.3157123530920327,0.07529136553954961,6.610696135189607e-05,0.8641726567674767,0.0006656248195555615,0.6968086004474628,1.0,0.7158715310200485,0.5404663200551613,0.8015684737415641,0.14515787674983122,0.24636706068838438,0.0,1.545546534447764e-06,0.028449361835714445,0.5756684006941729,0.07094892983861323,0.0060256235253109735,0.019165169936706004,0.21795763682417887,0.07873067160052816,0.21025671293417902,0.28465385948715094,0.30559720503356647,0.9649644172969762,0.29103315099056104,0.0,0.17870834988274836,0.45071107443418557,0.19843152625843585,0.776150375278525,0.31937507057064163,0.002354990451742375,0.03575411081899865
0.016329876769968107,0.28939920585508444,0.20223328945416713,0.054736994542259165,0.030855515332461884,6.610696135189607e-05,0.18297227521558349,0.03285876411184233,0.05872834535819508,0.3855327386619667,0.035879113511633934,0.011495777304382254,0.0,0.1056307648890147,0.008781982241622098,0.0,0.07971884157947409,0.4355225868437795,0.9978510045863177,0.9648099379078412,0.055349503055082495,0.004502401950962105,0.009116704321168284,0.0025154536710891504,6.610696135189607e-05,0.22622853015920733,0.3187713280317593,0.07555761529856687,6.610696135189607e-05,0.863177240736819,0.0006600078558768561,0.6970463688147199,1.0,0.7152523704902809,0.5406957401505006,0.8009375501845989,0.14591514169651756,0.24619141177059037,0.0,1.5570270855826758e-06,0.028429868477058907,0.5774986509221459,0.07128837031293733,0.005985602847205254,0.01916870936994303,0.22012177241529943,0.07777527702359859,0.21037930102945138,0.28575770172750636,0.30516175221092495,0.9634608786324892,0.2914578538808979,0.0,0.17911686462070436,0.45052227760787733,0.1990624498154011,0.7743660167240084,0.31828600138563024,0.002148995413682324,0.03518850506507323
0.016345026168946918,0.2894534967946472,0.20211165032608805,0.054689787313457534,0.030840100548693437,6.610696135189607e-05,0.182959635407574,0.03290112730523733,0.05869189355771241,0.3855796712818204,0.03743913321306924,0.010886692497345706,0.0,0.10583087676852318,0.008744439594999404,0.0,0.08072833679281945,0.43667121831389427,0.9980397575065196,0.9653649395756235,0.05541740295945493,0.004367280005228379,0.009118894674312717,0.002525304227193504,6.610696135189607e-05,0.22700080469283634,0.3213390265884491,0.07577820121494615,6.610696135189607e-05,0.8621690519354798,0.0006564175401251439,0.6973122552506724,1.0,0.7147680133767602,0.5409490692038088,0.8004548823651471,0.1465971327838895,0.24606293509491545,0.0,1.569198091382654e-06,0.028411218912653583,0.5792089498697399,0.07158657492634603,0.005945301880517284,0.019171976842073033,0.22361309356213782,0.07691289084338425,0.2105277107783415,0.28686443951448204,0.30474536134300984,0.9619044492468056,0.29180105225198183,0.0,0.17940110985471655,0.45030649120119187,0.19954511763485291,0.7726745304232912,0.31726584659119034,0.001960242493480371,0.03463349122628517
0.016396450309781478,0.28951736146414747,0.20200566156343427,0.05464790993788264,0.030826665105648996,6.610696135189607e-05,0.18294351211540427,0.03294087314521699,0.058653271283801205,0.3855844100173421,0.03904833028829656,0.010325085703730927,0.0,0.10601429306113104,0.008709988770688026,0.0,0.08171899699752011,0.43771632811288086,0.9982126222083747,0.9659089889366612,0.05547829976534661,0.004234127131966244,0.009123338071437297,0.002534452393699454,6.610696135189607e-05,0.22776150775927131,0.32354711319810076,0.0759681490294627,6.610696135189607e-05,0.8613167629263038,0.0006545366842932466,0.6976204372774766,1.0,0.7144218759564064,0.5412347675864935,0.8001125173449678,0.147218294919612,0.2459827484765057,0.0,1.5818488210827323e-06,0.028393812209439602,0.5808105740936741,0.07184319590577548,0.005904936929818864,0.019175448402919924,0.22842608717419918,0.07613968389921343,0.2107056569634357,0.2879495999467337,0.3043457485881911,0.9602971330274102,0.29205447701879256,0.0,0.1795638309824625,0.4500552436428185,0.19988748265503226,0.7710627080828679,0.3163009234106134,0.0017873777916253399,0.034089429214517776
0.016385170724273285,0.28959465950931873,0.20191486634286393,0.05461122608134803,0.030814495727073964,6.610696135189607e-05,0.18293246924205245,0.03297553535799938,0.05862034253959497,0.38562302267770293,0.04071005958302452,0.00980864637458399,0.0,0.10620626722859747,0.008678425785581863,0.0,0.08269213728762556,0.4386881440184128,0.9983708593357603,0.9664430545103866,0.0555306205776611,0.004152168222202257,0.009128758353032446,0.002542698798799052,6.610696135189607e-05,0.22833108348707878,0.32543838032159744,0.07612580901180317,6.610696135189607e-05,0.8603973937961107,0.0006541058856398823,0.6979139427985651,1.0,0.7141136706735797,0.5415188710602874,0.7998178744797456,0.1477805969688638,0.24591923892444265,0.0,1.5945276984971916e-06,0.028370863206143317,0.5823418395310628,0.0720569056733891,0.005864272650806135,0.01917841660103406,0.23450485685124264,0.07545159250844907,0.21090362836262075,0.2890682335382156,0.3039619012753308,0.9586358345313356,0.2922774108268509,0.0,0.1796800620978229,0.4498027031541308,0.20018212552025444,0.7695272657435106,0.31539261705714466,0.0016291406642397273,0.03355535096191491
0.016411015501494437,0.2896612014543673,0.2018169552221323,0.054576375630403635,0.03080079592700504,6.610696135189607e-05,0.18291166599757375,0.03300202297618401,0.05857130688400876,0.3856415652473707,0.042412577342722003,0.009328781405356458,0.0,0.10636786832809896,0.008649318777998771,0.0,0.083644079723645,0.4395671093492872,0.9985156284403306,0.9669642518334279,0.055581980067232604,0.004052264590037001,0.009136647497725825,0.002550331423730001,6.610696135189607e-05,0.22896609104536542,0.3271056888369848,0.07626128019704936,6.610696135189607e-05,0.859664904972412,0.0006550718728485778,0.6982565435688468,1.0,0.7139399011868552,0.5418432578201547,0.7996367984634225,0.14830850721186295,0.24591247213079634,0.0,1.6079123268449155e-06,0.028356692100267242,0.5837807936408242,0.07223153174546884,0.005823501501707375,0.01918204378582692,0.24160240132622254,0.07484474201955213,0.21114147497944868,0.29024082352605785,0.3035766218351825,0.9569323507844294,0.2924146750257968,0.0,0.1796922304850458,0.4495074234018464,0.20036320153657747,0.7680474130644921,0.3145204185199164,0.0014843715596694082,0.03303414025424524
0.01644948950915925,0.2897432745346211,0.20173615470404957,0.05454763120555253,0.030788744511712172,6.610696135189607e-05,0.1828872492170798,0.03301953627426065,0.058522024798142704,0.3856408711726643,0.04415959338225362,0.008884947394456999,0.0,0.10654087121349519,0.008622559408397177,0.0,0.08457786546910066,0.44039524738349234,0.9986480483946693,0.9674741526361156,0.05562668218027892,0.004000066146143328,0.00914527148595685,0.0025572225411206566,6.610696135189607e-05,0.22941448560061667,0.3285622952464304,0.07637123345831383,6.610696135189607e-05,0.8588399879930771,0.0006571900272986316,0.6985605071173088,1.0,0.7137579477119163,0.5421503023576907,0.7994507134872325,0.14878899169058613,0.24590730043128328,0.0,1.6214938455002683e-06,0.028337088468915035,0.5851874867976621,0.0723687049676357,0.005782393767863793,0.019185258980674795,0.24961557144246477,0.0743152154913026,0.21140271200314187,0.2914262063919075,0.3032110155174487,0.9551832165904478,0.29255454548823423,0.0,0.17970118107458852,0.4492271382339122,0.20054928651276752,0.7666331428403131,0.3136974521852244,0.0013519516053307418,0.03252422587003887
0.016462854754661693,0.2898563875537171,0.20166674314636798,0.05452532257042614,0.030778025674419146,6.610696135189607e-05,0.18285772205057735,0.033028190835109696,0.05847247797595555,0.38563233592519514,0.04595219568049929,0.008472879901140812,0.0,0.1066942020929128,0.008598378834684917,0.0,0.08549553767694862,0.44116659711540024,0.9987691015405646,0.9679730132947001,0.05566686009279203,0.003952436814039979,0.009155261855964816,0.002564408231701953,6.610696135189607e-05,0.22985746148591776,0.3298135543076464,0.07645882439269797,6.610696135189607e-05,0.8580807840738542,0.000660368640868269,0.6989063878406789,1.0,0.7136721619067182,0.5424932516132752,0.7993561393888104,0.14924544179273572,0.2459316412763857,0.0,1.6351017526258231e-06,0.028317695922336246,0.5865208539528157,0.07246608997152593,0.005741276895854602,0.019188660598476383,0.2590944822789368,0.07386079892185296,0.21169422134863183,0.29265858765021324,0.30285720268507504,0.9533874356786325,0.29262073225818025,0.0,0.17963363600036902,0.4489083695520398,0.20064386061118952,0.7652590205303157,0.31290176160821415,0.0012308984594353726,0.0320253516035473
0.01650224187536108,0.28995166499142366,0.20160758827949127,0.05450774197959278,0.03076742112731887,6.610696135189607e-05,0.18282465861164385,0.033027893283168096,0.05841631455344097,0.38560818770424266,0.04778444020711532,0.008088796215815052,0.0,0.10683590208536754,0.008576206353020888,0.0,0.08639561577336208,0.4418870492989746,0.9988797606612381,0.9684609844939679,0.055694756666599704,0.0038904269214786527,0.00916720908793001,0.0025692394144104813,6.610696135189607e-05,0.23033585855407876,0.3309751981296477,0.07654038500261513,6.610696135189607e-05,0.8575297986377863,0.0006645583614465205,0.6992550459401148,1.0,0.7136337263757908,0.5428448003144575,0.7992941692956519,0.14967766234126004,0.24598235502252744,0.0,1.64908211282166e-06,0.02829985230973729,0.5878064499451437,0.07252699643881362,0.005699758695871738,0.019192136853769696,0.269527758708668,0.0734773408391698,0.2120160194499681,0.29390571870447035,0.3025166934816131,0.9515510014314381,0.2926561578440702,0.0,0.17953037153884163,0.44857899333252166,0.20070583070434816,0.7639267218853779,0.31213059567849805,0.001120239338761916,0.03153736642391928
0.016512482607406464,0.29005059341680756,0.201557390868029,0.054494339675362734,0.03075714443860205,6.610696135189607e-05,0.18279267579750996,0.03301819358023795,0.05836078607241821,0.38560398298360454,0.04965878068180671,0.007732200863152138,0.0,0.10698567142054234,0.008555977086149441,0.0,0.08728086211407336,0.4425739164686445,0.9989808305116165,0.9689378729440661,0.05572809000084122,0.003871574448257107,0.009178665274302228,0.0025732940546705526,6.610696135189607e-05,0.23062181995600975,0.3319789076567993,0.07659780236881909,6.610696135189607e-05,0.8568351050612703,0.0006696619667190736,0.6995655650151917,1.0,0.7135740316818509,0.5431840774323454,0.7992156618382998,0.15008267749536516,0.24603185295756747,0.0,1.6631721785799803e-06,0.028277627703209268,0.5890729862333032,0.07255054279449222,0.005658006036796897,0.01919492131166621,0.28097371179859904,0.0731628532002146,0.2123567074774105,0.29516775078881985,0.30218786665113606,0.9496715573514742,0.2927022341216562,0.0,0.17944029689760682,0.4482599454815052,0.20078433816170022,0.7626364603905614,0.311394230573788,0.0010191694883835314,0.03106046388375543
0.016537583170433058,0.29013656783820574,0.20150328698302533,0.05448337004100032,0.0307459842695412,6.610696135189607e-05,0.18275518311514027,0.03299967403656728,0.05829613140009102,0.38559496203703164,0.05156815180077127,0.007398725791946114,0.0,0.1071090535352789,0.008538218995758316,0.0,0.08815194602062541,0.4432131440865442,0.9990730933639097,0.9694024616264657,0.05576772954189963,0.0038433340776524642,0.00919179416282252,0.0025772195945409394,6.610696135189607e-05,0.23096207579626005,0.3328569441437399,0.07664351599513487,6.610696135189607e-05,0.8561762429642914,0.0006756730841149852,0.699916468164953,1.0,0.7136043102443369,0.543555501483659,0.7992127292197174,0.15047687503901586,0.24611228337726163,0.0,1.6776122574169578e-06,0.028260074929199356,0.5902816959371475,0.07253953751705661,0.005616505071827094,0.019198318213439036,0.2937144965998079,0.0729149213344019,0.21273250014295397,0.2964694544728693,0.3018657525116445,0.9477561751151138,0.2926848060431008,0.0,0.17928663622038415,0.4479062795205827,0.20078727078028258,0.7613711789403588,0.3106745725361941,0.0009269066360903259,0.03059586076127688
0.01656568626330897,0.2902271231288305,0.2014565459128163,0.05447576524600947,0.030735077651740352,6.610696135189607e-05,0.1827132985852993,0.03297304614090963,0.05822924975247806,0.3855822890744065,0.05351266214969466,0.00708757322286716,0.0,0.10723239712394726,0.008523018682143642,0.0,0.08901066836364588,0.4438262189328977,0.9991572834059336,0.9698552708434954,0.05580014073083101,0.0038185884191722984,0.009206389905310761,0.002580980921223923,0.00010696331036034353,0.2312935628966125,0.3336917669336768,0.0766844193365773,6.610696135189607e-05,0.8552294758482913,0.0006824715049615324,0.700251587554136,1.0,0.7136370067530791,0.5439199607223565,0.7992097820691396,0.15084900362071427,0.24619378573823444,0.0,1.692140497544268e-06,0.028238729189636824,0.5914691391083094,0.07249491307829746,0.005574679284672992,0.019201523531047024,0.30762899724257603,0.07273131210422272,0.21313304503077074,0.2978003329795683,0.30155146752617296,0.9458048663453438,0.2926608392229969,0.0,0.1791305961229736,0.44755702059549984,0.20079021793086033,0.7601403280156398,0.30997999532886783,0.0008427165940664675,0.030143037016007027
0.0165947985994677,0.290335003915466,0.20142204926626275,0.05447368060777838,0.030711168834974423,6.610696135189607e-05,0.18264378853358149,0.03293313570211778,0.058186942477790486,0.3855632201937704,0.05549171908765287,0.006769806852500221,0.0,0.10732582334827657,0.008511164640935705,0.0,0.08983952032884043,0.4443943684543604,0.9992340720797367,0.9702964666502496,0.05583990555973006,0.003798311069315221,0.009226171428386443,0.0025847306153714547,0.00010696331036034353,0.23173834714890695,0.3346061924006842,0.07673802627437876,6.610696135189607e-05,0.8545438097850223,0.0006898385986361659,0.7009340582468211,1.0,0.7137043616169743,0.5442568034917026,0.7992055974898863,0.15126424150631934,0.24630119894558603,0.0,1.706535655496009e-06,0.028213682254743612,0.5928374572427584,0.07242723816052153,0.005533935742273889,0.019163712727635084,0.3208573489375821,0.07258196502563435,0.2135505639712281,0.2992990981700378,0.30120627088442953,0.9438184423137109,0.2922961349006787,0.0,0.1789698150347492,0.44723203186736166,0.20079440251011366,0.7588962381648402,0.3093044326000535,0.0007659279202632991,0.029701826814094914
0.016625733544196178,0.290422845407838,0.20139560420182426,0.054473550824053765,0.030705691434491898,6.610696135189607e-05,0.182590492068564,0.03289092194090008,0.05810429145302967,0.38554396617874004,0.05750716195166916,0.006476072466824034,0.0,0.10742208167645091,0.008501054720756912,0.0,0.09067558561131095,0.4449501708332267,0.9993041296568013,0.9707277564782707,0.05587252332002912,0.0037811320340849193,0.009245516484675965,0.002588522675580914,0.00010696331036034353,0.23210309193304715,0.3354430308965843,0.07677158465498125,6.610696135189607e-05,0.8538353796310764,0.000698227207108352,0.7014125740725831,1.0,0.7137843739705648,0.5446649389329481,0.7992242670921021,0.15167399997078326,0.24641717546277705,0.0,1.7211465292299267e-06,0.028186104438884037,0.5941230781463631,0.07232713714964428,0.005492742041140659,0.019162764098122096,0.33598993238408636,0.072497809498604,0.21401249980097456,0.30078764724365775,0.3008722751783158,0.9417946108412225,0.29211135346059286,0.0,0.1787935443529843,0.44683400634629505,0.20077573290789785,0.7576504144179058,0.3086326537039963,0.0006958703431987382,0.02927052237520008
0.016656856202625435,0.29051665513583347,0.20137308106129043,0.05447557055574946,0.030698046210571307,6.610696135189607e-05,0.1825350826542091,0.03284273448927827,0.05802232009127452,0.3855227631907804,0.059556171000002725,0.006202148723451117,0.0,0.10751728625438821,0.008493133249559852,0.0,0.09150879664425969,0.44548697759593303,0.9993679585219328,0.9711469925349138,0.05590531576666292,0.003767124833271716,0.009265131354900345,0.002625486105714659,0.00010696331036034353,0.2324389864374007,0.33621130941019683,0.07665804080542128,6.610696135189607e-05,0.8529187387860643,0.0007075778427235542,0.7018137072891824,1.0,0.7138722222839555,0.5450868305654741,0.7992542313791328,0.15206929018820675,0.24653830689228698,0.0,1.7359544220632838e-06,0.02815884294848684,0.5953743905444309,0.0721947622190945,0.005451295493896714,0.01916537476260513,0.3529785983224935,0.07247369805973737,0.21449670110771843,0.30225878029244796,0.3005479419597576,0.9397362511572738,0.29198414398736655,0.0,0.17861049146165636,0.446420036184966,0.2007457686208673,0.7564219131675335,0.30797471551177996,0.000632041478067157,0.028851271510664123
0.016688537940386248,0.29061661015718127,0.20135803621348808,0.05447615438544823,0.03068966967537449,6.610696135189607e-05,0.18246599963763027,0.032797955836458254,0.05794710071729012,0.3854992796104887,0.061637151726945776,0.005938841157254853,0.0,0.10761249234976526,0.008487892888369831,0.0,0.09233061494301507,0.4460146701929783,0.9994260965009321,0.9715546722951177,0.05594515087474214,0.0037561732691755692,0.00928721674298983,0.0026342141462186055,0.00010696331036034353,0.23279800828202601,0.3370263862986681,0.07666762286678296,6.610696135189607e-05,0.8520296255100656,0.0007180213026263884,0.7021958647189078,1.0,0.7139631165329855,0.5454937724141139,0.7992858528107171,0.15245237801881664,0.24665060153066765,0.0,1.7507768138430374e-06,0.028132962241593566,0.5965982355198943,0.0720310207222778,0.005407762595523254,0.019168572166623075,0.37187087267476393,0.07250738592480832,0.2150104879887942,0.30377407291586445,0.300232634703304,0.9376448269704278,0.2918652941238373,0.0,0.17842439111724923,0.4460183346975163,0.2007141471892829,0.7552170070381683,0.30733472827635405,0.0005739034990679764,0.028443576928068433
0.0167204965582901,0.2907143320236551,0.20134575426065163,0.05447975931070888,0.03068030389195783,6.610696135189607e-05,0.18239535590487252,0.03274550913705388,0.05786826472781221,0.38547596090904435,0.0637506438572204,0.005691028229713483,0.0,0.10770353522267183,0.00848490061198055,0.0,0.09314971936838544,0.44652760229325894,0.9994790416488392,0.9719515681686013,0.05598508832828436,0.0037473778332501994,0.009309875521590032,0.002638746641474203,0.00017307027171223956,0.23314870070820154,0.33782127176561927,0.076692638918084,6.610696135189607e-05,0.8506637297598164,0.0007294046232070633,0.7025621768680291,1.0,0.7140672067934903,0.5459072863694046,0.7993260418783047,0.15282165044563054,0.24676936333680927,0.0,1.7657767998203973e-06,0.028104951881816696,0.597791202666206,0.07183517919063587,0.005365739768509855,0.019171830487120598,0.39262251470163767,0.0725986324307569,0.2155455448688138,0.30532444890832666,0.29992724592765385,0.9355199515195726,0.29174679490225736,0.0,0.17822925798383785,0.44560781301861485,0.20067395812169528,0.7540286301859841,0.30670303436993174,0.0005209583511607915,0.02804666605459896
0.016751755667114978,0.29083568183128483,0.20134440320922178,0.054488936602928875,0.030650128470839474,6.610696135189607e-05,0.1822879384044226,0.03267787236474113,0.05782644541088376,0.3854476960655022,0.06589375330924996,0.005425414469709908,0.0,0.10774785636018212,0.008485826473046134,0.0,0.09393477247837226,0.4469961323994749,0.9995272366193759,0.9723376177663219,0.056040368461275726,0.0037411681422909507,0.009306875119463522,0.002642943118645049,0.00021047523946300572,0.23368225435621495,0.33896072018183593,0.07676771031225679,6.610696135189607e-05,0.8496284615287533,0.0007413191974710434,0.7034367728003686,1.0,0.7142205098581759,0.5462753912510496,0.7993582309919632,0.15327169920745476,0.2469261486804414,0.0,1.780546138473662e-06,0.028071035417658895,0.5992770171704539,0.07162302626771905,0.005326043638979288,0.019112163967711527,0.412115655546573,0.07270414819315327,0.21609220543718508,0.30709671859995924,0.299571459101333,0.933364927493279,0.2911378127299214,0.0,0.178031633781642,0.44523878227590424,0.20064176900803676,0.752793528314173,0.3060777189200838,0.0004727633806240932,0.02766060168753966
0.016784158608865417,0.290926282787089,0.20136308120458582,0.05449868281043715,0.030635936293935653,6.610696135189607e-05,0.18216316495983897,0.032604914853782696,0.05774882283544132,0.3854256470899139,0.06806984387825822,0.005165872544746646,0.0,0.10781474431436992,0.008497170376397833,0.0,0.09473167579377721,0.4474713979284694,0.9995711383983199,0.9727152423028516,0.05608701973790688,0.00373584545358241,0.009324916021582372,0.0026468295772849983,0.00023127327086612152,0.23420478361353234,0.33998393085445017,0.07684824824699273,6.610696135189607e-05,0.8486113860406678,0.0007542243130232728,0.7042673704294196,1.0,0.7143601418374053,0.546682487439711,0.7994052112305734,0.1537680872886543,0.24709148707124085,0.0,1.7954555139639678e-06,0.028030277582254636,0.6007923804180824,0.07139359737456326,0.005286887602679257,0.019075682086099263,0.432777518319209,0.0728380967216163,0.21667795890402508,0.30889370013927503,0.2992062482381659,0.9311759318087185,0.2905667570258338,0.0,0.17782511384822483,0.4448203421838911,0.20059478876942663,0.7515002369175686,0.30543711500028975,0.00042886160168006303,0.02728296224163451
0.01681820730305581,0.2910179474685907,0.20138387111100367,0.05450931541393075,0.03062687937940592,6.610696135189607e-05,0.1820438257300066,0.03252936567264132,0.05765733716343641,0.38540256505334003,0.07027562713187224,0.004918177361863227,0.0,0.10788203589990006,0.00851373934860692,0.0,0.0955401558157452,0.4479394157845481,0.9996110722229941,0.9730821411317481,0.056132978392587775,0.0037317944402974943,0.00935006958565209,0.0026505873461995172,0.000280033582072583,0.2347010111982649,0.3409314097683251,0.0769037025980853,6.610696135189607e-05,0.8473070707523903,0.0007683961632135031,0.7049725904731914,1.0,0.7145146367466697,0.5471519090062666,0.7994684766366259,0.15427561488776945,0.24727047907058178,0.0,1.8106549697267154e-06,0.02798872132912309,0.6023059096044738,0.07113946089385326,0.005247902613274737,0.0190598353738714,0.45576386271996433,0.07301722227884277,0.21729653674379734,0.31067065287124,0.29880356884605,0.9289559767049143,0.2901092321649454,0.0,0.17760332735343018,0.44433435164512647,0.20053152336337413,0.7501842292964853,0.3047901051448702,0.00038892777700598653,0.0269160482132822
0.016852864894388635,0.2911273956323994,0.20141031762806716,0.054523070840874044,0.03060797423016769,6.610696135189607e-05,0.18191503997343933,0.032447864969259825,0.05755250364763827,0.3853793741157359,0.07251070347404041,0.004671613429770053,0.0,0.10792299595859413,0.008534818679790798,0.0,0.09634197558631767,0.44838696755393576,0.9996473804989174,0.9734380354377682,0.05619020477599111,0.0037297576124331547,0.00938267772011297,0.002654600932271051,0.0003133669154059164,0.23529718845827913,0.3419407308572606,0.07696001170014878,6.610696135189607e-05,0.8460097512042052,0.0007837024288109425,0.7057988822493146,1.0,0.7147025408977105,0.5476303324922569,0.7995312134607473,0.15482466459877364,0.24747400314841617,0.0,1.8259501388767449e-06,0.02794527601426874,0.6039594585046106,0.07086866157944019,0.005210100258098371,0.019024455112302417,0.4800714809319513,0.07322630236699398,0.2179807661793223,0.312551511165938,0.2983876947044274,0.9267055940971487,0.2895295043209154,0.0,0.17737446314369545,0.44383484882795227,0.20046878653925276,0.7488333598149086,0.30413902929764813,0.000352619501082551,0.026560138612092915
0.01688816105760187,0.2912287261027814,0.20143807150737641,0.05453638969301434,0.03059680055407463,6.610696135189607e-05,0.1817966240487272,0.032364348447258245,0.057458742548651354,0.38535572668629914,0.07477724210748006,0.0044331232663203934,0.0,0.10794987338541462,0.00855865769804682,0.0,0.09715257011077402,0.4488277871665521,0.9996803946865067,0.9737840290784617,0.05624768939852214,0.003728867991280529,0.009418247788241239,0.002658711809735984,0.00037099428288519826,0.23589840765212408,0.34296352295632143,0.07700484742566868,6.610696135189607e-05,0.8444407563076215,0.0008005246215871584,0.7065821988246074,1.0,0.7149157011380003,0.5481602465167802,0.799607259370049,0.1553977757949863,0.24769762026796663,0.0,1.8415201926274577e-06,0.027899331581098974,0.6056763619749903,0.07057241684547738,0.005172630816318359,0.01900067250283063,0.5065502114940412,0.07347977015119364,0.21867765793033028,0.3144703286854851,0.29796206248968055,0.9244222332709328,0.28898467790907223,0.0,0.17713442547658514,0.443281095785173,0.2003927406299511,0.7474496540942397,0.30347459256548126,0.00031960531349329484,0.02621412940134559
0.016925732224044917,0.29133905889780753,0.20147037971610518,0.05455199911851614,0.030577547886155864,6.610696135189607e-05,0.18167201226291885,0.03227670141880274,0.057382616261329664,0.38532856264192,0.07707404848189978,0.004196762592539355,0.0,0.10794711635609754,0.008585708885007442,0.0,0.09795944349898052,0.4492505313901323,0.9997103961445066,0.9741199815023179,0.056315146423732775,0.003729622855483987,0.009459468340198555,0.0026631429165638815,0.00041977051923360747,0.23660186047943024,0.34409377405703323,0.07705975676538794,6.610696135189607e-05,0.8428026872875984,0.0008188655664304586,0.7074717018081177,1.0,0.7151639958202999,0.5487059116596209,0.7996890612282851,0.15602615488977883,0.24795131577447388,0.0,1.8572229302321446e-06,0.0278502981614536,0.6075016748074246,0.07025408544430532,0.005136129010165083,0.018928748094300094,0.5349034914306902,0.0737622006741574,0.2193942163966812,0.31662497104341963,0.2975407367026313,0.9221070859516698,0.28833153559934294,0.0,0.1768888878236026,0.4427083794553716,0.20031093877171488,0.7460144016112407,0.30279815283539374,0.0002896038554933527,0.025878161274751867
0.016963032067470636,0.2914443892980731,0.20150572898508035,0.05456750507472732,0.030567342134629492,6.610696135189607e-05,0.18155754854989814,0.03218944476568375,0.05728478841276949,0.3853015074064848,0.07940216773750253,0.0039671609791476,0.0,0.1079272125627983,0.008614556499625175,0.0,0.0987803093521022,0.4496649493803923,0.9997376642930119,0.9744470454473891,0.05638525134561893,0.0037312233111981637,0.009503618025587834,0.0026677813377659993,0.00045310385378482247,0.2373441794338727,0.3452724821068456,0.07711676388365865,6.610696135189607e-05,0.8411573030896922,0.0008390074305135046,0.7083497782352246,1.0,0.7154349344983493,0.5492872827809137,0.7997804018883856,0.15668851018569674,0.24822523739896835,0.0,1.8731524039115213e-06,0.027796877791457557,0.6093628533317154,0.06990690681036903,0.00506681335338631,0.018890999125789655,0.5660138559861901,0.07408244070695093,0.22024353297310853,0.31878742681251665,0.29712321107915707,0.919758824831984,0.2876830607856278,0.0,0.17663785293885237,0.44209816071946123,0.20021959811161436,0.744531180462201,0.3021098132206394,0.00026233570698804795,0.025551081400206968
0.017001136996031667,0.2915501400893152,0.20153358707335017,0.054591524172470075,0.030558866816983325,6.610696135189607e-05,0.18144303582071866,0.03204827847563768,0.05718896289984964,0.3852837122938474,0.08179822795302985,0.003747691055814762,0.0,0.10789806080529393,0.00864456368329325,0.0,0.09962252099918328,0.4500783073801497,0.9997624295036062,0.9747665718832302,0.05645622224093231,0.0037336171219839215,0.009548654305616213,0.0026731528185527137,0.0005120264048406757,0.23806592240144817,0.3464724270737979,0.07716589371303509,6.610696135189607e-05,0.8392494680500427,0.0008613159190171639,0.7091531689505365,1.0,0.7157146557649504,0.5499051386837167,0.7998820008210205,0.15735603030450607,0.24850979963607686,0.0,1.8894784966292498e-06,0.027741912002750183,0.6112172385884979,0.06953268567599233,0.005024998740641492,0.01886879580426265,0.6011238734915272,0.07446014338485825,0.22104469581536654,0.32090627264790894,0.2966986026447839,0.917340456127953,0.28709913999364883,0.0,0.17638728342975563,0.4414502976329901,0.20011799917897954,0.7430214486963107,0.30141189298377347,0.000237570496393822,0.025231538638273168
0.017039951511255837,0.29166348054916413,0.2015696668272125,0.05462189821238582,0.03053924120257598,6.610696135189607e-05,0.18131853701325024,0.031919143720635416,0.057106894752451176,0.3852591606209818,0.08422782807734809,0.003533631223709618,0.0,0.1078449738061039,0.008676588630184416,0.0,0.10046184401431528,0.45047998334637596,0.9997849087622805,0.975076772089808,0.056538883915869385,0.0037375676582126717,0.00959825900731145,0.0026782784151576124,0.0005339706585329621,0.23887633761256102,0.34775456876840455,0.07723161735969818,6.610696135189607e-05,0.837503247178433,0.0008856400743564234,0.7100213155541537,1.0,0.7160185176098384,0.5505173057458368,0.7999839557532668,0.15805693843487056,0.2488150386581839,0.0,1.906064816397576e-06,0.027683521505223532,0.6131651589143411,0.06912816501308862,0.0049916654073081605,0.018834162184965916,0.6398152795817401,0.07488022019146459,0.22186217781419953,0.3230459445304351,0.29625531937502175,0.9148865318482955,0.2864450532221367,0.0,0.1761365085840577,0.4408061056239788,0.2000160442467332,0.7414812175508142,0.30070497799544016,0.0002150912377194472,0.024921321845375613
0.017080862125106486,0.291767172537937,0.20161378391322723,0.0546465904266869,0.03053066911425491,6.610696135189607e-05,0.1812129179352904,0.03180736384330919,0.05700475139524119,0.3852321359273707,0.08668385997792485,0.003331574454879102,0.0,0.10779606967706282,0.008709177322245742,0.0,0.10132181932715392,0.45089370468189793,0.9998053109993952,0.9753778947097893,0.05661654029331831,0.0037419610929001236,0.009646589163718152,0.0026829807741820095,0.000572916986357307,0.2396201159928952,0.3489963267514537,0.07728646803060506,6.610696135189607e-05,0.8356128482320921,0.0009125167814081182,0.7107728480172621,1.0,0.716322336571874,0.551179700161958,0.8000990676945663,0.15874108347649551,0.24912072852860034,0.0,1.9231821203449063e-06,0.027623395080370025,0.6150564642092781,0.06868873246010099,0.004944034420021993,0.018822090356620646,0.6841777974321901,0.07535500677045781,0.22275930559626853,0.3252365493189985,0.2958282833691329,0.912403623240667,0.2858955775278588,0.0,0.1758815937510631,0.4401111225157962,0.1999009323054337,0.7399370971963506,0.2999855667895018,0.00019468900060484832,0.02462018210809034
0.017122781727979857,0.2918820589546368,0.2016568154049119,0.05467169451826691,0.030516041107142716,6.610696135189607e-05,0.1811029107143954,0.03169425452490145,0.05691768567431443,0.3852034134368093,0.089181190991297,0.003138285131180864,0.0,0.10773761797112903,0.008743339234263861,0.0,0.10218954305230246,0.4513059020859398,0.9998238134262611,0.9756698371320284,0.056700334544349265,0.0037474806246015624,0.00969706023065942,0.0026880415259240434,0.0005952496033815992,0.24040044242367717,0.35026896079221287,0.07734496290826659,6.610696135189607e-05,0.8337964050021655,0.0009418986564972404,0.7115321788948077,1.0,0.7166339965380336,0.551831706696262,0.8002142540679428,0.1594269786621865,0.24943181727499372,0.0,1.9406915906309228e-06,0.027561486823809402,0.6169964205405355,0.06819553927320421,0.0048966686173526845,0.0188025402187576,0.7339905145798143,0.07592244839198485,0.22370108892337023,0.3275099793091585,0.2953978839017743,0.9098769103522057,0.2853295359740115,0.0,0.17562838549083737,0.4394249540694742,0.1997857459320572,0.738383478285511,0.2992622806390665,0.0001761865737389026,0.024328222176381004
0.017166215000452654,0.2919906464788357,0.2017020355171977,0.0546958844184982,0.030505672233420187,6.610696135189607e-05,0.18099738541665442,0.03158269614840106,0.056822996007551176,0.3851761221187325,0.09172107531049546,0.0029556979335260696,0.0,0.10768287320147325,0.008778738877454912,0.0,0.10307790150701335,0.4517290296254117,0.9998405941931995,0.9759536032948107,0.056781861420259545,0.0037533496823550553,0.009747547308160694,0.002692997755748272,0.0006292986932905618,0.2411424119448866,0.3515161629177056,0.07739699273180138,6.610696135189607e-05,0.8318909198403229,0.0009741308865564631,0.7122363769652833,1.0,0.7169457634420314,0.5525052693034539,0.8003363545618932,0.16009662148187503,0.249740455445487,0.0,1.9587101513922686e-06,0.027498238677243634,0.6188850674620459,0.06766476506608739,0.004848595574052351,0.018792078300049597,0.7913326431929274,0.07655350178637903,0.22468558907659658,0.32983048550957655,0.294981548024623,0.907304793802948,0.2848079251011907,0.0,0.1753713633564953,0.43871599181909116,0.19966364543810672,0.7368254770111117,0.2985305149291013,0.0001594058068005301,0.02404443799503786
0.01721066205048126,0.2921056367378418,0.2017485443348653,0.05471980578664953,0.03049084529881049,6.610696135189607e-05,0.18088618367479842,0.03146933643646508,0.05673608431654344,0.38514853442607266,0.09430111000845226,0.0027818737712580668,0.0,0.10762265903511938,0.008815853687563227,0.0,0.10397606198536376,0.45215358497844943,0.9998558053155651,0.9762288500568277,0.05686817956961149,0.003760032654314738,0.009799842162224705,0.0026979814629116247,0.0006563316594464062,0.24190417702346712,0.352782755214073,0.0774525143610165,6.610696135189607e-05,0.8300102911053404,0.001009199789747339,0.7129470723902245,1.0,0.7172632191422567,0.5531661530514485,0.8004573598114738,0.16076206594037248,0.25005001711424163,0.0,1.9771365333045434e-06,0.027432507865334813,0.6208071237070163,0.06709462794694185,0.004799674693561012,0.018776184939050394,0.8566916623311309,0.0772461319541662,0.22570948823508924,0.332218496262792,0.2945625201667378,0.9046896902018005,0.2842710538385174,0.0,0.17511412182262404,0.43801799326098834,0.19954264018852624,0.7352618720742637,0.29779639790730894,0.00014419468443494649,0.023769172806639035
0.017256451477194033,0.29221802900841226,0.20179713442009262,0.054743500583611014,0.03047771161954817,6.610696135189607e-05,0.18077647815881137,0.031352530153199505,0.05664607478285723,0.38512247805033795,0.09692267710148571,0.00261731637207589,0.0,0.10756261478393579,0.008854425011351263,0.0,0.1048904738806241,0.45258540656189356,0.9998695928750109,0.9764962538954544,0.056921459111429054,0.003767089877325008,0.009852567121637847,0.0027028611661790813,0.0006664707674067245,0.24266294561224389,0.35405371453407986,0.07750572664802015,6.610696135189607e-05,0.82844417182633,0.0010473977730421648,0.7136361880390504,1.0,0.7175837209509062,0.5538359166695531,0.8005822040319821,0.1614191207659322,0.2503582836509241,0.0,1.9960164933111093e-06,0.027364571474137716,0.62271379262392,0.06648273056717333,0.0047496949899490295,0.018763818049577267,0.9321666295206483,0.07800729497059306,0.22678242300727114,0.3346753224404947,0.29414931045598974,0.9020299251254721,0.2837464955888737,0.0,0.17485366426515808,0.4373096583190956,0.19941779596801787,0.7336904053534438,0.29705630978718245,0.00013040712498914536,0.023501750088052355
0.01730439849449698,0.29232782795081363,0.20184641557303387,0.05476703843615033,0.03046861824089872,6.610696135189607e-05,0.18067015768192815,0.031233917545212972,0.05654806975478739,0.3850982718155453,0.09958498040266515,0.0024630164175406307,0.0,0.10751301189302828,0.00889368482747573,0.0,0.10582687715704986,0.4530240904462684,0.9998820850203527,0.9767557094573665,0.056991290440025995,0.003773825950627647,0.009902014486946494,0.0027070827792887615,0.0006998041015352458,0.24327812612861943,0.35520546779526946,0.07753326228682642,6.610696135189607e-05,0.8267215468595333,0.0010890691113102794,0.7142532344355782,1.0,0.7178981892324996,0.5545217132506197,0.8007143418512627,0.16204993240820198,0.2506623806563226,0.0,2.0156730069091795e-06,0.027295515937938147,0.6245800294483095,0.06583686796554779,0.00469820387962477,0.01876078125172471,0.9999426507222967,0.07882002713561358,0.22788690891754768,0.3371670777996372,0.2937724904379964,0.8993259504860246,0.28328374914688115,0.0,0.1745887988744721,0.43658460192190457,0.1992856581487374,0.7321231904347482,0.29631352889740903,0.0001179149796473531,0.02324227486962661
0.0173505356402178,0.29245125945791633,0.20189346215042703,0.05479240847192564,0.030452023415633054,6.610696135189607e-05,0.18056303515698263,0.031145057598481025,0.05646527784416652,0.38506295091695014,0.10226306373121641,0.002316448196825149,0.0,0.1074578165909742,0.008935532555263245,0.0,0.10677064781802016,0.4534627035292672,0.9998933974643548,0.9770076677263765,0.057069386440584284,0.0037814454530398843,0.009953473867040945,0.0027114149900922245,0.0007331374358574054,0.24398093083189262,0.35635764266974385,0.07756966225098609,6.610696135189607e-05,0.8249518385979981,0.001133801399597997,0.7149044805370848,1.0,0.718211718130464,0.5551854949153888,0.8008409041478421,0.16267790409554556,0.25096809517632623,0.0,2.0357302593926002e-06,0.02722851332732588,0.6264738689686676,0.06514921889371958,0.004678476622371975,0.018745362747147127,0.9999338930386481,0.07969242990344759,0.22888675996485924,0.339570739337534,0.2934617757563019,0.8966031348691856,0.28277907126609014,0.0,0.17433046527856177,0.435878972529348,0.19915909585215788,0.7305514480864342,0.29556920129440667,0.00010660253564516473,0.022990296543364205
0.017388508637611724,0.29259912350959727,0.20194026687263178,0.05480533917481606,0.030437275015217882,6.610696135189607e-05,0.18050714126926876,0.03107389883647183,0.05637517089981463,0.3850115079423699,0.10482883016248473,0.0021775199673215655,0.0,0.10739399246205997,0.008979855266443564,0.0,0.10772020752439031,0.4539071822454018,0.9999036418719082,0.9772538890558615,0.05714403034841668,0.003789978077641475,0.010005676453115708,0.0027150650648433724,0.0007331374358574056,0.24485500005712763,0.357471247489879,0.07762104516224226,6.610696135189607e-05,0.8233493213114627,0.001180741342402127,0.7155794964763131,1.0,0.7185124233343916,0.5558786428393753,0.8009624676769318,0.16328725438254416,0.2512833184391526,0.0,2.0562291880963804e-06,0.027171513846741675,0.6284169188927957,0.06442942199158896,0.00463782436089878,0.01872723612360698,0.9999338930386481,0.08058429167587912,0.22993527031525132,0.34202941648532775,0.29312759563350066,0.8939904284951131,0.28224298355636535,0.0,0.17409358420354842,0.43514150189418127,0.1990375323230682,0.7289925380930655,0.2948094993154457,9.635812809178677e-05,0.022744054714950352
0.01742429713525446,0.29274183806268933,0.20197731493735785,0.05481974157619992,0.030435029736268025,6.610696135189607e-05,0.18049912233940077,0.03100505421047545,0.05627498116231885,0.38495799000955455,0.10732223745513299,0.0020481918744246802,0.0,0.10734383743373813,0.009025569422026992,0.0,0.10870495956123322,0.45437855965819773,0.9999129245541172,0.9774965541038874,0.05720962346303311,0.003798100069991425,0.010054978318582618,0.002718814152299842,0.0007331374358574056,0.24565052757330014,0.358523095301794,0.0776792590339875,6.610696135189607e-05,0.8217580355300482,0.001230540169297018,0.7161701804415419,1.0,0.7187945016169248,0.556609497186322,0.8010907503168798,0.16384753346715586,0.2515924604611691,0.0,2.0776340710884784e-06,0.027120542978016974,0.6303037329711104,0.06369616141518393,0.004589855124560214,0.018725905947113142,0.9999338930386481,0.08150909275650998,0.2310369370905515,0.3445308193144017,0.2927962487767558,0.89144722237557,0.2817816276840335,0.0,0.17386166094933708,0.434364933391651,0.19890924968312015,0.7274475069716109,0.29402897988063315,8.707544588287552e-05,0.022501368262041584
0.01745881837861031,0.2928878258496199,0.20200225027804594,0.05480239929560544,0.03043227607828591,6.610696135189607e-05,0.18049929077279042,0.03101604778607992,0.05619005919149782,0.3849486522250791,0.1097521522403718,0.001927553107749346,0.0,0.10730315781920187,0.009072988659163773,0.0,0.10971685718918828,0.45486607465413514,0.9999213307762198,0.9777352629080416,0.05727349335699888,0.003806327437106367,0.010102699340462247,0.0027225097069729,0.0007331374358574056,0.24641009835714678,0.3595333685250799,0.07772371202925984,6.610696135189607e-05,0.8202183186275419,0.0012832110357195714,0.7167128205795993,1.0,0.7190621277932056,0.5573278511243851,0.8012171769629013,0.16436429939330047,0.25189194234101525,0.0,2.0999687657693375e-06,0.02707477527879639,0.6321442672024462,0.06294813686322423,0.00453832574705809,0.018725614717804064,0.9999338930386481,0.08246507056280249,0.23216210161538256,0.347044739637084,0.29247524739019914,0.8889646367239087,0.2813596263126513,0.0,0.17363471438759254,0.43359916021645123,0.19878282303709868,0.7259188434175112,0.29324198300484955,7.866922378015676e-05,0.022262637123192607
0.017491322813606408,0.29301500604337677,0.20199906472913598,0.054825965045630705,0.030427515545233437,6.610696135189607e-05,0.18052592347608776,0.03091653258751042,0.056098650005612524,0.38492513882070417,0.11212380829496711,0.0018148474348909486,0.0,0.10727155885744305,0.009122389294164498,0.0,0.11075412205647744,0.45536914694238523,0.9999289455540694,0.9779710423525455,0.05733461344190685,0.0038144647026696473,0.010124519645113607,0.002726333939287979,0.0007331374358574056,0.24714016186142976,0.36062234889069517,0.07777354903147372,6.610696135189607e-05,0.8188567942082958,0.0013388621957019912,0.7172251702643108,1.0,0.719319498686201,0.5580240859586757,0.801339729351345,0.164844165170845,0.25218183387512283,0.0,2.1232993894764872e-06,0.027031818036105056,0.6339482138576191,0.06218306990504278,0.004496484849118028,0.018724740716849153,0.9999338930386481,0.0834533433188227,0.23323560098609275,0.34951367908972375,0.29215623154241394,0.8865373295093308,0.28095998230079827,0.0,0.17340894245635596,0.43285352474715977,0.19866027064865505,0.7244017127726775,0.292449019182492,7.105444593061054e-05,0.022026834348065023
0.017522921312767857,0.2931350809065531,0.2020058023284381,0.054809922387649646,0.030422230657427746,6.610696135189607e-05,0.18052652865412086,0.0309161658738927,0.056022430497277564,0.38490805526120747,0.11442540518822956,0.0017099062344082402,0.0,0.10727376524763385,0.009180370700667654,0.0,0.11181242395145105,0.4558928722603093,0.9999358380192349,0.9782026826734908,0.05738984131404939,0.0038221586630984143,0.010181325636003493,0.0027291625201279,0.0007331374358574056,0.2478035048868316,0.3614558415901277,0.07781972813139419,6.610696135189607e-05,0.8174430301402894,0.0013974356639166589,0.7177123584266412,1.0,0.719537945953104,0.5586775143402404,0.8014576982276028,0.16528932403659843,0.2524458152997519,0.0,2.147553666136494e-06,0.02699021675913478,0.6357060002763502,0.06140609148565209,0.004456148737528772,0.018723615323267287,0.9999338930386481,0.08446067974637116,0.23434222433937493,0.35195759304275753,0.29184669541602887,0.8841771591478538,0.2805777353389506,0.0,0.1731882887992621,0.43214211495909194,0.19854230177239723,0.7228982520119506,0.29166131243993876,6.416198076513124e-05,0.021795169772843175
0.017553682519303893,0.2932606361703645,0.2019984562069268,0.05483240822950816,0.030417561607286255,6.610696135189607e-05,0.1805761453377353,0.030823334182588612,0.055941778238443055,0.38487642328773874,0.11665612804889633,0.0016116094094842162,0.0,0.10726371067866287,0.009237360939041176,0.0,0.11288237971604846,0.45642055433856404,0.9999420788416926,0.9784314534945272,0.05744685728646648,0.003829973730582468,0.010225171157169045,0.0027320583774597174,0.0007331374358574056,0.2484671969643218,0.3623249329208633,0.07784648320162682,6.610696135189607e-05,0.8160923683730892,0.0014592514935401408,0.7181800873005608,1.0,0.7197759321402082,0.559335687744331,0.8015733400382092,0.16570731212344228,0.2527043482202603,0.0,2.17255665237436e-06,0.02695128652225545,0.6374382826934939,0.060611177906644546,0.004418526222338883,0.018722017069361805,0.9999338930386481,0.08546851753745202,0.23545680320386245,0.35435749696971547,0.291547719643078,0.8818846204575636,0.280208303289955,0.0,0.17296035718112895,0.43142695131662784,0.19842665996179076,0.7214103081605093,0.29087509744117573,5.7921158307328404e-05,0.021566373948820466
0.017584006980552454,0.2933894913939303,0.20199778651152414,0.05481374818835083,0.030413242530834935,6.610696135189607e-05,0.18062465050222593,0.030834598911241268,0.05587804504187205,0.38484883736868164,0.11882151626748225,0.0015197158647646124,0.0,0.10725709781374575,0.00929633556895528,0.0,0.11396427146690719,0.4569529788817091,0.9999477253162058,0.9786562947366635,0.05750202181128955,0.0038378077497435623,0.01024063732411768,0.0027347601067419357,0.0007988635452338713,0.24912011151643548,0.36331883520618047,0.07788982209939346,6.610696135189607e-05,0.8144624853046261,0.0015245003246496377,0.7186333126845613,1.0,0.7200062810783472,0.5599757866888865,0.8016860283452116,0.16610314086855435,0.2529537615102599,0.0,2.19838296138709e-06,0.02691257597510348,0.6391357722795324,0.059809803900732025,0.004382156389975268,0.018719990247396186,0.9999338930386481,0.0865119327821983,0.23658286265762607,0.3567339078185854,0.2912499791352555,0.8796539834078682,0.279846971450674,0.0,0.1727366211079071,0.4307278777421582,0.19831397165478834,0.7199325876645385,0.29009325960803095,5.227468379421434e-05,0.021341506880375134
0.017611870318441785,0.2935255281417571,0.2020005089160802,0.05483420653578238,0.03039004943135374,6.610696135189607e-05,0.18065302570787792,0.030745842696827813,0.05584638108993865,0.3848130382824585,0.12091946699053298,0.001430969951648777,0.0,0.10723823607787873,0.00936726544561671,0.0,0.11502218590615791,0.4574798217813022,0.9999528357462203,0.9788785256996609,0.057573323327813314,0.003850352360749473,0.010279582427843915,0.002737710997950998,0.000808376889406464,0.24992711614687232,0.3643441240778046,0.07796839860443981,6.610696135189607e-05,0.8130929104101386,0.001592411158897019,0.7192524982206255,1.0,0.7202422166578014,0.5605319420355452,0.8017825605643463,0.16656084122088455,0.2532090050939576,0.0,2.224532601982221e-06,0.026867887463202754,0.6409545630132477,0.05900162749673932,0.004349039367982114,0.018685138006655624,0.9999338930386481,0.08756266055473176,0.23770060940522608,0.3591371330348788,0.2909305188605775,0.87748812185057,0.2793165318277257,0.0,0.17251954726431984,0.43010079251883815,0.19821743943565373,0.7184169728729576,0.28931117312474025,4.716425377965657e-05,0.021119249767737016
0.017640694075648188,0.2936473509243837,0.20200552923799442,0.05481255737637068,0.03038501747000349,6.610696135189607e-05,0.18068956356685842,0.030766789162397265,0.05579737958897885,0.3847859530969986,0.12295736101663307,0.0013478833123055087,0.0,0.10722326070240815,0.009441610604527355,0.0,0.11609162746851716,0.4580116992822716,0.9999574589985191,0.9790977302514005,0.057630312382100535,0.00386830297058523,0.010319952028112162,0.0027400067031978976,0.0008135316249697542,0.25062527727476186,0.3652552960414724,0.07802331585861709,6.610696135189607e-05,0.8117454954211379,0.0016644953855896338,0.7198014744189635,1.0,0.7204821452583143,0.5611451291241334,0.8018953912312696,0.16700260065408878,0.25346012799515616,0.0,2.2515106117692508e-06,0.026822477963642396,0.6427265531404758,0.0581774255346512,0.004317479627528535,0.01867533299432261,0.9999338930386481,0.08864163538236373,0.23885314125101695,0.3615230673249187,0.2906137592420938,0.8753781435977773,0.2788506422687311,0.0,0.17229459403927744,0.42941326027133936,0.1981046087687304,0.7169057718773941,0.28852817272257225,4.2541001480932515e-05,0.020900018237987827
0.01766972532116318,0.29376487585774264,0.2020028037545317,0.05482725187878357,0.03038135881352013,6.610696135189607e-05,0.18076005050156552,0.03069805941455492,0.05572809000084123,0.3847516707668071,0.12493444907856413,0.0012700710903878049,0.0,0.10721097109052208,0.009519018667494317,0.0,0.11716892364291658,0.45854878528729515,0.9999616406498956,0.979314181806752,0.057681867240593515,0.003861594661178063,0.010360768768072237,0.0027423510547885978,0.0008211530566844588,0.25133069969090865,0.366139807108839,0.07806627773437008,6.610696135189607e-05,0.8105449117234308,0.0017409698459752315,0.7203096769903229,1.0,0.720730833974126,0.5617716567834944,0.8020225609488595,0.1674217054606002,0.2537085139508629,0.0,2.2792668786827194e-06,0.02678014099332484,0.6444715001244765,0.05732089697538374,0.004255366434032188,0.018670215534387823,0.9999338930386481,0.08977296419265353,0.2401378505748779,0.3640107431455139,0.2903164441716802,0.8733245810754606,0.27842025191928926,0.0,0.1720581949353519,0.4287093245490113,0.19797743905114054,0.7154093708964833,0.287742700761842,3.8359350104393735e-05,0.020683538926369375
0.017697468355891265,0.2938930473293464,0.20199058917523197,0.05480966599982038,0.030377339804900205,6.610696135189607e-05,0.18080495625676615,0.03070896425953249,0.055694756667507894,0.38472964505427343,0.12690061179345782,0.001197178628347923,0.0,0.10720885761787298,0.009598689596437374,0.0,0.11825449713049999,0.4590834795549838,0.9999654188333135,0.9795278145170963,0.05776342439771363,0.003854798260539684,0.010401813303080272,0.002744863410366945,0.0008293601291190879,0.2519960814732603,0.36704246185211714,0.07809760533806764,6.610696135189607e-05,0.8091704357216813,0.0018221205611191906,0.7207619346822057,1.0,0.7209318316129579,0.5623661670046212,0.8021110826919879,0.16781721025185936,0.2539413044548721,0.0,2.3078795419640215e-06,0.02673893892147796,0.6462073101226002,0.05647586790114947,0.00421577087889979,0.01866387505166342,0.9999338930386481,0.09090963822354821,0.24133898063627973,0.366460349580331,0.2900149239350299,0.871277267645423,0.2780408866894463,0.0,0.17185931076916905,0.4280351433989414,0.19788891730801206,0.7139282926176407,0.28697521599014403,3.458116668648636e-05,0.020469877603361802
0.017724212403918728,0.2940113792782784,0.2019750421595673,0.05482872883256117,0.030371302559003797,6.610696135189607e-05,0.18087408638699803,0.030629531403138087,0.055657653149526046,0.3846998031160785,0.12881671109968085,0.0011287453805005918,0.0,0.10721273749947431,0.009680804794300895,0.0,0.11934137538896948,0.4596260856012125,0.9999688348534825,0.9797397040625532,0.05782234169391535,0.003847904727581685,0.01045097077130417,0.0027475139016289053,0.0008374977195776799,0.25272478639233786,0.36793691410466384,0.07814137568412255,6.610696135189607e-05,0.8078318817771458,0.0019080777597746883,0.7211946086372224,1.0,0.7211155421713766,0.5629372962814617,0.80218806545461,0.1681927359203795,0.2541587727207379,0.0,2.3370966021243557e-06,0.02669762397957935,0.6479193249468259,0.055601390701932575,0.004186386078115521,0.01865663099683336,0.9999338930386481,0.09205863334430872,0.24252845557936298,0.3688301208469198,0.28969286969249197,0.8692752111405445,0.277676645982277,0.0,0.17167172032914907,0.42738189892423734,0.19781193454538998,0.712465888690651,0.2862151416780497,3.116514651747791e-05,0.02025795884084471
0.017751509106170415,0.29413795476521726,0.20196976401508407,0.05483755922471919,0.030365449678148446,6.610696135189607e-05,0.18095983238170052,0.030579523870686777,0.05561959954006187,0.3846661189830113,0.13067730963799506,0.001064423716829102,0.0,0.10720769298886153,0.00976240758445949,0.0,0.12042558166868912,0.46016099990291215,0.9999719204158497,0.979947773465121,0.05787920938882832,0.003840640445410861,0.010488908990946127,0.0027497572623867064,0.000879027385571084,0.25341531900049336,0.3689102085216611,0.07818792462751847,6.610696135189607e-05,0.8063854949441053,0.001999197902928308,0.7216170365303614,1.0,0.7213025315470553,0.5635076599151327,0.8022596365941553,0.16855534000748093,0.25437415115640666,0.0,2.367175938075344e-06,0.026644399900179305,0.6496258606967531,0.05472005593461004,0.004161578779889841,0.01864994333902081,0.9999338930386481,0.09324855476139238,0.24372756465498036,0.3711750388340908,0.28938720889936836,0.8673234924590767,0.2773185397528095,0.0,0.1714897754640832,0.42672993250040775,0.19774036340584467,0.7110190783238299,0.2854648489406813,2.807958415033207e-05,0.02004985935894099
0.017767330845608824,0.29425505251009904,0.20196427168221184,0.054838003942594186,0.030349845273186005,6.610696135189607e-05,0.18103869287439678,0.030549517855791446,0.05560301933995297,0.38464868643702427,0.132477428260556,0.0010030466039871626,0.0,0.10718074560330845,0.009847497936490719,0.0,0.12148270842397398,0.46067416904310937,0.9999747059863348,0.9801517841879996,0.05794400224101909,0.0038666384959986466,0.010529370507682958,0.0027519142334023815,0.0009098244719514626,0.25412969317757794,0.3698596529464527,0.07824628788047021,6.610696135189607e-05,0.8048727704769228,0.002095511248328252,0.7221192325128313,1.0,0.7215035923559205,0.5640500028154519,0.8023260746241246,0.16895512692057602,0.2546027220352083,0.0,2.3979201048194405e-06,0.026595381151446922,0.6513914108158341,0.05381874566425944,0.004144818674738417,0.018627870699838057,0.9999338930386481,0.09445688118843179,0.24491964257139295,0.3735030246529134,0.28907596437233707,0.8654270604911157,0.27687772088318163,0.0,0.17131566204077095,0.42610249924805726,0.19767392537587536,0.7095621646554501,0.28472310892168246,2.5294013665293173e-05,0.019845817891895576
0.017790268874748914,0.294377992676186,0.20195664479262793,0.05482968948074651,0.030338021185965028,6.610696135189607e-05,0.18112084064355824,0.03054145112885256,0.055578020806975624,0.384619968241642,0.13421123974731217,0.0009447570521196737,0.0,0.10712570828097183,0.009935610334871784,0.0,0.12252449616200144,0.4611704457626016,0.9999772211504825,0.980351873812474,0.058007208100546194,0.0038703440536454626,0.01057076071814791,0.00275398583634287,0.0009168305918370415,0.25493038456690326,0.3708006451455388,0.07830319784238206,6.610696135189607e-05,0.8036113117196012,0.0021978244423222393,0.722675849168719,1.0,0.7217767228396793,0.5646312651014116,0.8024468648904157,0.16937822066507857,0.25485461101056966,0.0,2.4294682593352543e-06,0.026550536096372323,0.6531558399495729,0.05290203022472867,0.0040884077623797015,0.018610902811744337,0.9999338930386481,0.09567810445742574,0.24627231265228225,0.37599916222641167,0.28877880426414076,0.8635909358103656,0.2763793937791614,0.0,0.17109756887934896,0.4254331245637167,0.19755313510958422,0.70809728317292,0.2839749432268288,2.277884951753443e-05,0.019645696719266612
0.01781373281241259,0.29449303573360675,0.20193753410989168,0.05482793437933325,0.03033486618395813,6.610696135189607e-05,0.18119799829674565,0.030518113196585046,0.05552030196709519,0.3846017151650817,0.13594922735767204,0.0008901697768322197,0.0,0.10708838298654433,0.010025311208985256,0.0,0.12357772526853317,0.4616766069151406,0.9999794921740264,0.9805506413537515,0.058060737355456915,0.0038770899991925566,0.010609080814799976,0.0027563835649050683,0.0009310427014574171,0.25562026563795764,0.3717036683303256,0.0783417046272961,6.610696135189607e-05,0.8023406951109422,0.0023070280792065563,0.7231529586467454,1.0,0.7220083700252878,0.5652097957744346,0.8025479090944888,0.16977601229291867,0.2550915316683798,0.0,2.461950992714519e-06,0.02651743207518073,0.654893376482736,0.052009309270933675,0.004048933353198444,0.018604921084337058,0.9999338930386481,0.09687298327772459,0.24755641479582471,0.37844716615727536,0.28848040014947385,0.8617437445631214,0.2759568715764224,0.0,0.17090324698816783,0.4247648930165801,0.19745209090551122,0.7066462624385481,0.28323186141647955,2.0507825973599208e-05,0.01944689669525584
0.017869338844274763,0.29461188588591875,0.20192321152950515,0.054825865940466616,0.03032988499720037,6.610696135189607e-05,0.1812698953666896,0.030497498327056848,0.05549020960060711,0.3845526913842596,0.13765589372420187,0.0008387860755001171,0.0,0.10705405120086949,0.010116972885029824,0.0,0.12462489568375305,0.46217849444228604,0.9999815418627377,0.9807470006378924,0.058111274414010074,0.0038884683166881813,0.010646156444637211,0.002758491906248729,0.0009521931988311632,0.25627244076157507,0.37257033225786945,0.07837540984108854,6.610696135189607e-05,0.8010553551161426,0.002422852945657782,0.7236053681662568,1.0,0.7222337451417348,0.5657622234739859,0.8026468922828692,0.1701593922006999,0.25532173449886214,0.0,2.4953426910627974e-06,0.02647685307093146,0.656625587151813,0.05109925437699243,0.00401726661314062,0.01859636478502959,0.9999338930386481,0.09806333449942,0.24881607999823377,0.38088399071658385,0.2882018281974376,0.8599212533301404,0.27555584575824316,0.0,0.17071220365739576,0.4241208036409844,0.19735310771713077,0.705215712115547,0.28249977105885177,1.845813726228498e-05,0.019250504019416564
0.017900449329919074,0.29473975372027394,0.20192704609905662,0.05482341249068943,0.030322924172069804,6.610696135189607e-05,0.18135645048928722,0.030485454565521455,0.05547654727114782,0.38450734930731634,0.13933724013809773,0.0007903915137486127,0.0,0.1070188288944111,0.010211426138582426,0.0,0.12566701104369107,0.46268422159946737,0.9999833910211847,0.9809415074812725,0.058194459033981585,0.003906148401576065,0.010683349973141227,0.0027604920250611405,0.0009468231916307697,0.256904393391992,0.37340001243354454,0.07841020528744252,6.610696135189607e-05,0.799763860880873,0.0025452417441467617,0.7240742011337913,1.0,0.7224641469914629,0.5663080144946445,0.8027543769427326,0.17054440984961816,0.2555466976863378,0.0,2.529051876821495e-06,0.026426943582673786,0.6583493513158888,0.05017913218573766,0.00399044870559836,0.018583984468713434,0.9999338930386481,0.09931503215382255,0.2500834733929213,0.3832763037442302,0.28791368078416685,0.8581175181177555,0.2751354073524601,0.0,0.17051702411412606,0.42348055936677304,0.19724562305726745,0.7037885791066908,0.2817690807141948,1.660897881532809e-05,0.019055963466850644
0.017927063415679304,0.2948541834068846,0.20192225087003038,0.05481581091818689,0.030323285519029783,6.610696135189607e-05,0.18145887934626062,0.030486477382068528,0.055449536146826656,0.3844680810449452,0.14097153550416652,0.0007452244695850434,0.0,0.10699699460446072,0.010307919767586774,0.0,0.12671228455652062,0.4631927177765184,0.9999850583837079,0.9811330544905683,0.058250369654511684,0.0038984837639911628,0.010718499653077626,0.002762512902462614,0.0009460613636720687,0.25760211270061967,0.37423306445748106,0.07845267710978326,6.610696135189607e-05,0.7986612987873897,0.0026754256745836254,0.7245031851826936,1.0,0.7226908526295799,0.5668690140772424,0.8028764896216317,0.17089614541776352,0.2557646219061279,0.0,2.5634768257158883e-06,0.026379188941884804,0.6599983301412613,0.049233046715725655,0.003985911404862144,0.01858355861886365,0.9999338930386481,0.10059006311651507,0.2513280562449165,0.3855411122164003,0.2876280438921015,0.8563530388212499,0.2747515903477213,0.0,0.1703121527659595,0.4228230661551708,0.19712351037836826,0.702391570025716,0.2810426603173537,1.4941616292116088e-05,0.018864382032605962
0.01795241072702468,0.2949696141597241,0.20192470106560992,0.05479679279111649,0.030320944419866297,6.610696135189607e-05,0.18157607947650622,0.030512060269017705,0.05542197179942336,0.38443119902836753,0.14252763929029771,0.0007030137218135688,0.0,0.10700026275877143,0.010406753437031369,0.0,0.12774887800907864,0.46370757787190653,0.9999865613272675,0.981320440790887,0.05830124666143314,0.0038908877873412443,0.01075175828138035,0.0027637888034061564,0.0009494527640829383,0.2582426788833954,0.37506576486091076,0.07849112096210531,6.610696135189607e-05,0.797630401404953,0.0028137184795469757,0.7248748837458906,1.0,0.7228628709585859,0.5673962875533201,0.8029601215175853,0.17121983997174323,0.25596511676992406,0.0,2.598845904690551e-06,0.026332255656040693,0.6616405437120529,0.0482746583771087,0.0039678576854428335,0.018582277617116304,0.9999338930386481,0.10187467361013977,0.25262075255925354,0.38784171469310874,0.28738434126704104,0.8546586422301553,0.2744221025322959,0.0,0.17013686628264274,0.42219695900964854,0.1970398784824147,0.7010312820191782,0.28032730535816935,1.3438672732546904e-05,0.01867696036320837
0.01797642857132101,0.2950790855334132,0.2019165784797231,0.054774850478128696,0.030317494648617615,6.610696135189607e-05,0.1816981826930581,0.030543103432467876,0.05540300939718758,0.38439828077660904,0.1440352906401463,0.0006634498377373501,0.0,0.10701403859375515,0.010508566827013168,0.0,0.12877811410710627,0.46422289427374525,0.9999879157368022,0.9815045532903268,0.058347883426625044,0.003915486314596124,0.01078311274121708,0.0027650068161470874,0.0009570135262551606,0.25876401055020615,0.375818707055028,0.07851634442042886,6.610696135189607e-05,0.7965160233371859,0.0029607926813502764,0.7252335014054123,1.0,0.7230185776338709,0.5679037516365886,0.8030369953455824,0.17153433755161737,0.2561580393705712,0.0,2.6351443068232783e-06,0.026287161489312868,0.6632464953723455,0.04730710048063463,0.003943275670177778,0.018578299069487523,0.9999338930386481,0.10317137615260906,0.25393733223586923,0.390121749851538,0.2871385755884365,0.8530039166785034,0.2741030487568504,0.0,0.16996738377237397,0.42158768153639825,0.19696300465441768,0.6996875483412764,0.2796190663556836,1.2084263197788964e-05,0.018492811565366304
0.01799958836385626,0.2951817913344391,0.2019000642082695,0.0547537554379589,0.030313159753009473,6.610696135189607e-05,0.18181766317042433,0.030573772454550393,0.05539265212047109,0.3843704455160646,0.1455068362260142,0.000626202660138071,0.0,0.10701321365366179,0.010613987608113636,0.0,0.1297996162892816,0.4647291152237813,0.9999891362505552,0.9816860641693886,0.058393522381812925,0.003916387695277852,0.010814970781485588,0.0027664519814515898,0.0009686633723252184,0.2593797216423068,0.3765488943677461,0.07853636443713174,6.610696135189607e-05,0.7955111529698012,0.0031167255787960995,0.7256387615926556,1.0,0.7232317271586974,0.5684205426982257,0.8031577375931837,0.1718492258769473,0.25636025636749177,0.0,2.6722021174855294e-06,0.026244831456405618,0.6648121483938184,0.04633364086163959,0.003903570056159657,0.018573031196569164,0.9999338930386481,0.10447552096614307,0.2553285414483738,0.3925139366868504,0.28689568328092185,0.8513764381951897,0.27373503574720637,0.0,0.1697550591876408,0.4209654696936606,0.19684226240681635,0.6983511578337711,0.278910628408727,1.0863749444785172e-05,0.018311263628493904
0.018020916638134092,0.29529047167743366,0.20187593783719746,0.054737351881234776,0.030307233053861515,6.610696135189607e-05,0.18192269642231687,0.030591220808650763,0.05539125581652568,0.38434948680924447,0.146966725057159,0.0005911567750754405,0.0,0.10701887490736665,0.010722321653296363,0.0,0.13081387746345408,0.46523416572284515,0.9999902359353079,0.9818657404608893,0.05843905276506075,0.003919823633770156,0.01084667708019624,0.0027680163878133577,0.0009844006398861806,0.25997061555879225,0.377297824469483,0.07855287990239988,6.610696135189607e-05,0.7944992343752654,0.0032818872213730243,0.7260225756368599,1.0,0.7234132938008335,0.5689038605930506,0.8032473580793108,0.17215588276872398,0.256550884852483,0.0,2.710021159716903e-06,0.026233825128247183,0.6663984652979521,0.04535874960950222,0.0038850909630635767,0.018565454553677065,0.9999338930386481,0.10579389181515568,0.2566638712342366,0.3948745212321512,0.2866227519463672,0.849751387721468,0.2733862675880646,0.0,0.16956783129179984,0.42037381775365296,0.19675264192068925,0.697030239767822,0.2782149494246719,9.764064692131631e-06,0.01813154951795099
0.01803823892524151,0.2953951149008479,0.20185597228825497,0.054716815529632104,0.030298594899227257,6.610696135189607e-05,0.1820222264980913,0.03061784978293498,0.0553840948002126,0.3843320201628234,0.14837622586365254,0.0005580878246089795,0.0,0.10702393472737011,0.010833709574076379,0.0,0.1318132762916268,0.465737370715278,0.9999912271162253,0.9820433151004978,0.058479543171931624,0.003926373890283874,0.010892035420871358,0.0027691950867594233,0.0010037179336886215,0.2605098613882125,0.3779885329655899,0.07855572678551223,6.610696135189607e-05,0.7934348917479054,0.0034556130317037774,0.7263880809831217,1.0,0.723591168113307,0.5693565558911597,0.8033264383391111,0.1724536483319731,0.25672951948684797,0.0,2.7486371356022654e-06,0.026201524423322894,0.6680054620746082,0.04437936236152064,0.0038489661904756952,0.018556283984248072,0.9999338930386481,0.10711740301994506,0.2580754202790384,0.39728858266555117,0.28639827687799796,0.8481681611046437,0.2730538311922693,0.0,0.16938489715932284,0.41980973453476395,0.19667356166088887,0.6957330753764002,0.277533109797874,8.772883774652295e-06,0.017953936262366656
0.01805579251231287,0.2954987750787567,0.20182216313931967,0.054699644614374814,0.03028976506361862,6.610696135189607e-05,0.18212348614507207,0.030636601031547528,0.055384941256076875,0.3843152701337859,0.14976784111439,0.0005267505816293495,0.0,0.10700368084894937,0.01094318491619544,0.0,0.13279456240815748,0.46621914333312,0.9999921198997644,0.9822195341073738,0.05852356079968141,0.00393677953959858,0.010927609102612298,0.0027707515159787117,0.0010132971027257786,0.2610762598949246,0.3787352866664485,0.07855168971814439,6.610696135189607e-05,0.7924380215480598,0.003639390826912578,0.7267739844204435,1.0,0.7237982591632343,0.5698198887560713,0.8034160818082127,0.1727670056178321,0.2569234145237848,0.0,2.788061697692124e-06,0.02616389794465638,0.6695967385096021,0.04338909222094895,0.003835599221733216,0.018544704653056732,0.9999338930386481,0.10845908142958369,0.25942374745600344,0.39962142253693594,0.28615995680744283,0.8465927680586974,0.2726992649979271,0.0,0.16919805998781645,0.4192369263277334,0.1965839181917873,0.6944384319740105,0.27685744214309516,7.880100235515145e-06,0.017777677830928432
0.01807415505593304,0.29559345104654966,0.20179920175928467,0.05467721805517097,0.03028346340120881,6.610696135189607e-05,0.18223180299434127,0.030669633604650366,0.055375207152432035,0.38429827434402514,0.15110682226496566,0.0004972280054436205,0.0,0.10698433320440212,0.011053481816195417,0.0,0.1337618558603236,0.46669712675309166,0.9999929239112736,0.9823937674112974,0.05856640064941781,0.003950025535910136,0.010959199689713227,0.00277192568682588,0.0010207310114459668,0.26162307383279587,0.3794217967335137,0.078550236063055,6.610696135189607e-05,0.7914947222138342,0.0038339020852218857,0.7271520048934275,1.0,0.7240055573869598,0.5702897114958166,0.803514177939269,0.1730755595212147,0.257117249055587,0.0,2.82834777921826e-06,0.02612310342603806,0.6711714934831068,0.04238796774691915,0.003816959983016132,0.01853791238238478,0.9999338930386481,0.10979301672507615,0.2608109450482102,0.4019480034280648,0.28592807714530516,0.8450592756498124,0.2723507671011289,0.0,0.169010109408638,0.41865680668798805,0.1964858220607309,0.6931625846184617,0.27618562419132126,7.076088726456019e-06,0.017603404240923434
0.01809273928110313,0.29568603432854035,0.2017788257247915,0.05465319080633569,0.030278402347650224,6.610696135189607e-05,0.18234398542863248,0.030706440873716462,0.055367707931084316,0.3842815951079772,0.15240993870764352,0.00046945738717842886,0.0,0.1069699217947994,0.011165993052941317,0.0,0.13472112333719288,0.46717481303392006,0.9999936475433034,0.982565695145531,0.05860762494533949,0.003962729737580538,0.01098891859279024,0.002773032089844799,0.0010270373791923663,0.26216035651055336,0.38010912677263886,0.07854641208253674,6.610696135189607e-05,0.7905976845828092,0.004039819783330816,0.7275261982028589,1.0,0.7242107635301734,0.5707603113552002,0.8036194656522148,0.17337804592167222,0.257309165308877,0.0,2.8694819298703664e-06,0.026080656253125882,0.6727257655262843,0.04138552249938161,0.003796592792734847,0.01853291321823704,0.9999338930386481,0.11116481366721757,0.2622212887534247,0.4043020649815662,0.2856876786530673,0.8435502415090257,0.2720043444099627,0.0,0.1688193146750272,0.41807369559185853,0.19638053434778524,0.6919008307411348,0.275516021657203,6.352456696534537e-06,0.01743143537253914
0.018111041074489465,0.295776948063498,0.20175395561373374,0.05462892434402151,0.030273709058011005,6.610696135189607e-05,0.18245019140559632,0.030744769640229586,0.05536250290325074,0.3842680900207162,0.15367504257446377,0.00044333313362192084,0.0,0.10696144555107819,0.011280845978269227,0.0,0.13566810460928724,0.4676472233866355,0.9999942985101709,0.98273510095444,0.05864786542151142,0.0039749332425165745,0.011017314445540403,0.0027740916572625584,0.0010327479585732356,0.26268401043786094,0.38076582135526643,0.0785396492681462,6.610696135189607e-05,0.7897477475490052,0.004257472786936335,0.7278909499342902,1.0,0.724408164637857,0.5712221290085711,0.8037238026246599,0.17367118798374567,0.25749642708540155,0.0,2.9114932499106557e-06,0.02603831806207591,0.6742664463527098,0.040367765144848945,0.0037758273457092735,0.018528998943149202,0.9999338930386481,0.11253444185281872,0.26365609736520984,0.40667461638097707,0.28545740283287174,0.8420674846385999,0.271665716932088,0.0,0.16863038981106487,0.4174970250131596,0.19627619737534002,0.6906607074069672,0.27485634952796295,5.701489829094557e-06,0.017261987552310017
0.018128809503986907,0.2958652445596721,0.2017313785857941,0.054604239980298806,0.030268860997640278,6.610696135189607e-05,0.1825537586333531,0.030783365247081147,0.05535891700620176,0.3842560857085427,0.15491013961226832,0.0004187703581504054,0.0,0.10695929130622632,0.011398377392386565,0.0,0.1366072951664701,0.46811928198373715,0.9999948840425237,0.9829023032394869,0.05868657350294348,0.003986694020644284,0.011045015588570156,0.002775070328907345,0.0010381194776487952,0.2631945615054046,0.38141416929030936,0.0785282439691999,6.610696135189607e-05,0.7889360942243394,0.004487484828792368,0.7282477853038287,1.0,0.7245991245597706,0.571676732750611,0.8038270273363828,0.17395711486166757,0.2576790708414642,0.0,2.9543817574822555e-06,0.02599548408705601,0.675790662860367,0.03934459193584375,0.0037551681811154726,0.018525401413958833,0.9999338930386481,0.1139053727568242,0.26510464256466243,0.4090373893224521,0.28523417282525226,0.8406023755589394,0.2713334443380209,0.0,0.16844158413400306,0.4169248898570023,0.1961729726636173,0.6894355899718624,0.2742016471747988,5.115957476350935e-06,0.01709474237875561
0.018146107131185283,0.29595246024516403,0.20170926463781097,0.05457941082430605,0.030263984549017287,6.610696135189607e-05,0.18265614109717687,0.030822164148114305,0.05535715998046007,0.3842445524657039,0.15611607253864287,0.0003956741828591331,0.0,0.10696228060725137,0.011518588771674389,0.0,0.13753853061375876,0.46859002989238846,0.9999954105488624,0.983067261494045,0.0587241344689417,0.003998035852823946,0.01107195361833341,0.0027759823012348723,0.001043302783633783,0.26369408944094047,0.3820546806882408,0.07851260461530332,6.610696135189607e-05,0.7881578691417136,0.004730371712507725,0.7285972067239864,1.0,0.7247844402788717,0.5721225340896143,0.8039286584550144,0.17423658868805456,0.2578577134808166,0.0,2.9981756612025057e-06,0.025952339619128167,0.677299971894981,0.03834997245397041,0.0037348062132727873,0.018522385074412655,0.9999338930386481,0.11523465942370982,0.2665334121547571,0.41136947611289204,0.28504323294114464,0.8391535557488494,0.27100711909315445,0.0,0.168253279113877,0.4163588771387113,0.19607134154498565,0.6882248806981868,0.27355225662679494,4.589451137591851e-06,0.016929740330293812
0.018162612533305093,0.29603770135379054,0.2016829343583509,0.054554162427516095,0.030258895112683162,6.610696135189607e-05,0.18275911084348487,0.03086187129216857,0.0553566881731502,0.3842311559827975,0.1572881570744352,0.00037394593408986143,0.0,0.10696822722859468,0.011641012713344874,0.0,0.13845648430082222,0.46905456632575526,0.9999958838110067,0.9832301403936626,0.05875966931300263,0.003984719400567772,0.011097806102309425,0.002776843666002986,0.0010483547363751863,0.2642533041637206,0.3827330764179654,0.0784979380384657,6.610696135189607e-05,0.78749277478139,0.004986747936621784,0.7289400879026797,1.0,0.7249663814705819,0.5725557115589537,0.8040321335300374,0.1745134058133139,0.2580358470937171,0.0,3.0429016456070033e-06,0.0259092273870753,0.6787826961314168,0.03734265718929925,0.003714796813167597,0.018518781346401995,0.9999338930386481,0.1165806659659804,0.26797307750776966,0.413702159010267,0.2848593038261701,0.837725094988943,0.2706859661632304,0.0,0.16806539130082343,0.41580327572770154,0.19596786646996261,0.687030109885864,0.27290958658052766,4.116188993320353e-06,0.016766816704691715
0.01817818727243382,0.29612605240610296,0.20165856887558595,0.05452882105717005,0.030253814996182852,6.610696135189607e-05,0.1828599309642302,0.030901973766626952,0.05535788370537191,0.3842173603314834,0.15842699214816655,0.00035354429249865335,0.0,0.10699276317344125,0.011765623059531768,0.0,0.1393622344130873,0.4695223421482561,0.9999963091441073,0.983391163744423,0.05879454979560378,0.003998382521144861,0.011122178232775271,0.0027775270385047577,0.0010533946337171122,0.26469718119930674,0.38339510822567263,0.07847859529868592,6.610696135189607e-05,0.7867533732814159,0.005257158903427409,0.7292367074162245,1.0,0.7250939145182502,0.5729539375300409,0.8040975028808283,0.1747783364417685,0.2581965718174642,0.0,3.0886178779362563e-06,0.02586460951238593,0.6802655461478706,0.03630703825671603,0.0036952357887002716,0.018514528466631788,0.9999338930386481,0.11799673104617875,0.26944156962549515,0.4160672135065166,0.2846731384485196,0.836315848948406,0.2704097482912769,0.0,0.1679133223083085,0.41528043941042736,0.19590249711917176,0.6858594291451442,0.27228108603427975,3.690855892727555e-06,0.016605747637699064
0.018193560074332652,0.29620593726877237,0.2016319438113458,0.054503749462588104,0.030249154142984232,6.610696135189607e-05,0.18295327010937476,0.030943563710852873,0.055359818563055496,0.38420470740996077,0.15952996978036252,0.00033431938986203195,0.0,0.10700892561559813,0.011893112063857483,0.0,0.14025434647112112,0.46997886467752725,0.999996691282815,0.9835503120209286,0.058862167295623095,0.003986250580961617,0.011146981875158127,0.0027783504913883555,0.0010583423440219907,0.2652049851497042,0.38401617096706014,0.07845689828119057,6.610696135189607e-05,0.7859712557215026,0.005541695885123645,0.7295595642785703,1.0,0.7252576514638251,0.5733651288317111,0.8041944400149122,0.17504267343915608,0.25836265640907696,0.0,3.1352895916334882e-06,0.025822751144159953,0.6817172306013947,0.035268298740412846,0.0036763704838052172,0.018511396595483013,0.9999338930386481,0.11939457584757789,0.2709291541918472,0.4184281018139169,0.28449445653723915,0.8349283343345139,0.2701061163315676,0.0,0.1677334229205767,0.4147417591044314,0.19580555998508772,0.6847029800897227,0.27165847891339573,3.308717184960085e-06,0.016446552689479803
0.018207162997977755,0.29628823867647197,0.20160943225177225,0.05447789455342219,0.030244132608546734,6.610696135189607e-05,0.18304538537629972,0.03098559052016944,0.05536305164497672,0.38419203153037257,0.1605998138363902,0.000316262279300421,0.0,0.1070418297493468,0.012023698552689473,0.0,0.14113718694873928,0.4704441869271314,0.9999970345478469,0.9837076364239157,0.058906557204996254,0.004001587950292331,0.011172300167431889,0.00277937458542875,0.0010633253458287477,0.26568955426178475,0.38470337114001196,0.07844313322578554,6.610696135189607e-05,0.7851410384492874,0.005840626486898894,0.7298471204954095,1.0,0.7253737357375518,0.5737432326372068,0.8042564941977366,0.17529092118121847,0.25850768144280345,0.0,3.1826030485049154e-06,0.025776737080096847,0.6831618447182166,0.03424060871995095,0.0036579417643718055,0.01850798843870597,0.9999338930386481,0.12076935962935592,0.27240493467689975,0.4207750755390024,0.2843213007687541,0.8335595596767109,0.2698366172252901,0.0,0.16758443451310134,0.41423306881010363,0.19574350580226346,0.6835718918700422,0.2710481316300652,2.9654521530548558e-06,0.016289180973035788
0.01822118744227609,0.29636634478434903,0.20158541092304427,0.05445238337623918,0.030239453562497045,6.610696135189607e-05,0.1831393261379353,0.03102919977277698,0.05536756164039136,0.38417843604397545,0.1616371678466402,0.00029922865899527097,0.0,0.10706155904359796,0.012156443046862626,0.0,0.14200736311535894,0.47089712317256127,0.9999973428018625,0.9838631128911649,0.05894713818546439,0.003990081086126194,0.011197393780149676,0.0027804400674200248,0.0010682615159596013,0.2662633803648982,0.38544320109997426,0.07842926799501097,6.610696135189607e-05,0.7844476144141693,0.006154550449589946,0.7301699220144418,1.0,0.7255342398751796,0.5741375956981538,0.8043529013402833,0.1755441542153321,0.25866461139270536,0.0,3.230867472407982e-06,0.025732672766950713,0.6845748192009915,0.03319478405868861,0.003640332536033859,0.018504969323009185,0.9999338930386481,0.12216715266235079,0.2739164119416297,0.4231498340692195,0.28415511721746783,0.8322082817037698,0.26953084932656296,0.0,0.1674042010812224,0.41370596125498366,0.19564709865971672,0.6824484826693089,0.2704382654347334,2.6571981375623474e-06,0.0161336562413627
0.01823421764031151,0.29644978161515917,0.20156443871875165,0.05442642177619676,0.030234635057472547,6.610696135189607e-05,0.1832308830239699,0.031073243788315396,0.05537303625208854,0.38416467929830694,0.16264226504328766,0.0002832075048087077,0.0,0.1070940091564318,0.012291016327857143,0.0,0.14286544342921642,0.4713499859942122,0.9999976195442398,0.9840167124227782,0.05899411380183756,0.003982647390787003,0.011221527448290265,0.002781316301390458,0.0010732378746560719,0.2667845713814897,0.3861987924445728,0.07841151490791273,6.610696135189607e-05,0.7837313004575875,0.00648383839801115,0.7304540603715268,1.0,0.7256510597660724,0.5745032743390227,0.8044142619751032,0.17578853188371202,0.258809311312892,0.0,3.2801848251031685e-06,0.0256864497443607,0.6859984567080559,0.03214817210697632,0.00362318183866096,0.018501674900256258,0.9999338930386481,0.12356252611342494,0.27542840669814406,0.4255265593136845,0.2839878472615717,0.8308738965587013,0.26926273212366447,0.0,0.16725493107749587,0.4132057093331201,0.1955857380248967,0.6813460246870716,0.26984070269289584,2.3804557601521584e-06,0.015980007392396658
0.018246898180573037,0.29653069886268324,0.20154437407811085,0.05440065469600043,0.030229996329062262,6.610696135189607e-05,0.1833220421531662,0.031118102359597815,0.055379447398712076,0.38415069894845116,0.16361670797894368,0.00026811974958615436,0.0,0.10712850960109963,0.012427639401676401,0.0,0.1437127411700367,0.47180010632584535,0.9999978679447128,0.9841685152637318,0.059037196126587026,0.0040004568849998316,0.011245019478002152,0.002782212670511367,0.001078233793418989,0.26723926378323354,0.3869182747301555,0.0783891312838461,6.610696135189607e-05,0.7829528006036123,0.006828926164462269,0.7307342540161998,1.0,0.7257623490888521,0.5748618835916233,0.8044740390908458,0.17603065141967825,0.25894981444216675,0.0,3.3305428711713106e-06,0.025640131146818797,0.6874134163434141,0.031097790262792108,0.003606673650494256,0.01849856135888243,0.9999338930386481,0.12496135990577631,0.2769552100474239,0.4279132789370098,0.2838279838521171,0.829554365856594,0.2689976262342139,0.0,0.16710914131004834,0.4127104770067004,0.1955259609091542,0.680256607410285,0.26925007923198796,2.132055287223956e-06,0.01582815419339695
0.018259306816010613,0.29660658170953613,0.20152320100575155,0.05437500024897566,0.03022567035484594,6.610696135189607e-05,0.1834129899499823,0.031131060468598298,0.05538445941141339,0.38414212163074846,0.16455990230452613,0.00025387401366736435,0.0,0.10714817255171978,0.012566443810899386,0.0,0.144548150739952,0.4722380140321705,0.9999980908400128,0.9843184907307904,0.059078697225555525,0.003990857541418535,0.011268905130563799,0.0027831932012088605,0.0010831632407800667,0.2677960019573787,0.38765130400816455,0.07836418741802555,6.610696135189607e-05,0.7822971712803661,0.007189762888532915,0.7310513934369045,1.0,0.725922339959329,0.5752385946281913,0.8045711577326065,0.17627844200284176,0.2591027660470035,0.0,3.381919994997592e-06,0.025595164303073733,0.6888040092319235,0.03004187427801942,0.0035908904122592916,0.01849612760105514,0.9999338930386481,0.12636419217249104,0.2785078284562351,0.4303091844628626,0.28367321800406564,0.828250334806941,0.2686947325494281,0.0,0.16692948748895123,0.41219496156090935,0.19542884226739357,0.6791734072572062,0.2686592199208261,1.909159987256158e-06,0.015678127349214626
0.018270387122344477,0.29668477437761204,0.20150252794825957,0.0543557667754531,0.030220740803628198,6.610696135189607e-05,0.1835017019683548,0.03115472435709438,0.05539055322235064,0.3841302342678583,0.16547139546808784,0.0002404642183455703,0.0,0.10718056585893222,0.012706894308495396,0.0,0.1453711553973123,0.47267610777066693,0.9999982907854729,0.9844664460810557,0.059119279907311466,0.0039847574862331816,0.011291105076017192,0.002784031078231003,0.0010806199114346082,0.2683135407288925,0.38841120250451894,0.07833757535121628,6.610696135189607e-05,0.7817023005809601,0.007566546781027811,0.7313310088389516,1.0,0.7260394382858437,0.5755869829304767,0.8046345867852227,0.17651880374985493,0.25924524458986825,0.0,3.4344456469959603e-06,0.025547719975134418,0.6902089858511653,0.028980648477037633,0.0035756146740925057,0.01849327241203678,0.9999338930386481,0.1277723248519502,0.28008158191548693,0.43270434649602396,0.2835247149261959,0.8269620577508844,0.26842852694270275,0.0,0.16677999585522404,0.41170612276102797,0.19536541321477735,0.6781100408528328,0.2680786476394649,1.7092145271592673e-06,0.015530119473297268
0.018281405722384358,0.29675902912680624,0.20148375394237764,0.05433471677109917,0.030218615335482844,6.610696135189607e-05,0.1835911641917395,0.031186808772733568,0.05539355309124498,0.3841158591689852,0.16635171115751085,0.00022786523401245552,0.0,0.10722104190906942,0.012848920662485627,0.0,0.14618727520551422,0.4731121386718919,0.9999984700934502,0.9846124219900826,0.059156338897131545,0.0039806570845339305,0.011310463555563961,0.002791754089985402,0.0010808596958877474,0.2687918816429296,0.38915481749354813,0.07827390466267137,6.610696135189607e-05,0.7810920051569133,0.007960150019671012,0.7315914541703712,1.0,0.7261452217894141,0.5759337746565979,0.8046985250843606,0.17675055707073004,0.25938264291792706,0.0,3.4882697707428716e-06,0.025501333088452892,0.6915940310125497,0.027945510152457317,0.003560513349769365,0.01849406814709485,0.9999338930386481,0.12913514697883827,0.28162858810828656,0.4350677020620961,0.2833815150166987,0.8256881388228181,0.26818068059561634,0.0,0.1666337363015165,0.4112173046809165,0.19530147491563943,0.6770621677237557,0.2675052184101811,1.5299065498094114e-06,0.015384089740146685
0.01829199498350126,0.29683552174315364,0.20146621832823938,0.05431177267190111,0.030215916579831525,6.610696135189607e-05,0.18367786786204912,0.031226153865786508,0.05540066668607964,0.3840990177481903,0.16719870886479932,0.00021595606504461962,0.0,0.10726488926284732,0.012993187084726215,0.0,0.14699043140366064,0.47354431563978655,0.9999986308494644,0.9847564038077552,0.059193528359154486,0.004000818957826566,0.011328789563612718,0.0027937320552207257,0.0010829084786636303,0.2692005158830345,0.38986255344197024,0.07822942314590266,6.610696135189607e-05,0.7804248069321704,0.008370159927332222,0.7318493993469587,1.0,0.7262483485029625,0.5762670282027855,0.804763835704406,0.17697951216307622,0.25951503937061765,0.0,3.543294683953779e-06,0.025455846684950257,0.6929677965217523,0.02690139568053228,0.0035457594571933326,0.018493871465905146,0.9999338930386481,0.13051009423257232,0.28319054345585587,0.43744659641460915,0.2832448562099594,0.8244311312078685,0.26793464458799676,0.0,0.16648676223419026,0.4107397847124884,0.19523616429559396,0.6760300564332632,0.26694064498959585,1.369150535620256e-06,0.015240052897560828
0.018302014310567032,0.29690755964691257,0.2014484467853796,0.054288202711003986,0.030212991408682603,6.610696135189607e-05,0.18376244697874647,0.03126958652113552,0.0554093354890253,0.38408058440405274,0.16801361433239212,0.00020470367645439853,0.0,0.10729502872036185,0.01314018818467691,0.0,0.14778156915604929,0.47396398546800167,0.9999987749574316,0.9848986212625631,0.0592296496867243,0.003992755448460995,0.011347623572286403,0.002794898419747982,0.0010862046863073112,0.2697157860553743,0.3905822195707052,0.0781863954346419,6.610696135189607e-05,0.7798833900487974,0.00879587286313258,0.7321463883762714,1.0,0.7263998971691072,0.5766159717147714,0.8048651137945596,0.17721436141514674,0.25966032745683776,0.0,3.5994960321273e-06,0.025411433995855843,0.6943175502522393,0.025852411111059882,0.0035318009855191197,0.018493507894618462,0.9999338930386481,0.13188888773886417,0.2847768938267088,0.43983275713085723,0.28311253061685737,0.8231905128044753,0.2676489079472742,0.0,0.16630507411053094,0.4102438401005517,0.19513488620544037,0.675004069428804,0.26637568707516057,1.2250425683418942e-06,0.01509777924140471
0.018310763190901826,0.2969857861105848,0.20143369428650987,0.054263684447381076,0.03020959822834103,6.610696135189607e-05,0.18384370172526895,0.03131497745076785,0.05541970439209091,0.38406151283934353,0.1687957228317167,0.00019410465563542256,0.0,0.1073371160136171,0.01328923370446212,0.0,0.1485597759393451,0.47438307672097,0.9999989041151658,0.9850391027807821,0.05926524843173193,0.003987677319375023,0.011365931705147405,0.002795726589607654,0.001090505104490972,0.27019661928935906,0.39132513295198196,0.07814140356978994,6.610696135189607e-05,0.7793490435075533,0.009237164478120887,0.7324080815776678,1.0,0.7265083668619061,0.5769351217343657,0.8049313855205851,0.1774434831697533,0.25979528201075275,0.0,3.6569655846001415e-06,0.02539753402774358,0.6957031591008641,0.024806663451862544,0.003518473903912663,0.018492653535508427,0.9999338930386481,0.13326378394682178,0.2863748085708776,0.4422232486339919,0.2829638512520345,0.8219671126901624,0.26739781376669675,0.0,0.16615451712447685,0.40977564456117216,0.19506861447941495,0.6739967408909017,0.2658216412682773,1.095884834174442e-06,0.0149572402536333
0.01831528691068678,0.29706212264923465,0.20141722935923143,0.05423828408621514,0.030205766529137652,6.610696135189607e-05,0.18388645141276166,0.031361657105559514,0.0554285914679329,0.384049543830654,0.16954229605150692,0.0001841024652761991,0.0,0.10738258877018099,0.013440600042210553,0.0,0.1493263096609318,0.4748012167375005,0.9999990199065045,0.9851782172519592,0.05929348371836703,0.0039843726073563596,0.011383757964039518,0.0027964868832760807,0.0010953190985082037,0.2706193044467543,0.39208382326424074,0.0780847475282504,6.610696135189607e-05,0.7788540139361617,0.00969140965868352,0.7326451391138515,1.0,0.7266087473826164,0.5772289738880727,0.8049892235927799,0.1776648921609111,0.2599189451020992,0.0,3.7157748878663467e-06,0.025363731815322556,0.6971028852907751,0.02376543429732233,0.0035055614395483317,0.018491531420293413,0.9999338930386481,0.13463634668008292,0.2879575191747098,0.4446040943266795,0.2828305494399747,0.8207662942898095,0.26717075842087223,0.0,0.16600866384720264,0.4093304260697168,0.19501077640722006,0.6730087981781571,0.2652798381604004,9.800934955048835e-07,0.014818066973152971
0.018320455082968274,0.29713194345190364,0.20140350044256472,0.054212113405592455,0.03020181366405113,6.610696135189607e-05,0.18393603568268324,0.03141078973968844,0.05543888807506399,0.38403580448075053,0.17025467409306239,0.000174648161123208,0.0,0.10742510071977483,0.013593781917296807,0.0,0.15007783524830048,0.4752100100896999,0.9999991236819162,0.9853162744435694,0.05932251102789295,0.0039821604662764205,0.011400949691319974,0.002797168219212088,0.0011005128814022885,0.2710569183314614,0.3928165614271449,0.07802391036317895,6.610696135189607e-05,0.7783723205769933,0.010160120940013551,0.7328898417447246,1.0,0.726715146973476,0.5775257759568915,0.8050536520940296,0.17789420397927289,0.2600476453609952,0.0,3.776092587074851e-06,0.025324730401480512,0.6984952850757067,0.022724708771240453,0.0034931856275431765,0.018490076503528345,0.9999338930386481,0.13600884481807576,0.28956356937827665,0.44697766909939135,0.28270425163354146,0.819585204966924,0.2669355100941521,0.0,0.1658597523067492,0.40888044212581176,0.19494634790597037,0.6720279607724267,0.26474234454930495,8.763180838067669e-07,0.01467994946384355
0.01832577667814284,0.2972006607041767,0.20138980042401186,0.05418557705988432,0.030198095350552682,6.610696135189607e-05,0.18399015746185998,0.03146062551750345,0.05545071162927409,0.3840206925185481,0.1709332359925637,0.00016571041681640638,0.0,0.1074652925336226,0.01374878831567911,0.0,0.15081330524391745,0.47560996947244155,0.9999992166422175,0.9854530203293184,0.05935219609459253,0.003980761042841824,0.011417819062710806,0.002797814598408125,0.0011047827412747485,0.2714920549194427,0.3935364761871887,0.07796068046905473,6.610696135189607e-05,0.7779134500961619,0.010643107793909664,0.7331418948239036,1.0,0.7268247563743682,0.5778230013380382,0.8051224941628881,0.17813009845822456,0.2601801699782441,0.0,3.8378762704163335e-06,0.025282701868277076,0.6998838171042358,0.021676633769938836,0.0034815133813063826,0.0184885257717561,0.9999338930386481,0.1373897742690749,0.2911735471888995,0.4493541760012783,0.2825844790803967,0.8184236562135266,0.2666923947592801,0.0,0.16570995109200923,0.4084282103462827,0.194877505837112,0.6710565962978581,0.26420986054931433,7.833577824806929e-07,0.014543141794411256
0.01833098517341752,0.29726798735285137,0.20137652530390587,0.05415935270832187,0.030194963422376552,6.610696135189607e-05,0.18404709396845464,0.03151045442411459,0.05546293670676891,0.3840045455711666,0.17157934913531442,0.00015726413809082423,0.0,0.1075041735645771,0.01390546979200897,0.0,0.15153419454576694,0.47600279346180113,0.9999992998892757,0.9855884350606595,0.05938146302622248,0.003979953390408677,0.011434412934516865,0.002798412538750171,0.001107437031100344,0.27192642529424754,0.39424334003016154,0.0778947052048185,6.610696135189607e-05,0.7774784897037152,0.01114006050000135,0.7333961697260647,1.0,0.7269358432563328,0.5781201173398988,0.8051944010824447,0.1783697779625818,0.260314979408087,0.0,3.901129756713435e-06,0.025238947889826124,0.7012799061622044,0.020624881189585515,0.003470998239122985,0.01848758221614801,0.9999338930386481,0.13873931830980035,0.29282078795550126,0.45172497927291333,0.2824759479335969,0.8172805903646843,0.2664465661358445,0.0,0.1655599831790901,0.40797441286809233,0.19480559891755533,0.6700960274916512,0.2636822271301118,7.001107243033723e-07,0.014407663809583755
0.018336098237439247,0.29733513693090396,0.20136770270511198,0.05413285548485272,0.0301924979328258,6.610696135189607e-05,0.18411302249709136,0.031559856903830855,0.05547481584503252,0.3839853937910269,0.17220066233229295,0.00014929120368560502,0.0,0.10754366865201254,0.014063747331285287,0.0,0.152246658028676,0.4763943420356355,0.9999993744231452,0.9857225395435764,0.05940972395301611,0.004002647277383962,0.011450401128206998,0.0027988855467060932,0.001109527339738914,0.2722896718000944,0.3949115480604017,0.07782075617769231,6.610696135189607e-05,0.7769763327234291,0.011651267805844736,0.7336510395831378,1.0,0.7270482452049195,0.5784185899181604,0.8052695957079485,0.17861349814837055,0.26045205925879844,0.0,3.965900014797747e-06,0.025193594585417124,0.7026501718687475,0.019594983568205014,0.003459750314639693,0.018487307082079504,0.9999338930386481,0.14007331355549746,0.2944323296472798,0.45407396330095207,0.28237059582783064,0.8161480698618623,0.26619966921317656,0.0,0.165408086143068,0.40751766275055434,0.19473040429205146,0.6691398438229534,0.263153598705566,6.255768547152186e-07,0.014273494556408865
0.018341260312244353,0.29740017991439943,0.20135410584759653,0.05410799744529785,0.03019085017272847,6.610696135189607e-05,0.18418205257492803,0.031609526086826184,0.05548760646102855,0.38396407740120064,0.17279259413371925,0.00014174498967493932,0.0,0.10756823121527423,0.014223336567598681,0.0,0.15294568277851966,0.4767723707716564,0.9999994411270704,0.9858551449722268,0.05943756875639173,0.0039960257026765795,0.01146658161752512,0.0027995430435012857,0.001111369323344751,0.2727638783114093,0.39558963543162573,0.0777474391159779,6.610696135189607e-05,0.7765916021427346,0.012175090607254463,0.7339395702622898,1.0,0.7272059190152801,0.5787321404253545,0.8053787663189385,0.17886254368067056,0.2606030361382312,0.0,4.032155427747151e-06,0.02515003790663325,0.7040175774866907,0.018572033830842223,0.003449939031353276,0.01848819256233706,0.9999338930386481,0.14139415062276828,0.29604548238643036,0.45641416407521296,0.28226093089369914,0.8150323152590263,0.2659186847480352,0.0,0.1652258497694457,0.40704452300704685,0.19462123368106152,0.6681917735408098,0.26262459309011227,5.588729296154047e-07,0.014140822872345407
0.018345426637421863,0.2974712365225855,0.20134270007010188,0.05408320992310909,0.03018922341565085,6.610696135189607e-05,0.18425209506671195,0.03165967936482252,0.055501005727126775,0.38394203610553956,0.17335418825390433,0.00013462678106871282,0.0,0.1076055215930965,0.014383332775725118,0.0,0.15363151321729637,0.4771504983746839,0.9999995008146004,0.9859863124278764,0.059464952402397554,0.00399189843738239,0.011482003835570083,0.0028000242339539234,0.001113202116980447,0.27320252205156104,0.39629307010400705,0.0776744653700817,6.610696135189607e-05,0.7762107085432299,0.01271090908827664,0.7341875831181103,1.0,0.7273169703009988,0.5790163864871795,0.80545244181889,0.17910555254653365,0.2607433062478251,0.0,4.100011034084009e-06,0.025105173825059526,0.7053845173481852,0.0175539858294648,0.0034404629485347165,0.018488775940758623,0.9999338930386481,0.14270821445103454,0.2976825785780884,0.45875072597247185,0.28215733337868154,0.8139349026578191,0.2656777901008211,0.0,0.16507750810590463,0.40660028073709537,0.19454755818111005,0.66726293423617,0.262106195377491,4.991853996211517e-07,0.014009587561089545
0.01834922422309399,0.29754054171496724,0.20133102110936768,0.054058192103848324,0.03018779623669737,6.610696135189607e-05,0.18432202575548656,0.03170965925135828,0.05551482137716959,0.3839194825169542,0.1738865998954161,0.00012790262344476177,0.0,0.10764496132248794,0.014543667425442282,0.0,0.15430394196799124,0.4775246491263335,0.9999995542131944,0.9861161074624759,0.05949180991710178,0.0039891953342060015,0.011496824245318813,0.0028004737998695403,0.0011150289021680667,0.273629685507893,0.3969999230015025,0.07759846076098582,6.610696135189607e-05,0.7758387676869166,0.013257990759702168,0.7344274934365137,1.0,0.7274196493705715,0.5792919186619847,0.8055225798741801,0.17934769262785002,0.2608807637911383,0.0,4.169575715680711e-06,0.025061019299171976,0.706764685857642,0.016554883521506265,0.0034312934271645596,0.018489657897882268,0.9999338930386481,0.14398816189384533,0.299276980828407,0.4610521052130425,0.28205361620494934,0.8128554093448818,0.2654446039400416,0.0,0.16493538930694068,0.406164413912573,0.19447742012581987,0.6663483654041588,0.2615945870825282,4.457868056291735e-07,0.013879722961808368
0.01835252630266231,0.29760819755593587,0.20131875554632941,0.054033911360901445,0.03018658628519671,6.610696135189607e-05,0.18439380324133472,0.031760333311721324,0.05552943297489221,0.38389623123459665,0.17439074157714743,0.00012154679217924331,0.0,0.10768382481661944,0.01470409695881351,0.0,0.15496314178163484,0.47789368399560184,0.9999996019766032,0.9862446075580502,0.05951773155981326,0.003987410770447027,0.011511026423934345,0.0028009272537804675,0.0011168761438918224,0.27405021676194385,0.3977063134965476,0.07752188466849967,6.610696135189607e-05,0.7754441950419536,0.013815422398226944,0.734666762339409,1.0,0.7275223678817082,0.5795627950342699,0.8055947725283487,0.17959203306580654,0.26101753880930934,0.0,4.240872961569285e-06,0.025017359153559498,0.7081416002935265,0.015570177776343804,0.0034226245036407966,0.018490692102981814,0.9999338930386481,0.14525971027589757,0.30086121251660575,0.46333807578165415,0.28194723567984803,0.8117938360246256,0.2652116908684118,0.0,0.16479380730167234,0.4057331080069166,0.19440522747165132,0.6654448251525586,0.2610887771950888,3.980233967648599e-07,0.013751151568988238
0.018355300394481307,0.297674713653397,0.20130451869264301,0.05400982946048626,0.030185615441594853,6.610696135189607e-05,0.18446359051753344,0.031811844714743846,0.055577769646577346,0.3838715267176544,0.17486373250380727,0.00011553526140521214,0.0,0.10772131623359543,0.01486438353629672,0.0,0.15560651906337256,0.47825457736040217,0.999999644688119,0.9863717661791699,0.059544229124324353,0.003986377623312851,0.011525008707207952,0.0028014518415561394,0.0011187615149064719,0.2744738915719654,0.3984127847526834,0.07744572586789389,6.610696135189607e-05,0.7750697398129063,0.014381477773605598,0.7349045957577293,1.0,0.7276259466824793,0.5798269261087792,0.8056687310026807,0.17983714257430156,0.2611543850337462,0.0,4.313950136961016e-06,0.024974528310138525,0.7095178031018848,0.0145689557281835,0.003414513164284905,0.018491800234145934,0.9999338930386481,0.1465306762486835,0.3024763652918817,0.4656449479946272,0.2818544590898778,0.8107547897225871,0.26497986898086556,0.0,0.16465273708392528,0.4053086903549241,0.19433126899731937,0.664556338362326,0.2605910376058516,3.553118810338633e-07,0.013623919870693144
0.018357498274923747,0.2977402918975287,0.20129423717197534,0.053985718386770194,0.03018318616475403,6.610696135189607e-05,0.1845343403129878,0.03186383532595074,0.05560140367793802,0.38384684060391455,0.17531187816066063,0.000109849747195174,0.0,0.10775803031572644,0.015024736118899706,0.0,0.15623927516555408,0.4786128063193754,0.9999996828799146,0.9864978710679395,0.05956958331629586,0.00398581862627882,0.011538883195308299,0.0028019320776631845,0.0011195746214682008,0.27489261561195655,0.3991253605844761,0.07736614944180323,6.610696135189607e-05,0.7747151017680907,0.014955622256196724,0.7351432087745622,1.0,0.7277314210657109,0.5800898392481056,0.8057444703072302,0.18008463367891978,0.261291094801944,0.0,4.388826494474337e-06,0.024931278737670752,0.7108909465182728,0.013586233459822756,0.0034066713677254916,0.01849296067407809,0.9999338930386481,0.1477606269674034,0.30409251839934087,0.46789477818765335,0.2817682135245391,0.8097324995831426,0.2647469414782427,0.0,0.16451054861856268,0.40488542463299476,0.19425552969276982,0.6636760911555262,0.2600960988786806,3.171200853690823e-07,0.013497740105566071
0.018359336066731295,0.2978388627098431,0.20128688679281276,0.053962302510497995,0.030182728295473058,6.610696135189607e-05,0.18460328866460748,0.03191487901920045,0.055619369829662244,0.38380257120022737,0.1757383086321938,0.00010447375013207866,0.0,0.10779453392928993,0.015184698842162806,0.0,0.15686185138875622,0.4789681667846664,0.9999997170204894,0.986622787771101,0.05958702033793878,0.003985591970414175,0.011552042784886508,0.0028023576820421655,0.0011529079553200675,0.2753108913493619,0.39984562318621286,0.0772709038211112,6.610696135189607e-05,0.7742093185109213,0.015537162701117298,0.7353799535291847,1.0,0.7278375262285127,0.5803491663607746,0.8058216102163431,0.1803335279489933,0.26142819484692853,0.0,4.4655888655166476e-06,0.024887855823787206,0.7122585018472145,0.012634589658705307,0.003399189685104756,0.01849493332651796,0.9999338930386481,0.1489648992439609,0.3056666727760235,0.47011363384316435,0.28167608853468923,0.8087245286666889,0.2645155727206832,0.0,0.16436793984219733,0.4044661347970626,0.19417838978365684,0.6628046206622505,0.259603638368405,2.829795105774189e-07,0.013372746640033508
0.0183603399067417,0.29792852789858637,0.2012843790863497,0.05394258235128135,0.03017252055393152,6.610696135189607e-05,0.1846579401809524,0.03196310440986557,0.055658831386736336,0.38376107840450513,0.17614210352138682,9.931168834281451e-05,0.0,0.1077986955284881,0.01534446592692499,0.0,0.15744504214843813,0.47930091870297553,0.999999747545387,0.9867472153321688,0.059619405111041995,0.0039860304384526524,0.011602414030870862,0.0028030110097073116,0.0011529079558144815,0.2758104665762427,0.40045060855572784,0.07718169133985811,6.610696135189607e-05,0.7737017744233302,0.016121781217865182,0.7356748650811973,1.0,0.7279744644974133,0.5805863565289051,0.8058945321353183,0.18062599704386037,0.2615862722141954,0.0,4.54416650000392e-06,0.02484190081984524,0.7136866793914586,0.011676193405583185,0.003392274497594805,0.018483811589039605,0.9999338930386481,0.15016623655737035,0.30725207916511504,0.47236321958531735,0.2815796006347517,0.807736115260748,0.26422582323046,0.0,0.16422683997409857,0.4040691775441699,0.19410546786468172,0.6619289608077015,0.2591128090828291,2.524546129409649e-07,0.013248240501331183
0.01836161781770313,0.2980153097966179,0.20127054117740278,0.05392364805625113,0.0301739965153265,6.610696135189607e-05,0.18475947615536398,0.032016083059087826,0.05567678004445034,0.3837171813807051,0.17652453061273143,9.440601528865179e-05,0.0,0.10777316039574351,0.015484799941882394,0.0,0.15801278751003384,0.47961631630075213,0.9999997748307912,0.9868711124710661,0.05965068904608061,0.003986702233834814,0.011627898348143125,0.0028039195258005634,0.0011529079558144815,0.27629236061119905,0.4011814951308073,0.077083999372888,6.610696135189607e-05,0.7732135701347143,0.016714121005438287,0.7359341278837647,1.0,0.7281346639239977,0.5808565532786465,0.805972188887272,0.18091421171725747,0.26175741084922827,0.0,4.624809520508678e-06,0.024796337847075266,0.715086484457435,0.010742181722214639,0.003385682389163823,0.018485290753597117,0.9999338930386481,0.15132875566103574,0.30881509661685236,0.4745903370083888,0.28148775183202385,0.8067613483818302,0.2639714661009467,0.0,0.16409217568025886,0.4036586467794711,0.19402781111272802,0.6610730007727087,0.2586262728500196,2.2516920885401362e-07,0.013124262719413499
0.018362831837572074,0.29809544000304183,0.20125791023278577,0.0539044926975864,0.030176107887501278,6.610696135189607e-05,0.18486526291848907,0.03206891905580547,0.05569213478534582,0.383675676665578,0.17688607267935375,8.975711376359415e-05,0.0,0.10775019684639031,0.015617136360317922,0.0,0.15856981652906793,0.4799283297859739,0.9999997992076236,0.9869940810401013,0.05968051167042742,0.00398769651783774,0.01164618528154556,0.0028049148654399722,0.0011529079558144815,0.27675278234056916,0.4019475630242956,0.0769981763456235,6.610696135189607e-05,0.772762905072947,0.017311720912004773,0.7361803679546788,1.0,0.7282815065418147,0.5811244443500048,0.8060519326459805,0.1811948413325624,0.26192453913266334,0.0,4.707631217746615e-06,0.02475124862663327,0.7164784416132495,0.009830843669869586,0.003379327379322049,0.01848813310679629,0.9999338930386481,0.15246072696710464,0.3103486343797626,0.4767810247001137,0.2813998269308358,0.8058022064086415,0.2637298749315576,0.0,0.163968296611795,0.4032584192896773,0.1939480673540195,0.6602353421383698,0.25814713108136284,2.0079237642837506e-07,0.013001211328680902
0.01836372639088514,0.2981700722336142,0.20124456240778352,0.053885104305719515,0.030178117342914017,6.610696135189607e-05,0.18496787709523207,0.032121181691204405,0.055694756666974585,0.38363765147379625,0.1772253223113962,8.535336640707347e-05,0.0,0.10773435274420298,0.01574474616284977,0.0,0.159115726063387,0.4802380001036516,0.9999998209776257,0.9871159071406583,0.059708332881756136,0.003988771384142822,0.01166146750667808,0.002805772826458339,0.0011529079558144815,0.27720562794906334,0.4027075643026719,0.07691884509638382,6.610696135189607e-05,0.7723432871699909,0.01791270712810239,0.7364211000021467,1.0,0.7284166956922806,0.5813868149075856,0.8061328435899188,0.1814701093430748,0.26208512117696725,0.0,4.792670592437329e-06,0.024706867882038495,0.7178600490300838,0.00894981404831545,0.003373224447497617,0.01849127646816953,0.9999338930386481,0.15353247207585669,0.3118421137507321,0.47892052472604046,0.28131972119143395,0.8048619705605013,0.26349354663144625,0.0,0.16384895156351637,0.4028684389295647,0.19386715641008126,0.6594141645935383,0.2576768787193813,1.7902237427567204e-07,0.012879300188749223
0.018364237104372298,0.2982411857762957,0.2012313045179117,0.05386595923412311,0.03018050989807008,6.610696135189607e-05,0.18507021824053616,0.032205193435983964,0.05569475666701348,0.38359460667885026,0.1775454022794494,8.118342122639771e-05,0.0,0.10772558842960389,0.015868723658734978,0.0,0.15965165610677717,0.48054604995521316,0.9999998404154324,0.9872365551197743,0.05973444181263579,0.003989831937238491,0.011675060854185428,0.00280650514415707,0.0011529079558144815,0.27764666071051747,0.4034635794403262,0.07684300761303399,6.610696135189607e-05,0.7719499846893224,0.018515818211830116,0.736658595793298,1.0,0.7285441648351618,0.581643304555419,0.8062146321558346,0.18174244873581,0.26224054598637747,0.0,4.879978127183861e-06,0.024662757206596903,0.7192303558836853,0.008078677668682388,0.003367537209943374,0.018494168406149893,0.9999338930386481,0.15459325530215695,0.31332171089890304,0.4810560513811324,0.28124271330759476,0.8039387795087205,0.2632602207854756,0.0,0.16373024673523423,0.4024879717858461,0.19378536784416547,0.6586058951574129,0.25721340405840937,1.5958456757670874e-07,0.012758564902098571
0.01836458746937921,0.298312962815505,0.20121906439213855,0.05384042843626473,0.03018366288425208,6.610696135189607e-05,0.18517078465389117,0.03227701546902294,0.05572809000084123,0.3835533894593161,0.17784537096025174,7.723404856987235e-05,0.0,0.10772180055876411,0.015989445680444834,0.0,0.16017681787169405,0.4808503431728592,0.999999857767543,0.987356087638824,0.0597593037620823,0.003990859896955535,0.011687745899982286,0.0028071282232192177,0.001186241289642228,0.27808007961608655,0.4042102509674742,0.07676797767117764,6.610696135189607e-05,0.77137339153956,0.019119551438432955,0.7368923867586656,1.0,0.7286662536381184,0.5818949299515537,0.806296377173619,0.18201195632629283,0.26239126055984074,0.0,4.969556208343673e-06,0.024619196835500123,0.7205900929158144,0.007232504148575883,0.003362073736097106,0.018497202758376616,0.9999338930386481,0.15561642948521276,0.3147516409294318,0.48316431424633344,0.28116840822802147,0.8030350776013153,0.26303037919276445,0.0,0.1636119458031175,0.4021156243680016,0.19370362282638098,0.6578112258020131,0.25675839626730007,1.4223245704280636e-07,0.012638942804967718
0.018363506842201813,0.29839506428583795,0.2012079904975847,0.0538188975419168,0.030173746565086115,6.610696135189607e-05,0.18525395012237736,0.032337815762006034,0.055775435890369936,0.3835128054980561,0.17812651659291323,7.343950197663997e-05,0.0,0.10769219022426957,0.016108850675096535,0.0,0.16066522804923425,0.48113682376829814,0.9999998732566041,0.9874747179912209,0.05979500752302658,0.003992371939463106,0.011704291637135449,0.0028082160021584675,0.001186241289642228,0.27862002786966356,0.4050255003027774,0.07671053912679948,6.610696135189607e-05,0.7709484785965054,0.019718620093982935,0.7371843675005315,1.0,0.7288124327406238,0.5821246871377193,0.8063732060669598,0.18232076501332337,0.26255411571708587,0.0,5.060959726244593e-06,0.024572289220333676,0.7220061722869715,0.006430447856252428,0.0033570418374224524,0.01848692327104343,0.9999338930386481,0.15656682938955552,0.3161235982624871,0.48517014706896766,0.28108367912731214,0.8021548633131038,0.2627421929974918,0.0,0.16349537703510658,0.4017664621871843,0.1936267939330402,0.6570140069374425,0.256309060514616,1.2674339592642205e-07,0.012520221049052826
0.018363040470729324,0.29846451596031115,0.20119490007206398,0.053798512170545695,0.03017533546169928,6.610696135189607e-05,0.18535246250179815,0.03239629139800026,0.05579584230975854,0.38347455660113283,0.17839280189703094,6.984705824964557e-05,0.0,0.10767212225768434,0.016222744963137862,0.0,0.1611479159542455,0.4814270965584667,0.9999998870842937,0.9875928909698493,0.05982288566223354,0.003993366041082918,0.011717128642266858,0.002808994409915265,0.001186241289642228,0.2790931583569462,0.40581112260917573,0.07664978855930588,6.610696135189607e-05,0.7705413756663859,0.020319068520805814,0.7374441627433063,1.0,0.7289460010815711,0.5823719000033925,0.8064552767964871,0.18262136891875888,0.2627122807528069,0.0,5.154811169201949e-06,0.024525329698011612,0.7233925795061726,0.005675387021413684,0.003352371561811086,0.018489129276855122,0.9999338930386481,0.15744631030075415,0.3174441214174433,0.4871085593199763,0.280999574575384,0.8012881295821632,0.26248599019844404,0.0,0.1633818766607445,0.40140535503346975,0.19354472320351293,0.6562307151269956,0.25586062268872645,1.1291570629347695e-07,0.012401954218981541
0.01836294744218226,0.29853377638036666,0.20118011934543198,0.05377919199332685,0.030177614635105675,6.610696135189607e-05,0.18545626200490217,0.03245196625084844,0.05581258391970738,0.3834366009642915,0.17864143095453536,6.644535562185273e-05,0.0,0.10765995994590416,0.01633213700180592,0.0,0.16162056171398637,0.4817150792743424,0.9999998994206992,0.9877099917265514,0.05984893210711525,0.003994358693118196,0.011728220316217078,0.0028097002845618407,0.001186241289642228,0.27954554651576574,0.4065754316436347,0.0765897813881513,6.610696135189607e-05,0.7701557694945217,0.020918416088873508,0.7376869879822187,1.0,0.7290694989496505,0.5826138678593086,0.8065381674620343,0.18291322589934628,0.2628661172357642,0.0,5.251188510407353e-06,0.024479967589735578,0.7247659730192566,0.004950014939038284,0.00334795512077957,0.018492404601618863,0.9999338930386481,0.158281836912272,0.31872139459826565,0.4889900208182918,0.28091694141251405,0.8004401529565911,0.26224656666215945,0.0,0.1632705411044454,0.4010539951388855,0.19346183253796564,0.6554662123866674,0.25541880348989354,1.0057930072289383e-07,0.012284757084938232
0.018362777144177445,0.2986018149802931,0.20116379107364582,0.053760755933604736,0.030180003917038182,6.610696135189607e-05,0.18556310384133406,0.03250581968757653,0.055828944168768914,0.3833988126322731,0.17887314544477723,6.322332733338155e-05,0.0,0.10765397136966712,0.01643743568277123,0.0,0.16208271381888703,0.4819998390129302,0.9999999104243499,0.9878259943080762,0.05987336674909874,0.003995312630889331,0.011738260332394961,0.002810341096770391,0.001186241289642228,0.2799828954227325,0.40732891328124243,0.07653068542054099,6.610696135189607e-05,0.7697903048436245,0.02151494364246625,0.7379212243022356,1.0,0.729186601286838,0.5828492967300588,0.8066209920861047,0.183198901194569,0.2630161832730552,0.0,5.3501424804527355e-06,0.024435873858678316,0.7261242637110151,0.004254005118925594,0.003343765471185207,0.018495788850111494,0.9999338930386481,0.15907462918761534,0.3199559892792293,0.4908305636774526,0.280835639751693,0.7996119109127565,0.26201555237043106,0.0,0.1631594273434949,0.4007132675871699,0.19337900791389526,0.654718384986544,0.2549839777140147,8.957565015303784e-08,0.012168655549443437
0.01836243148985078,0.29866880704764653,0.20114603207813803,0.05374298321348138,0.030182421557931768,6.610696135189607e-05,0.18567205222886726,0.03255860465790925,0.055845095464038645,0.38336116609769555,0.17908867710717727,6.017067734088035e-05,0.0,0.1076526693426587,0.016538717513985977,0.0,0.16253381008038195,0.482280588707567,0.9999999202373727,0.9879408926788833,0.05989648321702415,0.003996211753298248,0.01174745235236371,0.002810927392381232,0.001186241289642228,0.280405008258342,0.40803712911434153,0.0764729952801176,6.610696135189607e-05,0.7694534966675745,0.022107227715045877,0.7381494567064719,1.0,0.7292988730705939,0.5830781750703962,0.8067030823700551,0.18347972506309618,0.26316266784393744,0.0,5.451724510814852e-06,0.02439282913122622,0.7274667230748318,0.003607359777569686,0.0033396749534570507,0.018499272081801098,0.9999338930386481,0.15979391540712165,0.32111918658415123,0.4925609246509543,0.28075430184328976,0.7988040951777768,0.2617903726161872,0.0,0.16304845758674744,0.40038310741561783,0.19329691762994494,0.6539864648565219,0.2545567434484956,7.97626272591454e-08,0.012053655596605933
0.01836197253317752,0.2987354555061066,0.20112653238259312,0.053725777256634875,0.030184935910779705,6.610696135189607e-05,0.1857842523200124,0.03261082390629649,0.055862024994398296,0.38332326452012283,0.1792881369847941,5.727790750107716e-05,0.0,0.10765477086362944,0.016635761889879683,0.0,0.1629729104626178,0.4825567722925045,0.9999999289871022,0.9880547155013378,0.059918083129712876,0.003997075361302451,0.011755679929244317,0.002811430294397155,0.0012195746229755613,0.28081729276561995,0.40875593806990757,0.07641731677635279,6.610696135189607e-05,0.7689279681962886,0.02269398137518988,0.7383724871633293,1.0,0.7294071141528131,0.5832996601650838,0.8067848215882695,0.1837567328173163,0.26330606451585464,0.0,5.555962394612783e-06,0.024350599941449537,0.7287925098922654,0.003027981799967202,0.003335664160367626,0.01850287341993592,0.9999338930386481,0.16041323198523963,0.32218371065506074,0.4941545798198319,0.2806706159745692,0.7980178816400161,0.26157023492916964,0.0,0.16293811498355754,0.4000645779450365,0.19321517841173055,0.653270356720066,0.25413716319164087,7.10128977757779e-08,0.01193972853626762
0.01836028256318083,0.29881526359187555,0.2011075990967652,0.05371104359364684,0.030175991162183946,6.610696135189607e-05,0.18588357881771117,0.03265925412099914,0.05590229412630571,0.3832827576576591,0.179472833521926,5.449725916147718e-05,0.0,0.10762786066370177,0.01672990035706664,0.0,0.16337187008507686,0.48281171209601265,0.9999999367875249,0.9881675054586496,0.05995098013541113,0.003998458061210309,0.011767573266954894,0.0028123634823175227,0.0012195746234699746,0.281336409989284,0.40955510444344706,0.07638020131299132,6.610696135189607e-05,0.768548780688877,0.0232701190897678,0.7386513638898279,1.0,0.7295405780892351,0.5834963537120416,0.8068607176442795,0.18407261042029305,0.26346254009137615,0.0,5.662371113233116e-06,0.024305177776445912,0.7301685021478209,0.0025036900854991367,0.003331963603355886,0.01849338008852756,0.9999338930386481,0.16094712492005295,0.3231570226313679,0.4956441924361554,0.28057399650678083,0.7972570473883062,0.26129413885101055,0.0,0.1628315612470632,0.3997737459308918,0.19313928235572053,0.6525555194946301,0.25372574781261126,6.321247519749645e-08,0.011826832170237143
0.018359478788191674,0.29888408943878103,0.20108710385204048,0.05369638814890632,0.0301786312093145,6.610696135189607e-05,0.1860009666882605,0.03271022256481006,0.05592244683281412,0.3832427071446128,0.17964650257354564,5.186269070916518e-05,0.0,0.10760836870729527,0.016816838296489944,0.0,0.16376353271297414,0.48306838969871324,0.9999999437430649,0.9882797904540838,0.059976246272977096,0.0039993455412434395,0.011775766634671982,0.0028130224271886335,0.0012195746234699742,0.2817869524236929,0.410329109140938,0.07634149716632142,6.610696135189607e-05,0.768184832937284,0.023843178906029043,0.7388984052157376,1.0,0.7296615504912501,0.5837094730933978,0.8069408654268995,0.18437934487481122,0.26361408728903035,0.0,5.771644475528444e-06,0.024259823332855673,0.7315109554480762,0.0020439995500675457,0.003328533715648067,0.01849595695349249,0.9999338930386481,0.16138728583331843,0.32404169360052804,0.49702585329834964,0.28047536915006754,0.7965103185204253,0.2610497320935533,0.0,0.16273008080145462,0.39947368861011234,0.1930591345731005,0.6518571224122147,0.25331752301225635,5.625693511691147e-08,0.01171443790144067
0.018359323236434643,0.2989538417334805,0.20106503669247558,0.053681995193967234,0.030181862067332442,6.610696135189607e-05,0.18612607607942913,0.03276169336238953,0.05594061619372009,0.3832021091333264,0.17980602211622526,4.9365954905112135e-05,0.0,0.10759500368961009,0.016897611532006914,0.0,0.16414413550143728,0.48332148507878314,0.9999999499414789,0.9883910446447202,0.05999982091060607,0.00400023836230029,0.011760075985602518,0.0028137628294986213,0.0012195746234699744,0.28222110900500674,0.4111611099384428,0.07631457232473281,6.610696135189607e-05,0.7679436626613938,0.024410833897770455,0.7391286443974726,1.0,0.7297726316765295,0.5839172295294134,0.8070211557990266,0.18467663748637556,0.26376071757214037,0.0,5.883857035519298e-06,0.024216126832251335,0.7328366195575847,0.0016427410253955083,0.0033252769458113657,0.018499571988150536,0.9999338930386481,0.16174294875394568,0.3248326166229117,0.4982827712293371,0.2803748696939353,0.7957831439860042,0.26082198964762227,0.0,0.1626323646338604,0.3991851589385797,0.19297884420097347,0.6511792270121872,0.25291779734907643,5.0058521093861535e-08,0.011603071498244306
0.01835937460148953,0.2990142949269989,0.20104867503121318,0.053666914522505466,0.03018490581401847,6.610696135189607e-05,0.18623572278423398,0.03281193158791933,0.055959458405570005,0.38316502440693395,0.17995387740012325,4.7007279619039165e-05,0.0,0.10760951880341611,0.01698414148168188,0.0,0.1645194626502544,0.48358313766689043,0.9999999554641994,0.9885012723943182,0.06001760977346328,0.004000802720092268,0.011779707071987553,0.0028139174915097005,0.0012195746234699746,0.28260365080861344,0.4117776810958356,0.0762826747442584,4.029664297609493e-05,0.7676209028804188,0.02497134003484438,0.7393520179213202,1.0,0.7298552692355497,0.5841109173469846,0.8071024096645534,0.18496483088311516,0.2638920430915982,0.0,5.999117305713951e-06,0.024173058699345096,0.7341512671116462,0.0012961555825939234,0.0033222548372793476,0.018503277575004536,0.9999338930386481,0.16201930508118834,0.3255370755956019,0.4994213746667142,0.28027145696912364,0.7950747825650324,0.26060097479906075,0.0,0.1625352119610343,0.3989049411713335,0.19289759033544665,0.6505157064666305,0.2525248192415114,4.4535800549268995e-08,0.011492728488376088
0.018359706514219254,0.2990870506539538,0.20102051465383186,0.05365329357922765,0.030188233762768663,6.610696135189607e-05,0.18637360152121674,0.03286485356921279,0.055979999208925886,0.38312324448887763,0.1800852410382313,4.476588140925743e-05,0.0,0.10760563629206563,0.01705707233289962,0.0,0.16487696826849585,0.4838284654489334,0.9999999603834486,0.9886103138648649,0.06003796085936164,0.004001523035174413,0.011765917473655749,0.0028144167977793228,0.0012195746234699742,0.28300236062134265,0.41255086668699886,0.07624842077451112,6.610696135189609e-05,0.7674044427516113,0.02552434643855368,0.7395660058404079,1.0,0.7299588873180746,0.584303760938998,0.8071815631937345,0.18525042351970822,0.26402929703746625,0.0,6.117345426087116e-06,0.024132248586753648,0.7354401920128222,0.0010118248387434364,0.0033194476380322053,0.018506920913763866,0.9999338930386481,0.1622083383006148,0.3261434210497053,0.5004333989733379,0.2801646131158356,0.7943904125232151,0.2603892282781829,0.0,0.16243547638985978,0.3986391667281023,0.19281843680626556,0.6498726082117959,0.2521422375136004,3.961655139212899e-08,0.011383568789709067
0.018359809059881892,0.29914916279017223,0.20099791892357252,0.05363880150398795,0.030191384970913622,6.610696135189607e-05,0.18649791514305847,0.03291689712345029,0.05599899267494206,0.3830852225250755,0.18020547155823843,4.2646236819079434e-05,0.0,0.10762318259885419,0.01713334106840281,0.0,0.16522726728124748,0.4840779168479501,0.9999999647654377,0.98871847215788,0.0600540267192532,0.004002042063136157,0.011762872585488558,0.0028147211417793878,0.0012529079568033077,0.283371944369676,0.4132419325339377,0.07623068954361917,6.610696135189607e-05,0.7670021261295678,0.026068410994418242,0.7397763295658034,1.0,0.7300375709749661,0.5844820231763178,0.8072601229083453,0.18552991657786827,0.26415630772348536,0.0,6.238695937446782e-06,0.024091368182350713,0.7367172378016882,0.0007710641158431315,0.0033168932732402464,0.018510389811337385,0.9999338930386481,0.16233600931058767,0.32667772189290056,0.5013249348932122,0.2800549728899421,0.7937261174473433,0.26018102419737754,0.0,0.16233924642617972,0.3983846357552794,0.19273987709165477,0.6492428161408843,0.25176577542856454,3.523456230947587e-08,0.011275289146182556
0.018358835538990103,0.29922549842428947,0.20097510635465196,0.053626382598428064,0.03018292565076989,6.610696135189607e-05,0.18660831133919561,0.032965879778759394,0.05604227973273626,0.38304505262661226,0.18031370082003628,4.060949368290452e-05,0.0,0.10761261188303671,0.017208633978232083,0.0,0.16553794872746316,0.48430673517682993,0.9999999686675508,0.9888255453819986,0.060081299842854305,0.004002984484769589,0.011767156943538075,0.002815278345996594,0.0012580695466648778,0.2838445639473416,0.4139698716985993,0.0762236644604241,4.029664297609493e-05,0.7667056318082711,0.02659869080769806,0.7400405049608509,1.0,0.7301433190935033,0.5846389003879535,0.807332876287927,0.18584751219783155,0.2642952329570607,0.0,6.362546910740914e-06,0.02404756274664394,0.7380425448143186,0.0005939990487963319,0.003314643429264589,0.018501233096592667,0.9999338930386481,0.1623678097565228,0.32710414786178316,0.5020928919668165,0.2799301158605735,0.7930876083722657,0.2599188855454661,0.0,0.16224406902346,0.39815246563381435,0.1926671237120729,0.6486145390747052,0.25139803186610943,3.133244918921618e-08,0.011168092071090624
