0_primarytoI_spread,0_primarytoII_spread,0_primarytoIII_spread,0_primarytoIV_spread,0_primarytoV_spread,0_ItoII_spread,0_IItoIII_spread,0_IIItoIV_spread,0_IVtoV_spread,0_late_p,0_C01_coef,0_C02_coef,0_C03_coef,0_C04_coef,0_C05_coef,0_C06_coef,0_C09_coef,0_C10_coef,0_C12_coef,0_C13_coef,1_primarytoI_spread,1_primarytoII_spread,1_primarytoIII_spread,1_primarytoIV_spread,1_primarytoV_spread,1_ItoII_spread,1_IItoIII_spread,1_IIItoIV_spread,1_IVtoV_spread,1_late_p,1_C01_coef,1_C02_coef,1_C03_coef,1_C04_coef,1_C05_coef,1_C06_coef,1_C09_coef,1_C10_coef,1_C12_coef,1_C13_coef,2_primarytoI_spread,2_primarytoII_spread,2_primarytoIII_spread,2_primarytoIV_spread,2_primarytoV_spread,2_ItoII_spread,2_IItoIII_spread,2_IIItoIV_spread,2_IVtoV_spread,2_late_p,2_C01_coef,2_C02_coef,2_C03_coef,2_C04_coef,2_C05_coef,2_C06_coef,2_C09_coef,2_C10_coef,2_C12_coef,2_C13_coef
0.0118102081675846,0.2784464761398137,0.1444373474669277,0.0483813914232234,0.0307482719206351,0.6015752592480916,0.2903784394460733,0.0756342208215767,0.0947097509597804,0.3754715490762129,0.0214957528496167,0.0887944239893887,0.0,0.0410090698794926,0.0160619372492994,0.0,0.0742488203890501,0.2667762374993156,0.9812498922023803,0.9452832481257328,0.0567875897548928,0.0262502447246093,0.0141760855868806,0.0039934324936456,6.610696135189607e-05,0.1712576914796263,0.0457187880598585,0.0106585208716444,6.610696135189607e-05,0.6899080474817846,0.012907330534711,0.6338408284099508,1.0,0.8652883841919718,0.5364857621715323,0.943155466041164,0.069516967567288,0.2164952009817725,0.0,3.1420870619601567e-06,0.0311076897436249,0.451259837980083,0.0626234053061575,0.0091456301983797,0.0193131417668823,0.999964756120144,0.1130829639932669,0.175134786241201,0.1592351269911304,0.3957348752869282,0.9655969166156724,0.2773647476006604,0.0,0.0937025459285355,0.4474523005791683,0.0568445339588359,0.8562342120436619,0.5167285615189118,0.0187501077976195,0.0547136097872053
0.012317489984624015,0.29354564085015056,0.12269799256801751,0.05021746529664864,0.02511494370279317,0.9999338930386481,0.34055319332934625,0.056211167737382856,0.1267277670526719,0.38626769568537866,0.01933724978354334,0.09364632056841783,0.0,0.04174244044087393,0.015502452849950573,0.0,0.06953759458189349,0.24602672881846138,0.9805006230992557,0.9452695460850733,0.05178218976102898,0.025496909838988554,0.012627459749462864,0.0035056842423046722,6.610696135189607e-05,0.19357009503909337,0.06133055885981672,6.610696135189607e-05,6.610696135189607e-05,0.6582032680172131,0.012848571680221901,0.6496133556102843,1.0,0.8658421672572933,0.5685631978115858,0.9479784477712648,0.07151526510785573,0.23648064732337498,0.0,3.099938057426028e-06,0.028661199772310807,0.4525348219574106,0.0457893994089242,0.007988847528512633,0.020499984427044867,0.6180339887498948,0.11066560179471796,0.18993012630651365,0.11010852429820546,0.408846060194385,0.9678141785362347,0.2567403238212978,0.0,0.09241539230183278,0.4159343493384637,0.05202155222873512,0.8589471403102508,0.5174926238581636,0.019499376900744346,0.05472735397686928
0.012770815757337581,0.29529169400049815,0.12382104452976089,0.05092785189976282,0.02412238185752593,0.9999338930386481,0.3459564869636343,0.05201006572402587,0.13365674220442006,0.3883444744931652,0.018450930064851226,0.0993688029452285,0.0,0.04248798171379816,0.016154718324820117,0.0,0.06714393800507479,0.23407259377024184,0.9806025447817345,0.9473084369523034,0.05179169978940786,0.025555130984368055,0.013673738713365646,0.003314031993265212,0.00010696331036034353,0.2093536620431164,0.07080152970673362,6.610696135189607e-05,6.610696135189607e-05,0.6261103047695831,0.012479876644901366,0.6571459636766966,1.0,0.8687324559090028,0.5825051709923845,0.9509852705226252,0.07342823230049572,0.25442351440802696,0.0,3.1112986874919887e-06,0.028203822056943273,0.45266748719474204,0.04336320171066,0.007883616580832458,0.021102589573097186,0.4083772722552899,0.10858578026270375,0.19257879526443175,0.09430288072993655,0.41519803535061184,0.9690691932902474,0.2434852333780748,0.0,0.08877956237719899,0.40134011068279535,0.04901472947737484,0.8594278296944294,0.5115038918217312,0.01939745521826556,0.05268845174900917
0.012922892254570979,0.29532572418821645,0.12300575181025312,0.05179548626425552,0.023584830616827087,0.9999338930386481,0.348471836365299,0.049382726623247546,0.13523701488187104,0.3896143756682141,0.017818120167332828,0.10447041440567303,0.0,0.042641182053041966,0.01711817339099298,0.0,0.06519591077544562,0.2244670887636141,0.9807157948803346,0.9491998712325029,0.052455067244857004,0.026133705802977653,0.01438440418721108,0.0032754640363680796,0.00013973693788449303,0.22466266280913666,0.07835098442988156,6.610696135189607e-05,6.610696135189607e-05,0.6019813514040795,0.011905142736614636,0.6615913835178273,1.0,0.8725619285336538,0.5897402985376572,0.9532309937395089,0.07521947184075056,0.2686873093235415,0.0,3.1745400543660488e-06,0.027986252577920766,0.4548272004953937,0.04281284226693343,0.007954616294334315,0.0212862362522082,0.3043485805076451,0.10801420282193418,0.19350178381200261,0.09045929443613107,0.4176860862290108,0.9702767370960526,0.2339382020764997,0.0,0.08479688941330431,0.3931415280713499,0.04676900626049105,0.8595846173838038,0.5068456019128443,0.0192842051196654,0.05079695422744275
0.012936553582203587,0.2950009949522124,0.12209355753353564,0.052358108372886125,0.02336203177101459,0.9999338930386481,0.3492173666082648,0.04781805713488365,0.13488040416696537,0.390571255800212,0.017268516597570546,0.10901739937909076,0.0,0.042336271999488286,0.018179783059130587,0.0,0.06344463343440733,0.2163913302401413,0.9808221448403353,0.950997940111069,0.05259873055366305,0.026696248819120288,0.014778289783699777,0.003235496983735767,0.00020640360553998615,0.2328234843178006,0.08228193474854505,6.610696135189607e-05,6.610696135189607e-05,0.5910119456317285,0.011323502567830749,0.6648728263865753,1.0,0.8767627899583065,0.5944896930839465,0.9553289469848748,0.07714912897982583,0.27980195594952917,0.0,3.262340053783428e-06,0.027749613706732425,0.4569864786126654,0.042615131074468966,0.007937315319761168,0.021405928134082885,0.2399418289909087,0.10760264933860597,0.19353988141261788,0.08956086896305063,0.41942145510787904,0.9714079808345987,0.22610977423433398,0.0,0.08090093804220531,0.3873305238569229,0.0446710530151252,0.8594062375857668,0.5038067138103296,0.019177855159664702,0.048998797548877274
0.012929464801849137,0.29465545846356533,0.12148070653125984,0.05272957889748545,0.023234512597446945,0.9999338930386481,0.3489864618539838,0.04679100175897582,0.1340813919512019,0.3912975406733802,0.016782559801194474,0.11308528702365889,0.0,0.041790620574772425,0.019318653860048413,0.0,0.0618519416575116,0.20948384286449784,0.9809252238047156,0.9527356752605795,0.05289901872099647,0.027342728850434525,0.015031561842762631,0.0032137130078751025,0.0002800335820725831,0.23994838257343276,0.08521145458494683,6.610696135189607e-05,6.610696135189607e-05,0.5820143763946412,0.010811858541275327,0.667711725020927,1.0,0.8808371228693835,0.5980280994260956,0.9574058905525278,0.07922930630461318,0.2884247155266976,0.0,3.364532584260201e-06,0.02759124368182312,0.4589900784255103,0.04266572435444486,0.007926499253292972,0.021460274801588384,0.1989218949111351,0.10726560828122028,0.19337368095619764,0.08985088737861174,0.42049748341174337,0.9724055816575302,0.21920298795541415,0.0,0.07737225655584404,0.3826532467138561,0.04259410944747225,0.8589187520378753,0.5020914416088047,0.019074776195284457,0.047260960206836296
0.01291167494915713,0.29437996721782633,0.1211019538745682,0.05298446546597903,0.023146188272438688,0.9999338930386481,0.3482496443586824,0.0460871662509274,0.13325943134305301,0.39185830225903795,0.01633916966276835,0.11672404595282132,0.0,0.04109696426735155,0.020516810631121544,0.0,0.060381013351240485,0.20351020012797097,0.9810263926951716,0.9544114549185339,0.053166343234114476,0.027996263885172543,0.015221662880771468,0.003200300159599702,0.00038588188494791543,0.24566248209473837,0.08743228946870647,6.610696135189607e-05,6.610696135189607e-05,0.5747344664570008,0.01037478696494071,0.6703503981883175,1.0,0.8847173071871425,0.6009156768497514,0.9595111379425617,0.08139341821565976,0.29518678138877286,0.0,3.47888480961201e-06,0.02746276747143844,0.46082199483795255,0.04284387713351019,0.007923855478832826,0.021493387365884593,0.1705654057234361,0.1069632413370348,0.1932446612147114,0.09057206249626812,0.4211576692947011,0.973286043372291,0.21292555585886114,0.0,0.07418572854550595,0.37856751251912707,0.04048886205743829,0.8582255684330998,0.5013030184832563,0.018973607304828426,0.04558506619665654
0.01289514783418479,0.2941837831371875,0.12086163508948079,0.05317205291798359,0.02304882668058654,0.9999338930386481,0.34730615456732616,0.045581220476676995,0.13258268867013565,0.3923011555753266,0.01592589397372616,0.11984789370274833,0.0,0.040235959751680345,0.021763049197690707,0.0,0.05899900125704443,0.1982571450023844,0.981127063792701,0.9560227368899196,0.05336408232858097,0.02861841596088055,0.015384044944998026,0.0031894788402434377,0.0005499650706107943,0.2501738043382024,0.0890924923827433,6.610696135189607e-05,6.610696135189607e-05,0.5688227199971867,0.0100070073921536,0.6730965196721,1.0,0.88849199213313,0.6033814129288467,0.961629367411936,0.0835976436747791,0.30061838038957045,0.0,3.604886011144672e-06,0.02736303606824164,0.4625867293710023,0.04308173731394618,0.007927021322400049,0.021508632389661535,0.1494557544556379,0.10668695862240493,0.19316854157312965,0.0914815556018018,0.4215277066000085,0.9740670986341202,0.20705558662515167,0.0,0.07127204811518964,0.3748555378734626,0.03837063258806397,0.8574033550681766,0.5011244746080451,0.018872936207298976,0.04397365822406927
0.012882898800511166,0.2941326072883487,0.12068967428059259,0.053327679006389156,0.022913467770907792,0.9999338930386481,0.3463219842930462,0.0451963314912479,0.13212798335400297,0.39262257056656424,0.015536530518543475,0.1223275499348937,0.0,0.039130564230436045,0.023052685614991915,0.0,0.05768277053151147,0.19355609840831145,0.9812292631305105,0.9575709277455207,0.053485081373113766,0.029247275482763044,0.015514624690620288,0.0031790833451798995,0.0007331374358574056,0.25363820253123426,0.09040612345824461,6.610696135189607e-05,6.610696135189607e-05,0.564094111243124,0.009700129954370666,0.6762317904288916,1.0,0.8923135514131731,0.605518164978685,0.9637191675957011,0.08582473367002812,0.30513148181757777,0.0,3.742052442102225e-06,0.02728652620448121,0.46438099566017044,0.04334548440161275,0.007935364003788557,0.021502427209326092,0.13241326728444736,0.10643740730218945,0.19313876692883386,0.09245879630018015,0.4216818724171839,0.9747633395270858,0.2014406596362147,0.0,0.06855588435639076,0.37142914940632304,0.03628083240429897,0.8564924957984604,0.5013124197741108,0.018770736869489442,0.04242533020203719
0.01287451350856086,0.2941735684845046,0.12056515292433795,0.05346824633322777,0.022764266746805456,0.9999338930386481,0.34540634497201944,0.0449036357484358,0.13183151120748413,0.39283470439878043,0.015168624182214532,0.12421453899856809,0.0,0.03781169044861687,0.024383637375010682,0.0,0.05641995538503311,0.18929849683388944,0.9813365263159649,0.9590615785229764,0.05353673700507906,0.029843956454459506,0.015670281739652937,0.0031694404364378402,0.0009613878859546278,0.25635064353174364,0.09130820919203049,6.610696135189607e-05,6.610696135189607e-05,0.5601483469808045,0.009447572239712054,0.6796709901036023,1.0,0.8961854117528847,0.6074518787681413,0.9657823925108365,0.0880693665752807,0.30902432000323354,0.0,3.890433591277272e-06,0.027232180306187986,0.46617177215672745,0.0436259688982715,0.007947853942526093,0.021497456767309246,0.11823508924469331,0.1062124890032649,0.1931414380859568,0.09344229149718697,0.42168179952408585,0.9753838035780734,0.19611447089782957,0.0,0.0660028977984984,0.36816448385684797,0.03421760748916351,0.8555106780396862,0.501677183162877,0.01866347368403513,0.04093453104343235
0.012869987101080138,0.29433749123656905,0.12044948616300494,0.05360601467276414,0.022592115426870535,0.9999338930386481,0.3446365138781776,0.04467846145799272,0.13170086931545683,0.392936058372904,0.014819833328702695,0.12547368561248357,0.0,0.03625251691152032,0.025749643869565582,0.0,0.05519361918544854,0.18537752877998598,0.9814502784132005,0.9604967431818155,0.05353465189620516,0.030426226346084696,0.015850817411463564,0.0031604874736792616,0.0012195746263106762,0.2584987993287246,0.0918956009335856,6.610696135189607e-05,6.610696135189607e-05,0.556780701675325,0.009243063570851,0.6834624009196184,1.0,0.9001754534487815,0.6092195260471251,0.9677921409827511,0.09033064149224813,0.3125076023206394,0.0,4.050144455460451e-06,0.02719410659835064,0.4680114623133154,0.043872082580255364,0.007964026456076032,0.02148373015979284,0.1056724873248239,0.10607941236159553,0.1932039489619306,0.09440954287829835,0.42156887420017763,0.9759371031004463,0.19106391346789808,0.0,0.06357202963969824,0.3650308300833092,0.032207859017248916,0.8544757393223034,0.5021148688993747,0.018549721586799472,0.039499206673729026
0.012868590947520788,0.29460136022847766,0.12033507971338177,0.053746480842369625,0.022384038450302138,0.9999338930386481,0.34404146901772026,0.044501138387961124,0.13176938685821352,0.39294963632665036,0.014489813300196022,0.12614292385626544,0.0,0.034474181643301266,0.027144777058781638,0.0,0.05399601944057386,0.18172243638351124,0.9815723690211289,0.9618802403846195,0.053491927494163295,0.031003789046364933,0.016056472809834715,0.003152890202169462,0.0014879013895167425,0.260225693457591,0.09224723842932897,6.610696135189607e-05,6.610696135189607e-05,0.5538715999412782,0.009082372591461448,0.6875408834884529,1.0,0.9042872525924897,0.6108775465427103,0.9697396203686597,0.09261273960660198,0.3157279735367137,0.0,4.221614686811175e-06,0.027167923161923638,0.46988748295292193,0.04411405501039852,0.007982764137182009,0.021468152258662273,0.09427218098820318,0.10597565599114452,0.19329871790529143,0.0953360085226673,0.42137426295416236,0.9764278141083426,0.1863161926552817,0.0,0.06123856576420903,0.3619776763985081,0.030260379631340265,0.8533912409528241,0.5025495900797751,0.0184276309788711,0.03811553800069364
0.012869315987100888,0.29493533823354484,0.12020732157723961,0.05389117042642162,0.022206089824308776,0.9999338930386481,0.3436626275204859,0.04438452525353897,0.13184160349075574,0.3928570252551891,0.014178096177729197,0.126302216639977,0.0,0.03252956601513294,0.028562881158698938,0.0,0.052816480220055834,0.17828195352284368,0.9817042392374549,0.9632146139677723,0.053420135345964945,0.031588412070884885,0.016279544535080005,0.0031471852674614634,0.0017497458189196337,0.26160516736736694,0.09243316813465183,6.610696135189607e-05,6.610696135189607e-05,0.5513376541785732,0.008962407836769347,0.6917841906486285,1.0,0.9084740267717678,0.6124777032309282,0.9716260366487283,0.09491734029460679,0.318773440835607,0.0,4.405350074245079e-06,0.027149523729322618,0.47177386031276414,0.04434602534340095,0.008003117914058094,0.021459057821639704,0.08381679761176779,0.10590520675577852,0.19341819465376806,0.09618679410733832,0.42112970285032375,0.9768594959855015,0.18191359271139454,0.0,0.05899640721309928,0.3589594156103728,0.028373963351271698,0.8522661794853374,0.5029446056415494,0.018295760762545184,0.036780980682153484
0.012872159891344093,0.2953275947508454,0.12007824195736366,0.0540398598445849,0.022048735889231456,0.9999338930386481,0.343481226448102,0.044309722663229995,0.13193990730999147,0.3926732220099941,0.013883372155980189,0.12605223522681197,0.0,0.03048715398361943,0.02999566434324862,0.0,0.05165293960041932,0.17502461853978535,0.9818451455171856,0.9645012750400024,0.05332827218935751,0.03214245668895443,0.01649056936323361,0.0031434134945607164,0.0019952373935933914,0.2628081700928906,0.09259627576226127,6.610696135189607e-05,6.610696135189607e-05,0.549274006064154,0.008881068748906717,0.6960778338486756,1.0,0.9126728656813081,0.6140668250589781,0.9734596871434784,0.09724042003526154,0.3216959398373722,0.0,4.602198074358326e-06,0.0271359003039547,0.47365348346049435,0.04456403756255734,0.008024492789631327,0.021455382122256245,0.07414991723120046,0.10586897807530105,0.1935592512618863,0.09693995084806371,0.42086023886501744,0.9772355590951131,0.17786993092451245,0.0,0.056839980335072426,0.3559375105977732,0.02654031285652158,0.8511066403643192,0.5032794416228425,0.018154854482814366,0.03549412276192326
0.0128767953562668,0.2957582406043698,0.11995743250699488,0.05418972045783168,0.021877643979532697,0.9999338930386481,0.3434357205826232,0.04425763457999273,0.13214930976899977,0.39243924553394005,0.01360463858903505,0.12550295253586868,0.0,0.028419686692051353,0.03144059047669416,0.0,0.05050449479095526,0.17193644678134698,0.9819941527214928,0.9657409934856648,0.053219062688898144,0.03270609153227221,0.01670041692033637,0.003141559286735077,0.0022108054563464903,0.26370951049889674,0.09270147086474115,6.610696135189607e-05,6.610696135189607e-05,0.5475316990756115,0.008836173523358429,0.7002860917178232,1.0,0.9167927639061155,0.6156312181118758,0.9752303986222307,0.09957270954999452,0.3245000843715459,0.0,4.8132401960071266e-06,0.02712320494079188,0.47551724953392754,0.044766539126330725,0.008046081660907636,0.02145869241095139,0.06511030609742235,0.10585746646570983,0.19371115277946294,0.09765160868060185,0.42058370189869426,0.9775591878876065,0.17421095574630813,0.0,0.054787549401833176,0.35292819141143,0.024769601377769325,0.8499227956590503,0.5035634688471071,0.018005847278507164,0.03425419327413928
0.01288299671540804,0.29619445148368384,0.11983760632778909,0.054338198975144233,0.02175156377163855,0.9999338930386481,0.3435226602285692,0.0442460243540473,0.13228521959454406,0.3921442338200726,0.013341688954835233,0.124735108851839,0.0,0.026379436936395845,0.032894121672563226,0.0,0.049368697290135884,0.16900078771845115,0.9821510707598562,0.9669347863274557,0.053098823325237327,0.033267579360143906,0.01690416144993589,0.0031412434018102168,0.002414832138970321,0.26439007185157404,0.09280319639434874,6.610696135189607e-05,6.610696135189607e-05,0.5459852909044528,0.008827209326003421,0.7043580771376381,1.0,0.9207868248327846,0.6172077474621313,0.9769483782794147,0.10190325230181842,0.3272022524730205,0.0,5.039317733745621e-06,0.027111700641405705,0.4773316870665479,0.044957245588062224,0.008063952087103324,0.021473697613641856,0.056813874598077366,0.10586417184786501,0.19387726171925165,0.09827792204378324,0.4203187986176584,0.9778311017191613,0.17090681401052296,0.0,0.05283373823081956,0.3498981308653055,0.023051621720585298,0.8487280504080457,0.5037969598085283,0.017848929240143845,0.033060174354810574
0.012891063624145114,0.2966485035365897,0.11972859620465388,0.054484662069552374,0.02163498302979788,0.9999338930386481,0.34369573132194914,0.04425265730098896,0.13244129729101595,0.3918093267817664,0.01309365970518611,0.12379530744991084,0.0,0.024392353292230443,0.034352915645851835,0.0,0.048247223707313415,0.1662030068558676,0.9823141230094945,0.9680835996878846,0.05297377924249098,0.03383582533145159,0.017100963718329414,0.003142314281542211,0.0025728275462082576,0.26488024164435164,0.09286349356457407,6.610696135189607e-05,6.610696135189607e-05,0.5447235431136261,0.008853086716173863,0.7082968188685722,1.0,0.9246465100597561,0.6187876015818649,0.9786129107937398,0.10422233767243949,0.32981286858226466,0.0,5.281454234025662e-06,0.027100683777443964,0.4791086332481233,0.04513460086824902,0.008097285421461193,0.021489729000342173,0.04910210108274669,0.1058878117941156,0.1939972859358125,0.09885801297294765,0.42005896619532246,0.97805325357864,0.16790787368151688,0.0,0.05096113664801351,0.34685948277228335,0.02138708920626019,0.8475304386202471,0.5039841245618677,0.0176858769905055,0.031911118857881345
0.012900365657574922,0.29709430201072234,0.11963309881543237,0.0546255743706848,0.021536328435423833,0.9999338930386481,0.34393486857875827,0.0442825865276931,0.13258992790472543,0.39144915298031685,0.012857808814306608,0.12275797637781953,0.0,0.022498845374216443,0.035811311259688124,0.0,0.04714214224531259,0.16354124196113473,0.9824824707188037,0.9691877650778995,0.052842710263783524,0.034359377772836756,0.01728099046145666,0.0031436677937810337,0.0027342464227258206,0.26529753939195616,0.09292124491841987,6.610696135189607e-05,6.610696135189607e-05,0.5436659538089451,0.00891394251017069,0.7120534306908834,1.0,0.9283264612771295,0.6203851095402163,0.9802297687205619,0.10651333434871788,0.33233367538101366,0.0,5.540760833353813e-06,0.02708948763890131,0.4808224191232657,0.04530353517129102,0.008097285421955607,0.02151727519273516,0.042042097905436726,0.10591421408687503,0.1942166029952453,0.09936508466077125,0.41984026948262654,0.9782282486755227,0.16518859293129706,0.0,0.04917469334865405,0.3438035792000955,0.01977023127943815,0.8463445234059696,0.5041250826578516,0.01751752928119637,0.03080669416126715
0.012911233839725044,0.2975475616846112,0.11954449911487558,0.05476585615013847,0.021441565641622702,0.9999338930386481,0.34420635091065865,0.04431362284305185,0.13274766462499907,0.3910719078228371,0.01263758605456107,0.12164091969897056,0.0,0.020701280610668393,0.03727488906741825,0.0,0.04605428316949543,0.16100028935197458,0.982655138669249,0.9702502693173123,0.052709953128153596,0.03487820646749039,0.017467243885163592,0.003147101197633418,0.002852028248944697,0.26556891355239776,0.0929124427600427,6.610696135189607e-05,6.610696135189607e-05,0.5428085427313672,0.00900847453220917,0.7156376268012694,1.0,0.9318285561066495,0.621955278393009,0.9817793583938661,0.10877014657160346,0.3347524765606426,0.0,5.81835471641519e-06,0.027076019914751445,0.48249487195987384,0.04546076555191028,0.008130618755783353,0.02154175705849171,0.03542517777904651,0.10594976283963861,0.1943185314182157,0.09984956566050289,0.4196280759865221,0.9783539394132298,0.16272145349976005,0.0,0.0474701632826822,0.34076983253957277,0.018220641606133944,0.8451755702589011,0.5042472340873829,0.01734486133075099,0.029743912327971262
0.012923150260489628,0.29802103684260095,0.11946691487798258,0.054866643555668115,0.021363868064411474,0.9999338930386481,0.3444921107332368,0.04445526504651631,0.13291122640023278,0.39067772433933506,0.012427993631923163,0.12048517492415074,0.0,0.019018126335805907,0.038733651280099896,0.0,0.044983623563558506,0.1585763985784251,0.9828315745715626,0.9712710354076824,0.05257564945575756,0.03538033084242239,0.017624872088247673,0.0031498973349500014,0.002973404320633772,0.2657139642271723,0.09293875313205027,6.610696135189607e-05,6.610696135189607e-05,0.5420532090518453,0.009137713318451587,0.7190331519770511,1.0,0.9351305456738781,0.6235082514860282,0.9832653135149015,0.11097966066116852,0.337078489275665,0.0,6.115446106474926e-06,0.027062583635691462,0.4841109396645459,0.04561062227615233,0.008130618755783353,0.02157554416827835,0.02937890360105996,0.10598212490781361,0.19451697680471383,0.10026927314148991,0.41945619294600917,0.9784342930496253,0.16048167309879816,0.0,0.04585132799031603,0.3377580972338719,0.016734686485098443,0.844036715775273,0.5043451121459098,0.017168425428437405,0.028722849146211038
0.012936398097960686,0.29845889819359667,0.11940095107264712,0.05497861924547155,0.0212862362522082,0.9999338930386481,0.34479200029977897,0.04455774791429369,0.133078135942605,0.3902892523951246,0.012232499106460234,0.11929968580572513,0.0,0.017443588981023044,0.04019431551969387,0.0,0.04393374008996364,0.1562652493049343,0.9830127962734208,0.972255597787,0.05247615578041339,0.035854605679001034,0.017770962557072587,0.0031547007672476724,0.0030722866798474522,0.26580744625626734,0.09296813071207956,6.610696135189607e-05,6.610696135189607e-05,0.5413635855628676,0.009300889036465315,0.7222771605308976,1.0,0.9382566456533599,0.6250331983398993,0.98468109102319,0.11314113196240512,0.33931438281702714,0.0,6.433254370400644e-06,0.027047988719748912,0.4856702621283124,0.04575475640004587,0.008194954107963734,0.021605867233203485,0.023906338302517843,0.1060227286407057,0.19449847606553022,0.10068078415291619,0.41927096954703447,0.9784666118570744,0.15842315366337723,0.0,0.044299765365617076,0.33477248614040683,0.015318908976809988,0.8429251279476313,0.5044203678780387,0.016987203726579223,0.02773796895862964
0.012949505587494014,0.29887805274139784,0.11934611277634209,0.0550862270196891,0.021223144278257076,0.9999338930386481,0.3450970273873166,0.04466324533713941,0.13322433234825656,0.38989904055969227,0.01204209958026487,0.1181173113645725,0.0,0.01598373853904255,0.04164870636929811,0.0,0.0428998549067387,0.154068234522338,0.9831970585441442,0.9732004415175893,0.05235257572600871,0.03628028040308735,0.017905418555923206,0.0031573039543222104,0.0031901753011449986,0.26596515182922,0.09301048556418103,6.610696135189607e-05,6.610696135189607e-05,0.5408057512295276,0.009498003171099808,0.7253370185668845,1.0,0.9411948838085572,0.6264735695928612,0.9860223205922813,0.11524182915238719,0.34145665348847504,0.0,6.7727346577470375e-06,0.02703209719410774,0.4871998282115221,0.045895822627671695,0.008184982394936683,0.021640523269092014,0.01891277970656733,0.10604310619497755,0.1947056672756492,0.10103523815673053,0.41914080160777284,0.9784598972486354,0.156545670068543,0.0,0.04282137765240025,0.33187772403784077,0.013977679407718636,0.8418583159408741,0.504475111989187,0.016802941455855775,0.026792785747752956
0.012963909338317557,0.2992964224393357,0.11929400946550281,0.05519956145045531,0.021155646661800972,0.9999338930386481,0.345393148373643,0.04474075045471393,0.13337688688837482,0.389512739989345,0.011865277355426631,0.11692716418254304,0.0,0.014623979355658947,0.0431054385669892,0.0,0.04188683246470797,0.15196448117291997,0.9833835806462091,0.974110833575287,0.0522280671885537,0.03673375375903542,0.018035724111906678,0.003162488612755214,0.003282756599222299,0.26591792973774786,0.09303293542715764,6.610696135189607e-05,6.610696135189607e-05,0.5402865465531992,0.009728962330585867,0.7282479035519664,1.0,0.9439706324599438,0.6278461918319002,0.9872778107196261,0.11729356236407469,0.3435043866692277,0.0,7.135665290253896e-06,0.027014420948345025,0.4886927278772819,0.046028391619698426,0.008195781109659836,0.02166666874114525,0.014167329908579492,0.10606158560659351,0.19483301964495273,0.10142205494743092,0.4190303137222403,0.9784057603139875,0.1548249322654905,0.0,0.0414053881843972,0.3290483696011106,0.012722189280373981,0.8408196051712173,0.5045311321578523,0.016616419353790893,0.025882030759422792
0.012978957787685381,0.2996942497891783,0.11925175777947834,0.055311356974336354,0.02109592310494181,0.9999338930386481,0.34568741104094686,0.0448133241434382,0.1335151394920511,0.3891295099130826,0.011699109366419163,0.11573664935813133,0.0,0.013362402186674999,0.04455619070494253,0.0,0.0408949010132817,0.14994801073728764,0.9835719718078578,0.9749874202072536,0.052105345003262325,0.037120396733142214,0.018156769253880923,0.003167431286010004,0.0033648643956566827,0.2659618146167929,0.09306551778685228,6.610696135189607e-05,6.610696135189607e-05,0.5399725482512726,0.00999504807095321,0.7310495625069414,1.0,0.946602772665092,0.6292021260964006,0.988459741574485,0.11929353940745693,0.3454879191202717,0.0,7.523518438574762e-06,0.02699771960670648,0.4901249826500967,0.0461581425907323,0.008209357401448982,0.021696261667986775,0.009954772949787277,0.10607624630345892,0.19494177530334525,0.10176311799301738,0.4189419445599491,0.9783058425626276,0.15321378813492725,0.0,0.040034825148233144,0.3262416831986568,0.011540258425515013,0.8398115595792613,0.5045640701424408,0.016428028192142126,0.02500505627430786
0.012994179820383388,0.300086825965562,0.11921536891387165,0.05541973854769998,0.021041180631312644,0.9999338930386481,0.34596965728528645,0.04488408562021848,0.1336471676244079,0.38874961561188115,0.011542317149463008,0.1145691480910254,0.0,0.012199569963560414,0.046001256799644105,0.0,0.03992309343244901,0.14801517213182597,0.9837615687933897,0.9758310047856964,0.051982359753771384,0.03749479028699734,0.01826273248381141,0.003172153748641189,0.0034414481887555023,0.26589488719951326,0.09310304628668359,6.610696135189607e-05,6.610696135189607e-05,0.5397295537154946,0.010296310484975788,0.7336859236787949,1.0,0.949069861749344,0.6304823729451692,0.9895591752160495,0.12123341991867059,0.34737798483954363,0.0,7.938045229125384e-06,0.026978764858478697,0.4915526073153866,0.04628159278849384,0.008222858483387718,0.021726408605704337,0.005993790725009554,0.10608278350687513,0.19503825919458664,0.10207834121805205,0.4188632683648163,0.9781613723655612,0.15174492823017965,0.0,0.03873056828709556,0.3235163702551867,0.010440824783950435,0.8388434866488804,0.5046068430286305,0.016238431206610258,0.024161057169074532
0.013010005942054799,0.3004651409315216,0.11918925271372219,0.05552470885384084,0.020990033381439552,0.9999338930386481,0.3462378173136961,0.04495232255324286,0.13377481761459714,0.38837555666201545,0.011394499339412565,0.11342753029968859,0.0,0.011129104583633396,0.04743961788100193,0.0,0.03897298850825417,0.14616179156679338,0.9839521467558396,0.976643377483402,0.051861281887213014,0.037851083483269606,0.0183610773407214,0.0031766151502713286,0.003514413157988384,0.2657735572948372,0.09313466620800658,6.610696135189607e-05,6.610696135189607e-05,0.5395374844812564,0.010634142278783554,0.736183202346457,1.0,0.9513885156205205,0.6317044657861199,0.9905794636474139,0.1231215705692963,0.3491928959021545,0.0,8.381051979147211e-06,0.02696019414305825,0.4929347966308494,0.0464040865928591,0.00823615659306595,0.02175593849356157,0.0025892195108242013,0.10608137693974656,0.19512627726031848,0.10237691151517185,0.4188061359918703,0.9779713583818039,0.15038926735385444,0.0,0.03748237979584612,0.3208559163328781,0.009420536352586105,0.8379054409224496,0.5046453125310522,0.016047853244160356,0.023348241464618887
0.0130262819353695,0.30083299363970806,0.11916946172854356,0.055626063607751845,0.020941408463771398,0.9999338930386481,0.3464924612677534,0.04501878276341985,0.1338989008747234,0.3880081251134131,0.0112549254026936,0.11231308183449845,0.0,0.010144509194648484,0.04886949699872282,0.0,0.03804398395899071,0.14438180517656934,0.9841432793658583,0.9774256918509647,0.05174311768654588,0.038188900730830394,0.01845417279835389,0.0031808188295686613,0.0035845686739081496,0.2656154569345318,0.09315778283539684,6.610696135189607e-05,6.610696135189607e-05,0.5393821482470418,0.011009330453089942,0.7385549739256856,1.0,0.9535710743584164,0.632867158266406,0.9915229510349979,0.12495752595400726,0.3509362069352914,0.0,8.854392824808735e-06,0.026941272008272694,0.49428183158550243,0.04652374421152516,0.00824909799114749,0.021784179805356255,6.610696135189633e-05,0.10607238917509172,0.19520537145188457,0.10266217617154025,0.41876723696214185,0.9777357441442165,0.14913194423981607,0.0,0.0362844164469351,0.31826334473487117,0.008477048965002084,0.836998490087002,0.5046819878881393,0.01585672063414163,0.022565453756210507
0.013042934117000285,0.30119097788732896,0.1191543861398919,0.055728090000841224,0.02089491126952663,0.9999338930386481,0.3467372499364426,0.04507249033556016,0.13401731509258177,0.38764626901326255,0.011123027013007086,0.11122601110216283,0.0,0.009239521370793227,0.05028889484776886,0.0,0.03713571875772533,0.14266978823618578,0.9843346802115857,0.9781791665427239,0.05162865169280818,0.03850687730559948,0.01856544007389031,0.0031848276711089587,0.0036523498702422624,0.2654359610400445,0.09311019690703222,6.610696135189607e-05,6.610696135189607e-05,0.5391993309497644,0.011423707038374743,0.7408126321292665,1.0,0.9556283308543179,0.6339710119829526,0.9923921552166198,0.12674350889084013,0.35261194697424614,0.0,9.360066703792418e-06,0.026921784332024336,0.49559688419819226,0.04664036930580416,0.00826173144121689,0.02180822026883245,6.610696135189607e-05,0.10605674465993944,0.1952785301921709,0.10294992034296085,0.4187378133021397,0.9774532659486181,0.14796135676857075,0.0,0.03513214777488889,0.3157400931692786,0.007607844783380163,0.8361207723514346,0.5047182647895682,0.01566531978841431,0.021811473390572395
0.01305969090181437,0.30154553729867395,0.11913740137965444,0.05582206838605103,0.020850466951808665,0.9999338930386481,0.3469845141517007,0.04514138078165746,0.13413638228737465,0.38729160791509337,0.01099820302436935,0.11015638032002502,0.0,0.008407012854241757,0.05169115465196551,0.0,0.036246856617873226,0.14101599755367278,0.9845257983037085,0.9789043523742108,0.051521167928264576,0.038804225825602286,0.01866587073136895,0.0031885590842417027,0.003718669900951152,0.2652312052478787,0.09308660506457643,6.610696135189607e-05,6.610696135189607e-05,0.5390441457356623,0.011883111439431444,0.7429746576919057,1.0,0.9575704061266175,0.635018015277648,0.9931895010663032,0.12848363691215922,0.3542208959929936,0.0,9.900190600781868e-06,0.02690166936395122,0.4968755414738153,0.04675128832778805,0.008307511205279916,0.02183014700781713,6.610696135189607e-05,0.10604759895360716,0.19524855157828555,0.10320742895885297,0.41871364640080827,0.9771186855361992,0.14686896198806923,0.0,0.03402258101914078,0.3132908300703865,0.006810498933696744,0.8352695064699676,0.5047631064533336,0.015474201696291528,0.02108574743518843
0.013074808225915483,0.3018904260806498,0.11912326838269999,0.055910081478433744,0.020807885655977253,0.9999338930386481,0.34722713536263283,0.04521643959684109,0.1342593874487002,0.3869453130730576,0.010876073995279685,0.10910888053947283,0.0,0.007642440581571546,0.05307057523567385,0.0,0.03537463062215714,0.13942093694395166,0.9847166646222625,0.9796016770079071,0.05141673343158593,0.03908537215278341,0.018760219755314975,0.003190571495280837,0.003783148575960069,0.265009198112264,0.09306905721800801,6.610696135189607e-05,6.610696135189607e-05,0.5389225865723911,0.01238731112032428,0.7450399364614233,1.0,0.959405549181518,0.6359862099830416,0.9939185309469237,0.13017836876620525,0.3557725647798902,0.0,1.047702320705111e-05,0.026881768595954033,0.4981497042399256,0.04685632223619334,0.0083253856543835,0.02185143893629895,6.610696135189607e-05,0.10603198121993627,0.19530386881231226,0.1034528679229447,0.4187208381469733,0.976736614884396,0.14585118299910388,0.0,0.03295201023691049,0.31094321478128456,0.006081469053076254,0.8344470006116376,0.5048064982761581,0.015283335377737526,0.020387845968885834
0.013091215970371646,0.30222281908379905,0.11910976320659934,0.0559962694828436,0.020766616374135162,0.9999338930386481,0.3474615856655194,0.0452856808975189,0.13437517097092505,0.38660850256852575,0.01075937780596337,0.10808808212055807,0.0,0.006940862707079174,0.05442854295491972,0.0,0.034521904454597886,0.13787969889228566,0.9849070961836323,0.9802734735590042,0.05131579780699557,0.03934932301065675,0.01885044735933379,0.0031931817583650867,0.0038481324639281704,0.2647806639201255,0.09305484754195024,6.610696135189607e-05,6.610696135189607e-05,0.5388045383397729,0.012937535782982835,0.747010835293018,1.0,0.961140096382614,0.6369036496273052,0.9945826040873049,0.13183342767989947,0.3572693078789747,0.0,1.1093125552604675e-05,0.026860696614630652,0.4994074005240712,0.04695520451713702,0.008338553603393997,0.021871457799809216,6.610696135189607e-05,0.1060138587942643,0.1953665699690468,0.10370373009912733,0.4187581647147555,0.9763030864110538,0.14490108258642392,0.0,0.03191904091030685,0.3086678074177752,0.005417395912695047,0.8336446678655027,0.5048509932287397,0.015092903816367749,0.019715433315443235
0.013107718727435547,0.3025450898917773,0.11909746823844217,0.05608025688906124,0.020726266377704423,0.9999338930386481,0.3476850955052799,0.04534984291653147,0.13448575024212756,0.3862807241150677,0.010648259999270016,0.10709160625974327,0.0,0.006297581727368204,0.05576406060010291,0.0,0.03368864576506998,0.13638684738136295,0.9850969526039477,0.9809213411202603,0.05121955029527454,0.03959779220276691,0.018938045218396635,0.00319612681476761,0.003917283350906676,0.26455756437152744,0.0930427456204503,6.610696135189607e-05,6.610696135189607e-05,0.5386646565168687,0.013534613613725748,0.7488954237522921,1.0,0.9627811380981905,0.637776784951042,0.9951853635247765,0.1334529481403289,0.3587159899974305,0.0,1.1750993937340385e-05,0.026838352433103743,0.5006572329809869,0.047046939659004604,0.008350497095072067,0.02188946989000454,6.610696135189607e-05,0.10599408782986101,0.19542634793409328,0.10395477592695336,0.41882338187009377,0.9758171263870042,0.14401296998796462,0.0,0.030921280174441276,0.30645915444885524,0.004814636475223558,0.832858406094601,0.5048971626212065,0.014903047396052286,0.019066907885802332
0.013122284162381056,0.3028595141782278,0.11908645504070828,0.05616191716537432,0.020686078290130618,0.9999338930386481,0.3478975664894805,0.04541000472385862,0.13459431858439994,0.3859572988576762,0.010542513147373023,0.10611486264370197,0.0,0.005707747669640866,0.05707581577771268,0.0,0.03287433057912127,0.13493759446142917,0.9852860912114816,0.981546556362951,0.051127651710007646,0.03986564585038372,0.019024834639783723,0.0031992319324104274,0.003971082373844201,0.26425368440455477,0.09302626704444507,6.610696135189607e-05,6.610696135189607e-05,0.5384895361914285,0.01417939401975246,0.7507053796395132,1.0,0.9643378247764204,0.6386068503738641,0.9957305990475477,0.1350434182039889,0.3601203930805369,0.0,1.245343915443711e-05,0.026814970587753627,0.5019092049026201,0.04713081331155324,0.008361941609258492,0.021904725859065593,6.610696135189607e-05,0.1059741164042915,0.19548399053438248,0.10420638733949271,0.4189143457270877,0.9752780928328745,0.14317975771678484,0.0,0.029954427553938717,0.30431733384842324,0.0042694009524523275,0.8320822512168898,0.504942012458034,0.014713908788518389,0.018440990197894573
0.013155617496424845,0.3031628042594699,0.11908253214270927,0.056241968819249095,0.020684027967085617,0.9999338930386481,0.3481198938247653,0.04548025709172657,0.13460218658835285,0.3856004783009077,0.010441896435167294,0.10516033594319024,0.0,0.005167738698665983,0.05835839049403447,0.0,0.032080741005736456,0.13352972750537112,0.9854743489354454,0.9821501358447118,0.05103932648832285,0.040103814391642234,0.01907470587993122,0.0032023013537980523,0.003999231818168573,0.2640000079257705,0.09311432347687414,6.610696135189607e-05,6.610696135189607e-05,0.538521095221599,0.014873977791506114,0.7524618413858227,1.0,0.9658195872740796,0.6394361656505344,0.9962246726555847,0.13660716697021863,0.36150111343564295,0.0,1.3203445539787703e-05,0.02679145076133144,0.5031435338171641,0.04721023599452662,0.008373091147042194,0.021922288791046445,6.610696135189607e-05,0.10595373209676913,0.195537405145551,0.10443584977216455,0.4190348213184204,0.9746841257733266,0.14237782267098706,0.0,0.02901267402725445,0.3022054438554312,0.003775327344415301,0.8313120920240449,0.504969159058986,0.014525651064554572,0.0178366607097484
0.013155617496424845,0.3034613499427624,0.11910094787889043,0.05631892624007439,0.020664604057799976,0.9999338930386481,0.3483072283286068,0.04553589304408427,0.1346656504076427,0.3852790523389623,0.010346052310009133,0.10426579026978261,0.0,0.004678635057603979,0.05961985760417348,0.0,0.031314203262113836,0.13217172650506956,0.9856617728820352,0.9827352075737781,0.05094676935876638,0.04031818848409779,0.01913573519052326,0.003205279333395604,0.004032446282916644,0.2637009801607865,0.09313903957838533,6.610696135189607e-05,6.610696135189607e-05,0.5385441422316914,0.015618386290656644,0.7541018127814693,1.0,0.9672088260084545,0.6402465122484563,0.9966705225008191,0.1381323689874842,0.36283506161037565,0.0,1.4002841667452755e-05,0.02676383295208562,0.5043612681687837,0.04728952280731399,0.008383455540711396,0.02194321266745325,6.610696135189607e-05,0.1059194436629646,0.1955745247085145,0.10464026298731603,0.41918765449244416,0.9740355613993342,0.14163239694874807,0.0,0.028112538933941476,0.3001336301473702,0.0033294774991809136,0.830553427750402,0.5049932118845548,0.014338227117964826,0.01725078958455446
0.013188950829758178,0.3037666874889529,0.11911712213544974,0.056393922756906446,0.0206393054331925,0.9999338930386481,0.34847319819216976,0.045586445307190276,0.1347415276782572,0.3849742249370652,0.01025413284833294,0.10341191560012682,0.0,0.004234066857116629,0.060848762978943045,0.0,0.030569369641881356,0.1308549221628163,0.9858469361832354,0.9832985756826734,0.05085862509775671,0.04051600533203238,0.019200318467090798,0.0032080825848488695,0.004102755294649579,0.26342798300268805,0.09314245043515305,6.610696135189607e-05,6.610696135189607e-05,0.5384103943006423,0.01641329560389546,0.7556509420944463,1.0,0.968514465463319,0.6410284165365665,0.9970709002694121,0.13962646385488334,0.36412978303689447,0.0,1.4858949938807405e-05,0.026737850331439668,0.5055875902324451,0.04736441670220944,0.008393601431043113,0.021962838720356904,6.610696135189607e-05,0.10587711225441153,0.19560298438417356,0.10483142797315294,0.4193669513837403,0.9733325715477716,0.14093714230542687,0.0,0.02725146767956442,0.29812282048449046,0.0029290997305878746,0.8298041665032353,0.5050152948002892,0.014153063816764608,0.01668656536738774
0.01319202111707671,0.3040502970331838,0.11912327868693717,0.056466313453048915,0.02060461195595367,0.9999338930386481,0.3486290385787681,0.045632673806621074,0.1348335106747825,0.3846878726782203,0.01016660023211973,0.10256949058894098,0.0,0.003827906564903731,0.06205993523002771,0.0,0.02984259975531318,0.12956984588265524,0.9860316842301294,0.9838449802279942,0.05077581489000946,0.04070287544044974,0.019274922776154155,0.0032104583934555756,0.004156718753225909,0.26320796736216506,0.09313075888226642,6.610696135189607e-05,6.610696135189607e-05,0.5383090462960828,0.017257296170367534,0.7571576066451878,1.0,0.9697608990832925,0.6417508783757205,0.9974285178008413,0.1411114576270557,0.36540082212437724,0.0,1.5772666217766132e-05,0.026710109573481314,0.5068545838722154,0.04742994010134924,0.008403735927559008,0.02197255540338248,6.610696135189607e-05,0.10583469037305673,0.1956332432892878,0.10505143648067373,0.4195666425315543,0.9725761035975128,0.1402729027658713,0.0,0.02641119435180376,0.29618918639425174,0.00257148219915868,0.8290459426176311,0.5050293319929676,0.013968315769870576,0.01613924710578805
0.013205671050884896,0.30431701011645496,0.11912484180963129,0.05653513887219143,0.020572659729447215,0.9999338930386481,0.34878356387658205,0.0456798686298258,0.13491551701886745,0.38440487967420117,0.010082822831850208,0.10174558900737593,0.0,0.003457267904973742,0.06323642963078033,0.0,0.029134400872413584,0.12831545258556273,0.986214604188864,0.9843723290201327,0.05069592396194382,0.040876514219936724,0.019349620962709035,0.003212744320472005,0.004204194423374501,0.26300366819567095,0.09312251067152237,6.610696135189607e-05,6.610696135189607e-05,0.5382129605120821,0.018153070907650882,0.7586098289449564,1.0,0.9709453094057696,0.6424467820290657,0.9977472317597991,0.1425893993004965,0.366652032398349,0.0,1.6750616698970635e-05,0.026682876237682333,0.5081442802395217,0.04748771960490881,0.008413815263566935,0.02198411176090514,0.0009183153398751914,0.1057955372847672,0.19566793627739507,0.10525473492479699,0.41978469821991327,0.9717641062604989,0.13964458204766772,0.0,0.025597422689256744,0.29431678834015396,0.0022527682402009763,0.8282761998270899,0.5050325150160883,0.013785395811136003,0.015610920363168381
0.013215056274024077,0.3045747344636387,0.11912614097326281,0.05660127340630207,0.0205430955826787,0.9999338930386481,0.34893535265761083,0.04572665661643632,0.13499018503057583,0.38413205910844517,0.010002751703841656,0.10094448411687769,0.0,0.003119962249955506,0.06437987376716021,0.0,0.028445539339299886,0.1270900589370996,0.9863960760119248,0.9848824815010198,0.05061742844993399,0.041038314245940025,0.019422874549064436,0.003214823284996395,0.004235568577796121,0.2627836491575553,0.09311545971257847,6.610696135189607e-05,6.610696135189607e-05,0.5381690736214825,0.019103753822562887,0.7600017031554769,1.0,0.9720676705999649,0.6431196092767372,0.998030511724924,0.1440620537862347,0.36787954658235467,0.0,1.779550767977774e-05,0.026639589609049275,0.5094496695273604,0.04753759505078208,0.008423646117278548,0.02199640063499544,0.0032464661034182513,0.10575862478344489,0.19570387715805027,0.10544634673362296,0.42003687234569037,0.9708934944735954,0.13905381272764547,0.0,0.02481236715007963,0.29250051695610263,0.001969488275075984,0.8274924068744653,0.5050303944805458,0.013603923988075207,0.015099722991300489
0.013235272810336204,0.3048205774266475,0.11912862100202118,0.05666443728044162,0.020517588296547293,0.9999338930386481,0.34908078007503285,0.04577291503928829,0.13505218311163758,0.3838593504060783,0.00992597605474003,0.10017335414339174,0.0,0.002813984597281485,0.0654865789674985,0.0,0.027776642420451348,0.12588980686196014,0.9865756720791193,0.985375838996872,0.05054308787274597,0.04118968913702124,0.019491802893002806,0.003216833115362719,0.004264939039224779,0.26254263317701587,0.0931102758266067,6.610696135189607e-05,6.610696135189607e-05,0.538126307040216,0.020116935988219474,0.761323436691073,1.0,0.9731254110724106,0.6437846300305448,0.9982818067907518,0.1455304068325611,0.36909055594004453,0.0,1.891255565264508e-05,0.026615065025197397,0.5107620694524341,0.04758247810032154,0.008433165414577549,0.022011913211668118,0.006737982302972423,0.1057210294366476,0.19573695595517276,0.10561639091150196,0.4202974534398101,0.9699570879570405,0.1385032091655353,0.0,0.02406060433030794,0.2907287910019568,0.0017181932092481032,0.8266929507469876,0.5050196371979954,0.013424327920880696,0.014605248447475351
0.013250404447794966,0.3050616585054938,0.11913442865063563,0.05672585887933673,0.020493818229621315,0.9999338930386481,0.3492193213311933,0.045816820191093205,0.13511001848324636,0.3835943936616577,0.0098524327782842,0.0994336029535713,0.0,0.0025368958321633954,0.06656061046982693,0.0,0.02712823243162144,0.12471818163061539,0.9867538996442723,0.9858536175454528,0.05046615324590339,0.0413353404575696,0.01955853995897438,0.003218400533290473,0.004294004183340449,0.26223602181482786,0.09310243147090201,6.610696135189607e-05,6.610696135189607e-05,0.538076431940897,0.021191695823487053,0.7625780699449554,1.0,0.9741214316831196,0.6444277909521954,0.9985040898637468,0.14698917964603497,0.3702667950061342,0.0,2.0104696287384628e-05,0.026593900116058444,0.5120987542683378,0.047624130968909675,0.008442871408512688,0.022061119402149214,0.01105605031965217,0.10568596889455317,0.195775035661287,0.10562322446162088,0.4205453210499473,0.9689558713982287,0.13798832710147335,0.0,0.023341672484717014,0.2890115985779777,0.0014959101362531971,0.8258825879223436,0.5050150233632504,0.013246100355727767,0.014126277758259842
0.0132645296246342,0.30529687541293227,0.11914030062358653,0.05678558664186337,0.020467667315831457,0.9999338930386481,0.3493503185550811,0.045857904862116786,0.13517362213439654,0.3833371257713468,0.009781792129755305,0.09872055696532096,0.0,0.0022859067984362384,0.0676008473988737,0.0,0.02649793115305154,0.1235719786294876,0.9869312152979336,0.9863158385823408,0.05039002121980975,0.04144257480140043,0.019623654176475887,0.0032194532512219236,0.004321451689613089,0.2619888855073796,0.09309850150028356,6.610696135189607e-05,6.610696135189607e-05,0.5380997769236507,0.022328296444386008,0.7637807412816608,1.0,0.9750606899195305,0.6450600071670838,0.9987004060801642,0.14844298208877865,0.3714182119239124,0.0,2.1377816023204946e-05,0.026542435974375847,0.5134681370255973,0.047664182759336586,0.008452899446793644,0.02208235121108474,0.016167847306533478,0.10564377578312123,0.19580905805115065,0.10575118371260923,0.42085832005120244,0.9678899114258587,0.13749870175301823,0.0,0.022653403282033233,0.2873391454340425,0.0012995939198357845,0.8250590867581699,0.5050098094466001,0.013068784702066356,0.013662783601636013
0.013279637163384225,0.30552335119653057,0.11914502347505536,0.05684272942346628,0.020444062316451274,0.9999338930386481,0.3494724556193496,0.04589707147915523,0.13522549240141,0.3831207876514545,0.009713388133788518,0.09803762390849823,0.0,0.0020590958743921185,0.06860790113596482,0.0,0.025885544510779276,0.12244258673330603,0.9871067439233097,0.9867635553533731,0.0503195689653421,0.04155521357663154,0.01968737251549108,0.0032204153385920393,0.004383479741457802,0.26171068286867716,0.09308927326019686,6.610696135189607e-05,6.610696135189607e-05,0.5379595569363277,0.023533150883806846,0.7649079859245067,1.0,0.975941178605817,0.645660442773268,0.9988727813388492,0.14990260734021138,0.3725551380331226,0.0,2.2737845828971536e-05,0.026519068456191352,0.5148751680229217,0.047695254546712924,0.008462266641203812,0.02209815505874041,0.022163276140913943,0.10559841059004846,0.1958386327658563,0.10589636950171208,0.42118342370135947,0.9667534609824047,0.13705439016699514,0.0,0.02199972551979093,0.28573165609076717,0.0011272186611508074,0.8242118481490094,0.5050022752335713,0.012893256076690382,0.013213706800797953
0.013292793716090857,0.30573440833512416,0.11913888656330703,0.05689572195411023,0.020414671425543814,0.9999338930386481,0.349574531389206,0.045931763317114335,0.13528100911276938,0.38290142431383895,0.009647176945349167,0.09736176388333552,0.0,0.0018529456644096965,0.069583593729669,0.0,0.025289318611432608,0.12133243296775781,0.9872803574291705,0.9871967629686413,0.05024858971003749,0.04166944144352245,0.01975982927027723,0.003220868965465697,0.004427019257397362,0.26141550944315955,0.09307548454004505,6.610696135189607e-05,6.610696135189607e-05,0.5378473892196337,0.024800432106984332,0.7660153587504906,1.0,0.9767846349883181,0.6462154195561792,0.9990237553517836,0.15138136433577018,0.37367972109399333,0.0,2.4191395762149383e-05,0.026484752368186745,0.516348204143596,0.04771565757078537,0.008472300742602907,0.02210368278538902,0.028633039515925697,0.10555739602580466,0.19587792317270236,0.10607196250841985,0.42154474513054924,0.9655523909476665,0.1366228773661739,0.0,0.021362419347272177,0.2842009867141517,0.0009762446482164908,0.8233293170527972,0.5049878459382489,0.01271964257082944,0.012779045635596516
0.013305806170353785,0.305935609426276,0.1191352000317093,0.056947557986447454,0.020389386740459037,0.9999338930386481,0.34967547249940556,0.04596514812834071,0.13532467273219317,0.3826827170938854,0.009583016406585432,0.09669981096919766,0.0,0.001666001881004244,0.0705205153897406,0.0,0.024710700554550668,0.12023744760468559,0.987452091837022,0.9876165264321175,0.050178550425775216,0.04177843090342138,0.019832157817879146,0.0032210472311579546,0.004464746792633845,0.26110918371895214,0.09306501254128538,6.610696135189607e-05,6.610696135189607e-05,0.5377391598743121,0.026135190608573416,0.767096312763933,1.0,0.9775898042371688,0.6467641311317636,0.9991559417201937,0.15288244059174944,0.3748070590866537,0.0,2.5743292086397936e-05,0.02644731611340649,0.5178620922684151,0.04772573347585798,0.008482231158301455,0.022111620742411766,0.035974728397174485,0.10552254113533849,0.1959220656641597,0.10623138445626272,0.4219423054338808,0.9642817929848412,0.13620387626686933,0.0,0.020744193881827005,0.2827153534784959,0.0008440582798062457,0.8224068588536999,0.5049554933086607,0.01254790816297807,0.012357730275796144
0.01331868972344807,0.30613190754935893,0.11913377474023512,0.05699820145386853,0.02036651817547297,0.9999338930386481,0.3497737754185372,0.0459960150395277,0.1353612448670246,0.3824659320697951,0.009520735326892897,0.09605501081804632,0.0,0.001496755885004823,0.07141774948720946,0.0,0.024149899758253515,0.11915597212715899,0.9876218139843349,0.988023334405506,0.05010899468174667,0.04188178752684717,0.019903766434744966,0.003221003905550522,0.0045002608939551094,0.2607923501010347,0.0930557243134409,6.610696135189607e-05,6.610696135189607e-05,0.5376277707048993,0.027539200426273086,0.768147176661313,1.0,0.9783574512093144,0.647312861511658,0.9992714973298772,0.15440540767500835,0.37593828871631574,0.0,2.740003467715858e-05,0.02640782163594072,0.5194231401272902,0.04772546147535983,0.008492092915422234,0.022120403579082546,0.04426867360947482,0.10549244127431678,0.19596765120329881,0.106378349560461,0.4223758662339127,0.962940064246834,0.13579781252064066,0.0,0.020145792905680745,0.2812693890011325,0.0007285026701227644,0.8214446925667381,0.5049057391565254,0.01237818601566508,0.011949265559816787
0.013331406228121354,0.3063238023405645,0.11913421423611528,0.05704787545384073,0.02034510701287614,0.9999338930386481,0.3498686296180147,0.04602386752891233,0.13539317436689485,0.38225292044753967,0.009460198603093663,0.09542791194693942,0.0,0.0013437002001020512,0.07227551223179556,0.0,0.023606825119571906,0.11808672129763347,0.9877894717591998,0.9884176741256219,0.05003679132113699,0.04197925314803656,0.019975385802507427,0.003220726641969711,0.004535058462589534,0.2604674902409544,0.09304565581369806,6.610696135189607e-05,6.610696135189607e-05,0.5375206390607261,0.029013463090865225,0.7691689575679014,1.0,0.979089586857093,0.6478627631140543,0.9993723260862909,0.1559523811816439,0.3770750948972533,0.0,2.916880265302575e-05,0.026366615735817577,0.5210385317193538,0.04771485629960102,0.008501977421962894,0.02212902618802857,0.05356501691648359,0.10546656012648363,0.19601466097514822,0.10651661490894504,0.42284562063333614,0.9615263383060411,0.13540313048515915,0.0,0.01956671294280491,0.27986172465415005,0.0006276739137091505,0.8204407936987842,0.5048381838051131,0.01221052824080015,0.01155315707172516
0.013343941390177732,0.30651135101671384,0.11913556848468657,0.05709546676198517,0.020324670063216567,0.9999338930386481,0.34995917537676846,0.04605177173252551,0.13542184170054025,0.3820464512918956,0.009401266770454341,0.09481744028104676,0.0,0.0012053869866311946,0.07309404353629316,0.0,0.023081192966584688,0.11702797157142457,0.9879550173584399,0.9888000051160998,0.04996653792338582,0.04207067429360615,0.020047604344261987,0.0032201621113721636,0.004569854736773364,0.2601287859772081,0.09303289754131198,6.610696135189607e-05,6.610696135189607e-05,0.5374044014972896,0.03055851617536852,0.770165159003925,1.0,0.9797887812174852,0.6484146225374171,0.9994601347674262,0.1575273339927561,0.3782204071555914,0.0,3.105744897254621e-05,0.02632404820249949,0.5227160968341819,0.0476934250805464,0.008511946873338972,0.02213698633754644,0.0638941784674141,0.10544523263329028,0.19606399869772834,0.10664825461434539,0.4233518014054665,0.9600402170541771,0.13501740071502819,0.0,0.01900583179588357,0.2784913339262898,0.0005398652325738005,0.8193914730406593,0.5047516212729841,0.012044982641560072,0.011168937434927691
0.013356169380075283,0.30669293861547015,0.11913663109991095,0.05713889365481452,0.020304919280211022,0.9999338930386481,0.35004397491540257,0.046084902189225736,0.13544812288973188,0.38184688247906257,0.009343808183988132,0.09422318953565985,0.0,0.0010804965646553034,0.07387397893300254,0.0,0.022572789141864558,0.11597881411228397,0.9881184391051083,0.9891707958344679,0.049896336754799785,0.04215637314107403,0.02012107138850093,0.0032193364502721374,0.004606205376097134,0.2597866979412746,0.09301776584245351,6.610696135189607e-05,6.610696135189607e-05,0.5372745151536082,0.03217447191357771,0.7711374717328913,1.0,0.9804571927066005,0.6489675219409252,0.9995364445354571,0.1591338747966124,0.3793759506865489,0.0,3.307414315147435e-05,0.02627990912549835,0.5244632124394095,0.04766055214141688,0.008522024976095293,0.022144060897623993,0.07536229928156252,0.10542927671786868,0.19611631456448797,0.10677443695319494,0.42389451153691177,0.9584817199024341,0.1346393387314489,0.0,0.018462310728744238,0.27715849912607227,0.0004635554645429223,0.818293336061523,0.5046452352011671,0.011881560894891672,0.010796130022380692
0.0133680652160712,0.30686837030072894,0.119136900525435,0.057179647485346735,0.020285554496611125,0.9999338930386481,0.3501237601231509,0.046119287190721794,0.13547163952742144,0.38165390261377524,0.009287692372087583,0.09364353894536241,0.0,0.0009677860647495804,0.07461579569372177,0.0,0.022081260385760092,0.11493803764258034,0.9882797725232152,0.9895305377996507,0.04982599377201676,0.04223657108498921,0.020199208322859222,0.0032182736706809303,0.004648098345010912,0.25944544398790526,0.09299282676895998,6.610696135189607e-05,6.610696135189607e-05,0.5371099944117295,0.03386117431394189,0.77208978815156,1.0,0.9810974401790732,0.6495214409499847,0.9996026246215008,0.16077697331051458,0.38054471442064486,0.0,3.5227427639883926e-05,0.02623434266975221,0.5262882861087911,0.04761526645388443,0.00853227869825157,0.022149844561231723,0.08803856108219268,0.10542005926542385,0.19617309018738804,0.10689748958789526,0.4244741880938839,0.9568511333139705,0.1342666729030776,0.0,0.0179347737561772,0.27586276335629367,0.000397375378499133,0.8171417663037254,0.5045172479367749,0.01172022747678486,0.010434234772709392
0.013379652673581358,0.3070394632563578,0.11913536336030008,0.05721875728508277,0.02026584220486549,0.9999338930386481,0.3502008715388588,0.04615278583059732,0.1354938859622902,0.38146656743492624,0.009232803436262036,0.09307403518532528,0.0,0.0008660578647015107,0.07531964030705669,0.0,0.021605769730316225,0.11390337646716009,0.9884390245319381,0.9898796768208799,0.049755939228958226,0.04227877038218004,0.020281944496546817,0.003216919338980594,0.004692415485092809,0.25920720113405954,0.092967523707913,6.610696135189607e-05,6.610696135189607e-05,0.5370038194959388,0.03561802606348777,0.7730297399718664,1.0,0.9817130965693511,0.6500752888329646,0.9996598953145945,0.16246355532545323,0.38173081686097393,0.0,3.752644064141223e-05,0.02622088567129024,0.5282152954522726,0.047557456712361494,0.008543013894441514,0.02215370035279062,0.10193479227411233,0.10542089000403057,0.19624001144729425,0.10702365159663896,0.4250524387964712,0.9551491705002502,0.13389622484280833,0.0,0.017420845565947325,0.2746050708599786,0.00034010468540541334,0.8159306749442305,0.5043658066718659,0.011560975468061894,0.010082796738478767
0.013389355814738423,0.3072107607973343,0.11913149130254967,0.05725646230598805,0.02024631388421677,0.9999338930386481,0.3502755243930588,0.04618512609350184,0.13551634685357003,0.3812846157099394,0.0091791150950577,0.0925197582475704,0.0,0.0007744679651136692,0.0759849229509337,0.0,0.021146227660578634,0.11288122779030417,0.988596371612099,0.990218188979028,0.049676352177710756,0.042330783871498856,0.020367074912752633,0.0032150223501288635,0.004704647029527196,0.2588407364968035,0.09292894896652515,6.610696135189607e-05,6.610696135189607e-05,0.5369898872764068,0.0374355583431832,0.773929167665778,1.0,0.9822985222101946,0.6505960520514159,0.9997091924050838,0.16418781186406708,0.3828957333534225,0.0,3.9981418335990566e-05,0.026179734946689875,0.5302628028193418,0.047482941302099534,0.00855429217847983,0.022155557322968113,0.11669130049063156,0.10543439147405691,0.19632077712102278,0.10715067870395716,0.4256816105137123,0.9533853265617591,0.13355107408665154,0.0,0.016927009824691648,0.2734190249976503,0.0002908075949161668,0.8146659604753542,0.5042230388562734,0.011403628387900974,0.009741829602636079
0.013399837609893663,0.3073651956720469,0.11912836520313487,0.05729195881355711,0.020232748368517055,0.9999338930386481,0.3503481774335776,0.04621671508799025,0.1355186787412292,0.3811091134869901,0.009126464093938979,0.09198786200068278,0.0,0.0006922760836281823,0.07660507835849405,0.0,0.020705332829142192,0.11186536836692329,0.988751690238453,0.9905469025234237,0.04959585434845735,0.04238067572434789,0.020446846691918402,0.003212816211679657,0.0047355024109389295,0.2584449156937828,0.09288695119446125,6.610696135189607e-05,6.610696135189607e-05,0.536904114150663,0.03932427530994693,0.77479248611817,1.0,0.9828511576274979,0.6511467009196421,0.9997516950706641,0.16595651854372767,0.3840812990673153,0.0,4.260316014003776e-05,0.02613326308723875,0.5323761645374081,0.04739500937646104,0.008565150847486038,0.02216410759887858,0.13337489858222412,0.1054571793610195,0.19639977463952404,0.10724130906418264,0.42635923508774315,0.9515492605961141,0.1332196518811473,0.0,0.016456566288873955,0.27224822072186383,0.0002483049293358788,0.8133381486271302,0.5040533325657615,0.011248309761547058,0.009410494316436206
0.013410395407933052,0.3075162263541462,0.11912539356103702,0.057326668341608246,0.020217235619099962,0.9999338930386481,0.35041284014955565,0.04624321088947192,0.13552223415604409,0.3809388082492179,0.009074736567602904,0.09147035368677744,0.0,0.0006184182543617324,0.07718728841846315,0.0,0.02028102479225622,0.11085282748603337,0.9889049143826799,0.9908661614206793,0.04951749221121812,0.04243026227059782,0.020530361893594598,0.0032103508279587877,0.004774009794575055,0.2580684856769885,0.09283886777977236,6.610696135189607e-05,6.610696135189607e-05,0.5367729197349268,0.041280771078457595,0.7756401676249643,1.0,0.983379061330545,0.6517070823135457,0.9997882730255431,0.16777704099690435,0.3852931294406761,0.0,4.5401951332263306e-05,0.026084717926784812,0.5345915127091804,0.04729088443926339,0.00857626061574041,0.022168075802158366,0.15187453365299475,0.1054903517551202,0.19648224602564265,0.10734223812202148,0.42708200149766556,0.9496444923539396,0.13288947868825818,0.0,0.016002520415093348,0.2711056292679912,0.00021172697445691726,0.8119419342108394,0.5038540430732906,0.011095085617320111,0.009088436627988443
0.0134207043359845,0.3076636257907998,0.11912176238634165,0.0573612395113264,0.020200854672378386,0.9999338930386481,0.35047406360548605,0.04626555498102417,0.1355252780489924,0.38077268952621673,0.009023921809659172,0.09096173868267284,0.0,0.0005520003232085416,0.07773289849668902,0.0,0.019872320902567134,0.10984167789370655,0.9890560598943947,0.9911763434346877,0.049439654122238615,0.04247770304731645,0.020618618611540983,0.0032076709421238903,0.004816639040336234,0.2577128544113079,0.09278718842398648,6.610696135189607e-05,6.610696135189607e-05,0.536612520464739,0.04330340040906818,0.7764847544286771,1.0,0.983887108772039,0.6522766025231364,0.999819704663041,0.16965687314268596,0.38653753567918087,0.0,4.838975880913402e-05,0.02603447201238648,0.5369210857707584,0.04716781104632338,0.008587661904777114,0.022168602380282103,0.17225767024816954,0.1055380223615766,0.19657352944369935,0.10744951691856296,0.42784901062057495,0.9476726777812726,0.13255350688864995,0.0,0.015560890904752427,0.26999049898017463,0.0001802953369589886,0.810470805954747,0.5036207864271126,0.01094394010560526,0.008775266806503155
0.013429871162935694,0.3078078121678948,0.11911695537077166,0.057395606665119225,0.020184324723756857,0.9999338930386481,0.35053422190811917,0.04628448141808202,0.13552641128976434,0.3806107022066533,0.008974013618182598,0.09045919471896506,0.0,0.0004922701766270734,0.07824226396084877,0.0,0.019478592288633228,0.10883045886037575,0.9892051244207437,0.9914777832492085,0.04936118741340957,0.04252236427064051,0.02067782109507194,0.003204749772768984,0.004861718539500984,0.2573664096938409,0.09282685044181574,6.610696135189607e-05,6.610696135189607e-05,0.5365186636799798,0.04539063515246378,0.7773314498794562,1.0,0.984378171715157,0.6528573629818185,0.999846673380341,0.17160120435934303,0.3878174679829634,0.0,5.15795692957156e-05,0.025982757480075547,0.5393767861901536,0.047023428291874426,0.008599333627849037,0.022166667383888592,0.19472189237910525,0.1056037729617158,0.19667582930618316,0.10755963676255093,0.42865979253346986,0.9456353512293536,0.13220935540157877,0.0,0.015129558108215974,0.2689003730573327,0.00015332661965904073,0.8089202033520237,0.5033520731566609,0.010794875579256309,0.008470637181495728
0.013438116803723676,0.307942484491107,0.11911865042892239,0.05742890857110782,0.02016831989828437,0.9999338930386481,0.35057674765376373,0.04629830188459645,0.13552383401210802,0.38045467173996883,0.008925278854495358,0.08997235768883012,0.0,0.0004386447712114871,0.07872226642806641,0.0,0.019100692883139956,0.10782334575557485,0.9893520940730401,0.9917707558445511,0.049278090866443455,0.04256182242790478,0.02076144839716144,0.0032016534583218337,0.004907505249482676,0.25701556388284064,0.09279687232381931,6.610696135189607e-05,6.610696135189607e-05,0.5363994039586969,0.04753946033586024,0.7781711638089703,1.0,0.9848544688247024,0.6534466883303757,0.9998697830001483,0.17361292582626317,0.3891349148641888,0.0,5.49861642012517e-05,0.025929219649872052,0.5419574781868017,0.046861797578474425,0.008611185837157797,0.022163212184431763,0.2194153446937735,0.10568018912605953,0.19678328803567877,0.10766883345469316,0.4295169811406323,0.9435352608096444,0.1318564785021995,0.0,0.01470688640408614,0.26783104524155793,0.00013021699985174787,0.8072863812905968,0.5030417393802363,0.010647905926959848,0.0081742579912476
0.013446173500621592,0.30807687572013365,0.11911728821105122,0.05746226672868228,0.02015314396171381,0.9999338930386481,0.3506201710430282,0.04630971482858247,0.13551619985583163,0.3803009950545512,0.0088774808344676,0.08949298105278707,0.0,0.0003904970563022678,0.07916833499955125,0.0,0.018737359983581028,0.10681581602362543,0.9894968963690719,0.9920554887500065,0.04919331756778056,0.0425982949623805,0.02085503349624861,0.0031982729677110648,0.004955020826560528,0.25667827354354283,0.09274064515647412,6.610696135189607e-05,6.610696135189607e-05,0.536253689243614,0.04974857892230932,0.7790126059716921,1.0,0.9853167202558564,0.6540523455966195,0.9998895535421519,0.175694407734878,0.3904889311599863,0.0,5.862436732664233e-05,0.025874990217782366,0.5446862398483614,0.046676541834609,0.008623368413573623,0.022157966564828924,0.24666572182716162,0.10577716973363109,0.1969026043945631,0.1077773319065782,0.43041773979855885,0.9413739402432231,0.13149441297552095,0.0,0.014292782687841378,0.2667793194038292,0.00011044645784808827,0.805568232281541,0.5026952528163883,0.010503103630928096,0.007885886882666868
0.01345406730821624,0.30821015860257095,0.11911355615119486,0.05749559085605714,0.02013851582466464,0.9999338930386481,0.35066784740393697,0.046318841415349525,0.13550565458835254,0.3801489926484667,0.008830615793655782,0.08901828946514508,0.0,0.0003472881239498437,0.07957988351244719,0.0,0.018388079814933535,0.10580628281513192,0.989639624392146,0.9923323272745184,0.049106701574092394,0.0426321337714989,0.0209545346511076,0.003194673081433358,0.00499166540627022,0.25635670093338736,0.09267153457649165,6.610696135189607e-05,6.610696135189607e-05,0.5361351629913923,0.052016711330589376,0.7798598967079391,1.0,0.9857660662352361,0.6546781714817375,0.9999064431707868,0.17785044264184266,0.39188203559867263,0.0,6.251039859851168e-05,0.0258201405956713,0.5475750280316337,0.04646487592228168,0.008635915686981214,0.022150943985955338,0.27679775151731445,0.10589972437091859,0.19703547292251938,0.10788647430340911,0.4313632268741636,0.9391526728757549,0.1311218138269158,0.0,0.01388664564081413,0.2657419450058153,9.355682921314065e-05,0.8037614775432238,0.5023116815861955,0.010360375607854012,0.00760516232688316
0.013461730887169704,0.30833908874934196,0.11910878187673864,0.05756182149344073,0.020126295658729254,0.9999338930386481,0.3507318664672901,0.04623384096422038,0.1354668153766231,0.37998640300634606,0.008784664830642518,0.08855228321145855,0.0,0.00030858503206655774,0.07995566055502143,0.0,0.018053716620233848,0.10479499650950426,0.9897803451197918,0.9926015723158279,0.04901618476506254,0.042661995932398285,0.02105536350558313,0.003190894929161621,0.005024998740641494,0.25603503411392586,0.0925939223341535,6.610696135189607e-05,6.610696135189607e-05,0.5360316581557687,0.054343666433577256,0.7807068633756786,1.0,0.9862008609022558,0.6553353573982444,0.9999208581483641,0.1800796152790637,0.3933143327974138,0.0,6.666156115443926e-05,0.025764410787937116,0.5506109113847112,0.046226327774725885,0.008648652587542568,0.022145228906177254,0.31042128937397795,0.10604921170071435,0.19717914083860666,0.10798319059856187,0.43236045394034234,0.9368716687357802,0.13074085341286285,0.0,0.013490554065677667,0.2647089820467341,7.914185163594244e-05,0.8018666681007025,0.5018906706930819,0.010219654880208116,0.007331766123017625
0.013469578930320105,0.3084739340233757,0.11910878100433098,0.05761382669342528,0.020115656708943875,0.9999338930386481,0.35079184779326705,0.04618689294726426,0.13543490898960645,0.3798228725512291,0.008739739664792317,0.08809740447129606,0.0,0.00027395483912921845,0.08029686565572507,0.0,0.01773393224458315,0.1037783353898529,0.9899185244051633,0.9928630696491724,0.04892199360577342,0.04268776244432773,0.02115741127098418,0.003186601926800839,0.00507894364149166,0.2557214627862346,0.09250812965858861,6.610696135189607e-05,6.610696135189607e-05,0.5358618275558791,0.056726235586806735,0.7815498372518143,1.0,0.9866210589242145,0.6560231611082455,0.9999331455157716,0.182380231728206,0.39478522487049306,0.0,7.109998230664917e-05,0.025707876994818836,0.5538189876251287,0.04595889938782324,0.008661375488408935,0.02213938121218168,0.3479621460053497,0.10622571889516222,0.19733183370305307,0.10807300600274598,0.4334068663260724,0.934534024748401,0.13035275827688966,0.0,0.013104986236656293,0.26367997323602943,6.685448422834413e-05,0.7998858360272109,0.501436439739654,0.01008147559483679,0.007065830368520988
0.013477451738288149,0.3086115940541743,0.11910877005983206,0.05765882520768189,0.020102676234350306,0.9999338930386481,0.3508520114100154,0.04615842246803166,0.13541408045403017,0.3796610684150398,0.008695918514850342,0.08764519996089758,0.0,0.00024294873210984296,0.08060915674985988,0.0,0.017426701810742514,0.10275586078850195,0.9900545714877586,0.9931172897417652,0.04882669571972845,0.04271202731302136,0.021252902916964078,0.0031821781118835228,0.005158508417704798,0.2554480583381336,0.0924530453316552,6.610696135189607e-05,6.610696135189607e-05,0.5356248701819964,0.05915901310539567,0.7824045249331999,1.0,0.9870315466769276,0.6567259199863283,0.9999435970006965,0.18476561107843312,0.3963000981989738,0.0,7.584623394740109e-05,0.025651382020710694,0.5572328728220973,0.04565769846292783,0.008674789300658394,0.022127249187245557,0.3897794457579306,0.10643509971894918,0.19750010093061682,0.10818204771181009,0.43450266048952974,0.932145068379754,0.12995027510590246,0.0,0.012725504590962538,0.26266492326381174,5.640299930358996e-05,0.7978076871108244,0.5009440410125243,0.009945428512241448,0.0068068640242874455
0.013485177992823219,0.30874991110517397,0.11910838938305811,0.05770014584934718,0.020086311021404915,0.9999338930386481,0.350910549562494,0.04613813256887521,0.1354041313928308,0.3795020034088107,0.008653458279768347,0.0871887553335807,0.0,0.00021516353846957908,0.08089818079060627,0.0,0.017129883304331007,0.10172747928826163,0.9901887088442586,0.9933645972012843,0.04873005888051173,0.04273536015709621,0.021380556127702028,0.0031777805606502973,0.005216290095361397,0.2552305852381801,0.09229371717372198,6.610696135189607e-05,6.610696135189607e-05,0.5354221716741089,0.06163761238592866,0.783284715234525,1.0,0.9874380635200641,0.65743426874615,0.9999524690567554,0.18725185428717833,0.39786818684501696,0.0,8.09229943557027e-05,0.025594815517639993,0.5608821094938996,0.045317807275576175,0.008688925066836578,0.02210695009712166,0.43629926425292687,0.10668268701041525,0.19768986787082782,0.10831997078701283,0.4356484617129992,0.929708929334303,0.12952652943189424,0.0,0.012346772941466279,0.26166755046324375,4.7530943244583054e-05,0.7956182624084907,0.5004043338667213,0.0098112911557414,0.006554479804359935
0.01349262461727651,0.3088856231663903,0.11910199222255592,0.05773911648091373,0.02007320811248458,0.9999338930386481,0.3509839567680091,0.046125356910297545,0.13538616799023664,0.3793448929005905,0.0086121484027484,0.08672955442721253,0.0,0.00019032571232237766,0.0811541021139955,0.0,0.01684462337648286,0.10069226453526044,0.9903210721321897,0.9936053108623537,0.04862826706944463,0.04275492979111178,0.021503402987624213,0.003173348191832927,0.005270061417615692,0.25502702402064537,0.09216576320724103,6.610696135189607e-05,6.610696135189607e-05,0.5352386846930628,0.06416601644640726,0.7841838680894123,1.0,0.9878364485299754,0.6581856768464787,0.9999599973840677,0.18983401892400126,0.3994903284287294,0.0,8.635350485534082e-05,0.025537810305510035,0.5647566497496335,0.044936113672565656,0.008703313893803397,0.02208930807217963,0.48879529443420794,0.10697767272430586,0.19789777172955106,0.10844132876444718,0.4368470628407763,0.9272218351508443,0.12908657748337515,0.0,0.011973225757702188,0.26066022103952585,4.0002615932313624e-05,0.7933213576995158,0.4998174070360102,0.009678927867810364,0.0063083356327910105
0.01349984803533875,0.30901735000525554,0.11909412626219255,0.05777609831369444,0.020061575959088713,0.9999338930386481,0.35105922208122425,0.04611527903686401,0.13536414810939382,0.3791908134490369,0.008572018180374388,0.08627301634311113,0.0,0.00016816461316562073,0.08138048173711053,0.0,0.016571409283498026,0.09965155689058619,0.9904518339625871,0.9938396820449718,0.04852147129501388,0.042772134731289074,0.02162497977992476,0.0031689389757056244,0.005324059827204561,0.25484080569710366,0.09204341893027712,6.610696135189607e-05,6.610696135189607e-05,0.5350651655467155,0.0667418621309173,0.785093703099882,1.0,0.9882258673037698,0.6589784699244952,0.9999663786440728,0.19250918092555644,0.40116339402592405,0.0,9.216339312221094e-05,0.025480746016159808,0.5688690973277584,0.044511312011449644,0.008718048209729917,0.022071928828435505,0.5485039434710021,0.10731752337367785,0.1981207356697361,0.1085555693149004,0.4381033279484828,0.9246861196887083,0.12863328055700687,0.0,0.011605968083064543,0.25964104833839424,3.3621355927240516e-05,0.7909194097909455,0.4991850490834897,0.009548166037412912,0.006068154561905982
0.013506859789338143,0.3091459540160132,0.11908603796964766,0.05781188689715263,0.020050480539822908,0.9999338930386481,0.3511324476499714,0.04610559930542964,0.13533973804688976,0.37903953517864847,0.00853308875034231,0.08582087234560686,0.0,0.00014841905505736687,0.0815806184696422,0.0,0.016310132049324418,0.0986059963602996,0.9905811450516657,0.9940679196049302,0.04840992777433377,0.04278747669471757,0.02174278141724044,0.0031645149375480906,0.005379896213903456,0.2546754876242517,0.09192957505513344,6.610696135189607e-05,6.610696135189607e-05,0.534906559703981,0.06936173751999847,0.786013670549232,1.0,0.9886066382624599,0.6598115545080283,0.9999717813417137,0.19527785222705893,0.40288776614469507,0.0,9.838031843315567e-05,0.025423802278695458,0.573236199280059,0.04404127558347672,0.008733122861091638,0.02205330820143443,0.6169723399136242,0.10770313383376695,0.1983574592681542,0.1086680270189081,0.43942051743113725,0.9221051737296592,0.1281654571051612,0.0,0.011244942682482809,0.25860782702232943,2.821865828623037e-05,0.7884120157236166,0.4985062374950053,0.009418854948334226,0.005833700076636635
0.013513674084671749,0.3092716277218809,0.119078918920558,0.057846951814424154,0.020039606806608087,0.9999338930386481,0.35120112411618637,0.04609502427218779,0.13531361593117877,0.3788907058628321,0.00849542057227424,0.08537485312696713,0.0,0.0001308485412099012,0.08175847373572957,0.0,0.016060555296187412,0.09755642125882563,0.990709155280647,0.9942902116010275,0.048293402290047485,0.04280100756579557,0.021853725305590304,0.0031600487792053573,0.00543807430806803,0.254532430688803,0.09183082404087528,6.610696135189607e-05,6.610696135189607e-05,0.5347736298698136,0.07202173885214662,0.786944087177236,1.0,0.9889794461153092,0.6606838504435003,0.9999763500190076,0.1981413178053271,0.404664930136359,0.0,0.00010503453779899975,0.02540035265364882,0.5778874174564702,0.04352586693562998,0.00874876431489017,0.02199996803922201,0.6960659016736848,0.10813118865906496,0.1986037726612783,0.10893404994151211,0.4407935491803408,0.9194828405755792,0.12768105969579693,0.0,0.010889705343480927,0.25755767582077016,2.3649980992307244e-05,0.7857981268984855,0.49777864860481535,0.009290844719353044,0.005604753861173558
0.01351915806524039,0.3093946528759092,0.11907450238502496,0.05788129677535683,0.020031031832755182,0.9999338930386481,0.3512638370794089,0.04608301073525735,0.13528208139481776,0.378744644886899,0.008459126885415435,0.08493917827750694,0.0,0.00011523501052947813,0.08191408773865519,0.0,0.015823643821880014,0.09651072092057524,0.9908355827817639,0.9945064337491919,0.048163558829354955,0.04281113531780443,0.021998397173085188,0.0031553069366586813,0.005500834885411336,0.2543512469563536,0.09162434045167864,6.610696135189607e-05,6.610696135189607e-05,0.534574971937595,0.07471046803669647,0.7878816786632118,1.0,0.9893451288671853,0.6615776042846343,0.999980205070703,0.20109457044501722,0.40646979323282184,0.0,0.00011215873721286192,0.025351209156067426,0.5828255999102755,0.04295753650093527,0.008764818153966595,0.02197205468901604,0.7875190429184744,0.10861225141331461,0.19886578765148194,0.10906838960261718,0.4422419877008884,0.916830405077888,0.12717914305928124,0.0,0.010539636122285227,0.2565083079767105,1.979492929708554e-05,0.7830817857331027,0.49701948584660294,0.009164417218236146,0.005381407513595334
0.013525551507943623,0.30952219179556284,0.11906303246077582,0.05791633077818173,0.020020296621269133,0.9999338930386481,0.35133785011039775,0.04607053874439293,0.13525416044188626,0.37859746139075573,0.008423796152197365,0.08450215152714932,0.0,0.00010136264030829443,0.08204612774486472,0.0,0.01559608542248288,0.09545737940158311,0.9909609128610715,0.994716971329605,0.04803602489619443,0.04282339459580659,0.022121941501156907,0.00315051877068057,0.005565952535727,0.25425393375025396,0.09147358127264076,6.610696135189607e-05,6.610696135189607e-05,0.5343922759352766,0.07743186960660021,0.7888411351473111,1.0,0.9897038539089666,0.6625172475214709,0.99998345588101,0.20414717289051604,0.4083325844758361,0.0,0.00011978875453253683,0.025299193906162653,0.5880872002614419,0.04232858328990807,0.008781055978954316,0.02194549935640674,0.8961633379398551,0.10915827918154608,0.19914054252331373,0.10918785530376046,0.44375540035937544,0.9141443342412024,0.1266567133255395,0.0,0.010194783450725158,0.25543662473366435,1.654411898999137e-05,0.7802567416870011,0.49621003612258086,0.00903908713892852,0.005163239915862481
0.013531898749643733,0.3096459323721634,0.11905424563258467,0.05795131373357613,0.020009269051829252,0.9999338930386481,0.35140864291971297,0.04605642040316056,0.13522711988258954,0.37845127437415876,0.008389783767877709,0.08407135513468632,0.0,8.905900165495298e-05,0.08216393325884107,0.0,0.015378083416927256,0.09439957560323835,0.9910855132417875,0.9949220751732936,0.047905404789506535,0.04283499084149287,0.02224156332058189,0.0031459188368760855,0.005632824021615398,0.25421281386255823,0.09132922937141852,6.610696135189607e-05,6.610696135189607e-05,0.5342224102000823,0.08018269204601045,0.7898177977462187,1.0,0.9900565315941048,0.6635048113953153,0.9999861948961014,0.20729974402106474,0.41026042494440457,0.0,0.00012796383016860357,0.025245792791572748,0.5936785613817788,0.04163979987510683,0.008797560787625733,0.02191810187386858,0.9999443542816732,0.10973819406991281,0.19942102441429502,0.10929919643819794,0.4453914563293115,0.9114275241861118,0.1261108471190949,0.0,0.009854409404240311,0.25433125534584367,1.3805103898538328e-05,0.777322172562008,0.4953399994523571,0.008914486758212454,0.004949960996537925
0.01353837836062351,0.30976902331484935,0.11904742303914904,0.05798624311324809,0.01999806023282181,0.9999338930386481,0.3514763965672563,0.046040788160962146,0.13519960410693257,0.3783048037384705,0.008357528514272926,0.08364946366132664,0.0,7.816157754211584e-05,0.08227454139023677,0.0,0.015169398185693966,0.09333987889876551,0.9912097619052975,0.995122256050302,0.04773191289569118,0.04284683617906922,0.0223603319199284,0.0031414467682208615,0.0057012192090874995,0.25432964910106876,0.09118439125616788,6.610696135189607e-05,6.610696135189607e-05,0.5341513896999553,0.08293965101563068,0.79080825072401,1.0,0.9904035626780111,0.6645434200688489,0.9999885005150887,0.2105388832362399,0.41225979808658025,0.0,0.00013672671772802184,0.025195194062654358,0.5996366851401806,0.040895234081988724,0.008813214102927631,0.021887775664115473,0.9999338930386481,0.11038327395375558,0.1996800498538914,0.109388738596245,0.44722331969996987,0.9087028204700964,0.12554228561466346,0.0,0.0095182757444468,0.2531820385409143,1.1499484911274554e-05,0.7742917185780661,0.49440032301465425,0.00879023809470251,0.004741017231969989
0.013546107843965928,0.3098930144033599,0.1190392064355933,0.05802153480080299,0.01998649590661971,0.9999338930386481,0.3515382968703716,0.046024418331238603,0.13517069737808815,0.37815590721909886,0.00832743471178636,0.08323168490947702,0.0,6.85118651545939e-05,0.08238371042052645,0.0,0.014968613140258531,0.09227167793379915,0.9913345132695162,0.9953192374726472,0.047557344274443095,0.04286366278555124,0.022476428508781968,0.0031056200151418603,0.0057714918440885336,0.2548236988980267,0.09101888913040626,6.610696135189607e-05,6.610696135189607e-05,0.534080035598593,0.08562997319734855,0.7918226511584515,1.0,0.9907469320032545,0.6656624080498583,0.9999904422081578,0.21382814418576548,0.41436907066763323,0.0,0.00014613548795173388,0.025163673456536594,0.6060299505344033,0.04007862379441458,0.008827006948283577,0.021852132245648123,0.9999338930386481,0.11107467967698723,0.199911784752639,0.1094698819364472,0.44908156656830084,0.9060425920908651,0.12494566393207146,0.0,0.009184556131591026,0.25195388152961523,9.557791842160416e-06,0.771203242673976,0.49335925139856773,0.008665486730483866,0.004534627039401108
0.013554320799902384,0.310006578021577,0.11902638017069937,0.05806860886364676,0.019974578859236446,0.9999338930386481,0.35162391637751683,0.04598275237529241,0.13511971428251027,0.3780117047876621,0.008300567776109692,0.08288501732178667,0.0,5.996791061290832e-05,0.08252929863752975,0.0,0.014777664203006217,0.09120226183278202,0.9914600588336283,0.9955127608043085,0.047375584666059456,0.04287508303533445,0.022627736229486335,0.0031056200151418616,0.0058440104280741,0.2553249384059872,0.09073706357295006,6.610696135189607e-05,6.610696135189607e-05,0.5337988034048358,0.0883013970090906,0.7928015865237003,1.0,0.9910886438552378,0.6667504241118477,0.9999920759921027,0.21718430883483555,0.4165796683072528,0.0,0.00015625547646408019,0.025137662483119886,0.6128659604356712,0.03920624202272206,0.008848012240255743,0.02181538601210669,0.9999338930386481,0.11178694547282646,0.2001439304244051,0.1094961337797755,0.45099165057440793,0.9033980352147997,0.12431339615451314,0.0,0.008851388234149367,0.25072027725062257,7.92400789724024e-06,0.7680380269621582,0.4922180698599652,0.008539941166371705,0.004330983719227425
0.013561371032786165,0.31013934550015854,0.11901090421050207,0.05810941975120472,0.019963491021905214,0.9999338930386481,0.35171255867243867,0.045957098261192694,0.13509562054678134,0.3778620272265642,0.008276276172548355,0.08252388117989284,0.0,5.242442429681922e-05,0.08266818266490711,0.0,0.014592709838203231,0.09013761260972981,0.991586310797865,0.995702416915316,0.04720282886881949,0.04289085647118483,0.022764344162398434,0.0031056200151418608,0.005918196136999219,0.2559268120766913,0.09052292585523168,6.610696135189607e-05,6.610696135189607e-05,0.5334418917663337,0.09097697824103045,0.7938287488350573,1.0,0.9914251256789182,0.667946616188712,0.9999934453728593,0.22060969761356333,0.4188257941709799,0.0,0.0001671410099333526,0.025112974629732988,0.6201512179479474,0.038313018538792994,0.008862828357430168,0.02177910934434921,0.9999338930386481,0.11250777262187112,0.20035202154283058,0.1095552210066059,0.45294749863603034,0.9007467455864212,0.12364736998504997,0.0,0.008522449896785002,0.24938520114638096,6.554627140740536e-06,0.7647975925482334,0.49103659321929033,0.008413689202135022,0.004130442074750638
0.01356829145799895,0.3102755522330334,0.11899800909538004,0.05814803991830085,0.019951864151984446,0.9999338930386481,0.3517984188361188,0.045942068111025,0.13507785103955136,0.37771045553302196,0.008254736454717086,0.08215602700436425,0.0,4.577450564758636e-05,0.0828120057889896,0.0,0.0144130126856681,0.08907848398361268,0.9917136695111574,0.9958881710811684,0.04703374966392239,0.04291087876852129,0.022894322190454595,0.0031056200151418608,0.005992062632276319,0.25658642875515236,0.09033896993027088,6.610696135189607e-05,6.610696135189607e-05,0.5330486454273261,0.09366791071926014,0.7948915539029726,1.0,0.9917562852438244,0.6692237594578387,0.9999945910156732,0.22409773855301304,0.42110817820082164,0.0,0.00017886199700840524,0.025087787101190393,0.6278960332058411,0.037355638142728874,0.00887728342383353,0.02173895372368808,0.9999338930386481,0.1132901072435048,0.20055949861908534,0.1096335289172715,0.4549640222675446,0.8980773528260227,0.1229524190926632,0.0,0.008197940250527969,0.24796423475317167,5.408984326789745e-06,0.7614892487613188,0.4898133378155657,0.008286330488842647,0.003932966921823115
0.01357521233054011,0.31041352810385153,0.11898716900749157,0.058185119851077334,0.01994040431187306,0.9999338930386481,0.351881324104855,0.04593385502912119,0.13506272239598296,0.3775581064266416,0.008235578210248642,0.081787028606946,0.0,3.992034590801445e-05,0.08296875283566787,0.0,0.014237978652486797,0.08802545047900333,0.9918423114948779,0.9960698271992321,0.046866529455615764,0.04294866244846984,0.02302034959204159,0.0031056200151418608,0.006065273561625871,0.2572382748574918,0.09016994374947424,6.610696135189607e-05,6.610696135189607e-05,0.5326051439635695,0.09637753128754759,0.7959823304885872,1.0,0.9920822868796811,0.6705641106836617,0.9999955477926126,0.22764153906208612,0.4234260540967408,0.0,0.00019149023347787982,0.025061821529058587,0.6361154482750969,0.036308181968965104,0.008891835502650162,0.02169804265415312,0.9999338930386481,0.11413869961152895,0.20077523893146032,0.10970803731669418,0.4570701196070226,0.8953868905022038,0.12223064090446684,0.0,0.007877792774410855,0.24646713648067048,4.4522073874640895e-06,0.758120482285427,0.4885484954242559,0.008157688505122152,0.003738682567290011
0.01358218456229658,0.3105522956384942,0.11897892014687728,0.05822146824701383,0.01992909410481888,0.9999338930386481,0.35196442764257574,0.04592996420540479,0.13504988796291298,0.3774047520036713,0.00821873223055063,0.08141951490472416,0.0,3.476960020928432e-05,0.08314543702860218,0.0,0.014067542471359913,0.08698131668589648,0.9919725185992533,0.9962471508884886,0.04669706026265283,0.04296610078170235,0.023143644881703077,0.0031056200151418608,0.006137143407938241,0.2579849324851078,0.09001343081186532,6.610696135189607e-05,6.610696135189607e-05,0.532228609232321,0.09910831828395421,0.7971083001292922,1.0,0.9924047123424445,0.6719671568543606,0.9999963461662622,0.2312374416715807,0.42578575141815367,0.0,0.0002051013661734213,0.0250351099831389,0.6448221759142315,0.03521465525009158,0.0089057489186462,0.021657671107561654,0.9999338930386481,0.11501043084914113,0.2009622644325614,0.10976002832100805,0.4592593237597347,0.8926729494854951,0.1214721849659837,0.0,0.0075605180573461665,0.2448874061170373,3.653833737815243e-06,0.7546950158570594,0.4872329318959499,0.008027481400746772,0.0035477477453380313
0.013589251106383043,0.31069651032391543,0.118969670951641,0.05825751553944372,0.019917575964310597,0.9999338930386481,0.35204694012682086,0.045930165676688506,0.1350405439940654,0.37724992264851176,0.008203382169756418,0.08106134973540297,0.0,3.0249928992934152e-05,0.08334951567527678,0.0,0.013900042906930202,0.08594628742362531,0.992104483806121,0.9964198714360254,0.046526416383545856,0.04301377355846162,0.023259548584606934,0.0031056200151418608,0.006206536633413896,0.2586360953920473,0.08986222425789664,6.610696135189607e-05,6.610696135189607e-05,0.5318120492637087,0.10184719185632864,0.79823838258696,1.0,0.9927209517808567,0.6734021989053456,0.9999970097813393,0.2348639648707085,0.4281618967192039,0.0,0.00021978237199219333,0.025006083163128412,0.6540933762436711,0.03407205508742108,0.008919042154072234,0.021618269152529197,0.9999338930386481,0.11588346344724987,0.20111052478338282,0.10975538231359278,0.46153179309865877,0.889949425973915,0.12070026767763704,0.0,0.007248798290150331,0.2432482854193776,2.9902186606720145e-06,0.7512359922223613,0.4858918158571709,0.007895516193878965,0.003360346191982498
0.013629938338994936,0.3108458843301701,0.11896721796682604,0.058339636062237604,0.01990684271857889,0.9999338930386481,0.3521519373207151,0.04580929638188266,0.13500970124909256,0.3770482869027091,0.008189271188652092,0.08071098147355416,0.0,2.6283922815820706e-05,0.0835854089548613,0.0,0.013735430803730441,0.08492274080172986,0.992238533843314,0.9965877540106867,0.04635631427828407,0.04305798287777971,0.02336875821280109,0.0031056200151418608,0.006257375634670201,0.2593088245455777,0.08972465994984294,6.610696135189607e-05,6.610696135189607e-05,0.5314879618935108,0.10459535281681438,0.7994000691677555,1.0,0.9930336641421346,0.6748956750458874,0.9999975612606506,0.23852881776546914,0.4305775679806076,0.0,0.0002356213754350434,0.024977288394752592,0.6638848174232663,0.03286239273793116,0.008932199752263734,0.021580898988405813,0.9999338930386481,0.11680823921014974,0.20122943786913805,0.10975256316103943,0.4638898740678617,0.8872153759945335,0.11988894935869036,0.0,0.00694005193504963,0.24151891599925124,2.438739349359711e-06,0.7477357514308004,0.4844996912176625,0.007761466156686014,0.0031766246138783026
0.013641634715899003,0.3110172565790297,0.11897770702890698,0.058409548660837,0.019899040966266983,0.9999338930386481,0.35226095379621547,0.04573497663207211,0.13498997396571638,0.37684902231091566,0.008176212908393675,0.08038053561527098,0.0,2.2816013377323886e-05,0.08387384051222291,0.0,0.013574431753421367,0.08390713017811306,0.9923750755787061,0.9967510007762013,0.04618323126816515,0.043091895172013325,0.023466469887361376,0.0031056200151418608,0.006319388333437253,0.259972174176497,0.08958903233813201,6.610696135189607e-05,6.610696135189607e-05,0.5312091125101077,0.10733423751248489,0.8005669823133882,1.0,0.9933406787058401,0.6764323373087702,0.9999980183076947,0.242204146515159,0.43301044173730147,0.0,0.0002526751022001847,0.02494499996679519,0.6741818856140143,0.03159366001698444,0.00894396688560899,0.02154805734297853,0.9999338930386481,0.11779419462197681,0.20130776543809312,0.10975112100925301,0.4663075870150749,0.8844895495791215,0.11905248207134086,0.0,0.006636505280782595,0.2396938221790069,1.981692305200065e-06,0.7442214217314196,0.4830824280845854,0.007624924421293949,0.0029963241215985453
0.013651021238386636,0.31119328375584004,0.11898618583426918,0.05847012125289355,0.019889436671691664,0.9999338930386481,0.3523653175089302,0.045689786666138155,0.13498361059504763,0.37665433270034837,0.008163051511241614,0.08006944088532574,0.0,1.9785489982121847e-05,0.08420927437237595,0.0,0.013413902504810341,0.08289957556518203,0.9925137630136848,0.9969085987856968,0.046008298309519725,0.043139743588907514,0.023555208351865035,0.0031056200151418608,0.006388338433642225,0.2605970761122385,0.08944520744931513,6.610696135189607e-05,6.610696135189607e-05,0.5309370073485685,0.11003528555360836,0.8017320051706485,1.0,0.993641610975238,0.6779905115411335,0.9999983955114398,0.24586833391151566,0.4354424159286303,0.0,0.0002711080135760245,0.024912011181101406,0.6850513103992689,0.030251068437106066,0.008955495810715567,0.02151443639497666,0.9999338930386481,0.11879878993093719,0.20135274660773914,0.10970447456767791,0.46879799402875993,0.88180166293515,0.11819855394402584,0.0,0.006338603534779943,0.2378002140864905,1.604488560259856e-06,0.7407177635836739,0.4816580085061876,0.007486236986315263,0.0028202932007272245
0.013660342237775975,0.31136845801541835,0.1189943321423574,0.05852531147582298,0.01987825529287902,0.9999338930386481,0.3524699408171017,0.045663263150577706,0.1349881429125007,0.3764644280631654,0.008149734381759229,0.07977655086947405,0.0,1.713846326432001e-05,0.08459900366929624,0.0,0.013252875170909813,0.08190589126855852,0.9926549729655709,0.9970601869530402,0.045841446203987064,0.04319720949284061,0.023637131806865313,0.0030722866818085276,0.006412445164220255,0.261166667147219,0.08930341415873434,6.610696135189607e-05,6.610696135189607e-05,0.5309533569113097,0.11269008932622213,0.8029079502308021,1.0,0.9939380357444688,0.6795703165543147,0.9999987060095465,0.24952037012896608,0.43787761101421996,0.0,0.0002910412861178594,0.02487825972600889,0.6964925606389508,0.02885149451769196,0.008966312583392618,0.02148093674523051,0.9999338930386481,0.11982199203266845,0.20135111723105645,0.10963172347216651,0.4713449574050756,0.8791601762920186,0.11731549889972384,0.0,0.006044825792266874,0.23583067977638922,1.2939904534014189e-06,0.7372267547001241,0.4802164977172215,0.007345027034429034,0.0026487717608419375
0.013670803470832379,0.31151867215425216,0.1189929925095891,0.0585878755337715,0.019871112393618797,0.9999338930386481,0.3525952126270944,0.045621866463798455,0.13495323893449432,0.37628788515436173,0.008135525415067846,0.079583103833458,0.0,1.4828749574004584e-05,0.0850758701368025,0.0,0.013097248724098988,0.08092894890638595,0.9927989065583481,0.9972053930246605,0.04566382219074231,0.04325484944867545,0.023699934325999848,0.0030722866813141137,0.006479837502978301,0.2615838624572566,0.08915336899954297,6.610696135189607e-05,6.610696135189607e-05,0.5308396775031077,0.11529231124758084,0.8040160660090157,1.0,0.9942290709789142,0.6810884855273784,0.9999989612933176,0.2531383365880139,0.4403358040765527,0.0,0.00031259946547736444,0.02484384586634831,0.7084517852335813,0.027405029607862338,0.008982758984391298,0.021456897031109107,0.9999338930386481,0.12085809334558448,0.20129641566622816,0.10944585810871502,0.4739374427707464,0.8765721633373513,0.11640083015752632,0.0,0.005756100271511723,0.23383564433581913,1.0387066824710168e-06,0.7337644146878871,0.4787352470170613,0.007201093441651855,0.0024820075098621755
0.013680568000511196,0.31168207130461184,0.11899243972091089,0.058641739342756245,0.01985960787732636,0.9999338930386481,0.35269602265123595,0.04559822261893234,0.13495459450038666,0.37611490109090384,0.008119854695608766,0.079407938818444,0.0,1.2817536130527097e-05,0.08561379684733673,0.0,0.012939769897270918,0.0799732983389259,0.992945448207908,0.9973437179124109,0.04549895209764424,0.043326934383186015,0.02375766474259947,0.003072286681314115,0.0065206424326796865,0.2620197151707095,0.08901026721570053,6.610696135189607e-05,6.610696135189607e-05,0.5307996192592218,0.11780883566066486,0.8051417276004148,1.0,0.9945155987588732,0.6826435909506866,0.9999991698720199,0.25670840403153133,0.44275634689948995,0.0,0.00033590398387051227,0.024808339997557712,0.7209669373439571,0.025943755159540623,0.008992432221755234,0.0214292647028092,0.9999338930386481,0.12185719786432551,0.20116919157991847,0.10929983734183157,0.47654961806687685,0.8740713096437264,0.11545033358114118,0.0,0.005471583704996333,0.2317426122019767,8.301279801819775e-07,0.7303518260711978,0.4772703547615842,0.007054551792092048,0.002320378103718552
0.013690278732463373,0.3118407038362335,0.11899590076482108,0.05869181243977259,0.01984998959914702,0.9999338930386481,0.3527846574099519,0.045591051909166784,0.13495458978205552,0.37594694027194275,0.008102884326674168,0.07925831477254978,0.0,1.1068501553493307e-05,0.08621787594465363,0.0,0.012782754768549412,0.07904284081268326,0.99309485881398,0.9974748495839949,0.04533813614462301,0.04340636636216839,0.02380211519184219,0.0030722866813141145,0.0065545719989847295,0.26241304248307706,0.08887768473109464,6.610696135189607e-05,6.610696135189607e-05,0.5308336606577956,0.12023405931047344,0.8062746324094606,1.0,0.9947965964164123,0.6842377707787,0.9999993397503479,0.26021570699640634,0.44514647216696107,0.0,0.0003611034212747861,0.024770403181086663,0.7339674194055666,0.024444145723479967,0.00900061301252559,0.021406893382885196,0.9999338930386481,0.12284251164741462,0.20099607413967946,0.10912395461267493,0.47918824127511916,0.8716630563628525,0.11446705281798965,0.0,0.005192335082034223,0.2295443532766464,6.602496520314639e-07,0.7270015382350442,0.47581068702035567,0.006905141186019986,0.002164046994730301
0.013700208001398718,0.3119975441561355,0.11900296454564793,0.058738674976842195,0.01984103630892865,0.9999338930386481,0.3528623832425098,0.04559521814661208,0.13495566073007334,0.3757836125312171,0.008084720022665559,0.0791398285030902,0.0,9.549361974025726e-06,0.08689839867819309,0.0,0.01262680998135368,0.07814219778241115,0.9932471707150079,0.9975983570234668,0.04518126534193067,0.04349357808445467,0.023835028162278633,0.003072286681314115,0.006583358890592365,0.26274766366641816,0.08875312041533912,6.610696135189607e-05,6.610696135189607e-05,0.5309499280982122,0.12255449877812208,0.8074036209480258,1.0,0.9950718219872422,0.6858440644838804,0.9999994775128377,0.26364137835192614,0.4474970024741055,0.0,0.00038835478062752973,0.024730241036121727,0.7474192438772836,0.02293883704932256,0.009007103925325891,0.0213876551054336,0.9999338930386481,0.12381140810462625,0.20075741077963918,0.10892032511637938,0.48180120300129714,0.8693607811992123,0.11345655054888404,0.0,0.004918628650783824,0.2272575368379266,5.224871623300796e-07,0.7237318116667202,0.4743607997434833,0.006752829284992119,0.002013288195905789
0.01371048360857317,0.3121521209784012,0.11901171934188218,0.05878340056262521,0.01983243641223649,0.9999338930386481,0.3529287351203245,0.0456084680255628,0.13495817394107348,0.37562555049490626,0.008065088212301032,0.07905455961882515,0.0,8.231216665038146e-06,0.0876611938780861,0.0,0.012471725049236604,0.07727226115431399,0.9934022658576536,0.997713812384635,0.04502899290905201,0.04358874131444065,0.023856148412559487,0.0030722866813141145,0.006607596870923953,0.26301845722367706,0.08862604380147665,6.610696135189607e-05,6.610696135189607e-05,0.5311588266958579,0.1247561853795885,0.8085229314664745,1.0,0.9953411546830093,0.6874446968646128,0.9999995886987731,0.26696994071551916,0.4497999548761589,0.0,0.00041782760844390643,0.024688971778548504,0.7612929985875386,0.021427325022292294,0.009012932307055323,0.021371850066434,0.9999338930386481,0.12475991499939468,0.20046930363437526,0.1086980128092576,0.4843585061339761,0.8671787264081104,0.11242250891470042,0.0,0.004650614100325632,0.22489410925730108,4.113012268479126e-07,0.7205583342352443,0.47292778396952717,0.006597734142346455,0.0018683600069211203
0.013721095443870375,0.31230399230219796,0.11902271034319664,0.058792935827714506,0.019824050472062052,0.9999338930386481,0.35297138464871675,0.04572235899716604,0.13498232020145068,0.37548573007516817,0.008043963567709016,0.07900441018592498,0.0,7.088664744275125e-06,0.08851117444566188,0.0,0.012317581862221712,0.0764355667537756,0.9935599764101113,0.9978207866115704,0.04488112531797623,0.043690842764642385,0.023866564410097442,0.003072286681314115,0.00662761554769474,0.2632192565565077,0.08849434056204489,6.610696135189607e-05,6.610696135189607e-05,0.5314661858035973,0.12683095363506006,0.8096274637713691,1.0,0.995604475114062,0.6890244212051102,0.9999996779738033,0.2701905638015116,0.45204780976025444,0.0,0.00044970310051766415,0.02464722406290207,0.7755169058484986,0.019920673575896174,0.009018145093500574,0.021359388587967834,0.9999338930386481,0.12571658954404183,0.20013981202453476,0.10846338392516022,0.4867989467879637,0.865125082797231,0.11136812604270599,0.0,0.004388436221193746,0.22246440434922796,3.220261966696073e-07,0.7174918543362667,0.47151662348596995,0.006440023589888764,0.0017295102879119903
0.013731673804790916,0.31244298267786874,0.11902975140664193,0.0588132551790617,0.019815613801796604,0.9999338930386481,0.353005015988662,0.04580605633676709,0.1349957665050472,0.3753563729491371,0.008020843095803865,0.07898885391536348,0.0,6.099571566852151e-06,0.08945016791268191,0.0,0.012164210001401268,0.07563406587745278,0.9937203425767869,0.9979189633298176,0.044738204820891525,0.04379953935553641,0.023866653842289143,0.0030722866813141145,0.006643722730517682,0.2633500758278118,0.08834696323269113,6.610696135189607e-05,6.610696135189607e-05,0.5318781742684743,0.12877006051371157,0.8107144741652357,1.0,0.9958615511989016,0.6905701045830512,0.9999997492598116,0.2732908174073844,0.4542314145619195,0.0,0.0004841515271742786,0.024606324785039317,0.7900226497664876,0.01841839546016648,0.00902378649211391,0.021351306653685672,0.9999338930386481,0.12663688362898629,0.19979439977309488,0.10822447427224488,0.48914056149391566,0.8632090963904846,0.11029667191940082,0.0,0.0041323492295315305,0.2199797275042669,2.507401883600402e-07,0.7145449725912143,0.4701345195606277,0.006279657423213131,0.0015968851430082206
0.013742440756005848,0.3125769750440111,0.11903816496732349,0.058838838554676455,0.019807192773188407,0.9999338930386481,0.3530282378985259,0.04587367998382599,0.13500293506511887,0.375233744086012,0.00799608844908563,0.07901034929974815,0.0,5.2441315884376926e-06,0.09048051919014617,0.0,0.012011946690067669,0.07487090178502473,0.9938828623733208,0.998007879303376,0.044599416649384487,0.043913329503081036,0.0238582969208917,0.003072286681314115,0.006656182901992729,0.2634024632957555,0.08819459494908195,6.610696135189607e-05,6.610696135189607e-05,0.5323889583518696,0.13057421230076552,0.8117759011858738,1.0,0.996112121075286,0.6920660684595245,0.9999998058529815,0.2762607852022046,0.4563424074694987,0.0,0.0005213772125236757,0.024565851270132003,0.8047589078389026,0.01693541751510599,0.009061901056549176,0.02134581267044586,0.9999338930386481,0.1275307771974111,0.19932297547105288,0.1079559357272841,0.4913515380331733,0.8614296992501488,0.10921374951437796,0.0,0.003882634793125586,0.21745341235032936,1.941470184682759e-07,0.7117272681077278,0.4687866907454766,0.006117137626679203,0.0014707434841003371
0.013753261521960438,0.3127073515419665,0.11904912991382731,0.058865695017366576,0.01979906324324725,0.9999338930386481,0.3530422787186838,0.04593776593378768,0.1350094378572958,0.3751163390299748,0.007967529430909347,0.07906910035003081,0.0,4.50493106325011e-06,0.09159420849326438,0.0,0.011860113115269863,0.07414761019843819,0.9940470820844867,0.9980870584966086,0.044464563463394245,0.04403219271318015,0.023841763185400537,0.0030722866813141145,0.006665483343729718,0.26337340610720733,0.08803274116560544,6.610696135189607e-05,6.610696135189607e-05,0.5329933226773409,0.13224616027545671,0.8128103697137643,1.0,0.9963560942860836,0.6934898524337874,0.9999998505261044,0.27909606980094853,0.45838256444000147,0.0,0.0005616039270841376,0.02452746032630745,0.8197031739645205,0.015467506769981123,0.009071860648580333,0.021344373693047838,0.9999338930386481,0.12841121921815246,0.19893579562628055,0.10769624295313637,0.4934091285941775,0.859786310293634,0.10812052993620488,0.0,0.0036394007828530863,0.21491593907294831,1.494738955890807e-07,0.7090438170837816,0.46746982536156034,0.005952917915513344,0.0013513375763072103
0.013764588114427517,0.3128343136784514,0.11906159008846456,0.0588939929297416,0.01979117310626609,0.9999338930386481,0.35304588275236926,0.045997898315578455,0.13501322070226873,0.3750052019591553,0.007937333861425358,0.07916366947469189,0.0,3.866769486185477e-06,0.0927938738860688,0.0,0.011709523164150214,0.07346472907569541,0.9942124664127441,0.998156242666567,0.04433417898601301,0.044153196679212546,0.023818458120046022,0.003072286681314115,0.00667192294410571,0.2632780233573225,0.08789834207427603,6.610696135189607e-05,6.610696135189607e-05,0.533669934748304,0.13379212961938244,0.8138103702685354,1.0,0.9965928066948673,0.6948514502489577,0.999999885559417,0.2817959085016883,0.46033773121808985,0.0,0.0006050703738176539,0.024490609385199712,0.8347311101887185,0.014037355057050099,0.009045406458349718,0.021347083299875357,0.9999338930386481,0.12925799515663766,0.19866390905122583,0.10748421191078517,0.49533959084254026,0.8582705365191922,0.10702596025677272,0.0,0.0034033265356466095,0.2123546758649735,1.1444058303752997e-07,0.7064945683341616,0.46619753970621475,0.005787533587255922,0.001238686959615364
0.013776512292687348,0.31295725309345446,0.11907424217729531,0.058923683250605305,0.01978336529914815,0.9999338930386481,0.35303545201994035,0.04605279069151475,0.13501053737738944,0.37490118626041485,0.007908178749292831,0.07929129249411523,0.0,3.3161977170223077e-06,0.09408370655485059,0.0,0.011560794411643361,0.0728196225495226,0.99437846721988,0.9982152248962444,0.04420607636006532,0.0442779443323914,0.023788659290503736,0.0030722866813141145,0.006675862065472632,0.2631244346464727,0.0877435433520727,6.610696135189607e-05,6.610696135189607e-05,0.5344328508991445,0.13521726016600355,0.8147669981690178,1.0,0.9968215156639622,0.6961499418869446,0.9999999128515045,0.2843523602195474,0.46219566347658597,0.0,0.0006520329360138118,0.024454271705944972,0.8497918571568001,0.012644968315199604,0.00904480350820937,0.021351327228066975,0.9999338930386481,0.1300712299738579,0.19830695023568748,0.10728014601012562,0.49710017813713414,0.8568745610847036,0.10594170933686703,0.0,0.003175168138320827,0.20976635155820486,8.714849550821347e-08,0.7040868453688093,0.4649847139738914,0.005621532780120019,0.001132742167741845
0.013788605814624698,0.313075285114368,0.11908971536654551,0.058952449165249735,0.019775877577324536,0.9999338930386481,0.3530146164705704,0.04610895999297005,0.13500573005194702,0.3748037554877057,0.007878460202109477,0.07945004546503694,0.0,2.8416903069377028e-06,0.09545516022732263,0.0,0.011413545598267832,0.07221265464811064,0.9945446023992013,0.9982636886568896,0.04408533385424049,0.044401525974618855,0.023754156685825284,0.003072286681314115,0.006677745387728369,0.2629090295190511,0.08757385977660656,6.610696135189607e-05,6.610696135189607e-05,0.5352615013248162,0.13652835400988725,0.8156842065227811,1.0,0.9970420924060381,0.697364891462034,0.9999999339895056,0.2867687224619065,0.4639689815619156,0.0,0.0007027670219521422,0.024420839435523617,0.8648638673613697,0.011301942624025159,0.00904847779163384,0.021358446589276985,0.9999338930386481,0.130850313822631,0.19794368656359126,0.10707686369290752,0.4986830619306895,0.8555931857880033,0.10486574801218197,0.0,0.002955065903654881,0.2071799483106434,6.601049443243437e-08,0.7018177319398257,0.46381836378997376,0.00545539760079876,0.0010335443211582547
0.013800825801029674,0.31318868633922675,0.1191064146174446,0.05897964663198154,0.019768622384195602,0.9999338930386481,0.35298365142112553,0.046167439020966566,0.13499939403592778,0.3747137491477335,0.00784793898176486,0.07963845949755717,0.0,2.43325576861935e-06,0.0969008090606706,0.0,0.011267743197137896,0.07164381908107996,0.9947103411272143,0.9983014099809355,0.04396919711828683,0.04452399488982542,0.023715693991115602,0.0030722866813141145,0.006677905066312523,0.26264611391278475,0.08739373347165191,6.610696135189607e-05,6.610696135189607e-05,0.5361440958788358,0.13773304612391365,0.8165571549402866,1.0,0.9972539767349483,0.6984897090713428,0.9999999502578278,0.28904729323081035,0.4656537580650662,0.0,0.0007575629198941964,0.02439019613237094,0.8798445308576583,0.00999178217827736,0.009053311003367544,0.021368371162105545,0.9999338930386481,0.1316231042224751,0.19760219403933232,0.10689001553943671,0.500093702766965,0.8544190148943215,0.10380438556215618,0.0,0.002743590009283091,0.20460948186798672,4.9742172199014995e-08,0.6996849635720518,0.4627024228538538,0.005289658872785637,0.00094102709917034
0.013813154353927881,0.31329676212381175,0.11912367627535476,0.05900495976482749,0.019761497478395448,0.9999338930386481,0.35294207185870713,0.04622822081334703,0.13499073969203182,0.3746318169328901,0.007816606840919973,0.07985410451024544,0.0,2.0820762107573904e-06,0.0984125623688142,0.0,0.01112335676977556,0.07111198111341356,0.9948751892236001,0.9983282074048598,0.04385766230071589,0.04464496233769831,0.02367419226383163,0.003072286681314115,0.006676654702845372,0.26234014988723775,0.0872049282745904,6.610696135189607e-05,6.610696135189607e-05,0.537068559860119,0.13883845732750416,0.8173834986198187,1.0,0.9974567325397161,0.6995227401150813,0.9999999627023962,0.2911883066797762,0.4672480416562573,0.0,0.0008167341175140218,0.02436240090318669,0.8946685399365486,0.008743227457267837,0.009058455071686606,0.02138110875273534,0.9999338930386481,0.1323551955380711,0.19727473552630942,0.1067191690022247,0.5013417833325168,0.8533449358315759,0.10276239686993577,0.0,0.002541185384073178,0.20206469751610456,3.729760373511997e-08,0.6976883365504483,0.4616399772303292,0.0051248107763999535,0.0008550584776261231
0.01382553315367984,0.31339889764410117,0.11914110260560572,0.05902821992685385,0.019754447238613224,0.9999338930386481,0.3528896275802066,0.04629093931261574,0.1349791081242514,0.37455852598290024,0.0077844859381843365,0.08009413288624342,0.0,1.7804306879841934e-06,0.09998172999502863,0.0,0.010980340377707475,0.07061553528749054,0.9950386697567672,0.9983439302586793,0.043750702107036875,0.04476380784976662,0.02363070266851594,0.0030722866813141145,0.00667424994782626,0.26199707419881646,0.08700879884629002,6.610696135189607e-05,6.610696135189607e-05,0.5380215185804189,0.1398526047815974,0.8181621884611302,1.0,0.9976500087785258,0.700464060331183,0.9999999721658988,0.293194337381885,0.46875178719776056,0.0,0.0008806140630080003,0.024337422195914924,0.9093081557072773,0.0075438767330047955,0.009064064606264247,0.021395893730918814,0.9999338930386481,0.1330625484168769,0.19696768942002096,0.10656813908247864,0.5024341527329438,0.8523629092802183,0.10174367865262632,0.0,0.0023482107907861673,0.19955420967378829,2.7834101296655362e-08,0.6958253222404076,0.46063267751474896,0.004961330243232749,0.000775455678312695
0.013837889398972694,0.31349467908123296,0.11915844632880367,0.05904940160659447,0.01974746489631189,0.9999338930386481,0.3528264661840975,0.04635521496229552,0.1349642664825432,0.37449406778562383,0.007751599086546491,0.08035565246272794,0.0,1.521578991670747e-06,0.10159940767180924,0.0,0.01083870145852891,0.07015273034973751,0.9952003466609785,0.9983484501340398,0.043648307331116264,0.0448797258186849,0.02358610916830817,0.003072286681314115,0.006670974864331183,0.26162486895208664,0.08680703206996301,6.610696135189607e-05,6.610696135189607e-05,0.5389904261073164,0.1407840629323372,0.8188930444857324,1.0,0.9978335436448362,0.701315555977366,0.999999979321755,0.29507152112061247,0.47016697807020613,0.0,0.000949557971958403,0.024315293884927147,0.9236560135590253,0.006394692859232052,0.009069955431381994,0.021412371131815787,0.9999338930386481,0.13374760878608627,0.19668464619766082,0.10643739996346219,0.5033876896195211,0.8514643379811163,0.1007513030515397,0.0,0.0021649347761721525,0.19708503635082486,2.0678245024133018e-08,0.6940897774208586,0.45968029158005635,0.004799653339021564,0.0007019918940017403
0.013850150145508748,0.31358418963810064,0.11917546979637643,0.05906849286817334,0.019740508958218904,0.9999338930386481,0.35275256445384656,0.04642057463635252,0.13494608256669066,0.3744383195562249,0.007717953255004875,0.08063587639719043,0.0,1.2996502360715494e-06,0.10325648769738945,0.0,0.01069838569514964,0.06972151019705547,0.9953598211353542,0.9983416464981575,0.04355062378730054,0.044992651743919795,0.023541190949925843,0.0030722866813141145,0.00666705647755283,0.2612298493911841,0.08660034388779002,6.610696135189607e-05,6.610696135189607e-05,0.5399628186185618,0.141638522513272,0.8195757828527076,1.0,0.9980071589750943,0.7020786306992851,0.9999999847034521,0.29682130518775907,0.4714942370826293,0.0,0.0010239447485530712,0.024295688638056787,0.9376049896725646,0.005295378212480142,0.009075946558283463,0.02142999464709639,0.9999338930386481,0.1344122567457001,0.19642598230437544,0.10632621828458533,0.5042178963880491,0.8506435242317231,0.09978834075010204,0.0,0.0019915413746696017,0.19466488160332535,1.5296547873646437e-08,0.6924803091170912,0.45878425272031526,0.004640178864645795,0.0006344087532894721
0.013862259877080174,0.3136675642453103,0.11919220079608236,0.05908560144516368,0.019733568075082992,0.9999338930386481,0.35266828857783455,0.04648654812545607,0.13492464659567524,0.37439089656096064,0.007683580035853607,0.08093205675064495,0.0,1.109534930001632e-06,0.10494393732906682,0.0,0.010559358491041462,0.06931975824224047,0.9955167386852347,0.998323399212358,0.04345784246319962,0.045102482280495154,0.023496698175469614,0.003072286681314115,0.006662700984752277,0.2608183660005742,0.08638962653194002,6.610696135189607e-05,6.610696135189607e-05,0.5409263148749768,0.14242075356999295,0.820210755625193,1.0,0.9981707806941789,0.7027555348147521,0.9999999887301523,0.2984447317982162,0.4727346472581985,0.0,0.0011041781897478836,0.024278282281229847,0.9510655272627475,0.004238103956623048,0.009082018486687061,0.021448243450850533,0.9999338930386481,0.1350668630045957,0.19619434308103015,0.10623433140775312,0.504936393753918,0.8498956663941535,0.09885718762416211,0.0,0.0018281097708911199,0.19230052785618112,1.1269847694270273e-08,0.6909959097107424,0.45794559449956107,0.0044832613147652925,0.0005724225978941419
0.013874171735954595,0.3137451100318202,0.11920873783205198,0.05910089969276307,0.019726647405291526,0.9999338930386481,0.3525744022309694,0.046552714873664434,0.1349002353565717,0.3743512067701397,0.007648534476500101,0.08124154241739971,0.0,9.467959727544269e-07,0.10665297243194215,0.0,0.010421625377215952,0.06894539954777577,0.9956707905539895,0.9982935801275084,0.043370152643812145,0.04520897921283589,0.023453286880374773,0.003038953347980781,0.006657981522023254,0.26039070335629944,0.08617456527137247,6.610696135189607e-05,6.610696135189607e-05,0.5419976146277942,0.1431353459720275,0.8207988225994016,1.0,0.9983244293771804,0.7033494471804179,1.0,0.29994426463703155,0.4738900721291443,0.0,0.0011906886491857686,0.02426285209235921,0.9638336425569285,0.0032403773976578424,0.009087897997145225,0.02146679444763286,0.9999338930386481,0.13569579435842688,0.19598605533206426,0.10615929750896466,0.5055637295526147,0.8492161195514724,0.09795963498319867,0.0,0.0016746238268468953,0.18999758038763992,0.0,0.6896341099857525,0.45716452832307997,0.004329209446010468,0.0005157312233059279
0.013887632423920899,0.31380098986330107,0.11921374930785299,0.059127770366341655,0.019718588774002573,0.9999338930386481,0.35249697325113827,0.046585405679345146,0.13483980936859086,0.3743258184272523,0.007612771913163855,0.08163318243299346,0.0,8.074089483974192e-07,0.10841875334858275,0.0,0.010287434497377346,0.06859255125076363,0.9958216991931473,0.9982520209017822,0.043279710566171595,0.04530857123404795,0.023408651974970388,0.0030348807944342044,0.006653049720239342,0.25987714733623285,0.08594863047133511,6.610696135189607e-05,6.610696135189607e-05,0.5429980836575786,0.14378570465353124,0.8212763933892664,1.0,0.9984686114004192,0.7037521627449382,1.0,0.3013167903492228,0.474987059501509,0.0,0.0012839551938876438,0.024250275747258618,0.975543042958672,0.002315262304665288,0.009099281368164132,0.021484094961210204,0.9999338930386481,0.13629412074805958,0.19580626775136148,0.10605096255247282,0.5061249377503124,0.8486015234333049,0.09709042417774015,0.0,0.0015305811906323927,0.18782908390647904,0.0,0.6883957751533998,0.45642038924772743,0.004178300806852717,0.0004640239043301438
0.01389953185096328,0.31385852946717013,0.1192203768984758,0.059147328811281326,0.019711833027558377,0.9999338930386481,0.3523952677072967,0.046624103046429076,0.13479411568533609,0.37430648533482136,0.007576007603632283,0.08203526795319169,0.0,6.882911284805597e-07,0.11018089417616166,0.0,0.01015445382822118,0.06826258452148452,0.995969074407738,0.9981985867167655,0.04319840434018351,0.04540724119811688,0.023366759788590766,0.00302832391872037,0.006647898825746441,0.25938437772714806,0.08571865351117802,6.610696135189607e-05,6.610696135189607e-05,0.5439441258885908,0.14436529477236568,0.8217121466591054,1.0,0.9986030658848373,0.7041045019487984,1.0,0.30254693145353717,0.47598096632545017,0.0,0.0013844067838636215,0.024238453215987475,0.9856367714277442,0.0014527241099941792,0.00910546455581614,0.0215004834617764,6.61069613518972e-05,0.13688971217895993,0.19565965168926194,0.10599635073335141,0.5066389674237879,0.848058697624002,0.09625258538770291,0.0,0.0013962458240343385,0.18571460387504005,0.0,0.6872986147182416,0.4557564491530653,0.004030925592262008,0.0004170064993708245
0.013911114272747289,0.31391168613206616,0.1192297458358352,0.05916515113561853,0.019704707972516958,0.9999338930386481,0.3522794534416634,0.04666440368814736,0.13474549572734584,0.3742925325247416,0.007538776896529234,0.08245176746151552,0.0,5.86540631728658e-07,0.11193921297380684,0.0,0.01002302451368518,0.06795301826404111,0.9961127833301293,0.9981330734635568,0.04312475163289517,0.04550933003331936,0.023328850966458942,0.0030211200339219707,0.006642975336784663,0.2588896372371862,0.08548178980607198,6.610696135189607e-05,6.610696135189607e-05,0.5448080166496946,0.14486676678292276,0.8220980519132054,1.0,0.9987280533282021,0.7043825051290966,1.0,0.3036119664552071,0.4768737904086683,0.0,0.0014925687442133024,0.02422628428083717,0.9930728553880677,0.0006934082297901738,0.009110392220365311,0.02151282856300757,6.610696135189609e-05,0.13747114891007983,0.19556151907427435,0.10596283154817374,0.507139150968079,0.847594456320548,0.09545018062527912,0.0,0.0012713601311661559,0.1836782818970966,0.0,0.6863650090311078,0.45517319132729067,0.0038872166698707055,0.0003743577922298837
0.013922397175926436,0.31396168820881193,0.11924091481124083,0.059181657108127006,0.019697671197072282,0.9999338930386481,0.35215314954006516,0.04670366818698106,0.13469417790368332,0.3742824358744305,0.007501322097711008,0.08288158141947417,0.0,4.996474357803491e-07,0.11368717274613137,0.0,0.009893062908639665,0.06766093076520864,0.9962525976463478,0.9980552290211235,0.043060453428631164,0.04561254012980765,0.02329682726461442,0.0030136175874111966,0.006638676835264271,0.25840322178389546,0.08523416931211576,6.610696135189607e-05,6.610696135189607e-05,0.54557495016416,0.14527211623913816,0.8224328203260022,1.0,0.9988439621061361,0.7045698010284851,1.0,0.3044660462762673,0.4776538077503033,0.0,0.0016089838308632081,0.02421248264569432,0.9973152251864702,8.840281545229468e-05,0.009113308088303507,0.02152079829792245,6.610696135189607e-05,0.13799148041094617,0.19549626527164815,0.10593938263443123,0.507633802895958,0.8472265616631508,0.09468559825452368,0.0,0.0011555382464281598,0.18174302622538355,0.0,0.685640890815093,0.454685261484488,0.003747402353652256,0.00033578714801328033
0.013933381441439283,0.3140096486531509,0.11925382341555871,0.05919750808538606,0.019690759441424597,0.9999338930386481,0.3520193105996407,0.04674062550665825,0.13464100942822735,0.37427473759987956,0.0074640429103149655,0.08332320964252969,0.0,4.254711812448435e-07,0.11541700642450342,0.0,0.009764636999696838,0.06738386079248603,0.9963883071003122,0.9979647717515883,0.043004057336456576,0.04571789975240298,0.023272033496626633,0.0030060000073743012,0.006635200458327887,0.25792977924356836,0.08497593999269637,6.610696135189607e-05,6.610696135189607e-05,0.5462227739308988,0.14556895392429856,0.8227127106112156,1.0,0.998951139657531,0.7046544986515645,1.0,0.30507845478157714,0.47830807438971745,0.0,0.0017342237724886143,0.024196673819627448,0.9991012001762575,6.610696135189605e-05,0.009109719690236918,0.02152891126819266,6.610696135189607e-05,0.13790701571869413,0.1952609244029105,0.10586716612484047,0.5081685325754437,0.8469670031653865,0.0939640797462547,0.0,0.0010484348712877318,0.1799284949239322,0.0,0.6851569082187261,0.45430806481779656,0.003611692899687748,0.00030100447592314617
0.013944180889406204,0.3140540993961851,0.11926733228462011,0.05921264123403993,0.019683800987291746,0.9999338930386481,0.3518805634018779,0.0467736427703007,0.13458331572971458,0.37427135325592287,0.007427197623065103,0.0837704666971636,0.0,3.621696954838505e-07,0.11711596418203912,0.0,0.009637815108286698,0.06711733630637057,0.9965196568232775,0.9978613926390731,0.04296081620907312,0.045821140106660545,0.023254322140492296,0.0029984786464017157,0.00663237146503098,0.25747093134409155,0.0847179428286548,6.610696135189607e-05,6.610696135189607e-05,0.5467201841898258,0.14577507352300087,0.8229449423738255,1.0,0.9990499571264803,0.7046478810278786,1.0,0.30548780173041473,0.4788469684976892,0.0,0.0018688994886379854,0.02417982244566482,0.999725185773878,6.610696135189607e-05,0.00910750087972736,0.02152819301051257,6.610696135189607e-05,0.13783141741141158,0.19502237291702665,0.10582540304957848,0.5086560868713609,0.846797728853934,0.09328459092901081,0.0,0.0009496807038242793,0.1782361547900823,0.0,0.6848743831612987,0.45403569519594034,0.0034803431767225623,0.00026970787228889134
0.013954484212675795,0.3140943037157963,0.11928131769137724,0.05922786645655405,0.019677296848902653,0.9999338930386481,0.3517418757122882,0.04680368416602264,0.13452422171229184,0.37427126006815026,0.007391192828231474,0.0842211595295424,0.0,3.081806724550386e-07,0.11877673848479559,0.0,0.009513430301178719,0.06686087140482094,0.9966466304181976,0.9977447809405835,0.04291243964549684,0.04591581955861307,0.023242309728355,0.0029911398243101565,0.006630612821279393,0.2570757670428272,0.08447481078597381,6.610696135189607e-05,6.610696135189607e-05,0.5471365530731779,0.14592088342651172,0.8231331260213332,1.0,0.9991407679962974,0.7045700582632142,1.0,0.305768036135752,0.47929489338529646,0.0,0.002013635010101961,0.024164174261941753,0.999918798171426,6.610696135189607e-05,0.00910605989260785,0.02152601220825076,6.610696135189607e-05,0.1377767976388321,0.19479748026468072,0.10579445439111465,0.5090710016488746,0.8466879237452568,0.0926457144491244,0.0,0.000858923823030211,0.17665320325199033,0.0,0.6847185335630693,0.45384423520988254,0.0033533695818024796,0.00024158404931459373
0.013964434048398413,0.31413215401022965,0.11929456269018177,0.059243104335794765,0.01967093926030402,0.9999338930386481,0.3516046616701616,0.04683100075649198,0.13446472955283376,0.37427403614636495,0.007356080096708652,0.08467026338020339,0.0,2.621523332265208e-07,0.12039116788287851,0.0,0.009391599348149083,0.06661189884589218,0.9967692722123225,0.9976145076227011,0.04289726884823027,0.04599995454781632,0.023233540204491226,0.002983936056918444,0.006629543312389742,0.2567008749156917,0.08425107252332317,6.610696135189607e-05,6.610696135189607e-05,0.5473795451668699,0.1460322064305715,0.8232844865412645,1.0,0.9992239599267365,0.7044430542257474,1.0,0.3059784477472139,0.47967656244862783,0.0,0.0021691593413755254,0.024151921961546682,0.9999544507626376,6.610696135189607e-05,0.009105355533814044,0.02152429616973046,0.0005394660260527423,0.13773775536288305,0.19459426182427164,0.10577415328128785,0.5094183860673994,0.8466117134727198,0.09204525007853206,0.0,0.0007757779209302623,0.17516577789137408,0.0,0.684629952904637,0.4537115387054799,0.0032307277876775673,0.00021633303592336086
