0_primarytoI_spread,0_primarytoII_spread,0_primarytoIII_spread,0_primarytoIV_spread,0_primarytoV_spread,0_ItoII_spread,0_IItoIII_spread,0_IIItoIV_spread,0_IVtoV_spread,0_late_p,0_C01_coef,0_C02_coef,0_C03_coef,0_C04_coef,0_C05_coef,0_C06_coef,0_C09_coef,0_C10_coef,0_C12_coef,0_C13_coef,1_primarytoI_spread,1_primarytoII_spread,1_primarytoIII_spread,1_primarytoIV_spread,1_primarytoV_spread,1_ItoII_spread,1_IItoIII_spread,1_IIItoIV_spread,1_IVtoV_spread,1_late_p,1_C01_coef,1_C02_coef,1_C03_coef,1_C04_coef,1_C05_coef,1_C06_coef,1_C09_coef,1_C10_coef,1_C12_coef,1_C13_coef,2_primarytoI_spread,2_primarytoII_spread,2_primarytoIII_spread,2_primarytoIV_spread,2_primarytoV_spread,2_ItoII_spread,2_IItoIII_spread,2_IIItoIV_spread,2_IVtoV_spread,2_late_p,2_C01_coef,2_C02_coef,2_C03_coef,2_C04_coef,2_C05_coef,2_C06_coef,2_C09_coef,2_C10_coef,2_C12_coef,2_C13_coef
0.0118102081675846,0.2784464761398137,0.1444373474669277,0.0483813914232234,0.0307482719206351,0.6015752592480916,0.2903784394460733,0.0756342208215767,0.0947097509597804,0.3754715490762129,0.0214957528496167,0.0887944239893887,0.0,0.0410090698794926,0.0160619372492994,0.0,0.0742488203890501,0.2667762374993156,0.9812498922023803,0.9452832481257328,0.0567875897548928,0.0262502447246093,0.0141760855868806,0.0039934324936456,6.610696135189607e-05,0.1712576914796263,0.0457187880598585,0.0106585208716444,6.610696135189607e-05,0.6899080474817846,0.012907330534711,0.6338408284099508,1.0,0.8652883841919718,0.5364857621715323,0.943155466041164,0.069516967567288,0.2164952009817725,0.0,3.1420870619601567e-06,0.0311076897436249,0.451259837980083,0.0626234053061575,0.0091456301983797,0.0193131417668823,0.999964756120144,0.1130829639932669,0.175134786241201,0.1592351269911304,0.3957348752869282,0.9655969166156724,0.2773647476006604,0.0,0.0937025459285355,0.4474523005791683,0.0568445339588359,0.8562342120436619,0.5167285615189118,0.0187501077976195,0.0547136097872053
0.02023368978134487,0.3068541330727047,0.14589803375031546,0.05099160289328635,0.03194405706738336,0.4083675996966005,0.31872638455571284,0.08282221621855634,0.07061221709686138,0.3697186990696006,0.02203317463057919,0.0904586900463667,0.0,0.046725466779475894,0.012828881476415033,0.0,0.0799862007626164,0.24979343927287306,0.980957803248378,0.9435298554594368,0.04981955506536435,0.02722809434195498,0.010065553311911843,0.0041316216809362235,6.610696135189607e-05,0.16531297082183263,0.051123709481366963,0.022860416900494222,6.610696135189607e-05,0.7589803242353867,0.011955022913727074,0.6426482831418249,1.0,0.822922541034597,0.5164824424372648,0.9238779651061593,0.07463472569827127,0.20604815788302347,0.0,2.75937410669792e-06,0.03088572303069739,0.42719440387926594,0.063066133045151,0.009076723129621253,0.017753594013514867,0.9999338930386481,0.12395223383024093,0.15726424533543287,0.15302824501399587,0.4340662545114976,0.9660118024556937,0.2668930268118084,0.0,0.1303519921859271,0.47068867608632026,0.07612203489384074,0.8453790735391123,0.5441584028441036,0.01904219675162204,0.056467385166456524
0.022419336131080214,0.31390034509441617,0.1466205028336346,0.05183769430398085,0.03267902324046594,0.43782502199698675,0.32316205239624374,0.08754751067234995,0.07026950331319061,0.3627984299173206,0.022371783014342977,0.09290523261195725,0.0,0.04572834577515796,0.0105674248606455,0.0,0.08384464007326352,0.23199400197273226,0.9813631876411348,0.9438281092197554,0.04814941427139504,0.027192510647338825,0.008688834172168008,0.004234136169234401,6.610696135189607e-05,0.15723388549910544,0.047489304692576645,0.032492252782023646,6.610696135189607e-05,0.7798793758334984,0.010843567028764604,0.6448618473497743,1.0,0.8004258029206947,0.5114577791176456,0.9131662371516992,0.07968857012552409,0.20324313883874418,0.0,2.5483623103168186e-06,0.03031040968411586,0.4229519680032933,0.06486267772550446,0.00877469373707898,0.017759493737554484,0.9999338930386481,0.12172214897549911,0.15111718948831904,0.15618494041526867,0.440265365253464,0.9667846499568924,0.26223292003826854,0.0,0.15384585130414738,0.47797479602170895,0.0868337628483008,0.8364667898012124,0.5647628591885235,0.018636812358865194,0.056169342417934406
0.02311661396909874,0.3159858070916206,0.1475279795790864,0.0524053125263809,0.03279419668686211,0.4517356201164475,0.32441324569321733,0.08914084909128142,0.07064881441599397,0.36016992640488554,0.022634104308202257,0.09605319928160741,0.0,0.042562160368044694,0.008874226478231094,0.0,0.08736296988892067,0.2159425250660435,0.981857739512101,0.9444173723912263,0.04720910845291606,0.026320094511488992,0.007937239603543941,0.00428004744669686,6.610696135189607e-05,0.1536298826645374,0.04443231583562064,0.039846210844266254,6.610696135189607e-05,0.7974655705195223,0.009812920801540448,0.6438924494521597,1.0,0.7864119104427312,0.5110153641172535,0.9063273894799355,0.08420508501913783,0.20157136761910774,0.0,2.360979324102151e-06,0.029886385199636982,0.42032539831774385,0.06585317941923517,0.008552974673971342,0.017630086682487195,0.9999338930386481,0.11837421085691084,0.14624394578903435,0.15666337960793494,0.44496479011601303,0.9675529748902573,0.26005435126623294,0.0,0.17102592918922416,0.4801104094045155,0.09367261052006443,0.8284319450919415,0.5824861073148487,0.018142260487899048,0.05558026662944962
0.023462013462157424,0.31750581936287564,0.148923979325405,0.052890795463511914,0.03292564121706438,0.4577006501448592,0.32580499397240587,0.09024617410215172,0.07106673890060378,0.3580534319045488,0.02290920739089403,0.09971550241880113,0.0,0.0388048467980171,0.007555508524711203,0.0,0.09083674247448298,0.2015734020781506,0.9823496205659715,0.9449914293761988,0.04691225942031208,0.02539069141047076,0.00745463296824433,0.00438136891513736,6.610696135189607e-05,0.1537987912350971,0.04306194260685762,0.045940554076913255,6.610696135189607e-05,0.8055781508424997,0.008911327515234909,0.6405755700038845,1.0,0.7762090476902441,0.5112880032248569,0.9014511519219871,0.0880667531894903,0.20016676895757493,0.0,2.187317544951942e-06,0.02960749952997693,0.41930939374872545,0.0669127929672812,0.008402906227445732,0.017522111147964297,0.9999338930386481,0.11472461127370162,0.14262151017888536,0.15678751015207676,0.44829656660943284,0.9681794650938711,0.2597089275773144,0.0,0.1849861055117388,0.4811564882504319,0.09854884807801288,0.8210965043360268,0.5982598289642744,0.01765037943402852,0.055006383306256144
0.023658944794418796,0.31874026171233527,0.15011245540865034,0.053313133502559416,0.033041351536514836,0.46037910490797546,0.3273033535966587,0.09106848572712918,0.07141379716188248,0.3563893169812586,0.023215941640910627,0.10335880899065635,0.0,0.03498825887849058,0.006492042559350203,0.0,0.09429272035323202,0.18866402636972174,0.9828151044746488,0.945480920556614,0.04664571603417178,0.024380271214846146,0.007101454026380622,0.004405727726370057,6.610696135189607e-05,0.1545204274609978,0.04257250005864378,0.051203054015135946,6.610696135189607e-05,0.8131341721484505,0.008142057134174378,0.6364840774224402,1.0,0.7681931601718736,0.5116322636715867,0.8978256603910459,0.09145586108742985,0.19901828710291875,0.0,2.029211274923117e-06,0.029405316897677072,0.4191836257533007,0.06805217512551712,0.008276681060199746,0.017451491013189758,0.9999338930386481,0.11102920976343787,0.13984086451108865,0.15694774925907262,0.45073530595069655,0.968642001224915,0.2601571135869036,0.0,0.19681858094963586,0.48187569376906314,0.10217433960895407,0.8142514185593381,0.6123176865273595,0.017184895525351154,0.05451705023211109
0.0238306005390963,0.3197053883524682,0.15093594452355405,0.053713176154168915,0.03312923524526667,0.46171062994714374,0.32893913893989174,0.09159688452489302,0.07162920419149056,0.35510263853879626,0.023560080847721883,0.10684424439959976,0.0,0.03133098385547548,0.005617627965302927,0.0,0.09774431479030161,0.17705183808688968,0.9832522733898419,0.9458871183372372,0.04640888394023947,0.023352973210061564,0.006791268789273651,0.00439992263955195,6.610696135189607e-05,0.15551931075330258,0.04276256342409612,0.05589750141795371,6.610696135189607e-05,0.8204847861442413,0.007496142086114146,0.6322012581350939,1.0,0.7615966986248591,0.5118345855394308,0.8949824283123187,0.09447215787737927,0.19810725414877084,0.0,1.8859811273526216e-06,0.029257782555395666,0.4195788162810951,0.0692057859150727,0.008130618755783353,0.017398045950766865,0.9999338930386481,0.10743299632033283,0.13766597395063257,0.15721709950243692,0.4526109789984643,0.968943777066164,0.26095449746530636,0.0,0.20707231751966532,0.48254778649526614,0.10501757168768133,0.8077835273323191,0.6248409077643394,0.01674772661015814,0.05411099568163549
0.024003942375321323,0.3204229613552809,0.1514907313045883,0.054104625054604547,0.03319738207840297,0.46278854730280766,0.33048389640602666,0.09188974545410697,0.07172808579341174,0.35411686259137043,0.02395059494333478,0.1101470033576058,0.0,0.027936411009349498,0.004889687820039156,0.0,0.10121080390036873,0.16661510589997278,0.9836633302686548,0.9462253267674936,0.04619361696490017,0.022326868429988492,0.006536643928011361,0.004384325245000448,6.610696135189607e-05,0.15668160155785035,0.04331153330980906,0.06026598888308765,6.610696135189607e-05,0.8276772666190071,0.0069565075372876395,0.6279473938682897,1.0,0.75593531657235,0.5119001380068913,0.8926034089424691,0.09718204995709594,0.1973810066851613,0.0,1.7555154543724564e-06,0.029100847166519804,0.42024544103940004,0.07035740341766143,0.008031277145865242,0.01735348159121441,0.9999338930386481,0.10396968692480262,0.13572655357847419,0.15756936497104254,0.4541152502369878,0.9690928975193775,0.2619056027741046,0.0,0.21612827241830043,0.48321017417306966,0.1073965910575309,0.8016071461425354,0.6360038874148659,0.01633666973134517,0.053772917717052005
0.024133071887703094,0.32095460305326595,0.1518391235746449,0.054428562924774375,0.03324929338773852,0.464080717601724,0.3318974101576587,0.09215749687151147,0.07175339393590766,0.35340584514497286,0.024381343823480044,0.11323144490898657,0.0,0.024836848236509012,0.0042767651157621,0.0,0.10467158720513346,0.1572118703065537,0.9840494293188735,0.9465067109474177,0.046007871537517814,0.021362356427186265,0.0062882223953135905,0.004360608768758203,6.610696135189607e-05,0.15788071337273565,0.0442404774345922,0.06450652555944135,6.610696135189607e-05,0.8347232832417251,0.006508743269001822,0.6238739037668356,1.0,0.7509253496679266,0.5118972851889514,0.8904946866373566,0.09962642745306151,0.19682725696407788,0.0,1.635974608033916e-06,0.02898001206556173,0.4210828172346509,0.0714799313629403,0.00793371313603932,0.017313882858390688,0.9999402052008179,0.1006397656476157,0.13402650487716342,0.1580057683887177,0.4553150795313811,0.9691099129075181,0.2628946513241779,0.0,0.22423780209556446,0.4838259496952866,0.10950531336264335,0.795701985341805,0.6459608727293684,0.01595057068112644,0.053491653077974266
0.024235946927080716,0.32130585151292934,0.15202976484213468,0.054726273595787134,0.03328740890355492,0.4652202065516577,0.3331496612300468,0.09230461855974562,0.07171516700514201,0.3529188812639836,0.02485341225965998,0.11612021979690854,0.0,0.022038250192077495,0.0037554042282589182,0.0,0.10813079224632932,0.14874369074434707,0.9844145561922452,0.9467440275769808,0.04583574429127599,0.020463136611273428,0.006050747430565185,0.004301316594624638,6.610696135189607e-05,0.15905010902013741,0.04543530162970602,0.06890170193688341,6.610696135189607e-05,0.8419759280386713,0.006135887014652474,0.620004426121278,1.0,0.7464401985893222,0.5119255779048163,0.8885668112149925,0.1018327105193456,0.19640809605961382,0.0,1.5258112778672125e-06,0.028872884511867522,0.42199269804013556,0.07258090953445709,0.00784118046966652,0.017277656010512735,0.9999663826431329,0.09743180952630212,0.13249988535217191,0.15853521387501454,0.45629606901250014,0.9690107007256875,0.2638753540818134,0.0,0.2315215512186003,0.4843190178669247,0.11143318878500756,0.7900364972343251,0.6548482131960391,0.01558544380775485,0.053254446611741287
0.02432115632697456,0.3215029209101519,0.152091560655425,0.05500371526861116,0.033312323588959934,0.4662468266339619,0.33425401509039443,0.0923417831061131,0.07161254400399651,0.3526159183872088,0.02536660505199832,0.11888414850550351,0.0,0.019526517387917126,0.0033083278695430025,0.0,0.11159165236619972,0.14110772983173556,0.9847607247912663,0.9469445009028443,0.045677658161239754,0.019601484150740714,0.005820643235690164,0.0042612401490273785,6.610696135189607e-05,0.16020489782683645,0.04686469180296267,0.07334694637827867,6.610696135189607e-05,0.8492724052503067,0.0058237163302335745,0.6162989430521422,1.0,0.7424173739989648,0.5120819701942508,0.8867865709524013,0.10381312984832075,0.19611667538124772,0.0,1.4237823977051624e-06,0.028771178026704425,0.42292322389369086,0.0736550208280057,0.0077577897096180425,0.017243345991966492,0.9999597811371193,0.09433460458477862,0.13108308973820568,0.15911366103886246,0.45710892436756,0.9688096786177681,0.26481690844235434,0.0,0.23805610861311804,0.4846097019362061,0.11321342904759864,0.7845952177854796,0.6627755947870168,0.01523927520873373,0.05305407531475796
0.02439331317233036,0.32159541813775105,0.1520672956021302,0.05524586692316246,0.03332864622185269,0.46725329989995523,0.33518287774298616,0.09233278335087637,0.07148177264060654,0.35245516163685087,0.025919007187763316,0.12151484929259075,0.0,0.01728480687828503,0.002922138976200564,0.0,0.11504022661031098,0.13421401123775512,0.9850895719746339,0.9471136778840658,0.04553677065190651,0.018820144578248956,0.005600591639476965,0.004228035449132803,6.610696135189607e-05,0.16126951142068865,0.04846083008896783,0.07796329941028249,6.610696135189607e-05,0.8563678911163283,0.005562159100387667,0.6127695867330596,1.0,0.7387233906320689,0.5123846800816789,0.8850760530770203,0.10559592487651676,0.19590245609347604,0.0,1.3288631984286656e-06,0.028670253970077733,0.42386252465189606,0.07469790796601639,0.007675151298407427,0.017209927058240836,0.9999535968809802,0.09133298126802232,0.12976718606957932,0.15980573522971891,0.4577837217084479,0.968518833711849,0.26571556397434964,0.0,0.24399180248964605,0.4846931809421205,0.1149239469229797,0.7793638485131723,0.6698835326687689,0.014910428025366088,0.052884993252735775
0.02445607888754871,0.321603857203483,0.15198517686109433,0.055454554168519576,0.03333780782457326,0.46827597459323,0.3359522486044257,0.09229856133201043,0.07132771416880841,0.35240517846438557,0.026511077360361176,0.12401535120124005,0.0,0.015287720140811575,0.002586625939096637,0.0,0.11847244719055294,0.1279849597855077,0.98540311037629,0.9472581928246916,0.04541439762397202,0.018084324265533882,0.005393440595619556,0.004198700933388549,6.610696135189607e-05,0.16235862521049577,0.05019594524533658,0.08280072119319616,6.610696135189607e-05,0.8633863990385224,0.005343293140191936,0.6094569053796909,1.0,0.7353584137185748,0.5128962223284487,0.8834422496613775,0.10720641092197013,0.19575244555005208,0.0,1.240302915123037e-06,0.028566365561091107,0.42477581432585954,0.07571782171294403,0.007626111476958712,0.017176382497484852,0.9999478827140786,0.08843488386570833,0.1284076439577575,0.160547820022189,0.4583273038468824,0.9681456294994469,0.26652774341906904,0.0,0.2493538661406136,0.4845171517324547,0.11655775033862247,0.7743211418874769,0.6762625946644403,0.014596889623709957,0.052740566872393244
0.024512198469713174,0.3215561920918479,0.15186654761051402,0.0556229484986038,0.03334242226483268,0.46928312420814144,0.336590095709284,0.09228645020270898,0.07115996103946697,0.352436995919321,0.02713461253590091,0.12639426559348974,0.0,0.0135125512379889,0.00229359771798145,0.0,0.12186787460425787,0.12234103046894802,0.9857029516231788,0.9473822895665628,0.04531028226965598,0.017376555457957008,0.005203425223217888,0.004171425522745463,6.610696135189607e-05,0.16350657698813154,0.05202830946965026,0.08787275956401698,6.610696135189607e-05,0.8704113665712188,0.0051596121504425526,0.6063396766724011,1.0,0.7322583381735689,0.513610392154103,0.8818546645101718,0.10866155887064956,0.19565248494450302,0.0,1.1574824827452964e-06,0.028461226914396422,0.42567363434022865,0.07670753318716172,0.0075588221137465415,0.017143331757773494,0.999943852400981,0.0856130318516755,0.12719309629084818,0.16137937405333466,0.4587701246037888,0.9677057753136565,0.2672660577341091,0.0,0.25422911058844216,0.48409601012791553,0.11814533548982822,0.7694705665250926,0.682006484586549,0.014297048376821204,0.05261655295095445
0.024562712424282186,0.3214684682129833,0.15171106205617643,0.05576466278208159,0.033343930189816455,0.4702751956524371,0.33711666593641065,0.0922679598198747,0.07098050244348929,0.3525346417808595,0.027793538874195868,0.1286574848427293,0.0,0.011936610207341056,0.0020369193074198755,0.0,0.12523010253064637,0.11722711185660299,0.9859906509190358,0.9474911658399215,0.04522238099374603,0.01673400603960316,0.005024998740641494,0.004136804826736886,6.610696135189607e-05,0.1645949258047515,0.05398891186665284,0.09320493990539626,6.610696135189607e-05,0.8772768071823622,0.005006225514825098,0.6034017308983636,1.0,0.7293473476484752,0.5144981598517427,0.8802670983390727,0.10998357135183257,0.1955792231708211,0.0,1.0798864600279072e-06,0.02835246173125682,0.42655842541429523,0.07766752321318446,0.007484037386116474,0.017110302435967385,0.9999406950056013,0.08287321990388179,0.12605296639432395,0.16233758147155172,0.45912136499816825,0.967200235610979,0.2679407842589071,0.0,0.25871604214418376,0.4834649208408373,0.11973290166092738,0.7647863261175211,0.687193664972576,0.014009349080964238,0.052507754273618416
0.02460921571368308,0.3213405636494788,0.1515257458984374,0.05589064397570525,0.03334259604618077,0.47126676783287086,0.3375596260324392,0.09222987524165116,0.07078164557510157,0.3526853726103071,0.028490031605473243,0.1308266868200123,0.0,0.01053649191686462,0.0018114476921970396,0.0,0.12856324955552198,0.11259033760206767,0.9862675237380211,0.9475889959355837,0.04514904086390458,0.016138097509279636,0.004823926197029989,0.004067218070662932,6.610696135189607e-05,0.16567637968842724,0.056156756217858345,0.0989455990935068,6.610696135189607e-05,0.8846050803430857,0.004878813353487421,0.6006461728757266,1.0,0.7266608713129844,0.5155873720351462,0.8787117960002654,0.11119093682366651,0.19553551636157504,0.0,1.007129261982868e-06,0.0282422864927044,0.4274107763678122,0.0785998990356493,0.0074076101193242495,0.017077218677132574,0.9999377463048763,0.08024825257678112,0.12497415563940853,0.1633974011300104,0.4593739215862706,0.9666311550410394,0.26852714030426117,0.0,0.2628026367701511,0.4826011802726569,0.12128820399973461,0.7602458136208115,0.6918741460363572,0.013732476261978934,0.05240999693515437
0.024652149202943754,0.32115319748950094,0.15131655187331441,0.05601474129472719,0.033337668778544396,0.4721348349746662,0.3379238132599757,0.09213210421139938,0.07054939990851045,0.3528909804176225,0.029223982333335608,0.1330280997860324,0.0,0.009295608339620101,0.0016129329308873256,0.0,0.13187382425800523,0.10838222645459544,0.9865343463678418,0.9476779009918955,0.04507616844667132,0.015553563553780392,0.00465135289881354,0.004016060829962565,6.610696135189607e-05,0.16675986169978493,0.05833655389455839,0.10496255111979313,6.610696135189607e-05,0.8920096891020728,0.004770833964766617,0.5979053402893981,1.0,0.7241676635489974,0.5168927750790319,0.8771855224442694,0.11228761786379535,0.19552980079627402,0.0,9.388067104731881e-07,0.028127838803619208,0.4282180243515749,0.07946844416877302,0.007339914352768835,0.01704417083142819,0.9999349541209999,0.07774533092737775,0.1239094317408195,0.16451361264355271,0.459566803575464,0.9660051837018978,0.26906655992456946,0.0,0.26653672811138246,0.48149429199008087,0.12281447755573062,0.7558385578781994,0.6960879727491306,0.013465653632158198,0.052321160201393956
0.024692475452494065,0.3209484886468927,0.15109330055536394,0.0561233796457127,0.033331971554747396,0.4729907822887459,0.33821556792265484,0.09202381356886885,0.07031089236618278,0.3531312353189872,0.029994618922260737,0.13520056125792645,0.0,0.008196543712772704,0.0014376864182511157,0.0,0.1351506140802916,0.10455951336243043,0.9867912984288659,0.9477575942577672,0.04501303034430212,0.015024989370813988,0.004453711109810464,0.003995228831913058,6.610696135189607e-05,0.1677532940492474,0.06070656048462237,0.11114179529762953,6.610696135189607e-05,0.8992107828507685,0.00468024925231109,0.5952733269176356,1.0,0.7217895601972669,0.5183269020822844,0.8756340634875993,0.11329137365995133,0.1955231203539999,0.0,8.746064205290156e-07,0.028009883170000967,0.4290156446790742,0.08030889572649043,0.007275189393636182,0.017010597309089603,0.999965613959791,0.07531011950635005,0.12286337840218774,0.1657283253890296,0.4596796719183305,0.9653251318254282,0.2695261118244381,0.0,0.2700138960899604,0.4802354114994644,0.12436593651240072,0.751558012259757,0.6999173662835697,0.013208701571134058,0.05224153113581226
0.024731331939929605,0.32072808736612346,0.15088936492481367,0.056203903605640676,0.03332635500508219,0.4737778328661185,0.33838607778326685,0.09194010884147812,0.07008253930236745,0.3533985746405499,0.030801580791620757,0.13734114109088316,0.0,0.007224942238790376,0.0012824277949935673,0.0,0.13838242192229888,0.10108822328852224,0.9870391820892412,0.9478301364313567,0.04496177222965293,0.014522670871828135,0.004281524227873183,0.0039584193147353015,6.610696135189607e-05,0.1687710230660963,0.06306638549982485,0.11769665341639213,6.610696135189607e-05,0.9063748622670164,0.004604467598579015,0.592743987306827,1.0,0.7195306720212702,0.5199101834485624,0.8740645136205153,0.11423380481741496,0.19550280079446095,0.0,8.143071116493206e-07,0.027891494683506147,0.4297723938857123,0.08113572572303533,0.00720826356062074,0.01697668260262508,0.9999630679059095,0.07292363513660066,0.12184815939466853,0.16706746404351572,0.45973263631471,0.9645939516098002,0.26991487160228983,0.0,0.27324438573993953,0.478807388756444,0.12593548637948468,0.7473837732602862,0.7034089759170168,0.01296081791075875,0.052169049261531694
0.02476875084069216,0.320498498237511,0.1507102967813643,0.05627458330234518,0.03331970954025202,0.47449120051362736,0.33842444380785724,0.09184639941298756,0.06983840109776965,0.35368223971099394,0.03164504580400113,0.1394576811421273,0.0,0.00636499369661004,0.001144747572342454,0.0,0.14157165313995493,0.09793329966567318,0.9872788054081714,0.9478976229923828,0.04491799900129212,0.014015613012862603,0.004077217346859592,0.0038980331825961634,6.610696135189607e-05,0.16985844520960855,0.06558235981563369,0.12467878782617763,6.610696135189607e-05,0.9142374111306913,0.004541220588402006,0.5903220722134616,1.0,0.7173917069375522,0.5215888988657488,0.8724803404910173,0.11511771739736365,0.19547770112222693,0.0,7.577045119234975e-07,0.027771811525937308,0.43051863280802466,0.0819403016102992,0.0071441741482719465,0.0169421632651516,0.9999606291288136,0.07059820263776213,0.12085090939689548,0.1684741283740575,0.4597214550805542,0.9638137336075968,0.2702202466444111,0.0,0.2762432993658378,0.4772663535619088,0.1275196595089827,0.7433106294626814,0.7065889992120998,0.012721194591828662,0.052101619303105355
0.024805277839969962,0.32023909458732674,0.15052409489075985,0.05634306556552638,0.03331136592448433,0.47488516252559426,0.3384292313864388,0.09171587390277647,0.06957676382305367,0.35399341155844777,0.03252544889442276,0.14167490438313285,0.0,0.005606983760665203,0.0010224981589214575,0.0,0.14472217186611303,0.09506746011096938,0.9875106652119142,0.9479610977506153,0.0448673372264653,0.0135607964793306,0.003908015410045566,0.003841613893405489,6.610696135189607e-05,0.17076243559962365,0.0680497927397805,0.13203200156570605,6.610696135189607e-05,0.9218374992589493,0.004486542614577381,0.5877981925127729,1.0,0.7152688472457339,0.5233211980624758,0.8708073312824189,0.11595006773435407,0.195450192814878,0.0,7.045792890574594e-07,0.027647159983105404,0.43124511278078587,0.08272989547604251,0.007084958050263323,0.016907112194672277,0.9999582177047359,0.0683101191995444,0.11981872302339298,0.1699286107958817,0.45966815539489797,0.9629880084909999,0.2705269031040943,0.0,0.2791241689936009,0.47565630377860285,0.129192668717581,0.739327760399533,0.7094823470741526,0.012489334788085782,0.0520381976700957
0.024842085732938415,0.3199714051821055,0.1503175076980658,0.05640881097918319,0.03330292318228692,0.4752367581894688,0.33843764694828443,0.09157365341096907,0.06933937445943329,0.35431794598932553,0.033441823230773854,0.14391152217143707,0.0,0.004935971764325427,0.0009138246352017513,0.0,0.14782977074458728,0.09246095529603526,0.987734816361909,0.9480195405264212,0.04482076493944198,0.013099255727468295,0.0037186298089990116,0.0038070661649457246,6.610696135189607e-05,0.17172100945114888,0.07059072410898612,0.1395127302224699,6.610696135189607e-05,0.929579656144641,0.004440620040994527,0.5853717087277766,1.0,0.7132785177484864,0.5251101755384809,0.8691366035142107,0.11674446744886148,0.19542316348110642,0.0,6.547712073709974e-07,0.027525540986327753,0.43195935096873966,0.08349898887862946,0.007028817572076034,0.016870480674658468,0.9999559552482115,0.0660750582376078,0.11882442046480621,0.17145664058040078,0.45956082111984725,0.9621175567282316,0.2707167691007863,0.0,0.2817855104871882,0.4739759998263174,0.13086339648578926,0.7354257618065513,0.7121158812228583,0.012265183638090992,0.05197980470237138
0.02487804405342678,0.31970351656050583,0.15012245996580728,0.056455134843904464,0.03329418482718773,0.4753642022069439,0.3383787733551653,0.09144611355881296,0.06908555388976656,0.354658709966472,0.03439311104595755,0.1461772833468106,0.0,0.004344407812624298,0.0008170518156112203,0.0,0.15088252028192467,0.09009415451758308,0.9879516671234321,0.9480737868653013,0.044775921407466134,0.012639971296233121,0.0035272313531277645,0.0037634960863909507,6.610696135189607e-05,0.17268092098997675,0.0731416008095952,0.14741487504229467,6.610696135189607e-05,0.9375299085950748,0.004401748767104612,0.5829574922411276,1.0,0.711291468856322,0.5268685554794429,0.8673655682575654,0.11751596882943008,0.19537008480814225,0.0,6.080708468204294e-07,0.027403220731080976,0.4326727825769997,0.08425556848544367,0.006991733106185562,0.016834013702670677,0.9999537072786152,0.06388155450362158,0.11780523647851814,0.173024601307977,0.4593973581702711,0.9612051401869378,0.27086522441206184,0.0,0.28436412333105376,0.4723143927049459,0.1326344317424346,0.7316015108886452,0.7145357606742746,0.012048332876567928,0.051925605063851854
0.024913803973474567,0.31942317621043803,0.14990281052203788,0.05648486402480819,0.03328476248947211,0.4751747004870567,0.33835724815552326,0.09133252277179356,0.06882215116696724,0.35502100047210283,0.03537425686501226,0.14850403433097056,0.0,0.003823126266566636,0.000730677616986391,0.0,0.15387186901847225,0.08794243027247822,0.9881617883749775,0.9481252743012274,0.04472867016864096,0.012206962454825958,0.0033402754167240266,0.0037139273874766737,6.610696135189607e-05,0.17354552537183596,0.0756646061219635,0.15569434138652927,6.610696135189607e-05,0.9454846314513152,0.004368250898215705,0.5805107996734119,1.0,0.7093044873687042,0.5285619456203693,0.8654870676331594,0.1182681448072265,0.19530143298484223,0.0,5.643179563431606e-07,0.027279747594521248,0.4333880688548162,0.08499976291985023,0.00694647222622704,0.016797135184304864,0.9999514992117616,0.06171696106405572,0.11682639224745354,0.17463073404127163,0.4592044571587775,0.960257492236772,0.2709851659956175,0.0,0.2868723863647292,0.47070737676264435,0.13451293236684056,0.7278599861743013,0.7167561367426796,0.011838211625022571,0.05187416138081622
0.024949433751998505,0.3191213462023219,0.14970039906528593,0.05650941426327907,0.033275379406549614,0.47477708668375157,0.33825091636398713,0.0911991994360474,0.06854750458891766,0.35540066697841327,0.03638833493589971,0.150896669720203,0.0,0.003363284128645351,0.0006535731177563745,0.0,0.15680501833661112,0.08599088974732007,0.9883655295289446,0.9481749548241224,0.04467851936472274,0.011776764615464598,0.0031669807955327076,0.0036618563409617664,6.610696135189607e-05,0.17438747052366438,0.07814389393510472,0.1642877285765938,6.610696135189607e-05,0.9534506503230672,0.004339670494386912,0.5780625657594198,1.0,0.7073693099459919,0.5301972631897808,0.8635459582246598,0.11900618334712783,0.1952268298737162,0.0,5.233323717689495e-07,0.027161110720622043,0.4340925191411376,0.08573703926503039,0.006901441190394419,0.01676001164427534,0.9999493720970185,0.059583507512886796,0.11585835723571664,0.1762841793103515,0.4589855966389776,0.9592719945697133,0.27104076452037723,0.0,0.2892674059253627,0.4691491636924628,0.13645404177534015,0.7241887983162612,0.7187822803789637,0.011634470471055373,0.05182452184350586
0.024983965911120263,0.3188139986663232,0.1495010843650333,0.056531499932821465,0.033265671535191894,0.4741396967861065,0.33809181609728617,0.09104631354604883,0.06826410501343166,0.3557926778827838,0.037435294962025585,0.15334212359650545,0.0,0.0029576398823298426,0.000584721299060035,0.0,0.15967944372947457,0.08422207176440255,0.9885630678155451,0.9482227708265174,0.04462597069737472,0.011357126975098759,0.0029770382580433154,0.0036085306596623967,6.610696135189607e-05,0.17518178112083455,0.08058950898076962,0.1731519094723858,6.610696135189607e-05,0.9615934540324061,0.004315499188417993,0.5756331261280542,1.0,0.7054685797340976,0.5317244825616184,0.8615322347733986,0.11973142040668829,0.19514097680540712,0.0,4.849790025619266e-07,0.027045663677914764,0.4348104160912528,0.08646159679449533,0.006823635037000246,0.016722593492225758,0.9999472640334485,0.05747165818873101,0.11500446126432941,0.1780408559965092,0.45876813359484175,0.9582492058495564,0.2710247502754403,0.0,0.2915737803835726,0.4676907961393215,0.13846776522660145,0.7205891358638371,0.7206369514301904,0.011436932184454903,0.0517767441944801
0.025017972992202164,0.31848871703912557,0.14930638336807214,0.05656219320589757,0.033254791815794715,0.47310690971902203,0.3378551884284413,0.090834134035031,0.06797098666617571,0.35620254340379787,0.03852786566150514,0.15588498784506938,0.0,0.0026005220188449595,0.0005233217471068306,0.0,0.1625119830206346,0.08263200001224354,0.9887546948053392,0.9482700853149426,0.04456556115706723,0.010965052680860215,0.0028060326716013266,0.003557170213250955,6.610696135189607e-05,0.17586001017015002,0.08293105204740175,0.18240433669794226,6.610696135189607e-05,0.9694339159854606,0.004295376176562585,0.5731585261590747,1.0,0.7035775396819106,0.5331473587726288,0.8594230024807947,0.12045210368721831,0.19504808757814227,0.0,4.491148181137894e-07,0.02693246416756454,0.43551309451435455,0.08718707240616831,0.006767588798663526,0.01668395152943005,0.999945521208753,0.05540858273323823,0.11411260184974137,0.17987461421171905,0.4585214591467388,0.9571767581619323,0.270956485995856,0.0,0.29382193829924447,0.4663293194802644,0.1405769975192053,0.7170359132921471,0.7223199124096142,0.01124530519466086,0.05172946557023929
0.025051798421356054,0.31816248909039274,0.14911418235789467,0.0565891791308023,0.03324312279500322,0.4718358012115644,0.3375782129083257,0.09060717148115553,0.06766604146810842,0.3566207887896948,0.03965795321664079,0.15847911089411,0.0,0.0022855891207664916,0.0004684294444754999,0.0,0.16528362185800716,0.0811970194105909,0.9889404279818055,0.9483161937346986,0.04450433372477178,0.010570869307365465,0.0026327503404693173,0.003504783904141527,6.610696135189607e-05,0.17654540115330647,0.08518847232256671,0.19196062819643045,6.610696135189607e-05,0.9773071941695618,0.0042788933023251595,0.5707350922111533,1.0,0.7017669241058934,0.5344632524218393,0.8572927971150629,0.12116542790152138,0.19495607554588046,0.0,4.15628914976344e-07,0.026826231361702507,0.43622714710510635,0.0879052840560801,0.006720556343286004,0.016643582842351633,0.9999443104002809,0.05335018594366941,0.113220941569631,0.18168132467009787,0.45826671775784616,0.9560631534810341,0.2707857968947368,0.0,0.29594748677334015,0.46506831813368527,0.14270720288493713,0.7135509502404715,0.7238469050435287,0.011059572018194472,0.05168339063638644
0.025085009419688754,0.31783128576305814,0.14893305659021383,0.05660915300277957,0.03323205821649277,0.4701858921566437,0.33726692458033836,0.0903713705789734,0.06735871250726129,0.3570462655390908,0.04082417943462871,0.16114652769294757,0.0,0.002008486254892952,0.0004193415908128196,0.0,0.16799212230991015,0.07990642802845542,0.9891206997924135,0.948362165860459,0.044437538112885124,0.010175117537131753,0.002443171558033927,0.003451713393560887,6.610696135189607e-05,0.17720614978137303,0.08741104917808548,0.2020089083307117,6.610696135189607e-05,0.9853714642690595,0.004265347104529867,0.5683068452676571,1.0,0.6999794016810125,0.5356310213943901,0.8550915338024414,0.12187123955059355,0.19486508123353546,0.0,3.84386135781928e-07,0.02672404595577535,0.4369536583024429,0.08862522357680998,0.006678285119554557,0.01660147257662202,0.9999431034794157,0.051320492705491556,0.11233969121285614,0.18347191381761163,0.4579988377606634,0.9549104734608415,0.27054662703939536,0.0,0.29801211206409467,0.4639496370147971,0.14490846619755857,0.7101366381394962,0.7252284907380092,0.010879300207586488,0.0516374497534052
0.025118443983315298,0.31748771323479774,0.14873197707381142,0.056621279556902396,0.03322044527105998,0.46793676445356225,0.336978119352632,0.09009442387234073,0.06705176040572973,0.35749337847535395,0.04202443738569975,0.1639268817389374,0.0,0.0017652732805235661,0.0003754017615698565,0.0,0.17063131530391024,0.078748980197749,0.9892956989892483,0.9484081628857859,0.044362145645053454,0.009799537694959996,0.0022563839576658245,0.003398301828930185,6.610696135189607e-05,0.17775800013826848,0.08955673223702007,0.21285649791356015,6.610696135189607e-05,0.9933120866249807,0.004253922961034394,0.5658041081395218,1.0,0.6981751811497896,0.5366527207990429,0.8527694818885684,0.12257381334832337,0.19477661249511338,0.0,3.5526070106524083e-07,0.026623560160950892,0.43767889316305086,0.08931088634636945,0.006636258532120014,0.01655823466882529,0.9999418778071706,0.04936171737432344,0.11148578929795265,0.18526870705556403,0.45774493339716116,0.9537216396532658,0.27026901012154075,0.0,0.3000595455696868,0.4629718774393872,0.1472305181114316,0.7067948713477664,0.7264744073071376,0.010704301010751743,0.0515914818535131
0.025151809758300888,0.3171239348995151,0.14855365448267538,0.05663251002877296,0.0332075029667478,0.46524753235332494,0.3366005131311351,0.0898113878032725,0.0667426379031059,0.3579502636494375,0.04326052691390594,0.16681469183888292,0.0,0.001551816927954279,0.0003360334185642016,0.0,0.17320285688608394,0.0777173671822756,0.9894656338479426,0.9484548332674093,0.04428199964430781,0.009421055336131356,0.0020717083291398996,0.003344915934457398,6.610696135189607e-05,0.17831486795767934,0.09159483730252377,0.224536189624524,6.610696135189607e-05,0.9999563860602586,0.004244363381990091,0.5632714085517637,1.0,0.6964014004444748,0.5375585966514256,0.8503764987886826,0.12327144448579805,0.19469050398312543,0.0,3.281226638808786e-07,0.02653041514633498,0.4383885183447765,0.09000169242370464,0.006592464501013221,0.016514419956128665,0.9999407049636072,0.04740443287658888,0.11063544522685713,0.18707541730252167,0.4575041959976769,0.952495109704104,0.2699138996093534,0.0,0.30204678262757084,0.4621053699300103,0.1496235012113174,0.703525698628118,0.727592128834599,0.01053436615205738,0.05154483860992678
0.025187292264264638,0.3167614428968156,0.14839057897799712,0.05664253520651254,0.033193228040510094,0.4620889625043353,0.33615399095220183,0.08951507383357085,0.06642870682278355,0.35841773032471247,0.04453269325335232,0.169811435959674,0.0,0.0013645599981065796,0.0003008456161323845,0.0,0.17570620781983032,0.07679948757533418,0.989630598764746,0.9485014922097468,0.04421842761775666,0.009089260365825247,0.001886045389906887,0.003294180480659433,6.610696135189607e-05,0.17884848882322293,0.0935849667944988,0.23723365494745047,6.610696135189607e-05,0.9999424564249294,0.004236018543019882,0.5606887924079786,1.0,0.6946166412849615,0.5382539463649568,0.8478767853770903,0.12395075683252627,0.19459670510500648,0.0,3.028966091309423e-07,0.02644382622622502,0.4391176870152344,0.09069983883696862,0.006553673383772229,0.016480156644900053,0.9999395590272584,0.04545969742956176,0.10980520629776472,0.1887979851960991,0.457291059322103,0.9512312882036278,0.26949977163234734,0.0,0.30401879871693194,0.4614452080189108,0.15212321462290965,0.7003430353476434,0.7286038073196593,0.010369401235253956,0.05149820489364411
0.025233407970683457,0.31640469425268886,0.14824991278585162,0.05665469152551844,0.03317382545288199,0.4586450075280098,0.33563802562573136,0.08920115574031497,0.06610408954679277,0.3589104471133154,0.04583929361920312,0.17291627124984832,0.0,0.0011999873134251066,0.00026955124659381084,0.0,0.1781391805818757,0.07596896689306545,0.9897907503939956,0.9485484492755255,0.044283562571872916,0.008766340531365968,0.0017198650456366786,0.0032541700011611053,6.610696135189607e-05,0.1800713087227944,0.0956224803265778,0.2516945042638883,6.610696135189607e-05,0.9999631324653643,0.004228644004030933,0.5580695355025808,1.0,0.6928831114807391,0.5385548968029746,0.8453376670294167,0.12456918375247995,0.19450227564640274,0.0,2.796563215863462e-07,0.026398701339418545,0.4399148816472045,0.0914210663893089,0.006516614193938674,0.01644128854054104,0.9999477162893757,0.04350936876171236,0.10907075269383093,0.1902763772319339,0.45725223878119414,0.949932062376766,0.2690141932475709,0.0,0.30591690120583576,0.46117555195043164,0.1546623329705833,0.6972916356656443,0.7295287574605318,0.010209249606004462,0.05145127106815294
0.0252664257797083,0.31601374314684927,0.14808799484837293,0.0566476359646403,0.03315327321426414,0.4546558663378113,0.33508366339704004,0.08887294240980899,0.06579971533504331,0.35940841801890666,0.047181932842822905,0.1760568401911981,0.0,0.0010554935670764216,0.00024144767753442504,0.0,0.18048841348537692,0.07522419581471927,0.9899466263104401,0.9485987713562439,0.044361547994440316,0.008478242442884488,0.0015651543646377963,0.003218585582297658,6.610696135189607e-05,0.1813676126928073,0.09766091308019657,0.26738531724853193,6.610696135189607e-05,0.9999631770842775,0.004223063779341117,0.5555280492885983,1.0,0.6912068249287386,0.5387568375566082,0.8427745397383587,0.12517345837409494,0.19445710573130132,0.0,2.5816374343908224e-07,0.026343720034526046,0.44065783853545964,0.09212261684520262,0.0064429470304813025,0.016412851410545257,0.9999451120088764,0.04157340991502777,0.10837985095706117,0.19176032441457355,0.45731120465962605,0.948595003377836,0.26841511052020345,0.0,0.30773768150418485,0.46100171476585733,0.15722546026164133,0.6943381281405282,0.7303186984539795,0.010053373689559912,0.051400970480012576
0.025294862816474292,0.31561814046003384,0.14790664484536614,0.0566518025431384,0.033126316440884776,0.45042264666607906,0.3345071006156952,0.08850521750742674,0.06551952301121795,0.3599058362696029,0.04857616885509045,0.17920247737430434,0.0,0.0009283471858293899,0.00021624601930708747,0.0,0.18277266253420255,0.074571126079408,0.9900986515386537,0.9486538302990263,0.04444097961257068,0.008194202385467671,0.0013906107235030763,0.0031880351454211717,6.610696135189607e-05,0.18268729281056903,0.09975666738835212,0.28444097592550904,6.610696135189607e-05,0.9999632608117889,0.00422016015802254,0.5531097010113029,1.0,0.6896378307059656,0.5389962940041065,0.8402648611679979,0.1257763065690548,0.1944582102086606,0.0,2.3825403789317751e-07,0.026283546707508015,0.4413403556500133,0.09278233464188412,0.006412570388826013,0.016335758636494738,0.9969641978154236,0.03973391780544209,0.10760161433074625,0.19349742814950585,0.4574374333830488,0.9472036709868871,0.26768782161439275,0.0,0.309433822108205,0.46078745997658643,0.1597351388320021,0.6914510308967428,0.7309706637119314,0.009901348461346299,0.05134593144693586
0.02532442201756753,0.31522123681375225,0.14775170052753783,0.056635643565442165,0.033112199741084924,0.4457605956409366,0.3338901658273184,0.08816503506752582,0.06519904657019299,0.36040010588158566,0.05000225793088137,0.18241614806935805,0.0,0.0008173579051227628,0.00019357197638285032,0.0,0.18498229781201275,0.07400400799203594,0.9902473316260078,0.9487158900861652,0.04451736785046045,0.007920421426086614,0.0012195746260068498,0.003158004166343429,6.610696135189607e-05,0.18403526419110738,0.10179593324676317,0.30390361717861164,6.610696135189607e-05,0.9999632954529039,0.004216445214571313,0.5506732461716928,1.0,0.6880722215806825,0.5392023219528888,0.8376701492185816,0.1263669339020338,0.1944810033778966,0.0,2.1980861145149566e-07,0.026222042011179048,0.4419708357876851,0.09342917800239249,0.006368103835115135,0.01631283947809407,0.9891799196297956,0.03790621123629766,0.1068640266271625,0.19494539301450786,0.45757447465752016,0.9457812968545474,0.26691060575894915,0.0,0.3111104205141948,0.4606041060707284,0.16232985078141837,0.6886507682859535,0.7315149886300676,0.009752668373992213,0.05128389010522335
0.02535378242894689,0.31484112692815386,0.14760929889948424,0.05661857472899636,0.033084550029365015,0.4409371438712642,0.3332372985588381,0.08781707373729307,0.06493368642455587,0.3608849454653917,0.05145850675754078,0.18566762013606117,0.0,0.0007199359648430039,0.0001732094950104121,0.0,0.1871055985649254,0.07351216965741614,0.9903924266125164,0.9487831337110026,0.044590354339223426,0.007678129951144917,0.0010540204007786083,0.0031056200151418616,6.610696135189607e-05,0.18528881132940186,0.10372396577189,0.3258862359824545,6.610696135189607e-05,0.9999633301215048,0.004208613073902839,0.5482503598973458,1.0,0.6865229607084286,0.5393982121671634,0.8350269542660619,0.1269524683184268,0.19452327875315814,0.0,2.0273016337055494e-07,0.02619558606995567,0.44259697584167335,0.0941103358329723,0.0062979385376873455,0.016269876192623635,0.9787953728269889,0.03602127590361618,0.10617029515693632,0.19657578222465444,0.4577059396242257,0.9443328801685564,0.266082019966593,0.0,0.3127571033267284,0.46042857833782613,0.1649730457339381,0.6859419331166479,0.7319645515894257,0.00960757338748363,0.051216663558834
0.025377675345205578,0.31445649415883986,0.14744474276744626,0.056626051764044,0.033057021991594396,0.4360315009536802,0.3326059261741064,0.08739997805236636,0.06464475283910953,0.36137261868993664,0.05295260221202633,0.18899171876842247,0.0,0.000634375513028918,0.00015500511409258463,0.0,0.18917941467646154,0.07310442115115674,0.990534986959281,0.9488591892978894,0.0446445917173271,0.007422225106717421,0.0009055790633108819,0.0030722866818085276,6.610696135189607e-05,0.1864979709493822,0.10547432672024132,0.3501739611059634,6.610696135189607e-05,0.9999633340941336,0.00419366558268039,0.5458232691380817,1.0,0.6850420316330891,0.5395733664469667,0.8324210217091611,0.12751810017161913,0.19457250555096936,0.0,1.8692050150593813e-07,0.026151101259329883,0.4432074595645387,0.09475974360025574,0.006240376511584751,0.01622310963733999,0.9670798691794045,0.0341990446824569,0.10545269810248202,0.19825558284461486,0.457892528744651,0.9428537322052933,0.2651850120934958,0.0,0.31432359285388206,0.46027162843894076,0.1675789782908389,0.6833024851519193,0.7323230732978739,0.00946501304071896,0.05114062378160908
0.025402324701554173,0.3140957577645701,0.14727793123891314,0.0566312434662433,0.033032067499094826,0.4316370012536623,0.33198475304014613,0.08698821117357664,0.06435468885832706,0.3618461261692218,0.05447849127561885,0.1922818218181867,0.0,0.0005591991725964658,0.00013872437404673408,0.0,0.1911880175420801,0.07277257972465655,0.9906745822445453,0.9489422570222965,0.04469559283117278,0.007190033667889283,0.0007331374358574054,0.0030300928999514123,6.610696135189607e-05,0.1876195436188527,0.10716261457813449,0.3764572826709226,6.610696135189607e-05,0.9999633582864854,0.00417277602321517,0.5434997705310571,1.0,0.6835767788194125,0.5396580973223307,0.8298682962848452,0.12807213302880882,0.1946260677407598,0.0,1.722859866960677e-07,0.026106055572726113,0.44383123467097424,0.09540416057413481,0.0062061776366047275,0.016174241206745814,0.9554438076043977,0.032440444119851954,0.1046839982418774,0.19991379111325344,0.4580670098107686,0.9413487327011659,0.26421840765075616,0.0,0.31586402200799113,0.4602031783036226,0.17013170371515488,0.680739849429111,0.7326013525345837,0.009325417755454722,0.05105757069171676
0.025430299575785034,0.3137265980357724,0.1471261777709745,0.056630649979132,0.033008472723622666,0.4270456076010295,0.33136339758977096,0.08659035278539559,0.0640606270165281,0.36231447544048717,0.05602266109754986,0.19561274537306503,0.0,0.0004932474061121596,0.00012415390872990445,0.0,0.19312513445842727,0.07250474022687672,0.9908115455316965,0.9490332843433399,0.044736184303420926,0.00694761398761031,0.0005892370661732207,0.0029864355622288646,6.610696135189607e-05,0.18870128240945871,0.10860705211965323,0.40637340386490034,6.610696135189607e-05,0.9999633467371942,0.004145975555399459,0.5411730980581335,1.0,0.6821487432269897,0.5396883360614209,0.8273076274196931,0.1286130894967906,0.1947117237321497,0.0,1.5874938090330232e-07,0.026066193612872605,0.4444310725539799,0.0960402600774273,0.006163904751855998,0.016125399216477355,0.9438804276119733,0.03069942512634947,0.10395097779407457,0.20151886703116573,0.4582731020733476,0.9398313633470506,0.26321415656880137,0.0,0.3173580093668981,0.46018751002984926,0.17269237258030684,0.6782617760447822,0.7327835360409736,0.009188454468303471,0.050966556907279206
0.025422652627152122,0.3133740277590184,0.14695107686723666,0.056631024835822226,0.032985277300677546,0.42315725544605637,0.33078257887994933,0.0861916407254885,0.06376991144857581,0.3627967998343078,0.057587128356902134,0.19890194201837255,0.0,0.0004352472508766226,0.00011115165708208725,0.0,0.19499774172508835,0.07230011794767574,0.9909457891794318,0.949131212466632,0.04476806393853526,0.006735593891970028,0.0004531038537848225,0.002941213556923944,6.610696135189607e-05,0.1895805462582411,0.10984543139529045,0.4377887307082098,6.610696135189607e-05,0.9999633187745028,0.004113925508739511,0.5389420151994117,1.0,0.6807454217514772,0.5395839605988579,0.8248847069508244,0.12913008210930083,0.19480648142774556,0.0,1.4621997794439482e-07,0.026031887451427732,0.4450635648394816,0.09666271700409859,0.0061190412622369695,0.016076652703159056,0.9333606734483627,0.02899652995989466,0.10324286488860208,0.20311982887037014,0.4584994315351196,0.9382989461343584,0.26215604278221594,0.0,0.3188193309976461,0.4603048877440599,0.1751152930491756,0.6758721761656109,0.7328934006245788,0.009054210820568207,0.05086864131339005
0.025437608737262606,0.3130168451944101,0.1467551500273357,0.056633949404595735,0.03296151468522038,0.41972571272801057,0.3302451122108004,0.08579006453743028,0.06347706047499602,0.3632612336364539,0.059172367142998186,0.20211137671452992,0.0,0.0003841531781555466,9.954677917925188e-05,0.0,0.1968162042300291,0.07215844799931224,0.9910779095584982,0.9492372035810439,0.04478652815767483,0.006535022506037743,0.00031336691797296336,0.0028945279853632676,6.610696135189607e-05,0.19032646132674516,0.11092009964555559,0.4706290385377541,6.610696135189607e-05,0.9999633162898142,0.004078896912393087,0.5368603413865505,1.0,0.6794523445456074,0.5394123069156271,0.8226939523936921,0.12962581812253132,0.19492834821274388,0.0,1.3462992269486122e-07,0.026010046119158536,0.4457019468677877,0.09727500619511019,0.006074259601102952,0.016029004793040428,0.9240280758655849,0.027349768652836937,0.10257204521629631,0.2046795178778489,0.45874031833227474,0.9367487359446087,0.2610282818989197,0.0,0.32016350227623697,0.4604881463051936,0.1773060476063079,0.6735579776474396,0.7329132037879439,0.008922090441501827,0.050762661789033436
0.025456493296854704,0.31266572700662926,0.14655251594535024,0.05664112450363672,0.03293846704594675,0.41661791466483356,0.3297383925275425,0.08538771685608929,0.06318250829663932,0.36371418498139724,0.060777178020370054,0.2052628587753886,0.0,0.00033917150511382624,8.920940227358954e-05,0.0,0.19858467015661205,0.07207522695217462,0.9912079502181893,0.9493521141059115,0.04479029535856975,0.00634252459172402,0.00020640360712650843,0.0028458934943884065,6.610696135189607e-05,0.19093535952481505,0.1116896135525002,0.5053142630829592,6.610696135189607e-05,0.9999632815735015,0.004041739593482956,0.5348770889127196,1.0,0.6782350406474001,0.5391546857172046,0.820666994678398,0.1300904739769708,0.19507148947063488,0.0,1.23901374564685e-07,0.025993977717651946,0.4463531526757451,0.09787340654844362,0.006030363820834786,0.015982317149835928,0.9158713643668678,0.025753167133758074,0.10194234599684873,0.2061678230070328,0.4590079030013809,0.935181082386147,0.25986005231189174,0.0,0.32142578784748604,0.46075610488052177,0.17933300532160204,0.6713248558664172,0.7328532835771905,0.008792049781810737,0.05064776199271394
0.025473459519094292,0.31233276546661787,0.14632748481774743,0.05665296039492867,0.03291651697282246,0.41446390209325484,0.3293005068266037,0.08499004086950283,0.06288783791314681,0.3641493194747807,0.0624002021062387,0.20828894783813834,0.0,0.00029946338940341205,8.001308589476138e-05,0.0,0.2003072533705659,0.07204652063550682,0.9913359165869863,0.9494758720234631,0.044781697255656124,0.0061567138690229685,0.00010696331036034353,0.0028185955443324863,6.610696135189607e-05,0.19139386201573286,0.11225445130036445,0.5388101574689483,6.610696135189607e-05,0.9999632483675323,0.0040040625700076184,0.533077190390075,1.0,0.6771264629594831,0.538792142831564,0.8189610974702705,0.13051712715118316,0.19523507388219877,0.0,1.1396819429237797e-07,0.025984780358967546,0.447049652230484,0.09844694860237552,0.0059877952520632815,0.0159367550611066,0.9094303880638045,0.0242282403875569,0.10135882105240199,0.2075826586123201,0.45929373969705506,0.9335957353237537,0.25863386177178666,0.0,0.3225740736511135,0.4611278440825412,0.18103890252972954,0.669175619478251,0.7327184054822944,0.00866408341301373,0.05052401400834262
0.025488328740976816,0.31202087441082366,0.14610478901855364,0.0566533554192951,0.03289724833879778,0.4128835092123525,0.3288838546438965,0.08464160498782738,0.06261157113369309,0.364563736166808,0.06404065799575816,0.2111231007948182,0.0,0.0002644234756487211,7.181984043977062e-05,0.0,0.20197912266538687,0.07207139753885305,0.9914620433858001,0.9496096963634314,0.04476472119979004,0.005979393659779981,6.610696135189607e-05,0.0027873493761333967,6.610696135189607e-05,0.1917418254359999,0.1124994868304091,0.5709696756357368,6.610696135189607e-05,0.9999631761696719,0.00396852761297709,0.5315045257974408,1.0,0.676114549353674,0.5383590593464098,0.8174822006824002,0.1309174933646119,0.19541381363129523,0.0,1.0477326405542424e-07,0.02598066571134763,0.4477711277158842,0.09899399038460692,0.005943408293642928,0.015892411956071495,0.9043073330951786,0.022772864302562774,0.10084337279186757,0.2089271425743499,0.45960370340594164,0.9319908143912647,0.25737237340774105,0.0,0.32362102717067726,0.46156912081315044,0.18251779931759976,0.6671033839700012,0.7325147888298517,0.008537956614199833,0.05039019886330458
0.025498394890785966,0.3117372114285176,0.14585939170712572,0.056652231679786856,0.03287977751068519,0.4124662543457671,0.3285478600406232,0.08432674867352624,0.06233936552127329,0.36495074325472265,0.06569878221151781,0.21370299277013494,0.0,0.00023338860030626028,6.452820759061481e-05,0.0,0.20361219168028047,0.07214929312754927,0.9915866577943948,0.9497552708941375,0.044740787480757306,0.00581410164044247,6.610696135189607e-05,0.002755330590672871,6.610696135189607e-05,0.19195513891692603,0.11252397038372078,0.5959185869074038,6.610696135189607e-05,0.999963136335956,0.003936879819794915,0.5302277996743306,1.0,0.6752682891608969,0.5378535086942022,0.8164383870371039,0.13127964018822433,0.19560822763380462,0.0,9.626201683424137e-08,0.02598110626930594,0.44855588132450325,0.09950044773416022,0.005899970507250957,0.015849733770690433,0.9009407606962747,0.021414748776970575,0.10039688090694908,0.21017037583145998,0.4599204158719451,0.9303643379686872,0.25606920755553436,0.0,0.3244983222387968,0.4620819630982071,0.18356161296289608,0.6651081681314952,0.732242479238646,0.008413342205605186,0.05024463284384567
0.02550529029966049,0.3114672771349473,0.14559804643391297,0.05665164078498416,0.03286495845363416,0.41287965360747797,0.3282955424536186,0.08404593282060091,0.06206731501810942,0.36531267455424815,0.06737489402585048,0.2160209375910742,0.0,0.00020587016883993797,5.8040312870464515e-05,0.0,0.20522000204690782,0.07228046670832457,0.9917100903280405,0.9499145986821302,0.0447144981745695,0.005666200394619175,6.610696135189607e-05,0.0027247418971072276,6.610696135189607e-05,0.1921018271455051,0.1125519730961333,0.612108185845196,6.610696135189607e-05,0.9999631468224135,0.003911467755883447,0.5292388326312344,1.0,0.6746264393910906,0.5373267923651567,0.8157775313992406,0.13159892312726082,0.19582712412864153,0.0,8.838834840125041e-08,0.025983207885296164,0.44939092447283074,0.0999598245860302,0.0058584887315432654,0.01580944165693931,0.8989959776701775,0.020158633431111565,0.10003947811560754,0.21126939878042633,0.4602412757777576,0.928713638218266,0.25474022977769145,0.0,0.3251676904400696,0.4626151673219729,0.18422246860075941,0.6631810748258314,0.731892409163034,0.008289909671959533,0.05008531292952131
0.025511736926015955,0.31119811128764663,0.14534185492019788,0.056646063063758245,0.03285252995483799,0.4133860255954756,0.32808132798388095,0.08379274360414614,0.06180095826777524,0.36565777610726147,0.06906797038826788,0.21814258817630325,0.0,0.00018153925264313592,5.225698448849658e-05,0.0,0.20680726914319342,0.07246403782915972,0.9918323121747745,0.9500879126810335,0.04468995457499878,0.005539061357271932,6.610696135189607e-05,0.0026970298935627725,6.610696135189607e-05,0.19224478373430445,0.1126642991918185,0.622912905395395,6.610696135189607e-05,0.9999631496326252,0.0038935843829459153,0.5284341940014068,1.0,0.6741578656240405,0.5368556785171721,0.8152832748109798,0.13188297760089915,0.19607860656152368,0.0,8.111450645492679e-08,0.02598309464370697,0.45023113214657,0.1003763423946122,0.005818230629481021,0.015771459718177294,0.8978458770328047,0.01898785477667243,0.09976266647299269,0.21222763872633463,0.4605722134146771,0.9270384452287862,0.25342321782229005,0.0,0.32566059512331647,0.46309206449833934,0.1847167251890202,0.6613097532559075,0.7314573556093167,0.008167687825225445,0.049912006204459985
0.025517713892695044,0.31093588536148875,0.14509591533415164,0.0566325625675963,0.03284165262680091,0.41386707675750395,0.32788107038507047,0.08355945754393417,0.06154864632103872,0.36598728696699917,0.07077578274179501,0.2201055430565762,0.0,0.0001600814975015205,4.7088126698599956e-05,0.0,0.2083714592251414,0.07269872550248789,0.9919531107990907,0.9502741315027601,0.044668393393735135,0.005432066630193506,6.610696135189607e-05,0.0026725802071371767,6.610696135189607e-05,0.19235516941200542,0.11280680008864179,0.6302215694438085,6.610696135189607e-05,0.9999631597078055,0.0038833298269844527,0.5277638800312288,1.0,0.6738249130658561,0.5364830162509263,0.8148887966046073,0.13214196229769792,0.19635607310010372,0.0,7.440298926843682e-08,0.025979235101828282,0.4510578141832261,0.10075350214694116,0.0057782507799641405,0.01573538237692449,0.8973942688244965,0.0178929952603028,0.09953851623813072,0.2131401604924505,0.46090666657472956,0.9253408874312206,0.25213057691219504,0.0,0.3260150054366423,0.46346989562237517,0.18511120339539264,0.6594865784771607,0.7309452013974085,0.008046889200909384,0.04972579409425068
0.025523738669529245,0.3106856152218035,0.14486405064603566,0.056612875339741534,0.03283131003077805,0.41432459768839025,0.32768218109320235,0.0833427560170198,0.06130919162255991,0.36630120768533375,0.07249699195534587,0.22193472229750025,0.0,0.00014119274898134802,4.246024747303587e-05,0.0,0.20991203208863393,0.07298407810930228,0.9920724323975869,0.9504726882228076,0.04464936583309239,0.005343955999845157,6.610696135189607e-05,0.0026182294318012733,6.610696135189607e-05,0.1924916059575252,0.11298762074013616,0.6354731417326153,6.610696135189607e-05,0.9999632126825381,0.0038804806472385743,0.52719919672114,1.0,0.6735956814988125,0.5362158312963694,0.8145714924407592,0.13238185024565455,0.19665043019960415,0.0,6.821538568918849e-08,0.025972073153481275,0.4518631800400119,0.10109672581804605,0.005738230873235262,0.015700700697488437,0.8977014728775927,0.01686686522130941,0.09934954902094603,0.21399179580666974,0.4612415704621262,0.9236225273974156,0.2508660809813598,0.0,0.32626312575220606,0.46374170845615753,0.1854285075592408,0.6577061176657115,0.7303654916910935,0.007927567602413121,0.049527243561806704
0.025531714105926806,0.3104218024110144,0.14462756790149783,0.0566108080223017,0.03281930185450267,0.4146155153243083,0.3275255749697186,0.08307939377273493,0.061054877923949306,0.3666123529988243,0.07423070440303517,0.22376360503103757,0.0,0.00012457901223361065,3.832805700829072e-05,0.0,0.2114475606009955,0.07331747424416901,0.9921902831322791,0.9506829463464576,0.04463052269722838,0.00527288494698667,6.610696135189607e-05,0.0025796210568631377,6.610696135189607e-05,0.1926049491614097,0.11319493361056053,0.6390069530125747,6.610696135189607e-05,0.9999632278723187,0.0038838353911452485,0.5266041915812475,1.0,0.673457997171916,0.5360211904295271,0.8143308958401599,0.13258927973927662,0.19697282904434027,0.0,6.251851834130398e-08,0.025962887659603185,0.45264984008379,0.10140957248888753,0.005703062734773916,0.01566742957012192,0.8987916944418165,0.015903608286790043,0.09917119080317073,0.21475550539624377,0.46157913364057657,0.9218854602058196,0.24963220338771494,0.0,0.32641742381585037,0.4639404815134647,0.18566910415984006,0.655963159659728,0.7297096967114908,0.007809716867720906,0.0493169911350241
0.025539614453533786,0.3101676014923927,0.14439791802661778,0.056606092720328176,0.03280823011299321,0.41489143545245405,0.32737577119410444,0.08282074946878172,0.06081753257557935,0.3669123236460256,0.07597193324523044,0.2255297008627373,0.0,0.00010997689256935994,3.4625378409899865e-05,0.0,0.2129628403734406,0.07369603636972685,0.9923061778878587,0.9509013740524694,0.044613460501624055,0.005216013295671826,6.610696135189607e-05,0.0025460393475466962,6.610696135189607e-05,0.1927050974596382,0.1133939185128163,0.6413952242226743,6.610696135189607e-05,0.9999632418964929,0.0038933809918946937,0.526069368419657,1.0,0.6733861485762602,0.5359152005114691,0.8141478549429237,0.13277986573214984,0.19730286957895968,0.0,5.727489407009486e-08,0.025951222068910478,0.45341517146182947,0.10169320442976072,0.005667730295341457,0.015635463031459032,0.9007066799061291,0.01498624348086725,0.09900836109847208,0.21552502812548424,0.4619198202482214,0.9201346857628749,0.24840093071760574,0.0,0.3265038745311704,0.46405017411012106,0.18585214505707623,0.6542572938944096,0.7290010940513135,0.0076938221121413495,0.04909856867263654
0.02554785574323157,0.30992602984103057,0.14418094383594668,0.05659782533286231,0.03279702130625874,0.4151433701011907,0.3272238087663274,0.08260706865519292,0.06059461275942699,0.3671945766287993,0.07772070034638695,0.22723017977577412,0.0,9.714831770195306e-05,3.130391686587203e-05,0.0,0.21445816890796104,0.07412013906182252,0.9924201647865896,0.9511274514593223,0.044597727116842116,0.0051710410384536495,6.610696135189607e-05,0.002516103163787368,6.610696135189607e-05,0.1927953908238114,0.11358160492163583,0.6429847570284555,6.610696135189607e-05,0.9999632533728515,0.003908946819469614,0.5255966809982536,1.0,0.6733653205944817,0.5358874726504615,0.8140134980581107,0.13295929410530208,0.19763413500694665,0.0,5.2451018538340124e-08,0.02593734476793511,0.4541573346875717,0.10195554288783533,0.0056319108939661255,0.01560414758380862,0.9034167508621646,0.014127950402522873,0.09885860118258069,0.21630823613552425,0.46225190700973734,0.9183703528341435,0.24717313922597228,0.0,0.3265375310878164,0.4640812234326725,0.18598650194188923,0.6525825369867368,0.7282457259312308,0.00757983521341049,0.048872496089659184
0.0255568566263192,0.30970158721017144,0.14397593308813128,0.05658155880113063,0.03278639116570451,0.41536131621403566,0.3270631650842733,0.08239426189377277,0.06038240638045073,0.3674667603410267,0.07947397875848977,0.22886534009890672,0.0,8.587647534320268e-05,2.8322768056987393e-05,0.0,0.21593105517597166,0.0745875476263312,0.9925322714257934,0.9513602089922545,0.04458335943371083,0.005135915175694848,6.610696135189607e-05,0.002490228128006927,6.610696135189607e-05,0.19287788712254722,0.11375099056487548,0.6440037800629417,6.610696135189607e-05,0.9999632616173662,0.0039302027776049325,0.5251800720114018,1.0,0.6733843479126173,0.535925164426661,0.8139206071610714,0.13313004699044784,0.19796296028714752,0.0,4.8015457082139584e-08,0.02592186145566008,0.45488165325911534,0.10219457529853539,0.005596022326606157,0.015573746770998684,0.9069089333702068,0.013324275134318308,0.09871622318829308,0.21711203557738878,0.46257639439411324,0.9165958184639053,0.24595458788969146,0.0,0.3265297756120395,0.464046512805282,0.1860793928389286,0.6509388978335806,0.7274494920865213,0.007467728574206604,0.04863974299228851
0.025566222362539404,0.30949035485109205,0.1437841637330348,0.05656228301569879,0.032775917737052906,0.4155533719075587,0.326887445313621,0.08219066534409795,0.060179762851444496,0.3677280945334464,0.08123076727633566,0.23043575712201664,0.0,7.597348321080972e-05,2.5643896535605576e-05,0.0,0.2173809173481932,0.07509754824248793,0.9926426807687606,0.9515999978328302,0.04457008317915258,0.005108719117116596,6.610696135189607e-05,0.0024602593471736507,6.610696135189607e-05,0.1929543441248453,0.1139027339738514,0.6446955526406825,6.610696135189607e-05,0.9999632804362901,0.0039569027700034265,0.5248169872064434,1.0,0.6734342734133365,0.5360171439061007,0.8138620350429777,0.13329529275994037,0.19828692398147144,0.0,4.3939682001692365e-08,0.025904973527374378,0.4555890363210815,0.10241121641962352,0.005559536235131685,0.015543951783551455,0.9111915331737346,0.012564176291098636,0.09858616438314635,0.2179381145084679,0.46289765165875146,0.9148123299536609,0.24474725567154001,0.0,0.32648975310345274,0.46395721219736374,0.18613796495702234,0.6493237898918665,0.7266155277760407,0.007357319231239364,0.048399958227487806
0.025576416665039438,0.30928635840798574,0.1436025089179928,0.056545218036763,0.0327651682781064,0.4156800110150931,0.32670704245752324,0.08198366796406839,0.05997820970013493,0.3679807405551396,0.08299109923974213,0.23197217450044735,0.0,6.727134481325632e-05,2.3237193361020525e-05,0.0,0.2188128220649048,0.07564925909707283,0.9927514819545301,0.9518466027052166,0.044557104773633185,0.005087853848562858,6.610696135189607e-05,0.0024493502492573048,6.610696135189607e-05,0.19302026952983872,0.11404154502240293,0.6449734214818682,6.610696135189607e-05,0.9999632671907458,0.003988683142386894,0.5244721715653393,1.0,0.6735096253459255,0.5361440810835819,0.8138330792877456,0.13345184755429856,0.1986078142925984,0.0,4.019706593017272e-08,0.025887183214185944,0.45628221081368575,0.10260921323495391,0.005524067416777083,0.015514647517926824,0.9162883421187362,0.011844614876837368,0.09846144064796067,0.21876846100598615,0.46321699792993587,0.913020217617871,0.24355565393421333,0.0,0.32642310330926133,0.4638326817230571,0.18616692071225444,0.6477353303807967,0.7257429266103288,0.0072485180454698655,0.048153357097717515
0.025586047421858688,0.30910639538877605,0.14347467601913466,0.05651615001329599,0.032756482660913355,0.4158531059326438,0.32641702078550483,0.08180887876539807,0.059796695895091206,0.368211311031849,0.08475299335907541,0.23340866974939553,0.0,5.962296199481877e-05,2.1067462496542644e-05,0.0,0.22021436980928924,0.07624183155193334,0.99285864226508,0.952099073361376,0.04454588622073922,0.005071602962904936,6.610696135189607e-05,0.002424840197118809,6.610696135189607e-05,0.19308883230172902,0.11416014722258103,0.6451784945509526,6.610696135189607e-05,0.9999632865513575,0.0040257364367490495,0.5242152456531495,1.0,0.6735993591906253,0.5363180056123414,0.813821678985434,0.1336122863552168,0.19891472527650722,0.0,3.6761607595455744e-08,0.025867889381853425,0.4569600035433485,0.10278957725390456,0.005486605939146593,0.01551914437559835,0.9222554864584005,0.011166658234070044,0.09835103998714498,0.21950862506952423,0.46349119707555264,0.9112212702041755,0.24237608459745497,0.0,0.3263410178473799,0.463660926925162,0.18617832101456605,0.6461733438354941,0.7248434431715595,0.007141357734919981,0.047900889877016364
0.025596771082091758,0.3089405986891104,0.14334831453349753,0.05649462044389555,0.032735298351691866,0.41584266291873656,0.32615355796109413,0.08162695169856446,0.05964856213005065,0.3684307900328638,0.08651581347912123,0.23481279011382475,0.0,5.2877550920233406e-05,1.911554135984882e-05,0.0,0.22158297097106325,0.07686505686447426,0.9929642433446214,0.9523565817801795,0.04453578800156053,0.005024998740641494,6.610696135189607e-05,0.0024206644348828007,6.610696135189607e-05,0.1932488649478902,0.11429830442414585,0.6451589465639752,6.610696135189607e-05,0.9999633047315821,0.004067534251618186,0.5239623949988665,1.0,0.6737085849734578,0.5365138176692171,0.8138328111214445,0.13376851185299463,0.19922104160452464,0.0,3.3612873404327757e-08,0.02584910079496259,0.45764258714021244,0.10295873802410217,0.005451160249373129,0.015500303307372797,0.929122564084635,0.010523476920354146,0.09824121647833346,0.22035121225456492,0.4637705902818931,0.9094166522692606,0.24122481488730876,0.0,0.326238537475622,0.463467066789423,0.18616718887855552,0.6446485171759422,0.7239139015310011,0.00703575665537857,0.04764338460694719
0.02560677840986167,0.3088021505518191,0.14323439273520452,0.056460289972094055,0.03272004987411138,0.41584517563961754,0.3258736077662198,0.08148546402878366,0.05950745709444888,0.36863639185323716,0.08827892183167232,0.23612431311205465,0.0,4.694252119007661e-05,1.7355752518795384e-05,0.0,0.22291371592185763,0.07752346735121297,0.9930684048476626,0.9526193987359912,0.044531977285299666,0.0049916654073081605,6.610696135189607e-05,0.002405518379623445,6.610696135189607e-05,0.1933792124905728,0.11449252244527322,0.6451413845988395,6.610696135189607e-05,0.9999633081872347,0.004114310259979967,0.523750501677184,1.0,0.6737522361458171,0.5366548143442735,0.8137660267384526,0.13392800917407402,0.19949889046150235,0.0,3.072697979147151e-08,0.02582767555067168,0.45833274787448747,0.10310945064890249,0.005413862374636546,0.015476255181307194,0.9367267869253937,0.009908949636655031,0.09814996315382896,0.2212441155979868,0.4640632627649766,0.9076067679083477,0.24012518521076143,0.0,0.32620082133299283,0.46332782990320764,0.18623397326154742,0.6431582749040684,0.7229776421872847,0.006931595152337487,0.04738057053702907
0.025617644619956425,0.30866372821099414,0.14312653773088982,0.056426773009949,0.03270785696098886,0.415773662982584,0.32560115200676787,0.08134252267063191,0.059354268269345735,0.3688336633041583,0.09004577262919135,0.2373986326017335,0.0,4.1714773530760645e-05,1.5768754288454917e-05,0.0,0.22422292049871936,0.07821933594121819,0.9931714340018382,0.9528891576025388,0.04452726431677909,0.004958332073480414,6.610696135189607e-05,0.0023796380434265548,6.610696135189607e-05,0.19350623795505253,0.11467887324841768,0.6451052878234239,6.610696135189607e-05,0.9999633396865142,0.004166151278992288,0.5235396873882372,1.0,0.6738091968416721,0.5368026100529574,0.8137109111197502,0.13408824383276066,0.19976915739510648,0.0,2.8083993597256523e-08,0.025805926074573417,0.4590019999319308,0.10324524085835274,0.00537772929837595,0.015450282983852913,0.9452833277843934,0.009323170575933954,0.0980579570508912,0.22214002115453418,0.4643671254376856,0.9057880760918163,0.23906168001002936,0.0,0.32614908838479717,0.4631816211927542,0.18628908888024975,0.64168883566852,0.7220115066636753,0.006828565998161889,0.04711081431346764
0.025629659573094276,0.30852335818514603,0.14301769430478317,0.05640185991430605,0.03269721093247651,0.4155874284172533,0.32534912516935666,0.08117919184764118,0.05918706767734076,0.36902667103699777,0.09181510077430897,0.2386813744032539,0.0,3.710835419814232e-05,1.4339259554919313e-05,0.0,0.22551844851736927,0.0789507326640264,0.9932732530224304,0.9531647424332841,0.044522000193699104,0.00493656799712513,6.610696135189607e-05,0.0023746308172913483,6.610696135189607e-05,0.19359087659164786,0.11485834692262219,0.6448143208347483,6.610696135189607e-05,0.9999633200925206,0.004222675994407201,0.5232865607999811,1.0,0.6738702144148803,0.5369329767115368,0.8136612720095916,0.1342379255082025,0.20003441810425193,0.0,2.5664156999141464e-08,0.0257839626915283,0.4596619877604938,0.10336670540849918,0.005344022797255212,0.015423433038057483,0.954897890382629,0.008763506932315026,0.09796394421698919,0.22300818367891834,0.4646841118943642,0.9039622232312838,0.23803206479676497,0.0,0.32609267723092167,0.46305268402890826,0.1863387279904084,0.6402436259744283,0.7210148492317217,0.006726746977569565,0.04683523190255895
0.02564084128416214,0.30840099250791464,0.14292218366960743,0.05636588313804535,0.03268945042072813,0.4154268999156861,0.32508378114738373,0.0810462537292343,0.059038633058819234,0.369205049290346,0.09358472962735856,0.23988041848057826,0.0,3.30467665768867e-05,1.3045054671515258e-05,0.0,0.22678567635742955,0.07971679632577967,0.9933736967615437,0.9534445255872178,0.04451672064596653,0.004915997808008782,6.610696135189607e-05,0.002358927079087257,6.610696135189607e-05,0.19367678925384516,0.1150118519123667,0.6445757790703607,6.610696135189607e-05,0.9999633351499717,0.004284387183800161,0.5231083932561914,1.0,0.6739502188301255,0.5371039690487147,0.8136353246462518,0.13439334177261766,0.20028687147721358,0.0,2.3448534766758104e-08,0.025761210418006626,0.4603015662360047,0.1034749297604276,0.005308751988697148,0.015396350563855424,0.9656414972746628,0.008228855989129036,0.09787499084914435,0.22391907443992518,0.4650083302261211,0.9021308831888413,0.2370111882632304,0.0,0.32601673440329765,0.46288298589661375,0.18636467535374818,0.6388209818699527,0.7199963321970068,0.0066263032384562635,0.04655545096424741
0.025652984324470444,0.30828429509793015,0.14283271900560582,0.05633358087991714,0.03268160087764801,0.4151646901249853,0.32482285542043915,0.08090970986897612,0.05888630101113037,0.3693754257407075,0.09535599097077534,0.2410588393743126,0.0,2.9463721412575462e-05,1.1875760954458819e-05,0.0,0.22803622761503634,0.08051702303147393,0.9934729913859376,0.9537292522779518,0.04451105010960793,0.004897140898337999,6.610696135189607e-05,0.0023323458278334906,6.610696135189607e-05,0.19375428558044927,0.11516077570726196,0.6444076542025546,6.610696135189607e-05,0.9999633644297176,0.004351017220488028,0.522925365014289,1.0,0.6740380417232061,0.5372768813112542,0.8136218255225274,0.13454363421956297,0.20053371202616282,0.0,2.1420921865888786e-08,0.02573813069640177,0.4609304895801716,0.10357213208542167,0.005274893218019957,0.015368921518325853,0.9775379683368636,0.007728787392820123,0.09778634630248981,0.22482599587133578,0.46533574558357377,0.9002929918087367,0.23601579561139852,0.0,0.32593249455538126,0.4627112429277914,0.18637817447747265,0.6374201381654007,0.7189492649423632,0.006527008614062382,0.04627072630112643
0.025666395045476686,0.308164073150913,0.14274054580455534,0.05631052327269921,0.03267358855724865,0.4147773567023378,0.32457915332465404,0.08075153616899175,0.058724381776328834,0.3695427358716512,0.09712691918320028,0.24225908996328915,0.0,2.62998692191621e-05,1.082053938946498e-05,0.0,0.22927510161870582,0.08134782440631486,0.9935710729243359,0.9540178937628938,0.04450461115633522,0.004879992624134217,6.610696135189607e-05,0.0023342164488330116,6.610696135189607e-05,0.1938151359575887,0.11530471661054913,0.6440140240367906,6.610696135189607e-05,0.9999633413219775,0.004422318004147838,0.522699620836025,1.0,0.6741330621384916,0.5374365997130548,0.8136191214822988,0.13468158371197264,0.20077978269327784,0.0,1.9566109727389606e-08,0.02571525693641866,0.46155458832641905,0.10365446377020167,0.0052434771530173365,0.015341592843245289,0.9907815529031616,0.0072510319595572,0.0976956412311485,0.2256987353257334,0.46567526918675534,0.8984507628126519,0.2350412892006859,0.0,0.32584063799228924,0.46255257974755576,0.18638087851770122,0.6360433146693215,0.7178723929004073,0.00642892707566409,0.04598208667099643
0.025678354335131656,0.3080681574991288,0.1426669777023939,0.05627094064835205,0.03266798058034738,0.4144382818406501,0.32430759684717964,0.0806383727617369,0.0585897330241716,0.36969399134532627,0.09889621658699457,0.24336014442000742,0.0,2.3504790422275616e-05,9.862485935266567e-06,0.0,0.23048226900523316,0.0822089718709408,0.993667798251256,0.9543089960348867,0.04450005800965876,0.004863693742882537,6.610696135189607e-05,0.0023304121126650193,6.610696135189607e-05,0.19388086706437963,0.11542937687119709,0.6436785137565059,6.610696135189607e-05,0.9999633403495813,0.004498986897078546,0.5225662696747566,1.0,0.6742255092902323,0.5376223422007514,0.8136148371798216,0.13482805353363994,0.2010078830243817,0.0,1.7868986739797744e-08,0.025690997030517755,0.4621654732751598,0.1037245168198133,0.005209581912989601,0.01531430099750824,0.9999367471715012,0.006792384754395562,0.0976127781340464,0.22662237979114425,0.4660401829458083,0.8966047965159268,0.23407358590523597,0.0,0.3257509859193455,0.4623677953133133,0.18638516282017842,0.6346896774611269,0.7167831451046776,0.006332201748744052,0.045690986096126526
0.025689932414104336,0.3079856933495696,0.14260446379521263,0.05622887523638057,0.03266226277261445,0.41432940703455573,0.3240276581480809,0.08053948931281049,0.058458220061955224,0.3698321147636199,0.10065964961708751,0.24440913178004073,0.0,2.103342936291488e-05,8.993905266070895e-06,0.0,0.23166853223467748,0.08310168076609045,0.9937635070690701,0.9546049393641671,0.04449504078399958,0.004848487473640563,6.610696135189607e-05,0.002309219683219024,6.610696135189607e-05,0.19396061859572425,0.11553253619584987,0.6434755590840623,6.610696135189607e-05,0.9999633684427531,0.004578314865448354,0.5224560192535417,1.0,0.6743147715411938,0.5378167467790878,0.8136142484815566,0.13497723928162267,0.20123035889619087,0.0,1.631698742098207e-08,0.02566676541784567,0.46277035520701143,0.10378455066249967,0.005175963660503699,0.015286418826047183,0.9999406048629241,0.006348677295506412,0.09752675984012371,0.22753786468773463,0.4664434149814325,0.8947620355174641,0.23313484896641767,0.0,0.3256641950294433,0.4621742593156461,0.18638575151844342,0.6333542284836999,0.7156679603377187,0.006236492930929829,0.045395044318845404
0.02570140196459744,0.3079005093979322,0.14253814464156073,0.056198531248990026,0.032656380008828374,0.4147087119080463,0.3237767713252975,0.08041788423207216,0.058313537852157794,0.3699625127873082,0.10240453005719272,0.24547847087270713,0.0,1.8845703652879595e-05,8.209142752569708e-06,0.0,0.2328492856123776,0.08402548911560588,0.9938583356155316,0.9549074117330082,0.04448706114349552,0.004834595846648132,6.610696135189607e-05,0.0022914201782562034,6.610696135189607e-05,0.19405354120211446,0.11564696922488686,0.64322279765043,6.610696135189607e-05,0.9999633788615123,0.0046550782290728475,0.522290027404011,1.0,0.6744016595175673,0.5380009828996319,0.813623772798729,0.13511763449854713,0.20146354646659606,0.0,1.4898474559538869e-08,0.025644324690113303,0.463380352229946,0.10383516944876116,0.005145055174054864,0.015257893753755927,0.9999414843169497,0.005885488257119184,0.09742628348146991,0.22839804463316532,0.4668694714883514,0.8929403917137344,0.23223150172328183,0.0,0.32557949477877984,0.4619908079576155,0.18637622720127098,0.6320330798890753,0.7145109644177982,0.006141664384468381,0.045092573368517276
0.02571280719939995,0.30781496497045285,0.14247666898136277,0.05617102497371147,0.032652160826713614,0.4152017856390968,0.3235536697496957,0.08029259199441437,0.058172812681876164,0.37008446619446017,0.10413344409003275,0.2465395084054657,0.0,1.690707369408852e-05,7.499258920323848e-06,0.0,0.2340258728315703,0.08498227886470446,0.9939521925739183,0.9552154846414526,0.04447807448209619,0.004821256732566488,6.610696135189607e-05,0.0022752896932409215,6.610696135189607e-05,0.19413835393038104,0.11576730941591468,0.6429367442926256,6.610696135189607e-05,0.9999633872795078,0.00472973474001024,0.5221150984758548,1.0,0.6744902112217291,0.5381861150513828,0.8136371678963026,0.13525511612661628,0.20169849120793498,0.0,1.360203924941895e-08,0.02562194885263597,0.46398341139484683,0.10388839181050284,0.005115245861016765,0.015228922819767008,0.9999422794861443,0.005437988369926303,0.09731803520304873,0.22924743943687156,0.4672966925415174,0.8911368211699571,0.23134539311867958,0.0,0.32549288170457685,0.46180638568969684,0.18636283210369742,0.6307190110418134,0.7133192299273606,0.006047807426081654,0.04478450175650823
0.02572433528864414,0.3077342482645093,0.14241357696924425,0.05614431903969026,0.032648983326800836,0.41573633272079374,0.32334443727515,0.08017201659074889,0.05803673148601578,0.3701996244218898,0.10584262778699945,0.24758106933176002,0.0,1.5187138638323619e-05,6.8564611695008036e-06,0.0,0.23519304484941927,0.08596900557234027,0.9940449540485372,0.9555277766712412,0.044469293973190376,0.004808496059381279,6.610696135189607e-05,0.0022602485584578206,6.610696135189607e-05,0.19422107456709228,0.11588257915453973,0.6426553531110664,6.610696135189607e-05,0.9999633947432693,0.0048024150010806035,0.5219443572021727,1.0,0.6745791875564429,0.5383725837916427,0.813652566888325,0.1353906993092627,0.2019309855088057,0.0,1.2417277563801267e-08,0.025599744569118833,0.4645859193385528,0.10393581747611605,0.005086252543992267,0.015199676333997502,0.999943039942758,0.005003887475897973,0.09720815271289521,0.23009100085171455,0.4677251873623599,0.8893549572119199,0.23047457346606734,0.0,0.3254056253049189,0.4616205597471879,0.18634743311167498,0.629416255841318,0.712100008918854,0.005955045951462734,0.04447221091148129
0.025735890174146386,0.30765815620502723,0.14235187477960018,0.05611678780966417,0.032646569116670014,0.4162959396646361,0.3231435355540638,0.08005845431532833,0.057904988647686666,0.37030897385525635,0.10753180291458543,0.24860095068275737,0.0,1.365974641228523e-05,6.27397473948618e-06,0.0,0.23635066666856236,0.08698468747679314,0.9941366434432555,0.9558439845409425,0.04446070464566569,0.004796236477541723,6.610696135189607e-05,0.0022460270113482303,6.610696135189607e-05,0.19430296472252337,0.11599318871596902,0.6423814195220865,6.610696135189607e-05,0.9999634014892634,0.00487323116096571,0.5217807875768575,1.0,0.6746683125593018,0.5385601816752854,0.813669548469663,0.13552474405152756,0.2021593032332628,0.0,1.1334569140918048e-08,0.02557762041963888,0.46518550059134867,0.10397768888122731,0.005024998740641494,0.015170486843920635,0.9999437623094732,0.004570695768107351,0.097175809967245,0.2310157667529717,0.4681859189267586,0.8875949659244489,0.2296182617403851,0.0,0.32531802769428586,0.4614335443499751,0.18633045153033695,0.6281245892799101,0.7108560092899441,0.005863356556744477,0.04415600412448833
0.02574720510243477,0.3075870919878783,0.14227932028096044,0.05610360338200883,0.03264424734177834,0.41692259977516494,0.32292447220485226,0.07990826123044682,0.057772532858759995,0.3704178941966111,0.1092256743172248,0.24959905414304645,0.0,1.2301469994126233e-05,5.7488117534697125e-06,0.0,0.23752015022814682,0.08804355405752935,0.9942272615723039,0.9561643631817405,0.04445253437349135,0.004784074310182729,6.610696135189607e-05,0.002234356272994738,6.610696135189607e-05,0.19439001553476765,0.11609820017952842,0.6420868334324785,6.610696135189607e-05,0.9999634035070654,0.00494248094467775,0.5216245807854446,1.0,0.6747543234902015,0.5387662528149354,0.8136845896732825,0.13565862487276018,0.202379324127741,0.0,1.0345179150702231e-08,0.02555441766585714,0.4657694814836863,0.10401854740849073,0.0049916654073081605,0.015141012779126908,0.9999444783053695,0.004158090215058346,0.09707502772909692,0.2319602082780359,0.46863416037628447,0.8858318447380974,0.22877636507150892,0.0,0.3252333750398044,0.46122799837331113,0.18631541032671747,0.626821224899093,0.7095771218147296,0.005772738427696108,0.0438356264730804
0.025758470318423814,0.3075224512698351,0.14221938554402358,0.05608330942661461,0.032642022631994894,0.4175322813383523,0.3227069425380657,0.07978049102473078,0.05760749948600429,0.37052078305216596,0.1109011592513961,0.2505687062638327,0.0,1.109206162157695e-05,5.2724828140691395e-06,0.0,0.23867799841821288,0.08912951271291426,0.994316853267384,0.9564884135529701,0.04444516186347423,0.004772419528525625,6.610696135189607e-05,0.00222268508659891,6.610696135189607e-05,0.1944777651681214,0.11620064751483827,0.6418226497096817,6.610696135189607e-05,0.9999634071459038,0.005010006845027685,0.5214797276480254,1.0,0.6748402880427412,0.5389679613432112,0.8137019358133343,0.13579083335078723,0.2025946016038352,0.0,0.0,0.025531323804840283,0.4663552470415477,0.1040505523771057,0.004951384746225098,0.015111577025287508,0.9999451620686103,0.0037597366742051774,0.09699127969322088,0.23289125398139732,0.4690826681262381,0.8840888339035762,0.22795156608814196,0.0,0.32514861989563726,0.4610267661739747,0.1862980641866657,0.625531168231,0.7082758856832505,0.005683146732616041,0.043511586447029967
0.025769742558542228,0.30746191706676146,0.14216171634080946,0.056062617825406155,0.032642251507817896,0.4181495889784172,0.32248786495938436,0.07965639469317344,0.0574694770732113,0.37061753954705323,0.11256499005258574,0.2515143743021998,0.0,1.0014393625841443e-05,4.840595288744233e-06,0.0,0.23983027070683297,0.09024536319449109,0.9944054238419339,0.9568159446915487,0.04443812620945939,0.0047610617269180045,6.610696135189607e-05,0.002211734093399579,6.610696135189607e-05,0.19456636434090135,0.11629990964244807,0.6415557878088869,6.610696135189607e-05,0.9999634099024397,0.005075873328430332,0.521342963509653,1.0,0.6749254393847021,0.5391716834926987,0.8137197674241623,0.1359216285221939,0.2028037688026622,0.0,0.0,0.025508196825263993,0.46693721244651576,0.10407599234664042,0.004912951146117238,0.015082369325132152,0.9999458389913796,0.003368712237476564,0.09690441548317721,0.23385641511110092,0.4695330826482551,0.8823591366189839,0.2271426621881472,0.0,0.3250645462216721,0.46082347591201256,0.18628023257583773,0.6242481007709731,0.7069508680028467,0.005594576158066091,0.04318405530845129
0.02578106932875424,0.30740765730363306,0.14210988966926277,0.05604061377162471,0.032641905099052626,0.4187807148018817,0.3222694844666962,0.07953904823857384,0.05734004781718893,0.3707082316429463,0.11421669758328333,0.2524364252490995,0.0,9.053282721701532e-06,4.4486035176661796e-06,0.0,0.24097685895428392,0.09139003634004017,0.9944930206782199,0.9571468477838158,0.04443146678952307,0.004749985625185178,6.610696135189607e-05,0.002201392695624986,6.610696135189607e-05,0.19465573975087258,0.11639964794669455,0.641290348765782,6.610696135189607e-05,0.9999634122296035,0.0051401315686578535,0.5212141132957425,1.0,0.6750099023586544,0.5393761914155801,0.8137379334192982,0.13605116970848824,0.2030066110288124,0.0,0.0,0.025484989318939992,0.467515705879951,0.1040971469704246,0.004873695636693625,0.015052660946115322,0.9999467688180641,0.00298408519824156,0.09681928086698594,0.2348191066649744,0.4699869434785441,0.8806431708480589,0.22634946145515808,0.0,0.3249810443586239,0.46061935998090214,0.1862620665807018,0.6229719713372278,0.7056033526311474,0.005506979321780073,0.0428531522161843
0.02579245634184903,0.3073590492817186,0.14206174096925211,0.05601800653626624,0.032641770065835206,0.41942627444306535,0.322052257254002,0.07942648279307853,0.05721583709679476,0.37079350134606676,0.11585756806949185,0.2533351762679294,0.0,8.195248776381213e-06,4.0926250959067256e-06,0.0,0.24211873641757406,0.09256314227511164,0.9945796784602794,0.9574809897764175,0.044425116305321456,0.004739094662509713,6.610696135189607e-05,0.0021917217433076743,6.610696135189607e-05,0.19474560528748314,0.11649915595038599,0.6410196754374121,6.610696135189607e-05,0.9999634139382171,0.005202860880024884,0.5210930770583687,1.0,0.675093549758026,0.5395818943515742,0.8137560504952178,0.13617966605810247,0.20320301624800435,0.0,0.0,0.025461675706254728,0.46809002829315716,0.1041145552654567,0.004833829889113577,0.015022832069864255,0.9999478141635962,0.0026057074802212643,0.09673537370933356,0.23578739672485854,0.47044442441519835,0.8789395710504833,0.225571746673702,0.0,0.3248982549931976,0.46041401302332985,0.18624394950478212,0.6217015975243234,0.7042338414768841,0.0054203215397205596,0.04251901022358254
0.025803879304798986,0.3073159511529531,0.14201637708925863,0.05599505819697852,0.03264193799625619,0.4200852848894384,0.32183632174481197,0.07931793717834096,0.05709533785941308,0.37087371961938315,0.11748850321854495,0.2542107616241638,0.0,7.428408089721113e-06,3.7691505567951603e-06,0.0,0.24325631755283275,0.0937639417006467,0.9946654256103069,0.9578182299426906,0.04441910345399959,0.004728336486809851,6.610696135189607e-05,0.0021827241731004216,6.610696135189607e-05,0.19483625009556646,0.11659829121473042,0.6407427696405104,6.610696135189607e-05,0.9999634150127457,0.005264133752193618,0.5209796499207846,1.0,0.6751762423602584,0.5397888626637738,0.8137739241008529,0.13630717396002232,0.20339301566785076,0.0,0.0,0.025438236705836295,0.4686603379880504,0.1041284833972205,0.004793334953610985,0.014992855572881257,0.999948834653865,0.0022328762382608836,0.09665260657055384,0.23677865265963055,0.47090529295480626,0.8772473630292614,0.22480958845505156,0.0,0.32481632923165177,0.4602073681856694,0.18622607589914705,0.6204365084871449,0.7028430426315025,0.0053345743896931275,0.042181770057309394
0.02581532568681886,0.3072781137971397,0.14197411277472807,0.05597193903601037,0.032642409578039225,0.42075825980771975,0.3216200550076274,0.0792128205498896,0.05697683161385356,0.3709491580088584,0.11911061744383668,0.2550633915168925,0.0,6.742321378764405e-06,3.4750170874637734e-06,0.0,0.24439006987308629,0.0949917455018564,0.9947502884202625,0.9581584644925072,0.044413469839320034,0.004717674434331748,6.610696135189607e-05,0.0021743962226036875,6.610696135189607e-05,0.19492807944207527,0.11669752298337717,0.640461491160294,6.610696135189607e-05,0.9999634154509832,0.005324019320425527,0.5208736240864462,1.0,0.6752578830404421,0.5399974647935822,0.8137914038925345,0.13643378279958254,0.20357668115028493,0.0,0.0,0.025414647438589233,0.46922681376168945,0.10413927687125671,0.00475207822287356,0.014962667644873332,0.9999498309224605,0.0018593235643234794,0.09657050692839601,0.23776358722801985,0.4713738411342571,0.8755653632357379,0.22406298439666122,0.0,0.32473537463817914,0.4599990601893303,0.18620859610746554,0.6191761473273312,0.7014315733478587,0.005249711579737474,0.041841535507492755
0.025826789386748174,0.30724545943677334,0.14193493976899482,0.05594869730525064,0.032643388832183734,0.4214437441529908,0.32140553901088403,0.07911048942464914,0.05686164782516578,0.3710195853848352,0.12072553657565757,0.25589323495354743,0.0,6.127817886912235e-06,3.2074172909184766e-06,0.0,0.24552114098871258,0.09624628602728774,0.9948342960981374,0.9585015991442181,0.04440808067516811,0.004707019379843218,6.610696135189607e-05,0.0021667165838175208,6.610696135189607e-05,0.19502068247450183,0.11683100381093597,0.6401218135335018,6.610696135189607e-05,0.9999634109756287,0.005382628164787107,0.5207748276991679,1.0,0.6753385145257309,0.5402074999643043,0.8138082710316993,0.13655969388404565,0.20375426686453768,0.0,0.0,0.02542415983931995,0.46979761797487957,0.10415090624992063,0.0047101479287644495,0.014932576412294627,0.9999507834829322,0.0014895163411955238,0.09649062687601594,0.23875797733368917,0.4717947706488883,0.8738918352595553,0.22333193734728474,0.0,0.32465535765638215,0.45978929261840484,0.18619172896830072,0.6179191651272418,0.6999994471081745,0.005165703901862509,0.041498400855781985
0.025831292600951364,0.3072202765723072,0.14189660943853305,0.05592554000275291,0.032644447849177416,0.4219912998142492,0.3211872905906163,0.07901121573826524,0.056750314581926954,0.37108891307571074,0.12233068672968364,0.2566952121615002,0.0,5.577243831620714e-06,2.9635837991166954e-06,0.0,0.24665139383335544,0.09752950999052523,0.9949177482618012,0.9588481764528018,0.044396775951727786,0.0046964003293572055,6.610696135189607e-05,0.002159655960606329,6.610696135189607e-05,0.1950662156492163,0.11695108350049571,0.6399502056447377,6.610696135189607e-05,0.9999634114993599,0.005438560459332492,0.5206802677707253,1.0,0.6754086444888147,0.5403902727018242,0.8138125871073605,0.13667682686092103,0.20389715266959804,0.0,0.0,0.02541225203911023,0.4703731936753668,0.1041630389329178,0.0046677231894614295,0.014902751339970833,0.9999515753464753,0.0011092098691791786,0.09641642339978891,0.23977980260619153,0.4722447146033043,0.8722307528109838,0.2226245200677745,0.0,0.32458577826735374,0.4596067637143767,0.1861874128926395,0.6166717793057235,0.6985733373398767,0.005082251738198711,0.04115182354719811
0.025838615797715663,0.3071977707779815,0.1418607645294555,0.05590141369011065,0.032645372182224616,0.42259975352643414,0.32097092681503253,0.07891362217164455,0.056639996954291824,0.3711539487343401,0.12393016945874263,0.25747133913511006,0.0,5.083073537155024e-06,2.741204315624393e-06,0.0,0.2477790703338963,0.09883786375146214,0.9950005191732034,0.9591977763871942,0.04438823565842929,0.0046857129602627355,6.610696135189607e-05,0.002153443690491345,6.610696135189607e-05,0.19512581096577755,0.117062239345509,0.6398249087222018,6.610696135189607e-05,0.9999634093879161,0.005493262795635866,0.5205952084887174,1.0,0.6754811370462147,0.5405782902849687,0.8138199038973608,0.13679539862119428,0.2040364337676085,0.0,0.0,0.025395638643145365,0.47093979366291217,0.10417662148524064,0.004657316839203518,0.014872144276399392,0.999952492878393,0.000742263159263712,0.09626295970554671,0.24071890861623396,0.4726786221162203,0.8705765677456215,0.22193345237617257,0.0,0.3245137798802481,0.4594189685107157,0.1861800961026392,0.6154255310449094,0.6971257024809294,0.0049994808267965415,0.0408022236128058
0.02584770346383746,0.30717801246243204,0.1418395613335717,0.05586106110119329,0.03264733897404235,0.4232457833639549,0.3207816525176605,0.07886467439664033,0.056535952697263164,0.37120898784863304,0.12549728226086657,0.258223409801232,0.0,4.639164544853299e-06,2.5367651262253835e-06,0.0,0.24888098299022723,0.10015185133679096,0.9950825900130281,0.9595497158313345,0.044381036140688175,0.004708577833504291,6.610696135189607e-05,0.0021448497164389254,6.610696135189607e-05,0.19510141486300756,0.11714363515196659,0.639570166241353,6.610696135189607e-05,0.9999633790295676,0.0055467595374879075,0.5205188494094289,1.0,0.6755570642158247,0.5407538534138242,0.81383259323544,0.13691424619923898,0.20417940093100206,0.0,0.0,0.025377410179551675,0.4715121622500766,0.10418377008156536,0.004632532975314148,0.014841443927459216,0.9999533868133845,0.00037907961770727004,0.09614424043237713,0.24155678024813393,0.4731228733253941,0.8689559582016455,0.22125774078933902,0.0,0.3244382966196304,0.45924360982104956,0.18616740676456,0.6142047708105338,0.695668747732207,0.004917409986971918,0.04045028416866546
0.025857987299148195,0.30715380704403866,0.14181350179200763,0.055820615531822215,0.032650725040193444,0.4239411451461204,0.3206151314991943,0.07881851667520076,0.056441611955101154,0.3712596757451425,0.12704631618205436,0.25895428063736314,0.0,4.239831904716361e-06,2.349042067189815e-06,0.0,0.2499746439927051,0.10148017410742755,0.9951639441513354,0.9599038171157144,0.04436916715451045,0.004693267537579169,6.610696135189607e-05,0.0021371910257077164,6.610696135189607e-05,0.19518841235030568,0.11720608481111025,0.6393620453329942,6.610696135189607e-05,0.9999634122179456,0.005599417955626791,0.5204825320297004,1.0,0.6757037833573846,0.5410201292264191,0.8139305847111882,0.13703826271556788,0.20433879850120915,0.0,0.0,0.025359285674124467,0.4720577456191092,0.10419133286358495,0.004600877588543082,0.014811862826265308,0.9999543153693278,5.3028837838506684e-05,0.09603945128210284,0.24244647487831805,0.4735567494108018,0.8673542658623189,0.2205631873329365,0.0,0.3242919768107107,0.4589775217315138,0.18606941528881182,0.6129870932917271,0.6941810273913633,0.004836055848664611,0.040096182884285576
0.025868560193750487,0.3071415197288132,0.1417796753026878,0.05578450423970477,0.03265370640645459,0.4246366000107771,0.3204343379547523,0.07877079797039489,0.056348227197975116,0.37131223465992297,0.12857581855632116,0.25968199365538264,0.0,3.880829140604533e-06,2.17755568025978e-06,0.0,0.2510571302278748,0.1028208723543375,0.9952445068655958,0.9602592496589509,0.04436347487952717,0.004680141128256299,6.610696135189607e-05,0.002130917778640144,6.610696135189607e-05,0.19527607742175074,0.11728603449728542,0.6391843344860131,6.610696135189607e-05,0.9999634125854473,0.005650592867616439,0.5204152086763609,1.0,0.6757850405546618,0.5412175165270396,0.8139554536269258,0.13715459557512866,0.20448500385136253,0.0,0.0,0.0253389721284105,0.4726269509788092,0.10418678358270352,0.004564617458115802,0.014782002923704197,0.9999551332125663,6.610696135189606e-05,0.0959920971567914,0.24340701717725666,0.47381350621303187,0.8657735885760625,0.2199027976682565,0.0,0.3242110786161976,0.4587803059172802,0.18604454637307427,0.6117882741969966,0.6926941237943001,0.004755493134404175,0.03974075034104907
0.02587871642627416,0.3071195123830418,0.14171414240789126,0.05576142333501132,0.03265693819756829,0.4253655850827764,0.3201615894709225,0.07869955401282738,0.05624948266519621,0.3713809937179271,0.130044584991692,0.26039554544011995,0.0,3.5574153205767025e-06,2.0205064500862765e-06,0.0,0.2520920849034103,0.10414739977640391,0.9953241528927391,0.9606146304657598,0.044364335962613875,0.004702512174922192,6.610696135189607e-05,0.002125698474729262,6.610696135189607e-05,0.19529228352816083,0.11727991369863806,0.6390501662145636,6.610696135189607e-05,0.9999633814030474,0.00569869382360442,0.5203495821979892,1.0,0.6758515101885185,0.541403829286406,0.8139727585905127,0.13726224647087065,0.20462604955482494,0.0,0.0,0.02532164936745682,0.47323339004012555,0.10407581688982444,0.004524981251420399,0.014755480855609897,0.9999560425066469,6.610696135189607e-05,0.0959940631193578,0.24446873134132466,0.4741165529566095,0.8642567211847036,0.21925487236189084,0.0,0.3241449323961609,0.45859415020714395,0.18602724140948734,0.6106456686257191,0.6912265506687711,0.004675847107260894,0.039385369534240156
0.02588739648525551,0.30708059922055553,0.14168765391065596,0.055728090000841224,0.03265773891363362,0.42611423713364166,0.3198657810840999,0.0786290921480519,0.05615104221950468,0.37145411026610486,0.131497846303782,0.26110487915968633,0.0,3.2665318266524212e-06,1.876443321962597e-06,0.0,0.2531254023911484,0.10548763749086598,0.9954031965836928,0.9609730103134749,0.044359237635563674,0.0046875005476850525,6.610696135189607e-05,0.0021207997033359863,6.610696135189607e-05,0.19540993668435308,0.11727767790549327,0.6389736219694847,6.610696135189607e-05,0.9999634140617174,0.005744388974757942,0.5203218468332316,1.0,0.6759831291174518,0.5416791818652897,0.8140707175671135,0.1373678923019203,0.20477027827112337,0.0,0.0,0.025304658645378134,0.47378281132866173,0.1039515779155348,0.004481244300860288,0.014728941153495574,0.9999570273131934,6.610696135189607e-05,0.09599829116259073,0.24560862151730467,0.47445232790242914,0.86275776472146,0.21857327400708207,0.0,0.3240136043507215,0.45831894169138837,0.18592928243288648,0.6095067053069313,0.6897420842380106,0.004596803416307199,0.0390269896865251
0.025895557154572982,0.3070516496081351,0.14167244836666226,0.05569056082134749,0.032657176105318174,0.42682575752517377,0.31954384090046084,0.07856664210905441,0.05604998312464151,0.3715308282552015,0.1329423077452904,0.2618262278813857,0.0,3.005293781000781e-06,1.7447733085374885e-06,0.0,0.25415706663827725,0.10684275861229353,0.9954814723779928,0.961332932798082,0.04435923148745441,0.004708363374853781,6.610696135189607e-05,0.00211700102995321,6.610696135189607e-05,0.195427245646549,0.11728892728967882,0.6387680012578311,6.610696135189607e-05,0.9999633788360893,0.00578731548352953,0.5202600359783641,1.0,0.676046143149104,0.5418793365580289,0.8140924080501715,0.13746059881307787,0.20488967372369787,0.0,0.0,0.025285263806799144,0.4743343397786792,0.1038168806634037,0.004436806005538003,0.014701550725509166,0.9999579060808977,6.610696135189607e-05,0.09600954528629614,0.24675750863417742,0.47481287398581884,0.8612703767711801,0.2179137361402501,0.0,0.3239508515571149,0.45811891866866256,0.18590759194982853,0.6083823345486449,0.6882675676640087,0.0045185276220072726,0.03866706720191805
0.025903680469744374,0.3070159958538733,0.14166253339109783,0.055656302921725305,0.03265655559017032,0.4275717729589514,0.319221844536776,0.07848724220754197,0.05594966208557149,0.3716033308167151,0.13438460688587422,0.26253429375517046,0.0,2.7699074102008886e-06,1.623822733705678e-06,0.0,0.25519104829967326,0.1082140852321011,0.995559040963826,0.9616949403715022,0.04435499998829563,0.004691959019898098,6.610696135189607e-05,0.0021137913173336575,6.610696135189607e-05,0.1955469262695541,0.11730240740958445,0.6386300701087743,6.610696135189607e-05,0.9999634084903094,0.005828300186052801,0.5202368920197374,1.0,0.6761668837059993,0.5421545089784002,0.8141828272927009,0.13755457760693598,0.2050119967081487,0.0,0.0,0.025266409750193522,0.47484556431177644,0.1036779262758236,0.004394839558562936,0.014673902343470012,0.9999588577291689,6.610696135189607e-05,0.09600548495032318,0.24793489638215238,0.4751854723708681,0.859787092928073,0.2172288142250922,0.0,0.3238303463865905,0.45784386719886616,0.1858171727072992,0.6072543740933908,0.6867739180597502,0.004440959036174078,0.0383050596284979
0.025911812537076546,0.30699417872181306,0.14165833199992922,0.05562490810080176,0.03265589340639587,0.42829574378626273,0.3188922255171543,0.07840571466376946,0.05584859753484105,0.3716718736285091,0.1358213342561737,0.2632469273422384,0.0,2.5579763396898128e-06,1.51303610149171e-06,0.0,0.2562224383181764,0.10959804104436774,0.9956358392202547,0.9620581630363694,0.04435612766960625,0.004678173649544309,6.610696135189607e-05,0.002111163510830422,6.610696135189607e-05,0.1956571347636368,0.11735230607763282,0.6385122617661902,6.610696135189607e-05,0.9999634060040183,0.0058668476050068785,0.5201802221382802,1.0,0.6762199938542859,0.5423486903263669,0.8141960426922733,0.1376377590064796,0.20511218120573246,0.0,0.0,0.025245554483022917,0.47536885676747886,0.10353376334300167,0.004367391956641647,0.01464504648498172,0.9999597153112267,6.610696135189607e-05,0.09597150995941804,0.24906026696691122,0.4755585736498333,0.8583118181388194,0.21657285051948144,0.0,0.3237774481693745,0.45764979663753164,0.1858039573077267,0.606139802675344,0.6852897777498997,0.004364160779745321,0.03794183696363067
0.025920394015187195,0.30697342733408284,0.14166522104965865,0.05558672782125735,0.0326560770128025,0.42902443226167325,0.3185769768534827,0.07834221063813128,0.055728090000841224,0.3717336975925902,0.13724409190819797,0.2639512253675614,0.0,2.366710512554784e-06,1.4109167118206422e-06,0.0,0.25724294222010685,0.11098656367464671,0.9957119016511037,0.9624225988878016,0.044357807578228305,0.0046987158798318645,6.610696135189607e-05,0.0021080477936173186,6.610696135189607e-05,0.19566933940182274,0.11739383892252236,0.6382456565047222,6.610696135189607e-05,0.999963370493129,0.005903563651256685,0.520119806423591,1.0,0.6762641577779926,0.5425161339127776,0.814196218983099,0.13771781381503226,0.20520466771915807,0.0,0.0,0.02522471530983423,0.4758857404344921,0.10338506084497405,0.004337396209562736,0.014615704754235325,0.9999605959607825,6.610696135189607e-05,0.09594295927548364,0.25010808454666006,0.4759391075141229,0.8568523444405454,0.21592896820884766,0.0,0.32373347551149484,0.4574824551705106,0.18580378101690095,0.6050392439648609,0.6838087686061953,0.004288098348896291,0.03757740111219839
0.02592934248231207,0.30694948852996706,0.14167243468109145,0.055546426140347355,0.03265848319876352,0.429778605670817,0.31828329404746497,0.0782843389089228,0.05565536208794256,0.3717860549425606,0.13865662144177718,0.2646363771755601,0.0,2.1937491921848798e-06,1.3165031088729238e-06,0.0,0.25825777966480784,0.11238126515907342,0.9957871930050788,0.9627878019857127,0.0443543063720741,0.004681755782094968,6.610696135189607e-05,0.002104678063757745,6.610696135189607e-05,0.19578297384321294,0.11742620981738748,0.638048297451315,6.610696135189607e-05,0.9999634011722607,0.005938725153087596,0.5201004841456944,1.0,0.6763764324258421,0.5427648981270524,0.8142774591798541,0.13780073949460567,0.20530519021974628,0.0,0.0,0.025205246330621114,0.4763726770663711,0.1032361679403428,0.004307216032822876,0.01458708283531539,0.9999615152703862,6.610696135189607e-05,0.09590782310713826,0.2511832549289831,0.4763215618638537,0.8554046534051353,0.2152631386787455,0.0,0.3236213738249658,0.45723378536983866,0.185722540820146,0.6039414808405865,0.6823135446211803,0.0042128069949212135,0.03721219801428735
0.025938541842105027,0.3069408524719876,0.14168099443596727,0.055507773627758585,0.032659001507415616,0.4305109770184536,0.31799256666684667,0.0782324198074073,0.055572785627507365,0.371835663076907,0.14005663311596553,0.26532409970862836,0.0,2.0375192931070137e-06,1.2296131931380475e-06,0.0,0.25926564570758337,0.11378050099169024,0.9958617103170049,0.9631532338920331,0.04435582348924429,0.004700644961912442,6.610696135189607e-05,0.002101670397168918,6.610696135189607e-05,0.19579715038561163,0.11746437496622184,0.6377276651969536,6.610696135189607e-05,0.999963365979218,0.005971830513877877,0.5200470551905177,1.0,0.6764242981787453,0.5429346694643954,0.8142849895408723,0.13787429851779004,0.20538751242373002,0.0,0.0,0.025184290502416638,0.47687815908024234,0.1030853297329471,0.004277486764225919,0.014557554838923462,0.999962328890121,6.610696135189607e-05,0.0958777920663363,0.25220378137672655,0.47670992960834335,0.8539715363701565,0.21462884510085387,0.0,0.32357366430196166,0.45706410092241145,0.1857150104591278,0.6028600557746265,0.6808319865845798,0.004138289682995092,0.03684676610796684
0.025948079719451487,0.30692611509049683,0.14168932577412838,0.05546744683444374,0.032660453576744713,0.4312731238734137,0.31768464478436,0.07818263043378923,0.05549223996781904,0.3718850351652286,0.14144729341235415,0.2659919813749043,0.0,1.8958712735104703e-06,1.149244700790708e-06,0.0,0.260269107453716,0.1151840017117449,0.9959354890861953,0.9635191805316292,0.044352721172728544,0.004682348489033676,6.610696135189607e-05,0.00209857164226577,6.610696135189607e-05,0.19591269419628823,0.11749837968539936,0.6375346029473725,6.610696135189607e-05,0.9999633962097417,0.006003677356035971,0.5200307679434053,1.0,0.6765329453925347,0.5431773597815689,0.8143634015278131,0.13795185998267284,0.20547919975172949,0.0,0.0,0.02516498195688521,0.47735474598411304,0.10293494830041656,0.004248596887984219,0.014528815069515855,0.9999632113220168,6.610696135189607e-05,0.09583856754889272,0.2532420137393482,0.47709869073229105,0.8525490292316099,0.2139772506816904,0.0,0.3234651587361917,0.4568214909737304,0.18563659847218697,0.6017790325636111,0.6793367985365256,0.004064510913804641,0.03648081946837074
0.025957336170810207,0.3069221253351286,0.14170164284261882,0.05542728734005999,0.03266160696430015,0.4320038027643282,0.3173889870767679,0.07813864060120121,0.05541178109164529,0.3719305652257325,0.142825718054833,0.26666278898567686,0.0,1.767597993463454e-06,1.0752008043311571e-06,0.0,0.2612657403557631,0.11658896306280395,0.9960085582877843,0.9638855743176848,0.04435447493354728,0.004700019415032482,6.610696135189607e-05,0.0020957803753725176,6.610696135189607e-05,0.19592708895135533,0.11753866539918534,0.6372337189868182,6.610696135189607e-05,0.999963360678638,0.0060337539143878825,0.5199788314534506,1.0,0.6765757830083136,0.5433381898591997,0.8143661158576567,0.13802086014170747,0.2055535239181052,0.0,0.0,0.025144758815454842,0.47785014313870083,0.10278364148311082,0.004187419777858857,0.014499665449044073,0.9999639657489833,6.610696135189607e-05,0.09588334777432231,0.25435040855820146,0.4775164407593417,0.8511405280307791,0.2133583795608725,0.0,0.32342244939369297,0.4566607349399961,0.1856338841423433,0.6007133995025294,0.6778575130190908,0.003991441712215686,0.03611442568231516
0.025966416640972344,0.30691335234055833,0.14169781239476703,0.05540240935991052,0.03266288273129575,0.43277144067520557,0.31708339277409964,0.07805020958470636,0.055297504190870074,0.37197897301869126,0.14422230973734718,0.26731281423440045,0.0,1.6509424786177529e-06,1.0073137305017818e-06,0.0,0.2622792653999382,0.1180143935740109,0.9960808877862315,0.9642527040792702,0.04435211606337954,0.004680364724236921,6.610696135189607e-05,0.0020947116438013408,6.610696135189607e-05,0.1960501232996855,0.1175711199974636,0.6370153217333797,6.610696135189607e-05,0.999963386386666,0.006062900116319451,0.5199631035369295,1.0,0.676676153509478,0.5435952287432358,0.814436450661052,0.13809516710084976,0.20563409263366222,0.0,0.0,0.025125078319194406,0.4783074670689192,0.10263450078864601,0.0041439601626509425,0.014471015138455211,0.9999648080296902,6.610696135189607e-05,0.09587767704504492,0.25561664510574233,0.47793017114427466,0.8497147901463334,0.21272408222867012,0.0,0.3233221955480435,0.45640376394303367,0.18556354933894798,0.599625567499212,0.6763515137923269,0.003919112213768465,0.03574729592072978
0.02597518154363528,0.3069170102976431,0.1417008491600275,0.05537740018036507,0.03266451700450457,0.43350792515631403,0.3167711290893898,0.07796756475188027,0.05519697677703642,0.3720230632751504,0.1456183799222531,0.26795859152350626,0.0,1.544923033321608e-06,9.44942615036428e-07,0.0,0.26329004022715613,0.1194453019486774,0.9961524413437077,0.9646201093994818,0.04435526799426495,0.004696847809065534,6.610696135189607e-05,0.002093862358642703,6.610696135189607e-05,0.1960753296385459,0.11761245816677374,0.6367260826696894,6.610696135189607e-05,0.9999633471876764,0.006090394709072016,0.5199155880508665,1.0,0.6767108029721077,0.5437734378090325,0.8144318292400369,0.1381613867524282,0.20569723261492057,0.0,0.0,0.025103756201704675,0.478786394143628,0.10248246918969484,0.00410965370207699,0.014441061834637559,0.9999655438536735,6.610696135189607e-05,0.095854068489849,0.2568406099498961,0.47833867819250303,0.8482912253686749,0.21212582042562733,0.0,0.32328765210485894,0.4562256172483525,0.1855681707599631,0.5985485730204158,0.674857465436402,0.00384755865629229,0.035379890600518125
0.02598433859136984,0.30691568203334163,0.14171185634752972,0.05534618778790985,0.03266650949865811,0.43427113009346285,0.31647788246388425,0.07789988385555333,0.05510497985717641,0.372059091138322,0.14700871299572343,0.26857914433476326,0.0,1.4482733901691158e-06,8.871557305256393e-07,0.0,0.2642953828086359,0.12087733944546028,0.9962232605921216,0.9649879188169624,0.04435389704944164,0.004676468306697854,6.610696135189607e-05,0.0020924577256319367,6.610696135189607e-05,0.19620132655340544,0.11765401045642469,0.6365502003309492,6.610696135189607e-05,0.999963375302748,0.006116911112174019,0.5199074966354738,1.0,0.6768070107554269,0.5440208000545409,0.8144990100823817,0.13823282930787048,0.20577112865933916,0.0,0.0,0.02508392044796171,0.4792434476919671,0.1023298580327293,0.004059820046962255,0.01441150692372281,0.9999663485510198,6.610696135189607e-05,0.09585982083825413,0.25808925857369397,0.47875627541625915,0.8468743758921026,0.21151335902976295,0.0,0.3231915409711829,0.45597831278972867,0.1855009899176183,0.5974717878834936,0.6733515318952006,0.003776739407878367,0.035012081183037565
0.025993515687081133,0.3069278394852743,0.14171790953688823,0.05532235859995667,0.03266846358263753,0.4350133478051636,0.31617338080635593,0.0778202837464171,0.05501556769829355,0.3720950618116569,0.14840471363881794,0.2691983672737772,0.0,1.3603136410319786e-06,8.341396170410886e-07,0.0,0.2653046420150468,0.12231861747389809,0.9962933034217751,0.9653556613198525,0.04435763954601436,0.004692091142105262,6.610696135189607e-05,0.0020920991248805213,6.610696135189607e-05,0.19623001859420053,0.11770102512406229,0.6362684988986911,6.610696135189607e-05,0.9999633353481504,0.006141957094502799,0.519865275016513,1.0,0.6768377019715925,0.5441981270899032,0.814490053900636,0.13829727974955894,0.20582741512153693,0.0,0.0,0.025062330041337677,0.47971821663508407,0.10217583602309017,0.0040171963211641645,0.01438144951343942,0.9999337377496174,6.610696135189607e-05,0.09585466329754012,0.25936566829549745,0.47917599881303413,0.8454533292666793,0.21093635770970975,0.0,0.3231609377147664,0.4558010387704797,0.18550994609936394,0.5963980782353944,0.671853967404565,0.0037066965782248627,0.03464433868014748
0.02600290552457295,0.3069346558153935,0.1417279294775947,0.055296110302733584,0.03267029341569503,0.43578592465478494,0.31587905367104574,0.07774412225010713,0.05492770911737882,0.37212553304108625,0.1498021686127076,0.2697920137832858,0.0,1.2799474364323099e-06,7.851038210797477e-07,0.0,0.2663138747180724,0.12376442463900723,0.9963626110946421,0.9657236978767194,0.044356944116829014,0.004704180922679652,6.610696135189607e-05,0.0020916481054278303,6.610696135189607e-05,0.19627120571661563,0.11772147692890658,0.6359555498137318,6.610696135189607e-05,0.9999633273533461,0.006166183522456362,0.5198626959323263,1.0,0.6769295731664229,0.5444512362059923,0.8145525058144483,0.13836767220945045,0.2058943652406616,0.0,0.0,0.025041916500404313,0.4801683467642801,0.10202184226816137,0.004000279569939847,0.014351507278869855,0.9999345437633872,6.610696135189607e-05,0.09577913533543075,0.2605820947156157,0.47957478502285994,0.844031647864836,0.2103452902843879,0.0,0.3230691468861407,0.45554797869018665,0.18544749418555173,0.5953184530724772,0.6703412101203311,0.0036373889053579007,0.03427630212328055
0.026012673247262752,0.3069471878540121,0.14175159913442734,0.055257052887899116,0.03267252514571782,0.43654620595825616,0.3156155921797499,0.07770897885944794,0.05484417575943717,0.37214732465210937,0.151175931560656,0.27037269981268924,0.0,1.2066233152892268e-06,7.393742996889096e-07,0.0,0.267304551428919,0.12519735403698978,0.9964311730760922,0.9660912660716438,0.044355732108923296,0.004681266656028804,6.610696135189607e-05,0.002089932760703335,6.610696135189607e-05,0.19640340790043234,0.11776332468900137,0.6357990290066793,6.610696135189607e-05,0.999963357906878,0.006189077482158537,0.519869643413692,1.0,0.6770285961799675,0.5446963988295453,0.8146260940724219,0.13843632812739132,0.20596295221212796,0.0,0.0,0.025022141327588034,0.4806289143367085,0.10186648951594712,0.003972629908850033,0.014321785149708848,0.99993529678272,6.610696135189607e-05,0.09572911513622034,0.2616828326601796,0.47997455045566095,0.8426349909571854,0.20975765677361877,0.0,0.32297019719671727,0.455302861796155,0.18537390592757805,0.5942591204436897,0.6688396937508823,0.003568826923907831,0.03390873392835629
0.02602273953980421,0.3069676282915471,0.14177156238142902,0.05521788660048103,0.032675798361788785,0.43728313970529364,0.31535760236252525,0.07768068252193494,0.054769088774297384,0.37216887499613777,0.15253726187707783,0.2709576435786822,0.0,1.139803465309653e-06,6.970433950825413e-07,0.0,0.26828643068578717,0.12662486381829802,0.9964989813269081,0.9664581189784973,0.04435937765069403,0.004694886693387655,6.610696135189607e-05,0.002088565042501509,6.610696135189607e-05,0.1964305004115453,0.1178165607607909,0.6355301948148873,6.610696135189607e-05,0.9999633215271755,0.00621077450565542,0.519835181321757,1.0,0.6770565490094179,0.5448474477146082,0.8146140556921998,0.13849825231743249,0.20601594722728075,0.0,0.0,0.02500122736069024,0.4811122221892705,0.10170966968154407,0.003934734955247039,0.01429207111506013,0.9999359972736053,6.610696135189607e-05,0.09571359882536129,0.26278464651577577,0.4803883534972686,0.8412519636172667,0.20920717509956083,0.0,0.3229423111871168,0.4551518552419967,0.1853859443078002,0.5932153169967803,0.6673591889544213,0.0035010186730918876,0.033541881021502726
0.02603278661620349,0.30697931027367004,0.1417844047546415,0.05518191100309418,0.03267893494183068,0.4380529630085462,0.31510498513582447,0.07763929487185856,0.054699016889380156,0.3721899712432772,0.1538985597665962,0.2715228644320762,0.0,1.0786564687876314e-06,6.577750564679334e-07,0.0,0.26926972496972784,0.1280542749436155,0.9965660549865916,0.9668246685423779,0.04435835144832648,0.004705068344542408,6.610696135189607e-05,0.002087706766265386,6.610696135189607e-05,0.19646922004084427,0.11784174639640971,0.6352090049494089,6.610696135189607e-05,0.9999633149352296,0.006232079789700278,0.5198350450060779,1.0,0.6771443532081985,0.545077747890361,0.8146705591774971,0.13856650896152764,0.206079167767417,0.0,0.0,0.02498143278891655,0.48156588403034084,0.1015547656417747,0.003907212784192862,0.014262922558645646,0.9999367853109905,6.610696135189607e-05,0.09566685166462957,0.2639356722346247,0.48079877561969403,0.8398693604437035,0.2086420905618459,0.0,0.3228545681353327,0.45492159433458257,0.18532944082250297,0.5921637660687445,0.6658665572889676,0.0034339450134083975,0.03317533145762214
0.02604266366281122,0.3069952949121357,0.14180022996368066,0.055143607266778055,0.032681262418568446,0.43881533495677766,0.314861437134052,0.07760826920031737,0.054628293037469605,0.37220863209617244,0.1552475914486145,0.27207794136003555,0.0,1.0227481864101616e-06,6.212415343607379e-07,0.0,0.2702447071482246,0.12947660703404248,0.9966323758318397,0.9671904939735704,0.04435716660663948,0.00468027240347369,6.610696135189607e-05,0.002086679508661329,6.610696135189607e-05,0.19660346574494897,0.11788566976963544,0.6350357931831404,6.610696135189607e-05,0.9999633440472351,0.00625248601277313,0.5198420983042921,1.0,0.6772376062326015,0.5453148067328297,0.8147365412978457,0.13863344770973213,0.20614234326133607,0.0,0.0,0.024961684801157742,0.4820212234963715,0.10140032356235926,0.0038555064582356303,0.014234906080287591,0.9999374990373837,6.610696135189607e-05,0.09567712362373171,0.2651273158198047,0.48122696455449715,0.8384999225386124,0.2080799603356724,0.0,0.32276137101921215,0.45468457202563595,0.18526345870215427,0.5911218451420432,0.6643810497046215,0.003367624168160322,0.032809506026429666
0.026052225488277327,0.307019920799746,0.14180515165639224,0.0551173006433464,0.03268310572881805,0.43955534023780557,0.31459129598305857,0.0775489712298101,0.05455725411283446,0.3722323378407455,0.15660672364245723,0.27263602443960416,0.0,9.716353496744641e-07,5.877040579543011e-07,0.0,0.27122688239941023,0.13090600690409226,0.9966979297050957,0.9675556914313765,0.04436169094647359,0.00469203235001027,6.610696135189607e-05,0.00208726196409273,6.610696135189607e-05,0.19664066490634194,0.11793895703231941,0.6347520411899347,6.610696135189607e-05,0.9999633032258153,0.006272060100342445,0.5198083657508239,1.0,0.6772578433272461,0.5454787380088789,0.8147157010406061,0.13869423430225505,0.2061877443577624,0.0,0.0,0.02493987601913673,0.4824898825368641,0.10124564252161314,0.003821825637594406,0.014206787532718087,0.9999381768739672,6.610696135189607e-05,0.09564406210455646,0.26637604877610527,0.48165371990173983,0.8371212162572003,0.20755560980957186,0.0,0.3227411850374042,0.4545206742870631,0.18528429895939394,0.5900788832983348,0.6629062487381454,0.0033020702949043065,0.03244430856862341
0.026061694559117547,0.30703618095953206,0.14181878979384985,0.05508538150725597,0.03268411653385998,0.44031856330628394,0.314330756332888,0.07750164876710065,0.05448360837836577,0.3722509542603758,0.15796126375948633,0.2731695461994409,0.0,9.246856133804699e-07,5.56486443289569e-07,0.0,0.27220338131521515,0.1323299649973204,0.9967627602413536,0.967920588980722,0.04436180375177372,0.004700748708336603,6.610696135189607e-05,0.002087358036143339,6.610696135189607e-05,0.19668828075898703,0.11796981682682815,0.6344583122773513,6.610696135189607e-05,0.9999632956473289,0.006291390437092389,0.5198128072055515,1.0,0.6773391330077921,0.5457125770936077,0.8147658850066124,0.1387615318093589,0.2062451370364731,0.0,0.0,0.02491933510371857,0.4829350406073521,0.10109069688544078,0.003784991204231846,0.014179027880124942,0.9999389255251784,6.610696135189607e-05,0.09561470225270681,0.2676166814493886,0.48208010699883574,0.8357473458034214,0.2070176465950076,0.0,0.32265994230659445,0.45428686641994903,0.18523411499338763,0.589035086875426,0.6614248979662065,0.003237239758646409,0.032079411019278026
0.026071128704177573,0.307057893613534,0.14183285108242352,0.05505404890445136,0.032685395981563926,0.4410736961304641,0.3140736918558596,0.07745635163983224,0.05441088719038139,0.37226738757409106,0.15931187228567203,0.27369196940669455,0.0,8.816422596467748e-07,5.275023480988994e-07,0.0,0.27317592000860685,0.13374949015128423,0.9968268251916514,0.9682846408800615,0.044361760405474314,0.004707910154960199,6.610696135189607e-05,0.0020876026380941704,6.610696135189607e-05,0.1967422069527294,0.1179934399032993,0.6341645457093367,6.610696135189607e-05,0.9999632880325141,0.006309987008856996,0.5198250207380246,1.0,0.6774259335258322,0.5459591296400276,0.8148253857001919,0.13882808852798736,0.2063023498586463,0.0,0.0,0.024898733124467144,0.4833806426551863,0.10093629351471031,0.003746751639169976,0.014151807683287564,0.99993963316145,6.610696135189607e-05,0.09560109530689327,0.26888010309286126,0.48250334554593666,0.834378140705471,0.2064830098552809,0.0,0.32257318483190817,0.4540403428576243,0.1851746142998081,0.5879959914634058,0.6599481599900695,0.003173174808348561,0.03171535911993852
0.02608066218661103,0.3070827365118723,0.14184678342664,0.0550230514277628,0.03268654650466778,0.44182496715211755,0.3138165911175985,0.0774089147170731,0.05433822586060813,0.3722828902286623,0.160659790385493,0.2742053212878591,0.0,8.421774387021944e-07,5.00593078017023e-07,0.0,0.27414453773429687,0.13516467282765493,0.9968901217309675,0.968647896435274,0.04436207296332526,0.004680491186349731,6.610696135189607e-05,0.0020881193167299316,6.610696135189607e-05,0.19689150564241203,0.11804047679285745,0.6339882200066025,6.610696135189607e-05,0.9999633145948801,0.006327869627041208,0.5198403890101048,1.0,0.6775109132207294,0.5462076069615989,0.8148834747795191,0.13889402840931547,0.2063588251605133,0.0,0.0,0.02487804456442078,0.48382742419057506,0.10078273795162006,0.003707524963693748,0.01412485344271091,0.999940333936039,6.610696135189607e-05,0.09558367984566592,0.2701672611204615,0.48292815059009814,0.8330123399874658,0.20595428970203622,0.0,0.32248824460183195,0.4537918924453232,0.18511652522048092,0.5869614338563877,0.6584765020118318,0.0031098782690325527,0.031352103564725994
0.026090074390870233,0.307114909365411,0.14186157973099123,0.054993836100292785,0.03268747063267321,0.4425512761993538,0.3135490888045209,0.0773615090118776,0.05426466218498984,0.372299296011389,0.1620059344299156,0.27472113403248627,0.0,8.060349919153006e-07,4.757136834473026e-07,0.0,0.2751085609689341,0.1365752752064047,0.9969526598221513,0.9690103788446236,0.04436781993221046,0.004690096325736266,6.610696135189607e-05,0.0020891570378752866,6.610696135189607e-05,0.19693814306442745,0.11810304032333721,0.6337135637819532,6.610696135189607e-05,0.9999632745503761,0.0063450031233845084,0.5198154305490852,1.0,0.6775241481196321,0.5463654042609427,0.8148550266053994,0.1389541215249324,0.2063993363566165,0.0,0.0,0.02485578966551212,0.484295559449277,0.10062729036565038,0.0036677256102596533,0.014064083898981025,0.9999409649261127,6.610696135189607e-05,0.09557155216588695,0.27159499338297755,0.4834040547173356,0.8316490624466999,0.2054634354184286,0.0,0.32247504584537595,0.45363412002537384,0.18514497339460054,0.5859373175061335,0.6570253884369789,0.0030473401778486377,0.030989621155376436
0.026100060471770523,0.30713567413673165,0.14187292884359898,0.054961486707533924,0.032701071253219964,0.44335505235667755,0.31329130385149023,0.07731309163455387,0.05415449347722464,0.37231401383188617,0.16335592503879523,0.27522209302137784,0.0,7.732301608177183e-07,4.525429858609875e-07,0.0,0.27608680872672975,0.13799614432904228,0.9970145343573455,0.969373516972421,0.04436767369490343,0.004696262396989649,6.610696135189607e-05,0.0020902732328407746,6.610696135189607e-05,0.19698831978023407,0.11814221960659027,0.6334637860548059,6.610696135189607e-05,0.999963264396589,0.006362241381584398,0.5198244107927951,1.0,0.6775949308954201,0.5465924535622344,0.8148942130963406,0.13902013299166552,0.20644892435315343,0.0,0.0,0.024833765918944206,0.4847274876791472,0.10046660698729604,0.003627347908119103,0.014026374477230302,0.9999416804072974,6.610696135189607e-05,0.0955549935235318,0.27295971449235706,0.48387568005457554,0.8302818335796204,0.20495349618582698,0.0,0.32240429587441904,0.4534070938947798,0.18510578690365945,0.5848930582816049,0.6555549313178044,0.00298546564265448,0.03062648302757899
0.02611001982822907,0.3071643612815621,0.14188693010570397,0.05493153036852699,0.032710379608219715,0.44413850431067076,0.31303148804524494,0.07726319932173523,0.05405726790010466,0.37232502105033255,0.16470565199959677,0.2757133618094333,0.0,7.433256320493564e-07,4.310088400073436e-07,0.0,0.27706684966321854,0.13941729652926918,0.9970756368407404,0.9697359474442103,0.044367928234843215,0.004700960688785201,6.610696135189607e-05,0.0020915994813388117,6.610696135189607e-05,0.19704671406756027,0.11817368618154778,0.6332045347639583,6.610696135189607e-05,0.9999632544676316,0.006379061167480544,0.5198405640695952,1.0,0.6776708896779713,0.5468330488329081,0.8149427731609309,0.13908485798808748,0.20649766448699178,0.0,0.0,0.024811505136525164,0.4851602509034125,0.10030672656465335,0.003586854905658409,0.01399416220906525,0.9999423546594154,6.610696135189607e-05,0.0955350332498381,0.2743248570022926,0.48434044067985604,0.8289152868329227,0.2044460741209716,0.0,0.32232836699639666,0.45316652015825193,0.18505722683906908,0.583848292348694,0.654085038983739,0.0029243631592595592,0.03026405255578963
0.02611999501763836,0.30719770452923995,0.14190337363380795,0.054903163070144013,0.032716188924443085,0.4449100106221039,0.312770481765745,0.07721376252656777,0.053971472597808545,0.37233291757013665,0.16605530110627437,0.2761948454788083,0.0,7.160068197487387e-07,4.11006893737241e-07,0.0,0.2780453818703845,0.1408353610464284,0.9971359740637327,0.9700975415371969,0.04436885629737783,0.004704595132701493,6.610696135189607e-05,0.0020931357035499096,6.610696135189607e-05,0.19711208010080672,0.11820421135650165,0.6329394326661514,6.610696135189607e-05,0.9999632446074721,0.006395456597984472,0.5198604722981078,1.0,0.6777458782806011,0.5470779612487967,0.8149909966260979,0.13914912360913553,0.20654644585791548,0.0,0.0,0.024789154754383706,0.48559523454457687,0.1001476945869643,0.003546389076527306,0.013964409352651589,0.9999430316486388,6.610696135189607e-05,0.095513635323502,0.27570342561344474,0.4848002002363233,0.8275492422957411,0.20394468222308396,0.0,0.3222534057125792,0.4529216277443096,0.1850090033739021,0.58280549452048,0.6526181930956562,0.0028640259362672903,0.029902458462803125
0.026129953012082575,0.307234129574644,0.1419216732992035,0.0548755329275321,0.03271986443597269,0.44567432695203074,0.3125094386775464,0.07716560894565941,0.05389279388053879,0.37233849097797106,0.16740483295208594,0.2766665758112502,0.0,6.910304329024636e-07,3.9242865598631414e-07,0.0,0.2790207472215509,0.1422485569314478,0.9971955491093663,0.9704582134604993,0.04437032394771677,0.00470734782373415,6.610696135189607e-05,0.0020948741668512082,6.610696135189607e-05,0.19718274264574118,0.11823649209464956,0.6326696502766028,6.610696135189607e-05,0.9999632347668309,0.00641142538807237,0.5198828748984055,1.0,0.6778189743530102,0.5473244213205688,0.8150368705038299,0.13921346383383887,0.20659526014989493,0.0,0.0,0.024766724358592476,0.48603237497037066,0.0999892433790623,0.003506091597529089,0.013936061948920282,0.9999437110551759,6.610696135189607e-05,0.09549115189885163,0.27709752534491594,0.48525672170579826,0.8261837416598417,0.20345054929034434,0.0,0.32218033461655693,0.4526751862507753,0.18496312949617008,0.5817657889446102,0.6511561829186573,0.002804450890633737,0.0295417865395007
0.026139874179038906,0.3072727689458809,0.14194139166445222,0.054848158507676686,0.032722275726975475,0.446433210906634,0.3122490577165005,0.0771191169230706,0.05381844389153421,0.3723423022660326,0.16875400351517914,0.2771286658903501,0.0,6.681981671162643e-07,3.751687854303783e-07,0.0,0.2799919761415946,0.14365574517616583,0.9972543629547405,0.9708178922076959,0.044372206732561946,0.004709334442168801,6.610696135189607e-05,0.002096807722387901,6.610696135189607e-05,0.19725756042603498,0.11827153450083305,0.6323953750021475,6.610696135189607e-05,0.999963224904074,0.0064269777546867085,0.5199072809064041,1.0,0.6778901888316481,0.5475713888594773,0.8150801106874219,0.139278223198759,0.2066439176430134,0.0,0.0,0.02474421464285947,0.4864713630067243,0.09983117337260967,0.003466538179860685,0.01390860014284508,0.999944392531016,6.610696135189607e-05,0.09546667619810559,0.27850473838222317,0.4857109399579827,0.8248190187301342,0.20296405320324568,0.0,0.3221091429701847,0.45242823597173726,0.18491988931257805,0.5807298006596464,0.6497003371808208,0.002745637045259518,0.029182107792304134
0.026149752021561216,0.3073130765952682,0.14196249266360944,0.05482050174141926,0.03272392550970763,0.44718713180956865,0.3119902098240585,0.07707516797564007,0.05374692468006498,0.37234461273104175,0.17010196998717522,0.2775813272778158,0.0,6.473431858356394e-07,3.591233634529343e-07,0.0,0.2809580964953859,0.14505577263594865,0.9973124156803898,0.9711765091443091,0.044374401115790996,0.004677312522235251,6.610696135189607e-05,0.002098897039457039,6.610696135189607e-05,0.19742597530086978,0.11833473601726659,0.6322479265060011,6.610696135189607e-05,0.9999632494350212,0.006442130277477456,0.5199334770161429,1.0,0.6779597186285121,0.5478178948687202,0.8151208735563888,0.13934358835209049,0.20669230155155607,0.0,0.0,0.0247216426756723,0.4869120595330093,0.09967333401772137,0.003426929870178653,0.013881748223800762,0.9999450750703972,6.610696135189607e-05,0.0954423171933538,0.27992288086084877,0.4861644662778886,0.8234558997353473,0.20248519570604132,0.0,0.322039634028302,0.4521817460079163,0.18487912644361112,0.5796983151525236,0.6482519258124952,0.002687584319610296,0.028823490855690862
0.026159472988090682,0.3073604928419274,0.14198534786707975,0.054793130099436975,0.032725043426926524,0.44791228799683824,0.31172324222389924,0.07703399296426795,0.05367634314802864,0.3723477550244398,0.1714485009168528,0.27803637182954516,0.0,6.283630405738291e-07,3.442750090135061e-07,0.0,0.28191745777697624,0.14644793634705522,0.997369706431811,0.9715340014254221,0.04438191511503731,0.004682730300346901,6.610696135189607e-05,0.0021013857728818387,6.610696135189607e-05,0.197489901171924,0.11841402167387953,0.6319893622702079,6.610696135189607e-05,0.999963207733346,0.006456782979296239,0.5199190934907107,1.0,0.6779591591778726,0.5479727432259898,0.8150762376809637,0.13940371926968298,0.20672488111636486,0.0,0.0,0.024697649835329034,0.48737539808564706,0.09951349510241078,0.0033880047769087947,0.013854692264031646,0.9999457178873096,6.610696135189607e-05,0.09539047950374739,0.28131583798733145,0.48663205711120255,0.822094716103851,0.20204453467974418,0.0,0.3220402124590868,0.45202691249900123,0.18492376231903632,0.5786788229533407,0.6468271825365799,0.0026302935681889795,0.028465998574577878
0.026169075270455023,0.30739835521935177,0.14200897245343996,0.0547655001569209,0.03272616029761218,0.44866202593650617,0.3114670001547717,0.07699803458762611,0.053611451318042645,0.3723465523322831,0.17279616492196279,0.27846807506246835,0.0,6.110112334761056e-07,3.304392645308206e-07,0.0,0.28287442353753456,0.14783332058054102,0.997426269240653,0.9718904664729168,0.04438448863054006,0.004685645148355534,6.610696135189607e-05,0.002103804074398813,6.610696135189607e-05,0.197562667038728,0.11847110460836226,0.6317290691888967,6.610696135189607e-05,0.9999631970679914,0.006471714515337241,0.5199414495970022,1.0,0.6780209572588226,0.5482060852539586,0.8151035366569926,0.13947236181256994,0.20677019363517943,0.0,0.0,0.02467482852146926,0.48781143120421866,0.09935356693316008,0.003350260794729237,0.01382845653365669,0.9999466864085474,6.610696135189607e-05,0.09534974994999902,0.28274789001990763,0.48709816922773375,0.8207321205627,0.20159047534052954,0.0,0.3219784317299439,0.45179358430677696,0.18489646334300736,0.5776532146498955,0.6453964857842795,0.0025737307593469948,0.028109533527083244
0.026178625138532273,0.3074420387899575,0.14203392495560754,0.05473673398198449,0.03272677261680824,0.4493995923643899,0.31121542124914703,0.07696504893971229,0.053547068067938845,0.3723432095892778,0.1741402201694795,0.2788887996229285,0.0,5.952455325193717e-07,3.1755537767566056e-07,0.0,0.28382525701540345,0.1492094295429524,0.9974820577398551,0.9722454354095634,0.04438676546541695,0.0046875597787321205,6.610696135189607e-05,0.0021062791829068134,6.610696135189607e-05,0.1976398017035495,0.11852007335909966,0.6314532038860137,6.610696135189607e-05,0.9999631868037231,0.006486294646207043,0.5199719417898104,1.0,0.678089793660685,0.5484529506840085,0.8151418299408408,0.13954101478859599,0.2068159519096486,0.0,0.0,0.0246520567867259,0.4882486691643208,0.09919435140948461,0.003313485821239758,0.013802608001984053,0.9999478071977623,6.610696135189607e-05,0.09531177757043902,0.2841822886642698,0.48756195435608146,0.8193734851843134,0.20113925858726117,0.0,0.32190961109378247,0.4515467317606139,0.18485817005915914,0.5766337281960006,0.643974618547399,0.0025179422601448944,0.02775456459043659
0.02618823645389022,0.30748800180791497,0.14205966367395748,0.05470706345572596,0.032727244116007824,0.4501305721909238,0.3109678402966276,0.07693475688701838,0.05348375987796366,0.3723384346137011,0.17547995466934477,0.2793009323551975,0.0,5.809757286315678e-07,3.0555033090346796e-07,0.0,0.2847692571843332,0.15057542175046879,0.9975370830358876,0.9725990073782713,0.04438910439650363,0.00468875867690392,6.610696135189607e-05,0.0021088620745856857,6.610696135189607e-05,0.19771971398378174,0.11856683864537829,0.6311664950235506,6.610696135189607e-05,0.9999631766444678,0.006500536592033749,0.5200063101016402,1.0,0.678158687755216,0.548701319391276,0.8151809282728236,0.1396098432309953,0.20686231874358937,0.0,0.0,0.024629311833072,0.4886874944509613,0.09903575769795749,0.0032778425241762215,0.0137771470223321,0.9999489260764904,6.610696135189607e-05,0.09527420027708276,0.2856126492844729,0.48802412921633975,0.8180195087386215,0.20069275754316238,0.0,0.3218407312690553,0.45129837505839315,0.18481907172717646,0.5756208995846714,0.6425622595059418,0.0024629169641123467,0.027400992621728723
0.02619785877962131,0.307534982820522,0.14208613380886526,0.05467645041659574,0.03272760034324299,0.45085698963266474,0.3107240641037928,0.07690749990757882,0.053422035785651044,0.37233257232158823,0.17681425649643806,0.27970562757734074,0.0,5.681160362561565e-07,2.9435338431745946e-07,0.0,0.2857056796824846,0.15193046123682166,0.9975913471300435,0.9729511678110034,0.04439152738674499,0.0046893657246747395,6.610696135189607e-05,0.0021115368501524023,6.610696135189607e-05,0.19780147518345526,0.11861373630378569,0.630872333914307,6.610696135189607e-05,0.9999631665965868,0.006514465284813898,0.520042812430713,1.0,0.6782265180661062,0.5489478208653454,0.8152187647046488,0.13967895332390484,0.20690915676514735,0.0,0.0,0.024606580970259105,0.48912779769896914,0.09887770318559073,0.0032434926069529026,0.01375202378570472,0.9999500460597083,6.610696135189607e-05,0.09523574907280609,0.28703403402230804,0.4884851188758928,0.8166712782187481,0.20025155999194622,0.0,0.3217729138178575,0.45105188478127034,0.18478123529535118,0.5746153669936106,0.6411603819980309,0.0024086528699565615,0.027048832188996584
0.026207453927587235,0.30758241104942186,0.142113336958101,0.05464476576714682,0.03272783868852319,0.45157893882820344,0.31048424785558926,0.07688375129951935,0.053362216220748326,0.3723258166178553,0.17814186440741278,0.2801036109835494,0.0,5.56590076680959e-07,2.838983705476633e-07,0.0,0.2866337987317175,0.15327369034435392,0.9976448498445096,0.973301862994267,0.04439400567408243,0.004689456107256157,6.610696135189607e-05,0.002114269883593884,6.610696135189607e-05,0.19788445534092777,0.11866164796414148,0.6305725123311524,6.610696135189607e-05,0.9999631567028529,0.00652811494699298,0.520080616346175,1.0,0.6782932289713827,0.5491913166814083,0.8152550276073868,0.13974840486811574,0.206956315683167,0.0,0.0,0.024583887674507456,0.4895693695931364,0.0987201536030855,0.003210594366494721,0.013727225184302303,0.9999511677362123,6.610696135189607e-05,0.09519567509586305,0.2884416281788205,0.488945159417305,0.8153300206455942,0.19981577267027556,0.0,0.32170621443854075,0.4508083994202211,0.18474497239261328,0.5736177964001667,0.6397699939724791,0.0023551501554903748,0.026698137005732953
0.026216996153087202,0.30762994215410366,0.14214123306136456,0.054611861431594085,0.0327279536780363,0.4522958859760922,0.3102487860342232,0.07686397628168286,0.05330454740751494,0.3723182936595466,0.17946143059418193,0.2804954675288431,0.0,5.463306089560406e-07,2.7412380623756845e-07,0.0,0.2875528923460109,0.1546042100744129,0.9976975905899029,0.9736510226385241,0.04439649660848469,0.004689086588786305,6.610696135189607e-05,0.0021170238107002227,6.610696135189607e-05,0.19796813019409812,0.11871084157330802,0.6302680594063692,6.610696135189607e-05,0.9999631470163997,0.00654152456868804,0.5201192242889884,1.0,0.6783589324790901,0.5494311908877952,0.8152897852632389,0.1398182056460564,0.20700369710864988,0.0,0.0,0.024561266579267004,0.4900119988684238,0.09856312235322252,0.0031792949918361185,0.013702755420756841,0.999952291175353,6.610696135189607e-05,0.09515351220085089,0.28983190150455596,0.48940430037610416,0.8139970448371301,0.1993853081821686,0.0,0.32164052119030095,0.45056853498839855,0.18471021473676108,0.5726289020079327,0.6383920928169372,0.002302409410097072,0.02634897736147588
0.026226467407418463,0.3076773091670259,0.14216974520362896,0.054577599718964115,0.03272793512344375,0.4530072356746208,0.3100181748474347,0.07684858805596177,0.05324917259705835,0.3723101121143638,0.180771562706846,0.28088174640882707,0.0,5.372787186544443e-07,2.649725707565452e-07,0.0,0.2884622368972468,0.15592108565696736,0.9977495687782654,0.9739985685983364,0.04439895731707639,0.00468830559851093,6.610696135189607e-05,0.0021197619073238406,6.610696135189607e-05,0.19805203430840818,0.11876133189701703,0.6299598696485132,6.610696135189607e-05,0.9999631375922522,0.00655473539622903,0.5201582631169939,1.0,0.6784237511395351,0.5496669479235696,0.8153231836287508,0.13988832113178348,0.20705125139506558,0.0,0.0,0.024538755823520605,0.490477570778689,0.09840719854330682,0.003149742618147867,0.013678693905731048,0.9999533557404136,6.610696135189607e-05,0.09510929269615481,0.2911917827478111,0.4898510643604749,0.812673701896925,0.19895999047417912,0.0,0.3215757115817462,0.4503327871038596,0.18467681637124922,0.5716494419709698,0.6370276629479671,0.002250431221734619,0.026001431401663604
0.026202610426858033,0.3077161356677511,0.1421946008847407,0.05454026495631775,0.032727137926062,0.453742030897902,0.30979124229744653,0.07683782862184874,0.05319632000552377,0.3723297633179601,0.18207194329447515,0.2812637254629907,0.0,5.294043638505311e-07,2.5639074252959303e-07,0.0,0.2893620352233394,0.15722436500991788,0.9978007836658953,0.9743444395890455,0.0444012383448217,0.004687076581047612,6.610696135189607e-05,0.0021224385760460172,6.610696135189607e-05,0.19813638147096685,0.11881352999100493,0.6296445433189933,6.610696135189607e-05,0.9999631287268945,0.006567976216472918,0.520199124425826,1.0,0.6784899535165023,0.5499013329674505,0.8153562075255216,0.1399607634016399,0.20710128572039785,0.0,0.0,0.024516662710287143,0.49093529002882114,0.09825258099416105,0.00310562001514186,0.013655165568565508,0.9999544858064098,6.610696135189607e-05,0.09510046921043279,0.2925856440753449,0.49031651242504964,0.811360080489052,0.19853715011118334,0.0,0.32150951707913383,0.450098410641807,0.18464379247447835,0.5706772013750206,0.6356743492696842,0.002199216334104649,0.025655560410954553
0.026201599215775428,0.30774810127382374,0.14220410981755535,0.05450803160792545,0.03272468058464028,0.45430491280043467,0.3095433816476116,0.07680581803411947,0.05314517046609411,0.3723448910239828,0.18337302841870826,0.28163412117226877,0.0,5.226646745858802e-07,2.483922648233502e-07,0.0,0.29026081752555044,0.15852351715013452,0.9978512826518802,0.9746884527883465,0.04440597074224428,0.004685434974212793,6.610696135189607e-05,0.002126321836063398,6.610696135189607e-05,0.19823599298469294,0.11887543211687927,0.6293081104846359,6.610696135189607e-05,0.9999631157674164,0.006582114831135421,0.5202423447930373,1.0,0.6785536544397147,0.5501486816553945,0.8153864940248251,0.140037790729921,0.2071521879454931,0.0,0.0,0.024499812992253123,0.49138413245111184,0.09810053035845562,0.0030722866818085276,0.013632339692178513,0.9999554268132362,6.610696135189607e-05,0.09506710974079398,0.2940907493423586,0.4907783275805558,0.8100448567501564,0.19812353403469396,0.0,0.32144582289561074,0.44985106995234053,0.18461350597517484,0.5697013917445285,0.6343242949043725,0.0021487173481197887,0.025311547211653476
0.02620509142207128,0.3077835486892138,0.14222144859429986,0.05450739373711477,0.0327214950155865,0.4549212802297767,0.3093076583938181,0.07669142396073365,0.05308366376796458,0.37234377385855016,0.18466556670088993,0.2819998507590362,0.0,5.169928319739476e-07,2.408884250204695e-07,0.0,0.2911504660637748,0.1598099824120402,0.9979010655974554,0.9750311276728221,0.04440887327627315,0.004683534953925924,6.610696135189607e-05,0.00213003554393103,6.610696135189607e-05,0.1983267991881421,0.11894003580405044,0.6290060560899835,6.610696135189607e-05,0.9999631048103128,0.006596034662947637,0.5202833658994607,1.0,0.6786148963171631,0.5503887504718983,0.8154142435434577,0.14011292392835648,0.20719784155178722,0.0,0.0,0.024480676131125204,0.4918346947338414,0.09794922828132178,0.003024887270981728,0.013609601044303345,0.9999564558547606,6.610696135189607e-05,0.09506600477926244,0.29559831889854576,0.49126973024591436,0.8087383986361625,0.19771678334150314,0.0,0.3213845866900049,0.4496110086396767,0.18458575645654235,0.5687366100078687,0.6329921760361725,0.0020989344025445925,0.024968872327177965
0.02621088223304282,0.30782813329235187,0.14224023647007844,0.05450176204455968,0.03271903961673215,0.45553500649419604,0.30905421857517706,0.07659653998355667,0.05302631641769388,0.37233738880932443,0.1859624366152188,0.28235801801831073,0.0,5.123213260333821e-07,2.3397210843556935e-07,0.0,0.29203550073521717,0.16108984055838968,0.9979499779214813,0.9753709969722371,0.04441147062546869,0.0046812520059181005,6.610696135189607e-05,0.0021337795186172404,6.610696135189607e-05,0.19841942006539576,0.11899977135220503,0.6287226214310612,6.610696135189607e-05,0.9999630914684506,0.006610072107884424,0.5203221361051074,1.0,0.6786746801439847,0.5506420603567687,0.8154406199925726,0.1401889225789105,0.20724309497326746,0.0,0.0,0.024459704480210783,0.4922776824762421,0.09779757389139122,0.0029828323126446918,0.013553940189810435,0.9999575015478211,6.610696135189607e-05,0.0950499538955082,0.2973571885293577,0.4918085406438647,0.8074274912768967,0.19731984587658202,0.0,0.3213248075346892,0.44935770567112293,0.1845593800074274,0.5677755766858723,0.6316670644683429,0.0020500220785186415,0.02462900302776293
0.02621848850190128,0.3078756091470868,0.14226226402436593,0.05448787089500075,0.03272894583135379,0.4562091884853313,0.30880048417837397,0.07652344285045014,0.05292633472758732,0.372327588288119,0.18726142494404943,0.2827166702598864,0.0,5.089322899098351e-07,2.2757368362348622e-07,0.0,0.29292994671904804,0.16237377937891953,0.9979981262697994,0.9757096674882395,0.044413027167625754,0.004678313758227388,6.610696135189607e-05,0.0021374040013502765,6.610696135189607e-05,0.19850725038472616,0.11906095395461626,0.6285255505283065,6.610696135189607e-05,0.9999630777505701,0.006624266730554654,0.5203590846841277,1.0,0.6787298883928844,0.5508889036378766,0.8154642951581265,0.14026431426766925,0.20728675333640528,0.0,0.0,0.024436692421905104,0.49270732661489813,0.09763950714522271,0.002938663614903179,0.01352074295258901,0.9999585677973206,6.610696135189607e-05,0.09503803805454807,0.29904977295323354,0.4923427585245176,0.8061143083253959,0.19692424505598594,0.0,0.32126960267482574,0.44911086878843975,0.1845357048418736,0.5668057390132827,0.6303394672846752,0.0020018737302005757,0.024290332511760503
0.026226872987342578,0.3079292619046385,0.14228898645111665,0.05447274651094791,0.03273517037866421,0.4568797257011406,0.3085414235172701,0.07645794977001633,0.0528386581316122,0.3723134072508623,0.18856377531271493,0.2830697958493549,0.0,5.066289684845069e-07,2.2168267636855256e-07,0.0,0.2938249042379579,0.16365443558606735,0.9980454735136517,0.97604655992603,0.04441544207654899,0.004675095997564528,6.610696135189607e-05,0.002141243296550406,6.610696135189607e-05,0.198599862307119,0.11912128456605549,0.628321661274303,6.610696135189607e-05,0.9999630638876534,0.006638562794388677,0.5203966386738283,1.0,0.6787833553251257,0.5511383125409336,0.8154869819290305,0.14033930028754216,0.20733009390159407,0.0,0.0,0.02441285478391362,0.493133968007686,0.09748138728549934,0.002892566251179667,0.01349305502975954,0.999959653103183,6.610696135189607e-05,0.09502622298781398,0.30074312520862145,0.4928739381797916,0.8047976618928964,0.19653356547681672,0.0,0.32121613804590593,0.44886146577639,0.1845130180709695,0.5658357954745,0.6290154705123386,0.0019545264863483265,0.02395344007397008
0.026235537542529597,0.3079874120803902,0.1423181710028364,0.05445831235930371,0.03273817434765252,0.45754812873810413,0.30827834274863153,0.07639521289608207,0.0527630718271632,0.3722962303124797,0.18987108565688876,0.2834151287699064,0.0,5.053281745147028e-07,2.16288816383599e-07,0.0,0.29471911643975945,0.1649305041426517,0.9980920336233636,0.9763816807390031,0.04441860186337919,0.004671680425698041,6.610696135189607e-05,0.002145445455805208,6.610696135189607e-05,0.1986981130160039,0.11918139879542163,0.6281017851103159,6.610696135189607e-05,0.9999630495842429,0.0066528502250507455,0.5204366509167189,1.0,0.6788361793805863,0.5513940381350834,0.8155091523956066,0.14041433728260516,0.20737364324998062,0.0,0.0,0.024388485629801532,0.4935584656936866,0.09732370056748073,0.0028441290763939284,0.013467777612377888,0.9999607570716793,6.610696135189607e-05,0.09498327415244533,0.3024901449137465,0.49341538921210903,0.8034760641180605,0.19614822031337475,0.0,0.3211633152912392,0.4486057455761003,0.1844908476043934,0.5648665462776354,0.6276958526073677,0.0019079663766363925,0.02361831926099695
0.026244188190575942,0.3080491708602585,0.14234852142469043,0.05444727985899104,0.03273903312282586,0.45821315798770235,0.30801133687245597,0.07633674293277483,0.05269523537297789,0.3722755302311,0.1911856072731453,0.28375034846282576,0.0,5.049716647976039e-07,2.1139995872986752e-07,0.0,0.2956147956444502,0.16620237869990018,0.9981378302803208,0.9767149503806551,0.04442228336093402,0.004668213408471454,6.610696135189607e-05,0.002151566888718023,6.610696135189607e-05,0.19880207004496553,0.1192440234202946,0.6279079437837511,6.610696135189607e-05,0.9999630318139301,0.006667163407488719,0.5204799652453844,1.0,0.6788882851834603,0.5516604176390524,0.8155312941619687,0.14049067676271781,0.2074181471448606,0.0,0.0,0.02436342761921164,0.49397837839779263,0.09716548937773987,0.002826030883582775,0.013443648257941613,0.999961898249514,6.610696135189607e-05,0.0948895725595697,0.3041943082938999,0.4939255258722492,0.802147229319366,0.19576968629178979,0.0,0.32111120984487496,0.4483393709609889,0.18446870583803127,0.5638945275928321,0.6263794741552392,0.0018621697196792566,0.02328504961934488
