0_primarytoI_spread,0_primarytoII_spread,0_primarytoIII_spread,0_primarytoIV_spread,0_primarytoV_spread,0_ItoII_spread,0_IItoIII_spread,0_IIItoIV_spread,0_IVtoV_spread,0_late_p,0_C01_coef,0_C02_coef,0_C03_coef,0_C04_coef,0_C05_coef,0_C06_coef,0_C09_coef,0_C10_coef,0_C12_coef,0_C13_coef,0_C32.0_coef,0_C32.1_coef,0_C32.2_coef,1_primarytoI_spread,1_primarytoII_spread,1_primarytoIII_spread,1_primarytoIV_spread,1_primarytoV_spread,1_ItoII_spread,1_IItoIII_spread,1_IIItoIV_spread,1_IVtoV_spread,1_late_p,1_C01_coef,1_C02_coef,1_C03_coef,1_C04_coef,1_C05_coef,1_C06_coef,1_C09_coef,1_C10_coef,1_C12_coef,1_C13_coef,1_C32.0_coef,1_C32.1_coef,1_C32.2_coef,2_primarytoI_spread,2_primarytoII_spread,2_primarytoIII_spread,2_primarytoIV_spread,2_primarytoV_spread,2_ItoII_spread,2_IItoIII_spread,2_IIItoIV_spread,2_IVtoV_spread,2_late_p,2_C01_coef,2_C02_coef,2_C03_coef,2_C04_coef,2_C05_coef,2_C06_coef,2_C09_coef,2_C10_coef,2_C12_coef,2_C13_coef,2_C32.0_coef,2_C32.1_coef,2_C32.2_coef,3_primarytoI_spread,3_primarytoII_spread,3_primarytoIII_spread,3_primarytoIV_spread,3_primarytoV_spread,3_ItoII_spread,3_IItoIII_spread,3_IIItoIV_spread,3_IVtoV_spread,3_late_p,3_C01_coef,3_C02_coef,3_C03_coef,3_C04_coef,3_C05_coef,3_C06_coef,3_C09_coef,3_C10_coef,3_C12_coef,3_C13_coef,3_C32.0_coef,3_C32.1_coef,3_C32.2_coef
0.0002064036055399,0.0175713364366845,0.0049916654068137,0.000926536644879,6.610696135189607e-05,6.610696135189607e-05,0.1428132646326737,0.0265412967396582,6.610696135189607e-05,0.9999372458761832,0.0,0.1599955418255731,0.0003430036327744,0.1307812781849878,0.0089100014433276,0.2895730896701437,0.0740372033708727,0.1878290816453437,0.1021098825197702,0.1778943782460072,0.9858742004498646,0.4761270578583069,1.0,0.0323164762883355,0.5352989603016167,0.0057053987840664,0.0022164478369987,0.0166499542890177,0.999933893038648,0.1667399871204791,0.2571394693485856,0.3042845081143296,0.3957265769554678,0.7629120540784773,0.2860893619139116,0.0548960989553,0.1584679092093436,0.4460575882291553,0.1378235316426379,0.7076026556550281,0.470343819454781,0.0195340697649563,0.0690300774016507,0.0,0.1201964905560499,0.0,0.0149284684451839,0.3351391089445794,0.2581744557840268,0.0751965234769756,0.0315137868026421,6.610696135189607e-05,6.610696135189607e-05,6.610696135189607e-05,0.0568179830560037,0.3738778798219803,0.2166285574868939,0.0944180993000866,0.0,0.0435850814842003,0.023399842449862,0.0,0.1775545494675418,0.2717651838517317,0.8783560477152733,0.753075544352342,0.0141256718385896,0.4036764515856431,0.0,0.082479141759443,0.0007331374358574,0.0162741682533196,0.0070041609934487,6.610696135189607e-05,0.2206486240209343,0.1317095102102511,0.0093515747403533,6.610696135189607e-05,0.6867190507487642,0.0204593884346287,0.4594969969604285,0.9447608974119256,0.6671657311214683,0.521632567877655,0.5726033786872183,0.0408055915065573,0.0700619150481435,0.0,0.0,1.2771154569363453e-07,0.0,0.0
0.0005838287907833315,0.01896204722259118,0.0058233990591835,0.0008436888671474482,6.610696135189607e-05,6.610696135189607e-05,0.13509823298195675,0.02728758339004542,6.610696135189607e-05,0.9999392638885083,0.0,0.1552134533996099,0.0003786844033146728,0.143689677241386,0.00916768007259206,0.3266753272768748,0.06751808386893021,0.1998247914487351,0.09409875667029992,0.15870684200749458,0.9846118005496436,0.48310001083190146,1.0,0.033945744274680535,0.536819017501906,0.007959073322394436,0.0030389533465361197,0.013911681335854457,0.9999338930386481,0.17496034645598763,0.277219209731035,0.3536833532173426,0.39518333572141984,0.7401514878415217,0.3095912521639373,0.03706599609793037,0.13420214146937492,0.4441646590142968,0.11189316473714932,0.7040243087562453,0.4754481126929636,0.021988832704322992,0.06721440078264879,0.0,0.12360348994562997,0.0,0.01808986387887933,0.32846688136755137,0.26695241113460133,0.07084071373075004,0.0366996854245074,6.610696135189607e-05,6.610696135189607e-05,0.0016008637705135864,0.06942157340038116,0.36750045260826847,0.2345906405089502,0.10623152282044311,0.0,0.050456311776810966,0.016509956616489227,0.0,0.1882402152522869,0.2662486865265579,0.8839124106253771,0.7740787572098566,0.01538801931824426,0.3932964992224686,0.0,0.0758035785553528,0.0006645027215775604,0.02134461022110697,0.006720837526194614,0.00010696331036034353,0.4094843984860158,0.12828805855776934,0.004313673486028807,6.610696135189607e-05,0.5462692723008138,0.025257871649528033,0.4289637716160098,0.962555319498755,0.6716518695124281,0.5301577042966219,0.561431507985976,0.04021739212253756,0.05847840933174341,0.0,0.0,1.8013211217938921e-07,0.0,0.0
0.0006461183059461758,0.019783477157998528,0.006036902092159156,0.0008414495239879899,6.610696135189607e-05,6.610696135189607e-05,0.12955120436969916,0.02845658374762216,6.610696135189607e-05,0.9999393619947788,0.0,0.15223755048984713,0.00037528012230924484,0.1495789233800866,0.008969998075367646,0.33853308389371817,0.06294064542562249,0.21060666420286847,0.08936934664693182,0.14935718200368514,0.9846899056998655,0.4930887932397715,1.0,0.03314227672446694,0.5361625210513445,0.007602917040619633,0.003764729215500569,0.01232389387841219,0.9999338930386481,0.1750598538084099,0.28752433823414875,0.3419676110276088,0.4001884216058602,0.7254244666114997,0.31406677402213795,0.030045556599778138,0.1223839897946854,0.4362417349287732,0.09906042671968401,0.7030860321105082,0.48197252505326216,0.02480955582603344,0.06537447080665883,0.0,0.1264970449599142,0.0,0.01934196156456569,0.32781037278599984,0.2673381765313802,0.06931287263309434,0.03864218760758478,6.610696135189607e-05,6.610696135189607e-05,0.002025886446074007,0.06665883735876815,0.3645574889145039,0.24643840991224644,0.1105529120598982,0.0,0.053418712216873214,0.010867668458244408,0.0,0.19410654938196903,0.25560049882143543,0.8858210975270348,0.785268347189656,0.015309938018131313,0.38041416180031423,0.0,0.0778535687748826,0.0006657701936285663,0.02220467051299253,0.006704640853897648,0.0001764834577691347,0.4585037780303801,0.12960290328309576,1.9545776477940474e-08,6.610696135189607e-05,0.49602174921552833,0.02813712347625385,0.4231427634281168,0.9695791632779126,0.6746183746083548,0.5439205985376148,0.5624064893865979,0.03986677308190026,0.05182031192243397,0.0,0.0,1.5628200321656659e-07,0.0,0.0
0.0006548636042872581,0.02027714043855887,0.006155093263634717,0.0008916722666101386,6.610696135189607e-05,6.610696135189607e-05,0.1271821900877185,0.029018148400341004,6.610696135189607e-05,0.9999392225186755,0.0,0.15073881129718283,0.0003662201043052959,0.15477255961401684,0.008629290970824838,0.3439626829600729,0.05959574755975273,0.22010743229384291,0.08614989397816109,0.1441151493777258,0.9851230819419388,0.501076059290511,1.0,0.032420585597783984,0.5349647145431243,0.0068944182408844324,0.0043785467401953266,0.011379688860844738,0.9999338930386481,0.17426295867837496,0.2915605473274738,0.33101919426029536,0.40555316258842844,0.7143241797341923,0.314121734177827,0.02773240423212697,0.1162820702833414,0.4328324737480115,0.09344435924735826,0.7017987035036559,0.48766914563050673,0.027776709854167553,0.06333070639995997,0.0,0.128855479263533,0.0,0.020020912656477253,0.3270107094181218,0.26789228053045816,0.06831207938984425,0.03968456213560571,6.610696135189607e-05,6.610696135189607e-05,0.0024001781177868157,0.0652712801663802,0.3632242206705753,0.2553623954004484,0.11329328156585584,0.0,0.05559764836860489,0.007110770636320716,0.0,0.19903658072552674,0.24619724126000436,0.8860733961676713,0.7925541442223142,0.014876784133671645,0.370068461445956,0.0,0.07760094629363003,0.0006632908117265088,0.021780833437122765,0.0063512622852334305,0.00023388874062229827,0.4618528749268761,0.12676969837635252,6.610696135189606e-05,6.610696135189607e-05,0.48429726345202,0.03031342486535932,0.4218461729591343,0.9719013756635677,0.6733477217340369,0.5514274646448429,0.5625929577925688,0.039568968211064634,0.04602618081564599,0.0,0.0,1.339243895384761e-07,0.0,0.0
0.0006546417162162971,0.02062257020563571,0.006237548525109104,0.0009114992282279519,6.610696135189607e-05,6.610696135189607e-05,0.12612145374130027,0.029426886365914375,6.610696135189607e-05,0.999939164716806,0.0,0.14943510414550537,0.00035395571400203917,0.15936504165545928,0.008195757446636202,0.34598011264656386,0.057028874347461365,0.22822907265431538,0.08390422598951951,0.14112309357690653,0.9856976629564045,0.5070308759971692,1.0,0.03208000588009342,0.5358699433381053,0.006365951384218171,0.004891473607931815,0.010773807826227867,0.9999338930386481,0.17377152745043098,0.29378877953899896,0.32336273787377134,0.4084643642939327,0.7059497027399319,0.3133054093597591,0.02697203721289854,0.11261564915140612,0.4331498812009993,0.09074974724109053,0.700174139127903,0.4923830466126621,0.03093741111118949,0.061375027068057336,0.0,0.13108233142491005,0.0,0.02051225950638561,0.32668783457922135,0.26908996864670676,0.06769326661746362,0.04049708275104979,6.610696135189607e-05,6.610696135189607e-05,0.002936848317689465,0.06466260171860963,0.3618883507616348,0.2619473861438459,0.11575952054555982,0.0,0.05744028721328085,0.004674985534264991,0.0,0.20340138086065537,0.2385530336061869,0.8851583628992911,0.7975018793550361,0.014302221312715892,0.36188679257792083,0.0,0.07832307282161435,0.0006998041014880795,0.021724885498524256,0.00614273397368369,0.0003224053304724506,0.4673392900988935,0.12721440661571862,6.610696135189607e-05,6.610696135189607e-05,0.4752473137474905,0.032102911116222266,0.42149996594917566,0.9726740070730995,0.6705790219798538,0.5539793758180995,0.5632701401123456,0.03939560566398024,0.0408348471268356,0.0,0.0,1.1573087970097388e-07,0.0,0.0
0.0006530472125832205,0.020836673444624955,0.006329514817258572,0.0009500666787753896,6.610696135189607e-05,6.610696135189607e-05,0.12564847261017684,0.02962318555476077,6.610696135189607e-05,0.999939062686055,0.0,0.14859969503010842,0.0003408609405364748,0.1639341155323646,0.0077659670067194205,0.34673714542311296,0.055171100041150875,0.23547589633972765,0.08236714331216312,0.13951812000202246,0.9862601586508314,0.511473875671509,1.0,0.031826654183245616,0.5358942915293127,0.0057066441149457876,0.005275987581585941,0.010312427493741469,0.9999338930386481,0.17313038441222367,0.29453395915325153,0.31702805775452636,0.4112378035840917,0.699759542882974,0.31181934304751724,0.026598268270507926,0.11003576897479994,0.43386984080001084,0.08927476561553542,0.6982653818923004,0.49598620353743716,0.034321620751519386,0.059614070800707034,0.0,0.13323601761116335,0.0,0.020840932035545847,0.3267127452353612,0.2703678414522865,0.06727863955096999,0.04112429844397873,6.610696135189607e-05,6.610696135189607e-05,0.003560149343448923,0.0643998366033977,0.3606764016817431,0.26660985516619723,0.11764418277593121,0.0,0.05867138446574046,0.0030691664228875504,0.0,0.20714452815532852,0.23235058840718345,0.8833112359363176,0.8008678091972705,0.013739740910458917,0.3552901067173277,0.0,0.07904990899426373,0.0007331374358574056,0.021744100051508678,0.00601965880794923,0.00045310385378482263,0.4721969508234457,0.12930441412973745,6.610696135189607e-05,6.610696135189607e-05,0.4686311104569576,0.033630601950828704,0.4219367791464432,0.9730608707889556,0.667358731027095,0.5552950257703823,0.5639880889613516,0.039418989911220274,0.03618731171565175,0.0,0.0,1.004387096631043e-07,0.0,0.0
0.0006516913822445438,0.021005239010022787,0.006412588907605104,0.0009648196593387593,6.610696135189607e-05,6.610696135189607e-05,0.12549862061049574,0.029793769110644068,6.610696135189607e-05,0.9999389849424288,0.0,0.1480705696551852,0.00032758044545554295,0.16852304535243567,0.0073534895173197855,0.3468819959157625,0.05375312620357519,0.2417658817355475,0.0813205527632203,0.13877301137076978,0.9867835677923542,0.5147984905987067,1.0,0.03156997919114832,0.535626085674271,0.005060177935357248,0.005543869890891202,0.009962223946227847,0.9999338930386481,0.17243118857736273,0.2946374996990042,0.31181999141059835,0.41379215480519865,0.6951466107761239,0.3102037652610988,0.026384249053942686,0.10817238889552652,0.43456309738788246,0.0884240217062457,0.6962202333872456,0.4987292949960061,0.037923163908895045,0.058059106056003035,0.0,0.13537816934607277,0.0,0.021107569935911594,0.32709439635334736,0.27175263961878465,0.06704126806885068,0.041623152234789275,6.610696135189607e-05,6.610696135189607e-05,0.0041361521478038505,0.06450733911770111,0.3594810580530926,0.2699196953516763,0.11890629135501667,0.0,0.059291358772251314,0.00201282564488142,0.0,0.21045602275525851,0.22749211025814717,0.8807562833278847,0.8031678825732272,0.013216344836350634,0.3498233400552206,0.0,0.07968993258081933,0.0007665009142175585,0.021785227809638597,0.005947079175413288,0.0006243848691375427,0.4760738968744588,0.1319998328045119,6.610696135189607e-05,6.610696135189607e-05,0.46363004992827556,0.0349336938721997,0.4228193737286994,0.9732881705006018,0.6640132069797865,0.5560705874499163,0.5646939823779917,0.03957061765392073,0.032012713010299204,0.0,0.0,8.737129522005112e-08,0.0,0.0
0.0006506338945994377,0.02113232038540091,0.006477504632984131,0.000990558464705615,6.610696135189607e-05,6.610696135189607e-05,0.12556897145277257,0.029878565158521508,6.610696135189607e-05,0.9999388758611949,0.0,0.14771774556050277,0.0003144779045317811,0.1731375604583281,0.006963761838402509,0.3467695968258632,0.052630537657767894,0.24721870393441778,0.08064594147945953,0.13858318021951485,0.9872315953567083,0.51732292822087,1.0,0.03131805366073934,0.5352539730311203,0.004454699570350909,0.005734157905745892,0.009650522088964813,0.9999338930386481,0.171728120110802,0.29439090739389595,0.3077664166873388,0.4161240195712283,0.6916222095243638,0.30864791350364656,0.026234048125602004,0.10677621711757325,0.4350191898555893,0.08785833493078192,0.6941071239339042,0.5007453501886122,0.041725911465851986,0.056692336588028365,0.0,0.13746802760154214,0.0,0.021340141438281914,0.32768565242756514,0.2732024604721731,0.06694845137154756,0.04205823208326742,6.610696135189607e-05,6.610696135189607e-05,0.00460331290881024,0.06471648588702847,0.35829492671243307,0.27231943905877914,0.11955460292115155,0.0,0.05935086464375104,0.001319840265444215,0.0,0.21343148610114204,0.22375256677395924,0.8776281470546885,0.8047244831924568,0.012768328551084174,0.34520904417758796,0.0,0.08024998588579714,0.0007933380927279223,0.021841779769181176,0.0059149002457820595,0.0008130293096362428,0.4793260846299581,0.1347174315537272,6.610696135189607e-05,6.610696135189607e-05,0.45972030382411644,0.036058351416857044,0.42407973801469917,0.9734514739698662,0.6607353577803476,0.5566972080405639,0.5653720682433548,0.03983085230718596,0.028283379103010667,0.0,0.0,7.609220742530694e-08,0.0,0.0
0.0006497885124214216,0.02122737595222241,0.006526036415653703,0.0010094168660746267,6.610696135189607e-05,6.610696135189607e-05,0.12573977252120794,0.029940967658398678,6.610696135189607e-05,0.9999388292531086,0.0,0.14746305181364866,0.000301753860401932,0.17773254451075501,0.006596998254111783,0.34657367830007385,0.051715561770016676,0.25191601545699593,0.08025664543359734,0.1387716906509741,0.9876215920411879,0.5192960062789876,1.0,0.031072142545751854,0.5348778216443792,0.0039154434730201085,0.0058668490944225205,0.009374827113256889,0.9999338930386481,0.1710001536916917,0.29395095909262664,0.30458788562356576,0.4182369431187028,0.6888491064555615,0.30730171204509205,0.026126604128653946,0.10573725781262974,0.43523399181581957,0.08743414361409155,0.69196222104969,0.5021958658408855,0.04571534548302616,0.05550266163810953,0.0,0.13950604757471838,0.0,0.02155322865403658,0.328413548299109,0.2747388869254324,0.06696234705298548,0.042427484680122675,6.610696135189607e-05,6.610696135189607e-05,0.004961425452328076,0.06506024598781036,0.3571227294381083,0.2741127129066721,0.1196669521762247,0.0,0.05897058199902176,0.0008658156471472335,0.0,0.21614229271077953,0.22092083257830522,0.8740280090833765,0.8057256477109164,0.01237834165774908,0.3411979461462939,0.0,0.0807503454444378,0.0008147789290186938,0.021918807981474785,0.005909113634700095,0.0010476395978826405,0.48215534978427077,0.13721756537397375,6.610696135189607e-05,6.610696135189607e-05,0.4564128784573555,0.037038180637766344,0.4255682839650346,0.9735716420109441,0.6575596156775936,0.5573031942829214,0.5659921780858346,0.04017992446951379,0.024967286123813406,0.0,0.0,6.630106302465347e-08,0.0,0.0
0.0006490912724359977,0.0212862362522082,0.006568239367341619,0.0010232858281136704,6.610696135189607e-05,6.610696135189607e-05,0.1259515357523522,0.029987659452886662,6.610696135189607e-05,0.9999388275916947,0.0,0.14725743074021444,0.00028957635125142844,0.18228733557060642,0.006253340994698362,0.34643363011358047,0.050951260181899986,0.25595888814153617,0.08008791487621188,0.139207395071041,0.9879507483021338,0.5208365242910202,1.0,0.03082550796688549,0.534550669687823,0.003435828269715614,0.005957845778857248,0.009161325676815834,0.9999338930386481,0.17025788674638134,0.29341832779415056,0.3018423444016833,0.4201355268051151,0.6865973692089344,0.3061757366305656,0.026049588846722056,0.10497538343400464,0.4352615783373137,0.0870891441321076,0.6898181406164989,0.5031916824883628,0.04987341498750834,0.05447945661474708,0.0,0.1414875447051709,0.0,0.02175305182745894,0.3292407555125799,0.2763442340826296,0.0670758803103667,0.04278094574901239,6.610696135189607e-05,6.610696135189607e-05,0.005178300524099105,0.06536682810419901,0.35595518087338,0.275503807190544,0.11925803396789571,0.0,0.05818252835227272,0.0005685369356702894,0.0,0.21862049185804397,0.21881949484295796,0.8700386701362798,0.806313148314212,0.012049193938857894,0.3376759310038088,0.0,0.08120186336151262,0.0008351762327851611,0.02206077942433214,0.005923938523852165,0.0012988026705319697,0.48480564160213074,0.13932228579924644,6.610696135189607e-05,6.610696135189607e-05,0.4534091217843322,0.03789882360052152,0.4273087986613244,0.9736608348020265,0.6545547526431161,0.5579165437323177,0.5664772257543119,0.04061010734355708,0.022029934527143174,0.0,0.0,5.7759008297002796e-08,0.0,0.0
0.0006485272771055516,0.021347313445188386,0.006605223059631218,0.0010346174692490843,6.610696135189607e-05,6.610696135189607e-05,0.12617638633196274,0.030018669522155157,6.610696135189607e-05,0.9999387489808326,0.0,0.14706317809802227,0.000278043996324744,0.18677326897091004,0.005932480142033864,0.34644086474382485,0.050300882819928734,0.2594399185865805,0.08009228081847575,0.139807382116181,0.9882215110478964,0.52203661197448,1.0,0.030600409504777666,0.5342984842632701,0.0030178719502072845,0.00601780135364752,0.008955636925708872,0.9999338930386481,0.16949193628363762,0.2928123502785219,0.29971876789666924,0.42186120172569236,0.6847323296868357,0.305334768054928,0.02598612552243913,0.10444144996327069,0.43512469681489263,0.08678986443639167,0.6877320849610212,0.5038376522355725,0.05418249572185344,0.05361757043722518,0.0,0.14342223123881837,0.0,0.021934290862375992,0.3301568931937665,0.2780122820759575,0.06726011955752212,0.04308600958394502,6.610696135189607e-05,6.610696135189607e-05,0.005292066383120582,0.06572790304083162,0.3548121414226962,0.27660019470027253,0.1183843612836354,0.0,0.057050692845068196,0.00037382684324242435,0.0,0.22085433877685845,0.21728549517931217,0.8657252234596708,0.8065750474465938,0.011778438672954715,0.3345411567867017,0.0,0.0816336497322015,0.0008868044653962203,0.022215926758777774,0.005955437782817242,0.0015450632186580868,0.48729990709225324,0.14127130876299315,6.610696135189607e-05,6.610696135189607e-05,0.4506387293744848,0.03866747561289186,0.4292176925634144,0.9737358304812361,0.651734588220751,0.558568996199831,0.5667692708197836,0.04111269344219166,0.019436933998534762,0.0,0.0,5.0279148947369245e-08,0.0,0.0
0.0006480431480641292,0.021387721847448388,0.006637599111689193,0.001044407269100936,6.610696135189607e-05,6.610696135189607e-05,0.12639769819534416,0.03003679279125219,6.610696135189607e-05,0.9999387158425478,0.0,0.14686727326277219,0.0002671152533388576,0.1911638355495272,0.005633386583168097,0.34661812626866917,0.04974002588511206,0.2624706210113976,0.08024036084975254,0.14053119246844556,0.9884472347960792,0.5230428516510539,1.0,0.030380203711383773,0.5340731391332487,0.0026298576226088987,0.006055866953662071,0.008737895938041784,0.9999338930386481,0.16875019274015052,0.29217896714171676,0.29820862745388843,0.42348265823459424,0.683124966712207,0.30475833770781807,0.02586240399390734,0.10403557927046814,0.43483439168880733,0.08646770555054953,0.6856994440982832,0.5041732943727844,0.05861479856155273,0.05290455899841254,0.0,0.14527393888659154,0.0,0.022092662648273854,0.3310926027035184,0.27971752040647097,0.06754318357208608,0.043391604065131935,6.610696135189607e-05,6.610696135189607e-05,0.005212751912274351,0.06597667364223064,0.35369440667190943,0.27751102494192353,0.11715514806557797,0.0,0.055676442180415016,0.0002461588369600886,0.0,0.22288418622976267,0.21620351712836366,0.8611448405886947,0.8065642485331419,0.01155272147529105,0.3316832094623545,0.0,0.08203595110062563,0.0009210924075576396,0.022391583752170922,0.006000325429079447,0.001798582563736105,0.48976762432020376,0.143024421046213,6.610696135189607e-05,6.610696135189607e-05,0.4481022347733568,0.03936400834586953,0.43121924096383185,0.9738704807527538,0.6491241429995896,0.5592860628910644,0.5669141681807814,0.041676343786842054,0.017152567487454248,0.0,0.0,4.37286297782164e-08,0.0,0.0
0.000647646518134719,0.021416008420881708,0.006666397332899114,0.001052744559567504,6.610696135189607e-05,6.610696135189607e-05,0.12660622255861648,0.03004413331999447,6.610696135189607e-05,0.9999386879648442,0.0,0.1466520935354717,0.000256869821943918,0.19543686269356333,0.005354289228176808,0.34698544300523426,0.049244868925847125,0.2650985106250645,0.08050234824400784,0.14133706758306935,0.9886332975613848,0.5238799518580319,1.0,0.030164275844258258,0.5338901729037246,0.0022863513387649365,0.006074836662490293,0.008557939333958204,0.9999338930386481,0.16799370952533438,0.2915680040373468,0.2968829851345431,0.4249832774897949,0.6816951906883524,0.30444110909340993,0.025760429973243022,0.10377942192806933,0.4344649896503948,0.08614969443186939,0.6837201612399768,0.5042957330438174,0.06315194770394647,0.052340824370435184,0.0,0.14707024271109378,0.0,0.022277414371713496,0.33206494037018996,0.2814642467756825,0.06791510323931138,0.0437031148511581,6.610696135189607e-05,6.610696135189607e-05,0.004950673090379811,0.06616754308643627,0.35256524315703003,0.2783005711380243,0.11563894832493136,0.0,0.054116714229462536,0.00016232898005556052,0.0,0.22474221596347657,0.2154640397847165,0.8563457040520457,0.8063221080464954,0.0113666644523575,0.32904980543087425,0.0,0.08242155592529715,0.0009431255262068078,0.022625114379579408,0.006055030506074726,0.002046274833394545,0.49220953284099933,0.14449187862697033,6.610696135189607e-05,6.610696135189607e-05,0.445674079511372,0.04000423817362337,0.4332678490461869,0.973982700204813,0.6466670011489049,0.5600183921413727,0.5668648625628965,0.042292753870699584,0.015141716546401663,0.0,0.0,3.798625774105218e-08,0.0,0.0
0.0006472505098487262,0.02143666913675078,0.006692092746163425,0.0010598150034756221,6.610696135189607e-05,6.610696135189607e-05,0.12680697331138444,0.03004494307356984,6.610696135189607e-05,0.9999386645622103,0.0,0.14641957156609867,0.0002473323259131836,0.1995777269127782,0.005094290343542491,0.34756974460017426,0.048802322028295576,0.2673911908467996,0.08086005297572657,0.14220720077577664,0.9887871331337839,0.5246007148238255,1.0,0.029944402677278742,0.5337381112080197,0.001995059657934904,0.006077301029722076,0.00840483741441525,0.9999338930386481,0.16720246297634211,0.2909454445886121,0.29576513792915105,0.42638340249764983,0.6803953048042082,0.3043761874024436,0.025691774890990015,0.1036562156361287,0.4340384826189258,0.08583742436148908,0.6818247404487117,0.5042609605886113,0.06776807529434148,0.051920716581489126,0.0,0.14881304767157927,0.0,0.022436745183110545,0.3330764855494368,0.2832704151940639,0.0683422737643087,0.04400508397302971,6.610696135189607e-05,6.610696135189607e-05,0.004585854077324561,0.06633999011344152,0.3514537066932295,0.2790063037152655,0.11389062733811628,0.0,0.05240874942538219,0.00010723768969861662,0.0,0.22642099465356647,0.21497456044144303,0.851371871729932,0.8058720826427342,0.011212833915012908,0.3265862375045952,0.0,0.08279594550290867,0.0009757804299063497,0.02287055223967927,0.006117062161996669,0.0022770158753497713,0.49460550211326504,0.14593136710450547,6.610696135189607e-05,6.610696135189607e-05,0.44336087761347676,0.040598391480526255,0.43531361369334143,0.9740608927830968,0.644357308025711,0.5607599893478331,0.5665928310383368,0.04295194286942636,0.013373288123146096,0.0,0.0,3.295120322626356e-08,0.0,0.0
0.0006469233374387961,0.021450665982097585,0.0067152132426172555,0.0010659283765384266,6.610696135189607e-05,6.610696135189607e-05,0.126996602441374,0.03003963992786493,6.610696135189607e-05,0.9999386450838179,0.0,0.14617127801965038,0.00023844265932640638,0.2035649829634168,0.004852061615364006,0.3483612337908945,0.048401447204527714,0.26939867595917294,0.0812966858067906,0.14312402478039685,0.9889142297040495,0.5252317688202272,1.0,0.029730849466403943,0.5335927160826716,0.0017317205078054348,0.006067808904659234,0.008242343475120772,0.9999338930386481,0.16641134156133286,0.2903231845505188,0.2950054363371781,0.4277297854082337,0.6791959542159607,0.304520553209805,0.025610982829619478,0.10361830293639156,0.433526298861859,0.08550296831458128,0.6800308006482895,0.5041052054442403,0.07243659048304303,0.05164144622381744,0.0,0.15050312186035417,0.0,0.022623100345859713,0.33410759306534515,0.2851281809372146,0.06884703900082335,0.044302766085605516,6.610696135189607e-05,6.610696135189607e-05,0.00406479964722905,0.06647471979499772,0.3503238171615185,0.27964122238378836,0.11197093045793845,0.0,0.05061389143317072,7.096274606375685e-05,0.0,0.227919382437735,0.2146770009866609,0.8462667237101663,0.8052345289957857,0.011085741754621514,0.3242651093194186,0.0,0.08316305585968044,0.0010110307584648857,0.023127149874599205,0.006185926734507546,0.002482979710546892,0.49697505787553947,0.14730644874818966,6.610696135189607e-05,6.610696135189607e-05,0.4412332607183638,0.04116282340025095,0.43733723831260624,0.9741505745110541,0.6422028226670209,0.5615506767767132,0.5661357978945242,0.0436483697094478,0.011819117609925728,0.0,0.0,2.854132891564312e-08,0.0,0.0
0.0006465724587723336,0.021460132915017423,0.0067362946704799505,0.0010711362286857256,6.610696135189607e-05,6.610696135189607e-05,0.12717873570235488,0.03003025488431498,6.610696135189607e-05,0.9999386284621918,0.0,0.14590835602499824,0.00023017900689306422,0.20738506356122402,0.004626057429865579,0.349351637444491,0.04803206217816684,0.2711596799451156,0.08179932762469501,0.14407840738969782,0.9890200119377921,0.5257959380242322,1.0,0.029510755247033057,0.5334360877380536,0.0015231889562599735,0.006047137404979391,0.008097285420792875,0.9999338930386481,0.16556578214798937,0.2896691624370133,0.2943687541063694,0.42902369126304957,0.678047355033513,0.3048403852653359,0.025522247575012782,0.10364885062191476,0.4329538480544756,0.08514344329913476,0.6783175270313906,0.5038719677533333,0.0771301459224061,0.051499116966777586,0.0,0.15215135396285367,0.0,0.022795361877582812,0.3351553416849228,0.28700649377722937,0.06940630341303006,0.044612381647053646,6.610696135189607e-05,6.610696135189607e-05,0.0034281398907686483,0.06653920624174336,0.34921822513788087,0.28025281784690825,0.10995126081716097,0.0,0.04878965693900051,4.7047753320117676e-05,0.0,0.22928008744552442,0.21451586499762906,0.8410705264528989,0.8044224756435245,0.010979963379083574,0.32205270801291414,0.0,0.08351008065969702,0.0010400872468311888,0.023386786696769527,0.006268503637431219,0.002693276523664796,0.4993104674086639,0.14860222683523477,6.610696135189607e-05,6.610696135189607e-05,0.43922326369459114,0.041699827119578786,0.4392999978925049,0.9742475734180942,0.6401764288778607,0.5623730467623387,0.5655049192563742,0.04437032334491821,0.010452487303922118,0.0,0.0,2.4683124311550838e-08,0.0,0.0
0.0006462669930120226,0.021465853351354782,0.00675875570607372,0.0010667220588406708,6.610696135189607e-05,6.610696135189607e-05,0.12734949199893408,0.030041457358475594,6.610696135189607e-05,0.9999386323494541,0.0,0.14563640321661647,0.00022252778121514355,0.2110357891913617,0.004414970475748603,0.3505322459069634,0.047686832300155246,0.2727098489225429,0.08235690347747307,0.14506107416101433,0.98910837849133,0.5263095085355027,1.0,0.02929190554136743,0.5332709094223417,0.0013176320359913106,0.00601724151569406,0.00797069046938176,0.9999338930386481,0.16475294864878445,0.28902592141908656,0.2938658532004526,0.43026361871597346,0.676941744664903,0.3052867137500181,0.025444310062735617,0.1037395491410155,0.432333130914217,0.08475838924994665,0.6766950736403633,0.5035916185144097,0.08182224275879026,0.05149195664696931,0.0,0.15376186893023283,0.0,0.022965154175098045,0.33621511305505425,0.28896098364664746,0.07001719981646626,0.044918353534515766,6.610696135189607e-05,6.610696135189607e-05,0.0026817315588584644,0.06657596050389925,0.3481065752716978,0.2808405024246965,0.10784243534006684,0.0,0.04693700735864455,3.1250245998716515e-05,0.0,0.2304995688304047,0.21444770252628403,0.8358208537637366,0.8034469691920163,0.010891600197266335,0.3199286225342644,0.0,0.08384992837297382,0.0010656024339044414,0.023653206739317856,0.006335057116965854,0.0028574356756867715,0.501641725690926,0.1498809014722553,6.610696135189607e-05,6.610696135189607e-05,0.43749168066454797,0.04221775291040053,0.4412344476932986,0.9743331621560493,0.6382876543089783,0.5632206483640357,0.56470936484309,0.04511852522907678,0.00925083003676336,0.0,0.0,2.1311403670388988e-08,0.0,0.0
0.000645975979600048,0.021468324292457982,0.006777509208179835,0.0010666287221409842,6.610696135189607e-05,6.610696135189607e-05,0.1275251108547065,0.03003721863378678,6.610696135189607e-05,0.9999386208620747,0.0,0.14534310716508825,0.00021544968210849113,0.21450649766401061,0.004217279720453482,0.3518848095705552,0.047357403839781036,0.274083806562905,0.08295949910178785,0.14605962465964215,0.9891758254844857,0.5267664881430841,1.0,0.029041214039272446,0.5330734794020354,0.0011528412860202174,0.0059817084122640715,0.0078516127047991,0.9999338930386481,0.16389940822964402,0.2883491805712498,0.29343598175038427,0.43150865974331976,0.6758746395416378,0.30586415936465144,0.025375677273915993,0.10387384607094602,0.4316777231227967,0.08435607146402457,0.6751737759557752,0.5032806748877713,0.08649003953245556,0.051620492739245884,0.0,0.15533731086963912,0.0,0.023134107772068733,0.337274792986982,0.2909170536680472,0.07068635764413601,0.045229210876901155,6.610696135189607e-05,6.610696135189607e-05,0.0018022786541491559,0.06654898261448398,0.3470150914479955,0.28140186667542055,0.10571852930946894,0.0,0.045126975408725546,2.0799723866904093e-05,0.0,0.2315892476721486,0.21444145945150014,0.8305504613657566,0.802319882601112,0.010824156145290255,0.3178962009872767,0.0,0.08416770996669351,0.001081030257099457,0.02391030972576863,0.00641720953353354,0.0030261365295868167,0.5038525555549345,0.1512249515486491,6.610696135189607e-05,6.610696135189607e-05,0.43590391162663267,0.042723493782941636,0.44307420416079135,0.9744088730439755,0.6364926808563179,0.5640841974328829,0.5637591189654203,0.04587957253229508,0.008194059097823597,0.0,0.0,1.8370224008256603e-08,0.0,0.0
0.0006457222047097622,0.02146782870909711,0.006794286717014479,0.001068206072925924,6.610696135189607e-05,6.610696135189607e-05,0.12769870810001038,0.03002306512984343,6.610696135189607e-05,0.9999386097442892,0.0,0.14503760985315323,0.00020891919725931396,0.21779617753149336,0.004031734763548055,0.3533923975702355,0.047038771445870195,0.2752946778795858,0.08359787591758894,0.14707116953991586,0.9892309770184925,0.5271846338895472,1.0,0.02881310428863749,0.5328512879515137,0.0009865677039709224,0.005939760734009798,0.007736765311111244,0.9999338930386481,0.1630712183804005,0.28767725267694966,0.29315608842879387,0.4327108046456266,0.6748310617056859,0.3065137416954666,0.02532924789251531,0.10404932597587017,0.43096482657739427,0.0839265368429447,0.6737449991367489,0.5029735073651787,0.09111072105226956,0.05188315082623152,0.0,0.1568890598628389,0.0,0.02331018655000242,0.33833412445925837,0.292903462043196,0.07140195275516936,0.0455363189318423,6.610696135189607e-05,6.610696135189607e-05,0.000837343392943948,0.06650960326834804,0.34593080354410444,0.2819440968334552,0.10357612686500185,0.0,0.043347005141595896,1.3872081488739532e-05,0.0,0.23255635501600605,0.2144668061399387,0.8252914030301415,0.8010456796338526,0.010769007172760631,0.3159263062476139,0.0,0.0844853920081205,0.0010959329874468248,0.02416272354217996,0.006492660605015528,0.003193578900441036,0.5060971958077027,0.1525423080279091,6.610696135189607e-05,6.610696135189607e-05,0.43446811867684837,0.043224841460858865,0.44487252158637847,0.9744618329102254,0.6348074913510406,0.564989566577569,0.5626810655868199,0.046659874401374875,0.007265008615296932,0.0,0.0,1.5808746902162194e-08,0.0,0.0
0.0006454551061858771,0.02146561662725368,0.006809891687484244,0.001070449355371875,6.610696135189607e-05,6.610696135189607e-05,0.12787017122265237,0.030002472292431862,6.610696135189607e-05,0.9999385988475025,0.0,0.144727326862078,0.00020290335693305046,0.22090966097644069,0.0038573001827462,0.35504676640066435,0.04672652130069134,0.27636398116947786,0.08426467349293736,0.14809260394762278,0.9892778875698854,0.5275761715659302,1.0,0.028587244749264273,0.5326145575470854,0.0008715249572217231,0.005892751914016626,0.007659477796910245,0.9999338930386481,0.16219240252111408,0.28694714230565505,0.29272788245368203,0.4338564491290399,0.6738070973701326,0.307217606933158,0.025292366647818698,0.10425388389220536,0.43025997367121926,0.0834875565759163,0.6723988647057371,0.5026718163792031,0.09565915682331914,0.052277760156904406,0.0,0.15841478028128253,0.0,0.023484863355094296,0.3393975401262162,0.29492283742983055,0.07216251595289538,0.04583785371484568,6.610696135189607e-05,6.610696135189607e-05,6.6106961351896e-05,0.06647691436808767,0.34480794184511443,0.2824764290221073,0.10143639330185956,0.0,0.04159450576522582,9.273170766524223e-06,0.0,0.23342279560578766,0.21451690808090682,0.8200761696837435,0.7996296358954729,0.010722098848944268,0.31400904815278724,0.0,0.08478306094310148,0.0011066245045316433,0.024412826972115168,0.006563296488048788,0.003337047468038906,0.5082641103527619,0.1538367403554912,6.610696135189607e-05,6.610696135189607e-05,0.4332243686292116,0.04371647360776021,0.44661867290290436,0.9745047299952483,0.6332419493661282,0.5658734529752679,0.5614656770234194,0.047451818387783916,0.006447294370412155,0.0,0.0,1.358117025130736e-08,0.0,0.0
0.0006452079043741262,0.02146358619131099,0.0068245111866205455,0.0010727303389439732,6.610696135189607e-05,6.610696135189607e-05,0.1280511254416996,0.029958889973162067,6.610696135189607e-05,0.9999385892716564,0.0,0.14441195328470147,0.00019736057060673688,0.22384016758000666,0.0036929867425946465,0.35682174698105346,0.04641905639384159,0.2773186054813598,0.08494913850696542,0.1491160459550045,0.9893179051520279,0.5279516739036694,1.0,0.028361757460446405,0.5323604393998549,0.0007331374358574055,0.005842083250912308,0.007574315622118769,0.9999338930386481,0.1613790127419004,0.28605163857280586,0.29241494921921507,0.4350000104249518,0.6728343082245818,0.30798356383416675,0.025265621107115003,0.10447975050936625,0.42955279233616006,0.08303781378187258,0.6711530667965182,0.5023775004005385,0.10010676653550626,0.05280012846429886,0.0,0.15991250398030796,0.0,0.023627631043467927,0.34048234644044545,0.2969888762206132,0.07289830109828173,0.0461296067896741,6.610696135189607e-05,6.610696135189607e-05,6.610696135189607e-05,0.06649374509102046,0.3435814960907302,0.28296352510420913,0.09931415722210706,0.0,0.03989232089220169,6.216327441424864e-06,0.0,0.23417732090385593,0.21457651559504512,0.8149440949575283,0.7980838255806967,0.010682083199590832,0.3121358221160226,0.0,0.0850615942832932,0.0011118942936838398,0.024656939083979857,0.006633267837761916,0.00347054943539716,0.5103259051558031,0.15513753356698104,6.610696135189607e-05,6.610696135189607e-05,0.43214888156745157,0.044202166671209166,0.4482903256590248,0.9745370183222782,0.6317877610184254,0.5667480045938039,0.560140439237074,0.048250555905784316,0.005727378523056427,0.0,0.0,1.16483813046128e-08,0.0,0.0
0.0006450552053377031,0.0214624153905551,0.006838445838758187,0.0010750666072810626,6.610696135189607e-05,6.610696135189607e-05,0.12826153547176175,0.02985862379320965,6.610696135189607e-05,0.9999385822679169,0.0,0.14409291061102253,0.0001922583011037038,0.22658825508813082,0.0035378483751704617,0.35869663932887347,0.04611166632463713,0.278170126778191,0.08562921039193097,0.150119555267071,0.9893500401488211,0.5283052202710112,1.0,0.028144030712577702,0.5320757445898618,0.0006271460136419672,0.005788776547483,0.007490072033403633,0.9999338930386481,0.16053607338601125,0.2845192887319053,0.2920409078187069,0.436194254800262,0.6719369715402594,0.3087948119577885,0.02525300654740734,0.10472445158137508,0.42885978682894654,0.08258088882898612,0.6699479050211475,0.5020819023905534,0.10440453133206962,0.053439706446528665,0.0,0.16139051225263296,0.0,0.02379877172447549,0.3416323103495606,0.2991456438332293,0.07348020839252811,0.04644833784384729,6.610696135189607e-05,6.610696135189607e-05,6.610696135189607e-05,0.06647839609864889,0.34233875843349154,0.28337443533462064,0.09719335626124932,0.0,0.03823315114324819,4.182948934537782e-06,0.0,0.2348823899601561,0.21465462126088186,0.8099662582759994,0.7964407382864003,0.010649959851178899,0.3103042674763559,0.0,0.08532730148832304,0.001113778748202565,0.02490098952352448,0.00670367683575273,0.0036041216646789317,0.5122868400374804,0.15643047987270153,6.610696135189607e-05,6.610696135189607e-05,0.4312071062280547,0.044688593125119934,0.4499189211699396,0.9745547351514889,0.6304541421872459,0.5675981818469485,0.5587224718421405,0.04905803869405919,0.0050933495703738094,0.0,0.0,0.0,0.0,0.0
0.0006448724954373604,0.021459019815616393,0.006851545796451544,0.001078971868980618,6.610696135189607e-05,6.610696135189607e-05,0.12846402090797046,0.029763140320778415,6.610696135189607e-05,0.9999385744064908,0.0,0.14377175637885745,0.00018757462312737845,0.2291617070816478,0.003391319891989546,0.36066383945650676,0.04580438929128701,0.2789301203498837,0.08630486206940624,0.15110739695324588,0.9893783774092798,0.5286428698886686,1.0,0.027921977707039282,0.5317584043603885,0.0005557520825995746,0.005746645440541045,0.007410062799547456,0.9999338930386481,0.15965198312704107,0.2828492979682956,0.29143657583133276,0.4374270736445481,0.6711029835776354,0.30964288749676394,0.02525180825839003,0.10498733770857528,0.42819795980783226,0.08211561591126615,0.6687731349614984,0.501785661172901,0.10852489749167771,0.05418908587594707,0.0,0.16284944973245688,0.0,0.02400836080778976,0.34280429877555124,0.30127411328515974,0.07405085147689305,0.04680770909245081,6.610696135189607e-05,6.610696135189607e-05,6.610696135189607e-05,0.06639304735002349,0.34107335594609195,0.2837258935868402,0.095082074592975,0.0,0.03661837140713826,2.8257860357264603e-06,0.0,0.23555076078014406,0.21475026305639514,0.805170240438916,0.7947035171708071,0.010621622590720152,0.3085076803788746,0.0,0.08556776434869934,0.001113332048628765,0.025138429330219647,0.006777449631879262,0.0037377794040424133,0.5141517957922929,0.15762738218664774,6.610696135189607e-05,6.610696135189607e-05,0.4303535657134134,0.045171122835524366,0.4515032815314036,0.9745606171184826,0.6292325838026387,0.5684078945141424,0.5572205446322271,0.04987171496707049,0.004533955420820131,0.0,0.0,0.0,0.0,0.0
0.0006446474671169506,0.021455101785850035,0.006864856947501339,0.0010836787587774725,6.610696135189607e-05,6.610696135189607e-05,0.12867142864692221,0.029672596697323247,6.610696135189607e-05,0.9999385655588212,0.0,0.1434476799641365,0.00018327551100463511,0.23156201005983218,0.003252780186096802,0.3627028828658461,0.045496782176443124,0.27961385167082714,0.08697556962607507,0.15208304357766106,0.9894062274163204,0.5289783459115289,1.0,0.02769095678743304,0.5314147481849338,0.00049475335432119,0.005713310681286839,0.007330146828669338,0.9999338930386481,0.15876291555696556,0.2810591828130771,0.2905995043679927,0.43869611947877113,0.6703317580799288,0.3105211394198676,0.0252575006267683,0.10526475104728793,0.4275642103023523,0.08164338171304969,0.6676269078857772,0.5014993786919517,0.11244979810932351,0.05504269328480175,0.0,0.1642961395506818,0.0,0.024200200292249275,0.3439929348282207,0.30341166104794487,0.0746197135315573,0.04714529279774428,6.610696135189607e-05,6.610696135189607e-05,6.610696135189607e-05,0.06640828987918294,0.3398246262618486,0.2840219475341499,0.09298718620221706,0.0,0.0350450282473286,1.917038281273322e-06,0.0,0.23618758941882312,0.2148467414952544,0.8005746322646015,0.7928742631375372,0.010593772583679597,0.30672551453778935,0.0,0.0857882794149747,0.00111145108096518,0.025377936830597667,0.006854843215584837,0.0038568424556524403,0.5159647780084059,0.15871932905823596,6.610696135189607e-05,6.610696135189607e-05,0.42957219019774184,0.045646294385921285,0.45304399441377896,0.974559223862227,0.6281282106455512,0.5691810924732696,0.5556537354211042,0.05068872051895654,0.004040028141966753,0.0,0.0,0.0,0.0,0.0
0.0006444618861836975,0.02144987914716726,0.006876493504703511,0.0010887895980434734,6.610696135189607e-05,6.610696135189607e-05,0.12888235719099977,0.02958738423872021,6.610696135189607e-05,0.9999385606868336,0.0,0.1431167644143109,0.00017932736347153107,0.23378646881566487,0.003121604057045908,0.3647916796554358,0.04518727135288693,0.2802277195656532,0.08763891357356217,0.15304155524770238,0.9894340175288519,0.529304419757817,1.0,0.027462263530940677,0.5310322397516548,0.00041977051983372725,0.005687757957437684,0.007270008267937764,0.9999338930386481,0.15790296031312429,0.2791936600941063,0.2894098648491871,0.439985221456566,0.6696269520602676,0.3114228340549911,0.02526643099728562,0.10555243489064886,0.42694213283168836,0.08116085160208804,0.6665077012548121,0.5012142582342296,0.11616602332515524,0.05599755222939389,0.0,0.1657317360818318,0.0,0.02438907381761116,0.3451823049969434,0.3055676778598745,0.07518386723891178,0.04747873667378688,6.610696135189607e-05,6.610696135189607e-05,6.610696135189607e-05,0.06647896905319454,0.33858017217161407,0.28425158502097114,0.0909145858097659,0.0,0.033521285938770795,1.3061712994153312e-06,0.0,0.23679625977664756,0.214954265154923,0.7961950631012826,0.7909608925229037,0.010565982471148152,0.30496384416035116,0.0,0.08599984900263442,0.0011087655627480643,0.02558295845226675,0.006925311724567556,0.003997890678287477,0.517737799540575,0.15990771475287738,6.610696135189607e-05,6.610696135189607e-05,0.4288621329091941,0.04612146291876127,0.4545458157209321,0.9745542416392429,0.6271398103549155,0.5699349569399663,0.5540474687424762,0.051508767615653456,0.0036037570451941787,0.0,0.0,0.0,0.0,0.0
0.0006442938516511417,0.02144420153345698,0.006887633319226415,0.0010941516185277984,6.610696135189607e-05,6.610696135189607e-05,0.12909209275285663,0.029506329466941702,6.610696135189607e-05,0.9999385552517407,0.0,0.14278088373083678,0.00017570501406847535,0.23584864758532317,0.0029972249243604802,0.3669165273466918,0.044874084722019536,0.28077767722588004,0.08829348639968619,0.15398005201542228,0.9894618855264242,0.5296171119109325,1.0,0.02723490757130032,0.5306269048192878,0.00036911336863447387,0.005669782824490585,0.007208884850435377,0.9999338930386481,0.15700685450795823,0.2772046032884398,0.28791214919515207,0.44131515070913147,0.6690068764877787,0.312334540094314,0.025277693773650155,0.1058462249451054,0.42635134307375966,0.0806769269687495,0.6654315396465469,0.5009231505531351,0.1196702106585872,0.05705263027127323,0.0,0.1671542027206301,0.0,0.024576690962648855,0.3463738258473877,0.3077328447269093,0.07574905288550644,0.04779457675730193,6.610696135189607e-05,6.610696135189607e-05,6.610696135189607e-05,0.06664613155396208,0.33734087707163585,0.28439852675877164,0.08886348725237717,0.0,0.03202609087977221,8.940943034224843e-07,0.0,0.23736161001535558,0.21508104653506918,0.7920363029417267,0.7889673177133044,0.01053811447357574,0.30322868536843733,0.0,0.08616318138509299,0.001105669427796609,0.025810984572178418,0.006986385537847385,0.004128463593977879,0.5194902074746098,0.16096365332403315,6.610696135189607e-05,6.610696135189607e-05,0.4282794240103527,0.046594596753449735,0.45602108892247206,0.9745466012122814,0.6262790365897992,0.5706505379075765,0.5524065456845587,0.052332765616078,0.0032181256859157748,0.0,0.0,0.0,0.0,0.0
0.0006441555923389874,0.021437859597786553,0.006898120702465405,0.001098779235631853,6.610696135189607e-05,6.610696135189607e-05,0.12929438250663106,0.029432419642593678,6.610696135189607e-05,0.9999385539739987,0.0,0.1424318695320789,0.0001723792742516516,0.23773572043994784,0.002879090234343203,0.369058971540409,0.0445568349273669,0.2812726374661277,0.08893791416153092,0.1548956674251582,0.9894898326621853,0.5299154742073146,1.0,0.027012790234938983,0.5301588655479191,0.0003133669167271832,0.005659905856392462,0.0071510060282736895,0.9999338930386481,0.1561230110745751,0.2751304224252853,0.2861038887752442,0.4426929859772628,0.6684668985273668,0.31325997011325013,0.025289780758348136,0.10614740009072085,0.4258030400669765,0.08019897814491254,0.6643914738930884,0.5006184225270148,0.12295935887394893,0.058204822807587105,0.0,0.1685637489774622,0.0,0.024764230396632843,0.34757185753309644,0.30990277390969206,0.07630986628447992,0.048106991715184094,6.610696135189607e-05,6.610696135189607e-05,6.610696135189607e-05,0.06687641546143966,0.33610503010400733,0.28446179184199877,0.08683677320405316,0.0,0.03055591609062887,6.150926747908176e-07,0.0,0.23789226208655523,0.2152317082416045,0.7881027269645202,0.7868995097672546,0.010510167337814725,0.30152077681522316,0.0,0.08633423998388659,0.001102173900591312,0.02604326426056819,0.007040117356685218,0.004236560483752609,0.5210879059366786,0.16193133013158625,6.610696135189607e-05,6.610696135189607e-05,0.4277572689914757,0.047071309630634335,0.4574713871506179,0.9745378399674002,0.6255609633787024,0.5713172546060056,0.5507420503146785,0.053159429092989575,0.0028772317652528802,0.0,0.0,0.0,0.0,0.0
0.0006440052147078752,0.021431082640492014,0.006908328085705522,0.0011016678678148087,6.610696135189607e-05,6.610696135189607e-05,0.12950138125610905,0.029368500600185646,6.610696135189607e-05,0.9999385548994313,0.0,0.14206901124877563,0.00016933528389408796,0.23945392675306157,0.0027668596346780714,0.37121553335430085,0.044232970462496864,0.2817151021728341,0.08957115442217911,0.15578628113268855,0.9895172132297372,0.5301981080884882,1.0,0.026793379349823974,0.5296675943843894,0.000280033582072583,0.00565767764316165,0.007064824589888638,0.9999338930386481,0.15519822057445784,0.2729305059050251,0.2841153618938931,0.44414249484288104,0.6680114332643798,0.3142112195640225,0.02530236866701485,0.1064573994767225,0.42529961641286357,0.07972945628620348,0.6633900682530514,0.5002976311061393,0.1260352902972192,0.05945125318555046,0.0,0.16995951553569558,0.0,0.024950153593043103,0.34876932453351567,0.31208027517910314,0.07686654072685606,0.04842291295666931,6.610696135189607e-05,6.610696135189607e-05,6.610696135189607e-05,0.06715387499054137,0.33486886377746833,0.2844386238910559,0.08485123772666299,0.0,0.02913281788225644,4.2541165175059195e-07,0.0,0.238399022583505,0.2154118824159944,0.7843935552806017,0.784762465681761,0.010482786770262844,0.2998423763758163,0.0,0.0864934085772737,0.0010961161098286866,0.026273665385355405,0.0070907142618496415,0.004329198676706809,0.5225936429629546,0.1628561450205171,6.610696135189607e-05,6.610696135189607e-05,0.4273023804421849,0.04754994284456435,0.4588685314605389,0.9745282960490911,0.6249558558879595,0.5719330985408067,0.5490550103594957,0.05397793870094681,0.0025753843050322195,0.0,0.0,0.0,0.0,0.0
0.0006438545892093481,0.02142308393139348,0.0069182130921352355,0.0011041616186917669,6.610696135189607e-05,6.610696135189607e-05,0.12971539371027185,0.02931072467788179,6.610696135189607e-05,0.9999385545914903,0.0,0.14168962518071748,0.000166552598445326,0.24100499566002834,0.002660126262675388,0.37337281755947566,0.04390341880415879,0.2821118631301856,0.09019258039965639,0.15664964131011014,0.9895431571687023,0.5304594927809214,1.0,0.02656957141991154,0.5291343577517721,0.0002403461845662596,0.005663226705000878,0.007000519713018896,0.9999338930386481,0.15427936909230014,0.2706546302680101,0.2816749433945254,0.44563407999396093,0.6676202261626721,0.3151711330899563,0.025319677614270095,0.10678044958379086,0.4248384244118912,0.07927105468837924,0.6623922153191575,0.49995906661468564,0.12890322089866785,0.06079023422083379,0.0,0.17135086359507248,0.0,0.025136321765575606,0.34996805378081586,0.31424924528743564,0.07742018689963318,0.048754632686653525,6.610696135189607e-05,6.610696135189607e-05,6.610696135189607e-05,0.06744758587072183,0.3336343873775475,0.2843469167002858,0.08291694606989397,0.0,0.02776613130014444,2.9586788518348414e-07,0.0,0.23891744144918764,0.21562128837207573,0.7809041987016757,0.7825601244690561,0.010456842831297646,0.29818964362400613,0.0,0.08663766920036786,0.0010871813836313595,0.026463583171382237,0.007172327715896455,0.004457187621755009,0.5240403163780725,0.16389667057415902,6.610696135189607e-05,6.610696135189607e-05,0.4267773934684178,0.048032857137042195,0.4602222956594322,0.9745137697872845,0.6244484234560365,0.5725011534575483,0.547356127752145,0.05478692442749608,0.002307781883053079,0.0,0.0,0.0,0.0,0.0
0.0006437229808678718,0.021414383162856144,0.006928412071543385,0.0011064724076853057,6.610696135189607e-05,6.610696135189607e-05,0.12993545591597871,0.029256496542019107,6.610696135189607e-05,0.9999385533024086,0.0,0.1412995221401199,0.0001640198612945754,0.2424184816272646,0.0025586748707263833,0.37552821995466507,0.04356869830357432,0.2824693867291866,0.09080237244657734,0.15748624688225218,0.9895680756863043,0.530705416347899,1.0,0.026345793502944994,0.5285752320001831,0.000206403606043436,0.005673926248901774,0.00694567954946223,0.9999338930386481,0.1533469483799999,0.2682646522270843,0.2788943627992127,0.44717174459799297,0.6673147011809006,0.3161226752024488,0.025344610849811395,0.10711634530087585,0.4243971628378161,0.07880512020888651,0.6614172477420077,0.4996033778323563,0.13157532394137778,0.06222008592637786,0.0,0.17273757015984667,0.0,0.025329999175048565,0.35117591792466263,0.31644353325861135,0.0780083838741179,0.049072306105413584,6.610696135189607e-05,6.610696135189607e-05,6.610696135189607e-05,0.06784956794312798,0.3323705024043977,0.28417023952799964,0.0810090856546998,0.0,0.02642459505698438,2.069446863361895e-07,0.0,0.23941831772763167,0.2158571134853364,0.7776223036120449,0.7802936671913699,0.010431924313695634,0.2965570134922543,0.0,0.08678378257160843,0.0010832131847626628,0.02666465279106583,0.007230341432595993,0.004569154029503704,0.525550407762127,0.1648880885356343,6.610696135189607e-05,6.610696135189607e-05,0.4262993394309911,0.04851505929109975,0.4615687170027315,0.974491369288894,0.6240405780148752,0.5730439553467712,0.5456666598364485,0.055595736226786305,0.00207012195312077,0.0,0.0,0.0,0.0,0.0
0.0006435937480364159,0.021405315830742497,0.006938372852824695,0.0011087402648378268,6.610696135189607e-05,6.610696135189607e-05,0.13016225471076542,0.0292020468735304,6.610696135189607e-05,0.9999385515684038,0.0,0.14089795881246875,0.00016171333773995454,0.24369231255576185,0.002462152366945828,0.37767187620780424,0.04322939162642605,0.28279491107786187,0.09140076159710032,0.15829767291545474,0.9895920324972061,0.5309387189820945,1.0,0.026149030768441755,0.5279914087252223,0.00017307027171223945,0.00569023611553525,0.006899457717617804,0.9999338930386481,0.15241573393179983,0.26574191572827577,0.27575366375441857,0.4487226154492319,0.6670925124387425,0.3170759102478096,0.0253606753817146,0.10745430996000525,0.4239724015964396,0.07834150840147203,0.6604683541738381,0.4992284225648402,0.13406584728072107,0.0637396844838197,0.0,0.17412161932598302,0.0,0.02549636154497996,0.3523973740029916,0.3186656756799436,0.07857883684243688,0.04938356186162626,6.610696135189607e-05,6.610696135189607e-05,6.610696135189607e-05,0.06833305475815855,0.3311172301092333,0.28390787682121343,0.07913991598687825,0.0,0.02511506443090023,1.4567611018744822e-07,0.0,0.23990459486966,0.2161176205558659,0.7745333911221787,0.7779626426007256,0.010407967502793923,0.29493966169192254,0.0,0.08691767235231276,0.0010774862099451282,0.026880687307991882,0.007278681619520364,0.004686862353694309,0.5270140874836782,0.1657959457127425,6.610696135189607e-05,6.610696135189607e-05,0.42581299682187085,0.04899961074004412,0.46288621495284327,0.9744776112805454,0.6237383130533326,0.5735653003605043,0.5439866153907238,0.056397659330075935,0.0018590458014319977,0.0,0.0,0.0,0.0,0.0
0.0006434939695426572,0.02139561876725921,0.006947804861287213,0.0011111648924387889,6.610696135189607e-05,6.610696135189607e-05,0.13038541006700263,0.029152310020991067,6.610696135189607e-05,0.9999385498233542,0.0,0.14048864282694953,0.00015962771795838794,0.24483365628602638,0.0023703282074332447,0.37980383536424406,0.04288688240150051,0.28309272470079194,0.09198804463770228,0.15908242237824147,0.9896150528224664,0.5311598090061076,1.0,0.025938713375424357,0.5273805860525431,0.00013973693837890621,0.0057147367828095956,0.006855221852896578,0.9999338930386481,0.15148538473929368,0.26314711995167456,0.2722819735231967,0.45034569863256496,0.6669728803033195,0.3180391213731027,0.025379277015761086,0.10779992645256058,0.4236235738677715,0.07789929499134027,0.6595600254657304,0.49881946120628384,0.13638366582615352,0.06534621536245866,0.0,0.17549450803555117,0.0,0.025679133141306782,0.35362791985084396,0.32090149837535586,0.07915483998931341,0.04968519109401133,6.610696135189607e-05,6.610696135189607e-05,6.610696135189607e-05,0.0689085095779396,0.32984391160578147,0.28354083288638565,0.07729974745148835,0.0,0.02382308337837726,1.0324626655601161e-07,0.0,0.24036414783639362,0.2164165653583661,0.7716282895361442,0.7755713622592999,0.010384947177533613,0.29334568295834124,0.0,0.08703659812174494,0.0010703528177709964,0.02709053426891086,0.007321743306800188,0.004773705233224894,0.5283599566611846,0.16668369179842168,6.610696135189607e-05,6.610696135189607e-05,0.4254154064385628,0.049486286810294836,0.4641724883484593,0.9744610952662806,0.6235433338830358,0.5740059946785288,0.5422968696444157,0.057188944296375506,0.0016712487345581332,0.0,0.0,0.0,0.0,0.0
0.000643387016565404,0.021385485189934033,0.006956997724277507,0.0011136821982364736,6.610696135189607e-05,6.610696135189607e-05,0.13060785021534052,0.029072897951644656,6.610696135189607e-05,0.9999385549173795,0.0,0.14006290833884752,0.0001577355306908176,0.2458327792521863,0.0022828077294974125,0.38190061929607627,0.042541123511470005,0.2833633696789307,0.09256356189776747,0.15984073842161206,0.9896377806554513,0.5313686457107185,1.0,0.025722025988658203,0.5267263593602797,0.00010696331036034353,0.005746523955894057,0.006813295943098347,0.9999338930386481,0.1505452097960233,0.2604578734746842,0.2684739207393955,0.45204034550042677,0.6669381356002541,0.3190133045661797,0.025398757905144745,0.10815154190899826,0.4232939262483382,0.0774664903092497,0.6586800509966558,0.4983834736187469,0.13854328452312942,0.06703619817762814,0.0,0.1768627358290957,0.0,0.02587249230913713,0.35486063876565666,0.32316389388207983,0.07972543843138179,0.04998950338586579,6.610696135189607e-05,6.610696135189607e-05,6.610696135189607e-05,0.06955100447902346,0.32855767506964506,0.2830837341940332,0.07550799033582364,0.0,0.022579324795930538,7.370820899870546e-08,0.0,0.24081303440794496,0.21674908730895706,0.7688931535791032,0.7731230634007599,0.010362219344548698,0.2917686184601858,0.0,0.0871425327950918,0.001062058504173869,0.02729080020065735,0.00736097016827155,0.004874209399208044,0.529634332656311,0.1675661438840392,6.610696135189607e-05,6.610696135189607e-05,0.4250226342587023,0.04997813020571269,0.4654157967591492,0.9744435065641645,0.6234363540428849,0.5744231923139553,0.540632890394674,0.05796579108392918,0.0015040693933653917,0.0,0.0,0.0,0.0,0.0
0.000643279951832311,0.021374976750468292,0.006965997263314947,0.001116404116050934,6.610696135189607e-05,6.610696135189607e-05,0.1308387286874826,0.029028313658286765,6.610696135189607e-05,0.9999385484758773,0.0,0.13962423981259212,0.00015602480583208625,0.24670166099773402,0.00219927994063063,0.3839581516511926,0.04219245984970598,0.2836082618413084,0.09312783031666744,0.16057407424844497,0.9896598408365058,0.5315661965977484,1.0,0.02550257113525048,0.5260294947370238,0.00010696331036034353,0.0057854319506564405,0.006772369263334703,0.9999338930386481,0.14953974086125485,0.25764134003052924,0.26429978686007455,0.45381032967745527,0.6669841207071715,0.3199836163238211,0.02542017124306887,0.10850934736069136,0.42298936914186447,0.07704410892800345,0.65782238649972,0.497924395948391,0.1405618801972881,0.06880861275426506,0.0,0.17823236664503783,0.0,0.026072759204025388,0.35610302814449757,0.32546029782225677,0.08029996449810324,0.05029132813505718,6.610696135189607e-05,6.610696135189607e-05,6.610696135189607e-05,0.07027216062330795,0.32725804926213936,0.2825424494294338,0.07375734680265617,0.0,0.021366447187558466,5.30348447366194e-08,0.0,0.241254073919283,0.21711219656685338,0.7663102894860445,0.77061731299729,0.010340159163494156,0.2902014367572138,0.0,0.08724088580825586,0.0010528496129874239,0.027488738505087637,0.00739673077707837,0.004991665405071593,0.5309050788358712,0.1684191295083344,6.610696135189607e-05,6.610696135189607e-05,0.4245905767038376,0.050473429863394634,0.46663479706093064,0.9744238039510991,0.6234225444540161,0.5748112978826603,0.5389977394208039,0.058731079731291005,0.0013551456434472769,0.0,0.0,0.0,0.0,0.0
0.0006431752557344994,0.0213639402163168,0.006974725494295088,0.0011191960666123517,6.610696135189607e-05,6.610696135189607e-05,0.13106672368006347,0.02898838768306004,6.610696135189607e-05,0.9999385458253234,0.0,0.13917582163614448,0.0001544877060220631,0.24745044332563304,0.002119586823831109,0.385977657187717,0.04184228133270422,0.2838300322394695,0.09368280563080258,0.16128586027744357,0.9896829241801556,0.5317551381494332,1.0,0.025315467377737457,0.5253008168147179,0.00010696331036034353,0.005832086376355955,0.00672743706721287,0.9999338930386481,0.14852093329136437,0.25472597873065994,0.259834691456679,0.4556167832383417,0.6671078669138532,0.32094653236210385,0.025443501558595365,0.10887761317424562,0.42271374103976705,0.07663409885291327,0.6569844489193576,0.49744305583375725,0.14245560732651644,0.07066253734793179,0.0,0.17960911340342015,0.0,0.026244911827737354,0.3573601456140542,0.3277888426676123,0.08087555251338736,0.05058920611263794,6.610696135189607e-05,6.610696135189607e-05,6.610696135189607e-05,0.07108184925021868,0.32596426531631295,0.281920218803787,0.07203840608829874,0.0,0.02016645230564222,3.848326718058419e-08,0.0,0.24168523986494905,0.2175045083723741,0.7638615870426809,0.7680516023746247,0.010317075819844475,0.28863574844714657,0.0,0.0873348501190669,0.0010430323770308047,0.02768535147707721,0.007418726276335937,0.005073671259006426,0.532176265855895,0.16924832769947032,6.610696135189607e-05,6.610696135189607e-05,0.42424820237316974,0.0509719142823599,0.46783923991345305,0.9744020107353826,0.6235054911944792,0.5751666336531346,0.5373882439593697,0.05948802988298915,0.001222403554399192,0.0,0.0,0.0,0.0,0.0
0.0006430820976478244,0.021352496996022843,0.0069831999957819585,0.001152907955314453,6.610696135189607e-05,6.610696135189607e-05,0.13128861251476087,0.02886559760623126,6.610696135189607e-05,0.9999384510294658,0.0,0.13871103169067917,0.00015310271714287691,0.248071364606872,0.002043375017954673,0.38794379753489144,0.04149067595730826,0.2840331691370747,0.09422943256726393,0.1619754057477502,0.9897063434450843,0.5319356907908301,1.0,0.02511697254813914,0.5245362762593005,0.00010696331036034353,0.005887518430566472,0.00668756335468385,0.9999338930386481,0.14748092381468722,0.2517392641793941,0.2550212971101494,0.4575160818622103,0.6673193696104786,0.3219232448544983,0.02546958643030299,0.10925548901284399,0.4225078571508055,0.07624746349382831,0.656168906957276,0.4969219781180811,0.14423194978727466,0.07259543937432934,0.0,0.18098613870985525,0.0,0.026431858342767463,0.35861690474777125,0.33014353138459585,0.08144979524443667,0.050898086949720936,6.610696135189607e-05,6.610696135189607e-05,6.610696135189607e-05,0.07193744465730224,0.32465088725403085,0.2812062081995295,0.07037039462387785,0.0,0.01901123402931778,2.8176911156762726e-08,0.0,0.24211677188170755,0.2179410618456191,0.7615386176454614,0.7654291548779204,0.010293656554915707,0.28707817049931467,0.0,0.0874046684674381,0.0010329954595916099,0.027873656866544496,0.007444735089461806,0.005186561722047613,0.5332668340209524,0.17007596336143702,6.610696135189607e-05,6.610696135189607e-05,0.4238421607587118,0.05147442218999188,0.4689953288309447,0.9743773108525541,0.6236619123509662,0.5754487396543286,0.5358087389712802,0.06022364520370826,0.0011037908992250493,0.0,0.0,0.0,0.0,0.0
0.0006430110399951173,0.021342927462744583,0.006991085015061782,0.001152907955814481,6.610696135189607e-05,6.610696135189607e-05,0.13148250855394453,0.02884184435090464,6.610696135189607e-05,0.9999384946806646,0.0,0.1382543258855697,0.0001518289140874786,0.24854944508536542,0.001970267428500269,0.3898114758926325,0.04114133636707588,0.28420448114184227,0.0947752234555446,0.1626794546200345,0.9897518099863493,0.5321931151367216,1.0,0.024919238877343288,0.5237332021342604,0.00010696331036034353,0.0059486325363006754,0.006648419821671403,0.9999338930386481,0.14644376176602852,0.24866126375883782,0.24994260562176873,0.4594750222239578,0.6676139185328286,0.32289268704918106,0.025496940197230242,0.10964685578537096,0.42234890819960064,0.07588195645780582,0.6553721135059342,0.49637928265307274,0.1459108478245295,0.0746084746369933,0.0,0.18237412780612353,0.0,0.0266266174500866,0.3599123836315232,0.33260395360410017,0.081999042717511,0.05120915462102937,6.610696135189607e-05,6.610696135189607e-05,6.610696135189607e-05,0.07293935504905708,0.3233097415513687,0.28040654147390365,0.06873124719112061,0.0,0.017872718634945956,2.083069016852762e-08,0.0,0.24254008788103718,0.218418394908386,0.7593139287199259,0.7627120707429722,0.010248190013650694,0.28543275705715476,0.0,0.08747093473210495,0.0010231556935988346,0.028061613852426982,0.007463917906942088,0.0052797918279458575,0.5343647367751656,0.17087077286186714,6.610696135189607e-05,6.610696135189607e-05,0.42344367682734335,0.05197953999326777,0.4701217398741286,0.9743512308886823,0.6239309804943176,0.575680803541209,0.5343065676495617,0.06094646224595285,0.000997841296699045,0.0,0.0,0.0,0.0,0.0
0.0006429089155700263,0.021333531363977802,0.0069998987390038825,0.0011529079558144815,6.610696135189607e-05,6.610696135189607e-05,0.13169435008165686,0.028831721457842532,6.610696135189607e-05,0.9999384976165109,0.0,0.1377789152124451,0.00015068289006525467,0.248917012774824,0.0019003623448052456,0.391623320077351,0.04079171106959206,0.28436916520861905,0.09531490262611181,0.16335482953596178,0.9897893660158766,0.532404565503984,1.0,0.024721835038197346,0.5228871339676198,0.00010696331036034353,0.0060210188959529355,0.006611476038629482,0.9999338930386481,0.14539958780478154,0.245545703552381,0.24448213416596512,0.46149866438995085,0.6679897426089686,0.3238614790617747,0.025523252251204047,0.11003989325318317,0.4222184799460387,0.07552788896927815,0.6545943777935854,0.49579614368006847,0.14750738986543785,0.07670166184020474,0.0,0.18377516681570108,0.0,0.026819526486702012,0.3612043045758699,0.33508011764002615,0.08257950135449182,0.051518276275403715,6.610696135189607e-05,6.610696135189607e-05,6.610696135189607e-05,0.07398045978046275,0.3219641424038036,0.27952346509603915,0.06713539171052946,0.0,0.016767617571072445,1.555870330859879e-08,0.0,0.2429621396228484,0.2189316690311391,0.7571777075084504,0.7599435086238334,0.010210633984123368,0.283820267680315,0.0,0.08752807413240012,0.001013930044133298,0.028240234141383574,0.007485234289902456,0.005367035439475018,0.5354186464339029,0.17166086271802286,6.610696135189607e-05,6.610696135189607e-05,0.423051082492091,0.052486792294992354,0.4712242140152508,0.9743260648587307,0.6242754764009204,0.5758811421504527,0.5328487909533709,0.06165177151397404,0.0009030220801733577,0.0,0.0,0.0,0.0,0.0
0.0006428114716171549,0.021323406499559217,0.007008723440290457,0.0011529079558144815,6.610696135189607e-05,6.610696135189607e-05,0.13191685478505438,0.028822302942514467,6.610696135189607e-05,0.9999384993040028,0.0,0.13728435772906208,0.00014965054882010224,0.24917903902749508,0.001833426361395616,0.39337267642031865,0.04044182773721646,0.2845254315122859,0.09584833791933906,0.1640055980875719,0.9898221860821845,0.5325918707106868,1.0,0.024526039093830724,0.5219983194432684,0.00010696331036034353,0.006101535131679374,0.006577142250059788,0.9999338930386481,0.14433524540017412,0.24231793444031183,0.238727869642204,0.4635990043673585,0.6684532869079889,0.3248287517616122,0.02554767410405237,0.1104349093935819,0.42211413552668725,0.07518036874682392,0.653838218897208,0.4951806352815576,0.14903543112490714,0.07887517847727425,0.0,0.18519150255677821,0.0,0.027012124972166436,0.36249487049432316,0.3375972366205792,0.0831627533089251,0.0518299678152182,0.0001761351708425214,6.610696135189607e-05,6.610696135189607e-05,0.07509144720368949,0.32061008091186755,0.278550028792782,0.06558211339021264,0.0,0.015699448427095707,1.1749824889943745e-08,0.0,0.24338157160366383,0.21947587326453316,0.7551162309557539,0.7571192234351538,0.010177813917815508,0.28221662673253506,0.0,0.08757858141244987,0.0010057771341092966,0.028413314268533104,0.007503792651933907,0.0054524470532093475,0.5364344374457369,0.1724543096334045,6.610696135189607e-05,6.610696135189607e-05,0.4226559203203058,0.05299668429922921,0.47230477711911306,0.9743026753471276,0.6246866031518273,0.5760524263620923,0.5314469548328575,0.06233838176191174,0.0008180599416234061,0.0,0.0,0.0,0.0,0.0
0.00064272133042518,0.021319569586092855,0.007017307867960988,0.0011529079558144815,6.610696135189607e-05,6.610696135189607e-05,0.13214357680079944,0.028814253328764243,6.610696135189607e-05,0.9999384771526175,0.0,0.1367712246702253,0.00014872150129116284,0.2493409491753762,0.0017692711061058249,0.39505783756187035,0.0400920934148137,0.284670022043415,0.09637481425610625,0.16463306211025758,0.9898521139224566,0.5327609140105767,1.0,0.024331516135235084,0.521068818123152,0.00010696331036034353,0.006190235434200295,0.00654486776941183,0.9999338930386481,0.1432547752047941,0.23898710485944716,0.23270661162644626,0.46577595159733176,0.669002421840547,0.32579292264883813,0.025569449844739373,0.11083231115820409,0.42203881166920615,0.07483960285234935,0.653101262605361,0.49453552577011767,0.15050739100791555,0.08112951747255635,0.0,0.186627328474685,0.0,0.02720541621418147,0.363784198221432,0.3401658994076884,0.08374943843270931,0.05210883732978963,0.0014815652791119573,6.610696135189607e-05,6.610696135189607e-05,0.076367794504125,0.31925203098589316,0.27748800363631587,0.06407104243123642,0.0,0.014668150868691898,0.0,0.0,0.24380129067748368,0.22005261785367977,0.7531177947359783,0.754237420417186,0.01014788607754334,0.2806117575147383,0.0,0.08762244416319598,0.0009989513376642404,0.02858233447539775,0.007518989433120042,0.0055370273908683714,0.5374086116733462,0.1732447590182683,6.610696135189607e-05,6.610696135189607e-05,0.42224992802803973,0.05350957452313705,0.47336481024970023,0.9742818286539695,0.6251585887977278,0.576191917224688,0.5301025595857803,0.06300535330234157,0.0007418343327876134,0.0,0.0,0.0,0.0,0.0
0.0006426534041605254,0.02131956958603594,0.007025363238485983,0.001186241289642228,6.610696135189607e-05,6.610696135189607e-05,0.13236566842111852,0.028715076426059326,6.610696135189607e-05,0.9999383478772004,0.0,0.13624124823585074,0.0001478830262309664,0.2494095004888434,0.0017077321104676476,0.3966746123669537,0.039742913860261166,0.28480813305480307,0.0968945306915746,0.16524013462727025,0.9898814392619266,0.5329282643866046,1.0,0.02413689280656128,0.5200887438983118,0.00010696331036034353,0.006281322099007084,0.0065165851643101385,0.9999338930386481,0.1421548983157687,0.23559882190449716,0.22647246327468895,0.4680326631729027,0.6696240705801189,0.3267476807675729,0.025587885100455995,0.11122439760400812,0.4219938998400284,0.0745004874147838,0.6523756596505627,0.49384757945185537,0.15192725136941865,0.08345944562126252,0.0,0.18807030928051566,0.0,0.027403800916000746,0.36504724572728736,0.3427861687566245,0.0843412245891333,0.05241060843338465,0.0031345371635732085,6.610696135189607e-05,6.610696135189607e-05,0.07766056606794061,0.3178845410019704,0.2763480217164344,0.06260150015434858,0.0,0.013670509316423168,0.0,0.0,0.2442288805082614,0.22067090590405164,0.7511782179390067,0.7513004197514672,0.010118560738073424,0.27900142633287967,0.0,0.08765994463747756,0.0009871766158737123,0.02878186751299038,0.007531545102907874,0.005622543853286683,0.5383391356242396,0.1738895956196167,6.610696135189607e-05,6.610696135189607e-05,0.42177280766014275,0.05402790770344679,0.4744095708422278,0.974264231873313,0.6256955925907254,0.576298368049504,0.5288249002182625,0.06365254598091478,0.0006733815892898751,0.0,0.0,0.0,0.0,0.0
0.0006426172971198396,0.021286236252208202,0.007032103896414723,0.001186241289642228,6.610696135189607e-05,6.610696135189607e-05,0.1325671660153946,0.028712000773430054,6.610696135189607e-05,0.9999384809510666,0.0,0.13571867898647114,0.0001471071072646305,0.24936203601498494,0.001648501201169307,0.39818744218342234,0.03939670486587099,0.2849243544721894,0.0974180890322778,0.16587252169543054,0.9899331285290115,0.5331923835479226,1.0,0.023908569619773695,0.5190497219603519,0.00010696331036034353,0.006384978336537771,0.006490710662694213,0.9999338930386481,0.14107048894075086,0.23211981065965828,0.22006518178264386,0.47036559805182226,0.6703187034577552,0.3277045937409357,0.025614865500881812,0.11162590306323897,0.4219901016753517,0.0741750712474623,0.6516703882873458,0.49314006740147315,0.15331730871513757,0.08587025291395184,0.0,0.18952443270230682,0.0,0.027606356670602246,0.3663339270667475,0.3455258200124805,0.08491298407628335,0.052724574970795746,0.004883435673437523,6.610696135189607e-05,6.610696135189607e-05,0.07906522230733269,0.3164971849895639,0.275131121546433,0.06116174446595939,0.0,0.012700350292173066,0.0,0.0,0.24465534040321713,0.22132367093353084,0.7492646022525846,0.7482572253906176,0.010066871470988508,0.2772831837497706,0.0,0.08769912096433158,0.000968166216133854,0.028957383873157754,0.007535262595537393,0.005706431445181662,0.5392820946492064,0.1746271899266296,6.610696135189607e-05,6.610696135189607e-05,0.4212945448393586,0.054550174995811766,0.4754149828066338,0.9742380273918535,0.6263117106296031,0.576361397123479,0.5276374865691154,0.06427756644356608,0.0006119071928066303,0.0,0.0,0.0,0.0,0.0
0.0006425956737872744,0.0212862362522082,0.007040379799303575,0.001186241289642228,6.610696135189607e-05,6.610696135189607e-05,0.13278425827146703,0.02871965029122665,6.610696135189607e-05,0.9999384248486376,0.0,0.13516975235354237,0.00014642750493951565,0.24922596497301477,0.0015916247231883584,0.39965107216119694,0.039049198282857626,0.2849905125790872,0.0979255944015688,0.16645363652206188,0.9899717973289686,0.5333234011496801,1.0,0.023698007798505852,0.5179808967902618,0.00010696331036034353,0.0064943907036107505,0.006435512223649875,0.9999338930386481,0.13993759101948508,0.2285598205738435,0.21356123392201828,0.4728128900594489,0.671089738793362,0.32867470410475913,0.02565399801296192,0.11206342184447571,0.4219715212254349,0.07388083912611788,0.6509897564032708,0.49245309033909823,0.15470388050760456,0.08837750233313897,0.0,0.19107143736437243,0.0,0.027821645441031478,0.3676285688061985,0.34831061125449636,0.08551258939556017,0.05303510899317297,0.006929894723283005,6.610696135189607e-05,6.610696135189607e-05,0.08050663513143057,0.3151120873016155,0.27382845055665705,0.059761146133686674,0.0,0.011765481032661444,0.0,0.0,0.24507602286804772,0.22199974177979154,0.7473705250908267,0.7451688611447992,0.010028202671031397,0.2756051614859475,0.0,0.08775089753595013,0.00093771580845452,0.029123941284996072,0.007540863278161377,0.005789377729893873,0.540332620496623,0.17546147232827183,6.610696135189607e-05,6.610696135189607e-05,0.42083133326651884,0.05508181064998097,0.47639439740801187,0.9741995744820986,0.626945132149848,0.5764368540513767,0.5264680887126851,0.0648850224458238,0.0005566553020229629,0.0,0.0,0.0,0.0,0.0
0.0006425461700200157,0.021286236252208192,0.007081519423412533,0.001186241289642228,6.610696135189607e-05,6.610696135189607e-05,0.13293337843868838,0.028721539566969056,6.610696135189607e-05,0.9999383026810883,0.0,0.1346058501291765,0.00014583136494492827,0.2490222398686044,0.0015369233291553984,0.4010620487465599,0.0387026909116645,0.2850720525732186,0.0984350185727,0.16702675423768118,0.9900091869838678,0.5334721975324356,1.0,0.023520096002342526,0.5168555438647991,0.00010696331036034353,0.006600952632158662,0.0064229484293220965,0.9999338930386481,0.138793581570316,0.22497911839502746,0.20672500056676146,0.4752451849986351,0.6718991812085191,0.32963117758088756,0.02571950217893213,0.11250423823093302,0.42199143117189336,0.07359031425890021,0.6502834935063249,0.49172308781997026,0.15607659506172936,0.09097008883344948,0.0,0.19263530712218868,0.0,0.028039433714073705,0.3688935780666216,0.35114105139885887,0.08608342472613674,0.05337093317984894,0.00911258483598175,6.610696135189607e-05,6.610696135189607e-05,0.08195114514754032,0.31373945215258126,0.272480712789288,0.05840414149602724,0.0,0.01086499210535697,0.0,0.0,0.2455379285311806,0.22269789423397926,0.7454883863655707,0.7420031569288693,0.009990813016132229,0.27389249534537574,0.0,0.08779179909330523,0.0009197523887257883,0.029282787402481192,0.00754445638780997,0.0058743413606503,0.5412911581252967,0.17630948580197306,6.610696135189607e-05,6.610696135189607e-05,0.42033217323202304,0.05562010600219289,0.47735883079390873,0.9741346664561229,0.6276085297951056,0.5764716454989512,0.5253476369945399,0.06547588705083003,0.0005069653728319522,0.0,0.0,0.0,0.0,0.0
0.0006425006555953073,0.02125290291887486,0.007100942856740312,0.001186241289642228,6.610696135189607e-05,6.610696135189607e-05,0.13315499539874334,0.028738654407850183,6.610696135189607e-05,0.9999383786950329,0.0,0.13403354145102075,0.00014526429258428822,0.2487742742128593,0.0014841184911561758,0.40237347869662676,0.03835668137613853,0.285187571931036,0.09894976320269731,0.16760958602723622,0.9900489009958267,0.5337126562867,1.0,0.02332396189698725,0.5156965416559577,0.00010696331036034353,0.006711882787984399,0.00640174961884545,0.9999338930386481,0.13765383579371648,0.2213881109693467,0.19989536182644466,0.477747663645728,0.6727836187379882,0.33059039829791587,0.025772258120670345,0.112932856511235,0.42207912815514204,0.07330425563574991,0.6496216212562319,0.49096477764223856,0.15745064205510315,0.09364802765536306,0.0,0.19420759710739005,0.0,0.02825028857275307,0.37019728189816875,0.3540152389509438,0.08669430986063434,0.05368850446678245,0.010809740792540249,6.610696135189607e-05,6.610696135189607e-05,0.08348014376030113,0.3123626813418322,0.2710663760301842,0.057089581766088825,0.0,0.010000294121437867,0.0,0.0,0.24598449798674496,0.22338556683333016,0.7435995947421995,0.7387423863174007,0.009951099004173304,0.27207974660591,0.0,0.08781667677543119,0.0008870977551174144,0.029427765379088262,0.007545632560837583,0.005953148370621458,0.5421793671466614,0.1771743672221522,6.610696135189607e-05,6.610696135189607e-05,0.4198430209666811,0.056150005231827574,0.47828647848497446,0.9740824775867454,0.6282925751544678,0.5764367533537018,0.5243222656676233,0.06603719938088463,0.00046208359339529987,0.0,0.0,0.0,0.0,0.0
0.0006424713395827717,0.02124053587460738,0.007114353622450567,0.001186241289642228,6.610696135189607e-05,6.610696135189607e-05,0.13340430015225072,0.028754495978375226,6.610696135189607e-05,0.9999383529215444,0.0,0.13343655058019682,0.0001447531852513087,0.24845331355195072,0.0014331654012605338,0.40361628428844365,0.038010870131584294,0.28525462024490866,0.09945231984135912,0.1681537268902661,0.990082034459727,0.5338571111496937,1.0,0.023122605327818183,0.514519122283347,0.00010696331036034353,0.006818709613941751,0.006377923053962411,0.9999338930386481,0.13650359918575042,0.21771993956702468,0.1930990483465999,0.48033156728286436,0.673713223412535,0.3315625425701302,0.025846550257926874,0.11340140653487858,0.4221917381324671,0.07306027504335692,0.6489806580440407,0.490229477530532,0.15883567657486386,0.09641536730780889,0.0,0.19586066292052012,0.0,0.028465694150396004,0.37150916601787515,0.35696741381393793,0.08731030402142792,0.054008346592929725,0.012567178710773685,6.610696135189607e-05,6.610696135189607e-05,0.08506682429294199,0.3109913251008931,0.26960803892258156,0.05582369295739038,0.0,0.009175496076814968,0.0,0.0,0.24643240956054302,0.22409438910939616,0.7417120035837771,0.735430905801925,0.009917965540273022,0.27028222592978607,0.0,0.08784692387629915,0.0008858715588377143,0.029572101293868776,0.007544741033214763,0.006030431330400739,0.5429886404929533,0.17802226246613406,6.610696135189607e-05,6.610696135189607e-05,0.41929935330747975,0.05667873766488342,0.47917721389228257,0.9740086965568218,0.6289697838363557,0.5763750964662724,0.5233234406681995,0.06657606226383196,0.00042151311516320627,0.0,0.0,0.0,0.0,0.0
0.000642440382798286,0.021224716167728315,0.007124863669382431,0.0012195746229755613,6.610696135189607e-05,6.610696135189607e-05,0.13366628836574143,0.028675907876444907,6.610696135189607e-05,0.999938253576154,0.0,0.13282906973674402,0.00014426817938434266,0.24806685685084806,0.0013841087402912363,0.4047946304200016,0.03766817484021591,0.2853148103936918,0.09995461118306302,0.16868445895030526,0.9901149004030227,0.5339886634609068,1.0,0.022918939532634335,0.51327594016356,0.00010696331036034353,0.006921674605224741,0.006353428385593728,0.9999338930386481,0.13535046953908866,0.21406234078600173,0.1863623779992183,0.48298390311806133,0.674662478563557,0.3324881791799139,0.02586834859330798,0.11383186749776236,0.4222799177935751,0.07279757632491116,0.6483430417181262,0.4894857429043206,0.16023718376309573,0.09926600107863166,0.0,0.19754158947853642,0.0,0.028687139134903197,0.3727861552911672,0.3599790511827209,0.08793617114694763,0.05433520693340074,0.014621212670157268,6.610696135189607e-05,6.610696135189607e-05,0.08666156159783489,0.3096218862822832,0.2681270301329992,0.05460295999439214,0.0,0.008389338872180492,0.0,0.0,0.24689034640992188,0.22481457486090042,0.7398082050538414,0.732049539971063,0.009885099596977275,0.2684697470605568,0.0,0.08787497966782785,0.0008835637996003358,0.029714043665866496,0.007542810402759738,0.006105679555520785,0.5438314444442512,0.17879880809123033,6.610696135189607e-05,6.610696135189607e-05,0.4187575710225285,0.057210491303443765,0.4800797910889499,0.9739873832273077,0.629711936779209,0.5763359734661337,0.5224077932550872,0.06709843703173612,0.00038487184108724104,0.0,0.0,0.0,0.0,0.0
0.000642445273581483,0.021209957730177267,0.007133586847369165,0.0012195746234699746,6.610696135189607e-05,6.610696135189607e-05,0.13390785822231482,0.028689371209666515,6.610696135189607e-05,0.9999382928592078,0.0,0.13222630611386957,0.00014379175772429316,0.24758871428506526,0.0013365890801422013,0.405869618467305,0.037328007008125434,0.28533797347229795,0.10046115675936734,0.16923776371032542,0.9901668072865317,0.5341800106822163,1.0,0.022711440573809073,0.5119871590663447,0.00010696331036034353,0.007056712500550623,0.006315154764931975,0.9999338930386481,0.13419325152600559,0.2102447973697511,0.17974120386258502,0.48567700623358945,0.6756227127119333,0.3333934004143697,0.02587729792654098,0.11425827593288379,0.42236273489271553,0.07253366730918254,0.6477177327531903,0.4887673569601438,0.1616711480141969,0.10220310207307177,0.0,0.19925643707302415,0.0,0.02891028060895576,0.3740738972638838,0.3631130904073349,0.08853842930141909,0.05467643261489291,0.016747548311599584,6.610696135189607e-05,6.610696135189607e-05,0.08830715103203061,0.30822063175713843,0.26663701894262615,0.05342864998398919,0.0,0.007643469257918915,0.0,0.0,0.24735308981983967,0.225542892251513,0.7378676952264358,0.7285591342166028,0.009833192713468313,0.26656355224475964,0.0,0.08790334804393918,0.0008807149233521668,0.02985231830601746,0.007534525348092249,0.0061782845966531245,0.5446877568463965,0.17958206809361815,6.610696135189607e-05,6.610696135189607e-05,0.41821086648770617,0.05774026834544065,0.48095164348777153,0.9739789103157347,0.630509540524132,0.5763006760271423,0.5215967142235125,0.06760117041884463,0.00035177731604532197,0.0,0.0,0.0,0.0,0.0
0.0006424318442988608,0.02119492253856166,0.007142815109682672,0.0012195746234699742,6.610696135189607e-05,6.610696135189607e-05,0.13417648342350538,0.028712108614591756,6.610696135189607e-05,0.9999382917891944,0.0,0.13160675349127923,0.00014335424610127884,0.24705754303682997,0.0012907162112807979,0.406897367461091,0.03698780079040805,0.28534952451499723,0.10095752038719821,0.1697546291426217,0.9902114348225699,0.5343045809567449,1.0,0.022477762408485775,0.5106588608043605,0.00010696331036034353,0.007169435405171569,0.006295790277981277,0.9999338930386481,0.13303024740195557,0.20655641786633944,0.17301014961562033,0.4884652864919533,0.6766259246975126,0.3342884167249631,0.025883014997499496,0.1146749006322368,0.4224666349326507,0.0722650504567275,0.6471081437564221,0.48805270560822533,0.16313470645811132,0.10523482508248874,0.0,0.2010292316511908,0.0,0.02913995715130956,0.3753089998833611,0.36630600611617326,0.08916391320874575,0.054996818980692315,0.019183121994431392,6.610696135189607e-05,6.610696135189607e-05,0.08998639616601835,0.30686511567098335,0.26510826134132215,0.0522980636996615,0.0,0.006939137917447418,0.0,0.0,0.24782119530060012,0.22627591297263788,0.7359077731546905,0.7250105457748895,0.009788565177430045,0.26466618739206427,0.0,0.08793160152196977,0.0008441746275652371,0.0299853434430893,0.007525125340979983,0.006251666271353387,0.5456348545780378,0.18037854351736957,6.610696135189607e-05,6.610696135189607e-05,0.41771699633287906,0.05826581396116525,0.4818067660840962,0.9739736307563992,0.6313284184134857,0.5762426488560685,0.5208375820821816,0.06808286015256973,0.00032185690413950803,0.0,0.0,0.0,0.0,0.0
0.0006424384114520214,0.021177940811831966,0.007151493523701262,0.0012195746234699744,6.610696135189607e-05,6.610696135189607e-05,0.134463561107702,0.028733092383568946,6.610696135189607e-05,0.9999382893691667,0.0,0.13096614758258085,0.00014297193929575013,0.24647855687757683,0.001246324989843141,0.40788629198455245,0.036646820285090385,0.28534728345115884,0.10144731675459036,0.1702437234462875,0.9902518401163305,0.5343877085334866,1.0,0.022271779239038347,0.5092907863351215,0.00010696331036034353,0.007292573135973236,0.006262480262449526,0.9999338930386481,0.13185481236326588,0.2027876138475669,0.16647401684352597,0.49128638080236064,0.6776265486858171,0.3351855411506185,0.025946815349313087,0.11512238842064146,0.4225489719936618,0.07201067742006732,0.6465169397020512,0.48735881805533904,0.1646503036591529,0.10835989062687204,0.0,0.20284380679522532,0.0,0.029415542341274664,0.37654316410730176,0.36955117883860106,0.08977957400566582,0.05533154984165993,0.02188656425351877,6.610696135189607e-05,6.610696135189607e-05,0.09164787028362226,0.3055148921356951,0.2635777624515522,0.05121811354335482,0.0,0.0062752679719088045,0.0,0.0,0.24828350535376667,0.22699906905445325,0.7339023795862568,0.7213963859268405,0.009748159883669488,0.2627684846712881,0.0,0.0879735716703079,0.0008081508797515521,0.030107397251373416,0.007518637495373289,0.006297803774412788,0.5466264254859436,0.1812752444319272,6.610696135189607e-05,6.610696135189607e-05,0.41727384085078345,0.058795688862630716,0.4826301977234459,0.9739102127113911,0.6321237867298729,0.5762047030164951,0.5201030305953803,0.06855273465909185,0.0002948294390489436,0.0,0.0,0.0,0.0,0.0
0.0006423744168125732,0.02115923066885565,0.007160235463930821,0.0012203460107756432,6.610696135189607e-05,6.610696135189607e-05,0.13476884644800932,0.028753863993273957,6.610696135189607e-05,0.999938284317304,0.0,0.13030701657569868,0.00014262769292785245,0.24585608369876072,0.0012033046758041606,0.40884047185334116,0.03630514120333632,0.2853353204595651,0.10193291706542573,0.1707130656382459,0.990290233788511,0.5344478850027365,1.0,0.0220363266623206,0.5078831904825339,0.00010696331036034353,0.007422630230185525,0.006250677310102814,0.9999338930386481,0.13064696677155926,0.1990083152554922,0.15993844137727534,0.49416089369526156,0.678620136752288,0.3360861154212779,0.026027841505070745,0.1155838825426944,0.42266253109129875,0.07176696447553202,0.6459320343354006,0.48668047114233404,0.16620686174081908,0.11157184047046309,0.0,0.20469825251051085,0.0,0.029667524394718564,0.37775309013730807,0.37285887774817633,0.09041945186346029,0.05568603214809615,0.02480873147342075,6.610696135189607e-05,6.610696135189607e-05,0.09326805533636631,0.30420950116686124,0.26206652941829456,0.050199962567052385,0.0,0.005660672545498416,0.0,0.0,0.2487669105761088,0.2277138936910145,0.7318602211937552,0.7177150938912911,0.009709766211488984,0.2608538624867526,0.0,0.08799857621659928,0.0007810316813909731,0.030216564082038048,0.007511547958128291,0.00637443691879379,0.5474972024503669,0.18217749542923628,6.610696135189607e-05,6.610696135189607e-05,0.4167595978172598,0.0593133338294175,0.483406905435971,0.9738295308020014,0.6328993612130465,0.5761341642328971,0.5193925636711269,0.06899591388515439,0.00027031470708637037,0.0,0.0,0.0,0.0,0.0
0.0006423761423085656,0.021139810630106882,0.007169035698686852,0.0012566344757183048,6.610696135189607e-05,6.610696135189607e-05,0.13508992307177864,0.028671430159878185,6.610696135189607e-05,0.9999381690805792,0.0,0.12963611449308945,0.000142304974696842,0.24519416821503587,0.001161614353048944,0.4097558562084907,0.03596386510723484,0.2853126001088862,0.10241841406530901,0.17116822566158818,0.9903274582249958,0.5344906363709152,1.0,0.0218274952036013,0.5064454611414031,0.00010696331036034353,0.007564100888144052,0.006230834547556232,0.9999338930386481,0.12945798726997831,0.1951540248452219,0.15354563917837338,0.49699941442262446,0.6796119602093541,0.33695703900661755,0.026095119734212392,0.11603831785976838,0.4227524625336108,0.07151397560087694,0.6453667743166013,0.48602418781353735,0.1678193503989665,0.11487947373479174,0.0,0.20659948447232415,0.0,0.029926256002095118,0.37893850780624116,0.37623175948448406,0.09106314612060616,0.05602285701214299,0.02791785394437107,6.610696135189607e-05,6.610696135189607e-05,0.09490936983364875,0.3029202007386305,0.26055551575628855,0.04922636818780406,0.0,0.005084741210650768,0.0,0.0,0.24924006967289022,0.2284150870283169,0.7297622355357245,0.7139523006036201,0.009672541775004222,0.25890987915676067,0.0,0.08804095999458532,0.0007331374358574053,0.030338426762009277,0.007503107774522001,0.0064049743938721735,0.548512894275058,0.18306487101815555,6.610696135189607e-05,6.610696135189607e-05,0.4163382518162147,0.059832524034357376,0.48418047831248884,0.9737625752910908,0.6336827727145451,0.5760859231133403,0.5187301681906323,0.06942929090327364,0.0002481250492595483,0.0,0.0,0.0,0.0,0.0
0.000642399472758796,0.021120841938261043,0.007176919120151883,0.0012595931908672188,6.610696135189607e-05,6.610696135189607e-05,0.1353888433855592,0.02868204816243517,6.610696135189607e-05,0.9999381979699276,0.0,0.128969436596381,0.00014198606127309557,0.24446273544287153,0.001120948413986074,0.41059061035456534,0.03562336478284655,0.28526150109994375,0.10291164852264686,0.1716545932791232,0.9903831933990018,0.5346096342943479,1.0,0.02160504727213538,0.5049912892234639,0.00010696331036034353,0.007672490950978079,0.006213355821349318,0.9999338930386481,0.1282766654734154,0.19145069510348345,0.14739644539209953,0.49987199961132206,0.6806181476708766,0.33784530599653123,0.02619787888473405,0.1165177233865814,0.42288280572195447,0.07127914786726891,0.6448329138732981,0.48539988017114505,0.16947959119131048,0.1182784725781731,0.0,0.20853777486658365,0.0,0.030183399266632115,0.3801238395043884,0.37976603081603455,0.09163592695744235,0.056377879688401446,0.030924266127035093,6.610696135189607e-05,6.610696135189607e-05,0.09658559065428739,0.30161926597833305,0.25903964429316234,0.048306462797818375,0.0,0.004557029425819483,0.0,0.0,0.24970815387598175,0.2291106246814284,0.7276087602860426,0.7100669341427037,0.009616806600998125,0.25685259083906853,0.0,0.08807268549861776,0.0006998041025240723,0.03044216336579528,0.0074868993783754195,0.006478436659217419,0.5493779915583111,0.18402147843031325,6.610696135189607e-05,6.610696135189607e-05,0.4158274883882423,0.0603422080359611,0.48487879460926936,0.9736601350539928,0.6344625117447276,0.5759962458640595,0.5181302417781657,0.06983556746787364,0.00022799404748289186,0.0,0.0,0.0,0.0,0.0
0.0006424151364369701,0.02110012908059567,0.007185820209254401,0.0012653969616957506,6.610696135189607e-05,6.610696135189607e-05,0.1357175888271608,0.02869911974546485,6.610696135189607e-05,0.9999381810453074,0.0,0.12829564392122153,0.00014168044270292308,0.2437024267749481,0.0010814977423311187,0.41139410952712446,0.03528241752952889,0.2851970493061042,0.10339581921369309,0.17210611395860637,0.9904330844890572,0.5346686925644917,1.0,0.021379664957987675,0.5035044323663825,0.00010696331036034353,0.007802078986982553,0.006195050307410495,0.9999338930386481,0.12710655532432935,0.1877566164861051,0.14139431051954876,0.5027602058491049,0.6815878412275699,0.33869195837658284,0.02628355172970481,0.11698677440519503,0.42300351849302403,0.07104918134433152,0.6443219833719805,0.4848034729374832,0.1711995636165241,0.12176015029802933,0.0,0.2105082122062333,0.0,0.030447725535425497,0.3812918082423366,0.3833236991722757,0.09227824623363913,0.05672394788919283,0.03406771060842523,6.610696135189607e-05,6.610696135189607e-05,0.0982253523535199,0.30035341656203624,0.2575703336695503,0.04743601930910211,0.0,0.004066225498650059,0.0,0.0,0.25016411548502865,0.22978975357170361,0.7254046171697828,0.7061337357433642,0.009566915510942823,0.2548230952292751,0.0,0.08811417246610459,0.0006664707686963257,0.030539310721582395,0.007478190249686273,0.00652912549968588,0.5503271902395743,0.18494680868227706,6.610696135189607e-05,6.610696135189607e-05,0.4153525494380395,0.060841825102879804,0.48557637839309364,0.9735747678275922,0.6352445733212068,0.5759149837646449,0.517556709128544,0.07023148361346188,0.00020972418470901775,0.0,0.0,0.0,0.0,0.0
0.0006424373521598044,0.021078067768539165,0.00719490039063964,0.00127164671618607,6.610696135189607e-05,6.610696135189607e-05,0.13606464562414766,0.028710040784822775,6.610696135189607e-05,0.9999381625881204,0.0,0.127614504500386,0.00014138791272385104,0.2429155496744736,0.0010431822487446264,0.41216628178786247,0.03494100214903043,0.2851244739750736,0.10387629814778743,0.17253774377114947,0.9904805979278376,0.5347028872444407,1.0,0.021149325433248028,0.5019860969382894,0.00010696331036034353,0.00793619651020266,0.006178508062693868,0.9999338930386481,0.12594270684100078,0.1840581071379871,0.13560280549615591,0.5056501113055424,0.6825413767742435,0.3395180263924567,0.02636292067531761,0.11744778573227263,0.4231043776183094,0.07081058722247185,0.6438398869087386,0.48424304603184487,0.1729764989544445,0.12532580742420146,0.0,0.2125158333035602,0.0,0.03071463561897242,0.3824318203334983,0.3869386206194399,0.09291445491835335,0.05707407099338538,0.03739667581295174,6.610696135189607e-05,6.610696135189607e-05,0.09982264876130136,0.2991209386034694,0.2561250466590358,0.046614540412750545,0.0,0.0036156386511559096,0.0,0.0,0.25060449557523734,0.2304393439920042,0.7231472028977681,0.7021364488046491,0.009519402072162451,0.2527812794519992,0.0,0.08815847464433403,0.0006498031753565686,0.030630005299153336,0.007468458085834358,0.006573906052251783,0.5512789360019237,0.18587577422450313,6.610696135189607e-05,6.610696135189607e-05,0.41487665986172345,0.06133357656672078,0.4862529286944068,0.9734956914119586,0.6360210259420979,0.575852440132946,0.5170231309896657,0.07061461536699373,0.00019313600107733806,0.0,0.0,0.0,0.0,0.0
0.0006424772220162969,0.021054246180268195,0.007204028434859634,0.0012780992997902395,6.610696135189607e-05,6.610696135189607e-05,0.13642677946154405,0.028719014519103206,6.610696135189607e-05,0.9999381434630972,0.0,0.12692879738783275,0.00014109817926174427,0.24210460456661684,0.001005950877433563,0.41290533264983253,0.034598517508590804,0.2850394573528612,0.1043521266294744,0.1729502847862296,0.9905266861053796,0.5347160435902398,1.0,0.020916567996347495,0.5004390037105274,0.00010696331036034353,0.008063952083843605,0.006163668172561746,0.9999338930386481,0.12479806981809403,0.18043559168658432,0.13001980358536605,0.5085312024174222,0.6834736589410393,0.34031109893819345,0.02640906351181782,0.11788423496505396,0.4231715371290508,0.07054868649758823,0.6433864080167212,0.4837244212404596,0.17480863307630187,0.12897198557728015,0.0,0.21455991074121653,0.0,0.03098282745030021,0.3835482876326342,0.39061831095564814,0.09354892310601623,0.057412345774677874,0.040858666713505694,6.610696135189607e-05,6.610696135189607e-05,0.10141484217570607,0.2979226990508675,0.25470842688953943,0.04584113341521128,0.0,0.0032044777168935526,0.0,0.0,0.25102944679615663,0.23105805313666214,0.7208392402942237,0.6980777296364903,0.009473313894620392,0.2507240456685436,0.0,0.08820590510732382,0.0006346231147811557,0.03071430656996533,0.007458070731478546,0.006614792106305534,0.5522299861574741,0.18679536827705254,6.610696135189607e-05,6.610696135189607e-05,0.4144371300512276,0.061817914169421395,0.4869189702587625,0.9734498383089204,0.6368066827514357,0.5758225119935156,0.5165459808525792,0.07098562767853143,0.00017806827001704687,0.0,0.0,0.0,0.0,0.0
0.0006425311370828706,0.021028771599438424,0.007213134073041318,0.00128472098306495,6.610696135189607e-05,6.610696135189607e-05,0.1368003138721859,0.028726966096917037,6.610696135189607e-05,0.999938123497197,0.0,0.12623825898203514,0.00014081890191655508,0.24127450496432057,0.0009697302062520976,0.41361625871313845,0.034254040743346176,0.28493766731165365,0.10482195076992859,0.1733428363671,0.9905716359475726,0.5347070963126579,1.0,0.020713679039848523,0.49887682163522007,0.00010696331036034353,0.008193854659299392,0.006151464782733057,0.9999338930386481,0.12366798432677191,0.17683370799139492,0.12465594620844621,0.5113460078562811,0.6843723035073702,0.34107725119727716,0.02644344408595235,0.11830781348735957,0.42321129189490136,0.07027032957197445,0.6429633872778133,0.4832536386323585,0.1766953356787588,0.1326895526539856,0.0,0.21663214227793817,0.0,0.03128128274994184,0.3846169191451914,0.3943114760058302,0.09416321014750989,0.057765226494636356,0.044525222900587115,0.0003260653566807042,6.610696135189607e-05,0.10293229844338858,0.2967533952120686,0.2533338886774319,0.04511704583768821,0.0,0.0028309192201651447,0.0,0.0,0.25143655608364646,0.23164432062914295,0.7184827135513127,0.6939676109789145,0.009428364052427435,0.24866076140940394,0.0,0.08825595625204688,0.0006221798804910619,0.030791522459895894,0.007448482495370769,0.006652823646294293,0.5531872606350188,0.18770372999986712,6.610696135189607e-05,6.610696135189607e-05,0.41403038655518704,0.06229380781519791,0.48756744398299956,0.9734157370121311,0.6375867623281547,0.5758189778988466,0.5161134117148871,0.07134601589519407,0.0001643734268449669,0.0,0.0,0.0,0.0,0.0
0.0006425381910505985,0.021003062398030424,0.007222418399812768,0.001291479777290341,6.610696135189607e-05,6.610696135189607e-05,0.1371842810245281,0.02873671822909388,6.610696135189607e-05,0.9999381024542315,0.0,0.12554638853085595,0.0001405535496320432,0.24043368210624577,0.0009344905739602679,0.4143064671396845,0.03390764816074069,0.28482398490275396,0.10528376066150089,0.17371592067671607,0.9906163894072201,0.5346859223470717,1.0,0.020483915380505705,0.4973135271886171,0.00010696331036034353,0.008343565904956638,0.00614094524358462,0.9999338930386481,0.12256291199312164,0.17324884637616472,0.11946348634819173,0.5141313025204132,0.6852547755795897,0.3418333429875953,0.02647253319858181,0.1187235308280516,0.4232868435274006,0.06998876554799809,0.6425859744240854,0.4828262380502622,0.1786325670705598,0.13647337156773426,0.0,0.21872383162480746,0.0,0.031569011982653446,0.38564100938531964,0.3980430273497263,0.09477648544308445,0.0580896641942928,0.04817670629287485,0.0011343904868637716,6.610696135189607e-05,0.10449264228053788,0.29560834201362884,0.2520027320313292,0.044443704946143185,0.0,0.0024933655380303486,0.0,0.0,0.25182226190437834,0.23219790038375643,0.7160836722679393,0.6898107077555496,0.009383610592779873,0.2465902460281209,0.0,0.08829069552567251,0.000595651096404007,0.030860806208030916,0.007437826172606352,0.006687195161913463,0.554082436808244,0.18857460944006987,6.610696135189607e-05,6.610696135189607e-05,0.41366899144463914,0.0627424923890811,0.48817656353540556,0.9733869132517862,0.6383494215276723,0.5757786658986391,0.5157047673123174,0.07168411551079558,0.00015187666322738914,0.0,0.0,0.0,0.0,0.0
0.0006425904388505863,0.020976595357526183,0.0072314371756019395,0.0012981380730859148,6.610696135189607e-05,6.610696135189607e-05,0.13756598765121064,0.028747761834513184,6.610696135189607e-05,0.999938081120389,0.0,0.12484819753474256,0.00014030022831003233,0.23957651413867692,0.0009001601666463608,0.414966076114276,0.033558815157158424,0.28469440268384777,0.10573233718744708,0.1740635172082186,0.9906608910433984,0.5346428108578267,1.0,0.020252937696836094,0.4957430805928649,0.00010696331036034353,0.008472966204839106,0.006134333443389336,0.9999338930386481,0.12146331546255258,0.1698142048636487,0.11449328573065427,0.5169083564345142,0.6861309055927709,0.3425790854101443,0.026522732051890947,0.11914214821474799,0.4233457171553425,0.06970440450790046,0.642256386971762,0.4824455137128707,0.18063175145662394,0.14034321885136183,0.0,0.22085290240655175,0.0,0.03186669470847484,0.3866485055271705,0.40179114511952063,0.09536658106744135,0.058408777540262705,0.052006162894967935,0.0025205571907747576,6.610696135189607e-05,0.10606262075701979,0.294483103998805,0.2506937875375719,0.0438147361987037,0.0,0.0021893663196914286,0.0,0.0,0.25217316871899925,0.2327195824954659,0.7136359113559291,0.6855932639404195,0.009339108956601576,0.24450428673562155,0.0,0.0883374757912548,0.000587991829437336,0.030924196858796514,0.0074249425861843375,0.006719421961316415,0.5549669049537038,0.18943826492585397,6.610696135189607e-05,6.610696135189607e-05,0.4133096995505549,0.06317530686965715,0.4887579808564095,0.973336967719799,0.6390919713268837,0.5757541226780112,0.5153295193778236,0.07201162915208036,0.00014050110781567424,0.0,0.0,0.0,0.0,0.0
0.0006426523823361709,0.020948382443891744,0.007240699158495005,0.0013051037422224323,6.610696135189607e-05,6.610696135189607e-05,0.1379523001607724,0.028761521015043083,6.610696135189607e-05,0.9999380595719494,0.0,0.1241504992632859,0.00014004810370210022,0.23870991515179468,0.0008667475316829039,0.4156018592278907,0.033207567621060745,0.2845475348635743,0.10616495992341708,0.1743836184427167,0.9907052751351899,0.5345796782917461,1.0,0.02002439139239782,0.49415310727775874,0.00010696331036034353,0.008596830296997739,0.006131522588022734,0.9999338930386481,0.12037414863780437,0.16649312570132796,0.10974686939152958,0.5196622555414051,0.6869631999497181,0.3432853849377574,0.02654350397128749,0.11953840688280558,0.423359421592541,0.06940232884162935,0.641963528408446,0.482109046690687,0.18269663205081443,0.14428803034862633,0.0,0.22299890539082298,0.0,0.03213657721104506,0.38760020762141734,0.4055290267582124,0.09598031239504955,0.058787581284237216,0.05614849890629697,0.0043450758507509925,6.610696135189607e-05,0.10743202112647506,0.2933794303671725,0.2494440551427001,0.043232156043453346,0.0,0.0019165356886843108,0.0,0.0,0.2524979503729356,0.23321328025708637,0.7111384080257684,0.681328351208657,0.009294724864810127,0.2424214163174308,0.0,0.08838703670108188,0.0005750390541541378,0.030982019826406693,0.007414211611163825,0.00674888993218956,0.5559033416705017,0.1902667042793361,6.610696135189607e-05,6.610696135189607e-05,0.41299158570283795,0.06359274490758184,0.4893319597555033,0.9733164479250104,0.6398351422767155,0.5757738308757762,0.5149958119304799,0.0723309535975577,0.0001301381886522993,0.0,0.0,0.0,0.0,0.0
0.0006427649122030995,0.020919796875313958,0.007250214205453212,0.0013118960580525817,6.610696135189607e-05,6.610696135189607e-05,0.13835103755188966,0.028771345983587066,6.610696135189607e-05,0.9999380372078965,0.0,0.12345282314565138,0.00013980888648136957,0.2378393059417527,0.0008341947004210182,0.4162220156617007,0.03285291153367172,0.2843848792427171,0.10658041550111527,0.17467646499118944,0.9907493611259717,0.5345010930068862,1.0,0.019800529285102588,0.49256574405277426,0.00010696331036034353,0.008717946586481725,0.006129333028879543,0.9999338930386481,0.1193076289632794,0.16322683371253963,0.10526165316312897,0.5223826147304843,0.6877674634658264,0.34397124248582917,0.026566580086514836,0.11993021709828053,0.42334998907883264,0.0690920601943043,0.6417216551859307,0.4818314695026607,0.1848347741653789,0.14830787749824856,0.0,0.2251600819782694,0.0,0.03243263994835051,0.38851862980878027,0.4092395886096223,0.09658885261278236,0.059100548846971884,0.06011555129054853,0.006598277408136982,6.610696135189607e-05,0.10892270964251335,0.2923120840069073,0.24823402320149954,0.04269202798703823,0.0,0.0016731671233848073,0.0,0.0,0.2527828038078627,0.23366296035425896,0.7085848103335058,0.677015657510562,0.00925063887402835,0.24033882501484435,0.0,0.08844257226806526,0.0005530179440713734,0.03103583030971571,0.00741590938658281,0.006774221345312501,0.556861607726895,0.19111917142146115,6.610696135189607e-05,6.610696135189607e-05,0.41269570964789465,0.06399851333267415,0.4898839063814812,0.9732936110270038,0.6405573098365819,0.5758158162207463,0.5146859241439949,0.07264262947253491,0.00012069090036325784,0.0,0.0,0.0,0.0,0.0
0.0006428554727481328,0.020890243526772746,0.007259888584440109,0.0013183612292335305,6.610696135189607e-05,6.610696135189607e-05,0.13875747375609088,0.028782193667475853,6.610696135189607e-05,0.9999380147942892,0.0,0.12275666661626215,0.00013959251219530365,0.2369744421434412,0.0008024910042602171,0.4168387607204484,0.03249463636618541,0.2842078639589522,0.10697450487830434,0.1749370710408127,0.9907929202868698,0.5344047414067137,1.0,0.019575251762795783,0.4909786804426039,0.00010696331036034353,0.008838154164678376,0.006131708555961,0.9999338930386481,0.11822829033658885,0.16003341456835155,0.10099660542525836,0.5251067558796961,0.6885275398078832,0.3446418872072266,0.026607298477000687,0.120327557239834,0.42332331911405896,0.06877588176668849,0.6415186786710646,0.4815995717975776,0.18702753058796576,0.15238221394602378,0.0,0.22732119290634395,0.0,0.032734598505417704,0.3893910870189058,0.4129084189800773,0.09718608827356881,0.05942295712640344,0.06423462134570983,0.009317742334061435,6.610696135189607e-05,0.11032657329480679,0.291280309580047,0.24708788715747013,0.04219408565062104,0.0,0.001456533808565037,0.0,0.0,0.2530401134741805,0.2340805019008984,0.7059979645337299,0.6726807150131636,0.00920707971313015,0.23827406568694237,0.0,0.0885001055020249,0.0005487327803931983,0.031083292998858068,0.007412344938032403,0.00679817191315979,0.5578073459408427,0.19195877734893527,9.367459264146442e-05,6.610696135189607e-05,0.41239933123462075,0.06438457303464677,0.4904073605258901,0.973253109010804,0.6412414668081597,0.5758741898816808,0.5143853575128631,0.07294657148856956,0.0001120623425716978,0.0,0.0,0.0,0.0,0.0
0.0006429514329308558,0.02085955236569213,0.007269837319574514,0.0013256024479312344,6.610696135189607e-05,6.610696135189607e-05,0.13917929257764333,0.028790668396168808,6.610696135189607e-05,0.9999379887031827,0.0,0.12206620847317314,0.00013938365072298472,0.2361152610056029,0.0007716285597142153,0.41744819601776306,0.03213325872341949,0.2840206197622068,0.1073470538605949,0.1751663961652258,0.990835974493033,0.5342940408232618,1.0,0.019382716181096434,0.48939983242877255,0.00010696331036034353,0.00895911895295945,0.006136724761977171,0.9999338930386481,0.11718997389486986,0.15690515091534848,0.09694217186394904,0.5277174073467265,0.68923012389251,0.3452757483845171,0.02661940479788127,0.12070222170256799,0.42326241651407887,0.06843477618783551,0.6413438331424869,0.4814044938966805,0.18926611140920058,0.15650178328905365,0.0,0.22947581068066913,0.0,0.03303956792591322,0.39021478411579824,0.41655609628331214,0.09777446232728189,0.0597398379186278,0.06851268829914252,0.012520844642637413,6.610696135189607e-05,0.11168050970561882,0.2902799652572007,0.24601584130056986,0.04173836477021911,0.0,0.0012644981844367013,0.0,0.0,0.25327888529709625,0.23447070778916784,0.7033868347302045,0.6683318205457206,0.009164025506967044,0.23623014849606902,0.0,0.08855883125105413,0.0005445895439076016,0.0311263217435167,0.007406384241917188,0.006819372519090126,0.5587459804848667,0.19277822953950371,0.0002986795981432615,6.610696135189607e-05,0.4121330471656234,0.06475403480692009,0.49091967837209083,0.9732412115513958,0.6419180191073924,0.575965954926207,0.5141170277944014,0.07324402283699753,0.00010417855194488012,0.0,0.0,0.0,0.0,0.0
0.0006430200086217367,0.020829141450738144,0.00727980678126678,0.001332489386629393,6.610696135189607e-05,6.610696135189607e-05,0.13961397379001428,0.02879990214319882,6.610696135189607e-05,0.9999379615597256,0.0,0.12138410426105745,0.00013918874294391916,0.2352677956606015,0.0007415825481579092,0.4180499959634573,0.03176901138161188,0.2838255040489313,0.10769850837073192,0.17536772485257232,0.990878955035573,0.5341761222671428,1.0,0.019175488293922845,0.48783823422195566,0.00010696331036034353,0.009115074109923644,0.006144740327911277,0.9999338930386481,0.11619063306075635,0.15372658040997855,0.09306979661710094,0.5302362551659919,0.6899124676120415,0.3458973790154308,0.02662713698487486,0.12106750155193256,0.42322593229792266,0.06806297869712064,0.6412243545674631,0.4812465728677689,0.19154063560954054,0.1606558311978171,0.0,0.231613770649603,0.0,0.03333282887049498,0.3909914528853306,0.42016638805734813,0.09835072966592599,0.06005023106047791,0.07250507861082986,0.01612455754953556,6.610696135189607e-05,0.11299940346182426,0.2893191032612951,0.2449962189113766,0.04132153023126901,0.0,0.0010951319412358794,0.0,0.0,0.25348275129150005,0.23483098124723784,0.7007608560197275,0.6639764439496106,0.00912104496442705,0.23421010708325418,0.0,0.08860732601324438,0.0005407852442362069,0.0311651456680948,0.007394236122919092,0.006843078443692639,0.5596420980256193,0.19356705873114344,0.0006001009365262154,6.610696135189607e-05,0.41188656380710276,0.06509131347658195,0.4913969864922428,0.9732336742721812,0.6425695708462301,0.5760324851539195,0.5138870253394221,0.07352388275942498,9.694183606197964e-05,0.0,0.0,0.0,0.0,0.0
0.0006431182620319146,0.020798753549128947,0.007289708914542522,0.0013383701185147375,6.610696135189607e-05,6.610696135189607e-05,0.14004209245549187,0.028812412454537528,6.610696135189607e-05,0.9999379370611124,0.0,0.12071024557866473,0.00013900339006039635,0.2344307039401397,0.0007123478572911036,0.4186365053239052,0.031402552908721,0.2836241169990524,0.10802863655869263,0.17554029921324527,0.9909216153590351,0.5340460720332721,1.0,0.01894342538993719,0.4862869158975383,0.00010696331036034353,0.009222348168594414,0.0061554683590821745,0.9999338930386481,0.11521268545435424,0.15081069569181885,0.08943807099736646,0.532797586209508,0.6905992353868099,0.3465037736014811,0.026630698040926222,0.12141692412666061,0.42317393534865316,0.06764986479643528,0.6411612050460961,0.4811256718033224,0.1938419581740156,0.1648599377851782,0.0,0.23375566075141058,0.0,0.03363682587948275,0.3917165324149948,0.4237807324644421,0.09889876587183864,0.06035293993873514,0.07661584769732979,0.020188648431426752,6.610696135189607e-05,0.1143110360850712,0.2883860074338638,0.2439943115012381,0.040933279382981594,0.0,0.0009460909629528414,0.0,0.0,0.253641769151795,0.23515989777060534,0.6981294052672918,0.6595997630015765,0.0090783846409649,0.23219826721531733,0.0,0.08866562585479226,0.0005374158638756681,0.031201714151780677,0.00737381276302746,0.006860439800038118,0.5605687648900299,0.19435784440392945,0.001020026787983583,6.610696135189607e-05,0.4116944775975581,0.06540645311195198,0.49185270143687254,0.9732302985690133,0.6432062809702468,0.5761137167940558,0.5137136298796596,0.07379447289338797,9.031342701989172e-05,0.0,0.0,0.0,0.0,0.0
0.0006432324168628749,0.02080032318794234,0.007299519888904927,0.001344615840424766,6.610696135189607e-05,6.610696135189607e-05,0.1404313504813249,0.02882597711457975,6.610696135189607e-05,0.9999378089393272,0.0,0.12004341489285549,0.0001388300868107042,0.23360334731115853,0.0006838924742608496,0.41921116158287286,0.031033109786023,0.28340638890337505,0.1083361274435428,0.17568162721982425,0.9909638571711484,0.5338963409099611,1.0,0.018737022579171363,0.48472650675730533,0.00010696331036034353,0.009340423597472645,0.006168805522426227,0.9999338930386481,0.11426411837236053,0.14792106152148712,0.08598713531120195,0.5352622360378624,0.6912177508363174,0.3470698315025363,0.02662976413583601,0.12175515455022422,0.4230196301311099,0.06718882683681321,0.6411241400470098,0.4810617438975169,0.19618697414085792,0.16908476211847986,0.0,0.23587796314080187,0.0,0.03395485140893464,0.3923970123758504,0.42732247793437256,0.0994549759176701,0.0606442441366351,0.08111327493807445,0.024659416678186212,6.610696135189607e-05,0.11557767748847828,0.28748690813342964,0.2430694389364211,0.04058058843726532,0.0,0.0008156681935627644,0.0,0.0,0.25377552063652986,0.23544761511198675,0.6954768984155992,0.6552336106616959,0.009036142828851576,0.230225695949237,0.0,0.08874021725713332,0.0005342063660959779,0.0312336451224998,0.007355254542847771,0.006874336741431481,0.5616203589355145,0.19513560717905432,0.0014674652920776674,6.610696135189607e-05,0.4115584809726724,0.06571281022726155,0.4923061651673429,0.9732314057773533,0.6438258299450544,0.5762964773946292,0.513600011580314,0.07406722953043743,8.425208712121074e-05,0.0,0.0,0.0,0.0,0.0
0.0006433053812190758,0.020782246310132733,0.007295915080307619,0.0013508614609505877,6.610696135189607e-05,6.610696135189607e-05,0.14087350826148867,0.028839924468999533,6.610696135189607e-05,0.9999378128141571,0.0,0.11939291408190586,0.00013866703744333205,0.23280745333156241,0.0006561897430729127,0.4197806913204941,0.03066029465361548,0.2832184345212243,0.10863426786334159,0.1758203072999927,0.991011084530736,0.5338230720675271,1.0,0.018530958917565277,0.4831658095305149,0.00010696331036034353,0.009463055143334561,0.006185439663757624,0.9999338930386481,0.11335527915460702,0.1451134948182443,0.08275744198387723,0.537640073933087,0.6918029804122633,0.34761101193104277,0.026629477448570794,0.12205362144378427,0.4228577535378369,0.06666997013830822,0.641127130513194,0.48100753678538793,0.1985453294215549,0.1733053310955746,0.0,0.23790813348893353,0.0,0.0342319425805228,0.3930004665809246,0.4308158156158197,0.09999717758842827,0.06092703161910213,0.0856358881227093,0.02955180522151158,6.610696135189607e-05,0.11680011458796165,0.286614537466254,0.2422009332908349,0.040260031212752186,0.0,0.0007018874575358128,0.0,0.0,0.25388142562665306,0.23569533061429715,0.6928204027151035,0.6508743616044327,0.008988915469263933,0.2282687944435394,0.0,0.08880398373686214,0.0005308362755028284,0.03126027687493208,0.007334410787043233,0.006885665727304919,0.562608784444316,0.19589340268177224,0.001948043909632294,6.610696135189607e-05,0.4114659150308666,0.06599608629690179,0.49273604277429917,0.9732318555139858,0.6444370377671175,0.5764860567190901,0.5135493385411977,0.07433114920653743,7.869807909048978e-05,0.0,0.0,0.0,0.0,0.0
0.0006434148640031796,0.020759347607125674,0.007301030895120984,0.0013569108309221343,6.610696135189607e-05,6.610696135189607e-05,0.14130328740317863,0.02884970594738363,6.610696135189607e-05,0.9999377824829586,0.0,0.11875132869037444,0.00013853010727406603,0.2320277650869993,0.0006292504057046221,0.42036464563629694,0.03028274506068111,0.2829996986518071,0.10890141841444381,0.1759132345013878,0.9910565496473747,0.5336932121707838,1.0,0.018333947942888985,0.48164298793330085,0.00010696331036034353,0.009587393127489918,0.006204979786142744,0.9999338930386481,0.11248285098035785,0.14237712730386742,0.07972489801053181,0.5399364803878915,0.6923746117041185,0.3481451334755779,0.026629513538772617,0.12234895048375158,0.4226885610522111,0.06613089179637827,0.6411847167611304,0.48100058286004826,0.20091600668879162,0.17752696877074134,0.0,0.23990982902604147,0.0,0.034527177329491496,0.3935518766445267,0.4342848650444113,0.10052191978514316,0.06119788485692022,0.09001186966751779,0.03479391389955489,6.610696135189607e-05,0.11798714433565498,0.2857960902474597,0.24136454667668253,0.03996774312002891,0.0,0.000603091175434076,0.0,0.0,0.2539462357454283,0.23592611842678857,0.6901825748967646,0.6465597967278709,0.008943450352625297,0.22639695880317473,0.0,0.08887333582672753,0.0005274583115321762,0.03128676948975309,0.007311604235364781,0.00689497806942965,0.5635827293230163,0.19663883568427962,0.002447036220269291,6.610696135189607e-05,0.41142462784232064,0.06626084161919898,0.4931357947140187,0.9732319563539533,0.6450201932538151,0.5766821885420843,0.5135044625673247,0.07458630243276032,7.360006135611049e-05,0.0,0.0,0.0,0.0,0.0
0.0006435117260386974,0.020733496578055594,0.007308739568349472,0.0013627090495816861,6.610696135189607e-05,6.610696135189607e-05,0.14172060992165447,0.028860498941912827,6.610696135189607e-05,0.9999377529207343,0.0,0.11812312804808144,0.00013842010877837793,0.23127340246979974,0.0006030719177219723,0.4209614166277498,0.029902641136930617,0.28277017368555846,0.10914788226529983,0.1759797275823978,0.9911007157949336,0.5335446161276377,1.0,0.01814186040248796,0.48014417472932996,0.00010696331036034353,0.009712373205445195,0.006227120910173679,0.9999338930386481,0.11164399258062377,0.13976054757099912,0.07687353838463978,0.5421365625572344,0.6929342842855147,0.34867202231494693,0.026629877872136738,0.12264159099193185,0.42251752461704417,0.06558377401179585,0.6412938997406836,0.4810399727613186,0.20329775763131416,0.18174734965745115,0.0,0.2418850442525962,0.0,0.03482073821784078,0.39406834388998113,0.43770573979194977,0.10102882305921428,0.06145580027538399,0.0943389556915323,0.04044075597863162,6.610696135189607e-05,0.1191040060173295,0.28499043000591884,0.24055921914474082,0.03970058489228015,0.0,0.0005174920521059051,0.0,0.0,0.2539695303250922,0.23612093895061545,0.6875543601033861,0.6422729227601511,0.008899284205066397,0.22457033961976608,0.0,0.08893776907339455,0.0005240337956385802,0.0313064509505908,0.007287145460863562,0.006902547384508098,0.5645098652673045,0.1973855192611356,0.002985011366998766,6.610696135189607e-05,0.4114178952706128,0.06650649656974442,0.49350426474469156,0.9732317020190849,0.6455675144861626,0.5768794034652339,0.5134548093604544,0.07483392879729361,6.891460250749299e-05,0.0,0.0,0.0,0.0,0.0
0.0006436181607367191,0.020706436937711917,0.00731733418819895,0.001368031777552641,6.610696135189607e-05,6.610696135189607e-05,0.14213458703716708,0.028873173623378226,6.610696135189607e-05,0.9999377240939481,0.0,0.11750789375096622,0.0001383334254543144,0.23054366222281558,0.0005776354253871974,0.4215630869680929,0.029519752577898538,0.28252922294938737,0.10936975907340779,0.17601720505638643,0.9911432135014273,0.5333781696204054,1.0,0.01795678230544291,0.47867361557427157,0.00010696331036034353,0.009837254122314794,0.006256554767526477,0.9999338930386481,0.1108437482665388,0.13722774528008022,0.07417011508215617,0.5442396922788915,0.6934781600580768,0.34918945145589614,0.026630597786322586,0.12292937443496244,0.42234279046242473,0.06503284070491316,0.6414508960029891,0.48112237214280223,0.20567975294255975,0.18595500795325465,0.0,0.24383039142877877,0.0,0.03511000026376549,0.39455698266589606,0.44108595993491934,0.1015199227076776,0.061706613020041295,0.09860221533799321,0.04650950566397701,6.610696135189607e-05,0.12022325825814208,0.2842470496832221,0.2397899473243707,0.03945684437472593,0.0,0.00044353499428903705,0.0,0.0,0.25395494203897706,0.23628380130613988,0.6849504879840325,0.6380277869903589,0.008856786498572692,0.22279143895081588,0.0,0.08900157007347705,0.000520549133185532,0.03132157811870107,0.007260862829214508,0.006908646761978895,0.5654107067725099,0.19808305619103342,0.003513706615971288,6.610696135189607e-05,0.4114536014895182,0.06673189261755248,0.4938458104184117,0.9732310687882231,0.6460834283479329,0.577079574112188,0.5134040723269939,0.07507440938013528,6.46036016705519e-05,0.0,0.0,0.0,0.0,0.0
0.000643728338048871,0.020678632075879853,0.007326195992998853,0.0013728675515357791,6.610696135189607e-05,6.610696135189607e-05,0.142540100657658,0.028887818081355293,6.610696135189607e-05,0.9999376962384607,0.0,0.11690668128818502,0.00013827126022724926,0.22984025452164342,0.0005529414427127731,0.42217078201368374,0.02913536689102699,0.28228453726717234,0.10957629358658627,0.17603652717018597,0.9911843150976061,0.5332053195133639,1.0,0.017757802282966223,0.4772194373666999,0.00010696331036034353,0.009961774829447823,0.00627164871691459,0.9999338930386481,0.1100523634466513,0.13479671863249304,0.07169937326702921,0.5463493633382521,0.694013285070854,0.34969921099763673,0.02663154571085478,0.12320946144578429,0.4221690922167375,0.06448593690618697,0.6416573968615348,0.48124238851922346,0.20806065213745223,0.19014562994464682,0.0,0.24574097005775314,0.0,0.03539274474486077,0.3949986791778371,0.44441326320768576,0.10199334300584284,0.061937542891797856,0.10277422669981852,0.05299525561393635,6.610696135189607e-05,0.1213289671333786,0.2835289406586666,0.23904647385372385,0.039233884956036955,0.0,0.0003797598395692994,0.0,0.0,0.2538976996441839,0.23641244020909777,0.6823630542759614,0.6338178428851672,0.008815684902393912,0.22105371042888305,0.0,0.0890617718805736,0.0005238161492770021,0.03133288953082889,0.007233944324271417,0.006912854215291486,0.566241004425016,0.19872678453554682,0.004015417015491038,6.610696135189607e-05,0.4115122680476358,0.0669402410754221,0.49416022275814137,0.973230183028918,0.646570524193003,0.5772779663405497,0.5133432810801293,0.07530953660325439,6.063400450635309e-05,0.0,0.0,0.0,0.0,0.0
0.0006438654950052643,0.020649700924353632,0.0073349267844448245,0.001377391722269319,6.610696135189607e-05,6.610696135189607e-05,0.14294623519416746,0.028903777718665483,6.610696135189607e-05,0.9999376686080297,0.0,0.11631774468056581,0.00013822878286382637,0.2291585223776399,0.0005289804724672971,0.42278002929827546,0.028748925917820006,0.2820292521272056,0.10976279819063135,0.176031254595477,0.9912238874951653,0.5330143962918428,1.0,0.017573693387168045,0.47577519691688236,0.00010696331036034353,0.010084888506285817,0.0063092520986515145,0.9999338930386481,0.10929718670725352,0.13247251019502893,0.06930702686744906,0.5483403521720905,0.6945044018831541,0.35018185531341783,0.02661870150718223,0.12347402856616148,0.42195870032140786,0.06393749026119237,0.6418753889559362,0.4813959681258095,0.21042798985993838,0.19430995585048455,0.0,0.24762059156396166,0.0,0.03566232780173224,0.39540433031916694,0.44767693126478847,0.10244454145114897,0.062169211112750686,0.10713368993140683,0.05990114297007309,6.610696135189607e-05,0.12237455665155834,0.2828126698072313,0.23835383448418532,0.03903193354464562,0.0,0.00032486287712410624,0.0,0.0,0.25382802030065255,0.23651779388809818,0.6798092119494303,0.6296587895540384,0.008776112504834687,0.21936501214419557,0.0,0.0891296690697079,0.0005209196297127202,0.03134146909971481,0.0072078013894624786,0.006917827944962881,0.567127044285797,0.1993289707519127,0.004553090582109655,6.610696135189607e-05,0.41160359846265027,0.06714176363266067,0.49446846646137077,0.9732430697099539,0.6470425861790745,0.5775123192061248,0.5132824804405322,0.07554766482559139,5.698585888683615e-05,0.0,0.0,0.0,0.0,0.0
0.0006440161911848963,0.020621526378962907,0.0073433547618541655,0.00138164547749713,6.610696135189607e-05,6.610696135189607e-05,0.14334970210660836,0.028920974516426588,6.610696135189607e-05,0.9999376411517374,0.0,0.11574322122917406,0.0001382196241001807,0.2285072793222826,0.0005057511435648735,0.423404147351377,0.028359792580438636,0.28176457283457673,0.10992467520591666,0.17599822183617342,0.9912618921929899,0.5328097245578068,1.0,0.01740011264623985,0.4743674191464765,0.00010696331036034353,0.010183292881748159,0.006332746003200579,0.9999338930386481,0.10861628303346657,0.1303235567778387,0.06715667138575876,0.5502432539902651,0.6949842309653134,0.35066355019606926,0.026614583099497737,0.12373472911964184,0.42174779834200044,0.06339342196322252,0.6421422423936799,0.48157959494167196,0.21278150046807975,0.19844173041635435,0.0,0.24945664174545518,0.0,0.03594314350836196,0.3957859932456536,0.4509158522779444,0.10288702725640177,0.06237685344380113,0.11127301059256436,0.06725099211387005,6.610696135189607e-05,0.1234448119536414,0.2821238381533553,0.23768804870527976,0.03884778361645212,0.0,0.00027770485352037117,0.0,0.0,0.2537177370216007,0.2366022086148649,0.6772938243260036,0.6255600477474722,0.008738107807010093,0.21773363369673798,0.0,0.08919760278297707,0.000519770521968817,0.03134906718311994,0.007181147664953665,0.006919641876782249,0.5679741426597015,0.19992296405127835,0.0050696870790537685,6.610696135189607e-05,0.4117218913043189,0.06732772032940695,0.4947454449583046,0.9732471972764021,0.6474802867045553,0.5777464505144347,0.5132024306854005,0.07578022800428073,5.362360888642128e-05,0.0,0.0,0.0,0.0,0.0
0.0006441477168049842,0.020593150856156955,0.007351234649343409,0.0013860143776893194,6.610696135189607e-05,6.610696135189607e-05,0.14373747038254392,0.02893827238810809,6.610696135189607e-05,0.9999376151081676,0.0,0.11518301515751744,0.00013824209187264364,0.2278842084435866,0.000483248508659796,0.4240376452133907,0.027968221024390394,0.2814900214244594,0.1100667967934596,0.1759447125202493,0.9912988738963097,0.5325952796466814,1.0,0.017233080352427075,0.47297933203161746,0.00010696331036034353,0.01028287587317136,0.0063696042326834845,0.9999338930386481,0.10792433946076516,0.12828441705099822,0.06512435564917415,0.5520980661675134,0.6954501710022521,0.3511357494119151,0.026610574341849793,0.12398948505558462,0.4215410657198883,0.06286570088543143,0.6424504489868919,0.4818119487478513,0.2151243661214739,0.20251694244429533,0.0,0.2512420955867113,0.0,0.03619093477470869,0.3961326638202468,0.4540311561775432,0.10332115288268273,0.0625825902284276,0.11533640721318868,0.07495982604601721,6.610696135189607e-05,0.12444466465544012,0.28148369185606276,0.23705656331227248,0.038679310762749886,0.0,0.00023723936075517965,0.0,0.0,0.2535730348171391,0.23664750975573784,0.6748088370850666,0.6215383450354555,0.008701126103690329,0.21616262476660728,0.0,0.08925906194652299,0.0005239820273722823,0.03135236747986678,0.007157406786829333,0.006922105586028027,0.5687547945320703,0.20046635291444684,0.005557578322741942,6.610696135189607e-05,0.4118459836511262,0.06749326568547537,0.4950019246678176,0.9732511835662776,0.6478890671400737,0.577975685771452,0.5130966539011779,0.07600829517157875,5.05200719514719e-05,0.0,0.0,0.0,0.0,0.0
0.0006443061939981977,0.020565054600822957,0.007358948561237397,0.001390130353516497,6.610696135189607e-05,6.610696135189607e-05,0.14412447385529092,0.02895326315409191,6.610696135189607e-05,0.9999375891081002,0.0,0.11463825372239429,0.00013829251299662203,0.22728817119304884,0.0004614744437415669,0.4246789875960254,0.027574999441733413,0.28121242748453845,0.11019032597450419,0.17587226193171826,0.9913343410876603,0.5323775535728339,1.0,0.01707557144149213,0.47161821620768496,0.00010696331036034353,0.010389937621587998,0.006405871320419685,0.9999338930386481,0.10728278353920466,0.1262706373340967,0.06320513304984582,0.5538617565363777,0.6958921792788345,0.35159267716150283,0.02659734827966291,0.12422979802762227,0.42133753238014127,0.062347289683725195,0.642789303941434,0.48206311705656524,0.21743592375007526,0.20651917621277682,0.0,0.2529624924200549,0.0,0.03642627894987943,0.39643964971420603,0.4570868950018496,0.1037358212844082,0.06276284905393535,0.11916843220210488,0.0830395604369434,6.610696135189607e-05,0.1254292913238532,0.2808772960394118,0.23646098408372046,0.03852578871361423,0.0,0.00020255546945538552,0.0,0.0,0.25340233084423547,0.23667680334121052,0.6723737502754206,0.6176085618555051,0.00866565891233974,0.2146599540071112,0.0,0.08931946326201141,0.0005222193074559044,0.03135598900796311,0.007134645938037056,0.006922603408578945,0.5695168097959941,0.20098024411933868,0.006028806551714981,6.610696135189607e-05,0.41199033847005245,0.06764683663744503,0.4952432804024887,0.9732643592073404,0.6482794753098735,0.5782009931761173,0.5129737227202494,0.07623336577259703,4.765211768582713e-05,0.0,0.0,0.0,0.0,0.0
0.0006444677387504292,0.020537671187754864,0.007365921630854954,0.0013939216004287555,6.610696135189607e-05,6.610696135189607e-05,0.14448815510846308,0.02898835089913635,6.610696135189607e-05,0.9999375610058278,0.0,0.11410778609620842,0.0001383774319584565,0.22672011481339097,0.00044042644304796073,0.42532954686170493,0.02718039120299606,0.28093223206835954,0.11029672445028121,0.1757828304181293,0.9913683112937183,0.532154335230755,1.0,0.016926857139323077,0.4702881354792865,0.00010696331036034353,0.010505860483645806,0.006444232041271492,0.9999338930386481,0.1066759264653988,0.12433850984847576,0.06142453103690625,0.5555190959595951,0.6963333608856528,0.3520503586198727,0.026593144052450248,0.12446570464422928,0.42115584960069935,0.06184691142350641,0.6431652695069321,0.48233443309886365,0.21971257739234376,0.21045623034500507,0.0,0.2546271895555776,0.0,0.03671307196578669,0.3967229963279729,0.4600856257240252,0.10413358588983632,0.06293379165247338,0.12279020155795613,0.09150962537388771,6.610696135189607e-05,0.12639643085061952,0.2802717821645019,0.23588077689346879,0.03838375745884276,0.0,0.00017285962345130656,0.0,0.0,0.25320092749765666,0.2366883367209767,0.669990698157375,0.6137609392368656,0.0086316887062817,0.21321847521366746,0.0,0.08937698568177962,0.0005206804725389395,0.031357816927665254,0.007111424601180902,0.006922697079230926,0.5702287385167981,0.20146366936273366,0.006491440899323266,6.610696135189607e-05,0.4121428542784027,0.06778586222087847,0.4954580978250761,0.9732684785155913,0.6486413209189285,0.5784037239562527,0.5128235417147887,0.07645341179241523,4.499811180016156e-05,0.0,0.0,0.0,0.0,0.0
0.0006445672758971172,0.020511855883852056,0.007372631206425256,0.0013973197603261032,6.610696135189607e-05,6.610696135189607e-05,0.14483587005171347,0.029012849501534856,6.610696135189607e-05,0.9999375384050375,0.0,0.11359245868996909,0.0001384949285797911,0.2261799644987965,0.0004201115368321955,0.42598656551755243,0.026785018013254943,0.28065325283967985,0.1103878656867413,0.17568138376379516,0.9914020971408474,0.5319327999173297,1.0,0.01677954482463603,0.46899532241704694,0.00010696331036034353,0.010610770943420807,0.0064795620380853755,0.9999338930386481,0.10610345315684326,0.12252905374285213,0.05977659747412822,0.5571080293347369,0.6967746345204798,0.35251010307035313,0.026591193515756836,0.12469207379895499,0.420998370639287,0.06136358082654929,0.6435773179006745,0.4826254182823164,0.2219570585653484,0.21433852057117092,0.0,0.25624023419734654,0.0,0.03693113743199597,0.3969773876548002,0.4630325309090071,0.10450736116257127,0.06309343435281026,0.126588208932962,0.10039204711404182,6.610696135189607e-05,0.1273537915246779,0.27970902493542465,0.2353268684460483,0.03825336848939685,0.0,0.0001474553855630132,0.0,0.0,0.2529744550721836,0.2366787921342898,0.6676550757479103,0.6099800956650339,0.008597902859152589,0.2118269658853239,0.0,0.08942635302008167,0.0005197705219617223,0.03135709891107217,0.007086528301501844,0.00692206250358273,0.5708911581433114,0.20187605714414766,0.006942373273635094,6.610696135189607e-05,0.41230052674405615,0.06789849703347185,0.4956440697502809,0.9732703115556633,0.6489805063166856,0.5785815178238808,0.5126498536558983,0.07666320901388701,4.253674371392258e-05,0.0,0.0,0.0,0.0,0.0
0.0006447327335981514,0.020486230565127515,0.007378703329942816,0.0014006786996205922,6.610696135189607e-05,6.610696135189607e-05,0.14519856929454616,0.02903245472182452,6.610696135189607e-05,0.9999375097632962,0.0,0.11309073132953944,0.00013863889640322079,0.22566226698449304,0.00040051499277924703,0.42663908087460356,0.026389337434685446,0.2803722096792674,0.11046434339831218,0.17556533177594924,0.99143445788201,0.5317068607717473,1.0,0.016644665691057048,0.4677259618930245,0.00010696331036034353,0.01072439504091515,0.006512327411157644,0.9999338930386481,0.10556182697314358,0.12079268097667985,0.058280511675470145,0.5586074257638964,0.6972114954852309,0.35295865999865916,0.026588447904915637,0.1249079468780681,0.4208445157373556,0.06089664537859011,0.644016885615778,0.48293240623812717,0.22416223772629604,0.2181482550008224,0.0,0.25779474836229016,0.0,0.03715990232537218,0.3971964685108897,0.465892703607954,0.10486597544075844,0.06324399667845136,0.1300813615191987,0.10966498187148584,6.610696135189607e-05,0.1282796304565597,0.27916860751862854,0.23478718842578253,0.0381308271246759,0.0,0.00012574863282259236,0.0,0.0,0.252722507217364,0.23665512835279864,0.6653734188753918,0.6062864132232284,0.008565542117990004,0.2104983908659626,0.0,0.08947988576358562,0.000519770521934729,0.03135703190525941,0.0070294661145328344,0.0069213959484476706,0.5715115020720543,0.20225474337609833,0.007471371766856025,6.610696135189607e-05,0.41253256725639387,0.06800131608898667,0.4958197815471255,0.9732729131986811,0.6493040375046162,0.5787549692698651,0.5124642737468063,0.07687126973217256,4.025572980680404e-05,0.0,0.0,0.0,0.0,0.0
0.0006448734239766069,0.020461643898645354,0.007384185937858055,0.0014039225691040243,6.610696135189607e-05,6.610696135189607e-05,0.1455289132988803,0.029050065565572276,6.610696135189607e-05,0.999937488277291,0.0,0.11260355930548668,0.00013880588097066622,0.22516095585725834,0.00038161535337768966,0.4272833206112288,0.02599338130958094,0.28009084781452037,0.11052669747936561,0.17543676929179225,0.991465886949436,0.5314783779913057,1.0,0.016510294037065294,0.46648416014574284,0.00010696331036034353,0.010828099426041612,0.006545455868419501,0.9999338930386481,0.10505101170939546,0.11919035025932698,0.05686327406946132,0.5600508292937856,0.6976489883133813,0.35341516956831626,0.026584101051067448,0.1251134062069335,0.42073739197177235,0.06044698910469373,0.6444861886750787,0.4832549799058788,0.2263236026738886,0.2218901057231968,0.0,0.2592968280339654,0.0,0.03738280464642981,0.39738858574928504,0.4686767200067792,0.10520447281864342,0.06338801965142601,0.13346500892647226,0.1193558806476959,6.610696135189607e-05,0.12916959171715217,0.2786484636959868,0.2342620390505539,0.03801862049716315,0.0,0.0001072101616914018,0.0,0.0,0.25245070000044284,0.2366160315914561,0.6631496998467458,0.602673124985011,0.00853411305056396,0.20922479397472887,0.0,0.08951919261560719,0.000519770521934729,0.031354986970805014,0.0069907560355501296,0.006920897107164773,0.5720293946514509,0.2025993455962819,0.007931389537240412,6.610696135189607e-05,0.4127623942624126,0.06808897263606478,0.49596265062903394,0.9732770930679618,0.6496184277741168,0.57888099267485,0.5122696902840775,0.07706973001489748,3.814068814476852e-05,0.0,0.0,0.0,0.0,0.0
0.0006450179319177382,0.020437831260541918,0.007389261358859383,0.0014070569401792585,6.610696135189607e-05,6.610696135189607e-05,0.14583911221938348,0.02906670931811089,6.610696135189607e-05,0.9999374677488018,0.0,0.11212976043583868,0.00013899713944400536,0.22467699013696987,0.0003634172676439104,0.42791922101178903,0.025597502045671617,0.2798074472932381,0.11057495609978346,0.175295759416995,0.9914962238602423,0.5312479413665326,1.0,0.016413221783168484,0.4652763604784555,0.00010696331036034353,0.010925844245390627,0.006579842176753604,0.9999338930386481,0.10457016679706399,0.1176953689509049,0.05553577120075532,0.5613625194494173,0.6980795911504312,0.3538613479371208,0.026579795574862848,0.12531071618916745,0.4206341694358916,0.060014561294075765,0.6449767353853731,0.4835942870379842,0.228444513242616,0.2255556159033917,0.0,0.26074307214816195,0.0,0.037601556445636126,0.3975571249181962,0.47137557723678675,0.10552788277955273,0.06352467838562834,0.13682603392699713,0.1294098087547829,6.610696135189607e-05,0.1300448189141494,0.2781495272607839,0.23375676884944274,0.03791391542471925,0.0,9.13850585303098e-05,0.0,0.0,0.2521620129323656,0.2365620889722384,0.6609805306576005,0.5991486246796133,0.008503776139757762,0.2080089864853055,0.0,0.089559279740753,0.000519770521934729,0.03135162490976765,0.006960989885653171,0.006919906499970343,0.5725348908961075,0.20293937401859313,0.00834225379903327,6.610696135189607e-05,0.4129726472409902,0.06816364000012608,0.4960949762023213,0.9732812072856931,0.6499209086153324,0.5790024132964645,0.5120662176941352,0.07726374963658963,3.617669653928932e-05,0.0,0.0,0.0,0.0,0.0
0.000645124963897285,0.02041575848176716,0.007394027060704342,0.0014100686861678632,6.610696135189607e-05,6.610696135189607e-05,0.14613399923602438,0.029082770900989402,6.610696135189607e-05,0.9999374480231366,0.0,0.11167162600185097,0.00013921577220120672,0.2242161609866805,0.0003459221612413009,0.42855123596792105,0.025202587956832622,0.2795278913181578,0.11061096728689948,0.175146041712392,0.9915255109017507,0.5310250463178251,1.0,0.016302596373406242,0.46410964033763474,0.00010696331036034353,0.011020094303983305,0.006615493487840546,0.9999338930386481,0.10412699767231842,0.11630230716086803,0.054330652235216735,0.5626216357385846,0.6985290603296289,0.35431212258585454,0.02657959427557098,0.12550513133319843,0.420602941250685,0.059612281694992574,0.6455054021487937,0.48393947840809187,0.23051266973944376,0.22912574802249294,0.0,0.26211960257868056,0.0,0.03779876761696371,0.3977037278829551,0.47398809894464766,0.10583521532082048,0.06365106007003418,0.1396735375797286,0.13979951604523688,6.610696135189607e-05,0.1309041103808288,0.27767404017742864,0.2332618586639574,0.03781595834858306,0.0,7.788630495009247e-05,0.0,0.0,0.2518516032269605,0.23649829230928018,0.6588763629736567,0.595728210265115,0.008474489098249292,0.20685535110349432,0.0,0.0895815212869611,0.0005199447142341734,0.031347185392476114,0.0069347961808605245,0.006918339368210151,0.5728983521663984,0.20321882827534848,0.008707008225806681,6.610696135189607e-05,0.4131569460847158,0.06820908100641372,0.4962002930637115,0.9732811899522278,0.650200821375171,0.5790511365880738,0.5118364823370865,0.07744040666741327,3.433796447014525e-05,0.0,0.0,0.0,0.0,0.0
0.000645258757741975,0.02039447736935637,0.007398309396862124,0.0014129354388050634,6.610696135189607e-05,6.610696135189607e-05,0.14641079384176411,0.0290984126696736,6.610696135189607e-05,0.9999374295680196,0.0,0.11122504783306643,0.00013945051567405332,0.223768448977248,0.0003291176999981518,0.4291611700852556,0.02480926081972834,0.27924981014758454,0.11063477513629008,0.17498745208695923,0.991553732945495,0.5308043576469657,1.0,0.016193710954913385,0.4629682783389231,0.00010696331036034353,0.011107050209314259,0.00665162836648195,0.9999338930386481,0.10371325639648883,0.11501172880064642,0.05319312901785579,0.5638347481096229,0.6989793960549435,0.3547501623413447,0.026578326999458616,0.12568967566425676,0.420568556509029,0.059231790621151824,0.6460565579347836,0.4842981514851017,0.23253498480105947,0.2326046692412407,0.0,0.2634362384752369,0.0,0.037993990997857476,0.3978301609305871,0.4765089617627683,0.10612625713333482,0.06376658409383276,0.14254670281457105,0.1505096540116336,6.610696135189607e-05,0.13173993186676408,0.27721669652247505,0.23278045830109947,0.03772182686437029,0.0,6.637459742244364e-05,0.0,0.0,0.25152204054362814,0.2364194169852025,0.6568302400626505,0.5924078786718,0.008446267054504979,0.20575940387779756,0.0,0.08961179759900609,0.0005205288992353027,0.03134337122136302,0.006911626173430759,0.006916424167419605,0.5732938101296918,0.20345614892158542,0.009055874660732119,6.610696135189607e-05,0.41331771021018965,0.06824014564395708,0.4963029629612186,0.9732822224848673,0.6504755007610727,0.5791023257909728,0.5116070392935926,0.07761214070186,3.262138211128266e-05,0.0,0.0,0.0,0.0,0.0
0.0006453935412265682,0.020373986774389157,0.007402229774535021,0.0014156920401674816,6.610696135189607e-05,6.610696135189607e-05,0.1466717055985711,0.029113597331998867,6.610696135189607e-05,0.9999374120624455,0.0,0.11079083727556847,0.00013970500852777463,0.22333793403139032,0.0003129937932162646,0.429754341300332,0.024417702352035744,0.2789714269451658,0.11064601993542239,0.17481992750833372,0.9915808972259992,0.5305845089934851,1.0,0.01608811776430536,0.4618494610668292,0.00010696331036034353,0.011186850402170413,0.0066881515481483555,0.9999338930386481,0.10332497890751995,0.11381738231559797,0.05214656804527315,0.5650007487866051,0.6994235245828665,0.35517751583521584,0.026575912086648265,0.12586615615919217,0.42052374162813627,0.05886924242741836,0.6466225337788823,0.4846702995524809,0.23451199207348863,0.2359887275925151,0.0,0.26469562991881146,0.0,0.03818493529944823,0.3979329133004924,0.4789379511941279,0.10640414888044325,0.06387374501076447,0.1453984493078601,0.16150024516372274,6.610696135189607e-05,0.1325602345198169,0.27677704773396655,0.23231770888641132,0.03763131792008753,0.0,5.65605238629489e-05,0.0,0.0,0.25118042497160037,0.2363272557908756,0.654841987991089,0.5891913448991513,0.008419102774000814,0.2047198610877035,0.0,0.08964617312151345,0.0005215566062041033,0.03134076716727848,0.0068908451608847305,0.006914319475822199,0.5737098805235429,0.20366386459537256,0.009340277805584779,6.610696135189607e-05,0.41346158912410874,0.06825876653072216,0.49640032896912817,0.973284382904824,0.6507393492855547,0.5791632645786474,0.5113764162722496,0.07777933889748152,3.101771147775158e-05,0.0,0.0,0.0,0.0,0.0
0.0006455290269449653,0.020354975364293912,0.007405772147499657,0.001418349002857112,6.610696135189607e-05,6.610696135189607e-05,0.14691929304545454,0.029128233257287067,6.610696135189607e-05,0.9999373932765562,0.0,0.110369092238089,0.0001399816213797977,0.22292602194093966,0.00029753450460669124,0.430334161743414,0.02402794859109728,0.2786918332389778,0.11064452382731348,0.17464380689241962,0.9916070605549023,0.5303652391500903,1.0,0.015986805933210807,0.46075446710418294,0.00010696331036034353,0.011263106419845542,0.006724670881455842,0.9999338930386481,0.10296091020509555,0.11270157540770273,0.051178592779159184,0.5661158580548407,0.6998585190726186,0.3555965996828167,0.026572581142651087,0.12603544093509228,0.4204762348555656,0.05852700010706099,0.6471997912412111,0.4850558017040942,0.2364433561802697,0.23927413134260098,0.0,0.26589958481999326,0.0,0.038370342568998315,0.3980157496628113,0.481274800167425,0.10667017404846164,0.06397182508958765,0.14820368284182048,0.1727459022978181,6.610696135189607e-05,0.13335669810533832,0.27635475336056475,0.2318755873608774,0.03754447496484318,0.0,4.819325922378054e-05,0.0,0.0,0.2508306380280781,0.2362228467073426,0.6529121199924168,0.5860820617649795,0.008392939445097617,0.20373517602991648,0.0,0.08968077611461778,0.0005230624760701632,0.03133870291562241,0.006873040824601941,0.006912044420960227,0.5741240558991957,0.20384385019565202,0.009612638755103828,6.610696135189607e-05,0.4135887058091391,0.06826589356650403,0.4964898331142511,0.9732874372359691,0.6509903438647443,0.5792262306398277,0.511138838149525,0.0779416221396136,2.9518349585522098e-05,0.0,0.0,0.0,0.0,0.0
0.0006456633845478303,0.02033732656672152,0.007408945113842563,0.0014208544483236172,6.610696135189607e-05,6.610696135189607e-05,0.14715408585557632,0.029142173478401492,6.610696135189607e-05,0.9999373743723554,0.0,0.10995968959605709,0.00014028059027714463,0.2225333316767328,0.0002827228907299522,0.430900421569353,0.023640133137890873,0.27841233154545625,0.11063092828458594,0.17446042623678792,0.9916323418743855,0.530148458161646,1.0,0.015890275815080093,0.4596844696401021,0.00010696331036034353,0.011370137540270478,0.006763120433699871,0.9999338930386481,0.10262090126973947,0.11153732340474828,0.05025874532060841,0.5671239827194157,0.7002849266997621,0.35600800466814675,0.02656843488581856,0.126197145742702,0.42042850187356595,0.058200875450553795,0.6477856128278552,0.48545123193500106,0.23832673003874438,0.24246010857200084,0.0,0.2670491901359544,0.0,0.03854882930468039,0.3980796436693006,0.4835231526053661,0.10692305712104183,0.06406205190219899,0.150935908070483,0.1842285109460757,6.610696135189607e-05,0.13413029732020926,0.2759494980074322,0.23145345305476536,0.03746049574319662,0.0,4.106107659131904e-05,0.0,0.0,0.2504756588261362,0.23610832159870881,0.6510423416766696,0.5830794651912112,0.008367658125614479,0.2028023517023996,0.0,0.08971745212324607,0.0005250881506157467,0.03133747358430084,0.006856843040450566,0.006909630370948494,0.5745338328951758,0.20401137810237963,0.009871521828207276,6.610696135189607e-05,0.41369688946071526,0.06826162024547257,0.49657180999259964,0.9732912845239043,0.6512284615039738,0.5792887752357041,0.5108987029800932,0.07809859520811782,2.8114920833902607e-05,0.0,0.0,0.0,0.0,0.0
0.0006457974819831881,0.020321245440743936,0.007411760538982934,0.0014227292957838358,6.610696135189607e-05,6.610696135189607e-05,0.14737334962404658,0.029157216881903866,6.610696135189607e-05,0.9999373566128084,0.0,0.10956379593385275,0.00014060341284674428,0.22216343523158893,0.00026854811507574165,0.43145545456804263,0.02325478122004348,0.278138092540215,0.11060700428239062,0.1742714121217789,0.9916567864324094,0.5299355973061621,1.0,0.01579956058502419,0.4586498266897611,0.00010696331036034353,0.011454675247514494,0.006799468447840228,0.9999338930386481,0.10230478825005442,0.11051356850226358,0.04944221026573674,0.5680785379033909,0.7007187599027908,0.3564211246233453,0.026562999621986234,0.1263470625905714,0.42039558204228,0.0578847555062585,0.6483838507891687,0.4858438791189613,0.24015562181187064,0.24557944093152254,0.0,0.26815626504057255,0.0,0.03871931571895684,0.3981252250616422,0.48574093938287927,0.10715082822411784,0.0641451686440612,0.15361637813176438,0.19602993508265096,6.610696135189607e-05,0.13490146299037914,0.2755579007252676,0.23103573091082955,0.037376203529635624,0.0,3.498348153024103e-05,0.0,0.0,0.2501132296018326,0.23599122762046168,0.6492373739057388,0.5801491469466986,0.008343213567590567,0.20190813765326535,0.0,0.08975505977777178,0.0005277220396438452,0.0313376986507632,0.006837903242022102,0.006906993211117926,0.5749335236815858,0.20416829787679955,0.010134096875828343,6.610696135189607e-05,0.41380058338183623,0.06824550918637977,0.4966388759131664,0.973296396965167,0.6514545186963094,0.5793358698426442,0.5106597899256989,0.07824813838895528,2.680072036214194e-05,0.0,0.0,0.0,0.0,0.0
0.0006459284105748381,0.02030589027987606,0.007414102965611332,0.001424699048644202,6.610696135189607e-05,6.610696135189607e-05,0.147580168139375,0.029172888149916806,6.610696135189607e-05,0.9999373395901046,0.0,0.10918133865460382,0.00014094961428973133,0.22181423956487778,0.00025499256023221766,0.43199752662375396,0.022872260486063355,0.2778659235157824,0.11057458919047278,0.17407750255986135,0.9916804904767607,0.5297252482936841,1.0,0.015714221660214016,0.45764045336124864,0.00010696331036034353,0.011505312133930279,0.006835183778731011,0.9999338930386481,0.1020080346640238,0.10968014833036192,0.04868040951075156,0.5690242175754984,0.7011499711547533,0.3568275605031573,0.026556803165033217,0.1264892248608408,0.4203687808257389,0.05758074274106095,0.6489920010706254,0.48624119889559675,0.24194018508617374,0.24861303097268123,0.0,0.2692148808456493,0.0,0.03888275802843037,0.3981566897969459,0.48787313102355007,0.10737212920660502,0.0642216600477976,0.1561792389744006,0.2081149591914535,6.610696135189607e-05,0.13564830815367596,0.27518247859275347,0.2306313978256974,0.03729260008307086,0.0,2.980652653131468e-05,0.0,0.0,0.24974416819794965,0.23586730953860163,0.6474852257233535,0.5773094664674574,0.008319509523239354,0.20105987086066654,0.0,0.08975811537031307,0.0005309411761582699,0.031337152584051425,0.00681828692497657,0.0069043114241710635,0.5753286382293988,0.20430750087936164,0.010390295220593582,6.610696135189607e-05,0.41396856439061563,0.06821863101954934,0.496698500759168,0.973302247220677,0.6516667290477501,0.5793762266140289,0.510421730635185,0.07839157024536168,2.5568050019272283e-05,0.0,0.0,0.0,0.0,0.0
0.000646069556935326,0.020290990420057223,0.007416120632367053,0.0014270372992000234,6.610696135189607e-05,6.610696135189607e-05,0.1477785104624544,0.029186143560471917,6.610696135189607e-05,0.9999373230405868,0.0,0.10880500297409364,0.00014130820484794802,0.22147087325193826,0.00024201637107386438,0.4325115373426747,0.02249210008087712,0.2775919217440414,0.11053308568285418,0.17387897994265514,0.9917034493358514,0.52951742783288,1.0,0.015633938121248397,0.4566526306809422,0.00010696331036034353,0.011571453203734886,0.006869047836507078,0.9999338930386481,0.10172857869782274,0.10882912362290931,0.04796987574076836,0.5699185066742888,0.701565947976155,0.3572187479258331,0.026550190785102425,0.12662688488613474,0.42034532223618726,0.05729284282696816,0.6496024608407387,0.4866499258008013,0.2436847067293266,0.25153045306891736,0.0,0.2702178642522165,0.0,0.03903890750714487,0.39817556717573427,0.48987554707004877,0.10759330719601277,0.06429097518510625,0.15857844248858805,0.22036087920336236,6.610696135189607e-05,0.1363685003398439,0.2748254031485256,0.2302506214021476,0.037212320248713765,0.0,2.5394672036462762e-05,0.0,0.0,0.24937289544011224,0.23573374229248853,0.6457822075878192,0.5745905669884276,0.008296550664148578,0.20026470791490347,0.0,0.08978075046679944,0.0005347329222054955,0.03133408590185243,0.006801965235312611,0.006901293792346998,0.5756235251227034,0.20440095715257198,0.010617726079887816,6.610696135189607e-05,0.4141008337879501,0.06818343062169742,0.4967639288513595,0.9733085010100496,0.6518768471898906,0.579412661392739,0.5101956198303571,0.07853254363827197,2.4410162668705374e-05,0.0,0.0,0.0,0.0,0.0
0.0006461956726337253,0.02027697901950369,0.007417998243407882,0.001462399924735696,6.610696135189607e-05,6.610696135189607e-05,0.14796221609369922,0.0291062059352013,6.610696135189607e-05,0.9999372079958596,0.0,0.10843833855391444,0.00014168542605859363,0.22114234524838644,0.00022961515062152872,0.4330086808502533,0.0221147959980447,0.27731987533080504,0.11048212268776106,0.1736766548329927,0.9917255625319353,0.5293129769061105,1.0,0.015558358622091218,0.4556930047223281,0.00010696331036034353,0.011640610172283641,0.006898942777127569,0.9999338930386481,0.1014683743640121,0.10800495934203383,0.04731940580729469,0.570762367014554,0.7019762106876501,0.35760599220800376,0.02654249967237554,0.12675894482484287,0.4203346069722414,0.05701889250580016,0.6502122955665665,0.4870599266752318,0.2453761303028928,0.254348576442137,0.0,0.27117481492960854,0.0,0.0391878482865278,0.39818006564918357,0.49179591503204356,0.10779809186886728,0.06435621707957852,0.1609338557713818,0.23278319261094735,6.610696135189607e-05,0.13706100165917567,0.2744829213203059,0.2298853968451997,0.03713464371948191,0.0,2.1636726452959807e-05,0.0,0.0,0.24900587090299411,0.23559687709357377,0.6441417470093461,0.5719747687248704,0.00827443746806469,0.19951220816428109,0.0,0.08980678434037408,0.000538668022696508,0.031332871812203004,0.006785233151151878,0.006898371321550064,0.5759175889567003,0.20447711977964134,0.010834120778293287,6.610696135189607e-05,0.4142077510506632,0.0681383924671501,0.4968210255185999,0.9733158149015658,0.6520770732003177,0.5794357778771371,0.5099724266439466,0.07866703753239478,2.3320900389454635e-05,0.0,0.0,0.0,0.0,0.0
0.0006464059056433362,0.020264679832354277,0.007419106841179688,0.0014235064927578507,6.610696135189607e-05,6.610696135189607e-05,0.14815196530656347,0.02923055996723175,6.610696135189607e-05,0.999937340678843,0.0,0.10809762956225293,0.0001420508073512309,0.22080150125054812,0.00021774120906848957,0.43344125697067243,0.02174142872998124,0.27703558804608347,0.11044053272350682,0.17353224678169907,0.9917552568766468,0.5291805475192444,1.0,0.015520899412699893,0.4547834407471941,0.00010696331036034353,0.011702789648547788,0.006927609524528354,0.9999338930386481,0.10122713716883261,0.10721570225608998,0.04674180663855081,0.5714793927847617,0.7023827552687409,0.3579868314228872,0.02653449965408519,0.12689063080092125,0.42033789826348583,0.056763015155125475,0.6508199418334616,0.4874803235328335,0.24701453638350881,0.2570676255774986,0.0,0.2720626224797576,0.0,0.03933167977120948,0.3982003205844472,0.4936997446031511,0.10796559507958974,0.06442539340661915,0.1631113324142498,0.24521479320872672,6.610696135189607e-05,0.13775915995161556,0.27415851461530116,0.22953340883697967,0.03705767003217146,0.0,1.843602724004541e-05,0.0,0.0,0.24864368492740757,0.23546179105924883,0.6425449308929844,0.5694001276408024,0.008244743123353188,0.19875683000099803,0.0,0.08983259851705744,0.0005426255794387303,0.0313325074844052,0.006764278981986057,0.006895831598835195,0.5762020670943333,0.20453973600585884,0.011056498235290207,6.610696135189607e-05,0.4142948104237292,0.06808383589427938,0.4968578689826885,0.9733234495385635,0.6522894319212906,0.5794443605274457,0.509795727874202,0.07879494450914958,2.2297361834267847e-05,0.0,0.0,0.0,0.0,0.0
0.0006463771876367648,0.0202530936575472,0.00742161016310515,0.0014634208283096652,6.610696135189607e-05,6.610696135189607e-05,0.14834391629845228,0.029142773064418818,6.610696135189607e-05,0.999937173188842,0.0,0.10774967986825817,0.00014247075728302569,0.2205122418666649,0.00020645743953430026,0.4339222205247269,0.02137211173602863,0.27678909757464076,0.11037011701475608,0.17329413335186308,0.9917708902425859,0.5289440382061511,1.0,0.015468700178526619,0.4538920820159256,0.00010696331036034353,0.01177990397999985,0.006955701933455753,0.9999338930386481,0.10101122674495758,0.10647017533081388,0.046159291265276015,0.5721669261725346,0.7028121109851682,0.3583803142760527,0.02653019735792726,0.12701349153893918,0.4204292233803497,0.05652558952379085,0.6514445845167842,0.4878670085250114,0.24858349619679496,0.25968961434394705,0.0,0.272945244306585,0.0,0.0394514574143532,0.3981603057720968,0.4953805072901453,0.10820671984445107,0.06447910577005452,0.16487682165211967,0.25821165225270315,6.610696135189607e-05,0.13836576154130928,0.2738404662822436,0.229184151342674,0.036984644382767565,0.0,1.571009854039581e-05,0.0,0.0,0.24828052125481995,0.23532257194538392,0.6410463867884489,0.5670162523041898,0.008229109757414048,0.19811071748726392,0.0,0.0898366758631002,0.0005466193313977786,0.03133254210167349,0.006749654649660408,0.006893450135164262,0.5763243326803976,0.2045819689515735,0.011235406549903085,6.610696135189607e-05,0.4143545310029712,0.06800373767215782,0.4968853614729215,0.9733273318847897,0.6524585564958556,0.579364319180116,0.5095521899514823,0.0789027824923673,2.1321954963858802e-05,0.0,0.0,0.0,0.0,0.0
0.0006465737978053444,0.02024278462507849,0.007422142389395581,0.0014271007085530998,6.610696135189607e-05,6.610696135189607e-05,0.14848785194134506,0.029253077086742747,6.610696135189607e-05,0.9999373096513667,0.0,0.10742815786996676,0.00014285962214982402,0.22019583733915743,0.00019566776734521654,0.4343108523020863,0.02100781122644848,0.2765257206756219,0.11031293709219883,0.17313576951465912,0.991797166557109,0.5288145752227902,1.0,0.015416741337047735,0.45305035026620827,0.00010696331036034353,0.011838346279963656,0.0069842867360565275,0.9999338930386481,0.10081570194760023,0.10578182173401861,0.04564449667905335,0.5728072435240421,0.7032575996533862,0.3587653773195158,0.026525049044252923,0.12713631142828913,0.42053319258736394,0.056309270515983514,0.6520760804368682,0.488272702900149,0.2501058876153559,0.26222043863157574,0.0,0.2737512445640268,0.0,0.03957232608834701,0.3981621784135501,0.49712610897552434,0.1083603718743744,0.06454455755059955,0.16657144335730983,0.270915191240425,6.610696135189607e-05,0.13900486896743286,0.2735323071941724,0.22882997594958698,0.03690800387973917,0.0,1.3385572446309213e-05,0.0,0.0,0.2479146618959336,0.23518117615065065,0.6395811752924453,0.5646437918537651,0.008202833442890922,0.19743418021318304,0.0,0.08984984398843941,0.0005507286290163514,0.031334338631267826,0.006725896092954874,0.00689113022885576,0.5764744750209871,0.20461060208157558,0.011427537733704767,6.610696135189607e-05,0.41439573786353373,0.06791242439702684,0.49689846093077833,0.9733320913335972,0.6526544656601071,0.5792711396452909,0.5093798771819302,0.07900144644074981,2.0400273578520428e-05,0.0,0.0,0.0,0.0,0.0
0.0006465799093761015,0.020232290327567567,0.007424081699070233,0.0014662810186866916,6.610696135189607e-05,6.610696135189607e-05,0.14864332032724226,0.02916262828619345,6.610696135189607e-05,0.9999371488458806,0.0,0.10709770901479033,0.0001432893810649033,0.21991957687250474,0.00018542718963453488,0.43472817951825904,0.020648500729301758,0.27629067199776736,0.1102286341577738,0.17289117557653888,0.9918106384173296,0.5285845866491518,1.0,0.015366261510966935,0.4522061020456505,0.00010696331036034353,0.011910028942318643,0.007011969089713836,0.9999338930386481,0.1006370196609861,0.10512582154678608,0.04514112349803911,0.5734171983774251,0.7036976927116018,0.3591436182052125,0.026518988919042724,0.12724464949526706,0.42063179657915484,0.05610249092596946,0.6527041676459686,0.4886571355295008,0.2515763213887347,0.2646703235043133,0.0,0.2745615325572456,0.0,0.0396897787892269,0.39810813823558,0.49865366649760834,0.10855092893433117,0.06459267615151089,0.1683510729538984,0.28414547102882387,6.610696135189607e-05,0.1395810082717768,0.27324027389722694,0.22848728102878688,0.036833379481726894,0.0,1.1405266189145213e-05,0.0,0.0,0.24755237505460337,0.23503266687419475,0.6381950444534915,0.5624385009191478,0.00818936158267031,0.19685388079360278,0.0,0.08986466386548009,0.0005588575896275642,0.03133694568874331,0.006710921913279358,0.006888746586027487,0.5766269698258751,0.20461641391490656,0.01158372302357856,6.610696135189607e-05,0.4144187904091371,0.06781502625961137,0.4969252932982703,0.9733377216998924,0.6528243683660391,0.5791827762312106,0.5091693295557715,0.07909495657012622,1.9525598537109903e-05,0.0,0.0,0.0,0.0,0.0
0.0006467748084797994,0.020222795289274946,0.007424356503304966,0.0014317251140361583,6.610696135189607e-05,6.610696135189607e-05,0.14875879058121386,0.029269329058343063,6.610696135189607e-05,0.9999372809525546,0.0,0.10679469942363094,0.00014369063926103492,0.21962161011806017,0.00017565082052581444,0.4350617070249152,0.02029449820126385,0.27603412207558914,0.11015841831897873,0.17272696524245568,0.9918345468349834,0.5284582268479472,1.0,0.01531805494314376,0.45140502694721363,0.00010696331036034353,0.01196471105156252,0.0070731396938557576,0.9999338930386481,0.10047512802557927,0.10454770320684617,0.04459921160613758,0.5739119118427726,0.70413969775437,0.3595124439694232,0.026505546132263805,0.12735132737247495,0.4207282851888386,0.05590980387137733,0.6533313252665323,0.4890605068079572,0.25300453500604236,0.267035954299931,0.0,0.27529940853698,0.0,0.03980445078075157,0.3980830561663955,0.500245100699513,0.10868078031826933,0.06464928110215869,0.17004587135185398,0.29704928900626065,6.610696135189607e-05,0.14019512872372167,0.2729591836860184,0.22815043426764056,0.03675617199853286,0.0,9.717395753052037e-06,0.0,0.0,0.24719389691791394,0.23488667269731497,0.6368370466749789,0.5602370804576133,0.008165453165016651,0.19624236461507286,0.0,0.08988162446821242,0.0005409111139625527,0.031340730157531964,0.006688906400531791,0.006886127930439654,0.5768595289637135,0.2046281260719385,0.011754164663520814,6.610696135189607e-05,0.41446778456782946,0.06770986797798943,0.496936684608413,0.9733507632284751,0.6530173451137118,0.5790960639906356,0.5090284891037075,0.07918027961428992,1.8698419138704866e-05,0.0,0.0,0.0,0.0,0.0
0.0006467811655451489,0.02021470500664005,0.0074260078004112565,0.0014694053624705217,6.610696135189607e-05,6.610696135189607e-05,0.1488906940358119,0.029182571237949446,6.610696135189607e-05,0.9999371267189318,0.0,0.10648256609342913,0.0001441465341780436,0.21936655993986967,0.00016637524271736977,0.4354409675388755,0.019945526937078933,0.2758070239127912,0.11006374908528038,0.17248281476683153,0.991846824633818,0.5282434061965376,1.0,0.015272959834969603,0.45061983947513573,0.00010696331036034353,0.01203169526562915,0.0071131190008204845,0.9999338930386481,0.1003316244133462,0.10398898346638899,0.04411046607682018,0.5743819567730526,0.7045848883355276,0.3599020806495047,0.026536922670061133,0.12746984993448915,0.42083230492331725,0.05573957307095323,0.6539769156942976,0.48943747466846554,0.2544014316701077,0.26933737399589347,0.0,0.27603735596364226,0.0,0.03991404303929258,0.39800747909438217,0.5016900878883754,0.1088563419481368,0.06465798464082423,0.17174644409077786,0.3105038511234443,6.610696135189607e-05,0.1408224719690208,0.2726866767862903,0.22781642315117714,0.036683271705280567,0.0,8.279928921879213e-06,0.0,0.0,0.24682051553676768,0.23473758945115647,0.635534819244612,0.5581798112372751,0.00815317536618196,0.19571923783982015,0.0,0.08990222751853706,0.0005462433303601499,0.03134475367547613,0.00667547428311811,0.006879495986670236,0.5770081507274644,0.20465257291100764,0.011889513507460871,6.610696135189607e-05,0.4144772007975613,0.06759868851329537,0.49693208155178564,0.9733189307957608,0.6531553101967192,0.5790013198339654,0.5088194593901713,0.07925704183185582,1.7911967586751937e-05,0.0,0.0,0.0,0.0,0.0
0.000646967696969785,0.020206975328680352,0.0074257127577401025,0.0014361257080476456,6.610696135189607e-05,6.610696135189607e-05,0.14898538113990645,0.029285108767199492,6.610696135189607e-05,0.9999372549640941,0.0,0.10619973652830964,0.00014456873531727048,0.2190932303081173,0.0001575312814593918,0.43574142763678875,0.0196023759378453,0.27556062910919843,0.10998443016529817,0.17231774722065685,0.9918689963823305,0.528127238615552,1.0,0.01523114455863612,0.44987043575599156,0.00010696331036034353,0.01208303600706482,0.007147300915926451,0.9999338930386481,0.10020009339365331,0.10349221958490765,0.04371563888783941,0.5748145670923149,0.7050310529977021,0.36026997760954316,0.026537681283650104,0.1275743516981267,0.4209286720830896,0.05557667058918924,0.6546205750316154,0.4898276338350471,0.2557646257552843,0.2715638068680966,0.0,0.27670461012178277,0.0,0.04002066465373408,0.3979625203456377,0.5032074936653295,0.10894435428068712,0.06468653442678654,0.17334453994159665,0.3236703415239711,6.610696135189607e-05,0.14143583640750537,0.27243503466090424,0.22748786500397347,0.03660850366305939,0.0,7.0557305193794855e-06,0.0,0.0,0.24645069020087793,0.2345945702639213,0.6342509440794175,0.5561184459112466,0.008131003617669526,0.19516815126266523,0.0,0.08992166500534565,0.0005521294756949044,0.03134886903901722,0.00665538853976943,0.006874663216309142,0.5771589636373902,0.2046512799538382,0.012038153672147795,6.610696135189607e-05,0.41448201664650214,0.06748108199832442,0.4969217821990877,0.9733177499810326,0.6533253622632367,0.578913796635451,0.5086819017740221,0.07932635882966134,1.716679183311791e-05,0.0,0.0,0.0,0.0,0.0
0.0006469671280760459,0.020198915403649747,0.007426621571173713,0.001472449096941569,6.610696135189607e-05,6.610696135189607e-05,0.14909391674870925,0.02920421755972286,6.610696135189607e-05,0.9999371089016357,0.0,0.10591064748993678,0.0001450292885119328,0.21886011388207194,0.00014915036289490997,0.43607294848696676,0.019264658097334034,0.27533699335894757,0.10988264881308327,0.17207539011137662,0.9918804768409354,0.5279165447581675,1.0,0.0151918648211069,0.4491146463697489,0.00010696331036034353,0.012147734068554494,0.007177596682261882,0.9999338930386481,0.1000780585172473,0.10302916193755274,0.04332953855527222,0.5752253726676669,0.7054651831260197,0.3606266983851562,0.026530136019750017,0.12766222028171817,0.4210241487608674,0.05541619682483137,0.6552552159920347,0.4901961659460815,0.2570838730494595,0.27372558870735514,0.0,0.2773821935161045,0.0,0.040154863062725595,0.39787064537299827,0.5045233615261523,0.10909704424994157,0.06470932415885827,0.1749476324212348,0.33737786018531396,6.610696135189607e-05,0.1420008265295201,0.27218071510665726,0.22717603825821675,0.036536988364095455,0.0,6.0138801875916436e-06,0.0,0.0,0.24608925820204405,0.23445038350485672,0.6330334781374573,0.5541990211812683,0.008119523159064631,0.19470126172572808,0.0,0.08993860844350121,0.0005301177625348132,0.03135276127585662,0.006642997973351751,0.006870648734346989,0.5773767889669116,0.20464797527758155,0.012156919380606047,6.610696135189607e-05,0.41452136117193356,0.06735877861576353,0.49692566576081165,0.973324834691738,0.6534716519560223,0.5788267008762377,0.5085108546882019,0.07939086770858711,1.6457190114304933e-05,0.0,0.0,0.0,0.0,0.0
0.000647115014432996,0.020192555111748486,0.007426229930131534,0.0014404049279422577,6.610696135189607e-05,6.610696135189607e-05,0.149176906334616,0.02930422430520993,6.610696135189607e-05,0.9999372312786179,0.0,0.10564353390993894,0.0001454794507942056,0.21860747517576057,0.00014115749858659485,0.4363456561497646,0.018932085866989252,0.2750934313983969,0.10979632375539317,0.17191015953239092,0.9919015461640949,0.5278011405206516,1.0,0.015152856816600876,0.44841138839493444,0.00010696331036034353,0.01219559390056217,0.007206407913231554,0.9999338930386481,0.09996674721672746,0.10261335362071093,0.0429755725585455,0.5755938158112666,0.7058988376044557,0.3610006314291805,0.02657145659407215,0.12778454299388559,0.42115096395195456,0.05529085237535389,0.6558860980184241,0.49058573922680654,0.2583730188022958,0.2758203317581417,0.0,0.2779994621491137,0.0,0.04026200765938397,0.3978159464017432,0.5059131280406496,0.10920048946902677,0.06474543845572273,0.17658256478442652,0.3507391514086106,6.610696135189607e-05,0.14258798841266687,0.2719379068956685,0.22687749962138581,0.0364669316072156,0.0,5.126006738916624e-06,0.0,0.0,0.2457364781991566,0.23430504599763338,0.631830657442311,0.5522695087094673,0.008098453835905139,0.19419939733023472,0.0,0.08995544234144567,0.0005368349285981782,0.03135548078627886,0.006623903418779754,0.006867214827815482,0.5774779587994514,0.20462160191846113,0.012320793694097849,6.610696135189607e-05,0.4145031276091139,0.06722366277415848,0.49688890305366507,0.9732830639551336,0.6536028558236149,0.5787078785494588,0.5083634914748816,0.07944533791543003,1.5783377163219955e-05,0.0,0.0,0.0,0.0,0.0
0.000647107564562159,0.020185440005082846,0.007427178838165849,0.0014198492040189547,6.610696135189607e-05,6.610696135189607e-05,0.1492848955066603,0.02937704820314745,6.610696135189607e-05,0.999937256798309,0.0,0.10537166799045382,0.0001459539752202807,0.21839171347169714,0.000133589158876856,0.43664174199834094,0.01860523495824031,0.2748753329070306,0.10968877568746493,0.1716713271358538,0.9919127412976736,0.5275993324782071,1.0,0.015117846126469181,0.44769776120008975,0.00010696331036034353,0.01225740979786377,0.007233696977064807,0.9999338930386481,0.09986651228794467,0.10219178427479632,0.04264036225460258,0.5759380368131587,0.7063210447096256,0.36134862730096806,0.026572336837081354,0.12787370989557575,0.4212571037746728,0.055157811525289674,0.6565044290167016,0.4909549802507684,0.2596220443143696,0.2778520446744937,0.0,0.2786297842052797,0.0,0.04036039186820915,0.3977134872305366,0.5071078387687469,0.10934356842300377,0.06477004255346454,0.17818303601894464,0.36454015665234984,6.610696135189607e-05,0.14311295143312514,0.2717102508815718,0.22659270387118927,0.036398264141523445,0.0,4.370068362621971e-06,0.0,0.0,0.24539276598108378,0.23415454562113777,0.6306891799981655,0.5504766281896525,0.008087258702326414,0.19377088331651324,0.0,0.08997322841845702,0.000543141028716404,0.03136046973102274,0.00661133524782946,0.006863974713410066,0.5776040419409035,0.20457109829498232,0.01243974143481007,6.610696135189607e-05,0.4144834885851797,0.06708625141918512,0.4968814405670547,0.9732817091876984,0.6537302065643645,0.5786093070664504,0.5082004464763694,0.07949757004397445,1.5141221063291693e-05,0.0,0.0,0.0,0.0,0.0
0.0006471199807892499,0.020177704616665067,0.007427617108019243,0.0014672301907934602,6.610696135189607e-05,6.610696135189607e-05,0.14938555234709966,0.029255505493851315,6.610696135189607e-05,0.9999370886704753,0.0,0.10509939007150264,0.0001464551747539815,0.2182036379577518,0.0001264163660815542,0.43694719216543804,0.01828315308703219,0.2746629047905446,0.10956545959786795,0.17140210864901295,0.991920349283136,0.5273734454257474,1.0,0.015085361620058114,0.446998930779087,0.00010696331036034353,0.012317861002739915,0.0072602637654183115,0.9999338930386481,0.0997765617334906,0.10176835840010588,0.04230271710153531,0.5762531257529302,0.70674565516914,0.3616924250140965,0.026564528506258643,0.12795145703303992,0.4213687379998825,0.05502402268211974,0.6571177382273725,0.4913209990052549,0.2608344181725244,0.27983079917442044,0.0,0.27925397835561944,0.0,0.04045139981935456,0.39759447935240466,0.5081921213176519,0.10947347918993372,0.06479396217155106,0.1797023536248432,0.37857263949604036,6.610696135189607e-05,0.14360253381903068,0.27149175352196225,0.2263109376376235,0.03632869471741836,0.0,3.7257403914813543e-06,0.0,0.0,0.24505697202571222,0.23400156761522967,0.6296001222296077,0.5487670921765666,0.00807965071686398,0.19337257621863316,0.0,0.08999235807648856,0.0005493265367974115,0.03136718570380786,0.006598463829562376,0.006860881493311596,0.5777242381494143,0.2045155942081846,0.012544830131838006,6.610696135189607e-05,0.4144613349763164,0.06694340719323652,0.4968794901969826,0.9732890163189873,0.6538411792688168,0.5785048456340359,0.5080287851524422,0.07954213665988309,1.4528588970862268e-05,0.0,0.0,0.0,0.0,0.0
0.0006473350631271873,0.020171105189935378,0.007426611818573288,0.0014382440025044406,6.610696135189607e-05,6.610696135189607e-05,0.14944728141014632,0.029342205082921485,6.610696135189607e-05,0.9999372148375861,0.0,0.10485777937983608,0.00014692203892459265,0.21798527584305386,0.0001195834233444096,0.43716385073781316,0.017966632974884465,0.2744198463184436,0.10946492519523658,0.17123733915762687,0.9919401308835967,0.5272697799016351,1.0,0.015055605248095036,0.44634833428269777,0.00010696331036034353,0.012361054751055124,0.007286520726916858,0.9999338930386481,0.09969667264905059,0.10140929420226633,0.042027166028286725,0.5765284920314164,0.7071711485845307,0.3620280096403212,0.026554996108588393,0.1280338448889321,0.4214876489292191,0.054902540736227905,0.657723874696493,0.49170783036486765,0.26201352065363065,0.28173490700336257,0.0,0.2798047835904101,0.0,0.040539035057795214,0.3975170407408579,0.5094025854362432,0.1095532021851468,0.06482859656744173,0.18110020645485525,0.3920263401622142,6.610696135189607e-05,0.14413299349655306,0.27128245846634014,0.22603379314643188,0.03625704202264257,0.0,3.176618425008848e-06,0.0,0.0,0.24473083956203492,0.23385837701559611,0.6285215541511328,0.5470277538390106,0.008059869116403362,0.19292543650795463,0.0,0.090010320693338,0.000560014892087652,0.031374146782646495,0.0065784698065543545,0.006857584853800336,0.5778155319448072,0.2044486007216054,0.012670212351256782,6.610696135189607e-05,0.4144271678511133,0.06679505826903745,0.49685716895720017,0.973298081852487,0.6539777026495891,0.5783927676474366,0.5079336085259589,0.07957865276658772,1.39463010926496e-05,0.0,0.0,0.0,0.0,0.0
0.0006473442015761769,0.020164802359736396,0.0074272167615753604,0.0014196749963850716,6.610696135189607e-05,6.610696135189607e-05,0.14953341610368714,0.029407713564372755,6.610696135189607e-05,0.9999372387643176,0.0,0.10461119043206729,0.00014742235492751855,0.21780018195970166,0.00011311840259309754,0.43740632636679183,0.01765599575974921,0.274201911448202,0.10934656321449837,0.1710036098600542,0.9919505152716399,0.527079651977283,1.0,0.015028220795782548,0.4456916095761798,0.00010696331036034353,0.01241820885115758,0.007299230529912702,0.9999338930386481,0.09962563377357875,0.10105222014940622,0.04176684861509858,0.5768110858109011,0.7075883313996364,0.3623531409928298,0.026536793696681604,0.12809993509206466,0.4216033990803094,0.05478115494996677,0.6583220023231654,0.4920735452962552,0.2631551504452326,0.28357871929311457,0.0,0.28037169393139116,0.0,0.040622658755829544,0.3973994351316234,0.5104313734308493,0.109676577405684,0.06484845488194489,0.1824763590632645,0.4058685181864921,6.610696135189607e-05,0.14460138238307876,0.2710858055085759,0.22576621003493683,0.03618715408736132,0.0,2.7089231800662653e-06,0.0,0.0,0.24440982160258065,0.23371115308530052,0.627498286340269,0.5454176708468313,0.008049484728360111,0.1925486540913258,0.0,0.09002549098323322,0.0005464792310893778,0.03138098267633188,0.006566155182614141,0.006854208278094049,0.5779643785297601,0.2043867565893914,0.012765975513393398,6.610696135189607e-05,0.4144238856782539,0.06664545856542677,0.4968485144877416,0.9733157839483909,0.6540971740250536,0.5782834825170975,0.5078125186832414,0.07961218031450484,1.3390170242357718e-05,0.0,0.0,0.0,0.0,0.0
0.000647358973270509,0.020158099158194963,0.007427459000496448,0.001467824714764251,6.610696135189607e-05,6.610696135189607e-05,0.14961434861720704,0.02928292437685664,6.610696135189607e-05,0.9999370704308785,0.0,0.1043601695183192,0.00014796059598254073,0.21763723462825232,0.0001069917004703195,0.4376677922110484,0.01735010721795918,0.27399112590610186,0.10921539699356014,0.17074195895709135,0.9919575753654731,0.526864728002822,1.0,0.01500166185389584,0.445050242144802,0.00010696331036034353,0.012472406178376883,0.007320114560734191,0.9999338930386481,0.09956008138473958,0.10069771421424305,0.041487014636904754,0.5770636131893558,0.7080047803170352,0.36269536766461385,0.026560756205767186,0.1281885539938161,0.4217484791212218,0.05468228041341072,0.6589086187463307,0.492434790104216,0.26425837326106316,0.2853700660898046,0.0,0.280936151541059,0.0,0.040701203435674314,0.39726829864467633,0.5113390005353626,0.10978541372442784,0.06487953499434297,0.18380783854816948,0.41984579231103514,6.610696135189607e-05,0.1450220969744449,0.2708990391424912,0.2255033285634907,0.036118013761362144,0.0,2.31013180093981e-06,0.0,0.0,0.24410138548582902,0.2335612252588458,0.6265262297453768,0.5438879749531041,0.008042424634526861,0.19219912045611898,0.0,0.09004262872399708,0.0005557217219308444,0.03138745095309649,0.006553856991400283,0.006852699506129802,0.5780184414072672,0.20432479104775475,0.012853343806932132,6.610696135189607e-05,0.41437647570791775,0.06649189111947418,0.49682644905570494,0.9732912831982503,0.6541719012461307,0.5781445291783079,0.5076499273755408,0.0796398885498811,1.2858730836360223e-05,0.0,0.0,0.0,0.0,0.0
0.000647574361052777,0.020152144015921837,0.007426520586394406,0.0014395716395651193,6.610696135189607e-05,6.610696135189607e-05,0.14966166731217848,0.02936711295180696,6.610696135189607e-05,0.9999371959760756,0.0,0.10414032088113073,0.00014845225072648304,0.21744144749522987,0.00010116245111175456,0.43783612813542194,0.017049977442612992,0.2737536068645402,0.10910972965686146,0.1705862083947064,0.9919762977997941,0.5267732987010574,1.0,0.014977654071591247,0.44445201103624676,0.00010696331036034353,0.012509235799066707,0.0073434815086290735,0.9999338930386481,0.09950402353358502,0.10040664560438622,0.0412940043407953,0.5772750789595466,0.7084178902661299,0.3630166141045389,0.026553796954678126,0.12826671002128168,0.4218858495091474,0.05458959268540435,0.6594854586878973,0.49281366268366744,0.2653299735675556,0.28708664453646826,0.0,0.2814270878482943,0.0,0.04077803467999884,0.3971772595682276,0.5123862198679185,0.10981488385452808,0.06491450182337256,0.18504263856073078,0.43308731388824245,6.610696135189607e-05,0.1454950855029323,0.2707300222578647,0.2252469416133201,0.03604677607078724,0.0,1.970189870888298e-06,0.0,0.0,0.243803157285421,0.23342037770924776,0.625560296775583,0.5423271470688255,0.00802370220020583,0.19179961345064844,0.0,0.09005906850463229,0.0005396104787928856,0.031395291729017484,0.006534727020564587,0.006849982002659452,0.5781536377928568,0.20426110292962749,0.012960851568593806,6.610696135189607e-05,0.4143593554073759,0.06633516812055007,0.4967962889435431,0.9732977507945954,0.6542898722936176,0.5780129880397409,0.5075742791791736,0.0796614065840687,1.2352742544641774e-05,0.0,0.0,0.0,0.0,0.0
0.0006475773812122456,0.020146871598295885,0.00742717111349765,0.001421683562180674,6.610696135189607e-05,6.610696135189607e-05,0.14973312903871858,0.029433544280914124,6.610696135189607e-05,0.9999372187530319,0.0,0.10391162006079478,0.00014898820206622892,0.21727575135848012,9.564778159377055e-05,0.43804330553956045,0.01675550486279978,0.27354191417315704,0.10898838005129202,0.17036294865920157,0.9919860832730168,0.5265960726783625,1.0,0.014954948511267444,0.44385163100221997,0.00010696331036034353,0.012560984679064517,0.00736631646238284,0.9999338930386481,0.09945435476226676,0.1001349956848974,0.04105399491950766,0.5774668716357306,0.7088185122310874,0.36334902896815024,0.026585133264515393,0.12835837033297406,0.4220355275743301,0.05451672596930135,0.6600553507343627,0.4931676003044055,0.2663637903344178,0.2887455036627257,0.0,0.28193513999767333,0.0,0.040850214754418995,0.3970433359090252,0.5132505092528113,0.1099112660619559,0.06492898477562192,0.18624235247234583,0.4466876758990808,6.610696135189607e-05,0.1459313670896255,0.27057021461006153,0.22500386734902064,0.03598026282976889,0.0,1.6806919315282349e-06,0.0,0.0,0.24350915272314258,0.23327861705136685,0.6246478296142902,0.5408915476780728,0.008013916726983162,0.1914687873239643,0.0,0.0900748377170515,0.0005470826811964972,0.031401426174799164,0.00652422593366027,0.00684694192784356,0.578196102757909,0.2041957746305767,0.013041201209281183,6.610696135189607e-05,0.4142981552660419,0.06617762041989199,0.49675908814128616,0.9732658785334184,0.6543641976166144,0.5778688246440761,0.5074399684911383,0.07967999167969499,1.1868471070653423e-05,0.0,0.0,0.0,0.0,0.0
0.0006475881873437905,0.020140876449617186,0.0074274809710873834,0.001469143079878883,6.610696135189607e-05,6.610696135189607e-05,0.14980116199416904,0.02931220001032705,6.610696135189607e-05,0.999937055096326,0.0,0.10368356327406916,0.0001495376729913282,0.21713237560287327,9.043130611204325e-05,0.43825503370925517,0.01646625325959233,0.2733411977139746,0.10885630377979463,0.17011348652441316,0.9919927884381953,0.5263983934150641,1.0,0.014934128963377662,0.44325868034253896,0.00010696331036034353,0.012609687389292811,0.007389682890303793,0.9999338930386481,0.09941218867085527,0.09986168294980034,0.040812229874456825,0.5776377041892461,0.709216871251038,0.3636650639091314,0.02658321855921564,0.1284258070419328,0.42217600666714383,0.05443745357021501,0.6606190101085725,0.4935103954590199,0.2673664835555265,0.29035806324012314,0.0,0.28243785294705287,0.0,0.04091868556543067,0.39689675604803987,0.5140256538570127,0.11000018566869667,0.06494220953276343,0.18745348642614212,0.4604346885594574,6.610696135189607e-05,0.14632718712491372,0.27041458059971885,0.22476507547900715,0.03591392563897062,0.0,1.4339069952158835e-06,0.0,0.0,0.24322150302843118,0.23313700210709612,0.6237772126646789,0.5395284502354638,0.008007211561804766,0.19116375363788307,0.0,0.09009204362184084,0.0005576927718934527,0.03140957557553922,0.0065137590065200675,0.006843911630718408,0.5782499835933491,0.20411355843784815,0.013112049598984966,6.610696135189607e-05,0.4142297951517162,0.06601805326995477,0.4967374471778288,0.973267243767793,0.6544403834481988,0.5777335620267441,0.5073075127205298,0.0796932336034041,1.1404719909465021e-05,0.0,0.0,0.0,0.0,0.0
0.000647796170681506,0.020135935030622172,0.0074264578243984905,0.001441226629922837,6.610696135189607e-05,6.610696135189607e-05,0.1498357791609429,0.029395848818315227,6.610696135189607e-05,0.9999371797813731,0.0,0.1034851420426778,0.0001500448113820992,0.21695608210580117,8.547180845434762e-05,0.4383768960074586,0.016182594645123557,0.2731132682445279,0.10874961267490023,0.16996685069002093,0.992010315194337,0.5263181713442211,1.0,0.014915080944773524,0.4427099769972043,0.00010696331036034353,0.01260803181826494,0.007413344488691122,0.9999338930386481,0.09937543366993588,0.09975934108372816,0.04063838964924436,0.5778295689287668,0.7096130673142605,0.3639653055442844,0.026567585478209737,0.12849017491135567,0.4223125012191834,0.054362958556841326,0.6611756899129158,0.4938702148062285,0.2683432244522828,0.291902360838979,0.0,0.28287005522159725,0.0,0.040985436696315804,0.39679375029935693,0.5149508353028523,0.11004615282715406,0.06496558466011658,0.18855170543159147,0.4734779451339498,6.610696135189607e-05,0.14677255216304366,0.2702631138771182,0.2245318539724242,0.03584655035906544,0.0,1.2235164449939093e-06,0.0,0.0,0.24294180962871645,0.23300555471622542,0.622907162872817,0.5381307884710002,0.007989684805662995,0.19081177343418163,0.0,0.09010806342015686,0.0005441202154872646,0.03141814673502238,0.006497296854121456,0.006840403773506983,0.5783687853582279,0.2040363607495027,0.013200845995609757,6.610696135189607e-05,0.414191161938391,0.0658550787133152,0.4967030020539723,0.9732823697104082,0.6545525194663981,0.5776020269723622,0.5072601454357001,0.07969990581324433,1.0962233018146471e-05,0.0,0.0,0.0,0.0,0.0
0.0006477922218585879,0.02013134001332996,0.007426926587956039,0.0014242499238169165,6.610696135189607e-05,6.610696135189607e-05,0.14989924496215634,0.02945543110214681,6.610696135189607e-05,0.999937202239905,0.0,0.10327699072212336,0.00015059496339015076,0.21680630140221316,8.078166301100588e-05,0.4385369488125205,0.015904404112092613,0.2729078736215486,0.10862656099816646,0.16975265480033486,0.9920191419342662,0.526152081365921,1.0,0.014896390848528712,0.44215001573647067,0.00010696331036034353,0.012641561285693709,0.007435533099654947,0.9999338930386481,0.09934129776487216,0.0995695762441556,0.04043680788824797,0.5780104474530083,0.7099942988831144,0.36426920918058575,0.026592799156591275,0.12857340537164288,0.42245070683047303,0.054309577943100935,0.6617238325941235,0.4942164403806466,0.2692953655360413,0.2933700754358254,0.0,0.2833183432213488,0.0,0.0410484055225198,0.39665631944783075,0.5156503001883767,0.11014710287451158,0.06497249324347933,0.18961523667577412,0.48669356333507774,6.610696135189607e-05,0.1471522261490464,0.27012307331452085,0.224312886083059,0.03578466199818228,0.0,1.0442080920653041e-06,0.0,0.0,0.2426657419695906,0.23286514839178013,0.6220780734657922,0.5368772697638398,0.007980858065733792,0.1905295754127303,0.0,0.09012302835869265,0.0005528968466030228,0.0314246235656355,0.0064925553389086205,0.006836922338012861,0.578401869898023,0.20395289368375555,0.013246786295853777,6.610696135189607e-05,0.4141038377448335,0.06569281503382668,0.4966691380991086,0.9732566058800186,0.6546192490180519,0.5774685115065159,0.5071534732443785,0.07970602132419333,1.053760602471629e-05,0.0,0.0,0.0,0.0,0.0
0.0006477994318725953,0.02012600920980463,0.0074271844181184295,0.0014709456493277324,6.610696135189607e-05,6.610696135189607e-05,0.14995849842660328,0.02933184507713401,6.610696135189607e-05,0.9999370428142379,0.0,0.1030682137800071,0.0001511578370164956,0.21667699965294945,7.634683596588114e-05,0.4387029668002517,0.01563119827688168,0.27271275801861455,0.10849145621159433,0.1695123872231465,0.9920248905374848,0.5259657588651006,1.0,0.014879035239195995,0.4415971274787108,0.00010696331036034353,0.01267879768049112,0.0074571423747015015,0.9999338930386481,0.09931315680658126,0.09934235077094476,0.04024008772512854,0.578171391917603,0.7103700838709462,0.3645580357140044,0.026587310674541804,0.12863478537215228,0.4225795769526528,0.0542494445985102,0.6622595191058407,0.4945515940887361,0.27021310027043194,0.2947899167612496,0.0,0.2837634564721856,0.0,0.041107849747591026,0.3965048679579301,0.5162670451301916,0.11023335218119064,0.06498077230651093,0.1906796868885643,0.4999245477367215,6.610696135189607e-05,0.14749613608785994,0.2699869183197584,0.22410011000442512,0.03572337744178571,0.0,8.912410431723513e-07,0.0,0.0,0.24240136954679395,0.23272551776156017,0.6212954435179737,0.535697696015604,0.00797510946251518,0.19027078466271397,0.0,0.09013661041544503,0.0005359586162855742,0.031433565870287866,0.006486622585314372,0.006833500592429283,0.5785327284709073,0.20387592903159882,0.013288089898778539,6.610696135189607e-05,0.4140541723026238,0.06552980612462873,0.49665037306420273,0.9732615314884417,0.6546873237338551,0.5773440762113814,0.5070475886012381,0.07970791307048376,1.0130131089198081e-05,0.0,0.0,0.0,0.0,0.0
0.0006480018998170708,0.02012210530690341,0.007426152379708918,0.0014437395433858835,6.610696135189607e-05,6.610696135189607e-05,0.14998568951015942,0.029410257635875497,6.610696135189607e-05,0.9999371640498766,0.0,0.10288308898892738,0.00015169197627398873,0.21651288629503102,7.212924546972975e-05,0.4387962967608146,0.015363059426080425,0.2724916461530892,0.10838058317460118,0.16937235998268454,0.9920406925999424,0.525893192912603,1.0,0.014862705385598808,0.44109610212154515,0.00010696331036034353,0.012702012463818038,0.007479373999587688,0.9999338930386481,0.09928955827616699,0.09915705224156901,0.04009410005946848,0.5782952730479288,0.7107434612720644,0.3648574488045987,0.026621053067217893,0.12872649093220773,0.42272929550923627,0.054215791914038004,0.6627849256297476,0.4949013567798055,0.2711009584788256,0.2961465370820442,0.0,0.284142147675661,0.0,0.041165546452975696,0.3963985070906005,0.5170470954972699,0.11027505868748083,0.06499994153493979,0.19166646257362877,0.5123553086987671,6.610696135189607e-05,0.14790402611931303,0.2698528190694967,0.2238923084838269,0.035662875976525565,0.0,7.6073785296198e-07,0.0,0.0,0.24214796642868408,0.23259725633649056,0.6205184583465732,0.5344811029352713,0.007959307400057573,0.18996465941173613,0.0,0.09016994374947426,0.0005443922331168086,0.0314417858800934,0.006442020958809084,0.006830028785039209,0.5785389347039068,0.20376778126584316,0.01347467999542579,6.610696135189607e-05,0.41399188549054994,0.06536423024410863,0.49659658622994846,0.9732272549565081,0.6547598620349082,0.577198575245294,0.5069879113251474,0.07970404851548794,9.740730614788694e-06,0.0,0.0,0.0,0.0,0.0
0.0006479860043228291,0.02011810552869123,0.007426608806208595,0.0014265542847366368,6.610696135189607e-05,6.610696135189607e-05,0.15003767828617873,0.029468477103641127,6.610696135189607e-05,0.9999371885590639,0.0,0.1026956414187849,0.0001522421613698642,0.21637505734532128,6.814624855662028e-05,0.4389110550912026,0.015100805013484899,0.27229922693795117,0.10825534888775086,0.16916732060139514,0.9920483197222175,0.5257383736536403,1.0,0.014848190012385794,0.44057442389818613,0.00010696331036034353,0.012743455031311463,0.007501112354603595,0.9999338930386481,0.09927240044670334,0.09895376118044912,0.039906267550444185,0.5784062298803904,0.7111037465807594,0.365149968566391,0.02661715429455223,0.12878528547405071,0.4228812654407811,0.05416988085577549,0.6633007264149745,0.4952246810869228,0.2719564957105784,0.2974607804919772,0.0,0.28454397257527964,0.0,0.041222167366451,0.39625853750766504,0.517662496256154,0.11036029300084309,0.06500401378369566,0.19266921727344144,0.5250821970260636,6.610696135189607e-05,0.1482331429941693,0.2697271447594236,0.22369423497738875,0.035607666707613325,0.0,6.495425412960073e-07,0.0,0.0,0.24190156724127643,0.23246672420252593,0.6197881554016708,0.5333718989066277,0.007951680277782501,0.18971765377108019,0.0,0.09016994374947424,0.0005540144962142875,0.03145079812966058,0.006450516811861713,0.00682103127617254,0.578562113408777,0.20368278205213466,0.013466589841977204,6.610696135189607e-05,0.4139113381052935,0.06520201844185197,0.4965467233072108,0.9732306035440779,0.6548390076380868,0.5770505883106622,0.5069190640530219,0.07969690133026418,9.367772599996487e-06,0.0,0.0,0.0,0.0,0.0
0.0006479926132478686,0.020113750587245852,0.007426711741784663,0.0014719013014958887,6.610696135189607e-05,6.610696135189607e-05,0.15008432939671057,0.029348211293834487,6.610696135189607e-05,0.9999370334114709,0.0,0.10250484624107074,0.0001528100346090156,0.21625577159320095,6.438289414706433e-05,0.4390349558578547,0.01484338962330605,0.27211606609309785,0.10811976934687863,0.16893564427366464,0.9920530087205284,0.52556069155732,1.0,0.014834525088257325,0.44006576875105274,0.00010696331036034353,0.01278032585057184,0.007523470827453712,0.9999338930386481,0.0992592432948692,0.09875166831711626,0.03972751694361504,0.5784977838780649,0.7114648325475356,0.3654212710404217,0.02660313039899365,0.12883272089690045,0.4230113392700507,0.054118004690082724,0.6638089112135385,0.4955370252156686,0.2727852427583467,0.29874724622823196,0.0,0.284948689182312,0.0,0.04127751013865625,0.3961117718435085,0.5182143821047576,0.11043357077082315,0.06501125306054295,0.1936387217984942,0.5378772189588843,6.610696135189607e-05,0.14854534508562633,0.26960431788996475,0.2234969519615976,0.03555170865708076,0.0,5.548062905852273e-07,0.0,0.0,0.24166099754199954,0.23233789963191773,0.6190949878947747,0.5323171094981035,0.007946991279471613,0.18949061926036814,0.0,0.09020327708280759,0.0005387775444674488,0.0314591148811402,0.0064491428945890605,0.006815544622363512,0.5786452540467557,0.2035926218027672,0.01348732336125848,6.610696135189607e-05,0.4138127657802495,0.06503821549086684,0.4965221740614268,0.9732440595663974,0.654910952703608,0.5769242778358022,0.5068470394520626,0.07968670162115599,9.009059315741588e-06,0.0,0.0,0.0,0.0,0.0
0.0006481758190393756,0.020110623562644248,0.007425618576215554,0.0014442983123008962,6.610696135189607e-05,6.610696135189607e-05,0.15010232264828605,0.029427686108557363,6.610696135189607e-05,0.9999371550386278,0.0,0.10234028043127291,0.00015335710440178766,0.21611017939635654,6.080948603133539e-05,0.43909917758985134,0.01459118354810585,0.2719077206910337,0.10801019899184876,0.16880311896019146,0.9920673446891943,0.525494830623927,1.0,0.014821119885960257,0.43960557516757054,0.00010696331036034353,0.012801552234311854,0.007545482170626318,0.9999338930386481,0.09925028137247877,0.09860137886504916,0.03960182024140465,0.5785594761495697,0.7118254225913325,0.3657032091469146,0.026631712454775167,0.12891380568515123,0.42315550644184025,0.054091748965734626,0.6643109539370032,0.4958645886145675,0.27359277232986495,0.29997912969505874,0.0,0.2852886536912934,0.0,0.041331881605325076,0.39600959140959796,0.518936969625671,0.11046582479289216,0.06502705560430205,0.19455879232734546,0.549886291247792,6.610696135189607e-05,0.1488948597435469,0.269483908824607,0.22330410327783023,0.03549642259228182,0.0,4.740303016320243e-07,0.0,0.0,0.24142807013845508,0.23221902514736736,0.6183970286782863,0.5312177513447498,0.00793265531080564,0.1892165156847796,0.0,0.09020711567068798,0.0005474698302600128,0.03146801871843205,0.0064369702864481215,0.006811133115833704,0.5787051323557122,0.2035156451200806,0.013550006238779763,6.610696135189607e-05,0.41372506808254167,0.06487047413083724,0.4964600878295306,0.9732149304408231,0.6549755408881907,0.5767836840721284,0.5068090734444141,0.07966979237643586,8.665547031376007e-06,0.0,0.0,0.0,0.0,0.0
0.0006481704164817226,0.02010733317277979,0.007425921669055095,0.0014265744986175386,6.610696135189607e-05,6.610696135189607e-05,0.15014574520933624,0.029486734488975486,6.610696135189607e-05,0.9999371815540189,0.0,0.10216809479147702,0.00015391935000989542,0.21598808420614826,5.743612156656283e-05,0.43918459248861824,0.014344611596813326,0.27172712965129053,0.10788776430823746,0.16860657076486554,0.9920738921994756,0.5253471388808438,1.0,0.014809431375388274,0.4391303532859417,0.00010696331036034353,0.012837757825202857,0.00756611452352337,0.9999338930386481,0.09924589607190129,0.09844068901722827,0.039445322008504,0.5786155119176288,0.7121736162639049,0.3659624572887502,0.026626829895692573,0.12896583966994088,0.4232829629860885,0.05405605915299594,0.6648022353164985,0.4961681855429238,0.27437502375576617,0.3011754453354424,0.0,0.2856540305786173,0.0,0.04138578668829755,0.3958766699925285,0.5194993118818575,0.11053859334339294,0.06503014105366836,0.19545868789151952,0.5621833919455429,6.610696135189607e-05,0.1491941773200893,0.26937281237978067,0.22312033353834404,0.03544296080579586,0.0,4.0512428404450226e-07,0.0,0.0,0.2411972704578225,0.2320963492325155,0.6177372119359964,0.5302179838996921,0.007926107800524388,0.1889988305405389,0.0,0.09021877284620852,0.0005605916818042551,0.03147564148702753,0.006429767860862998,0.006807130609092223,0.5787130875603588,0.203407655931301,0.013595763983475206,6.610696135189607e-05,0.41363001418704626,0.0647060501977511,0.49642648711397686,0.9732192507542975,0.6550456709996269,0.5766596008923449,0.5067593483583859,0.07965588262886575,8.335573270107123e-06,0.0,0.0,0.0,0.0,0.0
