0_primarytoI_spread,0_primarytoII_spread,0_primarytoIII_spread,0_primarytoIV_spread,0_primarytoV_spread,0_ItoII_spread,0_IItoIII_spread,0_IIItoIV_spread,0_IVtoV_spread,0_late_p,0_C01_coef,0_C02_coef,0_C03_coef,0_C04_coef,0_C05_coef,0_C06_coef,0_C09_coef,0_C10_coef,0_C12_coef,0_C13_coef,0_C32.0_coef,0_C32.1_coef,0_C32.2_coef,1_primarytoI_spread,1_primarytoII_spread,1_primarytoIII_spread,1_primarytoIV_spread,1_primarytoV_spread,1_ItoII_spread,1_IItoIII_spread,1_IIItoIV_spread,1_IVtoV_spread,1_late_p,1_C01_coef,1_C02_coef,1_C03_coef,1_C04_coef,1_C05_coef,1_C06_coef,1_C09_coef,1_C10_coef,1_C12_coef,1_C13_coef,1_C32.0_coef,1_C32.1_coef,1_C32.2_coef,2_primarytoI_spread,2_primarytoII_spread,2_primarytoIII_spread,2_primarytoIV_spread,2_primarytoV_spread,2_ItoII_spread,2_IItoIII_spread,2_IIItoIV_spread,2_IVtoV_spread,2_late_p,2_C01_coef,2_C02_coef,2_C03_coef,2_C04_coef,2_C05_coef,2_C06_coef,2_C09_coef,2_C10_coef,2_C12_coef,2_C13_coef,2_C32.0_coef,2_C32.1_coef,2_C32.2_coef,3_primarytoI_spread,3_primarytoII_spread,3_primarytoIII_spread,3_primarytoIV_spread,3_primarytoV_spread,3_ItoII_spread,3_IItoIII_spread,3_IIItoIV_spread,3_IVtoV_spread,3_late_p,3_C01_coef,3_C02_coef,3_C03_coef,3_C04_coef,3_C05_coef,3_C06_coef,3_C09_coef,3_C10_coef,3_C12_coef,3_C13_coef,3_C32.0_coef,3_C32.1_coef,3_C32.2_coef
0.0002064036055399,0.0175713364366845,0.0049916654068137,0.000926536644879,6.610696135189607e-05,6.610696135189607e-05,0.1428132646326737,0.0265412967396582,6.610696135189607e-05,0.9999372458761832,0.0,0.1599955418255731,0.0003430036327744,0.1307812781849878,0.0089100014433276,0.2895730896701437,0.0740372033708727,0.1878290816453437,0.1021098825197702,0.1778943782460072,0.9858742004498646,0.4761270578583069,1.0,0.0323164762883355,0.5352989603016167,0.0057053987840664,0.0022164478369987,0.0166499542890177,0.999933893038648,0.1667399871204791,0.2571394693485856,0.3042845081143296,0.3957265769554678,0.7629120540784773,0.2860893619139116,0.0548960989553,0.1584679092093436,0.4460575882291553,0.1378235316426379,0.7076026556550281,0.470343819454781,0.0195340697649563,0.0690300774016507,0.0,0.1201964905560499,0.0,0.0149284684451839,0.3351391089445794,0.2581744557840268,0.0751965234769756,0.0315137868026421,6.610696135189607e-05,6.610696135189607e-05,6.610696135189607e-05,0.0568179830560037,0.3738778798219803,0.2166285574868939,0.0944180993000866,0.0,0.0435850814842003,0.023399842449862,0.0,0.1775545494675418,0.2717651838517317,0.8783560477152733,0.753075544352342,0.0141256718385896,0.4036764515856431,0.0,0.082479141759443,0.0007331374358574,0.0162741682533196,0.0070041609934487,6.610696135189607e-05,0.2206486240209343,0.1317095102102511,0.0093515747403533,6.610696135189607e-05,0.6867190507487642,0.0204593884346287,0.4594969969604285,0.9447608974119256,0.6671657311214683,0.521632567877655,0.5726033786872183,0.0408055915065573,0.0700619150481435,0.0,0.0,1.2771154569363453e-07,0.0,0.0
0.00021336691392267668,0.018667534352053032,0.004823864120458547,0.0006998041020296589,6.610696135189607e-05,6.610696135189607e-05,0.1438484470672091,0.0346750235858847,6.610696135189607e-05,0.999938430816211,0.0,0.13896475643305356,0.00040905833936831986,0.13433067874331203,0.008792863622049485,0.2433762493272696,0.076713972005345,0.17723089153152718,0.10357312263691278,0.15391155803811354,0.9901473460250919,0.4795846426443416,1.0,0.03421791429245965,0.5262370500052407,0.00534241218526662,0.0020432203078062944,0.017803817226269354,0.9999338930386481,0.1704918125551677,0.32454193448175367,0.356420660187657,0.40114901762102595,0.768018246335709,0.27920202119570975,0.11861499919375137,0.15269821338398745,0.4345550240524144,0.20163223233742653,0.7111629194588396,0.48042667090036617,0.017240652553076975,0.05939199387829803,0.0,0.12085562010090606,0.0,0.015028170681591175,0.31410508483643795,0.2753260416016132,0.06915689604200387,0.033349877969784475,6.610696135189607e-05,0.03658258948288426,0.015457043399631474,0.10214248484653364,0.3709165418737964,0.2061557380950677,0.12099511307354174,0.0,0.036665918856506614,0.02269142139344285,0.0,0.17175977920065913,0.27497331028460537,0.8791862248100103,0.7866964480835884,0.0098525378491415,0.3995597372547524,0.0,0.08269916206372768,0.0009764492960043416,0.015437466461835563,0.006073859802454056,6.610696135189607e-05,0.193267188723625,0.06426489137614994,0.025689875303838632,6.610696135189607e-05,0.8011888599572969,0.02582601556922321,0.46083810929769503,0.8809759424668804,0.676305189016194,0.5339606909320932,0.5549915183353039,0.04036332933515626,0.06736912728350127,0.0,0.0,1.1612576660029289e-07,0.0,0.0
0.00021336691392267668,0.019516526847912417,0.004455534232159115,0.0006478867188494972,6.610696135189607e-05,6.610696135189607e-05,0.14338380784654525,0.03937521782424888,6.610696135189607e-05,0.9999381542129915,0.0,0.12504043918205732,0.0004871598061769305,0.14050632013212527,0.008798144752291853,0.210684593138718,0.07835475168481655,0.17183258855832376,0.1033454418758546,0.14026160568817495,0.9933727316253878,0.48335397693091314,1.0,0.03415471395531482,0.5232904950128038,0.004050899425635633,0.0020041257397741367,0.017691379055132905,0.9999338930386481,0.17034164579814629,0.3475789437156291,0.3320018588060673,0.4007494047629788,0.7746514693812598,0.26797605724225626,0.1364287096458428,0.15221420127732957,0.43372113171490484,0.2323141712149485,0.7188334759606801,0.48531951625687814,0.016032916110751975,0.05370457025651156,0.0,0.12337094037789505,0.0,0.014663062887772789,0.30616797754119485,0.27400491148068923,0.06685235032417361,0.03318749399556619,6.610696135189607e-05,0.06253757279440415,0.012477672786067658,0.10869389653480017,0.3721764655445432,0.19527255685251022,0.14332072884397357,0.0,0.03301252586156841,0.022189738486387306,0.0,0.16349092759195877,0.2770164382922951,0.8806216420133934,0.8060338240553135,0.0066271638152955075,0.3932750826911919,0.0,0.07880138240318056,0.001070122523483459,0.01401944349406871,0.005685748788710801,6.610696135189607e-05,0.17683764078402134,0.04982763277426932,0.029066471394367313,6.610696135189607e-05,0.8763355663733976,0.030075973766229933,0.4636627747317129,0.8630841305479803,0.6742669527289767,0.535290985046416,0.5570012356463335,0.0393208447625445,0.06583145689250297,0.0,0.0,1.0455931678805665e-07,0.0,0.0
0.00021336691392267668,0.020021233686622335,0.004236883836330697,0.0006426953149971658,6.610696135189607e-05,6.610696135189607e-05,0.14412602612056247,0.042212325280472286,6.610696135189607e-05,0.9999377739406714,0.0,0.11368633720669866,0.0005860771184292151,0.1463593391551893,0.00878482831807759,0.1857837068401314,0.07918851305757019,0.1680109116007585,0.10200143856365734,0.1312652653459641,0.9955443789432205,0.4850342784705173,1.0,0.034276801248588167,0.5227355842137309,0.0033496280309027334,0.0020339218354855693,0.01747606386880318,0.9999338930386481,0.17119661949835058,0.36122948599109267,0.3180382580770501,0.3988466545102032,0.7795815179333537,0.25627025075370924,0.14190793554094444,0.15216313949296112,0.4362040314277512,0.24673317585203391,0.725333754159391,0.48635441452732636,0.015149684455237991,0.04955995597615961,0.0,0.1259567172756891,0.0,0.014545453063713592,0.30148833762214666,0.2727737412942073,0.06608314055448836,0.0333370899524777,6.610696135189607e-05,0.07438365701771749,0.009634091866305894,0.11200590632012589,0.37363699094961683,0.18675837539686732,0.16237146140134964,0.0,0.03104651784022113,0.022061199821197874,0.0,0.157137448949543,0.2805036753015308,0.8828488769811047,0.8191747786778762,0.004455525891452214,0.3890090042537936,0.0,0.07842828673360312,0.001186241289642228,0.013563202202225691,0.005678002298464994,6.610696135189607e-05,0.1751127114754514,0.04867001787057137,0.030592418200326894,6.610696135189607e-05,0.8912542621456008,0.033660106669778984,0.46767195063824246,0.8575059873406263,0.6704310035116284,0.5329499404329734,0.5674831173078347,0.03834028383349573,0.06513099857038435,0.0,0.0,9.516532738866321e-08,0.0,0.0
0.00021336691392267668,0.02030526352241415,0.004141031864224377,0.0006405040627491288,6.610696135189607e-05,6.610696135189607e-05,0.14516921059189836,0.043786151165018494,6.610696135189607e-05,0.9999374870794058,0.0,0.10451025048574877,0.000707864474688331,0.15218063606265184,0.008796290505637152,0.16633437264979561,0.07977022766632491,0.16534593413556353,0.10056519805809887,0.12531846625515897,0.9970051177172082,0.4858280951975126,1.0,0.034270927928118304,0.5231539425845562,0.002829695522140193,0.0020519081786106587,0.017386319975885904,0.9999338930386481,0.1725120607082151,0.37072552864189307,0.3098659661148619,0.3966286097458131,0.7835984849585329,0.24551525245083966,0.14344112347861163,0.15156092957406941,0.43770505407946997,0.25366245440104696,0.7304158459170462,0.48581120170904785,0.014439142398899468,0.04635324683867118,0.0,0.12848209330193192,0.0,0.014451413132500864,0.2983016416628316,0.26970844592366733,0.06610202806921832,0.03331081634119592,6.610696135189607e-05,0.08488809571416736,0.006831388992731653,0.11402079643539563,0.37551136042622024,0.17970334514977876,0.17747254913429103,0.0,0.02974782403585424,0.021996595513179194,0.0,0.15236329249906805,0.28403445049454923,0.8849956595430016,0.8283282869061699,0.002994795463654892,0.3856898115005556,0.0,0.07731260327503685,0.0012847848909183727,0.013235440178207932,0.005551045062679034,6.610696135189607e-05,0.17275170276489532,0.048929206380744134,0.03125293821899962,6.610696135189607e-05,0.9055948234525308,0.03669816989168834,0.4725019479291206,0.8558510120467,0.6665106103274245,0.5315020599017137,0.5800031729491575,0.03745063391756088,0.06480841366083946,0.0,0.0,8.681913691574104e-08,0.0,0.0
0.00021336691392267668,0.02046597276321377,0.004066843591167282,0.0006383518476037308,6.610696135189607e-05,6.610696135189607e-05,0.14642644859317017,0.04461915593959723,6.610696135189607e-05,0.9999373972616677,0.0,0.09664257807040935,0.000853366145335822,0.1575304141863875,0.008799395721805395,0.15024391785882324,0.08021448272995049,0.1633470900844662,0.09913110724426333,0.12113585971724578,0.9979861307705806,0.4860645757911198,1.0,0.0342871832551564,0.5243981491935568,0.002410608795049382,0.002053692940363434,0.017361051721459565,0.9999338930386481,0.17395399905147424,0.37738708321077713,0.3049283522565688,0.39439232274039987,0.7868141604317821,0.2364762760214306,0.14377683334744917,0.15065602835629296,0.43868690093240686,0.25756050449311746,0.7342266395682557,0.4846294607148813,0.013835910514070777,0.04375482606395592,0.0,0.1309111381941828,0.0,0.014378772448113343,0.2955902819618812,0.2660783270858884,0.06631396679531794,0.03321003698748427,6.610696135189607e-05,0.09371627547520969,0.00443085437115767,0.11503578904583436,0.3776305281609935,0.1739077050620234,0.1894220741223956,0.0,0.028800535626926478,0.0219667911415042,0.0,0.148855113062483,0.2871884001091,0.8870329822416659,0.8351093142187983,0.002013789780506907,0.3830242860146974,0.0,0.07623682844027865,0.0013869322212459545,0.012962604346505351,0.005400496238221798,6.610696135189607e-05,0.17048750721758585,0.04928226937777496,0.03178969622403274,6.610696135189607e-05,0.9188603010391282,0.03927813450619458,0.47745907178576447,0.855369800507215,0.663013021830393,0.5305469122042835,0.5921955776480593,0.03670376463931079,0.06483504909155254,0.0,0.0,7.944891241109074e-08,0.0,0.0
0.00021336691392267668,0.02055417605619101,0.004041592851494864,0.0006360967680347546,6.610696135189607e-05,6.610696135189607e-05,0.14759264217605128,0.04505855036485627,6.610696135189607e-05,0.9999372572742404,0.0,0.08974794972609641,0.001026467711021149,0.16234564813302604,0.008792539136708145,0.1365772515472911,0.08062574292759637,0.1617702285342169,0.09770287304263317,0.11798633277273131,0.9986447693106977,0.4858378689420664,1.0,0.03431659182669746,0.526196350056683,0.0020810328944261026,0.002044190472983837,0.017364976439745865,0.9999338930386481,0.17534494994360644,0.3821753150866718,0.30201673155010905,0.3922546173374403,0.7893862831078587,0.22909762814349138,0.14365789333414733,0.14963085920711952,0.4392485093316322,0.26006316161017345,0.7369412092757587,0.48322997196805206,0.01330803610700644,0.041573058715406605,0.0,0.13322570841094994,0.0,0.014302498782957633,0.2930909145528483,0.2624278306419634,0.06650951201335922,0.033079048255472636,6.610696135189607e-05,0.10091032674110782,0.0024840690124610957,0.11543279697279112,0.37984072908979283,0.1691581358002751,0.1989627439815811,0.0,0.028091729205002327,0.021970808314195324,0.0,0.14633333630276557,0.2898910388707283,0.8889890908503604,0.8404406085118621,0.0013551578082122687,0.3809364226469837,0.0,0.07524713178945878,0.0015181294581345832,0.012733032983525688,0.005256436862436626,6.610696135189607e-05,0.16841065636377606,0.049474581223946705,0.0323437601363614,6.610696135189607e-05,0.9310611975450447,0.041455581091866256,0.4821916781488312,0.8553156389548315,0.659931763454852,0.5299881432174643,0.6033595868425355,0.03609971149387939,0.06510876062700277,0.0,0.0,7.28810900635927e-08,0.0,0.0
0.00021336691392267668,0.0205925132049877,0.004037530578205683,0.0006338680419649913,6.610696135189607e-05,6.610696135189607e-05,0.14870412335964286,0.045280441592226425,6.610696135189607e-05,0.9999371483725756,0.0,0.08362794155567584,0.0012319272283501266,0.16663295312063825,0.008777425113723454,0.12480752373922041,0.08106252363998422,0.1604911278668267,0.09629243311743829,0.1154845508798389,0.9990881057109897,0.48537738748653586,1.0,0.03435825714350648,0.5283132339868731,0.0018223152197738876,0.0020287601533156676,0.01738072666783053,0.9999338930386481,0.1766279199702459,0.385764232587914,0.30038429168471115,0.3902892128931863,0.7914526794864062,0.22309245020223176,0.14324684071269933,0.1485345984603401,0.4394357907920125,0.26175363986733,0.7387631930895108,0.48181580376688066,0.012838264739545935,0.03969303086154614,0.0,0.135414212155855,0.0,0.014221190881809946,0.2907928113528496,0.25893512808277563,0.06662807069984525,0.03294337234953872,6.610696135189607e-05,0.10687278734708164,0.000967878852931386,0.11545214136413906,0.38203267798031226,0.16524893975907695,0.2066461108731004,0.0,0.027550732577834653,0.022003462569488805,0.0,0.14454374242613485,0.2921354328210667,0.8908693021430157,0.8448224182586149,0.0009118273158938246,0.3792084003576091,0.0,0.0743426900726255,0.0016548629783647234,0.012565243062487942,0.00512879805384019,6.610696135189607e-05,0.16654283807288597,0.04940710591770396,0.03291647379491283,6.610696135189607e-05,0.9421369811319306,0.04329838075451682,0.4866334973689921,0.8555212320589506,0.657281715841187,0.5297833215247753,0.6134388363934496,0.03563054084437017,0.06555763554522576,0.0,0.0,6.697311651626612e-08,0.0,0.0
0.00021336691392267668,0.020599170543158064,0.004041718945047138,0.0006318373703620507,6.610696135189607e-05,6.610696135189607e-05,0.14971260584325968,0.045388128863899035,6.610696135189607e-05,0.9999370742957712,0.0,0.07814631459073491,0.0014755784358439921,0.1704126926237667,0.008755279865684418,0.11455305937496213,0.08154726390866165,0.15942009293923676,0.09490716720685438,0.11340153474182221,0.9993866771943024,0.4847760411009562,1.0,0.034408520414059764,0.5306029367902332,0.0015971832007443212,0.0020112057762262264,0.01739930146348445,0.9999338930386481,0.17778885639759523,0.3885944921372543,0.29963023569929337,0.38847181987127455,0.7931170907736512,0.2181931738081904,0.14268255255984194,0.1474422055833617,0.43935826693307517,0.26294812879492935,0.7398794285512633,0.48047883517108536,0.012414765114515315,0.03803907027507178,0.0,0.1374758394210756,0.0,0.014138808148038483,0.2886576924945786,0.25566377077347785,0.06665785553690617,0.032810455893496314,6.610696135189607e-05,0.11184414965952848,6.610696135189611e-05,0.11529915735086256,0.38408776230349695,0.16201306473703111,0.21288460929392625,0.0,0.02712692134056167,0.02204919120092406,0.0,0.1432935085981228,0.2939786577915653,0.8926780676786303,0.848559394983106,0.0006132611915268103,0.3777481194779683,0.0,0.07351554515882201,0.0017952082167085935,0.01240020611014671,0.004991665405768567,6.610696135189607e-05,0.16486586623452448,0.0493036706370774,0.03350783561066393,6.610696135189607e-05,0.9525671016616678,0.04486984448931769,0.49077590230714835,0.855841869004314,0.6550181804523099,0.5298372620003164,0.6224988118301085,0.03527979894195226,0.06612241409811262,0.0,0.0,6.161417072819681e-08,0.0,0.0
0.00021336691392267668,0.02058746480737602,0.004049102792563489,0.0006301243400502428,6.610696135189607e-05,6.610696135189607e-05,0.15065947009697578,0.045415285747766945,6.610696135189607e-05,0.9999370178005569,0.0,0.07319228901082335,0.0017639722557514649,0.17370062445150536,0.008726269541801362,0.10553047112478849,0.08207776092055441,0.158488791177593,0.09354173390538281,0.11158539124611203,0.9995876652504364,0.48407920556029643,1.0,0.03447518708246078,0.5330069777499269,0.0013821491136163828,0.001994448319091129,0.01741884942046082,0.9999338930386481,0.17888446137256472,0.39077420223862835,0.2994240691340481,0.3867902556842817,0.7944483911711128,0.21416173096742497,0.14202068167408805,0.1463841845866924,0.439082973289147,0.2637929004748054,0.740437480447446,0.47924706143072177,0.012027495005697195,0.03655379522649609,0.0,0.13939875613299563,0.0,0.01402506881523539,0.2867340104161647,0.2526675905625114,0.06655736764940723,0.03268742916566142,6.610696135189607e-05,0.116033944460272,6.610696135189607e-05,0.11515669614078912,0.38592516720685427,0.15933460781779693,0.21805580396605698,0.0,0.026801413496703636,0.02212267809986138,0.0,0.14246183223104164,0.29549808333919414,0.89443077108892,0.8518608135273918,0.0004122780187594181,0.37652203830670794,0.0,0.07275549135211971,0.0019628238080168724,0.012245229826167763,0.004865282796363946,6.610696135189607e-05,0.1632333898436125,0.049142689212039306,0.03407490144986185,6.610696135189607e-05,0.9622560788720753,0.0462170010110903,0.4945901760556948,0.8562153460701605,0.6531137774650987,0.5300680790691903,0.6306766284004061,0.03502292640095799,0.06676606405249104,0.0,0.0,5.6730804173019076e-08,0.0,0.0
0.00021336691392267668,0.02056420832458324,0.004057412088813617,0.0006287781665358805,6.610696135189607e-05,6.610696135189607e-05,0.15156768461607606,0.045367193088112816,6.610696135189607e-05,0.9999369740395357,0.0,0.06869197608940869,0.0021049883039238127,0.17652584119552495,0.008691743633318061,0.09753128238636743,0.08265050324796636,0.15766150936379805,0.09219052306130242,0.10993637414725752,0.9997228815891145,0.48332284847683077,1.0,0.034534873584842626,0.535447889920172,0.0011862412896422275,0.001979933826760796,0.01743945204177219,0.9999338930386481,0.17991653869522256,0.3922180934838921,0.2994884702010762,0.3852794795464758,0.7955257046359621,0.21078913843963845,0.14122861029091954,0.14533475968383475,0.4386396422452612,0.2643266581724528,0.7405478000489122,0.4781331376672951,0.011667936043829076,0.035185929828688955,0.0,0.14115910260597475,0.0,0.013939657391212319,0.28502378451079197,0.24995305738415113,0.06621656152863932,0.03258023969917647,6.610696135189607e-05,0.11954378426862362,6.610696135189607e-05,0.1149425928435727,0.38771581085654566,0.15708953168814976,0.22236656029676719,0.0,0.026544940002466908,0.022234942483997912,0.0,0.14195807688995413,0.2967452464008033,0.8961415408948685,0.8548776960240535,0.0002770661429371318,0.3755180489171945,0.0,0.07204432579736439,0.002138573059388556,0.01211036703639303,0.004751400710929283,6.610696135189607e-05,0.16167318597695662,0.048903500516387685,0.03456057459324405,6.610696135189607e-05,0.971270272460769,0.04738476367588815,0.4981523251741858,0.8566664014051566,0.6515944591181735,0.5304336716374228,0.6381420594411799,0.03484361981316738,0.0674601065681035,0.0,0.0,5.226794839994705e-08,0.0,0.0
0.00021336691392267668,0.020530412520852272,0.0040649158632701885,0.0006281408430158702,6.610696135189607e-05,6.610696135189607e-05,0.1524010136714373,0.04534714398575684,6.610696135189607e-05,0.9999369383730135,0.0,0.06458035594004492,0.002507725348538032,0.17891008574069212,0.00865228761849381,0.09038586993258178,0.08325591742771142,0.1569044476964854,0.09086623188013525,0.10841828986657673,0.9998137869708728,0.4825286708821115,1.0,0.034601385863336734,0.5378892438253863,0.0010198846270224292,0.0019716752313625233,0.017456479944327957,0.9999338930386481,0.18080895666636287,0.39367489751255996,0.2997407386966869,0.38389835646504356,0.7963670053554925,0.20790674007340168,0.14034817799203378,0.14430766334288983,0.43808504816021215,0.2646206270422953,0.740327290880334,0.4770744154547357,0.01132841780610684,0.03391381068534921,0.0,0.14275811488318368,0.0,0.013863067815630585,0.28342674745880286,0.24741063231391097,0.06588633109650947,0.03247317126721121,6.610696135189607e-05,0.12256667488889496,6.610696135189607e-05,0.1146828716250855,0.38942201535308724,0.1552125068381449,0.22602592430431584,0.0,0.02636139151735537,0.022370080580278118,0.0,0.141687591519668,0.29784087696277517,0.897805350313758,0.8576678994480741,0.0001861648494570026,0.37471321423470483,0.0,0.07136968778906712,0.0023258339639447923,0.011987798133664015,0.0046846912810773154,6.610696135189607e-05,0.16017902304490417,0.048598152024480507,0.03488295586176672,6.610696135189607e-05,0.9793884695977574,0.0484204878063626,0.5014869796822377,0.8571440966594281,0.6504208593990627,0.5308925836410159,0.644993503025123,0.034729200172286576,0.06818025988600368,0.0,0.0,4.817967025221317e-08,0.0,0.0
0.00021336691392267668,0.020491480779227998,0.004071027584426452,0.0006275020587086816,6.610696135189607e-05,6.610696135189607e-05,0.1531395250159614,0.045338471223705615,6.610696135189607e-05,0.9999369172646526,0.0,0.06080799439602454,0.0029828604533088327,0.1808888473561886,0.00860873931039004,0.08396382996545074,0.08388314916272319,0.15620176032473854,0.08957507999937964,0.10700282013105437,0.9998748753959812,0.48172009854672054,1.0,0.03467238710064477,0.540314796354684,0.0008990208775244757,0.0019654130679406137,0.017471991871907757,0.9999338930386481,0.1815492124951588,0.3950011860569814,0.30007836436678487,0.3826172252176936,0.7970105899969772,0.2054153939327349,0.13939948487023104,0.14330286105669385,0.43747829058128773,0.264736897802279,0.7398666304333986,0.4760540521482173,0.0110060366605265,0.03272363256873826,0.0,0.14420492741449262,0.0,0.013791001216690987,0.2819428513205233,0.24506566135917326,0.065556188882027,0.03236904231169211,6.610696135189607e-05,0.12524190760801818,6.610696135189607e-05,0.11441095328272943,0.3910334526842409,0.15362738747654167,0.22913511803417186,0.0,0.026244469263779567,0.02251487486788863,0.0,0.14157903957946635,0.2988448095407723,0.8994188833400939,0.8602735473002073,0.00012508017739551916,0.37407497403878687,0.0,0.07074361918764202,0.0025339915620837495,0.011876308128534362,0.004607073608936849,6.610696135189607e-05,0.15873229479190137,0.04824826590682822,0.03517406277524614,6.610696135189607e-05,0.9868648260868286,0.049362022526481183,0.5046414936370688,0.8576176546764601,0.6495638223233381,0.5313980952404336,0.6512992722322702,0.03467118082441189,0.0688993779862719,0.0,0.0,4.442662331539562e-08,0.0,0.0
0.00024670024775042324,0.020450189831896438,0.004075564201838225,0.0006269576232148556,6.610696135189607e-05,6.610696135189607e-05,0.15383642893095617,0.04533976191803683,6.610696135189607e-05,0.9999367628373552,0.0,0.05733201965600311,0.003542508385368338,0.18248542432858567,0.00856190939154656,0.07815793755242692,0.08452330439566941,0.15554557735191432,0.08832431275087214,0.1056748256811743,0.9999159075032423,0.4809191952690636,1.0,0.03474508894582147,0.5427145469965013,0.0007668466459071035,0.0019611841514848394,0.01748741350097847,0.9999338930386481,0.18225626886961901,0.3963057894972436,0.30048253767030614,0.3814322928635936,0.7974831537539816,0.20322303574618922,0.13835135951720673,0.14229215066972595,0.43681714692875584,0.2646647425158178,0.7392349582642265,0.4750499676861086,0.01069932722462275,0.03160613833993204,0.0,0.1455089391064374,0.0,0.013723586280484966,0.2805744870626452,0.24292507308942857,0.06524407779994418,0.032268148151638615,6.610696135189607e-05,0.12758219362174494,6.610696135189607e-05,0.1141249076366143,0.39253045960069477,0.15229612258551353,0.23184404993617563,0.0,0.026185461206015746,0.02266993810689204,0.0,0.14158899271071945,0.2997879697556738,0.9009763600245051,0.8627190359788937,8.405151899208035e-05,0.37357186562449896,0.0,0.07015256712289915,0.0027756043048240884,0.011773894577163036,0.004526397903657549,6.610696135189607e-05,0.1572896466753811,0.04786125330627935,0.03545622757948483,6.610696135189607e-05,0.9937421515017072,0.05022072366050471,0.5076008946616322,0.8581061320974249,0.6490369637956727,0.5319510055728056,0.6571773199317553,0.0346527446293847,0.06961648520630337,0.0,0.0,4.097776564309909e-08,0.0,0.0
0.0002463228656939448,0.02040661484475666,0.004112086979625503,0.0006264377630579874,6.610696135189607e-05,6.610696135189607e-05,0.1543941574868022,0.045335336287738684,6.610696135189607e-05,0.9999366649760086,0.0,0.05412099992858338,0.0042001968909016925,0.1837474656723026,0.0085121618767532,0.07289365808664325,0.08517305540785161,0.15494698720003164,0.08711164033270702,0.10441189484335084,0.9999435123285277,0.48012135982274695,1.0,0.034817248266355294,0.5450640760302847,0.0006664707676963487,0.001958185860161008,0.01750399577151837,0.9999338930386481,0.18284440162986096,0.39750933188797916,0.3008688588321976,0.3803424849800927,0.7978092956857539,0.20124447334260936,0.13716088291575423,0.14124477391978066,0.4360825558211988,0.2643791200394536,0.7384848029909988,0.4740555927120911,0.010407153379774185,0.030554952346672937,0.0,0.14669061006406695,0.0,0.013658727967173509,0.2793105777752456,0.24091679074846156,0.06495017804176026,0.032170802528617946,6.610696135189607e-05,0.12979211562242812,6.610696135189607e-05,0.11383942510229629,0.3939113508101183,0.15118258050272035,0.23423900775228232,0.0,0.026175849396563432,0.0228365875598569,0.0,0.14168664406287074,0.30068771084286783,0.9024812062875188,0.8650331528099763,5.645142379133744e-05,0.3731880301131861,0.0,0.06957080697384206,0.003031804515498132,0.011680591866208203,0.004463081665617656,6.610696135189607e-05,0.1559404865163355,0.047440877084544364,0.035624326714858316,6.610696135189607e-05,0.9999597865350828,0.05100812381152578,0.5103955189765249,0.8586389201933441,0.6488319110113534,0.532568694742191,0.6627272218739032,0.034655497538278957,0.07030970924500951,0.0,0.0,3.624768095301614e-08,0.0,0.0
0.00024650117968817335,0.020362564506583337,0.00412803258679741,0.0006259163392530917,6.610696135189607e-05,6.610696135189607e-05,0.1549454762871697,0.04532163575507948,6.610696135189607e-05,0.9999366486829543,0.0,0.05113902550080487,0.0049704612603171505,0.18468787662187255,0.00845964288756225,0.06809102043446344,0.08582444291471984,0.1543943552029431,0.0859539849225053,0.10323123415013907,0.9999620682818882,0.4794517112943414,1.0,0.034893244614157784,0.5473639864445857,0.0005758257780881816,0.001955488861787268,0.017521213005954606,0.9999338930386481,0.18337508703836713,0.3986432309835697,0.30127975390953093,0.37933380762286734,0.79800857316742,0.199435286298765,0.13586730201905894,0.14017072552334237,0.4353010703390106,0.26392832797152155,0.737657212140585,0.4730717136367522,0.010128703005503066,0.02956330260174548,0.0,0.1477523278988622,0.0,0.013568786802368556,0.27818739710005935,0.23901152945996,0.06467393592969269,0.032081049171519695,6.610696135189607e-05,0.13196331795966235,6.610696135189607e-05,0.11356082571916595,0.3952076146887976,0.15024753503436816,0.23635878480301648,0.0,0.026202131138200413,0.023008591648878637,0.0,0.14183331881249986,0.30153067553662544,0.9039173120719917,0.8672054632481154,3.789963278673869e-05,0.37279596080679644,0.0,0.06904539928126109,0.003314451491496232,0.011590610230136321,0.0044056446780199755,6.610696135189607e-05,0.15456987267470773,0.047049898720985514,0.03574589521902961,6.610696135189607e-05,0.9999336125046463,0.051743891798211844,0.5130669033974137,0.8591622367206239,0.6489392667165848,0.5332306951245486,0.667980651594015,0.03468502613219537,0.07100325562367922,0.0,0.0,3.208532512972865e-08,0.0,0.0
0.0002467002482418838,0.02032398740498197,0.0041361230296813834,0.0006255032875523384,6.610696135189607e-05,6.610696135189607e-05,0.1554569545477464,0.04531875745461052,6.610696135189607e-05,0.9999366305784165,0.0,0.04832832070667011,0.0058574674481676565,0.18521262215151926,0.00839475844453717,0.06362201580767338,0.08646320640731153,0.15384114304727028,0.08484445548514036,0.10211317441175516,0.9999745196251806,0.47881081883446425,1.0,0.03500622641255802,0.5497122161318315,0.0005080025957279336,0.00195362386153211,0.01752531876771844,0.9999338930386481,0.18384172972275897,0.3997066686009714,0.30150359608993516,0.3784789473105743,0.7981257668732475,0.1978391986087512,0.13443589192644312,0.13908310594384357,0.43453205129175976,0.26340261730423503,0.7367841517718903,0.4721479611223507,0.009863859599123196,0.028623484585541772,0.0,0.14870693664202414,0.0,0.013512726106570483,0.27714059888959774,0.23726570839234348,0.06441798899130224,0.03199538533695996,6.610696135189607e-05,0.13389633217887553,6.610696135189607e-05,0.11330817265406563,0.3964088280895776,0.14946201041079696,0.23826599126270454,0.0,0.026264431381988505,0.023184352999578186,0.0,0.14202426173126997,0.30234662458326733,0.9052916849157364,0.8692633410027031,2.5451924842468712e-05,0.37248224452351164,0.0,0.06871629730338227,0.0036351926754829246,0.01154436587425021,0.0043648983000518305,6.610696135189607e-05,0.15378867760723067,0.04664661098552916,0.0356929687747895,6.610696135189607e-05,0.9999573295237644,0.05241222271595551,0.5155664894218742,0.8597066406253893,0.6494398405226487,0.533888837264125,0.6729753668880916,0.03472838008952816,0.07166427124711168,0.0,0.0,2.8449976931046974e-08,0.0,0.0
0.00024670024824483645,0.020287252576058828,0.004139583596267191,0.0006251004914870305,6.610696135189607e-05,6.610696135189607e-05,0.15595509259638157,0.045327710675068154,6.610696135189607e-05,0.999936607632443,0.0,0.045718865433042696,0.00688574113105825,0.18547351207321186,0.008327818749628086,0.0595075032681675,0.08711803853264527,0.15334807471291986,0.08378898560134423,0.10106015193591125,0.9999828772775449,0.4782191538996389,1.0,0.03509651758487929,0.5519175059210288,0.0004197705196372094,0.0019527120593409043,0.017539334321101996,0.9999338930386481,0.18430192157182673,0.40072698029602893,0.30164645224714787,0.37771789406363726,0.7981523174601022,0.1963179549908438,0.13282766514508154,0.13792104152754436,0.433617768050971,0.26265372059608316,0.7358510874773728,0.471212066635032,0.009610218165452829,0.027730205641186414,0.0,0.14954631555979575,0.0,0.013461853611943126,0.2761589984056754,0.2356159091845105,0.0641744947240508,0.03191718714270405,6.610696135189607e-05,0.13575503950017243,6.610696135189607e-05,0.1130639709081316,0.3975120987063422,0.1488093640273826,0.23995780827468044,0.0,0.026340656967853867,0.023348043921511442,0.0,0.14224802130837558,0.30313393295898805,0.9066007962332029,0.8712096424229023,1.7097490857869192e-05,0.37223453054056527,0.0,0.06840994896001348,0.0039817739328891055,0.011512666357934916,0.004331138815134408,6.610696135189607e-05,0.15310465502310172,0.04626951876259907,0.03561382806832326,6.610696135189607e-05,0.9999588452674548,0.05303831851251525,0.518005371301433,0.8602865937238602,0.65026478943139,0.5347063692778895,0.6778387761357494,0.034782852681606385,0.07230592569306002,0.0,0.0,2.523159729068908e-08,0.0,0.0
0.00024670024824483645,0.02025320020979321,0.004140689087619148,0.0006247147791472723,6.610696135189607e-05,6.610696135189607e-05,0.15635795022453117,0.045346135525923655,6.610696135189607e-05,0.9999365999309602,0.0,0.04329313466460944,0.00807636146333585,0.18550380445829706,0.00825916464863249,0.05570896032696732,0.08776927687584332,0.15289746106518506,0.08277865198415409,0.10005859346173153,0.9999884880289456,0.4776539879370237,1.0,0.035173826012893504,0.5540304966444638,0.00036160281012560103,0.0019527120593273801,0.017556745595763673,0.9999338930386481,0.1846765357508676,0.40163808218982516,0.3017377173033557,0.377022581874968,0.7980980269219689,0.19484477812475995,0.13107756622341377,0.13669424042518497,0.43259346190299824,0.26170133423623954,0.7348986260884594,0.4702725950413101,0.009367231094302412,0.026881783963676905,0.0,0.15028725581989494,0.0,0.013414632113701504,0.2752483412341432,0.23410147484341154,0.06394712133132542,0.03184235464587046,6.610696135189607e-05,0.13743206171377825,0.00010117008729898499,0.11285047055396262,0.39850980270645653,0.14826696582741977,0.24146541861971085,0.0,0.026423736831833793,0.02349686201953755,0.0,0.14248854179432827,0.30389414381811497,0.9078541169215435,0.8730596225745916,1.1489591554880965e-05,0.3720587562430814,0.0,0.06811072082538178,0.004377510231110637,0.011514394095617086,0.004267661415573954,6.610696135189607e-05,0.15236945564178955,0.04579858627850305,0.035636224886393536,6.610696135189607e-05,0.9999641079570711,0.05363500725061138,0.5203966685909197,0.8608460723132504,0.6513782182846842,0.5356505114288317,0.6825897054367931,0.034843555241369055,0.0729358000753899,0.0,0.0,2.2379499539455205e-08,0.0,0.0
0.00024670024824483645,0.020221246490257735,0.004140039589766148,0.0006244433023106033,6.610696135189607e-05,6.610696135189607e-05,0.15673883758532745,0.04536905207627054,6.610696135189607e-05,0.9999365859280899,0.0,0.041035568869368315,0.009452584040480537,0.18531481750366163,0.008189300406915827,0.05218964817328079,0.08841240691738676,0.152483247431237,0.08181209265941349,0.09910500947408564,0.999992255129975,0.47711940370491734,1.0,0.03524463603445203,0.5560508139985786,0.00031739456326766366,0.00195271205932738,0.01761010877039406,0.9999338930386481,0.18504927316033926,0.4024498811374184,0.30157523994644797,0.37634437024146744,0.7979750392196439,0.193379375086132,0.12912872623231342,0.13536689365321475,0.4314583956265315,0.2604915100376866,0.7339486963896326,0.46932691802101034,0.009134180469200188,0.02607495451232277,0.0,0.15093498280306392,0.0,0.013367201824093114,0.2744103384800818,0.23266523973692163,0.06373375502763115,0.031770640115000616,6.610696135189607e-05,0.13910502623321006,0.00020999622318164949,0.11265597762137014,0.39940545303714436,0.14782877331519623,0.24285195110226818,0.0,0.026492493580078488,0.0236294904755563,0.0,0.1427374068760725,0.3046175996456345,0.9090537268713863,0.8748200360135916,7.725022322815506e-06,0.3719456134920187,0.0,0.06784735809005882,0.004791565773585521,0.011504402107912275,0.004226979822047741,6.610696135189607e-05,0.1516533598610545,0.045380694661525854,0.03560563558747562,6.610696135189607e-05,0.9999641245519502,0.054196187465159924,0.5227331049422315,0.861418689727206,0.6528257952630452,0.5367228134909964,0.6873188417890327,0.03490148981690819,0.07357223490211819,0.0,0.0,1.984770221199566e-08,0.0,0.0
0.00024670024824483645,0.0201920528109894,0.004138657766414932,0.0006241477580642196,6.610696135189607e-05,6.610696135189607e-05,0.1570830525038086,0.04538866880608409,6.610696135189607e-05,0.9999365729352767,0.0,0.038934030410661645,0.011041674183522743,0.18495418125746985,0.008119126969926628,0.04892840492777497,0.08904407730505566,0.15209851166430682,0.0808826445391795,0.09819007796405714,0.9999947855987071,0.4766133461076145,1.0,0.03531101534216806,0.5580059691359786,0.000280033582072583,0.0019527120593273797,0.017641918909221288,0.9999338930386481,0.18537505454838563,0.4031660330403099,0.30158010516200745,0.3757262390664096,0.7978021937471739,0.1919291658639239,0.12705133377136457,0.1339834088524893,0.4302507632133372,0.2591012644977692,0.7330265921652904,0.468388587162778,0.008910920190980165,0.025305961253186664,0.0,0.1514939605519909,0.0,0.013321713373027221,0.2736439415219848,0.23132373861741787,0.06351415888114378,0.03169663500306919,6.610696135189607e-05,0.14067286096804368,0.00040908046784223536,0.1125290392059847,0.4002064699812865,0.14746412070610357,0.24410367954441672,0.0,0.026555137222027698,0.02374967769020971,0.0,0.14296894904243654,0.3053033500839046,0.9102064352698404,0.8765039607827562,5.196803490483527e-06,0.3718926933403945,0.0,0.06756642311286433,0.005249519863307696,0.011491449096726994,0.004196291111594985,6.610696135189607e-05,0.15085498425171584,0.044984892413387746,0.03556707876697474,6.610696135189607e-05,0.9999641610348108,0.054733685546722526,0.5250331241809977,0.8619069920451127,0.6545072726680132,0.5378804321265265,0.6919703305744559,0.03496038148721737,0.07420955108901062,0.0,0.0,1.7597802375671215e-08,0.0,0.0
0.00024670024824483645,0.020164177144892007,0.004136856336774031,0.0006238933609552088,6.610696135189607e-05,6.610696135189607e-05,0.15739956697081622,0.045406291869463766,6.610696135189607e-05,0.9999365604943175,0.0,0.03697254454401676,0.01287134075339031,0.18442992005748268,0.008048613140481671,0.045897327662846835,0.0896621512927694,0.15173628380486323,0.079985793043421,0.09730772604481294,0.9999964863015636,0.4761321371987245,1.0,0.03537645496370729,0.5598842486421185,0.000229862622230699,0.0019527120593273797,0.017670031331249506,0.9999338930386481,0.18570721029596055,0.4037942510302058,0.3016376709158833,0.3751975803562456,0.7975825729091651,0.1904644816784321,0.12480763706812055,0.1325179238608316,0.4289758772348395,0.25750454645176657,0.7321209799773652,0.4674568212515332,0.008695894900200148,0.02456966832353145,0.0,0.1519718073832944,0.0,0.013279615043695344,0.27294174826837064,0.23007382732901305,0.063281890806827,0.03163090382731338,6.610696135189607e-05,0.14214387023879657,0.0006359179734849139,0.112422621301508,0.4009353366159507,0.14715904475469957,0.24523658637568474,0.0,0.02660903432430648,0.023858912165312357,0.0,0.1431940598532074,0.3059599783878101,0.9113183120563788,0.8781226056316556,3.498099778391407e-06,0.37189605541798115,0.0,0.06727878381406119,0.0057327983170607,0.011478251195920195,0.0041708892067000404,6.610696135189607e-05,0.1499985558432834,0.04458871682817606,0.03552261582455762,6.610696135189607e-05,0.9999642057105289,0.05525838233613531,0.5273263874018664,0.8623210221784892,0.6564431217573792,0.5391165974593665,0.6965981258853866,0.0350228088766579,0.07484691655579356,0.0,0.0,1.5598658018307158e-08,0.0,0.0
0.00024670024824483645,0.020137411795250113,0.004134659793829466,0.0006237069067038726,6.610696135189607e-05,6.610696135189607e-05,0.15767635892263587,0.04542732414738954,6.610696135189607e-05,0.9999365499170131,0.0,0.03513656517891065,0.014971363594154163,0.18375397139279706,0.007977680322018427,0.04307239875503596,0.09026503481398442,0.15139254580118122,0.07912060494914609,0.09645693694216444,0.9999976300465246,0.4756767237875338,1.0,0.03543940755402605,0.5616860851687417,0.00020640360588793961,0.0019527120593273797,0.017696961376326027,0.9999338930386481,0.18597868058140588,0.4043485287335924,0.3016535690483406,0.3747046376521486,0.7973218421321506,0.18898753027161105,0.12242831163251841,0.13098880477690147,0.4276570841402424,0.2557400736118003,0.7312329956801906,0.4665339179695731,0.00848823093651285,0.023863060860364695,0.0,0.15237580402489595,0.0,0.013240079714273326,0.2722927101793043,0.22889869808358393,0.06305009833015442,0.03157017679393168,6.610696135189607e-05,0.14351169096313937,0.000927222680921743,0.11234235851117327,0.40158965697878846,0.14690215230677708,0.24627490409821065,0.0,0.026656152143559094,0.023957482054398106,0.0,0.14341279582956087,0.30659053098912464,0.9123911641143411,0.8796800021974709,2.3561308109498923e-06,0.37194747218757035,0.0,0.06702661937767372,0.006253225130550464,0.011465859530468156,0.004156203470415415,6.610696135189607e-05,0.14904442100369011,0.04417862377714081,0.03544999446233371,6.610696135189607e-05,0.9999641908150493,0.05577600556107231,0.5296010004512677,0.8626003247733274,0.6586010716867424,0.540407753483341,0.7011875276331637,0.03508917367626414,0.07548300524012092,0.0,0.0,1.3822664497544297e-08,0.0,0.0
0.00024670024824483645,0.02011163921693252,0.0041321231674195736,0.000623536914144749,6.610696135189607e-05,6.610696135189607e-05,0.15795790281375155,0.045446895744505306,6.610696135189607e-05,0.9999365325574773,0.0,0.03342058545099975,0.01737938676645418,0.18296384217453235,0.00790825370464149,0.040442636524045034,0.09085272571237409,0.1510696827354488,0.0782841861991484,0.09563406707293089,0.9999983997414549,0.4752442669777166,1.0,0.03549892156302743,0.5634095707350769,0.00017307027171223956,0.0019527120593273797,0.017724557238083534,0.9999338930386481,0.18626405422267855,0.4048680628101813,0.3016795081727139,0.3742420615627065,0.7970316474210875,0.187484934149457,0.11990233417790681,0.12938614077658714,0.4262893206972298,0.25379775983543434,0.7303654192927541,0.4656170978282174,0.008286974141309297,0.023182649880093144,0.0,0.152712300853261,0.0,0.01320274031414534,0.2716992453495753,0.2278001908877478,0.06281056193204536,0.03154785749942254,6.610696135189607e-05,0.14482707635617326,0.001227158825333586,0.11219850908571755,0.4021608337962757,0.1466826191140674,0.24722524010503755,0.0,0.026695224798309363,0.024045282556405662,0.0,0.14362308084062284,0.30719920797552874,0.9134288396595422,0.881183283046976,1.5880146203340266e-06,0.3720434321690224,0.0,0.06675676992785952,0.006813315623736264,0.011455068009537705,0.004099931002031699,6.610696135189607e-05,0.14798945566180563,0.043735829796147915,0.03550238304411059,6.610696135189607e-05,0.9999642661817298,0.05628573346484513,0.5318692402945058,0.862718279055639,0.6609547922505712,0.5417571430417231,0.7057596036405207,0.03515877415424896,0.07611401146080503,0.0,0.0,1.2243924824912277e-08,0.0,0.0
0.00024670024824483645,0.020087122479496594,0.004129359724019841,0.0006235263954295641,6.610696135189607e-05,6.610696135189607e-05,0.15818236937269184,0.04546884201833321,6.610696135189607e-05,0.9999365253906607,0.0,0.03180913572433937,0.020125245118618854,0.1820405458762198,0.007839253237669782,0.03798084128536306,0.09142134829217045,0.15075886289032558,0.07747733651994047,0.09484021677163908,0.9999989182487546,0.4748358308057134,1.0,0.03555529294301772,0.5650798976146627,0.00013973693837890616,0.0019527120593273797,0.017749418721096887,0.9999338930386481,0.18655153151693357,0.4053839264751891,0.30169352711179703,0.37381326440308316,0.7967167083278794,0.18594009139769532,0.11720215913396795,0.12769035431629489,0.4248581682170443,0.2516477635648099,0.7295190311101841,0.4647054659376057,0.008091752761806284,0.022527391744593075,0.0,0.1529964744650788,0.0,0.013155617496424844,0.27114458454706747,0.2267542808748296,0.06258894557396202,0.03150340744736973,6.610696135189607e-05,0.14607132057152483,0.0015451425520022744,0.11211677724568864,0.4026959411727826,0.14651378515170269,0.24817764137747161,0.0,0.02672168482882545,0.02413474976490838,0.0,0.1438375559839527,0.307777612052355,0.9144309107182532,0.8826323914837678,1.0709090113648181e-06,0.37216769472920785,0.0,0.06648362794035877,0.0074150305647018985,0.011447511346055626,0.004059682074177424,6.610696135189607e-05,0.14687462225716746,0.04325876154712684,0.03550194168161846,6.610696135189607e-05,0.9999642960488605,0.05676950652041789,0.5340731315004937,0.8626725957474132,0.6635474149786599,0.5431678287803776,0.7103713951498271,0.03522206461369266,0.07675805911971366,0.0,0.0,1.0842233968859094e-08,0.0,0.0
0.00024670024824483645,0.020063094497951305,0.004126242446267819,0.0006234876855314777,6.610696135189607e-05,6.610696135189607e-05,0.15838656083292266,0.045490369320806724,6.610696135189607e-05,0.9999365144440047,0.0,0.030297130442066875,0.023246994913409605,0.18100153498965968,0.007771538256030047,0.03567484918241618,0.09197301758855767,0.15045750776703673,0.07669556338281634,0.09407014193110828,0.999999277295395,0.47444449296965147,1.0,0.03560991286012922,0.566675649544328,0.00010696331036034353,0.0019527120593273797,0.01777779170775478,0.9999338930386481,0.18684341710815622,0.4058557842259513,0.3016731009783389,0.37341721155227187,0.7963818709559,0.18433991477017933,0.11432678526148997,0.12589728518630522,0.4233569400819846,0.2492907281892583,0.7286953761172177,0.46379762515570594,0.00790260438930021,0.021894830508947527,0.0,0.15323048384334015,0.0,0.01312228416309151,0.2706247028407186,0.2257603293904888,0.06236742303089756,0.0314568914724807,6.610696135189607e-05,0.14724531768797045,0.0018652842888411288,0.11206592847715761,0.40318548904302465,0.14637949827523813,0.24908367421224548,0.0,0.026733522807591704,0.024222095574805418,0.0,0.1440472087965477,0.3083300791156545,0.9154018322278834,0.8840350275599442,7.227046050868802e-07,0.3723250231870084,0.0,0.06617760245695481,0.00805443172068353,0.011442268747214256,0.004026097560309342,6.610696135189607e-05,0.14569716577136008,0.042796586534626514,0.03547719630861673,6.610696135189607e-05,0.9999643506057142,0.05723863076886193,0.5362792805755083,0.8624262198251004,0.6663676570164434,0.5446494260871799,0.7150344226283255,0.03528439749767685,0.07741478796160278,0.0,0.0,0.0,0.0,0.0
0.00024670024824483645,0.020039775169626364,0.004122786044048443,0.0006234509807957929,6.610696135189607e-05,6.610696135189607e-05,0.15856886949928523,0.04551487062862921,6.610696135189607e-05,0.9999365035291092,0.0,0.0288742779535293,0.026777755683083247,0.1798419514400236,0.007704527664723503,0.03350749681331438,0.0925055371824435,0.15015926176170966,0.0759373695927433,0.09332249410338056,0.9999995119272614,0.4740686431685917,1.0,0.03566253703424686,0.5682066826083079,0.00010696331036034353,0.0019527120593273797,0.01780854260403661,0.9999338930386481,0.18708438248886214,0.40625764708504086,0.3015904839557109,0.37305081474438384,0.7960257485271871,0.1826831300466618,0.11128672095849909,0.12400766371294845,0.4217963678361708,0.2467376866511668,0.7278994138516258,0.4628958860721081,0.007718602415969494,0.021283428933157475,0.0,0.1534186796295937,0.0,0.013106149377141304,0.2701422072523184,0.22481910253672877,0.062151778229051415,0.0314112822625956,6.610696135189607e-05,0.14835344941781503,0.002188679092191532,0.11203565493293104,0.4036209451577204,0.14627312193211248,0.24994655362294801,0.0,0.026729316970474388,0.02430452827577793,0.0,0.14424717290688105,0.3088606806902412,0.9163440279912872,0.885394076963462,4.880727385987881e-07,0.3725126772018146,0.0,0.06589753127470438,0.008721227497340502,0.011438087821723066,0.003996889749967714,6.610696135189607e-05,0.14441882723535426,0.0422982061777004,0.03540125808751567,6.610696135189607e-05,0.9999643862941544,0.05770112954070045,0.5384960383768609,0.8619355233584176,0.6694210678765535,0.5461945762233278,0.7197548165355189,0.03534787605904962,0.07808417147594102,0.0,0.0,0.0,0.0,0.0
0.00024670024824483645,0.02001721360069,0.00411897345214308,0.0006234124710410843,6.610696135189607e-05,6.610696135189607e-05,0.15873139857946442,0.04554155655161797,6.610696135189607e-05,0.9999364925826668,0.0,0.027536480766742245,0.030757552020095395,0.17858923049811465,0.007639347787179585,0.03147153336618449,0.09302193052637435,0.14986796643111405,0.07520270619441041,0.09259764549317952,0.9999996701501319,0.4737106858989392,1.0,0.03570966067813242,0.5696706331432877,0.00010696331036034353,0.0019528525940542365,0.017840632139556764,0.9999338930386481,0.1873115938183157,0.4066474390499772,0.3014912136706053,0.372718384800458,0.7956530876998541,0.18097859781905568,0.10811398823701525,0.12204351015224407,0.4201960392656858,0.2440265334481924,0.727133501138969,0.4619973969419596,0.007538756309811721,0.02069181791334571,0.0,0.15356467597360124,0.0,0.0130830637386614,0.26969767399884986,0.22392783903914737,0.061942736758048,0.0313675506491582,6.610696135189607e-05,0.14944387347293872,0.0025263834839967412,0.11202276636729967,0.40400997754656703,0.14619411181302983,0.2507870878728763,0.0,0.0267123125626351,0.024381891220262523,0.0,0.14443308321480333,0.30937330382823947,0.9172585374957779,0.8867105365934748,3.2984986812567195e-07,0.37272463812745954,0.0,0.0656234706906157,0.009423226156446548,0.011435728164316558,0.003990062767838463,6.610696135189607e-05,0.1430885718037962,0.04178029272609118,0.03527735110374875,6.610696135189607e-05,0.9999643780454344,0.05815280048711617,0.5406978335413257,0.8611284597428894,0.6726549467870062,0.5477827217268721,0.7245019331856232,0.03541148511985334,0.07876133279868693,0.0,0.0,0.0,0.0,0.0
0.00024670024824483645,0.019994949537462982,0.004114800277455033,0.0006233201766451093,6.610696135189607e-05,6.610696135189607e-05,0.15887305688575334,0.045569102763756184,6.610696135189607e-05,0.9999364816831754,0.0,0.02628038255752827,0.035227727048211914,0.17726689728278935,0.007577164663891066,0.02956075711545038,0.0935222565181163,0.14958497944981672,0.07448962161814103,0.09189343485747678,0.9999997769111306,0.47336587515279077,1.0,0.03575598906342732,0.5710638994375897,0.00010696331036034353,0.0019532931122921036,0.01787406153458672,0.9999338930386481,0.18758829535639007,0.4070012940434098,0.30138510060975787,0.37238586245603356,0.795269036370921,0.17922275029290907,0.10481165009738076,0.12000119151419364,0.4185446184606061,0.24114981586818937,0.7263962242963176,0.46110162631291546,0.007363242447943573,0.020119057302307303,0.0,0.15367456263535126,0.0,0.013060344934116596,0.2692908975679244,0.2230857967977144,0.06173276586692792,0.031326544100935425,6.610696135189607e-05,0.15045838445552107,0.0028705748069884117,0.11203710803548511,0.40436454368986763,0.1461262223300998,0.2515592622263585,0.0,0.02668154046255253,0.024447929567289004,0.0,0.14460093665713664,0.3098698446370937,0.9181471359339154,0.887987507840216,2.230888694289966e-07,0.372959562211858,0.0,0.06535570332423472,0.010180192159126094,0.011435743436923803,0.00396833522457853,6.610696135189607e-05,0.14163344456058943,0.04125408538273824,0.03520701777533102,6.610696135189607e-05,0.999964384021408,0.05860474129897925,0.5429376049232042,0.8599606228544073,0.6760503707404645,0.5494302873082139,0.7292894270163602,0.03548058252842952,0.07944354960017422,0.0,0.0,0.0,0.0,0.0
0.00024670024824483645,0.01997264861021099,0.004110341738646754,0.0006232748385315329,6.610696135189607e-05,6.610696135189607e-05,0.1589911145527908,0.04559941951869561,6.610696135189607e-05,0.9999364707900822,0.0,0.02510047928367315,0.04022406096600324,0.17587853489001043,0.007518709460505774,0.027766477414688823,0.09400418711737069,0.14930795111281459,0.07379802344437386,0.09120984695443671,0.9999998489972759,0.4730322391241689,1.0,0.035802261635214626,0.5723860353462741,0.00010696331036034353,0.001954714989119241,0.01790991763040081,0.9999338930386481,0.18786191640462888,0.4073547323301659,0.3012527845269979,0.37207564021744827,0.7948838322113989,0.17739961038966617,0.10133673177082511,0.11784610150917334,0.416813615767342,0.23804638003964335,0.7256937761982214,0.4602083968181008,0.007191805046850367,0.019563721334635763,0.0,0.15375389861074873,0.0,0.013037266317478865,0.26890383900394293,0.2222785489044588,0.06152983398142266,0.03128655561551134,6.610696135189607e-05,0.15141096868162537,0.0032098847481451262,0.11205482078071272,0.40467279041124177,0.1460705789478616,0.2523041470472946,0.0,0.026632770117404815,0.02450790197151163,0.0,0.1447518859673411,0.3103437778945405,0.9190101715087757,0.8892264317109275,1.510027241495966e-07,0.37321386226508235,0.0,0.06509031635643561,0.01096185753158785,0.011439082210702294,0.003935893049470579,6.610696135189607e-05,0.14013749459062097,0.04075160733792707,0.035173388394913054,6.610696135189607e-05,0.9999644094586089,0.05904558884073951,0.545195763279366,0.8584392072631716,0.6796425934834114,0.5511597728006405,0.7341871425456679,0.03555015071706687,0.08013987417454414,0.0,0.0,0.0,0.0,0.0
0.00024670024824483645,0.019950882274210498,0.004072220380161581,0.0006232640107639566,6.610696135189607e-05,6.610696135189607e-05,0.1591803165074341,0.045641405972684936,6.610696135189607e-05,0.9999365622383278,0.0,0.023990205614360174,0.04577325722505753,0.17442658806356784,0.007463743413500879,0.026078336243669897,0.09446650820723584,0.14903089194200733,0.07312321507124561,0.09054178621083363,0.999999897703819,0.47270374031291484,1.0,0.035846720845900584,0.5736531267084618,0.00010696331036034353,0.00195722446707001,0.017947579050608987,0.9999338930386481,0.18814076805654636,0.4076968243412862,0.3010660248200409,0.3717854727139522,0.7944969221247932,0.1755191779546967,0.09773980705108748,0.11560449861021105,0.4150258003108043,0.23477187175524028,0.725027884706537,0.4593176371910309,0.007024294147160754,0.019024677539365976,0.0,0.15380589282127197,0.0,0.013015125504781986,0.26853948971650776,0.22150926801747226,0.06133698849716426,0.031248144091974427,6.610696135189607e-05,0.152330485049139,0.0035380607419693766,0.11207496903471768,0.40495904269083133,0.14603264744310787,0.25305036590049695,0.0,0.02656747399073495,0.024566233738342377,0.0,0.14488901111480776,0.31079924832489875,0.9198524907815936,0.8904335362498004,1.0229618094449892e-07,0.37349036686581316,0.0,0.06483284284435625,0.011758632725477306,0.011445589020743475,0.003917282077279104,6.610696135189607e-05,0.13862341031316203,0.04024409905632172,0.035108425377649764,6.610696135189607e-05,0.9999644213872008,0.059470430432099,0.5474402505304461,0.856486935723855,0.6834014393354861,0.5529442225373524,0.7391497920010898,0.03561659597141946,0.08085222254206302,0.0,0.0,0.0,0.0,0.0
0.00024670024824483645,0.019931044564688777,0.004053286337403697,0.0006232184733511601,6.610696135189607e-05,6.610696135189607e-05,0.15929752152877513,0.04570051700630825,6.610696135189607e-05,0.9999365502709125,0.0,0.02294780368236188,0.051910992697849906,0.17291065177654122,0.007412582680925978,0.024486097816018737,0.09490834808436492,0.14874154244881518,0.0724606707689775,0.08988092797978808,0.9999999305882386,0.4722898637582437,1.0,0.035922428152088785,0.574886677578414,0.00010696331036034353,0.001960049609267062,0.017986955433554726,0.9999338930386481,0.18842468927816755,0.40803368744548557,0.3009020028299076,0.371484182789112,0.7941136583409942,0.17359405195379407,0.09406982179832651,0.1133070702645354,0.41320291937454734,0.23137911105071374,0.7243914504511759,0.45842842311508797,0.006860650416901366,0.018501438379562914,0.0,0.15383183214047166,0.0,0.012993120261344854,0.26816161356621643,0.22083809799212897,0.06114735053648935,0.03120883752748064,6.610696135189607e-05,0.15302920434049283,0.0038588323648758517,0.11210455670269445,0.4052262317485321,0.14599981957730168,0.2537722456888823,0.0,0.026493573364639922,0.02461848189361686,0.0,0.14501749134870798,0.31125623588950935,0.9206786788141211,0.891617633640649,6.941176141310963e-08,0.3738783041012847,0.0,0.06458630030586501,0.01257724818373984,0.011457867334221898,0.00387521401253264,6.610696135189607e-05,0.13708733806488174,0.03973530696832815,0.03510910299236756,6.610696135189607e-05,0.9999644561635687,0.05988652208170407,0.5496858986749619,0.8540191855038236,0.6872887045942835,0.5547660160509099,0.7441347911332675,0.035682710115751165,0.08157379854658756,0.0,0.0,0.0,0.0,0.0
0.00024670024824483645,0.019910252097874108,0.0040409225365276085,0.0006231828882630946,6.610696135189607e-05,6.610696135189607e-05,0.15937658548473732,0.04575548420036111,6.610696135189607e-05,0.9999365379959424,0.0,0.02196728404440944,0.0586441871174385,0.1713461977893646,0.007365570586394508,0.022985554455934806,0.09533710682713484,0.14845366273605773,0.07181771504325767,0.08923947000864114,0.9999999528487666,0.47189592548095566,1.0,0.03597044580020173,0.5760651447323178,0.00010696331036034353,0.0019640211610909785,0.018027564658991715,0.9999338930386481,0.18871687527950923,0.40837205417076144,0.30070533193074994,0.3712051092980517,0.7937410186558083,0.17163410682366947,0.09033927369342218,0.11095472718826875,0.4113584853231319,0.22787276229961698,0.7237862396447304,0.4575409505156347,0.006701278870320497,0.017993125998483427,0.0,0.15382498875930015,0.0,0.012969895574051392,0.2678142593089264,0.2201726132697346,0.06096806612445098,0.031169406460369177,6.610696135189607e-05,0.15374490175050823,0.0041636616469063826,0.11213135325224942,0.40546926539801476,0.14598289372249623,0.25451342983529146,0.0,0.0264076557674757,0.024673706505522947,0.0,0.14513586349485838,0.31169856680158753,0.9214810060864219,0.8927674039928755,4.715123333168923e-08,0.3742790857597443,0.0,0.06434479936902827,0.013421982311178297,0.01147191915511013,0.003848626547055711,6.610696135189607e-05,0.13546769793327945,0.03924462474784464,0.03506707991031922,6.610696135189607e-05,0.9999644644944172,0.06027608762169549,0.5518851792966296,0.8510165391891393,0.691291419254891,0.5566022375849506,0.7491416832444482,0.03574079003327641,0.08230681994672005,0.0,0.0,0.0,0.0,0.0
0.00024670024824483645,0.019888545299997545,0.004031353888050492,0.0006230852053705049,6.610696135189607e-05,6.610696135189607e-05,0.15942982127963368,0.04580507678764155,6.610696135189607e-05,0.9999365257758933,0.0,0.021046320039928994,0.06598002094944108,0.1697516669191162,0.007323587348977374,0.021573793238572808,0.09575265573024472,0.14816795037148797,0.07119234741984623,0.08861560207843922,0.9999999679366307,0.4715281673921078,1.0,0.03601275830804354,0.5771728671396901,0.00010696331036034353,0.001968183122243928,0.018069298342968956,0.9999338930386481,0.18901415583122932,0.40867240960645546,0.3005188396224717,0.3709448266821074,0.7933746695223761,0.16962798262175582,0.08655597515868893,0.10854771805661378,0.4094683107129434,0.22424628248398776,0.7232145121927791,0.45665762133063065,0.006545999929879833,0.017499866251532985,0.0,0.15379735361644875,0.0,0.012948987508817305,0.2674939305792861,0.21952125574873993,0.06079434609482243,0.031132036888007916,6.610696135189607e-05,0.15446771842494975,0.004464433769862297,0.11216938370086446,0.4056869258373856,0.1459701979416319,0.25523112995205044,0.0,0.02630750179453607,0.0247253730858097,0.0,0.14523559525140853,0.3121203375910025,0.9222616526502739,0.8938845316700278,3.2063369334787856e-08,0.3746744789914435,0.0,0.06411826848469503,0.014312066142429995,0.011494929962535379,0.0038162119056616086,6.610696135189607e-05,0.13375956414556575,0.0387508020939867,0.03505116490143795,6.610696135189607e-05,0.9999371212143077,0.060655132535991925,0.5540945673862648,0.84746400389187,0.695393113229734,0.5584827288522696,0.7541799242774394,0.035797236825567694,0.08305409070687887,0.0,0.0,0.0,0.0,0.0
0.00024670024824483645,0.019866274899477183,0.004023348532168277,0.0006229861077773053,6.610696135189607e-05,6.610696135189607e-05,0.1594634220132378,0.04585179257407218,6.610696135189607e-05,0.9999365124510925,0.0,0.02018291192433519,0.07391730044568212,0.16814032674507337,0.0072877869834971805,0.020247591266280653,0.0961543890865894,0.14788524444119466,0.07058317656734271,0.08800778169870312,0.9999999781737369,0.47118200674287075,1.0,0.03605149464676096,0.5782048389685376,0.00010696331036034353,0.001972889534553847,0.018112079753451155,0.9999338930386481,0.18932150197516964,0.40899007474960714,0.30032468119871814,0.37069493492113487,0.7930120245716032,0.16755972035225547,0.08269917409735134,0.10606178451610095,0.4075071469782096,0.22045456162826535,0.7226758203804537,0.45577441914629724,0.006394516732857108,0.017020875171383426,0.0,0.153754445396518,0.0,0.012929826913308245,0.26719175231295156,0.2188835431805202,0.06062928718544574,0.031096224552239413,6.610696135189607e-05,0.15520313298479096,0.0047511819667060496,0.11220619529947047,0.4058828536851236,0.14596788317050594,0.2559373162319696,0.0,0.026185978323591975,0.02477403159397087,0.0,0.14532005414387156,0.3125211048564439,0.9230223066998001,0.8949713431299134,2.1826263161902934e-08,0.37506354786061125,0.0,0.06390264066881117,0.015215761922859032,0.011484685230842931,0.0037845800044657247,6.610696135189607e-05,0.1320451794995513,0.03838957878930921,0.03505646764782556,6.610696135189607e-05,0.9999353049129567,0.0610200922578908,0.5563200514914398,0.8433835254569666,0.6996119104152337,0.5604310344443224,0.759297847105454,0.03584973638908533,0.08381923155606427,0.0,0.0,0.0,0.0,0.0
0.00024670024824483645,0.019844325156421885,0.004016456437322661,0.0006228670281819813,6.610696135189607e-05,6.610696135189607e-05,0.15947774174618554,0.045895315679425716,6.610696135189607e-05,0.9999364983111901,0.0,0.019370976145961873,0.08241856638404725,0.16651637642528475,0.007257578433491222,0.0190015158477186,0.09653874173668701,0.14759819279641795,0.06998860933837499,0.08741426256013816,0.9999999851267323,0.4708514701039099,1.0,0.03608638312335,0.5791825400695769,0.00010696331036034353,0.0019779597453864887,0.018155754392158316,0.9999338930386481,0.1896323374907348,0.40931687145772033,0.3001285897994209,0.37045507225416097,0.7926490173172007,0.16544277948128053,0.07881493466753839,0.1035251001080403,0.405498201203882,0.21655635270469153,0.722171197626849,0.4548933120120366,0.0062467455127455645,0.016555840477444534,0.0,0.1537015960343054,0.0,0.012912118873238888,0.2669012899431102,0.2182679044295036,0.06047152710266382,0.03106165818002139,6.610696135189607e-05,0.1559218275677113,0.005031187068616124,0.1122464649819104,0.4060616372811268,0.14597884007209389,0.2566605287090798,0.0,0.026062619906504277,0.024835007516314064,0.0,0.14539205118162263,0.3129100076543898,0.9237646451488795,0.8960298969624173,1.4873267693945853e-08,0.3754469338617848,0.0,0.06369715704126334,0.01612279039352217,0.011496521441507463,0.003753664616119067,6.610696135189607e-05,0.13034149975382153,0.03800394204712227,0.03507604271247623,6.610696135189607e-05,0.99995720191358,0.061372142610705394,0.5585257156636778,0.8387664989484144,0.7038959035601707,0.5624092128463126,0.7644421314475899,0.035898009454841326,0.08459848753715567,0.0,0.0,0.0,0.0,0.0
0.00024670024824483645,0.01982275224280791,0.004009761464392604,0.0006227277436236835,6.610696135189607e-05,6.610696135189607e-05,0.15947676435967567,0.045937381517602315,6.610696135189607e-05,0.9999364841650648,0.0,0.01860858805370186,0.09144806348857834,0.1648930982094776,0.007233435493276487,0.017831282682275178,0.09690725134568812,0.14730847540312542,0.06940807940068017,0.08683449614378395,0.9999999898542244,0.47053506591001915,1.0,0.03611743502080481,0.5801033568848192,0.00010696331036034353,0.0019832380779372474,0.018199740350195337,0.9999338930386481,0.18994276680736966,0.4096389209285379,0.2999392182222183,0.3702220514714807,0.7922898860758038,0.16328898621544913,0.07494915813051464,0.10096338877289043,0.4034617615891526,0.21259868047983027,0.7216999901504385,0.4540173968139464,0.006102627041665022,0.016104486233084313,0.0,0.15364168813120888,0.0,0.012895379193481297,0.2666285339292094,0.2176682221190499,0.060319745964767406,0.03102854256340945,6.610696135189607e-05,0.15663563164379718,0.005304338423691058,0.1122893146340072,0.40622238046001374,0.14599838514009353,0.25738631930178446,0.0,0.025929097551928047,0.024899402665300586,0.0,0.14545043808880642,0.3132833263233208,0.9244892935576549,0.8970610176231317,1.0145775582113606e-08,0.3758232459587721,0.0,0.06350674615252234,0.017048933413749728,0.011518439206126541,0.0037232044877371522,6.610696135189607e-05,0.1286064283971784,0.037626641763503874,0.035110588834598444,6.610696135189607e-05,0.999941217173055,0.06171172878410279,0.5607161064290647,0.833602778380907,0.708214415465704,0.5644054002522704,0.7695700368378945,0.03594232041506693,0.08539080145960752,0.0,0.0,0.0,0.0,0.0
0.00024670024824483645,0.019801287986606627,0.0040031190389673635,0.0006225741169847933,6.610696135189607e-05,6.610696135189607e-05,0.1594639019197202,0.04597910316758154,6.610696135189607e-05,0.9999364699092178,0.0,0.017894076105825423,0.10095567104985026,0.1632829865874636,0.0072161654651050735,0.016733773670000004,0.09726076013426406,0.1470172997505702,0.06884072027635485,0.0862675379954476,1.0,0.47022861162376856,1.0,0.036145424895226146,0.5809637820603322,0.00010696331036034353,0.0019887372723125974,0.018243998315165,0.9999338930386481,0.19025568847104432,0.40996345414210644,0.2997571069255409,0.36999317002916193,0.7919348190937051,0.16109664917359373,0.0711109086264053,0.09837522479108249,0.40139260451620395,0.20857574264367248,0.72125944686586,0.4531447726869792,0.005962006641435331,0.015666252066718428,0.0,0.1535761794093352,0.0,0.012879511428873032,0.2663693415458378,0.21708514867306541,0.06017410014915045,0.030996948191212573,6.610696135189607e-05,0.15734618410432,0.005570036935999096,0.11233313910703806,0.40636635914957614,0.14602678312735104,0.25810870224385096,0.0,0.025780694457031166,0.024964312750862395,0.0,0.14549739195283845,0.3136428291557305,0.9251972730822098,0.8980662099378339,0.0,0.37619520896689634,0.0,0.06333131507057625,0.017957081736134826,0.011546149374959831,0.003693242476972527,6.610696135189607e-05,0.12693566139088347,0.037278602625534056,0.03516002092521894,6.610696135189607e-05,0.9999664921286765,0.062038397778943884,0.56290057247673,0.8279334203237445,0.7125610941644227,0.5664269172678286,0.7746904836863275,0.035982401047037496,0.08619509840672009,0.0,0.0,0.0,0.0,0.0
0.00024670024824483645,0.01978043625285064,0.003996484325699733,0.0006224045238022948,6.610696135189607e-05,6.610696135189607e-05,0.1594393203353526,0.04602023885110693,6.610696135189607e-05,0.999936455466385,0.0,0.01722387995798453,0.11086617463387194,0.16169520645896224,0.007205604000025568,0.015704573404434527,0.09759789745200922,0.14672157278499426,0.06828563760387919,0.0857124212834598,1.0,0.469928391231943,1.0,0.036169020070896764,0.5817766817708068,0.00010696331036034353,0.0019943685664445296,0.01828802656596335,0.9999338930386481,0.1905644185572976,0.4102886475295369,0.2995866805311291,0.3697672008211859,0.7915865210419727,0.1588909398368124,0.06735555871066308,0.0958031838265744,0.3993271174925832,0.20456325380502818,0.7208502766056883,0.45228078930712706,0.005824805673852378,0.015240756262173352,0.0,0.1535071241643117,0.0,0.012864275444261023,0.2661249275561577,0.2165180810075199,0.060033993843906626,0.030966742624292318,6.610696135189607e-05,0.15804787395605696,0.005828226231998082,0.11237885859755677,0.40649562378265597,0.14606185210832862,0.2588356968382028,0.0,0.02562031477381424,0.025028499737925997,0.0,0.14553387674474436,0.313990584487773,0.9258895567222685,0.8990468224543668,0.0,0.37656448460374525,0.0,0.06317267202268594,0.018855670846189627,0.011577454126775768,0.003664189655662058,6.610696135189607e-05,0.1253013524473223,0.03696643181210778,0.035222027366196014,6.610696135189607e-05,0.9999579145217314,0.06235162684969867,0.5650494833670003,0.821778266655465,0.7168812949406491,0.5684387787694652,0.7797321727905373,0.03601794919755804,0.08700705342010573,0.0,0.0,0.0,0.0,0.0
0.00024670024824483645,0.019760007728912694,0.003989881316736027,0.0006222215074197803,6.610696135189607e-05,6.610696135189607e-05,0.15940530572710027,0.04606099718747019,6.610696135189607e-05,0.9999364409492066,0.0,0.016595435418211738,0.12109080631561953,0.1601389843793264,0.007201989285829026,0.014740281470632418,0.09791943637224645,0.14642148142923495,0.06774241316639705,0.0851687768188692,1.0,0.4696336134446744,1.0,0.03618910900625352,0.5825435071186073,0.00010696331036034353,0.0020000880781743235,0.018331555523475533,0.9999338930386481,0.19086845158692467,0.41061695799877396,0.29942791994802037,0.3695435800011937,0.7912443433326849,0.1566810177972367,0.06370625857479906,0.09326153429592857,0.3972723816191129,0.20058345518558485,0.7204692937839585,0.45142550941358867,0.0056908979464131565,0.014827555953070426,0.0,0.1534350821121507,0.0,0.012849778322720473,0.26589227266921084,0.21596785336782182,0.05989913379573248,0.03093780515811224,6.610696135189607e-05,0.1587393807073999,0.0060790557416345835,0.11242613118088607,0.40661182643073895,0.14610351747600514,0.2595661131554813,0.0,0.025448767546001984,0.025091445303260376,0.0,0.14556200696446628,0.3143291557239442,0.9265666888871897,0.9000036672280604,0.0,0.3769313044431749,0.0,0.06303158590462221,0.019763427775842144,0.01161140247554514,0.0036362834952860367,6.610696135189607e-05,0.12365859658612244,0.03669127113392261,0.035296206141663504,6.610696135189607e-05,0.9999441392725219,0.06265213919130996,0.5671574336290703,0.8152029351095814,0.7211507137787431,0.5704341837917977,0.7846762633437827,0.03604926287932884,0.0878238534332322,0.0,0.0,0.0,0.0,0.0
0.00024670024824483645,0.019739675849740457,0.003983323374008123,0.0006220274041877705,6.610696135189607e-05,6.610696135189607e-05,0.15936411607077225,0.04610166265020323,6.610696135189607e-05,0.9999364264579015,0.0,0.01600744716478504,0.1315387071951235,0.15862553279340497,0.007206203969001668,0.01383861206128487,0.09822674192738448,0.14611973444476212,0.06721066974331984,0.08463626774356152,1.0,0.4693433806282364,1.0,0.03620622575040763,0.5832575147357592,0.00010696331036034353,0.002005884343324285,0.01837469893774276,0.9999338930386481,0.19116987938299976,0.41094920321780687,0.2992826788228712,0.3693207750634405,0.7909067325806954,0.15446033963998346,0.060158439583131586,0.09073904222977841,0.39521267791789555,0.19661365290921204,0.7201131030594333,0.45057551439804977,0.0055601903118837085,0.014426296596550231,0.0,0.15336103186620048,0.0,0.012835890465743302,0.26566855445282866,0.2154341984260666,0.059769280255783534,0.030910119863410336,6.610696135189607e-05,0.15942238719463236,0.006320738803544721,0.1124741509017861,0.4067161614172797,0.1461526285117134,0.2602928841084965,0.0,0.025264092493481594,0.025153170574658015,0.0,0.14558368860260226,0.3146602164489911,0.9272291399447965,0.9009374356598883,0.0,0.3772955875055632,0.0,0.06290384191046054,0.0206550677834968,0.011647470760825137,0.003609297378119116,6.610696135189607e-05,0.12206405231811396,0.036456611141501054,0.035383025813339394,6.610696135189607e-05,0.9999364910132872,0.06294063890759112,0.5692393290867351,0.8083028532217449,0.7253713324833351,0.5724279475384447,0.7895477350295032,0.03607646641057991,0.08864453470819696,0.0,0.0,0.0,0.0,0.0
0.00024670024824483645,0.019719842797415083,0.00399965127239626,0.0006218166950246625,6.610696135189607e-05,6.610696135189607e-05,0.15925574453811636,0.046135047190464976,6.610696135189607e-05,0.9999363406001058,0.0,0.015457073847468122,0.14210007077074985,0.15715999604247258,0.007218218583519105,0.012995838605161016,0.09851864955183896,0.14581447763447314,0.06668986074789116,0.0841143467405554,1.0,0.4690558633577444,1.0,0.03622000588279131,0.5839281846517012,0.00010696331036034353,0.002011713269942852,0.018417162792760487,0.9999338930386481,0.19146466938032566,0.4112881787802715,0.29915150647292066,0.3690985703739332,0.7905753639497245,0.15224337240203195,0.056736264273090704,0.08825639875043416,0.3931691546635551,0.19269307723767268,0.7197823724272733,0.44973485637321936,0.005432636630095004,0.014036721682760475,0.0,0.1532867093037406,0.0,0.01282251872143536,0.26545567165934536,0.2149159983049216,0.05964450310254422,0.030883566445043826,6.610696135189607e-05,0.16009414960987678,0.006553814197712614,0.11252329651010742,0.40680992825272266,0.14620766490461135,0.2610197080019834,0.0,0.025068499512174488,0.02521369212328604,0.0,0.14559960239108463,0.31498509320876766,0.9278775026220138,0.9018489315766841,0.0,0.3776574273385151,0.0,0.06278963337826024,0.021552754509935285,0.011684687293102904,0.0035833885616722186,6.610696135189607e-05,0.12042825008177663,0.03626224875193882,0.03548280814831861,6.610696135189607e-05,0.9999605167765135,0.06321697114566423,0.5712798457485166,0.8011636649561594,0.7295151056949188,0.5743989346296398,0.7943110841571663,0.036099375629803095,0.08946557278353985,0.0,0.0,0.0,0.0,0.0
0.00024670024824483645,0.01969912257770155,0.004002316739134597,0.0006215913679768884,6.610696135189607e-05,6.610696135189607e-05,0.15917981055136227,0.04615702729011063,6.610696135189607e-05,0.9999363275886551,0.0,0.014942159822315847,0.15265712334811937,0.15576127910457677,0.007238876711452193,0.012210966542760484,0.09879894592428747,0.1455172015980304,0.06618315371936768,0.08360895683808946,1.0,0.4688360693789969,1.0,0.036231602626872694,0.5845428744418756,0.00010696331036034353,0.0020175548404245056,0.018457641666002177,0.9999338930386481,0.19175597959343704,0.41163682549122677,0.29904419242110664,0.36887478139711977,0.7902491145599805,0.15002504042401937,0.053434845382293615,0.08580446212267116,0.3911325371187477,0.18880426319598384,0.7194775372676155,0.4489038306350267,0.005308168791813877,0.013658552447045318,0.0,0.15321409351783533,0.0,0.012810258885371382,0.26527498737807126,0.21439307344844732,0.05952894795681313,0.03086006597540878,6.610696135189607e-05,0.16081507502501977,0.006775131802104905,0.11257458828770188,0.40688462040306256,0.14626962077426187,0.26174067005835955,0.0,0.024857661539538927,0.02527332070585099,0.0,0.1456050497013573,0.31529250192780167,0.9285086774888185,0.9027324907148653,0.0,0.37794983710316776,0.0,0.06268390802889953,0.022415504660819426,0.011720796337657994,0.0035582239569598418,6.610696135189607e-05,0.11890472255483041,0.03611339737250244,0.0356313747492956,6.610696135189607e-05,0.9999536234332289,0.06348126466575767,0.5732921296953052,0.793908031269587,0.7335765972332131,0.5763552654639492,0.7989847702612557,0.03611846710673973,0.0902864658391412,0.0,0.0,0.0,0.0,0.0
0.00024670024824483645,0.019680280249748775,0.003999590292969826,0.0006213865111877862,6.610696135189607e-05,6.610696135189607e-05,0.1591159427058699,0.046182860946794906,6.610696135189607e-05,0.9999363166945021,0.0,0.014459571770100065,0.16309309220916612,0.15442088540114435,0.00726740726532188,0.011478519606358532,0.09906308117401894,0.14521595600035928,0.0656876534546011,0.0831144127375193,1.0,0.46861301374619324,1.0,0.03623974211353656,0.5851267572153327,0.00010696331036034353,0.002023258445207961,0.018495606963561836,0.9999338930386481,0.19203660765265865,0.41198611306908944,0.2989629643179339,0.36865351472995145,0.7899272926779847,0.14782395347437843,0.0502838569804408,0.08341765760406818,0.3891302329789012,0.18500681475386738,0.7191943187221744,0.4480847980320324,0.005186485709614774,0.013290988321304882,0.0,0.15314694722089528,0.0,0.012798754664492339,0.26509793089768413,0.21389192177453353,0.059416926862354676,0.03083818214389283,6.610696135189607e-05,0.16151510962522475,0.006991656821894554,0.11262600678390983,0.4069538331911018,0.14633913231222426,0.26246730213890557,0.0,0.024638953606955855,0.02533286406145408,0.0,0.14560926435008373,0.3155981223800865,0.9291258608357841,0.9035945989411759,0.0,0.37824003903291153,0.0,0.06259127617693266,0.023291491927715867,0.01175781977172738,0.003533966487420189,6.610696135189607e-05,0.11736034010318315,0.035996566534499785,0.035771592661580545,6.610696135189607e-05,0.9999428119976681,0.063733575009791,0.5752491726166159,0.7866230508103931,0.7375225033878317,0.578269495694323,0.8035146656397741,0.03613333575372291,0.09110112358752187,0.0,0.0,0.0,0.0,0.0
0.00024670024824483645,0.019662109141010544,0.003994389734850196,0.0006211909231603958,6.610696135189607e-05,6.610696135189607e-05,0.15905823028147245,0.04621371570017424,6.610696135189607e-05,0.99993630692573,0.0,0.01400896116525832,0.17332146796236014,0.15314396966103178,0.007304934369354086,0.010796171407045363,0.09931376974782097,0.14491477031200214,0.06520307010554588,0.08263017992348132,1.0,0.46837826769980573,1.0,0.0362458421001692,0.5856660119035888,0.00010696331036034353,0.0020288980782139786,0.018532422967402783,0.9999338930386481,0.19231125559103898,0.41234544693087216,0.29889433804320525,0.3684327748105169,0.7896076322455463,0.14562567822719394,0.04726128981323032,0.08107012822621436,0.38713226626405517,0.18125270802331686,0.7189266155496242,0.4472707602158355,0.005067565810844248,0.012933928817545218,0.0,0.15308352807571157,0.0,0.01278777258485187,0.2649184055366087,0.2134117937692558,0.059308119866535565,0.030817301329600946,6.610696135189607e-05,0.1621904508658529,0.007202115530686249,0.11267483713485697,0.40701787633877495,0.14641668327123158,0.2631878658008948,0.0,0.024409404270344062,0.025392791290036763,0.0,0.14561494743935094,0.31590270813089816,0.9297293640836098,0.9044358912589735,0.0,0.3785382042244827,0.0,0.06250510471547172,0.024136608182645937,0.01179545933581383,0.003510363743534003,6.610696135189607e-05,0.11588646493687667,0.035912190819583245,0.035912386843140263,6.610696135189607e-05,0.999936952355985,0.06397568448322206,0.577177494806653,0.7794172422244096,0.7413764978424098,0.5801700080765541,0.8079511205696378,0.036144667263204,0.09191176134126426,0.0,0.0,0.0,0.0,0.0
0.00024670024824483645,0.01964488770052791,0.003988009488902119,0.0006209988793139653,6.610696135189607e-05,6.610696135189607e-05,0.15900312489073842,0.04624738645915989,6.610696135189607e-05,0.9999362978085811,0.0,0.013587391633365642,0.1832397253242656,0.15192712710596767,0.007350956527210142,0.010159847850012872,0.09954912260349384,0.14460976702759337,0.06472859354523475,0.08215539047724099,1.0,0.468131278949106,1.0,0.03624955808805184,0.5861756480535575,0.00010696331036034353,0.0020344470761498755,0.018568117180413256,0.9999338930386481,0.1925748217487988,0.4127126753901948,0.2988358794789435,0.36821335754236845,0.7892940485563181,0.14345124363534087,0.04438461669163267,0.07878724229688047,0.3851724903822849,0.17759242758624283,0.7186771653324286,0.4464691695091342,0.004951452634344086,0.012587347004087859,0.0,0.15302380269477156,0.0,0.01277714813097281,0.2647437279775326,0.21295052365352266,0.05920222236867244,0.030797146474981628,6.610696135189607e-05,0.16283563304164048,0.007406417056631841,0.11272324752778753,0.40707685404547755,0.1464988076590577,0.263909305382869,0.0,0.02417293152917033,0.025453307867025772,0.0,0.14562138808300099,0.31620624143594234,0.9303199538204212,0.9052572625186711,0.0,0.3788449183561225,0.0,0.06242616781548923,0.024952129690108824,0.011832771961434264,0.0034876460837569502,6.610696135189607e-05,0.11448781388652234,0.03582279723364924,0.03605585223957988,6.610696135189607e-05,0.9999649577867791,0.06420714378462415,0.5790520593484245,0.7723756579841017,0.7451126990679815,0.5820232452234793,0.8122477245637443,0.0361523239810766,0.09271482202733013,0.0,0.0,0.0,0.0,0.0
0.00024670024824483645,0.01962838773411675,0.003981135202126022,0.0006208125372655813,6.610696135189607e-05,6.610696135189607e-05,0.15895172634004434,0.04628219421187932,6.610696135189607e-05,0.9999362892055318,0.0,0.013192645100288957,0.19276159848302338,0.1507715642679543,0.007405366362884323,0.009566266547895375,0.09977021702747656,0.14430142519356126,0.064264281193192,0.08169027115165456,1.0,0.46787700224512035,1.0,0.03625129101713079,0.5866590260961279,0.00010696331036034353,0.0020398485717800776,0.018602593220137728,0.9999338930386481,0.1928290549899512,0.4130825600554093,0.29878417536315993,0.36799575029862625,0.7889874178896443,0.14131160011223784,0.04165841514523281,0.07658352559915418,0.3832608612965507,0.17404456573812133,0.7184434428418965,0.44567913519993974,0.004838080354920887,0.012250953859418606,0.0,0.152965929520846,0.0,0.012767047639391984,0.2645749182971427,0.21250686318979245,0.05909906562711825,0.030777555247130325,6.610696135189607e-05,0.16345479125648096,0.007604972296493765,0.11277213109247494,0.40713063069200844,0.14658487182687607,0.264634237884504,0.0,0.023933542837461932,0.025514739048923166,0.0,0.1456290580631958,0.3165102561273093,0.9308976384518871,0.9060587749889268,0.0,0.37915706823403367,0.0,0.062352194266263795,0.025728721707204836,0.011870075704399123,0.0034650535212444535,6.610696135189607e-05,0.1131701464505004,0.03577321747399559,0.0362385634297513,6.610696135189607e-05,0.9999596903202437,0.06442771028347967,0.5808615169029692,0.7655799863717438,0.7487113672954296,0.5838190332916419,0.8163891677139833,0.036157282067431115,0.09350918347918967,0.0,0.0,0.0,0.0,0.0
0.00024670024824483645,0.019612670662510996,0.003974143645144855,0.000620637894513897,6.610696135189607e-05,6.610696135189607e-05,0.15890293524960447,0.04631722793756311,6.610696135189607e-05,0.9999362811230492,0.0,0.01282216389852883,0.2018077239883037,0.14967347517312063,0.007467654552055089,0.009012040504446128,0.09997757806239717,0.14398885106120582,0.0638102352458312,0.08123507100213215,1.0,0.46761963214418506,1.0,0.0362513424734901,0.587121302821744,0.00010696331036034353,0.002045101166643299,0.018635723793037816,0.9999338930386481,0.19306905538202282,0.4134500749764996,0.2987457596194518,0.3677810870896612,0.7886877159702256,0.13921768354064387,0.039090289443777994,0.0744737401922069,0.38140927222242155,0.1706360680808462,0.7182243819229412,0.4449049544037051,0.004727372824451237,0.011924445028425306,0.0,0.15290906831483347,0.0,0.012757415767073434,0.26441299231866305,0.2120780612838421,0.05899870474128554,0.030758555651913926,6.610696135189607e-05,0.1640500173113476,0.007797784937581987,0.11282192129743848,0.4071799712657809,0.14667349869008564,0.26536233697275163,0.0,0.023694009233923712,0.025577050314483468,0.0,0.14563816389765863,0.31681483192990284,0.9314623919297176,0.9068404839694425,0.0,0.3794712995409815,0.0,0.0622852435084959,0.026474048556576743,0.011905873778898506,0.003444270762263056,6.610696135189607e-05,0.11192236290077787,0.035755830800909445,0.03641063000949075,6.610696135189607e-05,0.9999535887594109,0.06463878533968881,0.5825978155880758,0.7591019865679183,0.7521587754007487,0.5855460229110399,0.8203518914147077,0.036159876117002984,0.0942913626051862,0.0,0.0,0.0,0.0,0.0
0.00024670024824483645,0.01959757305983531,0.0039672620067652264,0.0006204738964538956,6.610696135189607e-05,6.610696135189607e-05,0.15885747089022656,0.046352093747123596,6.610696135189607e-05,0.9999362735319474,0.0,0.012474189034192564,0.21032582454947227,0.14863248755608166,0.007537774463605359,0.008494548742125527,0.1001726696801359,0.14367386393899914,0.06336651959939928,0.08078998531974733,1.0,0.4673627584385894,1.0,0.03625004114060778,0.5875625670710987,0.00010696331036034353,0.0020501322748173803,0.018667401896045016,0.9999338930386481,0.19329576060390546,0.41381954028903245,0.29871473109073066,0.3675696629118239,0.7883932756754284,0.137173925077845,0.03667679792676246,0.0724593952545266,0.379620406744667,0.16737211407822916,0.7180170468192809,0.44414587085445195,0.0046192274593550905,0.01160744591002867,0.0,0.1528522597720798,0.0,0.012748192998203437,0.2642575174247059,0.21166390045081895,0.05890095501998075,0.03074017666293252,6.610696135189607e-05,0.16462394817802684,0.00798631691645864,0.11287264894975835,0.4072249333552548,0.14676424424680642,0.2660878959704658,0.0,0.02345533309998042,0.025640171813028037,0.0,0.14564931867285166,0.3171203178446124,0.9320142529412456,0.907602568770224,0.0,0.37978498178933084,0.0,0.06222270830472246,0.027201106206991735,0.01193938220183458,0.003424202874353502,6.610696135189607e-05,0.1106978336420185,0.03576186466724572,0.03658029830072854,6.610696135189607e-05,0.9999466292339613,0.06484248007776522,0.5842639899174966,0.7529973775237653,0.7554527840894113,0.5872016469786996,0.8241333371796453,0.03616096482773151,0.09505994736193653,0.0,0.0,0.0,0.0,0.0
0.00024670024824483645,0.019582912635200726,0.003960623983467404,0.0006203242942538956,6.610696135189607e-05,6.610696135189607e-05,0.1588164098206817,0.04638639320918044,6.610696135189607e-05,0.9999362664652277,0.0,0.012147372166766347,0.21828441540126406,0.14764831985111201,0.007615955804901744,0.008011503930891268,0.1003567238130862,0.14335873265774526,0.06293314913035228,0.08035511832488515,1.0,0.4671085575120871,1.0,0.03624824511798283,0.5879808061274785,0.00010696331036034353,0.002054961832697129,0.01869777261449068,0.9999338930386481,0.19351142682873895,0.41419065845069836,0.29868791381453175,0.36736175079431915,0.7881026552172982,0.13517686607665352,0.03440521715240799,0.07053113763722382,0.3778847016469754,0.1642335656603929,0.7178190614706818,0.4433998239355792,0.004513554171831253,0.011299620000078035,0.0,0.15279531752091874,0.0,0.012739456978423791,0.26410753192367886,0.21126368136648535,0.05883913647556013,0.030722843714813368,6.610696135189607e-05,0.16519370091987726,0.008092774468993365,0.11290537140299557,0.4072553731825304,0.1468579456810764,0.2668064034958245,0.0,0.02321733731751147,0.025704863753136523,0.0,0.14566332982010263,0.317426725224664,0.9325532966978165,0.9083452616750368,0.0,0.3800961249669942,0.0,0.06216193345287155,0.027913709720676187,0.011970439722555576,0.0034048089568783093,6.610696135189607e-05,0.10950926054661311,0.03578548694907234,0.03674734285641831,6.610696135189607e-05,0.9999413126722283,0.06503939910162536,0.5858693582607557,0.747310367446328,0.7586032051941527,0.5887944787949863,0.8277549304087158,0.03616088489612944,0.09581471818201165,0.0,0.0,0.0,0.0,0.0
0.00024670024824483645,0.019568812168147626,0.003954273125577941,0.0006201302821511287,6.610696135189607e-05,6.610696135189607e-05,0.1587780498296934,0.046420363980238105,6.610696135189607e-05,0.9999362600518108,0.0,0.01184047390741003,0.22566810532228546,0.14671977683163923,0.007702402509041578,0.007560646126839898,0.10053074085911314,0.14304638583756166,0.06251225073870639,0.07993320293458386,1.0,0.4668621074527555,1.0,0.036245843152281645,0.5883753433394349,0.00010696331036034353,0.0020589828092287678,0.018727085091965506,0.9999338930386481,0.19371621838395095,0.41456498472540143,0.29866367795148,0.3671580979904156,0.7878164605205124,0.13322442740628793,0.03226192730304132,0.0686799101196671,0.3761918586567211,0.1612011760704569,0.7176319482615682,0.4426705740304891,0.0044105810422179125,0.011001454932308186,0.0,0.1527422450666943,0.0,0.012731532743869208,0.26396743910345394,0.21088394260627688,0.05870952091812299,0.030705885009244933,6.610696135189607e-05,0.1657226708038659,0.008394326708800175,0.11298564976845846,0.40728966085189067,0.1469542102705404,0.26751267468701767,0.0,0.022978896141292626,0.025772100614461526,0.0,0.14567751827168804,0.3177254014750883,0.9330771682190757,0.909065342133108,0.0,0.38039564748055027,0.0,0.06210148161431973,0.028580962523076077,0.011999473750407825,0.003385243879396361,6.610696135189607e-05,0.10837481473968194,0.035825629282080454,0.03691450941276489,6.610696135189607e-05,0.9999380926903889,0.06522932920894722,0.5874224239992845,0.7420699673746732,0.761621416907401,0.5903336382197758,0.8312381778027033,0.036159792607630636,0.09655763865686096,0.0,0.0,0.0,0.0,0.0
0.00024670024824483645,0.0195554500011023,0.003948383986732477,0.0006200725666289622,6.610696135189607e-05,6.610696135189607e-05,0.15874889997974906,0.04644921270701387,6.610696135189607e-05,0.999936253845204,0.0,0.011550907480097412,0.23245903409616045,0.1458399148769117,0.007796254283810725,0.007139024579403728,0.10069333998409441,0.1427313855945241,0.06209857458564835,0.07951748908000306,1.0,0.4666149254392309,1.0,0.036243463421106785,0.5887584813423776,0.00010696331036034353,0.002063714847024003,0.018754860770533482,0.9999338930386481,0.1939098964288256,0.41491059207780845,0.29863801491682634,0.3669611210745245,0.7875329844817223,0.1313277235108432,0.030250255277913363,0.06692198822406516,0.3745715423023637,0.15831131966108375,0.7174492859251769,0.4419530123621337,0.00430953444154682,0.010710769981494556,0.0,0.15268393982154846,0.0,0.0127238457257133,0.2638326164933539,0.21050678013482124,0.058592787951040344,0.030690190654594985,6.610696135189607e-05,0.1662368058392777,0.00864042442228501,0.11305184743093628,0.40732704945765774,0.1470538237995033,0.2682187283021848,0.0,0.02274481555155834,0.025842720811389545,0.0,0.14569934510178162,0.3180331404539556,0.9335918909728048,0.9097717409385023,0.0,0.38070113473922057,0.0,0.0620420130479717,0.029216882758239405,0.012025993724089645,0.0033677421180496087,6.610696135189607e-05,0.10732605150027885,0.035909954061188326,0.037039259903165464,6.610696135189607e-05,0.9999335512954376,0.06541319171877452,0.5889026407068747,0.7372907106259262,0.7644932813474649,0.591789482602436,0.8345496557595126,0.03615802898894716,0.09728246158938668,0.0,0.0,0.0,0.0,0.0
0.00024670024824483645,0.019542568378420416,0.003941672140955089,0.000620028229047308,6.610696135189607e-05,6.610696135189607e-05,0.1587263230630989,0.046478714262389705,6.610696135189607e-05,0.9999362518345551,0.0,0.011277218958407666,0.23866392845591333,0.14500380076081762,0.007897374073179657,0.006744482245094541,0.10084610218839118,0.1424159276061849,0.06169322700082374,0.07910964684917442,1.0,0.4663722115049419,1.0,0.036240688710667095,0.5891300934263674,0.00010696331036034353,0.0020685940523713178,0.01878100128223793,0.9999338930386481,0.19408992534366976,0.41526893458257547,0.29860921153042974,0.3667695893972723,0.7872518241567595,0.12948917041159264,0.028363739948328998,0.065254012122022,0.3730222939624734,0.15556510215013147,0.7172713727613115,0.4412482432609351,0.004210447771089844,0.010427591746128492,0.0,0.1526225017521752,0.0,0.012749543101328219,0.26370525109431364,0.21014202362872433,0.05849152810902741,0.030675611966745793,6.610696135189607e-05,0.1667371713262681,0.00885010701658115,0.11311152021543543,0.4073293851310627,0.14715360640158612,0.268916505480288,0.0,0.022514246149916567,0.025915570706773933,0.0,0.14572619849571247,0.3183450435492051,0.9340963252280864,0.9104627614046971,0.0,0.3810052867428829,0.0,0.06198350070826541,0.02981696469141097,0.012048743117744487,0.003351456691229488,6.610696135189607e-05,0.10634920168813311,0.03598824237038809,0.037179560976108396,6.610696135189607e-05,0.9999541153383422,0.06559456944165434,0.5903171051497118,0.7329723315957577,0.7672279409672438,0.5931647612575731,0.837690415604774,0.03615632655458489,0.09799078558367492,0.0,0.0,0.0,0.0,0.0
0.00024670024824483645,0.0195309368660874,0.0039331950945763906,0.0006199802748327853,6.610696135189607e-05,6.610696135189607e-05,0.1587178478047462,0.04650897554319464,6.610696135189607e-05,0.9999362559092478,0.0,0.011018000850594964,0.24429795939936425,0.14420966402303476,0.008005469831556016,0.006374921290873262,0.10099051142834459,0.14210256888097156,0.06129821405655057,0.07871254850090342,1.0,0.4661392066625863,1.0,0.0362299766615409,0.5894906064594292,0.00010696331036034353,0.0020731611440921657,0.018805312257330883,0.9999338930386481,0.19425165196070837,0.4156319591895806,0.2986037544969971,0.36658610174040773,0.7869655757510547,0.12770855250118238,0.026595942741436788,0.06367966189957366,0.3715424123269843,0.1529610710118167,0.7170969132935475,0.44055555847363154,0.004112461482367175,0.010151982228295699,0.0,0.15255646185686786,0.0,0.012719638784705022,0.26358736889505857,0.20979632374043622,0.058402303844917444,0.03066205054658907,6.610696135189607e-05,0.16723368499294386,0.009034257179582665,0.1131634805458359,0.4073672494585657,0.14726393174027114,0.2696336402030123,0.0,0.022291473895695545,0.025991498185255934,0.0,0.14575880712117495,0.31866442951671653,0.9345893244610822,0.9111354692708009,0.0,0.38130433148054593,0.0,0.061921249577830316,0.03039044957653413,0.012068432433754266,0.0033351026207176474,6.610696135189607e-05,0.10541144298806078,0.03605766990124628,0.037320190445191345,6.610696135189607e-05,0.999955878967061,0.06577049250867412,0.5916398064452104,0.729106097859199,0.769819200181696,0.5944606196562037,0.84066400769731,0.03615376815693296,0.0986774431286803,0.0,0.0,0.0,0.0,0.0
0.00024670024824483645,0.01951931762216521,0.003923330640915691,0.0006199182283076095,6.610696135189607e-05,6.610696135189607e-05,0.15871105781693856,0.04654028352388067,6.610696135189607e-05,0.9999362625628703,0.0,0.0107719901508963,0.24938124934261602,0.14345156521067068,0.008120178168472063,0.0060282434153143,0.10112571904628516,0.1417888242580423,0.06091311091558414,0.07832500063388483,1.0,0.4659017927235393,1.0,0.0362311886099603,0.5898456436828058,0.00010696331036034353,0.0020773090386346418,0.018861946191964393,0.9999338930386481,0.19441278363989378,0.41598409407744835,0.2983509560912861,0.3663876100027748,0.7866892478276776,0.12599086036442897,0.024936704041559146,0.06219334084476142,0.3701214829976036,0.1504834247295978,0.7169274409709679,0.43987874235104635,0.004017180580284523,0.009884154435057893,0.0,0.15249458387604753,0.0,0.012740329313819233,0.26346768487124544,0.20945764045697585,0.05831926914571307,0.030648053807088835,6.610696135189607e-05,0.1677027026603143,0.009185761621984433,0.11321391341409588,0.4073708415359755,0.1473651868992371,0.27031232594560173,0.0,0.02207561090469725,0.02607053271556129,0.0,0.14579301444519538,0.3189785144485615,0.9350697085041313,0.9117908449310573,0.0,0.38160362340041326,0.0,0.061866189782508754,0.03093800962809142,0.012087909370914253,0.0033196851794712132,6.610696135189607e-05,0.10452580956450908,0.03613278194879133,0.03746125854556265,6.610696135189607e-05,0.9999104832799585,0.06594556527308533,0.592924823539073,0.7256820466158248,0.7722794830398706,0.595687806118363,0.8434883318550879,0.03615382553755151,0.0993539189423499,0.0,0.0,0.0,0.0,0.0
0.00024670024824483645,0.01950917518401272,0.0039129695638881355,0.0006198651185290873,6.610696135189607e-05,6.610696135189607e-05,0.15871266866993264,0.04657407741960261,6.610696135189607e-05,0.9999362703455708,0.0,0.010538355383276852,0.25395450182663937,0.14273080786660913,0.008241626072096053,0.005702974910069276,0.10125589119785988,0.1414797305785878,0.06053888169619398,0.07794884334244463,1.0,0.46567190728634916,1.0,0.03622382738259431,0.5902079806364294,0.00010696331036034353,0.00208110227761387,0.01889301634759699,0.9999338930386481,0.19456116294607304,0.4163487763178792,0.2982778073357819,0.3662016076514968,0.786407097591895,0.12433727727386612,0.023376592988106813,0.060789592492456815,0.3687559056183627,0.14812285885163298,0.7167690543737262,0.43920984354036646,0.003923412741172743,0.00962377786264112,0.0,0.15242309171088927,0.0,0.012742194809193893,0.2633593886879072,0.2091445938477706,0.058248892533992604,0.030628692238521583,6.610696135189607e-05,0.16815758851695126,0.0093258939966534,0.11327960034853365,0.4073741083435366,0.14747771986784516,0.2709949603706606,0.0,0.021867074774173424,0.026153312070400673,0.0,0.14582111015491697,0.31930004315910465,0.9355377055626333,0.9124273787949142,0.0,0.38190500100276165,0.0,0.06180657769484675,0.03142481158723571,0.012105171278811331,0.003304171040672159,6.610696135189607e-05,0.10376911981808196,0.03620696000264721,0.03759502186447392,6.610696135189607e-05,0.9996627768465121,0.06611518254025986,0.5941294069721964,0.7226689051852538,0.7746125248667606,0.5968491562391406,0.8461741662382978,0.036153944273497086,0.10001038272194107,0.0,0.0,0.0,0.0,0.0
0.00024670024824483645,0.01949990375689166,0.0039022171127933544,0.0006100062865862848,6.610696135189607e-05,6.610696135189607e-05,0.15871790960336737,0.04663596564798161,6.610696135189607e-05,0.9999363136921664,0.0,0.0103144142666596,0.2580132656814561,0.14203151323967947,0.0083677018547653,0.005396314492062043,0.10137955875078644,0.14116865495736491,0.060175833099934135,0.07758423593809294,1.0,0.46544441429484557,1.0,0.03621987089117396,0.5905763782503411,0.00010696331036034353,0.0020843582777798106,0.01891220996494716,0.9999338930386481,0.19469265315630382,0.4166955901482607,0.2982614992511349,0.36603685629817356,0.7861287557786772,0.12276338783440142,0.02192012851817449,0.059487659417978137,0.36747921880772394,0.14592319503290768,0.7166149622077561,0.43856360902175884,0.0038316031076755593,0.009370941307191459,0.0,0.15235114381563472,0.0,0.012740075350224955,0.2632581858843454,0.20884331137235435,0.05818226259135795,0.030612862787364668,6.610696135189607e-05,0.16859346937580183,0.009458202645081822,0.11333543251900118,0.4073792807072264,0.14758995651462756,0.271671297159996,0.0,0.021670459870908838,0.02623929383957574,0.0,0.145849677601349,0.3196195091985667,0.9359925637923903,0.9130448227547157,0.0,0.3822044418895198,0.0,0.06175705978994843,0.031897168003188564,0.012121898157192217,0.0032897145723780347,6.610696135189607e-05,0.10305249498481624,0.036280700039257145,0.03772157050152273,6.610696135189607e-05,0.9991399237053478,0.0662812877066952,0.595250900738943,0.7200666058003694,0.7768103674714336,0.5979137854979351,0.8486804904750302,0.03615580144010855,0.10064822682230949,0.0,0.0,0.0,0.0,0.0
0.00024670024824483645,0.019491038383566296,0.003891388895267439,0.000606364074032035,6.610696135189607e-05,6.610696135189607e-05,0.1587244166910259,0.04667948145658194,6.610696135189607e-05,0.9999363302626776,0.0,0.010099520423327018,0.26160681042905926,0.14135913396562239,0.008498146885967678,0.005107367590442803,0.10149111480595151,0.14086409075013587,0.05982300374452289,0.0772291321056298,1.0,0.4652187810290398,1.0,0.036218309416888056,0.5909388515785353,0.00010696331036034353,0.0020873841968158118,0.018933099711541723,0.9999338930386481,0.19481308630812774,0.41702289735071396,0.2982054242964115,0.3658885899917369,0.7858549337125105,0.12125724044634083,0.020555100040363917,0.058271726829539544,0.36626872150181017,0.14385389304774385,0.716455873830086,0.4379365756029718,0.003741745164309305,0.009125276527084057,0.0,0.15227664080049869,0.0,0.012736738671277182,0.2631550108195686,0.20854755476094045,0.05812214093220902,0.030599624325482314,6.610696135189607e-05,0.1690219573895629,0.009574989852400788,0.11337012406081474,0.40738882513213903,0.14770133850907902,0.2723315011092098,0.0,0.021484561901549914,0.026327734146648733,0.0,0.14589309088171037,0.3199340668690438,0.9364352510911678,0.9136455913672862,0.0,0.3825045781704616,0.0,0.06171690154225662,0.03235098074870067,0.012139894601726844,0.0032768203338874426,6.610696135189607e-05,0.10239670600624293,0.036356481744994076,0.0378381652145379,6.610696135189607e-05,0.9983897254404555,0.06644372777841055,0.5963117380211224,0.7178380895305768,0.7788845773032882,0.5989053974655734,0.8510387393618133,0.036159920482252035,0.10126526677784858,0.0,0.0,0.0,0.0,0.0
0.00024670024824483645,0.01948252476263662,0.003913918205654807,0.0006049230404127089,6.610696135189607e-05,6.610696135189607e-05,0.15864510724977066,0.04670562522352317,6.610696135189607e-05,0.999936237269788,0.0,0.009893244885706568,0.26476961526338477,0.14071034311335193,0.008633077607453143,0.0048347957613104784,0.10159857444517564,0.14056462866840763,0.05948092132688159,0.07688491052583626,1.0,0.46499960934898066,1.0,0.036217720175955016,0.5912920697161304,0.00010696331036034353,0.002089904768588456,0.018953062348239916,0.9999338930386481,0.19492261331802804,0.4173328644872542,0.2981399649032732,0.3657544465227167,0.7855863388615565,0.11981556190635168,0.019272710691631702,0.057132470166567965,0.3651125232442699,0.14189810064169486,0.7162940591179635,0.4373313209761389,0.0036539136717377353,0.008886674294712656,0.0,0.15220137703577932,0.0,0.01273293241777771,0.2630550542806334,0.2082603687292761,0.05806433002510246,0.030587032177359134,6.610696135189607e-05,0.16943494286618982,0.009686378109057073,0.11342093374384604,0.40739764539444945,0.14781067390127475,0.2729689204654241,0.0,0.02130765001657888,0.026417184840883533,0.0,0.14594175579149224,0.32024238509238506,0.9368651650013806,0.9142284151794511,0.0,0.38279901361524,0.0,0.061685150640298884,0.03278505873618679,0.012159238716429108,0.003264886914625201,6.610696135189607e-05,0.10180592868986363,0.03643642189809498,0.037948052053240026,6.610696135189607e-05,0.9974508839490643,0.0666029872371687,0.5973222727425177,0.7159576740449834,0.7808495367035012,0.5998372143073935,0.8532671035969946,0.03616561064536865,0.10186166526306835,0.0,0.0,0.0,0.0,0.0
0.00024670024824483645,0.019472899911277437,0.0038934761586451186,0.0006042993629934909,6.610696135189607e-05,6.610696135189607e-05,0.15868361773706266,0.04671950257270418,6.610696135189607e-05,0.9999363240867754,0.0,0.009694132149823217,0.267509785953076,0.14009691253494663,0.008772293873760967,0.0045782105348352265,0.10170789537559911,0.14028217644444968,0.05915323763019782,0.07655906881471043,1.0,0.46488141988698006,1.0,0.03621730481429112,0.5916255903773383,0.00010696331036034353,0.0020919197717487025,0.0189716214360039,0.9999338930386481,0.1950235061967335,0.4176281669151495,0.2980603379726985,0.36563085341558865,0.7853225261796524,0.11843505297386649,0.018066339937509078,0.0560637901177456,0.3640049992620647,0.14004637386052693,0.7161359712278328,0.4367510551637887,0.00356807946995676,0.008654950828977619,0.0,0.15212816182267952,0.0,0.012729821123363405,0.26299426345421584,0.20795385542776257,0.05801009978535398,0.030576985140513026,6.610696135189607e-05,0.1699129353440229,0.00980042531853835,0.113460838462307,0.40739513311110354,0.14791799689243204,0.2735824451773584,0.0,0.021135501209991768,0.02650640843215588,0.0,0.14598330986110325,0.3205273747649453,0.9372786828998454,0.914785980356312,0.0,0.3829904182903405,0.0,0.061660496562144514,0.033207678664319236,0.0121766397938131,0.00325394660450472,6.610696135189607e-05,0.10125787824354839,0.03652943551925112,0.03805937608283613,6.610696135189607e-05,0.9963242334727067,0.06675947692791562,0.5982883696989519,0.7144238741094149,0.782703796137316,0.6007162984320186,0.8553754156046378,0.03617282353546488,0.10243939362681631,0.0,0.0,0.0,0.0,0.0
0.00024670024824483645,0.01946601409026508,0.003911334984833436,0.0006040600003788089,6.610696135189607e-05,6.610696135189607e-05,0.1586262555702442,0.04674040817860227,6.610696135189607e-05,0.999936236329969,0.0,0.009502822745161597,0.26990884662719644,0.13949943527632108,0.008915634296542818,0.0043355864000652715,0.10181231312645025,0.13999841156177406,0.0588338695716744,0.07623921785223892,1.0,0.4646965211001336,1.0,0.03621705147265714,0.591961225670487,0.00010696331036034353,0.002093545006561641,0.018989173217830273,0.9999338930386481,0.1951160816744632,0.41790784259182673,0.2979776571898072,0.36552140912785014,0.7850579052633584,0.11710573860283183,0.016928147664338977,0.05505622441460823,0.3629349752731833,0.1382821802619842,0.7159716078756291,0.43618497888536734,0.0034839133401721872,0.008429222268880111,0.0,0.15205846869787945,0.0,0.012726528585621191,0.2629021783646836,0.207687006386674,0.05795652122931663,0.03056642173025794,6.610696135189607e-05,0.17030773201422353,0.009908842955718214,0.11348822833939051,0.40740504262256216,0.14802879924362802,0.2741743922161423,0.0,0.020971059131726894,0.02659585450504455,0.0,0.14603618207237906,0.3208215957590844,0.9376822170881535,0.9153315598788809,0.0,0.38324501020198704,0.0,0.06164329225916323,0.03358284947399371,0.012197638983507016,0.0032439405582036568,6.610696135189607e-05,0.1008400966949115,0.03662533907756398,0.03816166903011427,6.610696135189607e-05,0.9951779634231824,0.06691329549301361,0.5992170464358643,0.7131630057084647,0.7844732811773438,0.6015535359252294,0.8573822333379505,0.03617989692554169,0.10299501379377426,0.0,0.0,0.0,0.0,0.0
0.00024670024824483645,0.01945819437545626,0.0038881261622635637,0.0006039136297878767,6.610696135189607e-05,6.610696135189607e-05,0.15867741019185097,0.04675379309021514,6.610696135189607e-05,0.999936326759579,0.0,0.00931726598901367,0.2719648838012277,0.13893125979826942,0.009062200442125938,0.004106608205238917,0.10191777245779397,0.1397292672865445,0.05852809374573202,0.07593619721389193,1.0,0.4645917560523565,1.0,0.03621535715942191,0.5922859301484381,0.00010696331036034353,0.0020947900459281354,0.019005323092539023,0.9999338930386481,0.1951955306309725,0.4181715359585064,0.29790389288214186,0.3654197389942403,0.784799019741106,0.11584325851156534,0.015859990044757473,0.05412160888722582,0.36192692080014444,0.1366370948451478,0.7158131099127134,0.4356467843213864,0.0034016847978718674,0.008209982896707319,0.0,0.1519909383818834,0.0,0.012723588490751987,0.2628456850133003,0.20740275598493926,0.05787153788168221,0.03055780932923726,6.610696135189607e-05,0.1707328480353813,0.010097009860538818,0.11354763626283579,0.4074149365747168,0.14813531304999386,0.2747474456406944,0.0,0.020812198975341516,0.02668334241042253,0.0,0.14608136345282358,0.32109353166450294,0.9380702214563961,0.9158538198894007,0.0,0.3834173055657601,0.0,0.0616300536748908,0.0339497864837889,0.01221509853922557,0.003234872566766969,6.610696135189607e-05,0.10043865922948073,0.03673172850437366,0.038267410466569986,6.610696135189607e-05,0.9939180379593753,0.06706566720890016,0.6000920298587266,0.7121751261540149,0.7861349323391632,0.6023275363473071,0.8592562969496133,0.03618775417666909,0.10353041672756608,0.0,0.0,0.0,0.0,0.0
0.00024670024824483645,0.01945253981534204,0.003904348511751398,0.0006039979065428297,6.610696135189607e-05,6.610696135189607e-05,0.15863173930842717,0.04677483285151279,6.610696135189607e-05,0.999936241006929,0.0,0.009138182781715555,0.27375461585248223,0.13837498465958573,0.00921202138441849,0.0038896924471507627,0.10201789418988609,0.1394573857053231,0.058227754102511596,0.07563539987542149,1.0,0.4644100195532733,1.0,0.036214157699972625,0.5926168219945778,0.00010696331036034353,0.002096389505217198,0.019020228081759516,0.9999338930386481,0.1952690639600065,0.41841918000957007,0.29782377835702084,0.36532852527240045,0.7845375509758666,0.11463147105001717,0.014854225450245985,0.05324665799359612,0.3609598768606235,0.1350835551677419,0.715645611806457,0.4351166320514468,0.0033208344719207676,0.007995828202024432,0.0,0.15192148721551885,0.0,0.012720090883709479,0.2627530798916224,0.20715152994148894,0.057797319027206716,0.030547284317563372,6.610696135189607e-05,0.1710716437038112,0.010253555134280085,0.11360930095826345,0.4074384345043106,0.14824427542494822,0.2753029379429717,0.0,0.020662537680470494,0.026769561354387898,0.0,0.1461408432597945,0.32138363021191724,0.9384514114255676,0.9163687719225541,0.0,0.3836684932312077,0.0,0.061621944634752804,0.03430357038125968,0.012234811362467336,0.003227339615815055,6.610696135189607e-05,0.10007200433537239,0.03683631887530401,0.03836267470450918,6.610696135189607e-05,0.9925770160760452,0.0672181735991851,0.6009274082252956,0.7113911586972718,0.7877158196663476,0.6030585404005702,0.8610267523851074,0.03619565074386239,0.10404235203131296,0.0,0.0,0.0,0.0,0.0
0.00024670024824483645,0.019445190600732232,0.003913525628843289,0.0006040456563503526,6.610696135189607e-05,6.610696135189607e-05,0.15860614650395122,0.04677845174611345,6.610696135189607e-05,0.999936226511756,0.0,0.008964367069819784,0.2752771519798596,0.13784753050457316,0.009365091293586852,0.00368492605724758,0.10211967144399349,0.13920168586381385,0.05793832480813228,0.07534814499953862,1.0,0.46430457059877395,1.0,0.03621319268460452,0.5929322797905149,0.00010696331036034353,0.0020978900718879767,0.019034191996694726,0.9999338930386481,0.1953352818494645,0.4186556496868423,0.29773707991529863,0.3652422752358831,0.7842814798138479,0.1134709721277605,0.013905939247997426,0.05242465788658103,0.36002962889406004,0.13360960592583532,0.7154819981044729,0.4346063126312043,0.003241682903906691,0.0077874213119448095,0.0,0.15185092550355792,0.0,0.012716851375929634,0.26269305274712695,0.20688138186055363,0.05773146336191126,0.030538005564703007,6.610696135189607e-05,0.1714596222623844,0.010395908778838552,0.11366287527564864,0.407451255981678,0.14834754597594776,0.27583372209460033,0.0,0.020517069404230873,0.026852915702694415,0.0,0.14619395170743024,0.32165624418131056,0.938819992287961,0.9168644336885166,0.0,0.3838445038976681,0.0,0.06161752479869445,0.034641399539995316,0.012251600507279062,0.003220558786763305,6.610696135189607e-05,0.0997455360848158,0.036951893117236165,0.03846067651590681,6.610696135189607e-05,0.9911740026918745,0.06737097421020427,0.6017309387078194,0.710816908772143,0.789210742204615,0.6037523641096587,0.8627054680169172,0.036204378744103434,0.10453575732367129,0.0,0.0,0.0,0.0,0.0
0.00024670024824483645,0.019438554302635268,0.003885887988563593,0.0006041429753787902,6.610696135189607e-05,6.610696135189607e-05,0.15868191413397845,0.04679072002531454,6.610696135189607e-05,0.9999363235879517,0.0,0.00879552082727674,0.27656947395352655,0.13734390459156828,0.009521003542617867,0.0034913959383407423,0.10221998571985262,0.13895631393370592,0.05765815384311031,0.07507072812048231,1.0,0.4642185778488306,1.0,0.036212243395459844,0.5932443284040656,0.00010696331036034353,0.00209916657870717,0.019047441316141923,0.9999338930386481,0.1953961134056402,0.4188823100052478,0.29765033296093274,0.36516280861084244,0.784026608821429,0.11235687488399236,0.013011592604661913,0.05165217849661245,0.3591353430769363,0.13221058652931142,0.715318943092458,0.4341111889263368,0.003164017870770052,0.007584171819877406,0.0,0.15178324981811742,0.0,0.012713987471635546,0.2626370326205803,0.2066197260039339,0.05767214482646157,0.030530035856063686,6.610696135189607e-05,0.17184655823018682,0.010526523378578055,0.11371186361668578,0.407462625845217,0.1484500195250225,0.2763453017119764,0.0,0.02037655056208771,0.026934154576521572,0.0,0.14624786272086548,0.3219231779154347,0.9391778282861196,0.9173451000596403,0.0,0.38399817233305206,0.0,0.0616166472922656,0.0349630470221024,0.01226814602390432,0.00321435374536691,6.610696135189607e-05,0.09945803013087007,0.03707129979611437,0.03855639257235808,6.610696135189607e-05,0.9897366617647516,0.06752337165354845,0.6025023025767545,0.7104189334418116,0.7906273663497315,0.6044094988039244,0.8642980175323478,0.03621320846682383,0.10500931922452263,0.0,0.0,0.0,0.0,0.0
0.00024670024824483645,0.019434194284296213,0.0038992659520047427,0.0006042636490388384,6.610696135189607e-05,6.610696135189607e-05,0.15865026391923706,0.046814103864543384,6.610696135189607e-05,0.999936242371563,0.0,0.008632180128217988,0.27769487872079546,0.1368487066365852,0.009679584026636406,0.003307800351207031,0.10231467448605969,0.13870879708152756,0.057383419131390286,0.07479537541236789,1.0,0.464043391753322,1.0,0.03621123210505293,0.5935651183953025,0.00010696331036034353,0.002100173308212732,0.019059995296838862,0.9999338930386481,0.19544887588047946,0.4190975141134698,0.297563237962719,0.3650919073083892,0.78377353346545,0.1112877556247058,0.012167876075602825,0.05092592032683171,0.3582759074475546,0.13088274039148368,0.7151510559890811,0.4336282205798711,0.003087839916139363,0.007386007793320794,0.0,0.15171690801779517,0.0,0.012710512177244379,0.2625471666848924,0.20639909924421898,0.0576152846453123,0.030520033849795687,6.610696135189607e-05,0.17213701792959168,0.010642931843655022,0.11375269717604539,0.4074850784124866,0.14855100253101858,0.2768380161995689,0.0,0.020243602002898712,0.027013405331700147,0.0,0.14631281716591174,0.32220121498138826,0.9395287409524703,0.9178186167943113,0.0,0.38423970022888293,0.0,0.06161902756008442,0.03525962423186599,0.012287079490741676,0.0032086140757640277,6.610696135189607e-05,0.09922773008229986,0.037186990655587907,0.038644348013304235,6.610696135189607e-05,0.9883210378506017,0.06767546400353143,0.6032420480475074,0.7101372452036018,0.7919817710336844,0.6050311031941088,0.8658094592573093,0.036221452358947505,0.10546176735721315,0.0,0.0,0.0,0.0,0.0
0.00024670024824483645,0.01942802235554473,0.0039065179794382605,0.000604296873323563,6.610696135189607e-05,6.610696135189607e-05,0.15863349405830324,0.0468197980729251,6.610696135189607e-05,0.9999362310959075,0.0,0.008472950509351757,0.2786376618565502,0.13637772348728575,0.00984047863338149,0.0031341980496378714,0.10241106784007896,0.1384772248323198,0.05711957042512489,0.07453357422505212,1.0,0.46394185053524806,1.0,0.036209795056021184,0.5938737307005544,0.00010696331036034353,0.002100913599254263,0.019071817084516565,0.9999338930386481,0.195493955125071,0.4193038110075282,0.297483279990985,0.36502382197582733,0.783527154886455,0.11026999473080874,0.011373664517252604,0.0502476502965097,0.35745898997608905,0.12963310344266835,0.7149894438321626,0.43316782380134616,0.003013411446798999,0.007193414470169183,0.0,0.15164985344465476,0.0,0.012707337897008352,0.2624927026976177,0.2061600694945794,0.05756241638550997,0.030511753093968873,6.610696135189607e-05,0.17247503489575977,0.010755233699485682,0.11379712270450348,0.407494739620861,0.1486450088418377,0.27731033390851006,0.0,0.020114765477142815,0.02708937551338629,0.0,0.14636916872310038,0.32245758761142546,0.9398670181280762,0.9182730113047787,0.0,0.3844082960200972,0.0,0.06162266780278201,0.035555164461035474,0.01230235206221194,0.003203332801962924,6.610696135189607e-05,0.09898888039807538,0.03730941295759885,0.03873598436495561,6.610696135189607e-05,0.9868553387552911,0.06782783627170731,0.6039467208513295,0.7099886736261972,0.7932598607390617,0.6056111558771432,0.8672326985076938,0.03623031960465812,0.10589736375490866,0.0,0.0,0.0,0.0,0.0
0.00024670024824483645,0.019422202971528784,0.003910950217805569,0.0006043561663227126,6.610696135189607e-05,6.610696135189607e-05,0.15862809910153933,0.04682326362737623,6.610696135189607e-05,0.999936224099849,0.0,0.00831791019181387,0.2794279252653714,0.13592787092760145,0.010003746936798664,0.0029699803595494272,0.10250692906810012,0.13825714472181824,0.056864878585292676,0.07428161338732142,1.0,0.46386044365029144,1.0,0.036208898731183485,0.5941767993588379,0.00010696331036034353,0.002101430717761363,0.01908301181182161,0.9999338930386481,0.19553672874319084,0.41950269372434773,0.2974030379754957,0.364960729899134,0.7832811769236938,0.10929110336865658,0.010624185271094008,0.04960717265274303,0.356668636409581,0.12843925713031562,0.7148284220462372,0.4327209640871599,0.0029404826013743816,0.0070057468592184344,0.0,0.1515852019115051,0.0,0.012704725440056146,0.2624428091873586,0.20592928703757254,0.057513596903475746,0.030504644567436744,6.610696135189607e-05,0.1728149000020316,0.010862567710978672,0.11384013488791545,0.4075017197367328,0.1487387880697085,0.2777632016222258,0.0,0.01998974725672674,0.027163184663390308,0.0,0.1464252801548607,0.3227058390818381,0.940194638813333,0.9187126397534602,0.0,0.38455435443820346,0.0,0.06162862474193822,0.03581510227775895,0.012317584676631204,0.003198470302836907,6.610696135189607e-05,0.09883182124779527,0.037435841934220906,0.03882585628572962,6.610696135189607e-05,0.9854661388978327,0.0679800350065977,0.6046277848173037,0.7099478894635346,0.7944752091629288,0.6061644319902301,0.8685907625101349,0.03623936873080199,0.10631605210918368,0.0,0.0,0.0,0.0,0.0
0.00024670024824483645,0.01941728824921118,0.003913630764149416,0.0006044322248662061,6.610696135189607e-05,6.610696135189607e-05,0.15862746411338807,0.04682728452044029,6.610696135189607e-05,0.9999362195302751,0.0,0.008166471272871914,0.280084714435894,0.13549518211331993,0.010168554851349173,0.0028144298388439967,0.10260108142503681,0.1380453969727068,0.05661907675851605,0.07403880971029093,1.0,0.4637850193175887,1.0,0.036207143361355346,0.5944817367039238,0.00010696331036034353,0.0021016778120986498,0.019093397070379662,0.9999338930386481,0.19557168718621423,0.41969002408737327,0.2973259268907222,0.3649024685034513,0.7830377265114763,0.10835938143587634,0.00992012554512847,0.04901277736575273,0.3559244393673079,0.12732450968226738,0.7146690152803888,0.4322916190876504,0.0028690477288945506,0.006822932581153165,0.0,0.1515240162561125,0.0,0.012702259274784388,0.2623959938999238,0.20570817346413026,0.05746729591111737,0.03049810211165594,6.610696135189607e-05,0.17314105590630255,0.010965120133457863,0.11388197248952624,0.40750805907626897,0.1488304157777269,0.2782031395531337,0.0,0.01987009906543987,0.027234478690264245,0.0,0.146481403824252,0.3229467550269035,0.9405118755125894,0.9191382577085558,0.0,0.3846909644262988,0.0,0.06163495667654139,0.036050253376530644,0.012331920090275414,0.00319401490949265,6.610696135189607e-05,0.09871694175551245,0.03756199516764676,0.038913691270316124,6.610696135189607e-05,0.9841504836029562,0.06813185771079683,0.6052710077381181,0.7099951600189776,0.7956219414554875,0.6066725270910788,0.8698610604788887,0.03624849947032235,0.10671622891273937,0.0,0.0,0.0,0.0,0.0
0.00024670024824483645,0.019412988402317914,0.003915152816763092,0.0006045175732729467,6.610696135189607e-05,6.610696135189607e-05,0.15863011732628318,0.0468324250839088,6.610696135189607e-05,0.9999362165468909,0.0,0.008018335180103673,0.28062587463266725,0.1350775637584131,0.010334537638090942,0.002667002265191069,0.10269389797234756,0.13784156339478607,0.05638199945457781,0.07380488834780356,1.0,0.4637117837270522,1.0,0.036205052646347914,0.5947887031376841,0.00010696331036034353,0.0021016714444120656,0.019102980035296264,0.9999338930386481,0.1955997405242912,0.41986632984394767,0.2972530553116946,0.36484821914362786,0.7827966385935531,0.10747583287507169,0.009260148331488452,0.04846482090408507,0.35522777047992293,0.12629143929218384,0.7145099985997532,0.43187921655102596,0.0027990875683427145,0.006644869756219783,0.0,0.15146519489791907,0.0,0.01269996401779749,0.2623504550690692,0.20549753698795695,0.057389667852704704,0.030491517473520517,6.610696135189607e-05,0.17343665116543544,0.011141976166870236,0.11394120815167656,0.40752459133505353,0.14891961695962933,0.27863030316005993,0.0,0.019756307837525657,0.027303161789982298,0.0,0.1465380547827801,0.3231810605945079,0.9408189129770795,0.9195502418959767,0.0,0.3848230213750287,0.0,0.06164109996450654,0.036305764469297064,0.012344759977383872,0.0031899295532641855,6.610696135189607e-05,0.09853221778699559,0.03768221627748084,0.038998168304476416,6.610696135189607e-05,0.9827623972215137,0.06828374444681756,0.6058755287847648,0.7101139770358443,0.7967013074999763,0.6071345300920038,0.8710415584426251,0.03625804864511916,0.10709815945968015,0.0,0.0,0.0,0.0,0.0
0.00024670024824483645,0.019408450511698636,0.003915920010563619,0.0006047253391011238,6.610696135189607e-05,6.610696135189607e-05,0.15863923213745013,0.04683814108342484,6.610696135189607e-05,0.9999362145474435,0.0,0.007873959476102197,0.2810759266204319,0.1346773999837173,0.010502627773885819,0.002527433673160147,0.10278644786653159,0.1376471024746475,0.05615132576020223,0.07357686378294852,1.0,0.46363532326521945,1.0,0.03620448126957619,0.595087891652663,0.00010696331036034353,0.0021021888806219283,0.01911206791090563,0.9999338930386481,0.19562825530363523,0.42003431934036317,0.29718009870331663,0.3647970369445186,0.7825544151472815,0.10662076525802368,0.008637514472618282,0.04794279927238017,0.3545435013538251,0.12529242748078276,0.7143464111869452,0.431471438470838,0.0027304036772439126,0.006470989143680831,0.0,0.15140427204899143,0.0,0.01269761224201567,0.26229847136980106,0.20529014971385456,0.05731925371432125,0.030484827816513117,6.610696135189607e-05,0.1737192939791061,0.011300824336663165,0.11399257971963934,0.40754537370386407,0.14900912788137208,0.2790368566506891,0.0,0.019646307336446907,0.02736954708272019,0.0,0.14659893912339042,0.3234169703256142,0.9411182705625538,0.9199521470733707,0.0,0.38496040468578907,0.0,0.06164899718746945,0.036542306278525526,0.012357798382194335,0.003186751177150869,6.610696135189607e-05,0.09838991135707507,0.037802575698177014,0.03907613693617935,6.610696135189607e-05,0.9814048760268226,0.06843645697134641,0.606468418615185,0.7102865589069498,0.7977334934074557,0.607584323789569,0.872180138846057,0.036268201823132847,0.10746448872890033,0.0,0.0,0.0,0.0,0.0
