0_primarytoI_spread,0_primarytoII_spread,0_primarytoIII_spread,0_primarytoIV_spread,0_primarytoV_spread,0_ItoII_spread,0_IItoIII_spread,0_IIItoIV_spread,0_IVtoV_spread,0_late_p,0_C01_coef,0_C02_coef,0_C03_coef,0_C04_coef,0_C05_coef,0_C06_coef,0_C09_coef,0_C10_coef,0_C12_coef,0_C13_coef,0_C32.0_coef,0_C32.1_coef,0_C32.2_coef,1_primarytoI_spread,1_primarytoII_spread,1_primarytoIII_spread,1_primarytoIV_spread,1_primarytoV_spread,1_ItoII_spread,1_IItoIII_spread,1_IIItoIV_spread,1_IVtoV_spread,1_late_p,1_C01_coef,1_C02_coef,1_C03_coef,1_C04_coef,1_C05_coef,1_C06_coef,1_C09_coef,1_C10_coef,1_C12_coef,1_C13_coef,1_C32.0_coef,1_C32.1_coef,1_C32.2_coef,2_primarytoI_spread,2_primarytoII_spread,2_primarytoIII_spread,2_primarytoIV_spread,2_primarytoV_spread,2_ItoII_spread,2_IItoIII_spread,2_IIItoIV_spread,2_IVtoV_spread,2_late_p,2_C01_coef,2_C02_coef,2_C03_coef,2_C04_coef,2_C05_coef,2_C06_coef,2_C09_coef,2_C10_coef,2_C12_coef,2_C13_coef,2_C32.0_coef,2_C32.1_coef,2_C32.2_coef,3_primarytoI_spread,3_primarytoII_spread,3_primarytoIII_spread,3_primarytoIV_spread,3_primarytoV_spread,3_ItoII_spread,3_IItoIII_spread,3_IIItoIV_spread,3_IVtoV_spread,3_late_p,3_C01_coef,3_C02_coef,3_C03_coef,3_C04_coef,3_C05_coef,3_C06_coef,3_C09_coef,3_C10_coef,3_C12_coef,3_C13_coef,3_C32.0_coef,3_C32.1_coef,3_C32.2_coef
0.0002064036055399,0.0175713364366845,0.0049916654068137,0.000926536644879,6.610696135189607e-05,6.610696135189607e-05,0.1428132646326737,0.0265412967396582,6.610696135189607e-05,0.9999372458761832,0.0,0.1599955418255731,0.0003430036327744,0.1307812781849878,0.0089100014433276,0.2895730896701437,0.0740372033708727,0.1878290816453437,0.1021098825197702,0.1778943782460072,0.9858742004498646,0.4761270578583069,1.0,0.0323164762883355,0.5352989603016167,0.0057053987840664,0.0022164478369987,0.0166499542890177,0.999933893038648,0.1667399871204791,0.2571394693485856,0.3042845081143296,0.3957265769554678,0.7629120540784773,0.2860893619139116,0.0548960989553,0.1584679092093436,0.4460575882291553,0.1378235316426379,0.7076026556550281,0.470343819454781,0.0195340697649563,0.0690300774016507,0.0,0.1201964905560499,0.0,0.0149284684451839,0.3351391089445794,0.2581744557840268,0.0751965234769756,0.0315137868026421,6.610696135189607e-05,6.610696135189607e-05,6.610696135189607e-05,0.0568179830560037,0.3738778798219803,0.2166285574868939,0.0944180993000866,0.0,0.0435850814842003,0.023399842449862,0.0,0.1775545494675418,0.2717651838517317,0.8783560477152733,0.753075544352342,0.0141256718385896,0.4036764515856431,0.0,0.082479141759443,0.0007331374358574,0.0162741682533196,0.0070041609934487,6.610696135189607e-05,0.2206486240209343,0.1317095102102511,0.0093515747403533,6.610696135189607e-05,0.6867190507487642,0.0204593884346287,0.4594969969604285,0.9447608974119256,0.6671657311214683,0.521632567877655,0.5726033786872183,0.0408055915065573,0.0700619150481435,0.0,0.0,1.2771154569363453e-07,0.0,0.0
6.610696135189607e-05,0.018557052019240478,0.006809057649714351,0.0008087344400931274,6.610696135189607e-05,0.035875473371746285,0.08581063324058741,0.01301904511879683,6.610696135189607e-05,0.9999406705632222,0.0,0.15183601929394702,0.00039662942285827575,0.14407415202875865,0.008701419006112623,0.3011413628937491,0.07232203385617447,0.1659854760135361,0.10930122778164979,0.1627391044833129,0.9889341748333961,0.43557612400511997,1.0,0.03638311575883095,0.5400224050082942,0.006463501184771047,0.0026304005362786076,0.017901824131913553,0.9999338930386481,0.16649373455040858,0.2536506234552312,0.33354423409441525,0.39993494689737275,0.7503692940551396,0.30677992754156674,0.053866979747413425,0.10730477626345276,0.4376200924313525,0.12074407341252372,0.7032102028776647,0.4811964640582797,0.01905215268789206,0.07182041668395538,0.0,0.12071060957026394,0.0,0.015003547996134726,0.3389495096072776,0.257277387470258,0.08235950802530582,0.03059852452770272,0.052626287653246805,6.610696135189607e-05,6.610696135189607e-05,0.07248160838983767,0.37211056750568156,0.23106792415980754,0.10034425151051134,0.0,0.034463744130620824,0.022068902012137244,0.0,0.18038514698640723,0.28933484424076206,0.8716466195304582,0.7654404788327317,0.011065740710579032,0.44371326642461606,0.0,0.06754610767478997,0.0005787176128094538,0.019199408214267574,0.006168441248232843,6.610696135189607e-05,0.21983101211951328,0.1733374380084417,0.003269266643980362,6.610696135189607e-05,0.784037513131896,0.01856278178505283,0.4410398016539749,0.9457363908297283,0.7141573275771678,0.5316095865503976,0.5781145636937273,0.04408261627975357,0.06348321568742213,0.0,0.0,8.445602485608287e-08,0.0,0.0
6.610696135189607e-05,0.01851548285073838,0.007315988068437591,0.0006664707674366354,6.610696135189607e-05,0.07416537821965981,0.06548384080160013,0.008200619911511182,6.610696135189607e-05,0.9999417831448622,0.0,0.1458987472033081,0.00044810624787299484,0.15104461165870048,0.008388476411791714,0.31203001203528474,0.07136945565430443,0.15764355975301161,0.11612560191749036,0.1581227272678463,0.9904169405058307,0.42402773448075953,1.0,0.037569821790535085,0.5404568074253566,0.006365009626098757,0.0026903300019271255,0.018414503614649486,0.9999338930386481,0.16591651507286773,0.2462718716047426,0.32904395376204565,0.4016785977010439,0.7400285143907706,0.3134084042002512,0.05450671030974248,0.08960179796590845,0.4362838813819211,0.1068980953069882,0.7002860444083678,0.48526932600732675,0.018539971766039335,0.07286874231633866,0.0,0.11460163458931055,0.0,0.014645343006520402,0.34198248712421014,0.25656593009348244,0.08344690018086956,0.029751507315882133,0.03382215869304826,6.610696135189607e-05,6.610696135189607e-05,0.07328253670431657,0.3708928990855612,0.24165180031351616,0.09956173429387502,0.0,0.02870367617747277,0.020360946706921085,0.0,0.18101304199641102,0.29590024737840326,0.8653344263164703,0.7690085304158151,0.009583001688592465,0.46137063092992986,0.0,0.06496965912589246,0.0005215526540962333,0.02013789725420535,0.00569544639973759,6.610696135189607e-05,0.21112388699559567,0.1944720093406989,0.0035287981709758534,6.610696135189607e-05,0.8134955733938906,0.018319685295713248,0.44113111430256574,0.9450451834423845,0.7306499141979184,0.5349666954993662,0.5810718926577271,0.047331457940916706,0.06118686686125839,0.0,0.0,5.780557682843306e-08,0.0,0.0
6.610696135189607e-05,0.018401908855663854,0.007429577724417319,0.0006073730157612055,6.610696135189607e-05,0.12752748295260255,0.05717098341801998,0.006513640592227225,6.610696135189607e-05,0.9999422032287044,0.0,0.14091568715033756,0.0005076371831734969,0.15714016176569104,0.008104063881647116,0.32396345699705226,0.0702918787854452,0.15348339280971157,0.12101314761675191,0.15590555751480464,0.9907678396229073,0.4184817500930945,1.0,0.03805262150763087,0.5404759015511735,0.006252173092843293,0.0027137655035551827,0.018730409722051866,0.9999338930386481,0.1652521793952844,0.24314465951439668,0.3297170064420276,0.4031366130997785,0.731083038047774,0.31696014192755634,0.055222619649934634,0.08375558793829804,0.4380513302105886,0.09703820468621914,0.6982443390535473,0.4869302323026009,0.01801725745940327,0.07310071784868159,0.0,0.107717807085684,0.0,0.014405889411822288,0.3445826967643395,0.2567716588465772,0.08376907341972456,0.029294365362659856,0.021906016313356487,6.610696135189607e-05,6.610696135189607e-05,0.07387468846474815,0.36973859843100393,0.25056700811439153,0.09787816052998775,0.0,0.025680663697723354,0.01896456680434248,0.0,0.18140211171108445,0.2995993463269506,0.8609695949238448,0.7709937246365137,0.009232120690993273,0.47380044282122147,0.0,0.06389444189821011,0.0004531038537848225,0.02038501193800559,0.005578962958990396,6.610696135189607e-05,0.2069978582199913,0.2012356465886056,0.0042880574752607765,6.610696135189607e-05,0.824951814757339,0.018349953837834537,0.4442460103921183,0.9442697431668918,0.7334235865982875,0.5348800391034217,0.5789983383167286,0.05006167044992302,0.059987028560736906,0.0,0.0,3.968609949373679e-08,0.0,0.0
6.610696135189607e-05,0.018325681509998592,0.007368527718756687,0.000535862837992335,6.610696135189607e-05,0.20598793617442424,0.05342212829218701,0.006019489096119133,6.610696135189607e-05,0.9999428785764037,0.0,0.1363811834113834,0.0005755523127850212,0.16284769328654913,0.007846500623694684,0.3355961140314014,0.0691402458170071,0.15123674357812328,0.12440499940969865,0.15474634923582736,0.9907147210766575,0.41549907145273945,1.0,0.03830509058233293,0.5403952654853625,0.006137288531313904,0.0027078958212000365,0.018928568595112435,0.9999338930386481,0.16446139778714924,0.2421498128102005,0.3323970523711237,0.4044872536114052,0.7233130762267458,0.31940593682705715,0.05573162920043607,0.08194842810690556,0.44009402637891987,0.08976375356138391,0.6966887520445161,0.4872953612173664,0.01750905492083103,0.07295689496498112,0.0,0.10122528166930889,0.0,0.014294266412838192,0.34671448875461197,0.25714072861729603,0.08374996792098961,0.028987709773346276,0.014610949576117794,6.610696135189607e-05,6.610696135189607e-05,0.07441595124967451,0.36863093315687895,0.2582508263746008,0.09610675539406591,0.0,0.0238454223295816,0.017728254449596616,0.0,0.18172604580265417,0.30210999894303425,0.8580859456694703,0.7722967557991915,0.009285251598934873,0.48327564687795166,0.0,0.063230538523863,0.00041977052045148917,0.02029764094003701,0.005529592885556522,6.610696135189607e-05,0.20398344939892296,0.2023028438519304,0.004973535006530787,6.610696135189607e-05,0.8347518826689556,0.01843609739865349,0.4481061243674936,0.9436928184867789,0.7313584562769637,0.5343312185477889,0.5746401324072147,0.052444956335822746,0.059357896261476084,0.0,0.0,2.7324407694640177e-08,0.0,0.0
6.610696135189607e-05,0.018296455215362432,0.0073491039966416165,0.0005200587130730252,6.610696135189607e-05,0.3297291858727932,0.05137831009147989,0.005780298569820851,6.610696135189607e-05,0.9999428561884875,0.0,0.13211294406943608,0.0006535740058997502,0.16824486409804873,0.007605793700774205,0.3465278311447379,0.06797308749618586,0.14997267087374377,0.12663629294180553,0.15408300160579014,0.9905436410802828,0.4135500784503201,1.0,0.0384384928341905,0.5402976473667951,0.006042784584606926,0.0026839163311749817,0.01910196117789506,0.9999338930386481,0.16362067997870733,0.24225558372797815,0.33530743596756896,0.4057055466436337,0.7164285808322733,0.3212459773318344,0.05600668191802091,0.08145354553171452,0.4417096476259148,0.08413283855645413,0.6953346185389374,0.4868158345660208,0.01700827994644315,0.0725844588070254,0.0,0.09534662342681662,0.0,0.014247420536191073,0.3483331209208548,0.2574334461856199,0.08365310746779395,0.02875588505933868,0.010865822120000763,6.610696135189607e-05,6.610696135189607e-05,0.07479051685589859,0.3675926412525548,0.26505572240379577,0.09456987107924708,0.0,0.02256433864746761,0.016625198049604262,0.0,0.18211642723849303,0.30418651529822155,0.8563554271117513,0.7733325395871845,0.009456340049545616,0.49110329812286324,0.0,0.06277717595366555,0.0004038803006199123,0.020212919731613585,0.005509112192726756,6.610696135189607e-05,0.20198776645341715,0.20120195647215877,0.0054717107814094956,6.610696135189607e-05,0.84304268281789,0.01851569676393096,0.4520712075194824,0.9433397440760793,0.7277372517227692,0.5340593606237067,0.5693393302988079,0.05457586672638365,0.059024979262013846,0.0,0.0,1.88701715864795e-08,0.0,0.0
6.610696135189607e-05,0.018290394774906897,0.007334227255121108,0.0005152303856979214,6.610696135189607e-05,0.5501596375985661,0.05012182982036665,0.0056729835248533,6.610696135189607e-05,0.9999428875010733,0.0,0.12812466096810574,0.0007430990462234173,0.17335546001626853,0.007380822035340921,0.35652333495465194,0.06682034641984658,0.14928042343842532,0.1280766471764583,0.15369645546020286,0.9903785965328037,0.4125145241113953,1.0,0.038505292031060144,0.5401937657013725,0.00596889937227669,0.0026475405655749396,0.019226036233370183,0.9999338930386481,0.16279805384573723,0.24285437827153292,0.3384368798609979,0.4068026722340463,0.7102696809909571,0.3226614104079573,0.05613820407557048,0.08134107627913781,0.44283497648861886,0.07960049439552644,0.6941154775719226,0.4858572876799568,0.01651288734077713,0.07207233266543961,0.0,0.09009007221698383,0.0,0.014237088818256171,0.3497865553808882,0.25762604353342267,0.0834973823049613,0.02857809116639986,0.00875684777083681,6.610696135189607e-05,6.610696135189607e-05,0.07518820094947601,0.3666000446406207,0.2711526782355004,0.09326019997290011,0.0,0.021564899649939965,0.015623753887021006,0.0,0.18255175408391994,0.30599788084096785,0.8554104654827646,0.7742312118743575,0.009621390422263223,0.4973954036716209,0.0,0.062455646631863024,0.0003920283225373647,0.020147917060519476,0.00549887611821746,6.610696135189607e-05,0.20069424526676874,0.1995522142134278,0.005810361757374414,6.610696135189607e-05,0.8500017628755959,0.018577640773542563,0.45595372865103684,0.9431186968782062,0.7237385640546536,0.5341604475890193,0.5638761706498217,0.056512421924310885,0.058864408040650074,0.0,0.0,1.3044933154809794e-08,0.0,0.0
6.610696135189607e-05,0.018298016517402642,0.007321207598664067,0.000510475481920094,6.610696135189607e-05,0.9813282291780112,0.04929045358996834,0.0056339328615184784,6.610696135189607e-05,0.9999429359677809,0.0,0.12439722707306608,0.0008459586038519271,0.1781958720385585,0.007168013901119157,0.3655287367679278,0.06569881326682088,0.14891383277151796,0.12898218925354737,0.1534636481037891,0.990246148913608,0.4120199237554073,1.0,0.03853497534119997,0.5400882279583702,0.005916061773332575,0.0025731146493530605,0.019290935336901547,0.9999338930386481,0.16201560532385223,0.24380584779390296,0.3417884344203321,0.4078333765439892,0.7047052939176571,0.3237642036830838,0.05620367775914068,0.08130965715469061,0.4435930687289647,0.07584539836147143,0.6929676385330954,0.4846066697706763,0.016017700199703288,0.07144923239035426,0.0,0.08540452887762444,0.0,0.014245949618335339,0.3511166273083427,0.25774949407133363,0.08334152663499843,0.02843937252775409,0.00764198967911176,6.610696135189607e-05,6.610696135189607e-05,0.07555763939359554,0.3656724792090882,0.27667299736303497,0.09216276565477628,0.0,0.020746634444452305,0.014703014581139196,0.0,0.18304462357577478,0.30767675798913735,0.8550001105467494,0.7750871195058566,0.009753851086392061,0.5025755473669683,0.0,0.062221368747433295,0.00037676306846875146,0.020102517309534752,0.005497758422917122,6.610696135189607e-05,0.19988368563371492,0.19790661662343495,0.006042840419576653,6.610696135189607e-05,0.8558165109663333,0.018621708719307864,0.4596758035890739,0.9429503636370075,0.7197478363622986,0.5345359027887769,0.5586258648706008,0.058288924624308944,0.05880273946866837,0.0,0.0,0.0,0.0,0.0
6.610696135189607e-05,0.018313445296061635,0.007310222545374654,0.0005063196184087875,6.610696135189607e-05,0.9999341994502504,0.048674357044070776,0.005623663320050553,6.610696135189607e-05,0.9999429896795803,0.0,0.12090756534379472,0.0009642624148694404,0.1827793544449406,0.006964241339804152,0.37356029547084757,0.06461718539673654,0.14873364783254026,0.1295353637376964,0.15332377226073832,0.9901464765950426,0.411817868565993,1.0,0.03854270007574189,0.5399566517605119,0.005878854996917697,0.0024987089224225737,0.01936273704601334,0.9999338930386481,0.16128764522971242,0.24480933316809259,0.3451435853668516,0.4087615173470595,0.6996167970306958,0.32462495655723955,0.056251342772125706,0.08127527501873952,0.4440704429603256,0.07267331704711308,0.6918364547712974,0.4831913901221203,0.015522510372356082,0.07073557908195666,0.0,0.08122711934269186,0.0,0.014265613935635224,0.3523368955000077,0.2577981447660816,0.08321193459773057,0.02833598133228906,0.007187834847622094,6.610696135189607e-05,6.610696135189607e-05,0.07587441811200493,0.3648151167560707,0.2817326315247673,0.09126735045681714,0.0,0.020064746100633,0.013851269073975684,0.0,0.18361855813688324,0.3092811190308242,0.8549421258899476,0.775940648657305,0.009853523404957423,0.5069550120913152,0.0,0.06204935983847579,0.0003546428074901523,0.020070629042906227,0.005507018682670168,6.610696135189607e-05,0.19942664752231176,0.19643567903065337,0.00618764987777438,6.610696135189607e-05,0.8606333362448035,0.018650571444536926,0.4632001276421486,0.9427843948130049,0.7158806244356869,0.5351140466258946,0.5537663874820394,0.05992780169508288,0.05879384301451524,0.0,0.0,0.0,0.0,0.0
6.610696135189607e-05,0.018333552793232562,0.007301974209831175,0.0005034204352309799,6.610696135189607e-05,0.9999352396081324,0.04822434464996845,0.005623902060378023,6.610696135189607e-05,0.9999430153520842,0.0,0.11763849475054008,0.0011004045160178067,0.1871248908459603,0.006767338965589211,0.3806752324585742,0.0635793374859584,0.1486579830013098,0.1298581403635449,0.15324329775582354,0.9900731106962798,0.41176995771420133,1.0,0.038539501996706194,0.539829039711019,0.005852103453766423,0.0024174600478851665,0.019426552415947693,0.9999338930386481,0.16060804777255439,0.24580656295762487,0.3484068791052291,0.40960837250930116,0.6949534900575906,0.3253115513105854,0.05630434988741869,0.08122045048258418,0.44438181941991595,0.06994587470112715,0.6907332949295126,0.48172191181395985,0.015027866920085666,0.0699514769521204,0.0,0.07749559986417702,0.0,0.014292972116449726,0.35346336666429784,0.25781070604658035,0.08309544820224195,0.028214780027456386,0.007263198206149825,6.610696135189607e-05,6.610696135189607e-05,0.07624632035564785,0.3640392692406618,0.2863800665226261,0.09053881931270825,0.0,0.019491290749996445,0.013059531388361282,0.0,0.18424402988336372,0.310810459765362,0.8551139927163695,0.7768052252920561,0.00992688930372025,0.5107344424216216,0.0,0.06192474914484427,0.00031837961756073414,0.020048542882386132,0.00552196190821973,6.610696135189607e-05,0.19927271628042212,0.19521318495598566,0.006282141015984236,6.610696135189607e-05,0.8646357344853346,0.018666443419783414,0.4665111346261662,0.9425952455965635,0.7121633679214591,0.5357913102261335,0.5493788928402986,0.06144333770116534,0.058809645419368346,0.0,0.0,0.0,0.0,0.0
6.610696135189607e-05,0.018355194554190442,0.007295355002042615,0.000501258618068597,6.610696135189607e-05,0.9999355643462331,0.04787182667647478,0.005629658518739704,6.610696135189607e-05,0.9999430385590138,0.0,0.11457387504713754,0.0012570695250280833,0.19124169177599254,0.006576080041123392,0.38694121000033677,0.06258755768874467,0.14864057301573547,0.1300348630899577,0.15319929684531838,0.9900198014752866,0.41180840781764216,1.0,0.03852686458073877,0.5396950653154017,0.005831816082561614,0.0023399188930476413,0.01948749086081654,0.9999338930386481,0.1599712120868034,0.24674112397957532,0.35153526997537066,0.4103825160830091,0.6906476749761251,0.3258680542261121,0.05638771336089829,0.08115699465206884,0.4445902567315456,0.06757821136582783,0.6896593865749917,0.4802535806398643,0.014534003530472218,0.0691123138117927,0.0,0.07414599428915196,0.0,0.014324267582712566,0.35449369593611524,0.2577850239831137,0.08298870769001408,0.02812844148484062,0.007643965961253959,6.610696135189607e-05,6.610696135189607e-05,0.0765431006484615,0.36332758185916686,0.29068097474106785,0.08995794810464994,0.0,0.01900999965607358,0.012322633710368123,0.0,0.18490454361755151,0.3122698682447154,0.8554311333795701,0.7776883893428889,0.009980198524713471,0.5140455978932059,0.0,0.06183671628636753,0.00031336691597468,0.02003114708708954,0.005540986296624004,6.610696135189607e-05,0.1992149728997479,0.1941991009381404,0.006346225003724407,6.610696135189607e-05,0.8677796108233808,0.018671350282807024,0.46960012262210044,0.9423552171140737,0.708591313915865,0.5365110295169628,0.5454805786338354,0.06284851211871217,0.05883597809968483,0.0,0.0,0.0,0.0,0.0
6.610696135189607e-05,0.01837639759166905,0.0072903620912820235,0.0004995397809135325,6.610696135189607e-05,0.9999358528037094,0.04758063030006935,0.0056383080452496875,6.610696135189607e-05,0.9999430606545585,0.0,0.11170641674356062,0.0014373202199344343,0.1951311057774019,0.006390213505127913,0.3924270406438169,0.061643238068634365,0.1486569054518522,0.13012121988524275,0.1531797079650351,0.9899812706085698,0.4118962821482348,1.0,0.03851146881819465,0.5395516916921194,0.00581662754841755,0.0022640584780494097,0.019539490785934373,0.9999338930386481,0.15937495190090603,0.24762473249034345,0.3544891206302092,0.41109637401796045,0.686675506808624,0.3262871047619965,0.05640245663416843,0.08103254870031644,0.4446966794299732,0.06548646530224671,0.6886156584751695,0.478817525116775,0.014042524756762454,0.0682317842261137,0.0,0.07112770637977123,0.0,0.01435788342057333,0.3554401028540301,0.25774073317891805,0.08289019911652332,0.028057885160995413,0.008199536062914686,6.610696135189607e-05,6.610696135189607e-05,0.07680843871023237,0.36267362973407213,0.2946580093666079,0.08949442170839535,0.0,0.01859475725553161,0.011634697135815622,0.0,0.18558707257541635,0.31365768738552324,0.8558362553579948,0.7785885078088512,0.010018729391430187,0.516976011471994,0.0,0.061774257689618056,0.0002800335820725831,0.02001960696702745,0.005561850171783746,6.610696135189607e-05,0.1993812125032875,0.1933702604535533,0.006395634169557611,6.610696135189607e-05,0.8704512595124271,0.01866648382476811,0.47251205678604763,0.9421602231458971,0.7052415882667501,0.5372784099290833,0.5420864940539365,0.06415403088077981,0.058867882045849605,0.0,0.0,0.0,0.0,0.0
6.610696135189607e-05,0.01839774627036712,0.007286649742082398,0.0004981196524256455,6.610696135189607e-05,0.9999361061142863,0.04733498285061192,0.005648467225457774,6.610696135189607e-05,0.9999430796714798,0.0,0.10901436858276357,0.0016447032911646783,0.1988021829476208,0.006208782725191576,0.397224423232881,0.06074370973117261,0.14868702005045928,0.1301519092489525,0.15317574766423966,0.9899530367059272,0.4120078247116519,1.0,0.03849058694333926,0.5394160663577389,0.005803756069595989,0.0021855852664742987,0.01958374623861994,0.9999338930386481,0.15881357132044432,0.248467059341896,0.35729548039306086,0.41176128862056904,0.6830084481960154,0.3266353327049703,0.056464102122616606,0.08091349668466746,0.44478162087593787,0.06364083119423676,0.6876064119874404,0.4774349632926634,0.013555145253004542,0.06732115147438732,0.0,0.06839768468869636,0.0,0.014392116106082445,0.3563186539817244,0.25768413345434577,0.0827987784939166,0.02799789327350136,0.008821644327002325,6.610696135189607e-05,6.610696135189607e-05,0.07705680482967044,0.3620732942276824,0.29833842472134353,0.08913703400813522,0.0,0.018249102781372047,0.01099129780809702,0.0,0.18628260448335,0.3149788390419978,0.8562929454980429,0.7795031008613731,0.010046963294072819,0.5195944905996517,0.0,0.06173348896141015,0.0002800335820725831,0.020009584420192857,0.005583349962749253,6.610696135189607e-05,0.19954748357275762,0.19270539369997666,0.006435040999479476,6.610696135189607e-05,0.8724924044574955,0.018653127082641132,0.475213264704131,0.9418911945862187,0.7020352175863397,0.5380182985907735,0.5391347455728822,0.06536727379803695,0.058899177614879464,0.0,0.0,0.0,0.0,0.0
6.610696135189607e-05,0.01841722679699323,0.00728401812237714,0.0004969246883692453,6.610696135189607e-05,0.9999363333638331,0.047124616320160295,0.005659454701273573,6.610696135189607e-05,0.999943096440684,0.0,0.10649241209850555,0.0018832081372518858,0.2022549331703494,0.006031998452156292,0.40140191343920256,0.05988977664926536,0.1487256112806353,0.1301502673498493,0.15318346500194488,0.9899321668001275,0.41213132907704014,1.0,0.03846970150393276,0.539262828328278,0.005792924957692807,0.0021080712812949097,0.01962239214855423,0.9999338930386481,0.15828733127716152,0.24925190994645052,0.35999328079831827,0.41238598555569467,0.6796115242789287,0.32687902647517875,0.05645692856957728,0.08074390341963925,0.44479628812104505,0.06198910001635113,0.6866249854889439,0.4761088874027141,0.013073393762352786,0.06638939072996836,0.0,0.06591863030997593,0.0,0.014426880991072337,0.3571306447824444,0.2576154583107015,0.08271607711141574,0.027945891610653365,0.009509891728135472,6.610696135189607e-05,6.610696135189607e-05,0.07729303064990406,0.36152293624670057,0.30175586723461506,0.08886726278431278,0.0,0.01795090972591047,0.0103889317937695,0.0,0.18698744986617524,0.31623484236124144,0.8567763388877979,0.7804271442680868,0.010067833199872431,0.521950040612984,0.0,0.061706345157504915,0.0002800335820725831,0.020002493408993387,0.0056051650768982695,6.610696135189607e-05,0.1998039788407906,0.192127998473937,0.0064696628620810005,6.610696135189607e-05,0.8741513199221019,0.018632608486456297,0.477761298642003,0.9416598632931709,0.6990502536841009,0.5387827816330292,0.5366089865444463,0.06649778799561538,0.05893065895540917,0.0,0.0,0.0,0.0,0.0
6.610696135189607e-05,0.018435474994767755,0.007282221674378106,0.000495892765609771,6.610696135189607e-05,0.9999365346895717,0.046941723791850916,0.0056707026281679895,6.610696135189607e-05,0.9999431112014815,0.0,0.10412451729187895,0.0021574792214196846,0.20549463887424915,0.005859385369587433,0.4050378635871688,0.05907828586808581,0.14876490253778765,0.13012969693456283,0.15319825435552525,0.9899164267889305,0.4122564891362005,1.0,0.038447068143473845,0.5391014307858587,0.005782619864241084,0.0020346617584925475,0.01965602087019462,0.9999338930386481,0.15779268622501585,0.24998721950305372,0.3625526751567162,0.41297029766850546,0.6764594848506645,0.3270498709500974,0.056430610473147784,0.0805529985255871,0.4447762466635852,0.06050780525425174,0.6856748865744688,0.47484732681159686,0.01259873267403325,0.06544437997220924,0.0,0.06365953981289667,0.0,0.014461306026719405,0.3578869331248681,0.2575381097213579,0.08263966852845891,0.02789973505913269,0.010213544020364443,6.610696135189607e-05,6.610696135189607e-05,0.07751812132066535,0.36101830561603543,0.30493511171254856,0.08867585286922662,0.0,0.01769761877863781,0.009824668570455011,0.0,0.1876957736260473,0.31742704161301954,0.8572715703914039,0.7813573656722655,0.010083573211069466,0.5240839710509029,0.0,0.06169013993167157,0.0002800335820725831,0.0199970318732944,0.005628037909152923,6.610696135189607e-05,0.20011622817022112,0.19164254742542167,0.006497353755266581,6.610696135189607e-05,0.8754849369641334,0.018605403436786957,0.480149758888797,0.9414119103054326,0.696254743821526,0.5395396993963725,0.5344543311585794,0.06755105393139801,0.058960729037595964,0.0,0.0,0.0,0.0,0.0
6.610696135189607e-05,0.018452441061810966,0.007281081226529942,0.000494987278365492,6.610696135189607e-05,0.9999367152139533,0.046780935478174766,0.00568192347423571,6.610696135189607e-05,0.9999431243194594,0.0,0.10189846310380886,0.002472802843803951,0.20852802381456242,0.0056907076604688755,0.40820396480161675,0.05830704004300718,0.14880154797261144,0.13009917358033996,0.15321799566430186,0.9899043748252314,0.4123793159619135,1.0,0.03842365435805084,0.5389335946230982,0.005771820588344773,0.0019685278827639274,0.019685402148794773,0.9999338930386481,0.15732761000554485,0.25066109997933944,0.36492038767935964,0.41351622566458823,0.6735322272670284,0.327164964636291,0.056397200052025497,0.08035234691690003,0.44474008950062754,0.05917664138502793,0.6847593264339062,0.4736512885511845,0.01213232465730616,0.06449280295115728,0.0,0.061593646015805206,0.0,0.014495204272315583,0.3585913463502206,0.2574562363869708,0.08256698672164021,0.027858378217036624,0.01092318617285028,6.610696135189607e-05,6.610696135189607e-05,0.07773305264178283,0.3605555681987414,0.30789540854559416,0.08855073694753307,0.0,0.01748489016831374,0.009295222268416602,0.0,0.18840058433613793,0.31855803815933803,0.8577685017623539,0.7822892013845408,0.010095625174768585,0.5260270380222812,0.0,0.061682812652055115,0.0002800335820725831,0.019992658301761602,0.005650033024636081,6.610696135189607e-05,0.20046547397679557,0.1912459407738574,0.006524321536872821,6.610696135189607e-05,0.8765557319803055,0.018572364187377455,0.48238583531236695,0.9411299971041706,0.6936347391002238,0.5402739805704869,0.5326193938133553,0.0685330491869487,0.05898912531686607,0.0,0.0,0.0,0.0,0.0
6.610696135189607e-05,0.018468134368346194,0.007280417702591144,0.0004941890188058835,6.610696135189607e-05,0.9999368781893836,0.04663803913247236,0.005692985646704826,6.610696135189607e-05,0.9999431360752352,0.0,0.0998034714981188,0.0028352029849233284,0.21136227411375139,0.005525839068203876,0.41096391236819474,0.0575739774163258,0.14883376498010734,0.13006411106368979,0.15324117878416277,0.9898949922884477,0.4124974890903599,1.0,0.0384001089929249,0.5387611815706951,0.005759804239088267,0.0018860453914373004,0.019711650727477957,0.9999338930386481,0.1568877782638921,0.25136391022904475,0.3671889178628774,0.4140410288453175,0.6708152747660414,0.3272377931861616,0.05635942342065728,0.08014721656189559,0.44470316209328953,0.05797809201158944,0.6838827770823779,0.47251873235975267,0.011675096884791077,0.06354031791972022,0.0,0.05969828622214028,0.0,0.01452838030218564,0.35924688977170544,0.25737336781313763,0.08249627967992522,0.027824843073429643,0.01163370818339125,6.610696135189607e-05,6.610696135189607e-05,0.07792991949499992,0.3601293719209277,0.3106504168018215,0.08848018696236619,0.0,0.017308400910502814,0.008797764913560064,0.0,0.18909432490087463,0.3196315194753816,0.8582607920515192,0.783218503296117,0.010105007711552262,0.5278042246874998,0.0,0.061681809370583866,0.0002800335820725831,0.01998894739547513,0.0056706059655343265,6.610696135189607e-05,0.20083488862749177,0.19092927152174122,0.00655215661862298,6.610696135189607e-05,0.8774191657605309,0.01853430843213718,0.4844785483533535,0.9408053735944194,0.6911821084138502,0.5409732339249466,0.5310579956202158,0.0694489206004217,0.05901598318475839,0.0,0.0,0.0,0.0,0.0
6.610696135189607e-05,0.018482516292834428,0.007280097098487086,0.0004934978502977951,6.610696135189607e-05,0.9999370254747065,0.04649338584521824,0.005703728029213554,6.610696135189607e-05,0.9999431527799855,0.0,0.09782916174502838,0.0032515287767441747,0.21400412099446145,0.00536466871234661,0.4133716310012598,0.05687677683120481,0.1488599973192037,0.13002786161201574,0.1532666958063315,0.9898875954591234,0.4126095974736422,1.0,0.038375980080184495,0.5385767328254001,0.005747673278808709,0.001817140874434127,0.019734051756041985,0.9999338930386481,0.15647752558574152,0.2519851685709053,0.3694819762061351,0.4145270441087195,0.6682640954468465,0.3272603476973176,0.05631829230815114,0.07994192220885728,0.4446328997971046,0.05690049719065114,0.6830274144950531,0.47144383825354974,0.011228048551410312,0.0625900817639739,0.0,0.05795390892305253,0.0,0.014560623125652126,0.35986239963998384,0.257278073951519,0.0824370427927934,0.027791541983143975,0.012334440521143698,6.610696135189607e-05,6.610696135189607e-05,0.07813395484924845,0.35973938640422626,0.3132437299461837,0.08847135189921211,0.0,0.017163998365795456,0.008331287087228854,0.0,0.18979091306433424,0.32065527717268894,0.8587440898365739,0.7841432224296946,0.010112404540876585,0.5294364936033052,0.0,0.061686477889470154,0.0002800335820725831,0.019985314114862977,0.0056925423702469564,6.610696135189607e-05,0.20122326307946886,0.1906638907419587,0.006570902831780684,6.610696135189607e-05,0.8780966909693235,0.018492174606969808,0.486439138658442,0.9404301789151047,0.6888899584308857,0.54167114440332,0.529727871808089,0.0703048956094078,0.05904088725455769,0.0,0.0,0.0,0.0,0.0
6.610696135189607e-05,0.018495651981007805,0.007280356628453376,0.0004928623597081561,6.610696135189607e-05,0.9999371596799554,0.046370802763063323,0.005714021850865783,6.610696135189607e-05,0.9999431621815782,0.0,0.09596711615291272,0.0037296419048718833,0.21646347770154728,0.0052070881240797885,0.41547996334008874,0.056212939391260146,0.14887966566479366,0.1299922752030628,0.1532941514709656,0.989881291710092,0.41271510141820855,1.0,0.0383525100369383,0.5383881593800232,0.00573348108632924,0.001744154866468857,0.01975385039354773,0.9999338930386481,0.15609141902861629,0.25258874388064095,0.3716298941582498,0.41498942014697765,0.6658820860566215,0.3272510507286229,0.05627296377265491,0.0797378362377007,0.4445671426810022,0.05592643538746833,0.6822068278757688,0.4704309678157965,0.010791767696622616,0.061646606470035,0.0,0.05634344020947682,0.0,0.014592037050191091,0.36043747602302306,0.25718603278106383,0.08237655376561868,0.027759372411130284,0.013025444897134742,6.610696135189607e-05,6.610696135189607e-05,0.07832599143503563,0.3593825297003509,0.31567180039652587,0.08850641184558276,0.0,0.01704787077851822,0.007893048147574121,0.0,0.19047597876228015,0.32162519989409594,0.8592159571003146,0.7850592420589995,0.010118708289907992,0.5309414583723147,0.0,0.06169563840554714,0.0002800335820725831,0.019982182173381005,0.005713025191662386,6.610696135189607e-05,0.20161856765062033,0.19045465582503793,0.006591163554242112,6.610696135189607e-05,0.8786341338291904,0.018446113546852702,0.4882754212728816,0.9399973943224732,0.6867508152822338,0.5423327210473439,0.528593601272443,0.07110425397069094,0.05906416662531391,0.0,0.0,0.0,0.0,0.0
6.610696135189607e-05,0.018507566728153065,0.007280721553151149,0.0004922986040823364,6.610696135189607e-05,0.9999372819705838,0.04626263036333416,0.005723981110334222,6.610696135189607e-05,0.9999431709054157,0.0,0.09420924260737375,0.004278444985774944,0.21874913274610464,0.005053047424863693,0.4173295245443333,0.05558065795879033,0.1488931360087778,0.12995844386482086,0.15332250389205918,0.9898760890495948,0.41281393145186945,1.0,0.03832930268224463,0.5381913684564569,0.0057175898340030154,0.0016891052780888705,0.019771423247376765,0.9999338930386481,0.15573039820837162,0.25310400785738224,0.3736387067406198,0.4154162342650574,0.6636445045692972,0.3272085139523441,0.056223113779915866,0.07953676095632818,0.4444921464577031,0.05504717399508695,0.6814143828805226,0.46947375525751484,0.010366781614849385,0.06071263212044828,0.0,0.05485264474061132,0.0,0.01462240845069898,0.36097584465349203,0.25708765696426367,0.0823210656462113,0.02772977609875304,0.013702268467262784,6.610696135189607e-05,6.610696135189607e-05,0.07851374523540501,0.35905618400821004,0.31795882433772343,0.0885853614205449,0.0,0.016956790288392618,0.007481525470115522,0.0,0.19115339565215475,0.3225474418974879,0.8596747745203297,0.7859648639874925,0.01012391095040526,0.5323334238075192,0.0,0.06170818719687029,0.0002800335820725831,0.01997903440917271,0.005733327853287205,6.610696135189607e-05,0.20201599843675608,0.19028434118145096,0.00660811240512244,6.610696135189607e-05,0.8790554132911508,0.018396671092979284,0.4899968820197372,0.9394984412343091,0.6847573160091747,0.5429732806473178,0.5276233014605798,0.07185156350853236,0.05908566683621952,0.0,0.0,0.0,0.0,0.0
6.610696135189607e-05,0.01851848135679478,0.007281196321575677,0.0004917773849319094,6.610696135189607e-05,0.9999373946875594,0.046165446039650525,0.0057335432199426,6.610696135189607e-05,0.9999431788319162,0.0,0.09254864427811976,0.004908091285320591,0.2208713133259428,0.004902506855903271,0.41895798424098896,0.05497819692736781,0.14890104453760805,0.12992670902540673,0.15335112848354973,0.9898718262282405,0.4129064080568632,1.0,0.03830730848432062,0.5379952830309161,0.0056987973609265875,0.0016402892436013301,0.019786906059199635,0.9999338930386481,0.15538985624938725,0.25357880989984993,0.37533051657054933,0.4158184178728639,0.6615609875537332,0.3271508861518833,0.056167583378395766,0.07933858384328904,0.4444413817777251,0.05425090723157298,0.6806644100467109,0.4685711137909151,0.009953349203808403,0.05979152838686188,0.0,0.053469356826907816,0.0,0.01465180004961741,0.3614769751104223,0.25699598387800365,0.08226161636476331,0.0277017833195212,0.014363949193236213,6.610696135189607e-05,6.610696135189607e-05,0.0786898175937823,0.3587568294356249,0.3200948941777892,0.0886896538339282,0.0,0.016887996130845632,0.007094014727263567,0.0,0.19180800496607972,0.3234219752556723,0.8601199417707849,0.7868573431295883,0.010128173771759414,0.533624235116229,0.0,0.061722753298232326,0.0002800335820725831,0.01997630372875845,0.005750966655261407,6.610696135189607e-05,0.20240309121398212,0.19015814656479768,0.006630139168288558,6.610696135189607e-05,0.8794029479046784,0.018344118268477667,0.49161081573606874,0.9389243253362837,0.6829021066999225,0.543562096639108,0.5267911085274382,0.07254938805984165,0.059105866415804634,0.0,0.0,0.0,0.0,0.0
6.610696135189607e-05,0.01852843585768157,0.007281582691769169,0.00045310385378482263,6.610696135189607e-05,0.9999375003372,0.046075158448746205,0.005835020648011148,6.610696135189607e-05,0.9999433458188601,0.0,0.09097856518136856,0.0056300542950739624,0.2228388824944018,0.004755532472094121,0.42039596065598106,0.05440445681193006,0.14890383196000884,0.12989690438298648,0.15337942103618932,0.9898682176813359,0.4129918103791567,1.0,0.03828633157007468,0.5377986183122606,0.005677785617185927,0.0015769533163151309,0.01980140831442336,0.9999338930386481,0.1550674922517662,0.2541023231989918,0.37686773439404664,0.4162091719240395,0.6596203758089231,0.3270814668883862,0.05610565801248188,0.07914350360304696,0.4444089024745201,0.053529760759177564,0.6799564631419632,0.46771404359642405,0.00955164943131298,0.05888516295028932,0.0,0.052182952327333075,0.0,0.014680016527324485,0.3619432063349792,0.25690719499838455,0.08220233590006853,0.0276761221090734,0.015009330558670892,6.610696135189607e-05,6.610696135189607e-05,0.07886282451441164,0.358482005444948,0.3220904780494981,0.0888140767082668,0.0,0.016839410191044346,0.006728645054316347,0.0,0.19243778623054994,0.3242572692442995,0.8605514461857006,0.7877354160135214,0.010131782318664104,0.5348252372935103,0.0,0.061737974118353155,0.0002800335820725831,0.019973638827335653,0.005766588663211739,6.610696135189607e-05,0.20277261036832195,0.1900634022954113,0.00665387829317676,6.610696135189607e-05,0.8797031645701751,0.018289146141578824,0.4931258912219784,0.9382642876924442,0.6811782037115068,0.5441069199990693,0.5260742785848413,0.0732012938155568,0.059124855199267634,0.0,0.0,0.0,0.0,0.0
6.610696135189607e-05,0.018537479323358533,0.007282658936858142,0.0004531038537848225,6.610696135189607e-05,0.9999375934955412,0.04599930691410689,0.005839725115305928,6.610696135189607e-05,0.9999432800639051,0.0,0.08948180909521586,0.006458963768913707,0.22468898934572998,0.004610681042113665,0.421714169337105,0.053859051891508206,0.14891440663362585,0.1298343695462922,0.1534048968953873,0.9898566881796156,0.4129065822495891,1.0,0.038265941803020405,0.5376012047848108,0.00565645118971604,0.0015209067111066872,0.019814679050562504,0.9999338930386481,0.1547680760997109,0.2545848842074072,0.3784566987789358,0.41657604276946597,0.6577869845794249,0.32698411121442444,0.05603683058966651,0.07894871526310575,0.44435533351175666,0.052869472879823305,0.6792682830862068,0.46688660662121007,0.009161746633554336,0.057992050801878595,0.0,0.05098053151132288,0.0,0.014705642322078258,0.3623224963906001,0.2567633601545876,0.08218595747261172,0.027648590336833638,0.015898462962353692,6.610696135189607e-05,6.610696135189607e-05,0.07898831419420964,0.35823631899995856,0.32398054737928184,0.08897507479798918,0.0,0.016808340815733288,0.006384840432962381,0.0,0.19306219790154966,0.32506093175929995,0.8610038838201535,0.7886030523027341,0.010143311820384426,0.536112886239088,0.0,0.06175655397403159,0.0002800335820725831,0.019971385319719884,0.00578571866124937,6.610696135189607e-05,0.2031315846297221,0.1899735290655033,0.00666027565938144,6.610696135189607e-05,0.8799524812097222,0.018232468041293286,0.4945590048923705,0.9375042056414198,0.679553954575431,0.5446491450131673,0.5254163577830717,0.07381046712073537,0.059138054985864205,0.0,0.0,0.0,0.0,0.0
6.610696135189607e-05,0.01854434202261706,0.007282347196798479,0.0004531038537848225,6.610696135189607e-05,0.9999376741105495,0.045930946844723236,0.005843911686068375,6.610696135189607e-05,0.9999432840454133,0.0,0.08806547963520533,0.007408511417879683,0.22640426356803137,0.004469456646209773,0.4228854087987677,0.053338702368218666,0.1489155774898972,0.12977769495999386,0.15342206409076597,0.989849787484234,0.41289438538234513,1.0,0.03824580220235484,0.537409420170638,0.0056340056144061675,0.001462644906843486,0.01982689468932699,0.9999338930386481,0.15449446629196759,0.25501231913652006,0.38006038253610025,0.4169215933518674,0.6560755312589315,0.32687444943680277,0.055959433436000766,0.07876126222882161,0.44430167301934237,0.05227207186169281,0.678617234062138,0.4661245624888809,0.00878456169220527,0.057118705084269306,0.0,0.04985563558113946,0.0,0.014730424499503403,0.36270221760743043,0.25664621911692315,0.08213354369936632,0.02762549795567316,0.016675071759137038,6.610696135189607e-05,6.610696135189607e-05,0.07914427015484735,0.35800359392354975,0.325750440217407,0.089155873798457,0.0,0.016791445398016417,0.006061694897782557,0.0,0.19366477284358288,0.32581162280646103,0.8614377433478009,0.7894592308249647,0.010150212515766008,0.5372499790365154,0.0,0.06177730758490174,0.0002800335820725831,0.019969279681314657,0.005801791500085609,6.610696135189607e-05,0.20347838731505158,0.18989991329210718,0.006671558174206962,6.610696135189607e-05,0.8801717376820765,0.018174028523661564,0.49590419712953493,0.9366320551461196,0.6780430288051307,0.5451671754366654,0.5248425193395396,0.07437929072606048,0.0591482372147608,0.0,0.0,0.0,0.0,0.0
6.610696135189607e-05,0.01855024746342073,0.007281695593795894,0.0004531038537848225,6.610696135189607e-05,0.9999377516407257,0.04586562434467345,0.005849633132093425,6.610696135189607e-05,0.9999432887366873,0.0,0.08672403431806462,0.008495460738409075,0.22799254101875646,0.0043318113714074895,0.42393055213230485,0.052842831857939684,0.1489084725922704,0.12972525152069725,0.15343230092897114,0.9898447725732306,0.41290788453897714,1.0,0.03822674269846974,0.537213988330982,0.0056104863041789845,0.001411734004299271,0.019837088305934586,0.9999338930386481,0.15424119755138152,0.25542489948617814,0.381586943521636,0.4172428101707552,0.654459039749741,0.3267468998040678,0.05587179640602216,0.07858028210311971,0.44424026377633935,0.05173103564331107,0.6779906320149249,0.4654067973723834,0.008419661781770383,0.05626288939388619,0.0,0.04880157580735082,0.0,0.01475401067439188,0.3630678567020803,0.2565320243188563,0.0820835619321971,0.027602978590519942,0.0173553597171396,6.610696135189607e-05,6.610696135189607e-05,0.07930204822917089,0.3577903108860257,0.3274267414642181,0.08935882146277278,0.0,0.01678848841692292,0.005757638414167682,0.0,0.19425405305854485,0.32652838727364786,0.8618550866975324,0.7903048096771427,0.01015522742676945,0.538290539653672,0.0,0.06179966429912125,0.0002800335820725831,0.019967325690109675,0.005817708254475413,6.610696135189607e-05,0.20381170397281906,0.18982303898030303,0.00668154460472835,6.610696135189607e-05,0.8803719775298484,0.01811421878604101,0.4971702444150948,0.9356327428555687,0.6766386884612009,0.5456702864380855,0.5243384122243842,0.07491248306859054,0.05915634276169843,0.0,0.0,0.0,0.0,0.0
6.610696135189607e-05,0.018555578660151884,0.0072810996619367945,0.0004531038537848225,6.610696135189607e-05,0.9999378253849678,0.04580396688986505,0.005855933982418392,6.610696135189607e-05,0.9999432926743366,0.0,0.08545303690372182,0.009738696306873467,0.22946429112485986,0.004197714078456193,0.42486987936682846,0.052370213378331816,0.14889576201621385,0.1296778097849726,0.15343954858089126,0.9898408138577345,0.412932566221724,1.0,0.038209010663861044,0.5370159010968113,0.005584693517734799,0.0013647467923504264,0.019846145923452477,0.9999338930386481,0.15400499059969444,0.2558241776834144,0.3829639448476272,0.417543939442691,0.6529370880833263,0.3266099888147607,0.055772618399069274,0.07840447272992224,0.4441867228125921,0.05123942138900867,0.6773932132416097,0.4647277602609007,0.008066961876067596,0.05542533196582563,0.0,0.047812620707777316,0.0,0.014776666602744643,0.3634145973314973,0.25642365943680373,0.08203276877706843,0.02758137057168433,0.017970221446940788,6.610696135189607e-05,6.610696135189607e-05,0.07945290650687899,0.3575951157166539,0.3290097003157516,0.08957507292212426,0.0,0.016797954111164876,0.0054709457823469585,0.0,0.19482439268439397,0.3272133375180363,0.8622552283389598,0.7911351194532831,0.010159186142265542,0.5392548130704987,0.0,0.06182355285506307,0.0002800335820725831,0.019966025583485442,0.005832399324952115,6.610696135189607e-05,0.2041278166377627,0.18974939086326267,0.006691964359651078,6.610696135189607e-05,0.8805710216651643,0.01805321160092211,0.4983619013593933,0.9344886852940573,0.6753332820340531,0.5461446173266048,0.5238906992441629,0.07541218069566451,0.05916314020484927,0.0,0.0,0.0,0.0,0.0
6.610696135189607e-05,0.018560371955133194,0.007280494021252518,0.0004531038537848225,6.610696135189607e-05,0.9999378948604578,0.04574592357063148,0.005862461419426256,6.610696135189607e-05,0.999943295814237,0.0,0.08424837854504767,0.01115933152051148,0.23082942974018314,0.004067176002699689,0.42572005210127783,0.051919644967998245,0.14887903925775559,0.12963517269565086,0.1534457810547389,0.989837505056965,0.4129616826676698,1.0,0.03819228034996724,0.536815588527269,0.0055566702002267385,0.0013190444905217561,0.019854500372269254,0.9999338930386481,0.15378464736278433,0.2562202181998301,0.3842087416378016,0.417827390498544,0.6515036844252339,0.3264668877990422,0.05566046345077704,0.0782331166172829,0.4441412790873545,0.050791896983148656,0.6768250254965265,0.4640814648354739,0.007726325829261898,0.054606444090349024,0.0,0.04688339746077325,0.0,0.014798167185081913,0.3637417306022287,0.25631911691324893,0.08198252851311834,0.02756106828473285,0.018566077599190677,6.610696135189607e-05,6.610696135189607e-05,0.0795991504098673,0.3574164548094893,0.3305050824628289,0.08980082584744623,0.0,0.01681855237071541,0.005200299015701164,0.0,0.19537497240168777,0.32787073198010747,0.8626385014750872,0.7919477748549121,0.010162494943035028,0.540154919871557,0.0,0.06184885157509847,0.0002800335820725831,0.019965354192574666,0.005846062854998512,6.610696135189607e-05,0.2044238717822044,0.18967633131945033,0.006734957444446772,6.610696135189607e-05,0.8807684078573113,0.017991233111937257,0.4994839078084639,0.9331802050287115,0.6741189012718186,0.5465912458942447,0.5234880509155736,0.07588035713378756,0.05916876392666308,0.0,0.0,0.0,0.0,0.0
6.610696135189607e-05,0.018564607445084404,0.007279832111241237,0.0004531038537848225,6.610696135189607e-05,0.9999379597737301,0.04569143429192217,0.0058689832403973526,6.610696135189607e-05,0.9999432980907969,0.0,0.08310632570231487,0.012780838826779904,0.2320974948548361,0.003940197028571311,0.426495264336488,0.05148993855467913,0.14885924881088505,0.12959674533525437,0.15345179329543476,0.9898346118736683,0.41299161806211976,1.0,0.03817630363461894,0.53661297942567,0.0055266860796483975,0.0012767378877325919,0.01986218372435155,0.9999338930386481,0.1535873718474817,0.25659838116615513,0.3853807541364722,0.41808703253126334,0.6501509478294474,0.32631774184478435,0.05553357735654583,0.07806609425748506,0.4441004028581445,0.05037852873491233,0.6762834667825525,0.46346370269167003,0.007397604415469703,0.05380638839618407,0.0,0.04600904778389756,0.0,0.014818685275787058,0.3640499347764344,0.25621668412196846,0.08193378972767727,0.0275419225807977,0.01913229740255701,6.610696135189607e-05,6.610696135189607e-05,0.07974282643374656,0.3572528958143652,0.33192052743286427,0.09003542700404064,0.0,0.01684919161524912,0.004944659511068173,0.0,0.19590719118671873,0.32850464413782937,0.8630056502492759,0.7927418183083812,0.010165388126331757,0.5409993341539827,0.0,0.06187662201993909,0.0002800335820725831,0.019965614786577567,0.005858128322028858,6.610696135189607e-05,0.2047120292989323,0.18960037328395418,0.006756076427378988,6.610696135189607e-05,0.8809860898779086,0.017928524737688373,0.5005405054488601,0.9316855838166742,0.6729872192724298,0.547014740602216,0.5231262069285997,0.07631940347604974,0.05917240435961558,0.0,0.0,0.0,0.0,0.0
6.610696135189607e-05,0.018568309940931678,0.00727901810279025,0.0004531038537848225,6.610696135189607e-05,0.9999380201968218,0.045640168504227224,0.00587540481009362,6.610696135189607e-05,0.9999432995514477,0.0,0.08202357311547379,0.014629398180517868,0.2332780497665657,0.003816773846080242,0.4272096211652214,0.051079836924500244,0.14883682433477027,0.12956183444537245,0.15345779095322157,0.9898319903484872,0.41302042850198356,1.0,0.03816109825486649,0.5364097762246295,0.00549401512646846,0.0012220840984324955,0.019869567478415284,0.9999338930386481,0.15338187339745635,0.25702715772770846,0.38658596612276275,0.4183507829860525,0.6488770755808139,0.3261651527132155,0.0553896136229013,0.07790295097237783,0.444062864664071,0.049998928071106806,0.6757697592085662,0.4628739875451253,0.007080641867943134,0.053025499954615765,0.0,0.04518522118540307,0.0,0.014838257893490652,0.36433985182322176,0.2561160147019424,0.0818860330829225,0.02752358254182591,0.019680845763351978,6.610696135189607e-05,6.610696135189607e-05,0.07988121992846667,0.3571034008608207,0.33325767296852704,0.09027514373155186,0.0,0.016888460180848542,0.004703047305245061,0.0,0.19641955643986003,0.32911430664694524,0.8633575236866845,0.7935167090921627,0.010168009651512757,0.5417943503126134,0.0,0.0619068249686977,0.0002800335820725831,0.019966761042051855,0.0058699980001266465,6.610696135189607e-05,0.20497252352821196,0.18951442662524096,0.006767423016256664,6.610696135189607e-05,0.8812422381320287,0.017865251450659102,0.5015361304397589,0.9299809881965808,0.671930539080208,0.5474173141846037,0.5227914507636718,0.07673084742707358,0.05917488147315921,0.0,0.0,0.0,0.0,0.0
6.610696135189607e-05,0.01857126956649521,0.0072780031853430325,0.0004531038537848225,6.610696135189607e-05,0.9999380759461179,0.04559295788770524,0.0058816592233133244,6.610696135189607e-05,0.9999433000125969,0.0,0.08099700377504117,0.016734020633190527,0.2343807102089454,0.0036968698552530322,0.42787425056862116,0.05068872356461825,0.1488128078612662,0.12952967520890032,0.15346342906400284,0.9898295213569385,0.41304632608168473,1.0,0.038145390780323876,0.5362000371365767,0.005462408746029493,0.001186241289642228,0.019875599585669312,0.9999338930386481,0.15321513459394312,0.2573735338190282,0.3877794890350714,0.41857263279493107,0.6476502349149853,0.32599428824667925,0.055227025835311666,0.07774418748094093,0.44399994338143256,0.049652959284906796,0.6752637723947743,0.4623037170550985,0.00677524477744057,0.05226307227611943,0.0,0.04440773855365978,0.0,0.014856838236195604,0.36461580374022035,0.25601186856324587,0.08184526208044661,0.027506308060759155,0.02022415495461521,6.610696135189607e-05,6.610696135189607e-05,0.08002085864585522,0.35696602648912384,0.3345476063376668,0.09053343428638737,0.0,0.01693550038441271,0.0044750947293650855,0.0,0.19692994630278565,0.32970799402477574,0.8636950800136591,0.7942734986598777,0.010170478643061495,0.5425459353646555,0.0,0.06194037754645535,0.0002800335820725831,0.01996882304178261,0.005883817106951989,6.610696135189607e-05,0.20521727821968191,0.18941241417219176,0.006766450585063505,6.610696135189607e-05,0.8815216724071439,0.01780215874734797,0.5024752736918922,0.9280389535314978,0.6709396019257009,0.5478280920339493,0.5224727901464721,0.07711755773782175,0.059175481058859634,0.0,0.0,0.0,0.0,0.0
6.610696135189607e-05,0.018573704451342925,0.007276801263455112,0.0004531038537848225,6.610696135189607e-05,0.9999381279563401,0.04554864360540047,0.00588756098993178,6.610696135189607e-05,0.9999432995313225,0.0,0.08002480082269259,0.01912685853181567,0.23541714440361552,0.003580445207115775,0.42850342154400156,0.050315180525513765,0.14878724216544362,0.12950010612012608,0.1534690310262357,0.9898271915609924,0.41306977726938826,1.0,0.0381312467225396,0.5359945410278631,0.005426883792974179,0.0011529079563088948,0.01988118781627222,0.9999338930386481,0.1530703124249064,0.25770936979317327,0.38875410202338445,0.41877208862948806,0.6465020695796402,0.32583029609632785,0.055042421678228606,0.07758900502523014,0.44396033094616383,0.04933298356784318,0.6747902338354863,0.4617643471827729,0.006481211535542307,0.05152040904296474,0.0,0.043673311255485035,0.0,0.014874769617553078,0.36487490205844003,0.25591532419149643,0.08179884627703074,0.027489076558434453,0.020757200839586636,6.610696135189607e-05,6.610696135189607e-05,0.08014567432986204,0.3568400127003154,0.33575928785315134,0.0907864033011684,0.0,0.016988806495854856,0.004259150633675927,0.0,0.19741555943074887,0.3302742062980568,0.8640186823443315,0.7950105599307995,0.010172808439007535,0.5432569114751268,0.0,0.06197784927767495,0.0002800335820725831,0.019972331420895908,0.005895818825217994,6.610696135189607e-05,0.2054388687708783,0.18929744023355766,0.006768382162320908,6.610696135189607e-05,0.8818574012065934,0.017738642567208477,0.5033584997798112,0.9258307197899557,0.6700050440752996,0.5482000732130445,0.5221635948881552,0.07747902620825106,0.059174204353726646,0.0,0.0,0.0,0.0,0.0
6.610696135189607e-05,0.018575489131327106,0.007275232536527925,0.0004531038537848225,6.610696135189607e-05,0.9999381754540605,0.04550634102166198,0.00589339299967079,6.610696135189607e-05,0.9999432981681614,0.0,0.07910496714388908,0.021842868334050504,0.23639676074692242,0.0034675676592696558,0.4291074487268428,0.04995881333443776,0.14876058978106188,0.1294720880607093,0.15347381395940665,0.9898248225496074,0.4130889805752153,1.0,0.038117862677186906,0.5357909503986849,0.005387820421615387,0.0011094569942758097,0.01988722288593098,0.9999338930386481,0.15291025804882516,0.2580985551293141,0.38970086071503146,0.41897979692842446,0.6454263049310013,0.32567158173728217,0.054833226545590266,0.07743678799077021,0.44393089820781884,0.04903564592697589,0.6743466286805078,0.4612499036442102,0.006198239043555707,0.05079712755063645,0.0,0.04297858371889752,0.0,0.014891690992194532,0.36511643297010443,0.25582067646776685,0.08175275734987514,0.027473159224348925,0.021279779638941138,6.610696135189607e-05,6.610696135189607e-05,0.08026763784662558,0.3567253105521128,0.33689882121696907,0.09103390018587046,0.0,0.017047774558468388,0.004054386967368632,0.0,0.19787771339477145,0.330818938847206,0.8643296728957349,0.7957290584899569,0.010175177450392679,0.5439324357058872,0.0,0.06201872799905603,0.0002800335820725831,0.019977340275221276,0.005907037426825952,6.610696135189607e-05,0.20563379473381135,0.18915988122881838,0.006769193636474885,6.610696135189607e-05,0.88226144462668,0.017674873852029684,0.5041895509329583,0.9233239051203592,0.6691186767038391,0.5485471471655429,0.5218569053461813,0.07781684459028305,0.05917056772752191,0.0,0.0,0.0,0.0,0.0
6.610696135189607e-05,0.018576463096256036,0.007273288965462066,0.0004531038537848225,6.610696135189607e-05,0.9999382177742135,0.045467255304936935,0.005899061632385806,6.610696135189607e-05,0.9999432955691361,0.0,0.07823531541765825,0.0249198423902007,0.2373281925039728,0.003358218363146056,0.4296938854097778,0.04961959708018876,0.14873420975325577,0.12944499542795762,0.1534772238604419,0.9898223453950269,0.4131029951790371,1.0,0.03810367132374998,0.5355832170993761,0.00534985364638004,0.0010714088862063412,0.019892406211906754,0.9999338930386481,0.15278180328265573,0.2584609106849259,0.3906626170365362,0.4191583009242028,0.6443920460471094,0.32550242557699754,0.05459697554407016,0.07728751561909646,0.4438816469915372,0.04876053105688662,0.673912226221484,0.4607487417660067,0.005926040421924632,0.05009232513607669,0.0,0.04232055694301181,0.0,0.014907591080042295,0.36534517640261116,0.25572512530128266,0.08171233634907814,0.027458046110842883,0.02180151859860597,6.610696135189607e-05,6.610696135189607e-05,0.08039297420317607,0.3566196264212071,0.33799611792486145,0.09128982045351089,0.0,0.017112014165966045,0.0038604981704333154,0.0,0.1983342919723075,0.331352992725287,0.8646289641501177,0.7964304510034814,0.010177654604973099,0.5445764478779511,0.0,0.062064343888043626,0.0002800335820725831,0.01998407495165466,0.005919653051269117,6.610696135189607e-05,0.20580901943669053,0.18899924250777866,0.00676149406008566,6.610696135189607e-05,0.8827223474286278,0.017611836028029126,0.5049724385518334,0.9204831820657291,0.6682722777109648,0.5488996364748835,0.5215455835333356,0.07813388472601988,0.05916405575545057,0.0,0.0,0.0,0.0,0.0
6.610696135189607e-05,0.018576771983814366,0.0072709639190023465,0.0004531038537848225,6.610696135189607e-05,0.9999382556929833,0.04543049036770372,0.005904403457461382,6.610696135189607e-05,0.9999432918293382,0.0,0.0774146089546373,0.028398675305943644,0.23822193923751864,0.0032523517863942606,0.4302738114917513,0.049296368068294016,0.14870779009852395,0.12941889563012227,0.15347945522632034,0.9898197755999633,0.41311249504182984,1.0,0.03809006835600272,0.5353750306544516,0.0053094790394413085,0.001045034757916028,0.019897175267664602,0.9999338930386481,0.15266646252574823,0.2587778735240597,0.3915311541555179,0.4193143957586526,0.6434128620707991,0.325332750609308,0.054329975567413334,0.07714117247895157,0.44383208560924764,0.048502474174808234,0.6734977056252274,0.4602700259536347,0.005664424129831566,0.04940645006912497,0.0,0.041696915913429965,0.0,0.01492278498109801,0.365561783893956,0.25563043595240276,0.08167144174675746,0.027443098634492437,0.022320644224599125,6.610696135189607e-05,6.610696135189607e-05,0.08051191256043738,0.3565226689523511,0.3390379444563028,0.09154517557280872,0.0,0.01718019922397866,0.0036765633664680385,0.0,0.19877552838345253,0.3318678552989155,0.8649166802400462,0.7971140947045546,0.010180224400036785,0.5451905890447402,0.0,0.06211642897286127,0.0002800335820725831,0.01999276401097693,0.005932259190727846,6.610696135189607e-05,0.20596448295986544,0.18877324293098213,0.006751234581663361,6.610696135189607e-05,0.8832727882541532,0.017549193472898232,0.5057074648632459,0.917271349126643,0.6674566890595511,0.54923899923789,0.5212237143334404,0.07843039792302617,0.05915432864892592,0.0,0.0,0.0,0.0,0.0
6.610696135189607e-05,0.018576344910942212,0.007268205851160112,0.0004531038537848225,6.610696135189607e-05,0.999938288462863,0.04539576966348529,0.0059095260189565004,6.610696135189607e-05,0.9999432867723199,0.0,0.0766422836668553,0.03232312615766664,0.23908911084253587,0.0031499960384279765,0.4308589463728372,0.048988939210362126,0.14868244606226702,0.12939317936374403,0.1534800095302429,0.9898170343146331,0.41311681194182925,1.0,0.03807675647292353,0.5351705507353449,0.005266652803990521,0.0010214370098715231,0.019901895293193483,0.9999338930386481,0.15256290629291863,0.25909014116472956,0.39222821669038893,0.4194548711220181,0.6424963190548119,0.32517408756650784,0.05402823659740638,0.07699642002475664,0.4438002373626799,0.0482566095127696,0.6731107347221343,0.459811424929001,0.005413022649329877,0.04873952374713458,0.0,0.04110509719685092,0.0,0.014937178641876507,0.3657634518285877,0.25554347285067225,0.08162707204773961,0.02742841738897638,0.022842298355122918,6.610696135189607e-05,6.610696135189607e-05,0.08062108229215562,0.35643357882594445,0.3400167692113035,0.09178801928754232,0.0,0.01725186730963306,0.0035016275130970863,0.0,0.19919348861665284,0.3323648571393794,0.8651937979869261,0.7977804667226225,0.01018296568536693,0.5457780908613199,0.0,0.06217415213052979,0.0002800335820725831,0.020004054045092524,0.005943472108815485,6.610696135189607e-05,0.2060902581475617,0.18854068124790346,0.006742951843245596,6.610696135189607e-05,0.8839174330241358,0.017486911733884607,0.5063956094790947,0.913648637244927,0.6666626018230745,0.5495481390857951,0.5208844441143932,0.07870683745085073,0.05914127186935254,0.0,0.0,0.0,0.0,0.0
6.610696135189607e-05,0.018575156163955303,0.007264857653068174,0.0004531038537848225,6.610696135189607e-05,0.9999383161491923,0.045362443614529124,0.005914542651543918,6.610696135189607e-05,0.9999432804365398,0.0,0.07591741387946915,0.036738554697058466,0.2399384307284902,0.0030511863629321626,0.43145732075451354,0.04869723101375106,0.14865860942334974,0.1293673706334746,0.15347849938672448,0.9898140113867402,0.4131150951913744,1.0,0.0380635130746037,0.5349676337866126,0.005221972076313816,0.0010021353351478066,0.019906819480069924,0.9999338930386481,0.15247165240288993,0.2593974956378064,0.3928099701695116,0.41957805533346093,0.6416373304502492,0.32502514810305233,0.05368869583548028,0.07685270406637179,0.44377618016270437,0.0480204955853623,0.6727492577997789,0.4593687617273612,0.005171533410008213,0.04809138228833646,0.0,0.040543078811130125,0.0,0.014950669412277674,0.36595139254082554,0.25546009917842327,0.0815827565173609,0.027414561303850223,0.023368321941852954,6.610696135189607e-05,6.610696135189607e-05,0.08072774181458547,0.3563517450633621,0.3409371517177844,0.09201800730684427,0.0,0.017326626170597405,0.0033350731653774513,0.0,0.19958924502374095,0.33284824982570943,0.8654610959565172,0.7984301183249392,0.01018598861325982,0.5463418259974955,0.0,0.06223834067552963,0.0002800335820725831,0.020017771171648113,0.0059542426721149126,6.610696135189607e-05,0.20618561730166615,0.18828155341094824,0.00673308907016271,6.610696135189607e-05,0.8846703773663225,0.017425517831966424,0.5070394307106343,0.9095727494674613,0.6658822390345406,0.549837560308986,0.5205221836601241,0.0789642661627291,0.05912437902357961,0.0,0.0,0.0,0.0,0.0
6.610696135189607e-05,0.018573197573814444,0.007260902021568386,0.0004531038537848225,6.610696135189607e-05,0.9999383385467071,0.045330507860450286,0.005919386611669154,6.610696135189607e-05,0.9999432726026558,0.0,0.07523945135984075,0.04169184321380509,0.24077938923651798,0.002955938893870796,0.432078065899693,0.04842111246312035,0.14863680613081237,0.12934117197391817,0.15347470675520047,0.9898106558762395,0.4131070651741287,1.0,0.0380502376650464,0.5347662011127956,0.005175625868343168,0.0009779332248521632,0.019911988754515,0.9999338930386481,0.15239221024979285,0.2597324795727131,0.3933377005727062,0.41968881919956896,0.6408345410375524,0.32488770869993977,0.05330762898288819,0.07670944517268996,0.4437589342640076,0.047791231454355806,0.6724135735254345,0.4589402170652223,0.004939658540499737,0.04746189775356455,0.0,0.04000898989785405,0.0,0.01496326242374679,0.3661265012218715,0.25538111019394083,0.08153796613344781,0.027401061865280133,0.02390140956255019,6.610696135189607e-05,6.610696135189607e-05,0.08083115130379945,0.3562763723876438,0.3418000538158221,0.09223251448108943,0.0,0.017404033810513853,0.0031762755317864266,0.0,0.19996187653429012,0.3333197863971422,0.8657191694855821,0.7990633954912351,0.010189344123760498,0.5468839449280173,0.0,0.0623099406190021,0.0002800335820725831,0.020034281196126557,0.005964703746799038,6.610696135189607e-05,0.20624969293381212,0.1879861141669887,0.006721144245274213,6.610696135189607e-05,0.885546084852399,0.01736540514662541,0.5076403254591301,0.9050005278033068,0.6651071317802782,0.5501088513103353,0.5201307026459512,0.07920343747715503,0.05910319040682318,0.0,0.0,0.0,0.0,0.0
6.610696135189607e-05,0.01857038455472422,0.007256288565182335,0.0004531038537848225,6.610696135189607e-05,0.9999383549754137,0.04529995405941205,0.005924045121507625,6.610696135189607e-05,0.9999432631846074,0.0,0.07460800794109426,0.04723034327569362,0.24162148664790833,0.0028642575868858757,0.4327300624179624,0.04816035569842062,0.1486172733485822,0.12931430121034124,0.15346830258336722,0.989806916196551,0.4130922134878234,1.0,0.0380364076228033,0.5345619786850435,0.005128333596948274,0.000941187393869464,0.019917550459549897,0.9999338930386481,0.1523259296119935,0.2601215539154838,0.3939880539056089,0.41978899673980136,0.6400755398493139,0.32475308962318783,0.05288147785159779,0.07656668415260579,0.44372995843694074,0.04756694294112309,0.6720950322093995,0.4585240705816656,0.004717141955592904,0.046850582816705774,0.0,0.03950111873358213,0.0,0.014974901203166755,0.36629128864720006,0.2553009029456583,0.08149646528484177,0.02738815767278733,0.024444233843820506,6.610696135189607e-05,6.610696135189607e-05,0.08093603043929666,0.35620723059451054,0.3426175262134104,0.09243929441179806,0.0,0.017483556612297526,0.0030249074961462706,0.0,0.20031897963291026,0.3337817184775841,0.8659685568340659,0.799681114599927,0.010193083803448992,0.5474066677785946,0.0,0.0623905206494346,0.0002800335820725831,0.020053777367210746,0.0059763192150092395,6.610696135189607e-05,0.206286584056552,0.18763975300720892,0.006702267025979869,6.610696135189607e-05,0.8865474995620477,0.017306933937275695,0.5081996080239198,0.8998881788727086,0.6643282725871884,0.5503808764800272,0.5197029946409145,0.07942563245926966,0.05907693759216795,0.0,0.0,0.0,0.0,0.0
6.610696135189607e-05,0.018566614332077024,0.007251055163934151,0.0004531038537848225,6.610696135189607e-05,0.9999383645113962,0.045271277171765274,0.005928398350781316,6.610696135189607e-05,0.9999432519888456,0.0,0.07402305240306369,0.053400877793059146,0.2424750612312449,0.0027761028711171497,0.4334228161372783,0.047914340435580516,0.14860002460227595,0.1292866346964784,0.15345896661748978,0.9898027936867273,0.4130703076523784,1.0,0.03802148963166509,0.5343499457134027,0.005093975917393429,0.0009170241756535708,0.019922841459927846,0.9999338930386481,0.15225539367537144,0.2604445125978439,0.3947111829447703,0.41986142864497217,0.6393426492201617,0.3246068975658049,0.052406766161283765,0.07642501008986269,0.44366710563974093,0.04734585806834275,0.6717801761153627,0.4581218891290672,0.004503767888275842,0.04625671692759482,0.0,0.03901782937044492,0.0,0.01498561746453276,0.366449168406242,0.2552135615493851,0.08146147829513074,0.027373855257860243,0.02499882668319969,6.610696135189607e-05,6.610696135189607e-05,0.08104895158967533,0.3561452747007583,0.3434071056832234,0.09265255755684047,0.0,0.017564329216134537,0.0028808486433462115,0.0,0.20067326553623124,0.3342334609118766,0.8662095974152458,0.8002843164549154,0.010197206313272698,0.5479118629771768,0.0,0.062482586282215966,0.0002800335820725831,0.02007659131688076,0.005990777228765763,6.610696135189607e-05,0.20630500694321138,0.18725056424702075,0.00667149508684366,6.610696135189607e-05,0.8876521984586498,0.01725024509661486,0.5087174924742909,0.894192356045657,0.6635355994627579,0.5506759428457957,0.5192313257943789,0.07963221791282563,0.05904462535678021,0.0,0.0,0.0,0.0,0.0
6.610696135189607e-05,0.018561892495405928,0.0072452352924732046,0.0004531038537848225,6.610696135189607e-05,0.9999383667804893,0.045244524843895934,0.005932319638864754,6.610696135189607e-05,0.9999432388790729,0.0,0.07348573926445581,0.06024834818067617,0.2433524060825865,0.0026914320394154337,0.4341682101855091,0.04768290910225685,0.1485863709763723,0.12925812021335178,0.15344659046953527,0.9897983061026249,0.4130416816349254,1.0,0.03800626153480745,0.5341360681753676,0.0050592604490794345,0.0009106875262933387,0.019928016746024346,0.9999338930386481,0.15219558461638122,0.26069767828166096,0.3952165277452161,0.4199080491870756,0.6386533194804445,0.32446877069679786,0.05187907650116296,0.07628360580247824,0.4436128608293503,0.04712248541201433,0.6714855120239778,0.4577400910424643,0.004299202821797751,0.04568061694152341,0.0,0.038557469377237044,0.0,0.014995708698451625,0.3665977724430367,0.25513149562742016,0.0814223647871879,0.02736011772043843,0.02557328269458752,6.610696135189607e-05,6.610696135189607e-05,0.08114586002552418,0.3560887136256867,0.34415142921766506,0.09285403692800365,0.0,0.017645474762878532,0.002743321332473053,0.0,0.2010092483075601,0.3346676463129408,0.8664426769648504,0.8008727925889413,0.01020169389737518,0.5484008489878376,0.0,0.06258710055990148,0.0002800335820725831,0.020103141410178927,0.0060050726741517286,6.610696135189607e-05,0.20629842005157265,0.1868037758703809,0.006640842303851624,6.610696135189607e-05,0.8889095359679515,0.01719525130189052,0.5091914531107428,0.8878725753181609,0.6627185133520568,0.5509523857987613,0.5187093044024766,0.07982233056620534,0.05900589166822265,0.0,0.0,0.0,0.0,0.0
6.610696135189607e-05,0.01855624076095104,0.007238660648124955,0.0004531038537848225,6.610696135189607e-05,0.9999383615661862,0.04521850598036626,0.005936035864430552,6.610696135189607e-05,0.9999432239044795,0.0,0.07299751298012731,0.06781366168510763,0.2442654572237557,0.002610308571243014,0.43497828028203567,0.047466454849104625,0.14857770848626858,0.12922851497987806,0.15343100352356615,0.9897933563011204,0.41300584129428913,1.0,0.03799070743759217,0.5339255193482131,0.005024998740641494,0.0009030838099414092,0.019933835359418662,0.9999338930386481,0.152144897984978,0.26096804945880675,0.3954808388576065,0.41993908488474774,0.6380239896329621,0.32435675875980535,0.05129449072212081,0.07614042948222631,0.44359073370777446,0.04689191763108918,0.6712252670346894,0.4573753961900628,0.004103067633332012,0.045122487151041335,0.0,0.038118665017198856,0.0,0.015005060776970417,0.36673301359413346,0.25506102823712773,0.08137666506009028,0.027346830501398717,0.026169022593777864,6.610696135189607e-05,6.610696135189607e-05,0.08122963540770796,0.3560366775130649,0.3448339068626195,0.09302488855938416,0.0,0.01772699560465235,0.002611508495835884,0.0,0.20131299506215802,0.3350864285978157,0.86666841738679,0.8014465093253925,0.010206643698879572,0.548875493688512,0.0,0.06270263585774899,0.0002800335820725831,0.02013389010089514,0.006017378812104606,6.610696135189607e-05,0.20625075663104037,0.1863083399162839,0.006615428306338436,6.610696135189607e-05,0.8903553842581686,0.017142103504418343,0.5096208397006833,0.8808918475927716,0.6618671176893656,0.5511874492251467,0.5181298020868751,0.07999528305404802,0.05896046672585296,0.0,0.0,0.0,0.0,0.0
6.610696135189607e-05,0.018549638649233768,0.007245372038712563,0.0004531038537848225,6.610696135189607e-05,0.9999383461176685,0.0451603149204492,0.0059389628631376186,6.610696135189607e-05,0.9999431547137972,0.0,0.07255918404859561,0.07613040034733269,0.24522354983717726,0.002532802152516148,0.4358615329245929,0.04726540216712205,0.14857430744719158,0.1291973567456974,0.1534118018278029,0.9897878016961063,0.41296157322521204,1.0,0.037974246267533755,0.5337122019729034,0.004990204367024885,0.0008948856571656838,0.019940564716375085,0.9999338930386481,0.15210304165460076,0.2612610167635665,0.3956877330800774,0.41995458307655337,0.6374450150473165,0.3242619700162139,0.05065059777885521,0.07599489932050281,0.4435720698365612,0.04665262012256136,0.6709924126716574,0.45702207643033294,0.00391508350557515,0.044581986586722015,0.0,0.03770039785192502,0.0,0.015013417969058992,0.36685740261234806,0.254992076467166,0.0813322559742252,0.027334598188126325,0.026786597710910284,6.610696135189607e-05,6.610696135189607e-05,0.08131543221250254,0.3559892014010346,0.34546362342311066,0.09317189551557473,0.0,0.01780885273021804,0.0024851173311802293,0.0,0.20159001717457997,0.3354960123604314,0.8668875597487274,0.8020062115854751,0.01021219830389377,0.549338028922863,0.0,0.06282982876909102,0.0002800335820725831,0.0201685917145411,0.006029949330678819,6.610696135189607e-05,0.20616195849821714,0.18571207331708214,0.006586229979866238,6.610696135189607e-05,0.8920151808428527,0.017091361529572798,0.5100069504196159,0.8732190018738122,0.6609726981121019,0.5514100106797424,0.5174858469528458,0.08015216798664056,0.05890760376204413,0.0,0.0,0.0,0.0,0.0
6.610696135189607e-05,0.018541655344551156,0.007242575950195266,0.0004531038537848225,6.610696135189607e-05,0.9999383208878341,0.04512250286577694,0.005942853758806261,6.610696135189607e-05,0.9999431310395986,0.0,0.07217324379905733,0.08521699339673731,0.24624405671019542,0.002458984924048892,0.436824288201893,0.04707900049801949,0.1485846368624145,0.12916820465517823,0.15339474894552393,0.9897830629029001,0.4129337731847512,1.0,0.037956455635030376,0.5334916598101664,0.004957215550702177,0.0008863688638779773,0.019947699830710045,0.9999338930386481,0.15207068501140242,0.26156290394821213,0.39587757606668905,0.4199506206738024,0.6369098921432563,0.3241803091363525,0.04994518091123662,0.07584655937806169,0.4435475629854568,0.046402524475795785,0.6707830325862938,0.4566802721647737,0.0037349983181421587,0.04405897125487398,0.0,0.03730183550597753,0.0,0.015021069584984439,0.3669888904816214,0.25491805705503967,0.08129077583201445,0.027323100146113513,0.027362903408612298,6.610696135189607e-05,6.610696135189607e-05,0.08140087636838415,0.3559450817900426,0.3460467628309196,0.09329794321200793,0.0,0.017889924414138968,0.002363862456869143,0.0,0.2018437226317647,0.33588869546304234,0.8670967970266796,0.802546279799602,0.010216937097099891,0.5497643913092712,0.0,0.06296953734473931,0.0002800335820725831,0.020205163077092466,0.006043392994501131,6.610696135189607e-05,0.20603297525122471,0.18506947684303998,0.006552343241941542,6.610696135189607e-05,0.8938767528590058,0.01704334502582401,0.5103485038525822,0.864837825692026,0.6600194594976039,0.5516295896336252,0.5167731873223113,0.08029424428392204,0.05884639550976948,0.0,0.0,0.0,0.0,0.0
6.610696135189607e-05,0.01853293554103409,0.007236286979688849,0.0004531038537848225,6.610696135189607e-05,0.9999382895582627,0.04509265986618263,0.005946503663428476,6.610696135189607e-05,0.999943106731807,0.0,0.07183999229015954,0.09508851765151989,0.24733240140516138,0.002388796545679679,0.4378775458628441,0.046907606784904216,0.1486017878187373,0.1291387581523986,0.15337485086496144,0.9897776498166089,0.4128953695169493,1.0,0.037937479912486784,0.5332653600367439,0.004925147101326871,0.0008443821350275076,0.019955855634662432,0.9999338930386481,0.15204836398690946,0.2619964421510698,0.3963047496595447,0.4199458230420027,0.6364127947444996,0.32410883614267766,0.049177489522120796,0.07569518371084955,0.4435155066334966,0.04613952110712317,0.6705924476255971,0.45634946975712704,0.0035624692029355793,0.04355220237933902,0.0,0.03692180390216092,0.0,0.015027877941753625,0.36710869690035935,0.2548500636476659,0.08125038298308597,0.027311604772468325,0.027981746926527908,6.610696135189607e-05,6.610696135189607e-05,0.08148555842900841,0.35590564604371017,0.3465887842536485,0.09340669525543197,0.0,0.01797054553314821,0.002247524699137242,0.0,0.20207845456780946,0.3362730302777975,0.8672987726446659,0.8030729467556995,0.010222350183391168,0.5501828265808899,0.0,0.06312339994466631,0.0002800335820725831,0.02024770605971616,0.006058012953862322,6.610696135189607e-05,0.20586537583442047,0.18434986099315678,0.006511805781565465,6.610696135189607e-05,0.8959476229888624,0.016998421001851984,0.5106444763117309,0.8557339928263593,0.6590018693508409,0.5518481721216865,0.5159829330300327,0.08042149102168923,0.058775712146338234,0.0,0.0,0.0,0.0,0.0
6.610696135189607e-05,0.018523274608380297,0.007228173600416896,0.0004531038537848225,6.610696135189607e-05,0.9999382481634853,0.04506619652854515,0.005949678320161813,6.610696135189607e-05,0.9999430807307975,0.0,0.07156057220560205,0.10574489571743732,0.24849755082662398,0.0023221912846963597,0.4390305366243416,0.04675081533937359,0.14862353136672002,0.1291081691580203,0.15335078804692406,0.989771373145057,0.41284312580527915,1.0,0.03791584027444005,0.5330186331926265,0.004897182791041453,0.0008119991025353102,0.01996399187351419,0.9999338930386481,0.15204250881451917,0.2623872284684649,0.39710928508473803,0.41990700676875053,0.6359132771700567,0.3240069584616765,0.04834829096388802,0.0755423747502072,0.44341025342367585,0.04586444261712781,0.6703872029962864,0.4560307198915741,0.003397385934581842,0.0430608127166764,0.0,0.0365595401871845,0.0,0.015033582852115724,0.36722445364518064,0.2547644125165906,0.08122464479903883,0.027301024183180648,0.02864646470158129,6.610696135189607e-05,6.610696135189607e-05,0.08158719334681866,0.35587176045002233,0.3471298852058252,0.09353813491464132,0.0,0.018049780082833568,0.0021364618767826683,0.0,0.20232609003388421,0.3366518947307217,0.8674944449073979,0.8035883992363995,0.010228626854942989,0.5505973340075363,0.0,0.06329503479987737,0.0002800335820725831,0.020296971681832268,0.006078907408583554,6.610696135189607e-05,0.20567978254773042,0.18351566414959683,0.0064483939368662644,6.610696135189607e-05,0.8981843110397454,0.016956837624118138,0.5108943344180802,0.8459068133186747,0.6579102943403352,0.5521310934148452,0.5151050207585306,0.0805358916304558,0.058693854010984155,0.0,0.0,0.0,0.0,0.0
6.610696135189607e-05,0.018512661454553943,0.007219139491577323,0.0004531038537848225,6.610696135189607e-05,0.9999381953687223,0.045042579786473705,0.005951979683561884,6.610696135189607e-05,0.9999430523990618,0.0,0.0713381903924035,0.11717190346398075,0.2497542269807199,0.0022590820531201627,0.44029794821271523,0.04660780473281618,0.1486505649005646,0.1290763157776053,0.15332242224769224,0.9897644313533902,0.4127796386514321,1.0,0.03789288302695316,0.5327640590300786,0.004869747272429762,0.0007824740874812626,0.01997163458037642,0.9999338930386481,0.15204811849145544,0.2627538425247004,0.3979423250924537,0.4198433965712031,0.6354350504010695,0.32389812852544225,0.04745692908329898,0.07538715713448113,0.4432931921863293,0.045570986042768324,0.6701861722676917,0.4557366192494577,0.003239493398284067,0.04258523946334288,0.0,0.03621386000778611,0.0,0.015038780224359387,0.3673337794256537,0.25468126446442263,0.08119609992922104,0.027288716569813416,0.029364145112833216,6.610696135189607e-05,6.610696135189607e-05,0.08167424420567956,0.35584251740117795,0.3476469078559846,0.0936718070034265,0.0,0.018126255788433243,0.002030153295303345,0.0,0.20257091198616078,0.33701220786997993,0.8676841908241106,0.8040923382889649,0.010235568646609822,0.5510065013407819,0.0,0.06348577236139448,0.0002800335820725831,0.02035273457311596,0.0061013943435818604,6.610696135189607e-05,0.20547134724692176,0.18259993963397297,0.00634726604451772,6.610696135189607e-05,0.9006228408962881,0.016918041742945904,0.5110918740787277,0.8353711674527202,0.6567323600963658,0.5524175724652473,0.5141310657445164,0.08063511101333126,0.05860060797999773,0.0,0.0,0.0,0.0,0.0
6.610696135189607e-05,0.018500997122553597,0.007209239551112973,0.0004531038537848225,6.610696135189607e-05,0.9999381304311501,0.04501980983444593,0.005953803943908185,6.610696135189607e-05,0.9999430220451959,0.0,0.07117597620598926,0.12933562472536297,0.2511146680811167,0.002199490299420441,0.44168955338144994,0.0464787716320544,0.1486840010753272,0.12904273752804193,0.1532893193837433,0.9897567877112141,0.41270540999383826,1.0,0.03786842855045242,0.5325020969104838,0.004842644311249184,0.0007331374358574056,0.019980251033310668,0.9999338930386481,0.1520620712232889,0.263206677237017,0.39892190652250503,0.4197688857477806,0.6349817849449423,0.32378769451645795,0.04650513295363387,0.07522833437406826,0.4431706118461295,0.04526029072082345,0.6699937277547873,0.4554655181595395,0.003088504136661955,0.0421254434738439,0.0,0.03588377276993629,0.0,0.015043299949678453,0.36743483146496886,0.25459842875189814,0.08116686099178651,0.027276653541107823,0.030138460541254266,6.610696135189607e-05,6.610696135189607e-05,0.08175352220786052,0.3558181871051901,0.3481361260935293,0.09380196322137176,0.0,0.018199546653190214,0.001928269939571491,0.0,0.202809332356674,0.337354344268427,0.8678687583352961,0.8045852371424128,0.010243212288785884,0.5514108172362254,0.0,0.06369382754854024,0.0002800335820725831,0.020413834587286576,0.006126056016005547,6.610696135189607e-05,0.20522822563711943,0.18160550919985716,0.006262997619826743,6.610696135189607e-05,0.9032580106273794,0.016882088961528437,0.511234366056181,0.8241592423210031,0.6554574508916248,0.5527016279148785,0.5130501558977266,0.08071816825648442,0.05849613649670633,0.0,0.0,0.0,0.0,0.0
6.610696135189607e-05,0.01848824251857061,0.007198649612710176,0.0004531038537848225,6.610696135189607e-05,0.9999380525714512,0.0449976388883804,0.005955198118878146,6.610696135189607e-05,0.9999429896041045,0.0,0.07107646311411052,0.1421794186776672,0.25258848805013034,0.002143411576861598,0.443209455880502,0.04636357060461736,0.1487239325462372,0.12900719152716347,0.15325118163751109,0.9897484344143654,0.4126207291238797,1.0,0.03784177731320547,0.5322237941637449,0.004817026057982392,0.0006998041025240723,0.019988921232172406,0.9999338930386481,0.15209182832615922,0.26360091598648483,0.4000774253842021,0.41965796363727476,0.6345297964910144,0.3236510228423268,0.04549734816811763,0.07506656149250517,0.44300324430155963,0.044928213098878116,0.6697902541461508,0.45521456326267373,0.0029442058981633264,0.041680642750772226,0.0,0.03556848258423766,0.0,0.015046957927084183,0.36753227439281483,0.2545028279917578,0.08114593732600654,0.02726546530152361,0.03095011539609473,6.610696135189607e-05,6.610696135189607e-05,0.08184205423512278,0.355799595399391,0.34862115633432317,0.0939528476276661,0.0,0.018269403877679637,0.0018308677539183328,0.0,0.2030593871470756,0.3376829868514367,0.8680486025746732,0.8050681756117166,0.01025156558563458,0.5518107882918826,0.0,0.06392088788440896,0.0002800335820725831,0.020479786954838815,0.0061544682835981595,6.610696135189607e-05,0.20496508170923033,0.18052155916176138,0.006173278773327615,6.610696135189607e-05,0.9060785626959705,0.016849047174662513,0.5113196664158967,0.8123232331542152,0.6540755465796848,0.5530224763676604,0.51186233102062,0.08078678810215618,0.05837851733965237,0.0,0.0,0.0,0.0,0.0
6.610696135189607e-05,0.018474623809493874,0.007187651377468018,0.0004531038537848225,6.610696135189607e-05,0.9999379619640894,0.04497625248960941,0.005955951351155757,6.610696135189607e-05,0.9999429550133797,0.0,0.0710432336848367,0.15562763785488803,0.2541872792760005,0.0020908163303477853,0.44486536596649734,0.046261853307157944,0.1487716368804424,0.12896997491348464,0.1532084467149336,0.9897395176295749,0.41252773609104115,1.0,0.037814134283739274,0.5319416140492873,0.004790613413143391,0.0006998041020296591,0.019997079633835995,0.9999338930386481,0.1521329352678504,0.26386909787178825,0.4009176398576018,0.41950691118455297,0.6341063944340015,0.32351610662117264,0.04443732162695703,0.07489996963576714,0.4428475525946953,0.0445685665259387,0.6695980316667609,0.45498908206960653,0.0028063009165382653,0.04125115860131655,0.0,0.03526705988910051,0.0,0.015050205979230876,0.36762180562166685,0.2544137511090539,0.08111884365338529,0.027252851635527056,0.031805084454289374,6.610696135189607e-05,6.610696135189607e-05,0.08191431211579023,0.3557859612624924,0.3490750014506853,0.09409906149317437,0.0,0.018335428198307312,0.0017374889409436356,0.0,0.2033010034288827,0.337991512612043,0.8682237241699771,0.8055403946837498,0.010260482370425114,0.5522052040198583,0.0,0.06416373634679448,0.0002800335820725831,0.020550849334812632,0.006182268523953784,6.610696135189607e-05,0.20467004512197315,0.17934718096425045,0.006089154721599026,6.610696135189607e-05,0.9091376613084009,0.0168186041153131,0.5113415982008164,0.7999350405181549,0.6525773228899251,0.5533241421340133,0.510566067507564,0.08083911159719842,0.05824776843790812,0.0,0.0,0.0,0.0,0.0
6.610696135189607e-05,0.018460375192653665,0.007176117676481245,0.0004531038537848225,6.610696135189607e-05,0.9999378589453055,0.04495361672049626,0.005956400654209501,6.610696135189607e-05,0.9999429187278791,0.0,0.0710796941383737,0.16958308265396752,0.25591918949148623,0.002041769722897204,0.44666150711955666,0.04617450792070287,0.1488289618051171,0.12893093394269606,0.153161405820341,0.9897299689628848,0.41242697438590925,1.0,0.03778631699958745,0.5316673878537088,0.004762366537335633,0.0006664707686963256,0.02000715283634079,0.9999338930386481,0.15217351356237835,0.264289901384726,0.40157777833841307,0.419361064376215,0.6337477729707843,0.3234236625748222,0.0433301817547144,0.07472511350773266,0.44275698655683887,0.04417639983599802,0.6694488989824199,0.4547837908708453,0.002674429615882909,0.04083779037284697,0.0,0.03497874887118932,0.0,0.015053078964661815,0.3676959156372541,0.2543449957790082,0.0810777686322359,0.027239567624998906,0.0327079696344567,6.610696135189607e-05,6.610696135189607e-05,0.08196221700353801,0.3557762641127405,0.3494613102116225,0.09419948992554879,0.0,0.01839836855199727,0.001647507361066772,0.0,0.20350321120364015,0.3382825473403272,0.868394636441421,0.806000803806812,0.010270031037115247,0.5525942767429014,0.0,0.06441844170008977,0.0002800335820725831,0.020626303911261433,0.00620535496270608,6.610696135189607e-05,0.20431336865993194,0.178167799861789,0.006020733187871317,6.610696135189607e-05,0.9124517429992504,0.016790916817593194,0.5112971533612553,0.787086735591318,0.6509573284487838,0.5535537363591971,0.5091620930444453,0.08087338189323716,0.05810469998371053,0.0,0.0,0.0,0.0,0.0
6.610696135189607e-05,0.018445468629722437,0.007163929771390719,0.0004531038537848225,6.610696135189607e-05,0.9999377440709379,0.04492888915656105,0.005956869289124656,6.610696135189607e-05,0.9999428811797709,0.0,0.07118689114895481,0.18392390715853982,0.25778414747277545,0.0019963226835271884,0.44859043576660373,0.04610201295908735,0.14889484028065603,0.12888961789293274,0.15310977855995153,0.9897196220985901,0.4123171031618266,1.0,0.037756508891393044,0.5313781484713432,0.00470331509631785,0.0006515151622205548,0.020018009059777696,0.9999338930386481,0.15227929603484852,0.26471010909252946,0.402465395381694,0.4191802290039315,0.6333995395892675,0.32331600838505226,0.0421869624102628,0.07454330112592769,0.4426208019298468,0.04375718131453287,0.6692988177701864,0.4545850511854193,0.0025484199553847823,0.04043936611401923,0.0,0.03470323375590586,0.0,0.01505475064331462,0.367764924534172,0.2542593726512562,0.08105065268807012,0.027228833269059168,0.033643785078357066,6.610696135189607e-05,6.610696135189607e-05,0.0820355963646646,0.35577198672317983,0.349833218648079,0.09430756698123971,0.0,0.01845884181317956,0.001561312562046743,0.0,0.2037058422405625,0.33857212610708437,0.8685619621516826,0.8064508553260292,0.010280377901409852,0.5529796630822675,0.0,0.06468586348275356,0.0002800335820725831,0.02070381883252771,0.006232532866476914,6.610696135189607e-05,0.20391108257463397,0.17685667872165067,0.005936831306446359,6.610696135189607e-05,0.9160110049499345,0.016767241762653453,0.5111895334847533,0.7738891304311974,0.6492137095881174,0.5538215628245793,0.5076523829188635,0.08089332703016379,0.05794798242684027,0.0,0.0,0.0,0.0,0.0
6.610696135189607e-05,0.01843024535070407,0.007151700565926593,0.0004531038537848225,6.610696135189607e-05,0.9999376184080172,0.044903968083524565,0.005956675729798579,6.610696135189607e-05,0.999942841874565,0.0,0.07136749615280857,0.19852162668284506,0.2597891396461405,0.00195441830611216,0.45065476809280863,0.046042990709341265,0.14896895528245924,0.12884677765235655,0.15305450565633133,0.9897087684604733,0.41220140789195464,1.0,0.03772637413518095,0.5310942872203211,0.004647835179031221,0.0006374019566014385,0.020028748492633332,0.9999338930386481,0.15239059041025965,0.26512275070005326,0.4032085643485408,0.4189746917748149,0.6330887337538844,0.32322190752189994,0.041015607290124094,0.07435241085108395,0.44250062271956003,0.043307986019266845,0.6691672468551181,0.4543989024714167,0.0024280158251983684,0.040056104667138256,0.0,0.034439709642989515,0.0,0.015055929821094919,0.3678225795220942,0.25418566673824317,0.08101673988938646,0.02721610615882865,0.0346219237403172,6.610696135189607e-05,6.610696135189607e-05,0.08209294744975912,0.35577193981297195,0.3501640989650523,0.09439830620712092,0.0,0.018516920360360317,0.0014785687090461553,0.0,0.20389328081211777,0.338854056204917,0.8687252065224451,0.8068893896765305,0.010291231539526744,0.5533588824650558,0.0,0.06496422622339369,0.0002800335820725831,0.020752131322964787,0.006266023789441098,6.610696135189607e-05,0.20347095523223183,0.17561044884100688,0.005835702029897961,6.610696135189607e-05,0.9199170270277962,0.01674716728106334,0.5110122901181706,0.7604627660270308,0.6473415291424153,0.5540663902652817,0.5060372458879245,0.08089648162342285,0.05777808604120713,0.0,0.0,0.0,0.0,0.0
6.610696135189607e-05,0.018414855318368246,0.007139722185543632,0.0004531038537848225,6.610696135189607e-05,0.9999374835819151,0.044876153132159674,0.0059559727402757005,6.610696135189607e-05,0.9999428007458947,0.0,0.07162217542939553,0.2132200524516276,0.26193522582744294,0.0019160478346686627,0.45284117841846616,0.04599722388217412,0.14905154236722226,0.12880242051085175,0.152995967934482,0.9896973937598299,0.41208044208312494,1.0,0.037695329578752663,0.5308145787262305,0.004597215305096023,0.0006251247383725919,0.02004072158310029,0.9999338930386481,0.1525038323304788,0.2655418209903657,0.4039076516810992,0.41874454151103324,0.632811633589404,0.3231347551561115,0.03982568348193429,0.07415149319894139,0.4423797132348886,0.04282743379052349,0.669049513175768,0.45422171081223894,0.0023130002308173092,0.03968809092915934,0.0,0.03418784256586283,0.0,0.01505646334530573,0.3678665095780646,0.254115823584013,0.08098163354461942,0.02720385587242505,0.03558072210092703,6.610696135189607e-05,6.610696135189607e-05,0.08214936944101701,0.35577773469222945,0.35045861829340763,0.09448347041280583,0.0,0.018577096211609558,0.001399284526807453,0.0,0.20406714794999,0.33913501977654725,0.868884579258331,0.8073159411363586,0.01030260624017011,0.5537317153510122,0.0,0.0652465656088756,0.0002800335820725831,0.020823263861106157,0.00627810478687482,6.610696135189607e-05,0.2029636180086504,0.17420351311490095,0.005796343096489677,6.610696135189607e-05,0.9241247699145965,0.016729748117188428,0.5107595990016871,0.7469542640664382,0.6453361847620062,0.5543049544036353,0.5043313877910104,0.08088611499206787,0.05759172704399149,0.0,0.0,0.0,0.0,0.0
6.610696135189607e-05,0.01839950474997436,0.007127499300987934,0.0004531038537848225,6.610696135189607e-05,0.999937340001232,0.044846948273672575,0.005955020628650781,6.610696135189607e-05,0.9999427595841455,0.0,0.07195174922450877,0.22787415629698937,0.26421346117632444,0.0018811503799220843,0.4551403596792229,0.04596468724324976,0.14914303391088846,0.12875674098774578,0.15293482366825825,0.9896856097546364,0.41195615768484367,1.0,0.03766399259095826,0.5305386932033933,0.004549476090207733,0.0006018568091196371,0.020053601703263865,0.9999338930386481,0.15262198831280238,0.26601636728756245,0.4046437436005671,0.41849758622848793,0.6325683905478058,0.3230525251938536,0.03862808946122357,0.07393836518059899,0.44226331251597517,0.04231694898441035,0.668945821811877,0.454051965241712,0.0022031700730045403,0.03933549108575792,0.0,0.033947305055460196,0.0,0.015056578853734109,0.3679039701656481,0.25404378363348395,0.08094772470441144,0.027191424458251436,0.03661307651256765,6.610696135189607e-05,6.610696135189607e-05,0.08220119573637377,0.3557890724370165,0.35071481703878893,0.09456353327818255,0.0,0.018636499840508115,0.0013238388963210444,0.0,0.20422683942687958,0.3394095611278281,0.8690400889392497,0.8077296852459838,0.01031439024536365,0.5540965372596962,0.0,0.06553168420684348,0.0002800335820725831,0.02090026532633685,0.006310867737271424,6.610696135189607e-05,0.20239756841083,0.17269836372865183,0.005685708101602767,6.610696135189607e-05,0.9284357351933189,0.01671679241340531,0.5104321923034552,0.7334977542417871,0.6432116738025684,0.5545316982077817,0.5025426913363668,0.08086265151799371,0.05739543971957145,0.0,0.0,0.0,0.0,0.0
6.610696135189607e-05,0.018384185409577557,0.007115264419300559,0.0004531038537848225,6.610696135189607e-05,0.999937185247249,0.04481714167807055,0.005953727090653302,6.610696135189607e-05,0.9999427183053778,0.0,0.07235992585555986,0.24235275641149748,0.2666288586146984,0.0018497332612147565,0.45755448205440696,0.045945706428312395,0.14924338337195867,0.12871017386573733,0.15287157050089564,0.9896735128485272,0.41182929123227685,1.0,0.03763358688545962,0.5302590257074294,0.0045013803437883556,0.000600266908066125,0.020066499200597554,0.9999338930386481,0.1527585532155419,0.266415165783373,0.4053562016374763,0.41821498219342684,0.632344364414475,0.3229617369110179,0.03743570961311753,0.07371603748332442,0.4421354672810286,0.041782838387268394,0.6688481589968869,0.4538921200584579,0.0020983208543908236,0.03899747231404409,0.0,0.03371738130110281,0.0,0.015055890228464023,0.36793887427717953,0.25396576479706573,0.08091763728605793,0.027179730495321186,0.037683216963418704,6.610696135189607e-05,6.610696135189607e-05,0.08226091596562704,0.3558052903288829,0.35094764510568277,0.09464182725730469,0.0,0.018694912364978285,0.0012515222034096632,0.0,0.20438044350966483,0.33967884396452624,0.8691915052798719,0.8081309571850602,0.01032648715147283,0.5544533274666203,0.0,0.06582557354188695,0.0002800335820725831,0.020980269607594627,0.006324580031481812,6.610696135189607e-05,0.20180756195649183,0.17113895665117546,0.005633138559084446,6.610696135189607e-05,0.9329641989992676,0.01670799047984238,0.5100365099761176,0.720211533975385,0.6409601915369988,0.5547632772543469,0.5006626795583247,0.0808256910651359,0.05718565260505721,0.0,0.0,0.0,0.0,0.0
6.610696135189607e-05,0.01836922512110872,0.0071033448894854195,0.0004531038537848225,6.610696135189607e-05,0.9999370242577588,0.0447864981775939,0.005952004990278688,6.610696135189607e-05,0.9999426770399394,0.0,0.07284613189869431,0.2565132305468319,0.269169374270024,0.0018217199618388892,0.46006310920535515,0.04593919599830528,0.14935187467603184,0.12866342735514777,0.15280715333127182,0.9896612635613591,0.41170184300599244,1.0,0.037603654533141816,0.5299918047974448,0.0044507335100200185,0.0005961958115944739,0.020079915359754515,0.9999338930386481,0.1529044565249654,0.2668362827584467,0.40588857526640437,0.4179177060981199,0.6321658848007525,0.3228927169283537,0.03625563459580785,0.07348191802322603,0.4420433541613073,0.04122182555402592,0.6687765626679413,0.4537433411523755,0.0019982057874506666,0.03867396399471868,0.0,0.03349722088560457,0.0,0.015054986130150234,0.36796227717681734,0.25389785240752527,0.08088048194273689,0.02716662814431646,0.03879075926022195,6.610696135189607e-05,6.610696135189607e-05,0.08230024160141561,0.3558272485038616,0.35113019839877974,0.0946993144205125,0.0,0.018752314847824803,0.0011826488345196885,0.0,0.20450969676364805,0.33993708378183884,0.8693383668574016,0.8085188826740095,0.010338736438640922,0.554800936108403,0.0,0.06611913094494472,0.0002800335820725831,0.02106024821415999,0.006354783717304182,6.610696135189607e-05,0.2011700600291853,0.16954681289060056,0.005526702589284932,6.610696135189607e-05,0.9375608442438155,0.016703916800467695,0.5095618367524396,0.7072311348573602,0.6385963928589252,0.5549522770423342,0.498715065240619,0.08077454457010533,0.05696770038975382,0.0,0.0,0.0,0.0,0.0
6.610696135189607e-05,0.018354683975241298,0.007091647389044468,0.0004531038537848225,6.610696135189607e-05,0.9999368559017929,0.0447540925059805,0.005950093147560417,6.610696135189607e-05,0.9999426362376481,0.0,0.07341271057862599,0.2702414910490782,0.2718329042236015,0.001797137588419051,0.46265901432917045,0.04594561569329319,0.14946826728627743,0.12861646734913107,0.15274185725226266,0.9896488591377982,0.41157410382383103,1.0,0.03757528055898703,0.5297305014397613,0.004398702366462738,0.0005884352999532886,0.020094305055975037,0.9999338930386481,0.15305131331988606,0.26729036944983925,0.4064280772207559,0.41761389537621046,0.6320224720040293,0.3228357581619198,0.03509934480227687,0.07323794128263161,0.4419652135416125,0.04063966961751711,0.6687261218168274,0.45360304539585156,0.00190263144211646,0.03836468452430788,0.0,0.033286424886145104,0.0,0.015053355293645274,0.367977814120181,0.25383097665352927,0.08084340757531126,0.027154691365494973,0.03991309293800831,6.610696135189607e-05,6.610696135189607e-05,0.08234154396388825,0.3558542558945532,0.35127340171532806,0.09473572087242521,0.0,0.018809741012936816,0.001116634644295964,0.0,0.20461867678117554,0.3401901971613554,0.8694809012087524,0.8088934582234294,0.010351140862201768,0.555139471290024,0.0,0.06644874892812365,0.0002800335820725831,0.021140278056007746,0.006380077659147848,6.610696135189607e-05,0.20049446013640873,0.16793837954754806,0.005415047868939391,6.610696135189607e-05,0.9420656845836181,0.016704126280642658,0.5090158103870291,0.6946591641486449,0.6361194134808301,0.5551210142256725,0.49670131605331247,0.08070958570870386,0.056738490156515546,0.0,0.0,0.0,0.0,0.0
6.610696135189607e-05,0.018340573530528256,0.0070803898235482785,0.00041977052045148917,6.610696135189607e-05,0.9999366924520624,0.04471952052881649,0.006029299713135112,6.610696135189607e-05,0.9999427388026617,0.0,0.07406435681075084,0.2834509962628209,0.27462372054259976,0.0017760794930848816,0.46534155909987346,0.045965660473859034,0.14959427961590377,0.12856974132240273,0.1526763964447021,0.9896364142165649,0.4114474752011406,1.0,0.037546429840859326,0.5294703217374083,0.004346720849901934,0.0005751001381288273,0.02010883007148111,0.9999338930386481,0.15323728905527367,0.26777290857631514,0.40702899013379606,0.4172830890660706,0.6319026878856064,0.3227814671610632,0.03397409974236257,0.07298399912870702,0.4418836408342055,0.04004071450521334,0.6686871760509303,0.45346564340751133,0.0018114162198504635,0.03806898420734684,0.0,0.03308447749653251,0.0,0.015050885383614538,0.3679859261565679,0.2537633579809455,0.0808088978258264,0.027142854248218672,0.04107551318038124,6.610696135189607e-05,6.610696135189607e-05,0.0823838110898766,0.3558861843465965,0.35138916533908693,0.09476535740151977,0.0,0.01886804756508304,0.0010535991378532203,0.0,0.20471777530165264,0.3404417417414273,0.8696188424577468,0.8092546193479511,0.01036358578343512,0.5554680473023269,0.0,0.0667575299642169,0.0002800335820725831,0.02122200452834852,0.006405755349015809,6.610696135189607e-05,0.19985008802918966,0.1663468090494994,0.005316009907107363,6.610696135189607e-05,0.9466651050617593,0.016708146775306635,0.5083888186266663,0.6825749039948166,0.6335242327636103,0.5552866805348564,0.49461772639491325,0.08062938817355804,0.05649833523515767,0.0,0.0,0.0,0.0,0.0
6.610696135189607e-05,0.01832735815163725,0.007070243157739445,0.00041977051995707596,6.610696135189607e-05,0.9999365115699032,0.04468937508889413,0.006024195430317626,6.610696135189607e-05,0.9999426374191471,0.0,0.07479131041218748,0.2960799110028914,0.2775426107051278,0.0017579601344829107,0.4681098386939858,0.045998117252056124,0.14973656191525228,0.12849310692488922,0.15260980869055124,0.9896157656479252,0.41118100453931317,1.0,0.03751996059773859,0.5292216222109826,0.004291623921517832,0.0005525673761733786,0.02012417143812501,0.9999338930386481,0.153415484360959,0.268299509898683,0.407756711611922,0.41695895495834945,0.6318087255000635,0.32271941480712896,0.032885124510940965,0.07271665744436862,0.44179385649623326,0.03941725527462114,0.6686562950905514,0.4533348291719514,0.0017243885413003722,0.0377855187068908,0.0,0.0328890128924651,0.0,0.015046981729005378,0.36793703942570294,0.2536502663980864,0.08080644524991637,0.02712817266261221,0.042439708083534616,6.610696135189607e-05,6.610696135189607e-05,0.08238201807296926,0.35593023606862895,0.35147507325572847,0.09479629548094053,0.0,0.018925666649940408,0.0009934795718660968,0.0,0.20480917570728085,0.34068126846746527,0.8697825045338105,0.809604672602558,0.010384234352074834,0.5559299825682217,0.0,0.06706397942198623,0.0002800335820725831,0.02131956958649424,0.006433763908599514,6.610696135189607e-05,0.19918378252800994,0.16468699308130386,0.005214310449860037,6.610696135189607e-05,0.9512315829043955,0.016716201244208046,0.507692979299743,0.6710349644861676,0.6308150652005632,0.5554547037974177,0.4924729060313931,0.08053641195011174,0.05624734044533089,0.0,0.0,0.0,0.0,0.0
6.610696135189607e-05,0.01831355512292308,0.007059437639934185,0.00041977051995707607,6.610696135189607e-05,0.9999363202902722,0.04466039000126247,0.00601829831440518,6.610696135189607e-05,0.9999425986592267,0.0,0.0756000019255705,0.30803846170157484,0.2805486436030482,0.0017431399719185579,0.4709075767715684,0.04604108922419382,0.1498796886445815,0.1284207073650686,0.15253727174949513,0.9895993633991313,0.41098537000222046,1.0,0.03749430616783228,0.5289835077273012,0.0042356683551417525,0.0005481594934224197,0.020139205777285212,0.9999338930386481,0.15363876393135328,0.2687062726227173,0.4085964622365956,0.4165966236795603,0.6317336158153402,0.3226434051867414,0.031840911560190595,0.07244390252727052,0.44169262773578816,0.038781949358177165,0.6686303971859878,0.45323366484069383,0.00164148719904082,0.03751593303935065,0.0,0.032700265400968896,0.0,0.01504263697078595,0.367910341417661,0.25355214662848735,0.08077849067247983,0.027116945145377144,0.043706879864930014,6.610696135189607e-05,6.610696135189607e-05,0.08241896973112617,0.3559730749729043,0.351537530941008,0.09483383885842961,0.0,0.018980309456822938,0.0009362995367187257,0.0,0.20489805917852655,0.3408974173594627,0.8699378054358906,0.8099467952111543,0.01040063660086862,0.5563143645968106,0.0,0.06734801011724868,0.0002800335820725831,0.021386449038878205,0.006428419757360541,6.610696135189607e-05,0.19852974434828569,0.16315623142074265,0.0052155313844099134,6.610696135189607e-05,0.9562491562901198,0.01672885324365183,0.5069227540292586,0.6601206267382346,0.6280271444128585,0.5556279327555746,0.49031047387025445,0.08043045441129189,0.05598922915526195,0.0,0.0,0.0,0.0,0.0
6.610696135189607e-05,0.018300774564503033,0.007049630941638569,0.00041977051995707607,6.610696135189607e-05,0.9999361319907049,0.04462758684091818,0.006013289223605466,6.610696135189607e-05,0.9999425610598701,0.0,0.07647978682378785,0.31924190433976213,0.2835980827065985,0.0017313539038067338,0.47368364324950873,0.046091531173830615,0.15002000638840088,0.1283522529325211,0.15246131119324577,0.9895848975752997,0.4108223028826028,1.0,0.037470187420661195,0.5287722878963997,0.004174756791130846,0.0005437291747775832,0.020154135877473178,0.9999338930386481,0.15384884445282423,0.26914470774148275,0.4092430487436646,0.41623833381836556,0.6316943587396024,0.3225712417705335,0.030843154758684287,0.07216303057529706,0.4416101185185488,0.03813001911925253,0.6686171841345105,0.45315289052396707,0.0015624622669788786,0.03725858681801626,0.0,0.03251796696957926,0.0,0.015038758115328057,0.36787709949966513,0.2534638550360377,0.08074489888765989,0.027103718825358898,0.04487429487844774,6.610696135189607e-05,6.610696135189607e-05,0.0824396449749716,0.3560247428392559,0.3515592203875684,0.09487826395952795,0.0,0.01903658289280089,0.0008826704197814214,0.0,0.2049724099946131,0.3410950235128791,0.8700852848005001,0.810280101988738,0.010415102424700305,0.556659730147818,0.0,0.06763997371518836,0.0002800335820725831,0.021452304081168765,0.00643990202123582,6.610696135189607e-05,0.197776414433342,0.16155455039345037,0.005163803133930249,6.610696135189607e-05,0.9611821012118237,0.016746420872829154,0.5060707074461508,0.6499149409015537,0.6252023038253036,0.5557758571578632,0.4881863376312387,0.08031887469704581,0.05573207957475293,0.0,0.0,0.0,0.0,0.0
6.610696135189607e-05,0.018289012387707804,0.00704060831379946,0.00041977051995707607,6.610696135189607e-05,0.9999359564986088,0.044592932758692146,0.006008805201645129,6.610696135189607e-05,0.9999425245950798,0.0,0.07743538257481959,0.3297055356892565,0.28669621728976513,0.0017226989379308473,0.47645605619743386,0.04615132215707154,0.15016299682096249,0.12828813270418135,0.15238554934389237,0.9895716716898201,0.41068001921817204,1.0,0.03744808463544049,0.5285769554451073,0.004144614915630247,0.0005392682561215648,0.020169500285911187,0.9999338930386481,0.1540176475961582,0.26955173439056135,0.4097742560991511,0.415873556240694,0.6316772767139627,0.32249726657596384,0.02989807803116404,0.07187609044309476,0.44154497505367934,0.0374703727319799,0.6686120048378905,0.4530789392773128,0.0014871214179916058,0.03701310672258864,0.0,0.032342262830290194,0.0,0.015034480864029268,0.36783970758352635,0.25338167794827016,0.08071014202048883,0.027091480009763014,0.04605744138289775,6.610696135189607e-05,6.610696135189607e-05,0.08246071318856109,0.3560822871435403,0.35155508174742683,0.09492296498125616,0.0,0.019095893267355484,0.000832025049026612,0.0,0.20503694626707658,0.3412866357483587,0.870224745877827,0.810601343933519,0.010428328310179934,0.5569777179515378,0.0,0.06793078566203312,0.0002800335820725831,0.021517657684511873,0.00648550822924445,6.610696135189607e-05,0.1970208862351562,0.15997209462333342,0.0050033865317593695,6.610696135189607e-05,0.9658021357730515,0.016767641538610482,0.5051443858679605,0.6403963862795795,0.6223317989997846,0.5559003009593632,0.48607357107058624,0.0801997267379614,0.05547142815336607,0.0,0.0,0.0,0.0,0.0
6.610696135189607e-05,0.018278258500909954,0.00699889519683346,0.00041977051995707607,6.610696135189607e-05,0.9999357875940716,0.0446325835218256,0.006006370002523655,6.610696135189607e-05,0.9999426162676347,0.0,0.07847028765078526,0.3394517328706917,0.28984401223029327,0.001717236926033179,0.47922814389231,0.04622189272725316,0.15031180956040358,0.12822874483053856,0.1523125321578226,0.9895593969625924,0.4105533319854414,1.0,0.03742973965223671,0.5283865487090204,0.004111882288264841,0.0005344021433015189,0.020184612598041624,0.9999338930386481,0.15419750792580603,0.269964260369952,0.4102945347980237,0.415509418892156,0.631683754526982,0.3224260280032513,0.029007657087471404,0.0715851206271063,0.4415013480436817,0.03680926593030432,0.6686237915800478,0.4530151161705138,0.0014153110155892391,0.03677912698221881,0.0,0.03217311905020708,0.0,0.015029702056376288,0.3678050416914537,0.2533020675565042,0.0806738405804139,0.027079720888031632,0.04720276097450299,6.610696135189607e-05,6.610696135189607e-05,0.08248460603562616,0.3561432957522112,0.3515251946703426,0.09494982628599048,0.0,0.01915820531217666,0.0007835477417855881,0.0,0.20508271957673793,0.34147028015829667,0.8703559441538722,0.8109083408599587,0.010440603037407573,0.5572735489643516,0.0,0.0681940248075705,0.0002800335820725831,0.021583323973957246,0.00651041751046181,6.610696135189607e-05,0.19631550583346755,0.15847153586458188,0.004910085506732282,6.610696135189607e-05,0.970470458523785,0.016791050802675393,0.504153858059973,0.6315406100418369,0.6194126618304238,0.5559978672884995,0.4839625901773857,0.08007159611596104,0.05520279411078599,0.0,0.0,0.0,0.0,0.0
6.610696135189607e-05,0.018269513475630147,0.006979907997018167,0.00041977051995707607,6.610696135189607e-05,0.9999356148919908,0.04462140935133255,0.006001156795871104,6.610696135189607e-05,0.9999425878103201,0.0,0.07957172550161272,0.348499370275707,0.292980240153298,0.001714701993933099,0.48195926685483115,0.04630243835647889,0.15044358020566584,0.1281652218310532,0.1522293157048989,0.9895442878142114,0.4103789121379597,1.0,0.03741399563902086,0.528215821342153,0.004076628672853219,0.0005288245543049641,0.02019968750491582,0.9999338930386481,0.1543844644361697,0.27038334165874395,0.4108031941003422,0.41514881376894847,0.6317068695847613,0.3223520000164604,0.02817055893659977,0.07128775722572861,0.44146479748854417,0.03614680810661035,0.6686423122096401,0.45295314945010906,0.0013468610604238321,0.03655525530699129,0.0,0.03200947836246574,0.0,0.015024172124565674,0.367728882430009,0.25323797607807436,0.08063626831887111,0.02706658550546881,0.04844328323339746,6.610696135189607e-05,6.610696135189607e-05,0.08250740134339324,0.35621101580381825,0.35147518169496406,0.0949743034370294,0.0,0.019225169051308503,0.0007375342532836643,0.0,0.20511845440345625,0.341668172884374,0.870487917108523,0.8112154289881098,0.010455712185788576,0.5576116094995746,0.0,0.06847492482936428,0.0002800335820725831,0.02165189620393422,0.0065287968842646735,6.610696135189607e-05,0.19557929626595122,0.15698215468102908,0.004867100150500294,6.610696135189607e-05,0.9749570553722013,0.016817948720274613,0.5031019710448975,0.6233300707876933,0.616506833569665,0.556082966264239,0.4818939250385585,0.07993679503042482,0.05493509745985108,0.0,0.0,0.0,0.0,0.0
6.610696135189607e-05,0.01826105837679016,0.006968357372194256,0.00041977051995707607,6.610696135189607e-05,0.99993544986029,0.04459197196058714,0.005995769336288078,6.610696135189607e-05,0.9999425571447992,0.0,0.08074323984612089,0.3568660885441223,0.29611790387081577,0.0017152171674457122,0.4846529572020589,0.04639163998306417,0.15057775561250158,0.12810305519231846,0.15214854561591973,0.9895301854733187,0.4102231958596783,1.0,0.037399160719164805,0.5280566827987812,0.004037094687388835,0.0005225710162158066,0.020214707880935906,0.9999338930386481,0.15457885183531442,0.27080511206577607,0.41132888687190844,0.41479024283212623,0.6317494539907419,0.3222744625326258,0.02738499450399595,0.07098617347956183,0.4414331000700427,0.0354815044102667,0.6686701590628601,0.45289693779113116,0.0012817036115621073,0.036343054295089834,0.0,0.03185153041641116,0.0,0.01501825681555481,0.3676588724470917,0.2531607095408355,0.08060077428227268,0.027053774982214472,0.04963441738142807,6.610696135189607e-05,6.610696135189607e-05,0.0825273511924903,0.3562814876342953,0.3514032774696713,0.09500099206161215,0.0,0.019295370518585323,0.0006940027028784997,0.0,0.2051437787707429,0.3418579089118607,0.8706152411961194,0.8115084000889904,0.010469814526681278,0.5579252737239105,0.0,0.06874661852969216,0.0002800335820725831,0.02171586732381497,0.006544854545418522,6.610696135189607e-05,0.19487529234701637,0.1555531668532521,0.004810606336883027,6.610696135189607e-05,0.9793409649846411,0.01684726853958674,0.5019813055596413,0.6157489169518817,0.6136005521310371,0.5561576800596331,0.47986553838767443,0.07979442218333288,0.054667397684506576,0.0,0.0,0.0,0.0,0.0
6.610696135189607e-05,0.01825299367933474,0.006960047976221469,0.00041977051995707607,6.610696135189607e-05,0.9999352860271159,0.04455729839976172,0.005990680690458168,6.610696135189607e-05,0.9999425267008974,0.0,0.08198138992610747,0.36457250363829036,0.29924219383998424,0.0017187223918183707,0.48729191110410247,0.04648778840423372,0.15071656619208834,0.1280436683735436,0.1520721367768229,0.989517496854124,0.4100903261351568,1.0,0.03738594168618806,0.5279106026755158,0.00399370840325612,0.0005224438703999525,0.020229348291340602,0.9999338930386481,0.15478419952508024,0.27120263157751007,0.4118164436191505,0.41443043985229505,0.6318039470090439,0.3221870265743253,0.026650216405544908,0.0706817005680797,0.44140079721009595,0.03481866578066383,0.6687021158140446,0.4528454835623426,0.0012196637637485058,0.036141097908763097,0.0,0.03169869898849619,0.0,0.01501231755558406,0.3675939195949142,0.25307813218842434,0.08056737836537244,0.027041662978607946,0.05075759286540659,6.610696135189607e-05,6.610696135189607e-05,0.08254426995366887,0.35635570054755555,0.3513168461200083,0.09503259950611734,0.0,0.019368477000818993,0.0006528927188315613,0.0,0.20516341984225436,0.3420357259976725,0.8707366678627079,0.811786765314414,0.01048250314587592,0.5582109748763471,0.0,0.06900821633668541,0.0002800335820725831,0.021771289029361027,0.006560710582091568,6.610696135189607e-05,0.19418638521966775,0.15419705581177948,0.004749793836031168,6.610696135189607e-05,0.9836387394452348,0.01687920687094778,0.50079898399345,0.6087772799561647,0.6107076285911172,0.5562275876792542,0.47788942311523375,0.07964667593946735,0.05440222424789661,0.0,0.0,0.0,0.0,0.0
6.610696135189607e-05,0.018245641708978452,0.006953499972401157,0.00041977051995707607,6.610696135189607e-05,0.9999351273715619,0.04452124496475029,0.005985827033908458,6.610696135189607e-05,0.999942497033196,0.0,0.08328211489883663,0.37165255765785105,0.30233839823103764,0.0017251599714519681,0.4898640828318706,0.046589790367131886,0.15085958752091816,0.12798818744763632,0.152001071659524,0.9895061370389184,0.40997700699381207,1.0,0.037374791820805886,0.5277822750190057,0.003945503047603271,0.0005218604908195769,0.020243753497003483,0.9999338930386481,0.15499770758378706,0.271601685802773,0.4122411482029295,0.41407587233278603,0.6318749128972826,0.32209671982679733,0.025964745132568343,0.07037527403523126,0.4413805097421411,0.03416104428808947,0.6687418276417834,0.4527993650491123,0.0011605823150664092,0.035948595238764,0.0,0.03155075193679944,0.0,0.015006472697050922,0.3675290091659187,0.2529980818580197,0.08053263481125573,0.02702993188429463,0.0518201427048164,6.610696135189607e-05,6.610696135189607e-05,0.0825534208099154,0.35643374615040174,0.35121166839623214,0.09506270809828055,0.0,0.019445004035629876,0.0006140935895322466,0.0,0.20517354018471154,0.34220068525974406,0.8708512302372973,0.8120503331017119,0.01049386296108152,0.5584722410693884,0.0,0.0692608185059279,0.0002800335820725831,0.021819722155292206,0.006575371998557633,6.610696135189607e-05,0.19350279880221463,0.15290652100798868,0.004691781771416564,6.610696135189607e-05,0.9878496284626586,0.016913418706485238,0.4995584571760855,0.6023826972095806,0.6078413236981012,0.5562802366968748,0.4759748728800399,0.07949484180637324,0.054140362170225484,0.0,0.0,0.0,0.0,0.0
6.610696135189607e-05,0.018239102993733273,0.006948027075894542,0.00041977051995707607,6.610696135189607e-05,0.9999349757309093,0.044484817196876386,0.005981192178415366,6.610696135189607e-05,0.9999424683807399,0.0,0.08464133691035719,0.37814901175765026,0.3053932202008468,0.0017345041476209278,0.4923620056470273,0.046697039217956336,0.15100590246687337,0.12793692526806638,0.1519355680217464,0.9894959013704595,0.4098792361323733,1.0,0.03736553703531086,0.5276708298486036,0.003891967237825438,0.0005209175457103158,0.020257985429371187,0.9999338930386481,0.1552201382398201,0.2720047808826704,0.41265908785249744,0.41372651888324696,0.6319575049279645,0.3219991961640767,0.025326853800335686,0.07006780781433308,0.4413645636441811,0.03351134415156704,0.6687848058037656,0.45275657342388265,0.0011043218368477527,0.035764926541811855,0.0,0.03140760635993418,0.0,0.015000564285458312,0.36746234381837156,0.25291859789519333,0.08049902856873395,0.02701904706918902,0.0528333716197809,6.610696135189607e-05,6.610696135189607e-05,0.08256055822758718,0.3565155366773055,0.35109290937500853,0.09509544722571121,0.0,0.01952544853287646,0.0005775193278605776,0.0,0.20517778048362711,0.3423554905644379,0.8709587528950858,0.8122995054364417,0.010504098629540545,0.5587131575076926,0.0,0.06950466133292765,0.0002800335820725831,0.02186417361927142,0.0065892948565006715,6.610696135189607e-05,0.1928257943706968,0.15167217139165198,0.00462815430977747,6.610696135189607e-05,0.9919535261714343,0.01694958569702696,0.49826401969985495,0.5965241344420141,0.6050135234519436,0.5563234128803374,0.47412665020140565,0.07934037449465092,0.053882033544806016,0.0,0.0,0.0,0.0,0.0
6.610696135189607e-05,0.018233383541834843,0.00694331693167377,0.00041977051995707607,6.610696135189607e-05,0.9999348312738032,0.04444877406116578,0.0059766771675227115,6.610696135189607e-05,0.9999424407939247,0.0,0.08605507107067825,0.3841097644728675,0.3083953231955068,0.001746735015782924,0.4947816818205464,0.046808944848370865,0.15115449166342945,0.1278898050783931,0.15187549239442638,0.9894866355764088,0.4097941128767516,1.0,0.03735820471016388,0.5275763700503859,0.0038376745669163885,0.0005196417558097577,0.020271846003742943,0.9999338930386481,0.15544340346725272,0.27240334820800033,0.413070712131009,0.41338283629465494,0.6320490720269951,0.32189217810945564,0.02473425079016392,0.06976014322993339,0.4413506755510958,0.032872406050786354,0.6688284095530775,0.45271667886623557,0.0010507558796106892,0.0355896110370434,0.0,0.0312691742040643,0.0,0.014994575832089817,0.36739359805749155,0.25283984465229864,0.08046657664390273,0.027008704571114147,0.05381096315035137,6.610696135189607e-05,6.610696135189607e-05,0.08256550444857139,0.35660058909111764,0.35096338507368696,0.09513260737614078,0.0,0.019609771999903537,0.0005430701717836078,0.0,0.205178620425632,0.3425009923532133,0.8710594390419962,0.8125348965685303,0.010513364423591182,0.5589367129191841,0.0,0.06974089854726419,0.0002800335820725831,0.021905865480425526,0.006602950540484586,6.610696135189607e-05,0.19215910455663707,0.15048224054417866,0.004570529354433739,6.610696135189607e-05,0.9959302586153312,0.016987542899317976,0.4969201434437254,0.5911559847369686,0.6022347615746564,0.5563595192613378,0.47234591212866733,0.0791840251729197,0.053627837117121796,0.0,0.0,0.0,0.0,0.0
6.610696135189607e-05,0.018228410460698185,0.006939198253855241,0.00041977051995707607,6.610696135189607e-05,0.9999346936655437,0.04441345483899582,0.005972224120169869,6.610696135189607e-05,0.999942414296757,0.0,0.08751953888942167,0.3895837546126542,0.31133574675663267,0.0017618479386675922,0.49712154936604375,0.04692517049876664,0.15130468004753106,0.1278465279346683,0.15182049051442423,0.9894782105326652,0.4097194327310601,1.0,0.03735266899242998,0.527497944650033,0.003782573856622608,0.0005180473395660487,0.020285306879723377,0.9999338930386481,0.15566707773808483,0.27279451518360975,0.41348431029019556,0.41304574172948344,0.632147783396623,0.32177462689262537,0.02418415102215542,0.06945330496306178,0.4413387165712233,0.032245220075558585,0.6688709342069641,0.45267960109691746,0.0009997633732313732,0.0354222245551279,0.0,0.03113533775651057,0.0,0.014988523030950737,0.3673230047883367,0.25276163918961075,0.08043509798920057,0.026998849336120213,0.054755619486085344,6.610696135189607e-05,6.610696135189607e-05,0.08256836753343705,0.3566883998155433,0.3508252123889966,0.09517502910707144,0.0,0.019697852991207757,0.0005106396543099427,0.0,0.20517724486726382,0.34263771100965384,0.8711537086921003,0.8127572849304479,0.01052178946733489,0.5591452295124293,0.0,0.06997028733709992,0.0002800335820725831,0.02194546756077139,0.006616027541399707,6.610696135189607e-05,0.19150788547797337,0.14933890880902692,0.004516738760786062,6.610696135189607e-05,0.9997709166658015,0.017027004214380418,0.4955308051108815,0.5862320943651904,0.5995130952890979,0.5563887958357991,0.47063323055839773,0.0790266504270055,0.05337800784589769,0.0,0.0,0.0,0.0,0.0
6.610696135189607e-05,0.018224097289643675,0.006935566047487938,0.00041977051995707607,6.610696135189607e-05,0.9999345624510099,0.04437740082417224,0.005967810853790214,6.610696135189607e-05,0.999942389463029,0.0,0.08903085898697306,0.3946180730142886,0.3142070026510713,0.0017798498129053184,0.4993811545327033,0.0470453503322982,0.15145582610092878,0.12780670065285285,0.1517700773035571,0.9894705170575663,0.40965345607087944,1.0,0.03734875107565442,0.5274348370969231,0.003726540289352031,0.0005161420447520654,0.020298344178511903,0.9999338930386481,0.15589081445792724,0.27317793872865,0.41390191327171916,0.4127160128458867,0.6322519373072131,0.32164588618480544,0.023673573722233495,0.06914821728654227,0.4413279429403772,0.03163076812553823,0.6689110316508879,0.4526452470025702,0.0009512273601644301,0.03526234717348973,0.0,0.031005943735181115,0.0,0.014982419330127264,0.36725063290770765,0.25268386149751293,0.08040458078664331,0.02698943565158388,0.05567014606447577,6.610696135189607e-05,6.610696135189607e-05,0.0825690708807326,0.3567785149842744,0.3506803184379501,0.09522331585944363,0.0,0.019789464401057725,0.0004801255536977148,0.0,0.20517473926426025,0.3427659815068562,0.8712420719869828,0.8129675755229532,0.010529482942433764,0.5593406001939394,0.0,0.07019399326502529,0.0002800335820725831,0.022016660205044072,0.0066285755158089505,6.610696135189607e-05,0.19086975702196765,0.14811819873080678,0.004468723051584281,6.610696135189607e-05,0.9999653195469637,0.01706774425483683,0.49409993896877785,0.5817083532634779,0.5968553156613287,0.5564120816930198,0.4689880773417584,0.07886887875255369,0.05313294538964484,0.0,0.0,0.0,0.0,0.0
6.610696135189607e-05,0.018222081343088312,0.006932580217923722,0.00041977051995707607,6.610696135189607e-05,0.9999344651444205,0.04434275577199907,0.005963601045321534,6.610696135189607e-05,0.9999423701421304,0.0,0.09056019040987903,0.3989743344146543,0.3168761072613285,0.001799640183735397,0.5013618505749775,0.047159186829742406,0.1515863238664924,0.12776989900182878,0.151723774321232,0.9894634179646757,0.4095947644313692,1.0,0.03736378062048068,0.5274405396764807,0.0036710177958993897,0.000513986898761376,0.020309813722214895,0.9999338930386481,0.15612818757421504,0.27350093049006735,0.4142448836162376,0.41244377944587723,0.6323709729734079,0.32152474029191824,0.02320035917344397,0.068850793421154,0.4413731216250456,0.031055827421219533,0.6689768921667371,0.4526258074010716,0.0009050351439623467,0.03510957332040208,0.0,0.030880810749574546,0.0,0.01497891232139626,0.36718663120619033,0.2526083737468525,0.080376099365024,0.0269805268869014,0.05664857885085393,6.610696135189607e-05,6.610696135189607e-05,0.08256624767689537,0.3568751619983758,0.3505321395374835,0.09526641395624884,0.0,0.019880303622067427,0.00045131918095886426,0.0,0.20517102486076966,0.34288090218937434,0.8713250658542089,0.8131666523583659,0.010536582035324255,0.5595244248190563,0.0,0.07049173426368543,0.0002800335820725831,0.022099174175599413,0.006650808387059019,6.610696135189607e-05,0.1907297231439643,0.14746176865214544,0.004421301630270654,6.610696135189607e-05,0.9999412816339812,0.01709688748910851,0.49264865534195396,0.5778253064119018,0.5943927956954501,0.5563759190102602,0.46758232200380295,0.07869289614275088,0.05290696654306176,0.0,0.0,0.0,0.0,0.0
6.610696135189607e-05,0.018220524747736527,0.006929784859255987,0.00041977051995707607,6.610696135189607e-05,0.9999343385159847,0.044309229139112664,0.005959593027935605,6.610696135189607e-05,0.9999423519090053,0.0,0.09212948597844453,0.40287350263558946,0.31942939425494116,0.0018219863270472546,0.5032159724307691,0.047281587579977864,0.15172325472306938,0.12773958793477064,0.15168663534942275,0.9894573167842567,0.4095518273492456,1.0,0.03737252332989663,0.5274249323089005,0.003611164080949962,0.0005114122065955752,0.02032023366986716,0.9999338930386481,0.1563580636666175,0.27380845649937785,0.4145970313371643,0.4122104120971553,0.6324925984921014,0.32137754123424606,0.022762972628992205,0.0685616057890666,0.44138059288006953,0.03050140313008858,0.6690417110423967,0.4526054594294064,0.0008610788670602242,0.03496129605923042,0.0,0.030758051609638952,0.0,0.01497318090439963,0.3671099084444967,0.2525234490256019,0.08034732623584896,0.026972130574610242,0.057373794041149256,6.610696135189607e-05,6.610696135189607e-05,0.0825601917621647,0.3569733711701134,0.3503858395716649,0.0952966994643812,0.0,0.019969604151555964,0.00042393806540695444,0.0,0.20516281032104167,0.3429772795675531,0.8713993331981692,0.8133520685913469,0.01054268321574326,0.5596901210411154,0.0,0.07079670560789202,0.0002800335820725831,0.02217737605077757,0.006675876996517717,6.610696135189607e-05,0.19070199607209115,0.14703025449049875,0.004381442443289789,6.610696135189607e-05,0.9999489648081192,0.017121561936233747,0.4911962733229283,0.5743635247354183,0.5920393958044362,0.5563734827274763,0.4662826244391423,0.07851389105658368,0.052694006279971096,0.0,0.0,0.0,0.0,0.0
6.610696135189607e-05,0.018219438001127485,0.006927314382644492,0.000411931947680954,6.610696135189607e-05,0.9999342166352501,0.04427778334185543,0.005974784856931281,6.610696135189607e-05,0.9999423681286512,0.0,0.09373573872108638,0.4064102423069981,0.32188654373198894,0.001846976057871228,0.5049838698361969,0.047411011837335953,0.15186159958302758,0.1277105008847366,0.15165232481687724,0.9894518487967328,0.4095140872218482,1.0,0.03737683633141325,0.5273951920644842,0.003547582252668554,0.0005083443244999654,0.020329927365160646,0.9999338930386481,0.15658072992888017,0.27410855719024857,0.4149680336322818,0.4120019230975303,0.6326121477865932,0.32121523534581004,0.022359766698191966,0.06828227378399877,0.4413606603531437,0.029961872598412084,0.6691027730376256,0.452588451851824,0.000819270866705844,0.03481763450846778,0.0,0.03063821642560476,0.0,0.014966833757615483,0.3670299160105436,0.25243801378787345,0.08031907002685516,0.026964021698786558,0.057985852962033554,6.610696135189607e-05,6.610696135189607e-05,0.0825520928829532,0.3570702297110163,0.3502438793335506,0.09532136229759482,0.0,0.02005824541906633,0.0003979128265527538,0.0,0.20515213640601962,0.3430596247477253,0.8714702282485576,0.813530040674655,0.0105481512032672,0.559847696352547,0.0,0.07109673447808998,0.0002800335820725831,0.022249883961634437,0.006700849606459498,6.610696135189607e-05,0.19069779845658694,0.1466904063021218,0.004347749502845134,6.610696135189607e-05,0.999959856287403,0.017143972879856206,0.48972766363550885,0.5712299909948099,0.5897729370649459,0.5563944507624323,0.465054257565391,0.07833407871901889,0.0524903238174231,0.0,0.0,0.0,0.0,0.0
6.610696135189607e-05,0.018218755794047983,0.0069252850591412325,0.00040437686130175915,6.610696135189607e-05,0.999934101097362,0.044249397572101966,0.005988753131844994,6.610696135189607e-05,0.9999423688852828,0.0,0.09537162179516764,0.4096481484955662,0.3242586908935828,0.0018745160025582669,0.5066853715066169,0.04754560586827183,0.15200068667029656,0.1276744869135295,0.15161901287232923,0.9894447706049116,0.40944597622384193,1.0,0.03737935819986497,0.5273627033582439,0.003469392397832054,0.0005056487631663291,0.020339172830478276,0.9999338930386481,0.1568174515592187,0.27441433063844606,0.4153717171783255,0.41181100641659424,0.6327265420071715,0.3210433587660301,0.02198770509545628,0.06801147875367457,0.44132744731001594,0.02943449904535766,0.6691582550658918,0.45257404457504763,0.0007795072132686207,0.03467846677339195,0.0,0.03052105106587857,0.0,0.014960426185620008,0.3669378312078489,0.2523463606695335,0.08029882085814694,0.026955453115281542,0.05860875536075803,6.610696135189607e-05,6.610696135189607e-05,0.08253231056426222,0.357165524677418,0.35010870041042536,0.09534717468877084,0.0,0.020146411732630497,0.0003732181462847131,0.0,0.20514252868667998,0.34313151139148534,0.8715460058732019,0.8137025203542788,0.010555229395088305,0.5600329727102795,0.0,0.07139043434494638,0.0002800335820725831,0.022318540322771172,0.006725642160992444,6.610696135189607e-05,0.19069913183897447,0.14639095559091694,0.0043163084425716204,6.610696135189607e-05,0.999936737917795,0.017164757582403267,0.48823784475003146,0.5683641464089775,0.5875834186201122,0.5564248185411411,0.46388012944802554,0.07815361037915652,0.05229375736317044,0.0,0.0,0.0,0.0,0.0
6.610696135189607e-05,0.018218132782932064,0.006923406469303047,0.0003968369095995114,6.610696135189607e-05,0.9999339898071329,0.04422354134168147,0.006002040621179852,6.610696135189607e-05,0.999942370460346,0.0,0.09703231466367096,0.41262651615734847,0.3265471260527835,0.0019046205041997916,0.5083240764050618,0.047683560800913204,0.1521377035375437,0.1276327336529941,0.15158503016562452,0.9894370486797637,0.4093642225306037,1.0,0.03738134491438623,0.5273369358476716,0.0034140561053402343,0.0005032942980471208,0.020348189652036743,0.9999338930386481,0.15701000549225555,0.27466500797707855,0.4157357447424997,0.41163402329982896,0.6328376365084787,0.32086480691026525,0.02164387341824039,0.06774895744907324,0.44128887713182047,0.028919321443735647,0.669208807008637,0.4525661000278929,0.0007416972173024437,0.03454413184844884,0.0,0.030406342337021282,0.0,0.014954181450814593,0.3668395940393741,0.2522554107535439,0.08027909935835181,0.026947228993679583,0.05923672642012349,6.610696135189607e-05,6.610696135189607e-05,0.08250927965724479,0.35725727503418087,0.3499783513366604,0.09537664076523932,0.0,0.020233822212452537,0.0003498346436172474,0.0,0.2051356206500247,0.3431927928386453,0.8716255691297035,0.8138708379859266,0.010562951320236338,0.5602294351323751,0.0,0.07168331041710978,0.0002800335820725831,0.022385138287934234,0.006749746657009955,6.610696135189607e-05,0.19070195621280722,0.14611489878562253,0.004287028307158404,6.610696135189607e-05,0.9999443433949462,0.01718401215486093,0.4867262376608245,0.5657296104244112,0.5854700942856907,0.5564566677203625,0.46275660215120257,0.07797201154042512,0.052103403595918134,0.0,0.0,0.0,0.0,0.0
6.610696135189607e-05,0.01821742754278422,0.006921509746065716,0.0003891339449665931,6.610696135189607e-05,0.9999338831203699,0.04419948435351314,0.006015442486695552,6.610696135189607e-05,0.9999423733641241,0.0,0.09871602917090327,0.41539284004653176,0.3287604292856396,0.0019373996702735903,0.5099133859784952,0.0478257064264784,0.15227386229437495,0.12758601065987482,0.1515495143992933,0.9894289515208332,0.40927482914135527,1.0,0.03738270009010763,0.5273132677004054,0.003351260526005199,0.0005012685468900077,0.020356730866873386,0.9999338930386481,0.15721000009571756,0.27491023190278835,0.4161088959654592,0.41147009461671,0.6329463672367132,0.3206810267313528,0.02132514799580253,0.06749487939447524,0.4412488789362627,0.028415560432346346,0.6692559310618734,0.4525649616321313,0.0007057457853539395,0.034414627814118165,0.0,0.03029399054537116,0.0,0.014948070203813267,0.3667409631280226,0.25216404400146186,0.08025995432943923,0.026939067672366153,0.05986322203131833,6.610696135189607e-05,6.610696135189607e-05,0.08248553274844589,0.35734459577321226,0.3498514189317709,0.0954092734973343,0.0,0.020320336033741847,0.00032772120886916567,0.0,0.20512798535555288,0.34324289509559525,0.8717082435547713,0.8140358577865885,0.010571048479166827,0.5604311803132735,0.0,0.07196576376308522,0.0002800335820725831,0.022448660976851935,0.006774351287178448,6.610696135189607e-05,0.19070123702333097,0.14585326517798122,0.0042558528822581486,6.610696135189607e-05,0.9999570468613133,0.017202213831515895,0.4851936706004097,0.5632820119576657,0.5834243552861434,0.5564860001845946,0.4616710535891584,0.07779037715609535,0.05191828097789854,0.0,0.0,0.0,0.0,0.0
6.610696135189607e-05,0.018216670465634962,0.006919684558782323,0.000381096290008844,6.610696135189607e-05,0.9999337794463012,0.04417673166630803,0.006029532523920839,6.610696135189607e-05,0.9999423779572821,0.0,0.10041787087768356,0.4179722479606574,0.3308982034029767,0.0019728917384655474,0.511452611211174,0.04797090940136904,0.1524077029693527,0.12753497285872775,0.1515119841959911,0.9894205182357961,0.40917959262215353,1.0,0.03738436784174601,0.5272960779635317,0.0032891728791542207,0.0004995049884779894,0.020364901005416113,0.9999338930386481,0.1574048279217029,0.2751409535119929,0.41647242758871866,0.41131718793595456,0.6330519915924994,0.3204923271262365,0.02102894323379353,0.06724865482959769,0.44120921299140475,0.027923437005149487,0.6692993366793737,0.4525698879930585,0.0006715587599339919,0.034289635751655216,0.0,0.030183763098587144,0.0,0.014942146441465787,0.3666409640181384,0.2520742675107311,0.08024154410283263,0.02693106073982368,0.06048329261759634,6.610696135189607e-05,6.610696135189607e-05,0.08246105473232976,0.3574278545442987,0.34972856224135745,0.09544545910999286,0.0,0.02040592898099842,0.0003068280358787669,0.0,0.20512099411286622,0.3432843807204919,0.8717934683813383,0.8141983800523537,0.010579481764203827,0.5606366442792594,0.0,0.07224118391515326,0.0002800335820725831,0.022510296691429208,0.006796989914716421,6.610696135189607e-05,0.19069383438092863,0.14563279851700678,0.004229656351775117,6.610696135189607e-05,0.9999360627551929,0.017219446166143234,0.48364434288608704,0.5609988088055491,0.5814472127864273,0.556511067234251,0.46062395178367654,0.07760875980639105,0.05173802831709701,0.0,0.0,0.0,0.0,0.0
6.610696135189607e-05,0.018215915338122897,0.0069179200831374745,0.0004058707449056305,6.610696135189607e-05,0.9999336794078989,0.04415607001881144,0.0059633510986863945,6.610696135189607e-05,0.9999422392446983,0.0,0.10213334016925577,0.42038474927661185,0.33296045882598846,0.002011147388080994,0.5129412827228161,0.048118728847220946,0.15253912472395914,0.12748018931744426,0.15147258787695578,0.989411722331284,0.40907934297281945,1.0,0.03738666317017228,0.5272863494436884,0.0032284211043444983,0.0004979758835994535,0.020372739356376582,0.9999338930386481,0.15759334986380208,0.2753584288454155,0.4168225049326922,0.41117476914062506,0.6331545450523092,0.32029899492925706,0.02075295295168808,0.06700998566319535,0.44117087040613434,0.027443161725644684,0.6693393894614701,0.4525801929566341,0.0006390493937466972,0.034168947521090016,0.0,0.030075544872805306,0.0,0.014936378096330033,0.3665401839758944,0.25198543435857096,0.08022419173214158,0.02692318423448282,0.06109844638596144,6.610696135189607e-05,6.610696135189607e-05,0.08243564256551884,0.35750733885204355,0.3496095052312343,0.0954857931405736,0.0,0.020490465395130626,0.00028711771552005015,0.0,0.20511475930363327,0.3433181851480531,0.8718807612888091,0.8143584646019542,0.010588277668715987,0.5608451121543753,0.0,0.07251095107352906,0.0002800335820725831,0.022603473879169365,0.006818730290987306,6.610696135189607e-05,0.190680039449027,0.1452822587669567,0.004208654322777657,6.610696135189607e-05,0.9999390996243273,0.01723594971645652,0.4820818717609135,0.5588622977717002,0.5795390901156856,0.5565308644902647,0.45961555555153927,0.07742712238767564,0.05156249717135369,0.0,0.0,0.0,0.0,0.0
6.610696135189607e-05,0.018214768640934152,0.006915109429814844,0.0003960229230593409,6.610696135189607e-05,0.9999335818957743,0.044132047339042114,0.005984300094773146,6.610696135189607e-05,0.9999423157121778,0.0,0.10387275545818721,0.42265406054313026,0.33493333929089864,0.002052811963817561,0.5143731896787818,0.048269344394540656,0.15265901344814,0.12745233942766424,0.15143269810112492,0.989412806451117,0.40911726010951666,1.0,0.03738897468544104,0.5272684833433482,0.003168855404316642,0.0004965945041620862,0.02037998891388574,0.9999338930386481,0.15777691132330335,0.27556363131533573,0.4171672639102342,0.41103743932095566,0.6332551577811968,0.3201065376291798,0.02049663916628598,0.0667831776888527,0.4411391450644146,0.026979743915327235,0.669382243578482,0.4526036135374131,0.0006081479755898868,0.03405328032862558,0.0,0.029971068482747356,0.0,0.014931601006489891,0.36649686362971196,0.25193304756114304,0.08017909576078584,0.02691884575500385,0.061526623310079624,6.610696135189607e-05,6.610696135189607e-05,0.08245503296204762,0.35757651784294514,0.3494913644699338,0.09551491461875226,0.0,0.02057060070806875,0.0002684817109964134,0.0,0.20510320816842056,0.34334228828026025,0.8719395125967458,0.8145140215702494,0.010587193548883088,0.5609116714077361,0.0,0.07277536947019621,0.0002800335820725831,0.022674424778717055,0.00683750622141047,6.610696135189607e-05,0.19066446908093476,0.1450089885118711,0.004192767873308149,6.610696135189607e-05,0.9999504830224072,0.017253477748869383,0.48050579229388085,0.5568493002905838,0.57771288231218,0.5565395612607715,0.4586470664058911,0.0772452038585568,0.051395084734186657,0.0,0.0,0.0,0.0,0.0
6.610696135189607e-05,0.018214832678944765,0.006913627869952121,0.0003865590348473211,6.610696135189607e-05,0.9999334957391145,0.044108974785109424,0.006004754412535163,6.610696135189607e-05,0.9999423254656545,0.0,0.10561891302941834,0.4248146167275261,0.33684364330919797,0.002097485655202147,0.5157742746653543,0.04842285686265422,0.15278133830903576,0.12741738279660517,0.15139779483694044,0.9894086088164871,0.4090780056146347,1.0,0.03739209391962265,0.5272496905977544,0.0031056200151418608,0.0004955409581525019,0.02038647358537573,0.9999338930386481,0.1579582719694576,0.2758053899807897,0.41744923812439283,0.41090911434274985,0.6333397672143487,0.31990991584444833,0.020255916206406453,0.06656206226411089,0.44110786468079544,0.026526836126332408,0.6694149447068646,0.4526101562190721,0.0005787251493798009,0.03393954579875728,0.0,0.029869090996410882,0.0,0.014926794176967313,0.3664252349575706,0.25186125751786176,0.08016638121920674,0.026911362954104324,0.062056302656716855,6.610696135189607e-05,6.610696135189607e-05,0.08243657243309262,0.3576489688865481,0.3493892495093393,0.0955478212689683,0.0,0.02064992306422539,0.00025088876904842705,0.0,0.20509775725688692,0.3433756464532254,0.8720038920540151,0.8146626593643023,0.01059139118351297,0.5610529033889544,0.0,0.07303436841738171,0.0002800335820725831,0.022739147915943975,0.006857839616560897,6.610696135189607e-05,0.1906429877499056,0.1447542265111875,0.004171751565123667,6.610696135189607e-05,0.9999335005320017,0.017270983276312102,0.47892334985716506,0.5549294670660675,0.5759443713624658,0.5565437608949539,0.4576988892083133,0.07706444117359426,0.05123285901866678,0.0,0.0,0.0,0.0,0.0
6.610696135189607e-05,0.01821497139538379,0.0069124136662021595,0.0003768726772221237,6.610696135189607e-05,0.9999334098697817,0.04408882515842249,0.006024194150402644,6.610696135189607e-05,0.9999423360647345,0.0,0.10736806509936449,0.4268690855545632,0.3386935987125074,0.002145263807822713,0.5171389664105618,0.048577825420103304,0.15290459309104718,0.12737726384458428,0.1513663437489219,0.9894022077846849,0.4090078505797398,1.0,0.037395354882687575,0.5272394223736908,0.0030526763544938685,0.0004945717386001183,0.020393516616617494,0.9999338930386481,0.15811886314269064,0.27600092837923185,0.41772569708489826,0.4107886844873753,0.6334217244832279,0.31971237847226297,0.02002847652596229,0.06634704427714695,0.441078170453166,0.026084352211861856,0.6694449557633728,0.4526158350933015,0.0005507379526410784,0.033829332528153316,0.0,0.029769358695084326,0.0,0.014921937362727556,0.36634251622455505,0.2517869830602541,0.08015424483788387,0.026904814557760247,0.06261943622889615,6.610696135189607e-05,6.610696135189607e-05,0.08241181217029951,0.35771846602713214,0.3492902851008205,0.09558468892971728,0.0,0.02072726708393585,0.0002343230080175661,0.0,0.20509403274950838,0.34340494061169996,0.8720719982027746,0.8148043237229248,0.010597792215315142,0.5612227907251758,0.0,0.0732894843993619,0.0002800335820725831,0.022801310567961038,0.006875480083849648,6.610696135189607e-05,0.19062113425397506,0.144518139002381,0.004156528960730795,6.610696135189607e-05,0.9999646389926918,0.017287990415951613,0.4773348674986553,0.5531024379194744,0.5742320899264098,0.5565422427309937,0.4567766813775764,0.07688318606701558,0.051074631203951455,0.0,0.0,0.0,0.0,0.0
6.610696135189607e-05,0.018214882260165315,0.006911113053220927,0.0003999662187265804,6.610696135189607e-05,0.9999666575365376,0.04407154947434281,0.005962723079625396,6.610696135189607e-05,0.9999422031474966,0.0,0.10911751116821773,0.4288315406858866,0.3404869993901686,0.0021962869664353497,0.5184701054660511,0.048734622168072075,0.1530282123614387,0.12733141698931455,0.1513350060001895,0.9893944252712215,0.40891966132982377,1.0,0.03739845851722026,0.5272368693574064,0.0030027546588352917,0.0004937003656205328,0.020400352034249117,0.9999338930386481,0.1582724729295697,0.27617592544786296,0.4180009711748688,0.4106754601364712,0.6335025057429479,0.3195122621861467,0.019812746208466327,0.06613845489046663,0.4410475679947892,0.025651495140674583,0.669472034913733,0.4526235954718807,0.0005241190877213877,0.03372267786575064,0.0,0.029671497839618522,0.0,0.014917036763549264,0.3662550007850474,0.251710136797335,0.08014292358827828,0.026898304943148772,0.0631965890947676,6.610696135189607e-05,6.610696135189607e-05,0.0823852051005897,0.3577844842670676,0.3491927191930499,0.09562639168049779,0.0,0.020802648717673154,0.00021875588365448322,0.0,0.2050908425082928,0.34342820694916343,0.8721444639229641,0.8149423161340599,0.010605574728778542,0.5614088408305578,0.0,0.0735390714765914,0.0002800335820725831,0.022860485534151025,0.006892196686092573,6.610696135189607e-05,0.19062294052184003,0.14428405557977192,0.004143051277551428,6.610696135189607e-05,0.9999646775041905,0.017304775064002194,0.4757438349651379,0.5513557131056471,0.5725718970016916,0.556537389155121,0.4558783993932743,0.07670250040990209,0.05091998521751718,0.0,0.0,0.0,0.0,0.0
6.610696135189607e-05,0.018214362530161298,0.006909199274897652,0.00038898295377687276,6.610696135189607e-05,0.9999665768430754,0.04404991496444666,0.005986438736307916,6.610696135189607e-05,0.9999422822608645,0.0,0.11087285006141318,0.43066892195507206,0.3421952761763414,0.0022510971061299972,0.5197323364095185,0.0488916117980475,0.1531395878790418,0.12730998404366484,0.1513030141712495,0.9893961120188651,0.4089611705156271,1.0,0.037401272268694205,0.5272356045861628,0.002958062859290487,0.0004928600791385014,0.02040684233441455,0.9999338930386481,0.1584161984255688,0.2763323521208707,0.4182679505246265,0.4105668085562172,0.6335824525040634,0.3193104841780391,0.019608744278921193,0.06594025287417217,0.4410136024068634,0.025232951901123075,0.6694992534596625,0.45264212804010107,0.000498812605189296,0.033620383805595476,0.0,0.029577084878972253,0.0,0.014913283181981799,0.3662172769319574,0.2516699248343681,0.08010301363914649,0.026894958411795768,0.06353268097552997,6.610696135189607e-05,6.610696135189607e-05,0.08240352851050048,0.3578424681482092,0.3490963419497206,0.09566923649064385,0.0,0.020876884728690037,0.00020414228062405834,0.0,0.20508468998883234,0.3434463107097189,0.8721912033511459,0.815076602023155,0.010603887981134832,0.5614617446054007,0.0,0.07378192112974657,0.0002800335820725831,0.022917150734043275,0.006906407123016377,6.610696135189607e-05,0.19059894595057986,0.14406493074764976,0.0041369869487741205,6.610696135189607e-05,0.9999647155900316,0.017321205546216054,0.47414742926990405,0.5497223337660068,0.5709875862207964,0.5565311582063827,0.4550347116893584,0.07652444475345761,0.05077197337113824,0.0,0.0,0.0,0.0,0.0
6.610696135189607e-05,0.018214920027755533,0.00690830438873596,0.0003782606855186755,6.610696135189607e-05,0.9999665055470768,0.04402919386625165,0.006009910599998444,6.610696135189607e-05,0.999942296563546,0.0,0.11261998343877352,0.43243404653190476,0.3438506535469933,0.002309361874283084,0.5209674346853671,0.049050452933882265,0.1532547493855609,0.12727976216746742,0.151275513561818,0.9893921831874565,0.40892358467414464,1.0,0.03740526157494198,0.5272344936237183,0.002884678463718705,0.0004531038537848225,0.020413133826628557,0.9999338930386481,0.15859665713378074,0.27671061327213226,0.41882402135766295,0.4104867453769087,0.6336494436500703,0.31910279901505306,0.019414699275008444,0.06574609584381655,0.4409811192614607,0.02482350602911048,0.6695171988569205,0.452644052773025,0.00047471714127307965,0.03351975528402646,0.0,0.029484998663381657,0.0,0.014909400466011436,0.3661524301568892,0.2516068054372725,0.08009464455154063,0.02688830894227121,0.06400192965957162,6.610696135189607e-05,6.610696135189607e-05,0.08238440476321267,0.35790397531960005,0.3490133576497249,0.09571823636365721,0.0,0.02095072160995371,0.00019041352776289424,0.0,0.2050831905765228,0.3434729646466526,0.8722455206912595,0.8152047311541555,0.010607816812543514,0.5615914166624737,0.0,0.07402817650977338,0.0002800335820725831,0.022972527904325732,0.006922405445890398,6.610696135189607e-05,0.19056506840986198,0.14384725871354737,0.004125847642980856,6.610696135189607e-05,0.9999647472377834,0.01733719870020485,0.4725589811825163,0.5481512541930867,0.5694525289992365,0.5565191053364934,0.4542090592855224,0.07634915763267451,0.05062823319476147,0.0,0.0,0.0,0.0,0.0
6.610696135189607e-05,0.018215169442838387,0.006907546457308694,0.00040047023185581644,6.610696135189607e-05,0.9999664321426396,0.044013191758769714,0.005951385293599207,6.610696135189607e-05,0.9999421664339135,0.0,0.11435747484411642,0.43414117370212313,0.3454627829688402,0.002371273311982553,0.5221814011771593,0.04920905411048555,0.15337061159442894,0.12724260593502887,0.15125003847383017,0.989385700040288,0.40885141744381065,1.0,0.03740813198408422,0.5272256612003589,0.0028225910761390206,0.00041977052045148917,0.020419260709402292,0.9999338930386481,0.15876904175189785,0.2770086864585084,0.41979037764441407,0.4103973356746368,0.6336689745521938,0.3188374621187841,0.01923088180319483,0.0655588749552744,0.44088301595988294,0.024425235264542305,0.6694910900462502,0.45264349241674956,0.00045181265297051187,0.033421257274633485,0.0,0.02939494011964251,0.0,0.014904620932076283,0.366081003582558,0.25151631634067123,0.08010293117225599,0.026884306918638776,0.06451074515990979,6.610696135189607e-05,6.610696135189607e-05,0.08238818285971672,0.3579646931892617,0.3489783729968001,0.09582760388922568,0.0,0.02102213404786877,0.0001775817792445191,0.0,0.2051236443275337,0.34350018532955096,0.8723055814120007,0.8153287042515364,0.010614299959711962,0.5617536424365469,0.0,0.07426946333645415,0.0002800335820725831,0.023027451707534164,0.0069431101120566085,6.610696135189607e-05,0.19054995242174583,0.1436147414212491,0.004097272230373659,6.610696135189607e-05,0.9999647769192461,0.017352652451006145,0.47097745914787387,0.546627944494682,0.5679562080280166,0.55656812894889,0.4533933635582984,0.07617621151573056,0.0504857106592706,0.0,0.0,0.0,0.0,0.0
6.610696135189607e-05,0.018214825604735724,0.006906312811921098,0.0003885807775000681,6.610696135189607e-05,0.9999663600847671,0.04399558485295104,0.005977243089997579,6.610696135189607e-05,0.999942248473996,0.0,0.11609394294451655,0.4357622812424013,0.34700817158044167,0.0024373690296331002,0.5233435422693187,0.04936505287173488,0.15347430366547976,0.12722868599234544,0.1512243883881633,0.9893883345894756,0.4089023158735102,1.0,0.03741114593912106,0.5272158678940804,0.0027582802642781433,0.00040091909947647015,0.020423445209688182,0.9999338930386481,0.1589453960585849,0.2772136181937016,0.4207393328559123,0.41029875291996637,0.6336676873559194,0.31854308268520126,0.019056867826250254,0.06538291779798451,0.44077551276177834,0.024041027279848384,0.6694442643633399,0.45266444809433093,0.00043005316073612044,0.03332594161298301,0.0,0.0293082224728426,0.0,0.014901172298560663,0.36606122625288523,0.2514591004322925,0.08008005476778003,0.02688167208245958,0.06480592520137168,6.610696135189607e-05,6.610696135189607e-05,0.08242728322316924,0.35801854652085313,0.34896503369130094,0.0959709640740836,0.0,0.021090549379030828,0.00016559507975420976,0.0,0.20518505679699028,0.343513996587199,0.8723412608469185,0.8154496699988537,0.010611665410524388,0.5617894616536472,0.0,0.07450634868599364,0.0002800335820725831,0.02308020340752886,0.0069619213215790865,6.610696135189607e-05,0.19054050148938423,0.14338820685297554,0.004075336604187287,6.610696135189607e-05,0.9999648046467345,0.01736727895277966,0.46939201029619854,0.5451808509313484,0.566518361242543,0.5566215231288344,0.452615430450833,0.07600562596793493,0.05034725165299032,0.0,0.0,0.0,0.0,0.0
6.610696135189607e-05,0.01821534742248936,0.006906089093066745,0.000376927550518112,6.610696135189607e-05,0.9999662932063892,0.04397970661018368,0.006002626810244103,6.610696135189607e-05,0.9999422659142715,0.0,0.11781625357948536,0.43734509285110473,0.34851943590857265,0.0025073256981096186,0.5244930852432,0.049520235053809994,0.15358205887175458,0.12720466106448736,0.15120263763327826,0.9893851714581371,0.4088698832404568,1.0,0.037415441458637115,0.5272120074780158,0.002689991939310403,0.0004001911258407293,0.02042672726349704,0.9999338930386481,0.15911552242781282,0.27738513719256985,0.4213892271722649,0.41019815503915813,0.6336535410389066,0.3182402878244421,0.018890097562266905,0.06521058746512687,0.4406891836158262,0.023664239480111975,0.6693843606090611,0.4526779900971058,0.0004093400511904257,0.033231273495444066,0.0,0.029223373381880382,0.0,0.0148979155242085,0.3660097392643753,0.25138437443289824,0.0800819207907655,0.02687525643833222,0.0652473834218509,6.610696135189607e-05,6.610696135189607e-05,0.08241334769309097,0.3580775437796638,0.34896576185895534,0.09612792907426329,0.0,0.021157052191733784,0.00015437672178616218,0.0,0.20525830582066273,0.3435285836670992,0.8723859988843222,0.8155660888712777,0.01061482854186292,0.5619067433776629,0.0,0.07474033395916149,0.0002800335820725831,0.023132065371836274,0.006981067399519595,6.610696135189607e-05,0.19052418578628402,0.1431668901807297,0.004054541848973696,6.610696135189607e-05,0.9999648349972442,0.017380697102138066,0.4678155295218093,0.5437648095866284,0.5651129244345667,0.556649113964278,0.4518426752766879,0.0758370985164662,0.05021136736404047,0.0,0.0,0.0,0.0,0.0
