0_primarytoI_spread,0_primarytoII_spread,0_primarytoIII_spread,0_primarytoIV_spread,0_primarytoV_spread,0_ItoII_spread,0_IItoIII_spread,0_IIItoIV_spread,0_IVtoV_spread,0_late_p,0_C01_coef,0_C02_coef,0_C03_coef,0_C04_coef,0_C05_coef,0_C06_coef,0_C09_coef,0_C10_coef,0_C12_coef,0_C13_coef,1_primarytoI_spread,1_primarytoII_spread,1_primarytoIII_spread,1_primarytoIV_spread,1_primarytoV_spread,1_ItoII_spread,1_IItoIII_spread,1_IIItoIV_spread,1_IVtoV_spread,1_late_p,1_C01_coef,1_C02_coef,1_C03_coef,1_C04_coef,1_C05_coef,1_C06_coef,1_C09_coef,1_C10_coef,1_C12_coef,1_C13_coef,2_primarytoI_spread,2_primarytoII_spread,2_primarytoIII_spread,2_primarytoIV_spread,2_primarytoV_spread,2_ItoII_spread,2_IItoIII_spread,2_IIItoIV_spread,2_IVtoV_spread,2_late_p,2_C01_coef,2_C02_coef,2_C03_coef,2_C04_coef,2_C05_coef,2_C06_coef,2_C09_coef,2_C10_coef,2_C12_coef,2_C13_coef
0.0118089188656902,0.2784658860034101,0.1444232444812168,0.0483739291467662,0.0307436832282042,0.6015322931712008,0.2903694394134332,0.0756744391272202,0.094746239124151,0.3754782090336233,0.021099318150527,0.0886841119675274,0.0,0.0409766776978019,0.0158800915222495,0.0,0.0739300276749936,0.2665980096261178,0.9813403691980208,0.9453824994277268,0.0567839042166583,0.0262540026274345,0.0141742211315325,0.0039937039174447,6.610696135189607e-05,0.1712293155584608,0.0457129764003157,0.0106668186589072,6.610696135189607e-05,0.6899616940479233,0.01290498098338,0.6338443563204551,1.0,0.8653017912873523,0.5364839564364735,0.9432013595368922,0.0694999317664346,0.2164889402561701,0.0,2.8707606741286643e-06,0.0311031614865469,0.45114027158381,0.0627083970313109,0.0091547734451396,0.0193188883272538,0.9999646028863586,0.1129915173795955,0.1750561464256808,0.1591538136117053,0.3957122191770844,0.9659957008660928,0.2774715317120175,0.0,0.0937215310148457,0.447635952041277,0.0567986404631077,0.8565700405585717,0.516913050117712,0.0186596308019793,0.054614629811599
0.009101370548245537,0.2900882753774442,0.14021854893524477,0.044507068739442546,0.02969052734417562,0.6807675788349264,0.28222161540825885,0.07348107096332955,0.052430009435767554,0.39573260690370077,0.0208715136494482,0.08374338981605102,0.0,0.04652746597913163,0.01688003605350054,0.0,0.07026875415350413,0.2865523680546028,0.981007612474704,0.9467460340903945,0.05708967468373464,0.023146761471809232,0.016634414702508607,0.0034157362126693482,6.610696135189607e-05,0.1381393282495741,0.044223643052706506,6.610696135189618e-05,6.610696135189607e-05,0.8620567750784491,0.011314749154649502,0.6605377992217969,1.0,0.8616189403045412,0.5253181409405593,0.9386600375940926,0.0704542526300039,0.21932203453502433,0.0,2.708591657031218e-06,0.029356769472929006,0.4615360962908581,0.06600557542189005,0.006969183110488992,0.015951732637270098,0.7545337560409574,0.11028531482299433,0.18709470453941487,0.18608747004303589,0.414319530656025,0.9678137371959022,0.2557188109621521,0.0,0.09185359371632713,0.4578018230059403,0.06133996240590748,0.859276993216492,0.4941255974103728,0.018992387525295956,0.05325125731794852
0.008395283289959133,0.28664132768346234,0.13493061661166642,0.04362693146329703,0.030057769153630766,0.7540125017197238,0.27871246152930174,0.07072730497139923,0.042150854497296,0.40139077339577484,0.021183762521866396,0.08079335513477835,0.0,0.05024662792407284,0.017127136142618,0.0,0.06753047143384983,0.3047795000164188,0.9806627674376177,0.9496146160666047,0.05780284852681615,0.022022487924510892,0.017873728827944156,0.0033479131493351607,6.610696135189607e-05,0.14511662460601632,0.05093773135240711,6.610696135189607e-05,6.610696135189607e-05,0.8850761912454281,0.01143334213640793,0.676243459905845,1.0,0.8611475715492986,0.5241816312586935,0.9334679951201034,0.07353307923385177,0.2248332172145155,0.0,2.5741642342382474e-06,0.028640098765527294,0.46411028292980744,0.06512659542558873,0.006719161223175292,0.015528244891693042,0.7836069321086414,0.10894867155846143,0.19427991259301397,0.2006123334394814,0.4146436476450696,0.9673828953417257,0.24296318495937663,0.0,0.08860580052662861,0.4586912325986885,0.06653200487989663,0.8589364493322984,0.4703872827690657,0.019337232562382237,0.05038280976916106
0.008191832181695852,0.2855580709261519,0.13324707731802068,0.043056752164929775,0.030112163249238696,0.7685684356150857,0.27779489742704067,0.06987644165861909,0.03961221858831358,0.4032432467879809,0.021672513532971602,0.0798015032028367,0.0,0.05353748695732146,0.01721241191295727,0.0,0.06528675572751416,0.3229801747580854,0.9802198287828793,0.9525995855135326,0.05799589743944004,0.021617079739456143,0.018450954108111903,0.003364993258424482,6.610696135189607e-05,0.14787512745540837,0.05566142319256397,6.610696135189607e-05,6.610696135189607e-05,0.8921629091552703,0.012072491500164885,0.6845119995106443,1.0,0.8602980654956881,0.5248754453283317,0.9287594897022919,0.07657179572387504,0.2278298624976588,0.0,2.404076958648421e-06,0.028218849429057915,0.46795269487893665,0.06475513959500698,0.006589517531331884,0.01532667823420117,0.8264094478329606,0.10822539712136547,0.19893909456866543,0.20596186905637315,0.4131659709874774,0.9662549949668635,0.2356864972865189,0.0,0.08616444754699054,0.457912142758711,0.0712405102977081,0.8581414485486107,0.4491899627442559,0.019780171217120748,0.0473980104095088
0.008097285421542078,0.2845043286790632,0.13222652325680284,0.04264500265968934,0.03020550428617943,0.7741799441792176,0.277271521615066,0.06926076996443549,0.038844560272174804,0.404649413099725,0.022271023551971334,0.07974297596144009,0.0,0.056314391467252936,0.017181332232560936,0.0,0.06338165307416,0.34080422808284505,0.9797456982630907,0.9554475662388571,0.0579899224301905,0.0212862362522082,0.018483030097911326,0.003396575807474566,0.00010696331036034353,0.14923482564756735,0.058870371871186676,6.610696135189607e-05,6.610696135189607e-05,0.8981748536091924,0.013053518253611836,0.6892136057760379,1.0,0.8595968926985004,0.5265352634158776,0.9249762021079874,0.07966002946138845,0.2294080345054376,0.0,2.233122563776153e-06,0.028059885696694015,0.4722617128101229,0.06460356419331488,0.006543801985175346,0.015259912473402198,0.8914163361489094,0.10775022043565208,0.20241702546265866,0.20782538377064314,0.4114655899149909,0.9646754581944168,0.23104341826252203,0.0,0.08408871583424671,0.4562834043515615,0.07502379789201263,0.8569583174644515,0.42978773741171733,0.020254301736909352,0.044550200638579195
0.008040419303151405,0.28372202541186237,0.13151317673808266,0.04227774661443362,0.030178969133583384,0.7765980530663958,0.27678115625887667,0.06881921468000754,0.0390542202516853,0.4056915387144413,0.022939513777099782,0.08012645787728014,0.0,0.05856420043820296,0.017071230411903296,0.0,0.06174543560847903,0.35812827310352136,0.9792476449466891,0.9581173270928357,0.057903169376481566,0.02099004050045867,0.018416223231366727,0.0034226953848766643,0.00010696331036034353,0.1497999456212173,0.06070443385262931,6.610696135189607e-05,6.610696135189607e-05,0.9041620955828025,0.014286972804945649,0.6921522814848902,1.0,0.8591413521450519,0.5284223343062037,0.9219339337957496,0.0828129262050401,0.23000650830045266,0.0,2.06652921768393e-06,0.027996169361874764,0.4767709667430112,0.06457278238462988,0.006531094615735263,0.015219792852169386,0.9801690050166252,0.1073270776518761,0.20522796795550152,0.20852869918114064,0.4099136437740476,0.9627735134179546,0.22772126063782971,0.0,0.08229444741674506,0.45450643528189305,0.07806606620425044,0.8554416381864809,0.41186521859602604,0.02075235505331082,0.0418806063779467
0.007994004301121597,0.2830341874939716,0.1309482005592286,0.04189713839608301,0.030127769964258512,0.7786920598480381,0.2763772704831167,0.06860688836527719,0.03955274189425523,0.40654556143136905,0.023666676898647834,0.0809304186518718,0.0,0.060594595242634094,0.01690246470927336,0.0,0.06033772221707777,0.37490951550270024,0.9787346511999441,0.9606311782176589,0.05777860540339869,0.020734830408802727,0.018343986318460355,0.0034425713141128253,0.00010696331036034353,0.14975793488229297,0.06162272087090848,6.610696135189607e-05,6.610696135189607e-05,0.9099481992554447,0.01576667303387422,0.6937623946249819,1.0,0.8585907249277877,0.5303150690978531,0.9195013964164825,0.08603583477628242,0.22985814201921004,0.0,1.9064548346770651e-06,0.027964558586512325,0.48120536892365184,0.0645781034735922,0.006530690348181692,0.015224971916361347,0.9999419450564558,0.10692499307165079,0.20762756649020134,0.20855666260766648,0.40890371542961834,0.960566650067478,0.22530718672314637,0.0,0.08081467982957823,0.45278246619287366,0.08049860358351744,0.8536264430066398,0.39523234247808975,0.021265348800055928,0.039366915327506455
0.00795520265160113,0.2824346299629836,0.13044911580358662,0.041510926985932624,0.030051121653059166,0.7833722585314384,0.2759849912920656,0.06853618367493658,0.040179738176873495,0.4072371410373011,0.02444129535107829,0.08197866993655566,0.0,0.06240804869387137,0.016686702511722537,0.0,0.05912085469600544,0.39103601301281216,0.978205169392078,0.9630082374756006,0.057573032501061924,0.020555845739516538,0.01827596446190838,0.0034577967419988573,0.00010696331036034353,0.14972541042146492,0.062099637175981964,6.610696135189607e-05,6.610696135189607e-05,0.9152060017011551,0.01730789084905681,0.6946378807325938,1.0,0.8580398006679102,0.5321069825240293,0.9176039125181451,0.08923707341213337,0.22923537044302558,0.0,1.7536867910951822e-06,0.027965587922701197,0.48559807929520177,0.06457880774921616,0.00653197284668297,0.015238525073916011,0.999939077573803,0.10649218661675733,0.20965867428660578,0.20825144020755823,0.4081375516467479,0.9582508137998649,0.22338344933085055,0.0,0.07955215063821847,0.4512063149642481,0.08239608748185492,0.8516420718918611,0.3797286165441623,0.02179483060792201,0.036990008837608314
0.007921932452141336,0.281900919021985,0.12996212463469417,0.041170015557515455,0.029967392235405135,0.7888562049509882,0.2757338662642306,0.06847329411523566,0.04085542976188616,0.4078344457997095,0.02526501762099055,0.08315712713386621,0.0,0.06399946246254262,0.016433464028127384,0.0,0.05807767820764004,0.40643246303941233,0.9776624910244516,0.9652639970746456,0.05736614173435923,0.020390547317762305,0.018218327904358414,0.003470252337214711,0.00010696331036034353,0.14974114977165912,0.062308039030205244,6.610696135189607e-05,6.610696135189607e-05,0.9199816777619194,0.018847061791664167,0.6952040589405682,1.0,0.8576114968243407,0.5338661525145029,0.9162118631475601,0.09239720900626604,0.22836708255610944,0.0,1.6092668687873962e-06,0.027984607230392994,0.4898920638804371,0.0646051776725351,0.006534880452372547,0.01525723745770121,0.9999338930386481,0.10602027746196958,0.21145206344028367,0.20780564903897975,0.40751321062078805,0.9558879205873453,0.22163881392556556,0.0,0.07838904071311666,0.44970038345736973,0.08378813685243995,0.8495251127860939,0.3652004544044782,0.022337508975548457,0.034734393658485574
0.00789257733553501,0.28142713165561645,0.129475028501569,0.04082908145251278,0.02987758734952656,0.7942024126191145,0.27555568614003817,0.06850722502354721,0.04154746274243491,0.4083401838131923,0.02613889906386772,0.08441376054094792,0.0,0.06540298499169174,0.016153274438666047,0.0,0.05718838915622198,0.42105078961220616,0.9771070111086723,0.9674033732775926,0.05716558692404859,0.02024046171023294,0.018172858213525888,0.003482548784863067,0.00010696331036034353,0.14976821681489327,0.06237487392789832,6.610696135189607e-05,6.610696135189607e-05,0.9242977464947314,0.02036660883780795,0.695593804649849,1.0,0.8572718720594722,0.5355545654763608,0.9151904579757443,0.09549947649752122,0.227352835063848,0.0,1.4734367096531291e-06,0.028007092593666922,0.49410888195616004,0.0646572520507089,0.006536805796244766,0.015278967956049033,0.9999338930386481,0.10551336107023299,0.213101714661992,0.20730886730448134,0.4069923453332585,0.9534944920983244,0.21999243480920316,0.0,0.07732514294883604,0.4482921600849732,0.08480954202425572,0.8473121343462569,0.3515963753239459,0.022892988891327726,0.032595153285697724
0.007866670052883492,0.28100629617885714,0.12899519866826506,0.040505216244017594,0.02978848665080187,0.7993942274388826,0.27542805945609594,0.06857945526496705,0.042221895286641574,0.40877966871988963,0.027064374509880012,0.08571374282481938,0.0,0.0666499458869309,0.015849630073480867,0.0,0.0564358169695544,0.43488216560677534,0.9765405346084266,0.9694343603285085,0.056975836080267905,0.020106257424274087,0.018137641680650806,0.003493622191336175,0.00010696331036034353,0.14982133180448506,0.06237517764882776,6.610696135189607e-05,6.610696135189607e-05,0.9281941619156914,0.02185691624644682,0.6958901534869242,1.0,0.8569972873024007,0.5371832847737642,0.9144408225633328,0.09853492491056984,0.2262545544238119,0.0,1.3461029558451576e-06,0.028030517326123924,0.4982242438579244,0.0647333244940762,0.006537104956523407,0.015302791756230208,0.9999338930386481,0.10498228478672963,0.214626406057807,0.20681204275014542,0.4065629203047607,0.9510787092436732,0.2183961036882565,0.0,0.07635276681066848,0.4469670851527549,0.08555917743666723,0.8450292581198757,0.3388632799694128,0.023459465391573377,0.030564293568535652
0.007843700015184215,0.280630542195502,0.12852543245752443,0.04019908596197273,0.029701949535629223,0.8043762798763991,0.2753233303022364,0.06867499978226513,0.04286385528428095,0.4091689432193087,0.02804255467207947,0.08703329205940075,0.0,0.0677627071962433,0.01552713737243867,0.0,0.0558044843428713,0.44792305612231825,0.9759640190355447,0.9713618891376581,0.05683070489054429,0.019991659009219877,0.018109962133525986,0.003504593886711415,0.00010696331036034353,0.14988537375350233,0.06234519946955045,6.610696135189607e-05,6.610696135189607e-05,0.9314640998806292,0.02331075631512209,0.6961376772974849,1.0,0.8567758623981068,0.5387576608554218,0.9138930094067336,0.10149306187997649,0.2251195970630391,0.0,1.2271870123100983e-06,0.02805329205932246,0.5022480294323605,0.06482733428444211,0.006535453485811634,0.015327635539768843,0.9999338930386481,0.10443455211534487,0.21604531339008134,0.2063356746692994,0.4062054182470643,0.9486466890127985,0.21682903064311446,0.0,0.07546143040564998,0.4457152017721396,0.08610699059326642,0.8427024537771522,0.32695734681464256,0.024035980964455275,0.02863688367532957
0.007823067530271267,0.28028957399972565,0.12807103079755214,0.0399102931559704,0.029618747334996875,0.8091864935296023,0.2752216018087198,0.06878257338795665,0.043466912590007616,0.40951911190805396,0.029074935224084976,0.08835924693753953,0.0,0.06876394268829569,0.015189861176332262,0.0,0.05528246893329553,0.46019553381505185,0.9753784161828529,0.973190167125025,0.056675854201482315,0.01989668013250011,0.018090400287040523,0.003515950542299063,0.00010696331036034353,0.15002305064336366,0.062316702148822976,6.610696135189607e-05,6.610696135189607e-05,0.9343957181743132,0.024722057784311104,0.696358839101242,1.0,0.8565942985558688,0.5402808209419497,0.9134966847766858,0.10436266427956654,0.22396806724838805,0.0,1.1163775215034835e-06,0.028074062271578958,0.5061786646587589,0.06493637715301515,0.006531767382000145,0.015352906042458946,0.9999338930386481,0.1038777356058207,0.21737184782063665,0.20589346396147165,0.40590837900016796,0.9462030069916039,0.21528191396121854,0.0,0.07464175875583558,0.444529317881718,0.0865033152233142,0.8403548667871379,0.3158363989365602,0.024621583817147068,0.026808716497453443
0.0078046441568707416,0.27997940411556216,0.12763503204280727,0.0396388605950671,0.029539510575621836,0.8137110300535189,0.275110056146856,0.06889501358994164,0.04402747963659416,0.4098373275665641,0.030162368358028782,0.08967457032178444,0.0,0.06966184628859774,0.014839676968100476,0.0,0.05485780855093825,0.471707630692114,0.9747843903204005,0.9749228100498905,0.05652788291867744,0.019816245576171718,0.018074512732118322,0.0035273505070446756,0.00010696331036034353,0.15018078840162005,0.06229541250476033,6.610696135189607e-05,6.610696135189607e-05,0.9370284819452739,0.02609029939197815,0.6965838614013055,1.0,0.8564650729720626,0.5417776964653666,0.9132281251511266,0.10714358614528485,0.22284220568195415,0.0,1.013626571142807e-06,0.028094531597256934,0.5100238358475138,0.06505595027478563,0.006526161635489013,0.015378366775465054,0.9999338930386481,0.10331792703024967,0.21862647310493036,0.20549485293346004,0.40566070618294686,0.9437473322499931,0.21374156827691015,0.0,0.07387308073933958,0.4433826265665329,0.08677187484887341,0.8379986053037769,0.30545016362593186,0.025215609679599425,0.025076176323538372
0.00778795928780868,0.27969623277490663,0.12722139602804017,0.039384107610362415,0.029464404898181258,0.8179619068816574,0.27497932360636895,0.06900578017791623,0.04454439975450969,0.4101283107857394,0.03130600284907749,0.09097200073452427,0.0,0.07047138608876312,0.014479014262704901,0.0,0.05452109145914257,0.48248728228933674,0.9741825106541732,0.9765633885544552,0.05638749067077955,0.019748717800358955,0.018061851203955426,0.0035386479298427052,0.00010696331036034353,0.1503540716396722,0.06228124573249718,6.610696135189607e-05,6.610696135189607e-05,0.9393850566775583,0.027414975312459754,0.6968151361816706,1.0,0.8563814769450767,0.5432486045310366,0.9130594146560672,0.10983304080384367,0.22175793009391576,0.0,9.186856838592098e-07,0.02811435078999467,0.5137903770805382,0.06518281430797346,0.006518877798305302,0.015403728778599402,0.9999338930386481,0.10276087842841124,0.21985236006588937,0.2051436086616723,0.40544927694901906,0.9412790218384628,0.21221286308380516,0.0,0.07314713696616022,0.44227238120625845,0.08694058534393283,0.8356458677370138,0.29575478761674745,0.025817489345826793,0.023435692759860873
0.007772737452268846,0.27943690968934715,0.12683278176486293,0.03914514886478957,0.02939346980095589,0.8219691007333957,0.274825525418247,0.06910882680825406,0.045017279143587205,0.4103956292453231,0.03250717474178584,0.0922467743015218,0.0,0.07120547539789321,0.014109811579262875,0.0,0.05426427681178309,0.49256874257461003,0.9735730238873317,0.9781153517772437,0.05625461279443374,0.019692738368820743,0.018052200993083366,0.0035497240339612585,0.00010696331036034353,0.1505413205738919,0.06227563743184358,6.610696135189607e-05,6.610696135189607e-05,0.9414867929520171,0.028696646875201764,0.6970533745750896,1.0,0.8563379833235839,0.5446934878356938,0.912969827166414,0.11243017629564778,0.22072542690215874,0.0,8.312496005699191e-07,0.028133722830124584,0.5174848711005895,0.0653130248189502,0.00650964256321175,0.015428868234869554,0.9999338930386481,0.10221440561310563,0.22099977133699283,0.20484431660900218,0.40527530112928034,0.9387961783830124,0.2106998511233885,0.0,0.07245654127852287,0.44119670058504334,0.08703017283358609,0.8333055468925691,0.28670583052323123,0.026426976112668366,0.021883816973155706
0.007758736912565456,0.2791980056217515,0.12646980308294886,0.03892236249185078,0.029326695708496817,0.8256909226174016,0.27464723202803204,0.06920205346625108,0.045448372160923706,0.41064106127911815,0.033766693018488884,0.09349450715390757,0.0,0.07187470884066177,0.013734280109432676,0.0,0.05408054020365147,0.5019868187688102,0.9729562608852598,0.9795819443619468,0.05612856893578021,0.01964679855065261,0.018045014297581995,0.003560580150589052,0.00010696331036034353,0.15073978302006255,0.062276927819358334,6.610696135189607e-05,6.610696135189607e-05,0.9433538792754063,0.029936452329247618,0.6972979829067968,1.0,0.8563297164334261,0.5461118143855008,0.9129435815937321,0.11493564307491048,0.21975108166166504,0.0,7.509719314394151e-07,0.028152694289790888,0.5211089359010177,0.06542737974821261,0.006499145942897427,0.015453346347315672,0.9999338930386481,0.10170994789753639,0.22210904282474803,0.20459903656502018,0.40513694835093883,0.9362968546522635,0.2092075099392956,0.0,0.07179557472591201,0.4401539055050666,0.08705641840626793,0.8309838167214381,0.27826209956952475,0.027043739114740235,0.02041730466612182
0.007779085381982907,0.2789827634307534,0.1261384663893983,0.03871561951419779,0.02926466903456427,0.8291046883504548,0.27444543795314025,0.06928300227545905,0.04583967717511572,0.4108307822245083,0.035085895331882146,0.09471244811685485,0.0,0.07248848317369228,0.01335430436698778,0.0,0.05396449783210777,0.5107786324581111,0.9723322981881566,0.9809663869189419,0.05600895805807879,0.019609730899891483,0.018040528002403692,0.003571087374335208,0.00010696331036034353,0.15094707881615715,0.06228335958689663,6.610696135189607e-05,6.610696135189607e-05,0.9450045293606449,0.03113635549803499,0.6975475234328071,1.0,0.856352492591362,0.5475010826303822,0.9129686670769337,0.11735040532777952,0.21883819768739446,0.0,6.774766265365865e-07,0.028171340113667738,0.524665010572388,0.06553961841308449,0.006487302572618242,0.015477183069305851,0.9999338930386481,0.10122114350732934,0.2231782684006282,0.20439932750107223,0.4050309095660452,0.9337777491700828,0.20774002845033795,0.0,0.07115902423494569,0.43914461300262997,0.08703133292306635,0.8286850968401127,0.2703831698544945,0.02766770181184347,0.019032935604431582
0.007776372526662082,0.2787954342813374,0.12584370022219862,0.03852553996214192,0.02920815054288372,0.8328651782310734,0.27423369524400176,0.06935285994108255,0.046192964712900964,0.4110081157093168,0.036467770563811966,0.09590712292209509,0.0,0.07305865561771957,0.01297188173346779,0.0,0.05391208843061058,0.5189923987082399,0.9717121574478986,0.9822711709367392,0.05589286964403501,0.019580364536866873,0.018037767082720528,0.003581139819606115,0.00010696331036034353,0.1511520075384943,0.06228750063922674,6.610696135189607e-05,6.610696135189607e-05,0.9464671742031514,0.03229704165817093,0.6977969242204185,1.0,0.8563980386006398,0.5488603746606259,0.9130358207186909,0.11967625361391371,0.21797739332739677,0.0,6.103047422967999e-07,0.028184866376721546,0.5281550530203362,0.06564491600734587,0.006443100427224089,0.015500027637825516,0.9999338930386481,0.10074309241214432,0.22430084968395983,0.20430936088176574,0.40497170546355765,0.9312351877780171,0.20629595285748636,0.0,0.07054330578164074,0.43816774360590643,0.08696417928130908,0.8264116579554757,0.2630302079643634,0.028287842552101358,0.01772821875851846
0.007768422763318099,0.2786205168529789,0.125568132064575,0.038353820032385244,0.029154779155773216,0.8361542200930224,0.27400376509834756,0.06939254423355128,0.04650915973286606,0.41117370057830727,0.03792085918867393,0.09706643717184554,0.0,0.07358423632591217,0.012589385043721955,0.0,0.053925365957903516,0.5266478016249998,0.9710882578337853,0.9835001488101259,0.05578356808215393,0.01955721899326794,0.01803704051625361,0.0035925129545621905,0.00010696331036034353,0.1513676737662631,0.06230273745725252,6.610696135189607e-05,6.610696135189607e-05,0.9477374293361578,0.03342367453097623,0.6980493289627521,1.0,0.8564675838555043,0.5502080488760867,0.9131349097901542,0.12191816444101254,0.2171832896234794,0.0,5.491409283038747e-07,0.028201037395309787,0.5315851220621642,0.06574278642986839,0.006448947921239736,0.015487686178017794,0.9999338930386481,0.10029309907351647,0.22523603286211802,0.2043517794769392,0.4049467316725964,0.9286554662803498,0.20488423386540244,0.0,0.06994817981858362,0.4372025660801913,0.08686509020984577,0.8241564696010839,0.2561689087515207,0.028911742166214786,0.016499302048945785
0.007759736667824899,0.27845780283263893,0.12531831035298963,0.038153577078550396,0.029110930837684987,0.8390552984754002,0.27374361928764496,0.06952275430948744,0.046775991780432014,0.41133762761564524,0.039432326912843964,0.09819978647372894,0.0,0.07407918965946049,0.012205031675669773,0.0,0.05399148288951647,0.5337879407466121,0.9704584273654623,0.9846556361651296,0.05568061532680387,0.019540043359528532,0.018037879211029572,0.00360109415839019,0.00010696331036034353,0.15159043334905883,0.062322402785856254,6.610696135189607e-05,6.610696135189607e-05,0.94884322114728,0.034512124089322055,0.6983027338166244,1.0,0.8565579307103721,0.5514991414481396,0.9132604104508529,0.12407291272818759,0.21645443418865834,0.0,4.935746310018135e-07,0.02821807712723778,0.5349484540371477,0.06582471816892306,0.006435946602686858,0.01550073322298406,0.9999338930386481,0.09987127783941274,0.2262005350119659,0.20429283366813406,0.40494678991269134,0.9260555489978339,0.20349747970964668,0.0,0.06936287963016742,0.43629582687619056,0.08673958954914705,0.821935604382296,0.24975762506472954,0.029541572634537702,0.015343870260239362
0.007750718948592498,0.2783001449500899,0.12508557850750296,0.037980087297768673,0.029067003258700874,0.8416757976746818,0.27347292784523575,0.06959561956184555,0.04702227835337761,0.41148986409383453,0.04100559143787304,0.09930064999105691,0.0,0.07454499114206617,0.01182054302716914,0.0,0.05410860142603098,0.5404555706112198,0.969823496938468,0.985742343477503,0.05558261154363615,0.019528374131586743,0.018040303272711,0.0036098416681652028,0.00010696331036034353,0.1518168644863535,0.062347994239029765,6.610696135189607e-05,6.610696135189607e-05,0.9497931474121114,0.03556596810602882,0.6985556159852238,1.0,0.8566662514777323,0.5527591811627819,0.9134102631892486,0.12614676648503298,0.21578588110100763,0.0,4.431808256176674e-07,0.028235677206210775,0.5382595054557858,0.06589458783459229,0.006418018787344861,0.015517878142592902,0.9999338930386481,0.09947821461630306,0.22716071069401828,0.2042616761856233,0.4049711366710549,0.9234284404560982,0.2021437340237193,0.0,0.06878875738020147,0.43542027581004894,0.0865897368107515,0.819744632088936,0.2437585482877726,0.030176503061532023,0.014257213341671432
0.0077417268426185105,0.2781520227417912,0.12487342068334283,0.03782566145432688,0.029023883428580873,0.8440016042826762,0.27319289585183565,0.06963065235704023,0.04724500331524534,0.411627460800308,0.04264206242953265,0.1003655097052585,0.0,0.07498272128646352,0.011437794604527674,0.0,0.05427400519794982,0.5466797658618011,0.9691821262214604,0.986763158106723,0.055489345809471104,0.019521757577508396,0.018044047088617197,0.0036183178418971746,0.00010696331036034353,0.15204594859178303,0.06237904596154015,6.610696135189607e-05,6.610696135189607e-05,0.950600297970867,0.036586658046294185,0.6988083047227456,1.0,0.8567911141437351,0.5539932991593888,0.9135806611911552,0.12814419619864562,0.2151751069837397,0.0,3.9756135721282806e-07,0.028253787369997556,0.5415252476960167,0.06594972216549422,0.006397853686969693,0.01553529436092468,0.9999338930386481,0.09911543753164499,0.22811313028687277,0.20427071694044602,0.40501987145509344,0.9207712795241731,0.20082618557199594,0.0,0.06822616456980136,0.4345689062360836,0.08641933880884484,0.8175817986034045,0.23814512715445924,0.030817873778539662,0.013236444331919853
0.0077328831176422886,0.2780139512378294,0.12468244707509596,0.037686376568169165,0.0289827768865436,0.8461187589049342,0.27290719501144034,0.06963747908955621,0.04744247112387098,0.4117488734184794,0.04434265094572943,0.10139332612458295,0.0,0.07539462692087975,0.011058174365988362,0.0,0.05448541900117413,0.5524898550804714,0.9685334322141859,0.9877210350162656,0.05539978088980591,0.019519585927309527,0.018048970189744815,0.0036263349801805536,0.00010696331036034353,0.1522768573683902,0.0624147126615311,6.610696135189607e-05,6.610696135189607e-05,0.9512815245298365,0.037575406805754524,0.6990612603991953,1.0,0.8569309922943327,0.555201724165936,0.9137686183145116,0.13006967890965523,0.21462012299081265,0.0,3.563353829883576e-07,0.028272359185476444,0.5447494056710209,0.06598795536366119,0.006375921782511663,0.01555207992512121,0.9999338930386481,0.0987846082101746,0.22905749389851254,0.2043182771064673,0.4050940561958119,0.918081942248516,0.1995454134762218,0.0,0.0676743807847876,0.43374010146807557,0.08623138168548843,0.8154449020891706,0.2328900219287159,0.03146656778581416,0.01227860864835142
0.007724217304987823,0.2778858741555442,0.12451202293263425,0.03759326295917587,0.028944289726818215,0.8480701183658141,0.2726317133150628,0.06953340992326812,0.047614272696884404,0.41183916458042813,0.04610802016988807,0.10238389993509982,0.0,0.07578295096691065,0.010682812607184674,0.0,0.05474091035785494,0.5579137251101952,0.967876680785587,0.9886189033362911,0.05531499988800663,0.01952127399122593,0.018054911621474146,0.0036338386909816577,0.00010696331036034353,0.15250739972487143,0.062453868150302176,6.610696135189607e-05,6.610696135189607e-05,0.951840241773465,0.03853337427643142,0.6993147021838733,1.0,0.8570844970915501,0.5563843155352658,0.9139716661777355,0.13192753503519136,0.21411899198635892,0.0,3.19140192679836e-07,0.02829138174775967,0.5479358560215921,0.06600746705347446,0.006352564075606365,0.01556791862757577,0.9999338930386481,0.09848704901039324,0.22999572001520685,0.20440162232545653,0.405194295863723,0.9153586055536805,0.19830139788102696,0.0,0.06713255194153928,0.43293287185754964,0.08602833382226452,0.8133315546069537,0.22796728290344578,0.03212331921441307,0.011380777523516223
0.007715840661851968,0.2777753266753372,0.12436697131955508,0.037496617108877826,0.028908553552844645,0.8497615387884881,0.2723538561692633,0.06948599417889574,0.04776545950431527,0.41190239934762857,0.04793945830300417,0.10333567816949281,0.0,0.07614684007413429,0.010314048573180804,0.0,0.05503887411514765,0.5629678233888696,0.9672094187107044,0.9894590258220607,0.05523339083188804,0.019526626893096373,0.018061839458829776,0.003640408283265538,0.00010696331036034353,0.15273861745074938,0.06249569598665929,6.610696135189607e-05,6.610696135189607e-05,0.952293540240554,0.03946105844274162,0.6995680050324622,1.0,0.8572516932638609,0.5575391605682548,0.9141873607050442,0.13372123215137316,0.2136727064635201,0.0,2.8563886573452005e-07,0.028310793949400854,0.5510804219985764,0.06600637402396549,0.006312171309623419,0.015582933317494866,0.9999338930386481,0.09822016239615208,0.23098289326489543,0.20454851470303262,0.40533220803347464,0.9125994832542542,0.19709631679804504,0.0,0.0666014666620049,0.4321467908585644,0.08581263929495579,0.8112398937334792,0.22335947014761037,0.032790581289295524,0.010540688539073546
0.007707622825683136,0.2776786262798002,0.12424046113095663,0.037400503796301415,0.028876101924373898,0.8512429166586577,0.272083024186124,0.06941922857921765,0.047893779036044956,0.4119528945321851,0.04984207631202911,0.10424805664144886,0.0,0.07648876993527302,0.00995265855416394,0.0,0.05538161317688433,0.567680451429083,0.9665323574749517,0.9902448842181328,0.055187720440250575,0.01953459577417592,0.018069897389909894,0.0036473348068854616,0.00010696331036034353,0.15295890511262072,0.0625411312010687,6.610696135189607e-05,6.610696135189607e-05,0.9524189298166239,0.04036061012157332,0.6998212717908205,1.0,0.85742952317683,0.5586743615114378,0.9144127737942173,0.1354544569450212,0.21327689914186485,0.0,2.5550409383843684e-07,0.02833057759822955,0.5541991283092316,0.06598366351308547,0.006295057309193311,0.015596385169013939,0.9999338930386481,0.09799435372666601,0.231888529394612,0.2046959402967708,0.40548490365591483,0.9097973135663976,0.1959306715677306,0.0,0.06608170688789708,0.4313729799343982,0.08558722620578277,0.8091639298780945,0.2190426494290522,0.03346764252504834,0.009754860277773378
0.007699349363627207,0.2775873230318971,0.12413192682790694,0.037307958192367305,0.02884601089341375,0.8526222649180921,0.27181828629781213,0.0693471286244799,0.04800286233924973,0.41199025871812384,0.05180843909101046,0.10512880201340409,0.0,0.07681951672734064,0.009598000779536988,0.0,0.055762608560560804,0.5720942437471052,0.9658449412650632,0.9909791891991101,0.05512476505685927,0.019547629222585895,0.018081339651400064,0.003653325141812231,0.00010696331036034353,0.15323119265950075,0.06259700149711951,6.610696135189607e-05,6.610696135189607e-05,0.952493871916382,0.041227377890318925,0.7000684566574559,1.0,0.857605432221728,0.5597666035425132,0.9146431039051053,0.1371258029887262,0.21291443148780362,0.0,2.283947660168998e-07,0.028349587341521484,0.5572868981827428,0.06593769193102028,0.006255551861811964,0.015608826390528628,0.9999338930386481,0.0978000673017223,0.23282823286665172,0.20488990589167963,0.40567896791089364,0.9069641830186707,0.19480274132914002,0.0,0.0655750510509313,0.43063539567794984,0.08535689609489473,0.807111588450713,0.21499132476509114,0.03415505873493685,0.009020582406123962
0.007691095497425924,0.27750121728626537,0.12403495325108214,0.03722588691753299,0.02881804801346935,0.8537767475343505,0.2715614186828723,0.0692562038261482,0.04809213196625695,0.41201599146552825,0.05384504951723947,0.1059722930175852,0.0,0.07713133265744906,0.009250814192771026,0.0,0.05618514956414384,0.576216486225152,0.9651468893923422,0.9916648623454049,0.055060206642467836,0.019561792058987632,0.018092635178078034,0.0036597530997300684,0.00010696331036034353,0.15349486909040497,0.06265926048062948,6.610696135189607e-05,6.610696135189607e-05,0.9525269146678406,0.042067975055562146,0.7003212225112667,1.0,0.8577927550782761,0.5608464228353957,0.914884339741169,0.13874564996246888,0.21259815230692575,0.0,2.0405860990481457e-07,0.028369575037011298,0.5603498376570959,0.06586864000534069,0.006239589513476085,0.015619685573328978,0.9999338930386481,0.09764550794078708,0.23372468843885522,0.2050834286190385,0.4058874199178342,0.9040869754271984,0.19370648447114802,0.0,0.06507591226427474,0.42990276297183333,0.08511566025883101,0.8050692004733873,0.2111853614679223,0.03485311060765779,0.008334933595985243
0.007682887511635831,0.27742220218109565,0.12395380313780915,0.03714728247686518,0.028792292120661648,0.8547532124350116,0.27131282610397045,0.06916039465376761,0.048164445867434125,0.41202818935181545,0.05594298293066093,0.10678163377004549,0.0,0.07742774619535037,0.008910501830369694,0.0,0.056641785947520694,0.5800703937432686,0.9644371828951962,0.9923043441922116,0.05499683627867567,0.01957816532076993,0.01810377314397004,0.003664586610926712,0.00010696331036034353,0.15375084877106066,0.0627225777754522,6.610696135189607e-05,6.610696135189607e-05,0.9525244362654576,0.04288129427844719,0.7005776295105276,1.0,0.8579897736567262,0.5618969775496951,0.9151353542501086,0.14031607905904814,0.21232546310322753,0.0,1.8223584643203335e-07,0.028390318151523534,0.5633983939456152,0.06577451159037148,0.006214394621866068,0.015629660524571137,0.9999338930386481,0.0975266635842621,0.23465708725874193,0.20529872419835146,0.4061214177145648,0.9011757227908919,0.19264073671942694,0.0,0.0645824801479234,0.4291925206199353,0.0848646457498914,0.8030421349934311,0.2076041431535038,0.035562817104803794,0.00769547357194196
0.00767454406906617,0.2773482654558179,0.1238851739047827,0.037075709849256955,0.028768501416832862,0.8555607938129975,0.271073603870644,0.06905090799549107,0.04822024065455817,0.41202827739686804,0.0581051271706976,0.10755921747401036,0.0,0.07771026236206335,0.008577960763396859,0.0,0.05713436327586972,0.5836763786173349,0.9637154181073249,0.9929003206971309,0.05493396556225502,0.019596061064227937,0.018114904939750754,0.003668989542125139,0.00010696331036034353,0.1539978423656742,0.06278554362266853,6.610696135189607e-05,6.610696135189607e-05,0.9524845672902559,0.043669116879695366,0.7008345478194179,1.0,0.858194392971025,0.5629264163583398,0.9153937104685431,0.14184119866809106,0.2120923711428259,0.0,1.6268357306751376e-07,0.028411761260999327,0.5664355076740569,0.06565596831741434,0.006186069432108317,0.01563870958981142,0.9999338930386481,0.09744490189219658,0.2356042259880266,0.20554776719641926,0.4063804526145008,0.8982257559496071,0.1916062347065718,0.0,0.06409534466691175,0.4284956228782633,0.0846062895314569,0.8010244380560392,0.20423125023983926,0.03628458189267515,0.00709951661929611
0.007666023609591747,0.277279083166324,0.1238281579055523,0.037011140254031516,0.0287464168972802,0.8562098326603774,0.27084364546828843,0.06892705222741097,0.04826012319917326,0.4120163553235164,0.060331640893104485,0.10830631304501162,0.0,0.07798020526396954,0.008253498059044623,0.0,0.05766273724570541,0.5870521715862986,0.9629808476022383,0.9934552879618037,0.054871837196467065,0.019615301527598144,0.018126087554405288,0.0036729736094831753,0.00010696331036034353,0.15423662719396863,0.06284738024800597,6.610696135189607e-05,6.610696135189607e-05,0.9524074239365249,0.04443242163787158,0.7010910490607253,1.0,0.8584048956499446,0.5639368148330614,0.9156575631038837,0.1433242735528555,0.21189541253844452,0.0,1.4517957392669618e-07,0.02843399866271523,0.5694667533199885,0.06551233466246409,0.006156190908623123,0.015646694706443094,0.9999338930386481,0.09740048017902482,0.23656174059469592,0.20582639656341206,0.40666415504413245,0.895235937469024,0.1906026378942631,0.0,0.06361489908608588,0.4278096871078941,0.08434243689611635,0.7990129892014391,0.20105241587525693,0.03701915239776165,0.006544566858622419
0.007657291846233521,0.2772142539317081,0.12378227421201388,0.03695310860115157,0.02872595119789916,0.8567059764312145,0.27062338929024576,0.06878949710479666,0.0482851300946659,0.4119923845495132,0.06262201725507444,0.10902420993309078,0.0,0.07823867436443484,0.007937354865679402,0.0,0.05822651153714254,0.5902142810639485,0.9622327036653431,0.9939716346192393,0.05481055250351745,0.019635717238649455,0.018137364589930958,0.003676476829129976,0.00010696331036034353,0.1544584096072363,0.06290777465158288,6.610696135189607e-05,6.610696135189607e-05,0.9523047376666671,0.045172044235608375,0.7013468311905432,1.0,0.8586201332170714,0.5649288956964759,0.9159257892123365,0.1447683933298484,0.2117316109096801,0.0,1.2952036460108879e-07,0.028457074341195192,0.5724971678515041,0.06534314289236796,0.006125276011631551,0.01565363690463936,0.9999338930386481,0.0973934382831799,0.23750917588421944,0.20613145676860253,0.4069754063234056,0.8922059385093172,0.18962895887636605,0.0,0.06314119241849372,0.42713374943784477,0.08407421078766353,0.7970050951330091,0.1980541080263715,0.037767296334656954,0.006028235860396098
0.007648319443097887,0.27715324448740597,0.1237467238287054,0.03690133859506002,0.028707001972270704,0.8570601837052327,0.2704133830397607,0.06863976253085068,0.048296704856614595,0.41195607410086565,0.06497507006087719,0.10971391324673688,0.0,0.07848655818092769,0.007629812466450304,0.0,0.05882520849695826,0.5931778660924393,0.9614703170907068,0.9944516383952712,0.05474965507360126,0.019657228066175512,0.018148552134417975,0.0036794645381205697,0.00010696331036034353,0.1546823886054033,0.06296520848378016,6.610696135189607e-05,6.610696135189607e-05,0.9521616914810594,0.04588874065757096,0.7016014094737701,1.0,0.8588390528341859,0.5659028341557618,0.9161973014724265,0.14617621874152908,0.21159782645180883,0.0,1.1551999932636397e-07,0.028481051657919854,0.5755303930594209,0.06514833700093949,0.006093700888587532,0.015659516817615224,0.9999338930386481,0.09742239632296837,0.23848298060393663,0.20645899502705103,0.4073077610440689,0.8891361892815519,0.18868467727949298,0.0,0.06267438898488638,0.42646735337778785,0.08380269852757348,0.7949985727615126,0.19522430745575198,0.038529682909293116,0.005548246084729525
0.0076390823456556085,0.27709636462399145,0.12372136927627271,0.03685495196743832,0.028689502559816896,0.8572628666052549,0.2702147631674979,0.06847771196641829,0.04829535734096017,0.41190791451742215,0.06738987219193829,0.11037698263143145,0.0,0.07872451210780182,0.007330976658317961,0.0,0.05945842365045678,0.59595701147608,0.9606928424704648,0.9948974867209313,0.05468988511399979,0.019679554088674257,0.01815995248179422,0.0036819309075088046,0.00010696331036034353,0.15490284589350956,0.063021408725682,6.610696135189607e-05,6.610696135189607e-05,0.9519827815907382,0.046583245047048805,0.7018553688717513,1.0,0.8590615593705314,0.5668599639109457,0.9164722229650705,0.14755066949407913,0.21149249521236774,0.0,1.0301012812041295e-07,0.02850593147388675,0.5785726698851704,0.06494650141840137,0.0060612378096301205,0.01566463277374949,0.9999338930386481,0.09745607650121924,0.23948092981113694,0.2068029974465905,0.40765686296644693,0.8860268827610129,0.18776764849681724,0.0,0.0622139285216668,0.42580905943073627,0.08352777703492952,0.792990906855464,0.19255049331155222,0.0393071575295352,0.005102410268940665
0.0076295626534356115,0.27704385452428787,0.1237043797367137,0.03681364647857157,0.02867329437640411,0.8573255567247304,0.27003008505122134,0.06830339702847323,0.048281662003366484,0.4118483859518611,0.0698647249075004,0.11101496173167238,0.0,0.07895309741449626,0.007040849002129465,0.0,0.060125144754434735,0.5985652526668418,0.9598993466631297,0.9953112688215774,0.05463129520752425,0.01970268487738157,0.018171159873189444,0.003683918687881976,0.00010696331036034353,0.15512003619049466,0.06307893194484501,6.610696135189607e-05,6.610696135189607e-05,0.9517720440525489,0.0472559864258592,0.7021090442471898,1.0,0.8592869466026751,0.5678024005819893,0.9167499444345406,0.14889467250027327,0.2114137609683042,0.0,9.183764807007096e-08,0.028531814304824515,0.5816304893838368,0.0647162225989814,0.006027885846745896,0.015668841609877793,0.9999338930386481,0.09753152466797019,0.2404791033096666,0.20717353702079114,0.408028674613453,0.8828792886666404,0.1868759940211378,0.0,0.06175995598282856,0.42515675041588125,0.08325005556545943,0.790980182745292,0.190020986364854,0.04010065333687033,0.004688639340774618
0.007619688225268084,0.2769941599465649,0.12369523009570846,0.03677749555586984,0.02865831216319066,0.8572464497861872,0.2698578579363895,0.06811812793114565,0.04825675744137612,0.4117778550139422,0.0723980589998912,0.11162904216882011,0.0,0.07917304135496561,0.006759544075656805,0.0,0.06082517952659464,0.6010143805528282,0.9590891787740139,0.995694974478486,0.054574036372152336,0.019726362223822402,0.018182331894308564,0.003685473720423103,0.00010696331036034353,0.15532852670894265,0.06313557470863759,6.610696135189607e-05,6.610696135189607e-05,0.9515348258370999,0.047907991496133125,0.7023623607911343,1.0,0.859514505505687,0.568730738589889,0.9170299913023597,0.1502108412818944,0.21135956976057915,0.0,8.186390817690784e-08,0.02855862092946392,0.5847067673563179,0.06445762099834204,0.005994012925126055,0.01567217540668059,0.9999338930386481,0.09764709899760282,0.24149178238484345,0.2075664321319915,0.4084235266863872,0.8796939495039757,0.18600859704004555,0.0,0.06131245313934742,0.4245097173344542,0.08297000869764032,0.788963979191511,0.18762604968659272,0.04091082122598605,0.0043049436576058165
0.007609416809699135,0.276947076032049,0.12369357387503013,0.03674583893385892,0.028611103857058878,0.8569971647352898,0.2696863954132756,0.06791583981800353,0.04832625089457225,0.4117216856582547,0.07498821024585633,0.11222060162913194,0.0,0.0793850813029225,0.006487098150083567,0.0,0.061558251478752005,0.6033159332849437,0.9582615279481825,0.9960504970273195,0.05451880014734363,0.019750594003997687,0.018193535941137214,0.0036865733097137094,0.00010696331036034353,0.15554553448862374,0.06319073424050853,6.610696135189607e-05,6.610696135189607e-05,0.9512496916583085,0.04854019356309019,0.702614888082043,1.0,0.8597434944783244,0.5696452096120221,0.9173118326412321,0.15150119488269762,0.2113274997324545,0.0,7.296335242820563e-08,0.02858638447764658,0.5878058130651803,0.0641706037842825,0.0059595877886153975,0.01567468215501073,0.9999338930386481,0.09780236848701235,0.24252157428949253,0.20801368395856484,0.40883996801533484,0.8764715961910534,0.18516451028882502,0.0,0.060871424218753106,0.4238676922378943,0.08268816735876797,0.7869405536385503,0.1853565669826019,0.04173847205181748,0.003949430009328104
0.007598360230815126,0.2768886092010761,0.12369062910400308,0.03671693410016666,0.02858842924375674,0.8566320342779563,0.2695336611504645,0.06770518393717749,0.04830471697681315,0.41165467134254935,0.07763555284452388,0.11279120147185684,0.0,0.07959029201503719,0.006223789582309343,0.0,0.062324243164810826,0.605490578969732,0.9574171853149789,0.99637986804522,0.05446537206002678,0.019774768884747537,0.018204779233066234,0.0036873219731676393,0.00010696331036034353,0.15576527119969988,0.06324487819854488,6.610696135189607e-05,6.610696135189607e-05,0.9509240801281077,0.0491532087478682,0.7028639446056704,1.0,0.8599707259571217,0.5705469070060987,0.917595614511865,0.15276736355402062,0.21131140004702054,0.0,6.501949599402289e-08,0.02861505672162316,0.5909283721740118,0.06385482734420635,0.0059245263581009676,0.0156793218973023,0.9999338930386481,0.09799754761733262,0.2435709415583333,0.2084372366126805,0.40927982477780367,0.873211238407608,0.18434485392247277,0.0,0.06043898202784109,0.423229303411592,0.08240438548813499,0.7849083932811686,0.1831980209832475,0.04258281468502116,0.003620066935283899
0.0075867480693785384,0.27683296189721746,0.12369367977538469,0.036691751491858514,0.02857245339606757,0.8561226629513237,0.2693914072246144,0.06748629927431873,0.048256142242722184,0.41157364421742065,0.08033573115480193,0.11334238067779118,0.0,0.07978882960746879,0.005969370788908455,0.0,0.06312240785736366,0.6075406668793869,0.9565536123601006,0.996684574413849,0.05441358741216029,0.019799316995238257,0.018216417203560497,0.003687656245631203,0.00010696331036034353,0.15596236650122694,0.06329929740628933,6.610696135189607e-05,6.610696135189607e-05,0.9505891906759039,0.0497479184889627,0.7031111340320997,1.0,0.860197831310358,0.5714360022378441,0.9178809500385406,0.1540112503135324,0.21131182602849308,0.0,5.7932343217628426e-08,0.028646305415226715,0.5940862711699195,0.0635110163127577,0.00588904765036204,0.01568188249479884,0.9999338930386481,0.09823091951124735,0.24463950505539608,0.20888489847644998,0.409740284546958,0.8699163503562354,0.18354648529010914,0.0,0.06001333908217316,0.42259462697324746,0.0821190499614593,0.782866341829104,0.18114750709212002,0.04344638763989944,0.0033153676538077944
0.0075745601373125165,0.27678121303140313,0.12370396917795391,0.03667019837536257,0.028559171348417546,0.8554810323740711,0.2692604936294031,0.06725936591180752,0.04819384534199435,0.4114788858107398,0.0830865583971991,0.1138754555259774,0.0,0.07998131040331856,0.005723710093910642,0.0,0.0639528839008734,0.6094743451727176,0.9556697548089123,0.9969662221177596,0.0543618723060361,0.019824400064368235,0.01822797486225714,0.00368755525644411,0.00010696331036034353,0.1561637236576194,0.06335236969253015,6.610696135189607e-05,6.610696135189607e-05,0.950228966301648,0.05032512339791182,0.7033570519636766,1.0,0.8604248625275864,0.5723128233269601,0.9181666508864313,0.15523425236773125,0.21132735265629266,0.0,5.16114673209737e-08,0.028676515579937247,0.5972814181524354,0.06313884902535857,0.005853112934174787,0.015682908186962684,0.9999338930386481,0.09850231949141101,0.24572841854471797,0.20935572218710974,0.41022480131167194,0.8665883182048891,0.18276749251034602,0.0,0.05959382706909505,0.4219634665791293,0.08183334911356863,0.7808128637313954,0.1791983021709897,0.04433024519108774,0.0030337262707729783
0.007561957725300385,0.2767327971986393,0.1237210714274471,0.036652094094284715,0.028547405439258745,0.8547100412475809,0.2691421686137217,0.06702435092844838,0.048121519107574805,0.41137150527133526,0.08588558098716552,0.11439115853608713,0.0,0.08016761625303319,0.0054866440447301325,0.0,0.06481521251738086,0.6112975361712127,0.9547647415212148,0.9972263234399192,0.05431120787692191,0.019849650368983413,0.018239539023752964,0.0036870737642452104,0.00010696331036034353,0.15636532770021583,0.0634050570780735,6.610696135189607e-05,6.610696135189607e-05,0.9498474460904334,0.05088653081129462,0.7036036574574935,1.0,0.8606530307701752,0.5731808426040793,0.9184541758421191,0.15643979562876728,0.21135915528051255,0.0,4.59760264653088e-08,0.02870730834342642,0.6005166484178235,0.06273807782388392,0.005816760080968483,0.015682945329650057,0.9999338930386481,0.09881148547909745,0.2468378438722005,0.20984649007459447,0.4107329366934532,0.8632278882015398,0.1820051840064193,0.0,0.05917935297679161,0.42133251335119054,0.08154582415788096,0.7787449918538519,0.17734330854827468,0.04523525847878524,0.002773630584054382
0.007548837954071597,0.27668735086391344,0.1237439168365362,0.03663721971706371,0.028536696078801382,0.8538062555555649,0.26903706672022726,0.06678141235589594,0.04804076805115606,0.4112525516494575,0.08873033451685751,0.11489056166602463,0.0,0.08034822156042852,0.005258028807263298,0.0,0.06570893472798713,0.6130175505017967,0.9538377811433164,0.9974663254415846,0.05426130694938534,0.019875017181481866,0.018251037685295127,0.0036862326201404353,0.00010696331036034353,0.15656581847203033,0.06345748592859185,6.610696135189607e-05,6.610696135189607e-05,0.9494480465365729,0.0514331117749348,0.7038506609833981,1.0,0.860881908124347,0.574040481497362,0.9187434198682789,0.1576294130670967,0.2114063031011065,0.0,4.0952871667507025e-08,0.028738920930518084,0.603791303639654,0.062308576385422434,0.005780020101678806,0.01568223083970785,0.9999338930386481,0.09915816278015631,0.24796836431610036,0.21035557778985303,0.41126599595649665,0.8598365537082078,0.18125877735057735,0.0,0.0587698703152245,0.42070148969537474,0.08125658013172116,0.7766616522049161,0.1755761463970967,0.04616221885668359,0.002533633605543679
0.007535107943242568,0.27664450002064944,0.1237715096147703,0.03662532578225009,0.02852679257802256,0.8527648538696627,0.26894530342379386,0.06653077238447139,0.04795235430891132,0.4111229468656639,0.09161807388119739,0.11537455987411015,0.0,0.08052345957359848,0.005037710128368858,0.0,0.06663340415184284,0.614641326226269,0.9528880509623412,0.9976875995489917,0.054212021401858886,0.019900532404784215,0.018262386075194256,0.0036850383917248325,0.00010696331036034353,0.15676436966882318,0.0635094995580972,6.610696135189607e-05,6.610696135189607e-05,0.9490336384522167,0.05196548940501139,0.7040976257199923,1.0,0.8611111865232067,0.5748917139451463,0.9190342956246079,0.15880370426539256,0.21146769586797168,0.0,3.6476379400848396e-08,0.028771411728580273,0.6071083907224996,0.061850198932503965,0.005742927813721807,0.015680870943140596,0.9999338930386481,0.09954191554445266,0.24910523795066428,0.21088172557431675,0.4118276245593194,0.8564164367137912,0.18052781440589744,0.0,0.05836535390319476,0.42007057592648495,0.08096570437539206,0.7745628915827646,0.17389097790575936,0.04711194903765881,0.0023123639746290264
0.007520681112223121,0.2766035381384582,0.12380293212166353,0.036616321609913176,0.028517532440595666,0.8515806244364853,0.2688666248317278,0.06627320576936117,0.047856983003026696,0.4109832980315649,0.09454561551631846,0.11584371351180908,0.0,0.08069353481421966,0.004825556962106683,0.0,0.06758786167891588,0.6161751386262885,0.9519148106931783,0.9978914399088958,0.05416314808742422,0.019926149218809724,0.018273469205002103,0.0036835055583912557,0.00010696331036034353,0.156960209562892,0.06356032029159575,6.610696135189607e-05,6.610696135189607e-05,0.9486064395068623,0.052484341469028015,0.7043442695322653,1.0,0.8613407168500283,0.575734817317579,0.9193268584468611,0.15996336847501796,0.21154225029082024,0.0,3.2487724260026036e-08,0.028804793285041336,0.6105087426057249,0.061363107979582214,0.00570570672788424,0.015679053854602564,0.9999338930386481,0.09996025951350122,0.25027771218592565,0.21142194516364315,0.4124034326475847,0.8529700430146535,0.17981201695592572,0.0,0.057965748335751965,0.4194396257203143,0.08067314155313883,0.7724487698460661,0.17228261108289133,0.048085189306821756,0.0021085276033799426
0.007506769286449787,0.27656308483072417,0.1238383670903733,0.036609631713989864,0.028508908298698003,0.8502580040805974,0.26880221664876935,0.06600896564719298,0.04775487902234965,0.4108334757056857,0.09751138579306483,0.11629909877547441,0.0,0.08085871472916958,0.004621376295944922,0.0,0.06857254612928251,0.6176257719380223,0.9509172862286029,0.9980790654546453,0.05411444931819376,0.019951574806218945,0.018284469504731095,0.0036816365514432668,0.00010696331036034353,0.15715458619089537,0.06361121521650874,6.610696135189607e-05,6.610696135189607e-05,0.9481695261359607,0.05299247059417767,0.7045924769954425,1.0,0.8615707015881328,0.5765752476987214,0.9196214496821303,0.16111477318782486,0.21162967618562809,0.0,2.8934217979260186e-08,0.028839579584428975,0.6139638522563886,0.06084855144219675,0.005668180539405922,0.015676911165864896,0.9999338930386481,0.10041464877647606,0.25147741609868945,0.21197988162060966,0.41300357610352884,0.8494961436127575,0.1791084242290832,0.0,0.057570583682697685,0.4188033760053337,0.0803785503178697,0.7703126806828926,0.17074455187634965,0.049082713771397044,0.001920905611136752
0.007492706812622728,0.2765244358783407,0.12387656882773625,0.03660517672718276,0.02850078064502349,0.8488157919214813,0.2687516974504214,0.06573883716223287,0.04764610889631955,0.41067411131002973,0.10051230142855687,0.11674208433995935,0.0,0.08101954851194397,0.004424974632754006,0.0,0.0695864434263618,0.6189997251692594,0.9498951143208844,0.9982516196209072,0.05406579859807486,0.019977067371435706,0.018295130899718244,0.003679440809138339,0.00010696331036034353,0.15734623993753985,0.06366135720192974,6.610696135189607e-05,6.610696135189607e-05,0.9477258221335467,0.05348996137485245,0.7048407979000563,1.0,0.861800510458095,0.5774108644982271,0.919917809507854,0.16225686858294722,0.2117278990713247,0.0,2.5768586682164705e-08,0.028875156818742836,0.6174791326617521,0.06030425882395092,0.005630400019802886,0.01567434714870471,0.9999338930386481,0.1009062398141792,0.2527006822622388,0.21255370952677308,0.41362852721014826,0.8459977371965908,0.17841711775998437,0.0,0.057179941029960824,0.41816416086901886,0.08008219049214607,0.7681566879906909,0.1692723757594159,0.05010488567911568,0.0017483546105060734
0.007478155993307406,0.27648705386209077,0.12391708011682193,0.03660272284585712,0.028493099738350125,0.8472502620799124,0.26871481286276444,0.06546281508540475,0.04753114229689212,0.41050600738062953,0.10354528141209349,0.11717347759067082,0.0,0.08117619926902639,0.004236166014004794,0.0,0.07062869607467012,0.6203025192006003,0.9488479113819178,0.9984101792218874,0.05401723018752927,0.020002665612153872,0.018305440705447585,0.0036769285392359405,0.00010696331036034353,0.15753495228019887,0.06371045281225181,6.610696135189607e-05,6.610696135189607e-05,0.9472772937595602,0.0539772841675414,0.705089195426228,1.0,0.8620302844619302,0.5782418956410802,0.9202162230754746,0.1633898276239066,0.21183592798251924,0.0,2.2948738259746056e-08,0.028911572685784905,0.6210473427156492,0.05972941362227505,0.005592169144673074,0.015671360601636375,0.9999338930386481,0.10143608298597137,0.25394784004297266,0.21313479045455438,0.4142822002175163,0.8424774344203652,0.17773732698310113,0.0,0.056793516269043394,0.41752193834491497,0.07978377692452544,0.7659814763014232,0.16786155281688045,0.05115208861808221,0.0015897978293744324
0.007462958310658444,0.2764508686225955,0.12395918867243974,0.036602147069318185,0.028485773683630856,0.8455488913673336,0.2686909411739913,0.06518092096019862,0.047410723218434744,0.41032964499869434,0.10660689330883752,0.11759388269122693,0.0,0.08132881799164249,0.004054765135839455,0.0,0.07169818709679858,0.6215392514725011,0.9477750964425231,0.9985557551864125,0.05396879126809087,0.02002848716353859,0.018315333658332926,0.003674107528134377,0.00010696331036034353,0.15772015987278562,0.06375818989803222,6.610696135189607e-05,6.610696135189607e-05,0.9468252297115158,0.05445434369669563,0.7053371537895732,1.0,0.8622601269359655,0.5790674738124663,0.9205169254754891,0.1645124131630964,0.21195264568544794,0.0,2.0437073716291453e-08,0.028948784300612356,0.6246918757335665,0.05912374106514694,0.005554357316870075,0.015668087507932145,0.9999338930386481,0.10200300070261432,0.25521501090557697,0.21372699273648174,0.4149579378595002,0.8389387629944668,0.17706896351919993,0.0,0.056411055072391934,0.4168777610516943,0.07948307452451085,0.7637893997401051,0.16650810284205103,0.05222490355747689,0.0014442243765138388
0.007447067070553965,0.27641478768356154,0.1240028197540052,0.03660317676549446,0.02847873028353944,0.8437089995562366,0.2686803882898063,0.06489384479846698,0.04728518480842879,0.4101456276999265,0.10969386001314177,0.11800385543166561,0.0,0.08147753583353926,0.003880580370542616,0.0,0.07279408638515128,0.6227148229353764,0.9466762164120658,0.9986892931865203,0.053920383750463055,0.02005440519081853,0.018324841877009716,0.0036709742598940976,0.00010696331036034353,0.15790219908516606,0.0638047395048464,6.610696135189607e-05,6.610696135189607e-05,0.9463715135531466,0.05492221575545712,0.7055856492767543,1.0,0.8624903835673835,0.5798899539218941,0.9208203560961702,0.16562705442467063,0.21207746478821043,0.0,1.8200024749877992e-08,0.028987064411196115,0.6284163185476764,0.05848819064264353,0.005516478018657905,0.015664638053239963,0.9999338930386481,0.10260618054480852,0.25650539901098607,0.21436525325224126,0.41565430356557276,0.8353839242314012,0.17641049529158015,0.0,0.05603208059907722,0.41622946570756325,0.07917964390382981,0.7615788591901781,0.16520771227641312,0.05332378358793421,0.001310688613454941
0.007430424922691804,0.27637863992648065,0.1240471961890675,0.03660565810125537,0.028471786418682057,0.8417592135178107,0.26868299591602846,0.0646016539025365,0.047152643909147536,0.4099547179029189,0.11280309453170509,0.11840407593902733,0.0,0.08162257073455997,0.003713397354983255,0.0,0.07391551339325816,0.6238332204708461,0.9455506682911824,0.9988116806808792,0.0538719449602193,0.020080437528586327,0.01833390937579545,0.0036675744716371883,0.00010696331036034353,0.15808112324551574,0.06385032380819732,6.610696135189607e-05,6.610696135189607e-05,0.9459182386939148,0.05538163704835656,0.7058349132880182,1.0,0.8627210525358056,0.5807106122180969,0.9211265743485186,0.16673518499172782,0.21220952019050024,0.0,1.6207618992851306e-08,0.02902646859275279,0.6322261510765248,0.05782988100159625,0.005478575557038339,0.01566089384318847,0.9999338930386481,0.10323403639226507,0.25781411228672085,0.21498726236964041,0.41637281282923866,0.8318152684199384,0.17576101077295456,0.0,0.05565637672963452,0.4155759904269199,0.07887342565148137,0.759349301615014,0.16395725933865374,0.05444933170881763,0.001188303111501772
0.007412975787917606,0.276342087757503,0.12409138118400578,0.03660942355759364,0.028465137132376417,0.8396377040081066,0.2686992200363088,0.06430257561658638,0.0470160757750657,0.4097578126185707,0.11593087196922365,0.11879512883682669,0.0,0.08176411934888081,0.003553024412753136,0.0,0.07506115055767272,0.6248990993592181,0.9443979660577151,0.9989237461198298,0.053823336051561727,0.02010657730460586,0.018342338520861815,0.00366389826589516,0.00010696331036034353,0.15825669014076338,0.06389515106956573,6.610696135189607e-05,6.610696135189607e-05,0.9454674806649283,0.055833418247438836,0.7060850970115847,1.0,0.8629521923336381,0.581530375271903,0.9214357362242773,0.16783811370020377,0.21234809352366252,0.0,1.4433124410124344e-08,0.029066990646764216,0.6361171828304631,0.05712143735316511,0.0054409300189182785,0.015657037649397635,0.9999338930386481,0.1039308756340828,0.2591609731772616,0.21562547855873082,0.4171158769631776,0.8282357097833375,0.1751197741515886,0.0,0.05528368831748118,0.4149166003153438,0.07856426377572265,0.7571007357421236,0.1627528071171193,0.05560203394228492,0.0010762394470458093
0.007405999090006307,0.27630628016742276,0.12413727153708015,0.036614837192863146,0.02845872320043522,0.8373371311571028,0.2687268024542973,0.06399974273037119,0.04687612150616394,0.40954261586024515,0.1190743383608815,0.1191777989989219,0.0,0.08190265110514425,0.0033992650589362025,0.0,0.07623032522204591,0.6259164744954591,0.9432175148842952,0.999026266355449,0.05377457282130308,0.02013384966192613,0.018350486625781575,0.0036599396282887514,0.00010696331036034353,0.15842606133275108,0.06393721780599071,6.610696135189607e-05,6.610696135189607e-05,0.9450160909072228,0.05627786845486639,0.7063356487695245,1.0,0.8631838102265444,0.5823480071034616,0.9217481569913163,0.1689354463427531,0.2124921796889312,0.0,1.285271979841408e-08,0.02910854820863514,0.6400976033855472,0.0564002775248435,0.005403475119709974,0.015653392684572425,0.9999338930386481,0.1046346536186271,0.2605169809341022,0.2162770005516004,0.4178808171419411,0.8246477931842521,0.17448655223155357,0.0,0.05491353866831128,0.41425272783760225,0.07825184300868374,0.754834228435201,0.1615913458156098,0.05678248511570488,0.0009737207918312502
0.007391708741032001,0.2762739123719329,0.12418575777127923,0.03662206836893882,0.028452759028447943,0.8351834174371418,0.26877301316071034,0.06369479707170607,0.04673301008092681,0.40932370855564243,0.12223187754712203,0.11955607072472868,0.0,0.08203936556021366,0.0032519350416714866,0.0,0.07742147229825301,0.6268960019791706,0.9420164252065162,0.9991199543560824,0.05372451744175607,0.020162158039766544,0.01835766311919996,0.003655714700388815,0.00010696331036034353,0.15858559515189832,0.06397478757648488,6.610696135189607e-05,6.610696135189607e-05,0.9445703623477867,0.056714475989352316,0.7065865277795583,1.0,0.8634156379423187,0.5831663995226799,0.9220652690272474,0.17002804413424077,0.21263527150888753,0.0,1.144466052206801e-08,0.029148457173075928,0.6441698762716781,0.05563436656422298,0.005366389192915974,0.01564930632348866,0.9999338930386481,0.10539517893000344,0.26190255916991484,0.2169404175076819,0.4186664161327056,0.8210536464635257,0.17385740149571302,0.0,0.05454499649746768,0.41358166543564856,0.07793473097275264,0.7525504835675062,0.16046872651194194,0.057983574793483844,0.0008800341992571245
0.007374773738206766,0.2762400798416706,0.12423217931890558,0.03662969166769615,0.028446766114753656,0.8328335042800031,0.26883256956448565,0.06338677795250469,0.046586804012640814,0.409100936204836,0.12539825275590305,0.11992678243972424,0.0,0.08217204772648024,0.0031108207206232584,0.0,0.0786331053925375,0.6278332137558568,0.9407906237437782,0.9992054824145423,0.05367515429651174,0.020191533401143658,0.018364489601672057,0.003651250492853171,0.00010696331036034353,0.15874275497509002,0.06401054915934506,6.610696135189607e-05,6.610696135189607e-05,0.9441275914686196,0.057144631709383595,0.7068407702786115,1.0,0.8636510575437805,0.5839862418923275,0.9223882860479093,0.17111716272427907,0.21278417119908616,0.0,1.0190671418966252e-08,0.029223800012970556,0.6483539264331754,0.054854733254583773,0.005329835780986525,0.01564590571459883,0.9999338930386481,0.10616826239126138,0.26330305644715274,0.21760572515833135,0.4194350589520579,0.8174571155347133,0.1732324472816644,0.0,0.05417689472973934,0.4129029373870493,0.07761171395209071,0.7502497318831834,0.15938261504505707,0.05920937625622181,0.0007945073947862095
0.007354435967176545,0.276207895026083,0.12427509880346257,0.036637661859743674,0.028440602651322127,0.8299667064564689,0.2689031354659237,0.06307568607400207,0.046439309511418,0.4088752952056262,0.12857313487199892,0.12029103489478161,0.0,0.08230189940745179,0.0029758648358005776,0.0,0.07986700039794062,0.6287399927684517,0.9395383681661909,0.9992835634424556,0.053620513847138916,0.020221688738323324,0.018370201005035596,0.0036464896602362963,0.00010696331036034353,0.1588636361802778,0.06403835940161219,6.610696135189607e-05,6.610696135189607e-05,0.9437056295632952,0.05756216619708481,0.7070913648426188,1.0,0.8638882691895866,0.584794997220164,0.922711280213761,0.1721916408976034,0.21293201510488569,0.0,0.0,0.029276526600106063,0.6526467246172437,0.05404914583099364,0.005293626354994715,0.015642635936116915,0.9999338930386481,0.10697446058749419,0.2647272709010226,0.21828115944528845,0.42024070685220827,0.8138646989309163,0.1726176002625996,0.0,0.05380983140296158,0.4122291379440355,0.07728871978623897,0.747941358704456,0.15832799212666257,0.060461631833809204,0.0007164365575444423
0.0073338535796632015,0.27617165667301696,0.12431476610571851,0.036645730479373535,0.028433954216723435,0.8270114502439476,0.2689846294616139,0.06276148272994465,0.046287128076433905,0.4086465862976313,0.13174906734209685,0.12064639341768049,0.0,0.08242722029019656,0.002846697872100059,0.0,0.08111828467946935,0.6296086012505714,0.9382578274417791,0.999354716766936,0.05356824629508251,0.020253295942140533,0.01837517081169593,0.0036414698777433173,0.00010696331036034353,0.15899183927530422,0.064064321948307,6.610696135189607e-05,6.610696135189607e-05,0.9432892314149847,0.05797427328591358,0.7073474875414998,1.0,0.8641311510920108,0.5856113646263911,0.9230412263833997,0.1732661128043961,0.21308718004744118,0.0,0.0,0.029326214290511347,0.6570392700983863,0.05321347062147791,0.005257872449396073,0.015639495751063368,0.9999338930386481,0.10781298444619798,0.2661667609769305,0.21896042944153554,0.4210770589196969,0.8102766593719896,0.17200611904081975,0.0,0.05344162861779264,0.4115419375015089,0.0769587736166003,0.7456156025161346,0.15730421870198746,0.06174217255822095,0.0006452832330640237
0.007312784013922519,0.27613243538730986,0.1243517252244356,0.03665406651629874,0.02842706457789534,0.8239564194329322,0.2690778738995167,0.06244469904621059,0.04613089071120281,0.4084143110566611,0.13492231787746256,0.12099445136566042,0.0,0.08254929385577754,0.0027231388062155075,0.0,0.08238474660894006,0.6304441313755457,0.9369493287187506,0.999419490852373,0.05351669193949608,0.020285944122586736,0.01837947213850839,0.003636252001833715,0.00010696331036034353,0.15912212644019993,0.06408988260939008,6.610696135189607e-05,6.610696135189607e-05,0.942879409535763,0.05838165483939987,0.7076086325809828,1.0,0.8643788958750214,0.586434121459108,0.9233796043752456,0.1743405216392495,0.21324646455682533,0.0,0.0,0.029375004324095972,0.661536623149117,0.052347922879617544,0.005222761284951078,0.015636599774264848,0.9999338930386481,0.10868286391664624,0.26762109503495446,0.2196422785503791,0.42193896073347814,0.8066960272831376,0.1713969160533568,0.0,0.05307181026920108,0.4108427397346764,0.07662039562475444,0.7432747317518105,0.15630940406762894,0.06305067128124947,0.0005805091476269508
0.007291091822753178,0.27609123562486587,0.12438593791201603,0.0366626063143674,0.02841999025772584,0.8207515581741798,0.26918326136775844,0.06212590943062606,0.04597136525220874,0.40817830862210164,0.13808900865274856,0.12133621306932386,0.0,0.08266886793728145,0.0026049985771186526,0.0,0.08366414517988617,0.6312501083096623,0.9356132577824586,0.9994783905039525,0.053465327826722815,0.020319580333638614,0.01838303035491493,0.0036308579461508273,0.00010696331036034353,0.15925099247155233,0.06411503198599121,6.610696135189607e-05,6.610696135189607e-05,0.9424783382387495,0.05878453203961067,0.707873765229471,1.0,0.8646307826412905,0.5872613431180408,0.9237262953245652,0.17541406263710818,0.21340817396227077,0.0,0.0,0.029423764719284456,0.6661451941960597,0.051453108418829545,0.005188402604418668,0.015634017307172895,0.9999338930386481,0.10956321313546684,0.26908863576971925,0.22032404145989007,0.422836017274863,0.8031264593076408,0.17079002170120516,0.0,0.05270034942142808,0.41013365830484055,0.0762737046754348,0.7409217921830057,0.15534171772806696,0.06438674221754136,0.0005216094960474913
0.007268722453046724,0.2760486954872927,0.12441849684215453,0.03667119621155103,0.028412680382318114,0.8174277339156804,0.2693046940818492,0.061805296604931594,0.04580933155306828,0.4079373401567,0.14124837481848715,0.12167260855428814,0.0,0.08278608508713621,0.0024921030606148585,0.0,0.08495524206311895,0.6320303674662199,0.9342507250636162,0.9995318880512799,0.053413709989592384,0.0203539829256323,0.01838586396066287,0.003625300897857223,0.00010696331036034353,0.1593764923681167,0.06414215620859118,6.610696135189607e-05,6.610696135189607e-05,0.9420864958083606,0.059184056741125465,0.708141790758551,1.0,0.8648860595690772,0.5880919798911521,0.9240807668965059,0.17648647087846378,0.2135712586520791,0.0,0.0,0.029472545510557124,0.6708717567262339,0.050570163613940455,0.0051546516401430095,0.015631775682571816,0.9999338930386481,0.11043731631289777,0.2705373126830211,0.22098824087235996,0.4237409348173553,0.7995675684403873,0.17018560068716085,0.0,0.052327855343786624,0.409415917048233,0.07591923310349415,0.7385582870584173,0.15439837388170102,0.06574927493638383,0.00046811194872004995
0.0072456984039686615,0.27600552497763287,0.12444425353782025,0.03668004739966183,0.028405243702117958,0.8139701291069683,0.269438360095288,0.06148434293614676,0.045644911662958504,0.4076934536312708,0.14439090432549195,0.12200321523426118,0.0,0.08290134066630421,0.002384216245968312,0.0,0.08625284685146643,0.632785464826878,0.932861172100229,0.9995804208387137,0.05336215627179381,0.020389610879125435,0.018387046570453258,0.003619609820267336,0.00010696331036034353,0.1594984445030125,0.06416740249842562,6.610696135189607e-05,6.610696135189607e-05,0.9417104904911962,0.0595788493495531,0.7084135068624395,1.0,0.8651449700788318,0.5889271133827173,0.9244426626392473,0.17755775330582377,0.21373546133850682,0.0,0.0,0.02952223474126595,0.6757170542135764,0.049653734715631906,0.0051219325743422275,0.015630028257685846,0.9999338930386481,0.11135858792903959,0.27200360508648763,0.2216595417877345,0.42465659339807543,0.7960302463249549,0.16958327790329925,0.0,0.05195368925486402,0.4086886703713144,0.07555733736075261,0.7361893998427098,0.15347907383461512,0.067138827899771,0.00041957916128627503
0.007221946754211403,0.275960186270327,0.12446577508350323,0.03668861834807346,0.028397591984271157,0.8103592780258736,0.26958106702052004,0.061163282454885524,0.04547804683666174,0.40741441315445015,0.14751213497280763,0.12232888131338826,0.0,0.08301538745728138,0.0022811597862841928,0.0,0.0875547707990079,0.6335184967861993,0.9314453974135689,0.9996244009824179,0.05331031294127643,0.020426477619789482,0.018387309940156558,0.0036137669645337537,0.00010696331036034353,0.15961443358513033,0.06418852470374813,6.610696135189607e-05,6.610696135189607e-05,0.9413534991533317,0.05996834382852191,0.7086885052441221,1.0,0.8654076255558689,0.5897656798308961,0.9248122127889014,0.17862742241409957,0.21389950882176748,0.0,0.0,0.029572743770659677,0.6806836401896907,0.048701658272709385,0.0050902878148138,0.015628916223098963,0.9999338930386481,0.11228839834285449,0.27348601122921895,0.22233208701259977,0.4256081281126347,0.7925195211986705,0.16898261344248972,0.0,0.05157698698684969,0.4079531603828198,0.07518778721109862,0.7338178067868925,0.15258199439203324,0.06855460258643106,0.0003755990175820919
0.007197567125101077,0.27592447007914284,0.12449486975180564,0.03669886944178538,0.028390891697559924,0.806586587396488,0.2697480646478317,0.060843004300118984,0.04531102055225046,0.4071403236715113,0.15061556568093745,0.12265029609754015,0.0,0.08312922407850898,0.0021827803699958773,0.0,0.08886066571714797,0.6342390670421512,0.9300039896716438,0.9996642145436287,0.05325821458581106,0.02046443374180526,0.018387108740515037,0.003607801542645094,0.00010696331036034353,0.15972280392076288,0.06421105612548852,6.610696135189607e-05,6.610696135189607e-05,0.9410169850674647,0.06035298446769893,0.7089655576876149,1.0,0.8656724128863692,0.590606724788256,0.9251891662933651,0.17969468202114333,0.21405602959270523,0.0,0.0,0.02962347915724617,0.6857813565566959,0.04773201794866107,0.005024998740641494,0.015628677281411107,0.9999338930386481,0.11323975237126285,0.27507482605300393,0.22306433713382395,0.4265981207044908,0.7890314498513636,0.16838414621484496,0.0,0.05119836303512184,0.4072104948417481,0.07481083370663487,0.7314446522617087,0.15170490336514367,0.06999601032835628,0.00033578545637123893
0.007172396279842897,0.2758883850513184,0.1245108515533627,0.0367171485078727,0.028383542723110083,0.8026433433817236,0.269918722151676,0.06049956824648248,0.04514089000660106,0.4068717121715652,0.15371663419864562,0.12296347213700479,0.0,0.08323938523431912,0.0020889424540669033,0.0,0.09017924121086907,0.6349361632640429,0.9285391418918841,0.9997002184613043,0.0532047607625317,0.02050260444885325,0.018385485239417278,0.0036025545136293764,0.00010696331036034353,0.15982332436624136,0.06423311078215851,6.610696135189607e-05,6.610696135189607e-05,0.9406976071461797,0.06073484431576371,0.7092447001486082,1.0,0.8659399201788277,0.5914590743238537,0.9255705067297738,0.18076129393598006,0.21421301536505977,0.0,0.0,0.029675155166698605,0.6910045264106529,0.04674142120234961,0.0049916654073081605,0.01562801862611166,0.9999338930386481,0.11421374754146411,0.2765609881277659,0.2237749461608489,0.4275920779523457,0.7855485214855906,0.16779182771438703,0.0,0.05082069458685319,0.4064519832220795,0.07442949327022626,0.7290594648531509,0.1508508213708974,0.07146085810811592,0.00029978153869569774
0.007113416345346688,0.2758431607701751,0.12452149897514402,0.03673019900938986,0.028374991657775496,0.7985970338397208,0.27009894285300806,0.06016554146524567,0.04496760671354794,0.40663784487893523,0.15678900313791672,0.12327054746940516,0.0,0.08334753324474167,0.001999379568362488,0.0,0.09149564207413029,0.6356130425525416,0.9270513331307451,0.9997327266001178,0.053151398104065474,0.020542136345502886,0.018382748871938748,0.003596495352834856,0.00010696331036034353,0.1599186724237036,0.0642508435712874,6.610696135189607e-05,6.610696135189607e-05,0.9404023502830583,0.061110719403269294,0.7095280098581539,1.0,0.8662114842543219,0.5923085603750048,0.9259587826876121,0.18182440371392525,0.21437192812985034,0.0,0.0,0.029727367623423255,0.6963608016025117,0.04572935437204397,0.004950668214440478,0.015627870324244852,0.9999338930386481,0.11520311412189216,0.278078483696205,0.22446539416012576,0.42860506192538134,0.782100277458814,0.167201442672441,0.0,0.05044098250093638,0.4056920600566328,0.07404121731238789,0.7266799542119444,0.15001502931760813,0.07294866686925493,0.0002672733998822063
0.0070747158574095085,0.275784785070655,0.12451512358422337,0.03674049531919548,0.028364626504865386,0.7933668955524625,0.2702720698726849,0.05982496786443698,0.04478944676637832,0.4063941875467551,0.15982427436008156,0.12356004855193876,0.0,0.08344823885932032,0.0019139568298127262,0.0,0.09280939041313714,0.6362497366112158,0.9255142320977962,0.9997620485860721,0.05310100211635708,0.0205829887366962,0.01837956288086117,0.003590430318763237,0.00010696331036034353,0.16001989675885658,0.06427673792163761,6.610696135189607e-05,6.610696135189607e-05,0.9401179632660508,0.061484533545954276,0.7098188926402049,1.0,0.866492366456334,0.5931601389027514,0.9263536524746379,0.1828844835884361,0.21454934070350795,0.0,0.0,0.029790068211832145,0.7018403642382689,0.044702780071658774,0.004910759155157001,0.015629283495112237,0.9999338930386481,0.11620948277652655,0.2795987943450628,0.22514530877059946,0.4296437614471229,0.7786911920939642,0.1666210588078563,0.0,0.05005939468434573,0.40492590426743574,0.07364634752536212,0.7243061259984268,0.14920092268527638,0.07448576790220388,0.00023795141392794707
0.007041928108838904,0.2757263140724109,0.1245087431257766,0.03675175143151622,0.028354138439907486,0.7881272105778874,0.2704494663842759,0.059482341448353,0.044607778849266894,0.4061435491063859,0.16282810497621408,0.12384477875620108,0.0,0.08354991051309411,0.0018325357586073735,0.0,0.0941195251233926,0.6368754251832145,0.9239451808123417,0.9997884696991823,0.05304705561531371,0.02062487430232004,0.018374880239690035,0.00358421270241973,0.00010696331036034353,0.1601023925812898,0.06429636795118221,6.610696135189607e-05,6.610696135189607e-05,0.939860994670477,0.06185067666486371,0.7101081890300036,1.0,0.8667741291770604,0.5940097497059231,0.9267545584534564,0.18393619620265797,0.2147193032413412,0.0,0.0,0.02984919119769575,0.7074785056028456,0.043656820928044925,0.00487143408438319,0.015631322714346994,0.9999338930386481,0.1172289927627711,0.2811114297216909,0.2258195168150285,0.43069367575763134,0.7753212183589222,0.1660470322137954,0.0,0.0496759603098455,0.4041577145354695,0.07324544154654355,0.7219442786739494,0.14840527157544428,0.07605481918765837,0.00021153030081761737
0.007011529875678491,0.2756674411750336,0.12450244808785993,0.03676390060292259,0.028343846082755066,0.7830090708201537,0.27063768494495377,0.059140248306996136,0.04442526567775992,0.4058873319221778,0.16579892354435893,0.12412640688813018,0.0,0.08365225790539178,0.0017549459538111886,0.0,0.09542381703732997,0.6374913183887648,0.9223524315240149,0.9998122373980369,0.05299189737675585,0.02063450229262984,0.018369150289501097,0.003577839668081047,0.00010696331036034353,0.16025799319058423,0.06431651676610452,6.610696135189607e-05,6.610696135189607e-05,0.939784488748719,0.06221046072492848,0.7103983457192888,1.0,0.8670576607240822,0.5948626960208564,0.9271623658993287,0.1849853666046673,0.21488232271409988,0.0,0.0,0.029906482209951197,0.7132493388852165,0.042593306705688595,0.0048325155993242715,0.01563387939682587,0.9999338930386481,0.11826011085662001,0.28261803547423986,0.22648912383185163,0.4317569443362407,0.7719906157307126,0.16547524739258096,0.0,0.04929008137052603,0.40338235802533245,0.07283763410067137,0.7195908163580027,0.1476263588971353,0.07764756847598503,0.0001877626019630746
0.0069820528308254136,0.275616500763198,0.12449222223125259,0.03677614071695301,0.028333464101770487,0.7778934825069511,0.2708315662957182,0.05880114617721569,0.0442435715589094,0.4056272479684194,0.1687312581962186,0.1244152115648012,0.0,0.08377369696119763,0.0016810186746785748,0.0,0.0967176602426568,0.638102794820163,0.9207410793799252,0.999833583165116,0.05293544600799237,0.020654141393492975,0.018360582164789023,0.003571287764803491,0.00010696331036034353,0.16035760106211505,0.06433213556268275,6.610696135189607e-05,6.610696135189607e-05,0.939732464845952,0.06256145077502669,0.7106445514905291,1.0,0.8672959156965283,0.5956760689852788,0.9275333399772436,0.18602328134343102,0.21502714015803515,0.0,0.0,0.02996035621939675,0.719172887777842,0.04150883300658167,0.004793711721417404,0.015636327581929656,0.9999338930386481,0.11931624929059301,0.28411645964381715,0.22715864438508832,0.4328158821726783,0.7687072910287547,0.16494023694466975,0.0,0.048930387342274104,0.4026429123400425,0.07246666002275637,0.7172590584139122,0.14687006502180194,0.0792589206200748,0.00016641683488407183
0.0069534249858964866,0.2755616907788987,0.12447932354406606,0.036788377437940896,0.02832307699003218,0.7727825339256397,0.27103328911018715,0.05846483372682356,0.044062669448971435,0.40536519846006447,0.17162241320099714,0.12470177466806176,0.0,0.0838989690276813,0.0016105870994755228,0.0,0.09799991092235709,0.6387067664736601,0.919116347896799,0.9998527247905928,0.05287857671938016,0.020679067592042192,0.018350367920964318,0.003564642571482267,0.00010696331036034353,0.16043281343192586,0.0643404754208772,6.610696135189607e-05,6.610696135189607e-05,0.9397074202714796,0.06290466337082552,0.7108853649861122,1.0,0.8675211451003876,0.5964905897241253,0.9278951586083454,0.18705742004185022,0.21516211177109915,0.0,0.0,0.030014713255337954,0.7252258655809475,0.04040373141383242,0.004755220714449537,0.01563949012110871,0.9999338930386481,0.12037721581793652,0.28561141685334623,0.22782373854928875,0.4338849057539239,0.7654729234281773,0.16441286034582597,0.0,0.04857988587193112,0.40189882317639924,0.0721048413916546,0.7149426690357927,0.14613112175524084,0.08088365210320103,0.00014727520940719627
0.0069216293712579275,0.27550479561140057,0.12446370081833878,0.036800376677638316,0.02831244143710019,0.7676776807943132,0.27124688046650125,0.058130960107105514,0.043883232427042305,0.40510486990018185,0.1744718948481534,0.12498466047273762,0.0,0.08402269807037235,0.0015435238128822006,0.0,0.09926946895601499,0.6393045412692504,0.9174826909275636,0.9998698621552605,0.052821123676458914,0.020707577856045233,0.018339036962275203,0.0035579436666501995,0.00010696331036034353,0.16049026832201438,0.0643440296336753,6.610696135189607e-05,6.610696135189607e-05,0.939710688128619,0.06323929045435904,0.7111289188887784,1.0,0.8677450247799453,0.597309451120065,0.92825839257004,0.18808579228973898,0.21528803409743916,0.0,0.0,0.030068897675064165,0.7314073083402901,0.03928494707347495,0.004716954056203696,0.015643221068622457,0.9999338930386481,0.12144262864525648,0.2870893853215254,0.22847601937320008,0.43496034137252565,0.7622888146974875,0.16388642063848397,0.0,0.048232277149682354,0.4011470250670528,0.07174160742996004,0.712644738754246,0.14540742463331047,0.08251730907243639,0.00013013784473943948
0.006887732059421447,0.27544574061395954,0.12444202332651433,0.036812049149643186,0.028301432863921328,0.7624235259383825,0.271470077636234,0.057799535331621466,0.043705520806129904,0.4048679171582828,0.17727557945439862,0.1252618504884101,0.0,0.08414219952901311,0.0014796866026449585,0.0,0.10052392098673532,0.6398934116579913,0.9158404087521109,0.9998851803017711,0.052763736466731485,0.02073901680847032,0.018326682131625447,0.0035512275800165458,0.00010696331036034353,0.1605348104309886,0.06434388016243553,6.610696135189607e-05,6.610696135189607e-05,0.9397422844986525,0.06356498538334555,0.7113779103911132,1.0,0.8679732556586515,0.5981314196886636,0.9286274219970397,0.18910700491347715,0.21540814443303222,0.0,0.0,0.030124004847770128,0.7377150506606085,0.038155378429583525,0.0046789398686411755,0.01564769947970574,0.9999338930386481,0.12251126623692303,0.2885619494924999,0.22911240952507664,0.43603788566523904,0.7591594351622558,0.16336023912047665,0.0,0.04788454481233543,0.4003888937086914,0.07137257800296026,0.7103690740997876,0.14469844390897646,0.0841595912478891,0.00011481969822886837
0.00685270143004069,0.275377854877051,0.12440862825936636,0.03682189846214048,0.028289226572064657,0.7570008912054088,0.27169523917418803,0.05743625125822332,0.043528733410572486,0.4046323670416415,0.18002966749094973,0.12553315630831924,0.0,0.08425627008200476,0.0014189341966112064,0.0,0.10176118757612176,0.64047013725111,0.9141919650830291,0.9998988501618694,0.05270602116782623,0.02077290498042428,0.018313312638489,0.0035444801265292676,0.00010696331036034353,0.16056757431522506,0.06433995426680943,6.610696135189607e-05,6.610696135189607e-05,0.9398009940788673,0.06388211251045554,0.7116323131019158,1.0,0.8682086169043873,0.5989546261251714,0.9290039405117697,0.1901200188705482,0.21552718222454958,0.0,0.0,0.030179795050726373,0.7441359276654627,0.03701594042520279,0.004674388140786063,0.015652330124335163,0.9999338930386481,0.12358713796619562,0.28991297659980003,0.2296292109370736,0.4370955356533483,0.7560882199985948,0.162834530589765,0.0,0.04753511301360788,0.39962643967821737,0.07099605948823035,0.7081187935533301,0.14400268052434037,0.0858080349169709,0.00010114983813056455
0.006811332624571971,0.27530341612816867,0.1243754215060569,0.03682715349413867,0.028276544911741874,0.7514566117950984,0.27193424829798163,0.05711487216678022,0.04335566127001659,0.40439510628259273,0.18270993542825217,0.12580242831865826,0.0,0.08436842403532903,0.0013610765734840867,0.0,0.10296538527955368,0.6410438821892357,0.9125353933868872,0.9999110260192916,0.05264903352611994,0.020809929137888497,0.01829893640306954,0.0035371309733678523,0.00010696331036034353,0.1605897059810732,0.064329255514092,6.610696135189607e-05,6.610696135189607e-05,0.9398920661096707,0.06418760721483456,0.7118917837985068,1.0,0.8684515322501491,0.5997719764161256,0.9293912036797751,0.19112188759118273,0.21564015147364435,0.0,0.0,0.03023557681274596,0.7506948784517562,0.03586864249228164,0.004652332111964081,0.015658798892515185,0.9999338930386481,0.12466272120031974,0.2913134129682295,0.23014211818098881,0.43815103764771635,0.7531024573569133,0.16230578788283495,0.0,0.04718004371452187,0.3988669470103903,0.07060879632022483,0.7059127271292636,0.14331596633712002,0.08746460661311287,8.897398070844088e-05
0.006771706285684852,0.2752284248804666,0.12433338536055827,0.03683086990238612,0.028263838795433507,0.7455936111905365,0.2721792425550716,0.05680344870161379,0.04318665664635621,0.4041567063292125,0.18532613316352375,0.12606552896033266,0.0,0.08447670190605312,0.0013060489704564834,0.0,0.10414314757103695,0.6416103317410868,0.9108694223822603,0.9999218550522041,0.05259238306926619,0.020849386409094502,0.018283936779865645,0.0035300605706482164,0.00010696331036034353,0.16060125266492953,0.06431665249459864,6.610696135189607e-05,6.610696135189607e-05,0.9400128773952655,0.06448433701164802,0.7121557287198238,1.0,0.8687027914088498,0.6005912916370899,0.9297876409479405,0.19211618804539818,0.21574818424577502,0.0,0.0,0.030293448889385503,0.7573762116705007,0.034731076306094226,0.004623026625508775,0.01566693894929449,0.9999338930386481,0.12571840084084562,0.29268991206979195,0.23066370976839753,0.4392066369137759,0.7501895298248282,0.16177874231984346,0.0,0.04682050668509703,0.39810265939245365,0.07021235905205951,0.7037406643835649,0.14264148401313817,0.08913057761773965,7.814494779589517e-05
0.006732341518207322,0.27515400223958825,0.12428439737024818,0.0368355879696928,0.028250858856206193,0.7396144896724619,0.27242603727948,0.05649481774931665,0.04301985659427205,0.4039201814694066,0.18788243651669578,0.12632251107080636,0.0,0.08458224867941036,0.001253711413815048,0.0,0.10529555272260227,0.6421722058776193,0.9091999202222345,0.9999314725259599,0.05253499631873162,0.020890968388797018,0.01826806872891749,0.003523256335904986,0.00010696331036034353,0.1605987936494975,0.06429947779890231,6.610696135189607e-05,6.610696135189607e-05,0.940165643867873,0.06477165646141833,0.7124228797345276,1.0,0.8689606591336605,0.6014106618569793,0.9301915089320247,0.19310127098312396,0.2158481435465155,0.0,0.0,0.030351057330380012,0.7641671890460536,0.033604775141328994,0.004590714362081706,0.015675853031696295,0.9999338930386481,0.12675095571060588,0.29406513130825435,0.231180148247563,0.44025507542826525,0.7473459070218859,0.16125460919466605,0.0,0.046457092186929116,0.3973356267292057,0.0698084910679753,0.7016031762942738,0.1419796505758652,0.09080007977776554,6.85274740401026e-05
0.006692994058616016,0.2750801536987891,0.12423020378922407,0.03684092966923156,0.028237705116601727,0.7335715502489892,0.27267341907412834,0.05618664119862951,0.04285453899828499,0.40368702354214087,0.19037996408388078,0.126573387409522,0.0,0.08468537833455632,0.0012039180351482645,0.0,0.10642188574558552,0.6427291088361791,0.9075309547614626,0.9999400004109689,0.05247748523564832,0.020934711288371054,0.018251449250364073,0.0035165779520627267,0.00010696331036034353,0.16058393753386224,0.06427844935889884,6.610696135189607e-05,6.610696135189607e-05,0.9403506995842086,0.06504917242164256,0.7126930773085761,1.0,0.8692247602324912,0.6022281071185406,0.9306019179167943,0.19407543854016246,0.2159407459292227,0.0,0.0,0.030408333579335266,0.7710545381253127,0.03246051711625885,0.004557067043977451,0.01568523513620413,0.9999338930386481,0.12780292749258804,0.2954036899925726,0.23169981885859248,0.44129870973043817,0.7445708634944768,0.16073353528190193,0.0,0.046089861432952586,0.3965679748463111,0.06939808208320579,0.699502675714252,0.14133014523459825,0.09246904523853738,5.9999589031092794e-05
0.006653600805444876,0.2750059560529333,0.12417166775847598,0.036847465673295575,0.02822718575052563,0.7274734586745616,0.27291918454731473,0.05588121268551575,0.04268359616752704,0.4034551567871721,0.19281666076302623,0.1268176887560672,0.0,0.08478638614012249,0.0011565592768946207,0.0,0.10752122661556111,0.6432798994475978,0.9058667276652539,0.9999475494786418,0.05241995036178002,0.020980430649541332,0.018234168956407015,0.003509992893731945,0.00010696331036034353,0.16055653673673168,0.06425114749970491,6.610696135189607e-05,6.610696135189607e-05,0.9405678117386049,0.06531556810626948,0.7129654563140734,1.0,0.8694946376098955,0.603040378258417,0.9310182122131463,0.19503615727231538,0.21602651293600764,0.0,0.0,0.0304651238563178,0.778062936103765,0.031317893125441594,0.004522974377766312,0.015695355460619023,0.9999338930386481,0.12884479225532106,0.29673916941511524,0.23220259536288324,0.44232177982527676,0.7418677711307043,0.16021685492985951,0.0,0.04571897624998195,0.39580306246468827,0.06898178778685365,0.6974426161121235,0.14069358761639458,0.09413327233474611,5.2450521358140756e-05
0.006614322564438239,0.27493282582195205,0.12411062533280688,0.036854359257824286,0.028214309812174997,0.7213364771581392,0.27316328476288015,0.05557774122128165,0.042523509820503395,0.40323397414079515,0.19519200001749892,0.12705541010647783,0.0,0.08488533839340556,0.0011115108279446146,0.0,0.10859281285873001,0.6438235167981657,0.9042107963229352,0.999954220308053,0.052395896246050476,0.02102792539011135,0.018216523245558443,0.003503475443864482,0.00010696331036034353,0.16050837460841688,0.06421930736946826,6.610696135189607e-05,6.610696135189607e-05,0.940587734317204,0.06557135291437996,0.7132407890890352,1.0,0.869770299468323,0.6038486912492634,0.9314397575666291,0.19598500871044,0.21610672956999716,0.0,0.0,0.03052167951348012,0.7851691947409233,0.03017621540114986,0.0044893912877140485,0.015705888234604223,0.9999338930386481,0.12988078483252954,0.29801972952233563,0.23269282625229867,0.44333082363840715,0.7392366470681211,0.15970380080448696,0.0,0.045344362138271456,0.39503979792279204,0.06856024243337092,0.69542217843083,0.14006975363183713,0.09578920367706477,4.5779691947009696e-05
0.006574945923888547,0.27485488659883794,0.1240442360321597,0.03686104400451722,0.02820021565606011,0.7152608744097848,0.2734038405210592,0.05524481765999291,0.04237007793030947,0.4030238433771034,0.1975061644452393,0.127292920823598,0.0,0.08498991103534426,0.0010687395788881793,0.0,0.10963841026737027,0.6443736607348064,0.9025678291822822,0.9999601048357586,0.05235032448345499,0.021079175686471902,0.01820072225940182,0.0034974684292006586,0.00010696331036034353,0.16050638079387597,0.06419274385333078,6.610696135189607e-05,6.610696135189607e-05,0.9406780183703989,0.06581066834342189,0.7135094390414277,1.0,0.8700396376741777,0.6046427373696279,0.9318609816049286,0.19691460856215412,0.21616801099978206,0.0,0.0,0.03057612230601546,0.7923557917722719,0.029036735902992626,0.004469734018283035,0.0157169119128648,0.9999338930386481,0.13091110913868972,0.29921962953175696,0.2331316297321218,0.4443128816391438,0.7366831672113389,0.15919764013497437,0.0,0.044970451290478004,0.3942885230514838,0.06813901839507147,0.6934469811704755,0.13945832826541166,0.09743217081771781,3.989516424139533e-05
0.006536082430314192,0.27477273494326676,0.12397502781588363,0.03686849232197094,0.028185410287889495,0.7091181509959771,0.27364540254271047,0.054942976597728045,0.0422210951380543,0.40281517613925144,0.1997460198790664,0.1275239303479078,0.0,0.08509150321828503,0.00102802438938245,0.0,0.11064711935507125,0.6449160564421494,0.9009380162174042,0.9999652855389456,0.05230180808618104,0.021131571502682408,0.01818391767913257,0.0034913651840880033,0.00010696331036034353,0.16048588601421762,0.06416308429472348,6.610696135189607e-05,6.610696135189607e-05,0.9408423376244507,0.06603919392998035,0.7137860503644584,1.0,0.8703175672742395,0.6054339738945261,0.932290633907592,0.1978311370393738,0.21622725425994072,0.0,0.0,0.030630282119759236,0.7996225295806584,0.02790052919940432,0.004448476643753945,0.015728958026530564,0.9999338930386481,0.13193268057185925,0.3004183338690606,0.2335329908533481,0.44526972854636004,0.7342147861909533,0.1586900192876338,0.0,0.044590929507475494,0.3935380017160914,0.06770936609240792,0.691521743605555,0.13885668929790979,0.09906198378259584,3.471446105439267e-05
0.006498865563488106,0.27469263726660303,0.12390310464057921,0.0368727998033391,0.02817097780371255,0.7029762780030804,0.2738882956716953,0.05465869468122462,0.042078864813674004,0.4026095066944617,0.20191224197267038,0.12774863113589677,0.0,0.08519050028010682,0.0009892985732697015,0.0,0.11161943719283025,0.6454511975931546,0.8993265375668936,0.9999698385884994,0.052251711087224,0.021185843599009126,0.01816622057320259,0.003485354151261477,0.00010696331036034353,0.16044528726590634,0.06412868103940868,6.610696135189607e-05,6.610696135189607e-05,0.9410677461409438,0.06625746978615657,0.7140656421266129,1.0,0.8706021517666719,0.6062184758377869,0.9327256182195921,0.198733608189547,0.2162829646984075,0.0,0.0,0.03068171313342419,0.8069611070565962,0.026785928344726095,0.004427095552762299,0.015742236720033765,0.9999338930386481,0.13292151829318913,0.3015686861753087,0.2339047901907523,0.4462024785802503,0.731830288241173,0.15818572673749037,0.0,0.04420734795322137,0.3927922255889435,0.06727438178040793,0.6896469546176228,0.13826583770843795,0.10067346243310633,3.0161411500632734e-05
0.006435182198103356,0.2746092526364116,0.12382502016636286,0.03687449705559467,0.02815617898189066,0.6969659648449621,0.27412994941237473,0.054385226870266146,0.0419427327659572,0.40243891926954206,0.20400495254834067,0.12796715752710752,0.0,0.08528745578504034,0.0009524444021012491,0.0,0.11255461018522879,0.6459802410176596,0.8977392535010135,0.9999738330720681,0.05220068474405074,0.02124087464003781,0.01814770657361445,0.003479594130473563,0.00010696331036034353,0.160391081738871,0.06408867514441474,6.610696135189607e-05,6.610696135189607e-05,0.941348096206733,0.0664661134989696,0.7143477412968345,1.0,0.8708924201244472,0.6069962043328546,0.9331647284914703,0.19962231561831095,0.21633426621048749,0.0,0.0,0.030731483056093224,0.8143858149070045,0.025679619761269413,0.00440664344824663,0.015756241139350518,0.9999338930386481,0.13389617577980245,0.30269702416786515,0.23425256049689364,0.4470993912412154,0.7295289339526897,0.15768510117605788,0.0,0.04382012409051238,0.39205135126504415,0.06683527150852982,0.6878230741964603,0.1376854927718529,0.1022607464989865,2.6166927931906847e-05
0.006412563643217982,0.27452079142047325,0.12373742884112139,0.03687311832481803,0.028140579055724656,0.6899873285637328,0.2743561146690534,0.054112651239243775,0.04180929021891315,0.40224100805800683,0.20601237892078994,0.12816895630923308,0.0,0.08537832880572273,0.0009173376808785686,0.0,0.11345083297047115,0.6464826368808533,0.8961494625637174,0.9999773315446455,0.05215235351085507,0.0212862362522082,0.01812937947797206,0.003473965362285987,0.00010696331036034353,0.16036351100507742,0.06405580725648885,6.610696135189607e-05,6.610696135189607e-05,0.9417131788201255,0.06667044059974271,0.7146358993281028,1.0,0.8711914164663114,0.6077660527074801,0.9336056197094378,0.20049840526723772,0.21639760399175964,0.0,0.0,0.030790196957448203,0.8218846163696099,0.02458926488482744,0.00438722213573675,0.015771798345343778,0.9999338930386481,0.1348590233581884,0.3037779317458032,0.23456873688528662,0.4479714921657706,0.7273171804794674,0.15719514436266416,0.0,0.04343025472796594,0.39131660961164133,0.0663943802905622,0.6860507617622912,0.1371197591273871,0.1038505374362826,2.2668455354434142e-05
0.006378060887873264,0.27444309097772246,0.12365917181736086,0.03687434727595457,0.028126287632547757,0.6841387844095238,0.2745843532989203,0.05384886914312394,0.04168319849946347,0.40205926245023044,0.20795519755423328,0.12837833380177477,0.0,0.08548158195991434,0.0008839004092172131,0.0,0.1143103933194397,0.647003450399104,0.8946054448147752,0.9999803912921391,0.05209770087257635,0.021346434947475852,0.018109055772590293,0.0034669394471793695,0.00010696331036034353,0.1602603614932383,0.06400370530199512,6.610696135189607e-05,6.610696135189607e-05,0.9420882577998562,0.06686018086282657,0.7149020347274497,1.0,0.871471385129074,0.6085097140678245,0.9340328705105626,0.20135416422574062,0.2164321666137334,0.0,0.0,0.030834635777514725,0.829435003168101,0.023472227566554316,0.0043693792729974975,0.015787007432697835,0.9999338930386481,0.13585183964764702,0.3048422173440978,0.23489025975064762,0.4487975711588451,0.7251846215829402,0.15671963147077544,0.0,0.043047032911011786,0.3906063855229583,0.0659671294894374,0.6843354424548197,0.13656438298716267,0.10539455518522484,1.960870786083481e-05
0.006334374075330593,0.2743579063989307,0.12357786555367925,0.03687500913088673,0.02811190707810915,0.67846380487164,0.2748118179556497,0.05359250572733031,0.041563782528056724,0.40189676485727527,0.2098237540646088,0.12858000882185233,0.0,0.08557798728658542,0.0008521121285034004,0.0,0.1151325000846025,0.6475140491206243,0.8930985295518045,0.9999830615177898,0.05204504200821396,0.0214059017677695,0.018088909053324144,0.003461055711056222,0.00010696331036034353,0.160161721007693,0.06394397608784944,6.610696135189607e-05,6.610696135189607e-05,0.9424955813443626,0.06704320576709678,0.7151803087281783,1.0,0.8717652676243534,0.6092581454922072,0.9344697080771064,0.2022002729572277,0.21646809533806993,0.0,0.0,0.03088134555264094,0.8370231967525233,0.022371797552692783,0.004352873711125981,0.015803268454147174,0.9999338930386481,0.13682665350689205,0.30587093760052014,0.2351830947647997,0.4495812879499354,0.7231330401682945,0.1562396824499694,0.0,0.042656745089061296,0.38988974237928936,0.06553029192289365,0.6826672269581698,0.1360178555413059,0.10690147044819555,1.6938482210192057e-05
0.006298054973550792,0.2742704650518109,0.123490229661788,0.03687402846098279,0.02809709147464176,0.6724965362883466,0.27502920794976526,0.053343604741755216,0.041450626175983815,0.4017387179907091,0.21161212649982805,0.1287719897996833,0.0,0.0856702856600876,0.0008218366964909962,0.0,0.11591558853751335,0.6480103859235492,0.8916186187747625,0.9999853878132644,0.05199384981140758,0.021465715218095784,0.018068925800362578,0.0034554466326242477,0.00010696331036034353,0.1600609568979243,0.06388326975661493,6.610696135189607e-05,6.610696135189607e-05,0.9429287189040276,0.06721941135534691,0.715462179630093,1.0,0.8720663248764458,0.6099963700502303,0.9349086805901238,0.2030307427147951,0.21650591761317592,0.0,0.0,0.03093101356920322,0.8446508888188279,0.021290531385388226,0.004337538341453114,0.0158206553146581,0.9999338930386481,0.137783393473165,0.30686141460396343,0.23545490858636328,0.4503242528816206,0.721168462144825,0.15576583057022378,0.0,0.04226338946346664,0.3891817932532787,0.06509131940987622,0.6810536687476916,0.13548369646327488,0.10838138122523762,1.4612186735546942e-05
0.006266883005532345,0.27418469332800466,0.12340269502972757,0.036872746455812296,0.02808245659982333,0.666717310864225,0.2752387555498258,0.05310348247607841,0.04134333026671524,0.4015856845815791,0.21332511546048463,0.12895904236110647,0.0,0.08576256040619519,0.0007929879357942798,0.0,0.11666038046629172,0.6485021392869985,0.8901755584223389,0.9999874114386222,0.051941837353056165,0.021525900194986927,0.018047712267088355,0.0034498092670220324,0.00010696331036034353,0.15994939640772166,0.06382039851653487,6.610696135189607e-05,6.610696135189607e-05,0.943395901840462,0.06738709786192665,0.7157420163990302,1.0,0.8723688648789641,0.6107210579918153,0.935346599830593,0.2038437719828915,0.21653707141219247,0.0,0.0,0.030978119334810532,0.8523047435012665,0.02022434736414935,0.004323422827713401,0.015838702303457245,0.9999338930386481,0.13872406018294856,0.30781526240270213,0.2357092277592103,0.4510250366819495,0.7192877866775887,0.15529894123986338,0.0,0.041868574714840685,0.3884859540723904,0.06465340016940702,0.6794958475508168,0.13496078930080901,0.10982444157766108,1.2588561377767618e-05
0.006223032006089233,0.2740980663328232,0.12331493938430295,0.036870829748059865,0.028067907585537594,0.6612949727762012,0.2754411419875449,0.05287279998408825,0.04124244241340974,0.40145640784744807,0.21496477724374063,0.1291432017804168,0.0,0.08585586165406149,0.0007654936162222456,0.0,0.11736723986117617,0.6489907099646953,0.8887771330536717,0.9999891688280383,0.051889511521929846,0.021586382048088423,0.01802592212959732,0.0034442447063413205,0.00010696331036034353,0.15982798058499997,0.06375281563854382,6.610696135189607e-05,6.610696135189607e-05,0.9438940581913782,0.0675468260925402,0.7160182856246299,1.0,0.8726709147667114,0.6114322939938824,0.9357819922983633,0.20463996993559744,0.21656099701137616,0.0,0.0,0.03102225457649774,0.8599721851109269,0.019169487406243167,0.004310531047409385,0.01585720076811185,0.9999338930386481,0.1396191827459098,0.3087396640349378,0.23594750316382432,0.4517145285278031,0.7174883966637191,0.15483851259495332,0.0,0.04147322357922714,0.38780221238989526,0.06421800770163669,0.6779927902032264,0.13444829302392855,0.11122286694632831,1.0831171961655751e-05
0.006181866999153009,0.2740074996514007,0.12322428353976476,0.03686683038200106,0.028052613633965714,0.6555744869641558,0.27563642290544604,0.05264895535140829,0.04114671162079573,0.4013356662161659,0.21653132342889075,0.12931881472938425,0.0,0.08594659181147887,0.0007392891326605318,0.0,0.11803796268109203,0.649464152050966,0.8874117227509037,0.9999906925307009,0.05183902981742412,0.02164687791729976,0.018004520321519155,0.0034388176706699755,0.00010696331036034353,0.15970493273991268,0.06369114625084979,6.610696135189607e-05,6.610696135189607e-05,0.9444086501653913,0.06770319728370339,0.7162927373602429,1.0,0.8729742299619708,0.6121288719515122,0.9362137907630143,0.20541893027982153,0.21658831475135926,0.0,0.0,0.031085690077293074,0.8676752076288469,0.018119869632094998,0.004298701577657016,0.015875987832426306,0.9999338930386481,0.14053517079469036,0.30963184934239213,0.236127364811501,0.4523333288013174,0.7157654792874059,0.15438844791037287,0.0,0.04107917822655029,0.3871318389158272,0.0637862092369857,0.6765431070390865,0.13394753319767472,0.11258827724909627,9.307469299068549e-06
0.006140865772688765,0.2739172941340999,0.12313005930870745,0.03686230174649684,0.028037698083815017,0.6496856807742276,0.2758164217556662,0.05243343800318366,0.0410603197445321,0.40122561967188713,0.218026536597627,0.12948806421413903,0.0,0.08603763717957699,0.0007143197883523196,0.0,0.11867484842698095,0.6499312781635629,0.886081746701291,0.9999920119986073,0.05178630360063438,0.021705653295180795,0.017982678833676703,0.0034334707947308017,0.00010696331036034353,0.15956424461347932,0.06362382344260954,6.610696135189607e-05,6.610696135189607e-05,0.9449555309862321,0.06785132411996071,0.7165600441515383,1.0,0.8732752292935182,0.6128039159636833,0.9366379875028564,0.20617445463531534,0.21661066880252228,0.0,0.0,0.031138266077129623,0.8753927308129243,0.017112371283371796,0.004254540134332434,0.015896768335102843,0.9999338930386481,0.1414061447119844,0.3105835556542865,0.2363799794441406,0.4529378783003009,0.7141221392824123,0.15395189163432263,0.0,0.04068713352690473,0.3864817642479643,0.0633620124971436,0.6751506969377037,0.1334580530339149,0.11391825329870896,7.988001392654933e-06
0.006100838077172162,0.27382858212422256,0.12302792088957255,0.03686634470118636,0.028022170081483607,0.6438905165030838,0.2759633529706027,0.052199090678942926,0.040979217467448446,0.4011307888145956,0.21947090544383094,0.12964859882675128,0.0,0.08612827073056789,0.0006904982882248974,0.0,0.11929102601070522,0.6503840994496062,0.8847888899842361,0.9999931530520745,0.051734469940062824,0.021758800410586664,0.017960914365590965,0.003428536390132165,0.00010696331036034353,0.15943368410760658,0.0635564042087453,6.610696135189607e-05,6.610696135189607e-05,0.9455427319104939,0.06799441205618545,0.7168194902727318,1.0,0.8735710607898478,0.6134629634374549,0.937051263697288,0.2069119104069377,0.21663030800162653,0.0,0.0,0.031189159725833065,0.883092482727382,0.016110617154825077,0.004231375554098044,0.015916899657775815,0.9999338930386481,0.14227860406514556,0.311433167881382,0.23663735372798653,0.45349811263051276,0.7125346824999836,0.15353191090051688,0.0,0.0403006684795844,0.38584653827432025,0.06294873630271197,0.673797063582357,0.13298559254876724,0.11521111001576392,6.846947925508289e-06
0.006061932793780596,0.27373883262513243,0.12293042850438878,0.03686868291185548,0.028006123296247513,0.6382294800635726,0.2760907759862876,0.05197482393367249,0.040897767675614136,0.40104488730389637,0.22084740585811524,0.1298033733863623,0.0,0.08622197688861886,0.0006677786927667575,0.0,0.11987592972210638,0.6508238010589834,0.8835332068069397,0.9999941382290399,0.051683696762783164,0.021808499128042818,0.017939124092906957,0.0034234312830423623,0.00010696331036034353,0.15930572237417723,0.06348711648406268,6.610696135189607e-05,6.610696135189607e-05,0.9461631541926939,0.06813054136272893,0.7170678380682591,1.0,0.8738563419025622,0.6140988545974136,0.937449986131218,0.2076269858371505,0.21664770484519827,0.0,0.0,0.03123870758989899,0.890787325431126,0.0151202440393649,0.004216548527747619,0.015936776242221555,0.9999338930386481,0.14314105850656922,0.31222990111314025,0.23685169153007576,0.4540137836560961,0.7110220527791559,0.15312878854537856,0.0,0.039921681208818866,0.3852333667098196,0.06255001386878195,0.6724970844407432,0.1325284940958183,0.11646679319306025,5.861770960097753e-06
0.006024242391393422,0.27364822082775225,0.12283691698324409,0.036867844590511026,0.027990463046316187,0.632717823838435,0.2762077202397582,0.05176529718667974,0.040819800412565256,0.40096688987142065,0.2221524766196893,0.1299536858439682,0.0,0.08631946766766732,0.0006461057352399953,0.0,0.12042691802516689,0.6512521458435244,0.8823155982435286,0.9999949874726766,0.05163363524191482,0.021855567948032346,0.01791712834839029,0.003418302629726333,0.00010696331036034353,0.15917659737984893,0.0634167649803847,6.610696135189607e-05,6.610696135189607e-05,0.9468107040335324,0.06826047253253091,0.7173047580009483,1.0,0.8741294288066471,0.614712825835291,0.9378332418450138,0.2083211145778632,0.21666185634920557,0.0,0.0,0.031286697783033994,0.8984487157791562,0.014142099524981404,0.004205662006048222,0.015957020137105603,0.9999338930386481,0.14399355888913037,0.3129923479262444,0.23703677464368625,0.4544886161303453,0.7095870508477797,0.15274155615508353,0.0,0.03955110352568556,0.3846410684294691,0.06216675815498619,0.6712519673969699,0.13208599780727007,0.11768440175647145,5.012527323400882e-06
0.005987831243471279,0.27355733257860354,0.12274575064283107,0.03686432103895507,0.027975135263660324,0.6273664308169751,0.2763169947158177,0.051569445390260094,0.04074670527520184,0.4008970652273297,0.22338631606333445,0.13009991273674484,0.0,0.08642038132653632,0.0006254157720807323,0.0,0.12094349744969425,0.6516702425230847,0.8811370625733921,0.9999957184295153,0.051584279124260564,0.021900567208735896,0.017895023211784586,0.003413270230791427,0.00010696331036034353,0.15904538044999592,0.0633456583773865,6.610696135189607e-05,6.610696135189607e-05,0.9474791712418829,0.06838503038678251,0.7175306806706346,1.0,0.8743902433666784,0.6153055127754925,0.9382010871097488,0.20899458600353416,0.21667196153577634,0.0,0.0,0.0313330792823924,0.9060786433323879,0.013175944274539475,0.004196977783202564,0.015977607169967444,0.9999338930386481,0.14484440374341728,0.31372408485388276,0.23720182222636524,0.4549132482263427,0.7082286535498831,0.1523694065926206,0.0,0.039189375306785325,0.38406907145242675,0.06179891289025117,0.6700619165467716,0.13165779594113894,0.11886293742660797,4.2815704847122114e-06
0.005952750898188281,0.2734656067378892,0.12265528371737551,0.03685888791082608,0.02796012090690079,0.62219268129372,0.276417477634775,0.051385761015207115,0.040678767453454306,0.4008365685995588,0.2245490400702097,0.13024190093207602,0.0,0.08652405334698636,0.0006056447287449223,0.0,0.12142571274795011,0.6520784628263354,0.8799981033623774,0.9999963466577168,0.05153571018752044,0.02197715453325111,0.01787258353491992,0.003408413238259418,0.00010696331036034353,0.15882720873585585,0.06326594023699818,6.610696135189607e-05,6.610696135189607e-05,0.9480100747416285,0.06850512812101646,0.7177469632680306,1.0,0.8746395591594006,0.6158785714643941,0.9385539389553552,0.20964895331267802,0.21667778575506788,0.0,0.0,0.03137818487554332,0.9136948605508963,0.012218293193502433,0.004189813422601237,0.015998741721858438,0.9999338930386481,0.14566462722720144,0.31443642925123116,0.23735699912374938,0.45531796270815816,0.7069458318087738,0.15201113579989345,0.0,0.03883638749361309,0.38351578380686097,0.061446061044644805,0.6689253339393718,0.13124375141859673,0.12000189663762269,3.653342283300733e-06
0.00591921105234544,0.2733658169912486,0.12256983074298138,0.036852218973842145,0.02794530090678913,0.6172662771251491,0.2765246132963307,0.05121193632416092,0.04061517300736719,0.4007824160230132,0.22565170730270398,0.1303702050983515,0.0,0.08660968971775863,0.0005867486956778673,0.0,0.12187919737550897,0.6524730676309839,0.8789020317209499,0.9999968858822034,0.05148845151946419,0.022040480633127538,0.017852168188721627,0.0034038109678807176,0.00010696331036034353,0.15866094997712496,0.0631892082351061,6.610696135189607e-05,6.610696135189607e-05,0.948568557112706,0.06862549335933595,0.7179982459154165,1.0,0.874920968961914,0.6164773392142284,0.9389320333194735,0.21029645488527274,0.2166908387173064,0.0,0.0,0.031423787663903704,0.9212508905588395,0.011285361811498525,0.004183742669593275,0.016020369963431685,0.9999338930386481,0.1464885545855256,0.3151104432431883,0.23748645318928366,0.4556717731457527,0.7057227993379601,0.15163154898623205,0.0,0.038469341320327456,0.38293591209009376,0.06106796668052647,0.6678243477392183,0.13083609365170978,0.12109796827905013,3.114117796676655e-06
0.005886856495785344,0.2732705989062585,0.12248039198252642,0.036844834087151154,0.02793096095092525,0.612488471862303,0.27662252572518875,0.05104788280954371,0.04055618907662109,0.40073755359837177,0.22668660973709623,0.13049405489828092,0.0,0.08669343384591546,0.0005686658424033733,0.0,0.12229970189156662,0.6528561261192736,0.8778445720905909,0.999997348036961,0.051442509800271784,0.02209753090297517,0.01783213224611026,0.003399400125172451,0.00010696331036034353,0.1585112722507717,0.06311128023699424,6.610696135189607e-05,6.610696135189607e-05,0.9491497487033734,0.06874270213258618,0.7182450127531352,1.0,0.8752040825602744,0.617053843510916,0.9393084444260074,0.2109255446039956,0.2167026763652729,0.0,0.0,0.03146714723218709,0.9287375822095388,0.010362127658110488,0.0041786666036101195,0.01604255348292374,0.9999338930386481,0.14731348128687327,0.31576609117515303,0.2376131636211333,0.45598004440779677,0.7045706881303176,0.1512609323485838,0.0,0.0381024835938102,0.38237749064668064,0.06069155557399262,0.6667747535044377,0.13044119751545363,0.12215542790940914,2.6519630389633193e-06
0.0058557499691420135,0.273176713021063,0.12239064126596291,0.03683654713826951,0.02791682415026963,0.6078902364911168,0.27670787738944624,0.05089290333833828,0.04050108775181191,0.40070251932162876,0.22765569769748528,0.13061539777600442,0.0,0.08678005130700463,0.0005513459169804846,0.0,0.12268792042083589,0.6532291974846813,0.8768266752975575,0.999997743674853,0.051397641012327314,0.022150500627443552,0.01781265356080371,0.0033951387463463135,0.00010696331036034353,0.15836858027133516,0.06303274177860052,6.610696135189607e-05,6.610696135189607e-05,0.9497456674488897,0.06885744282638043,0.7184797492031177,1.0,0.8754790785613087,0.6176049394467165,0.9396738852994377,0.21153584301877143,0.2167119101233278,0.0,0.0,0.03150861474493972,0.9361444508748359,0.009431489952367719,0.004174440047013384,0.01606493477472971,0.9999338930386481,0.14812499443561852,0.3164226058195234,0.23774819809889633,0.4562793788904469,0.7034868594761343,0.15090485302087792,0.0,0.037740870131686664,0.381843714636303,0.060326114700562275,0.6657762365603928,0.1300588923919909,0.1231733247024425,2.2563251470716524e-06
0.005825940684897051,0.27308445083165916,0.1223051600554908,0.036827408499228505,0.027902713197363444,0.6034525412248208,0.276789543826185,0.05074547724999489,0.04044970764700177,0.4006739879786609,0.22856840871930253,0.13073495715411837,0.0,0.08687008078193716,0.0005347529060907755,0.0,0.12304768032531753,0.6535944406957055,0.8758518018879133,0.9999980819949675,0.05135357271393722,0.02220017677191573,0.017793876948076583,0.0033910268669088634,0.00010696331036034353,0.15822887989163048,0.06295892990450237,6.610696135189607e-05,6.610696135189607e-05,0.9503475709638153,0.06897100372074498,0.7187005484222974,1.0,0.8757421298977827,0.6181313004973797,0.9400252866094402,0.21212653766652195,0.2167175295391431,0.0,0.0,0.03154746467980398,0.9434483977951443,0.008530924232630828,0.004170640122684741,0.01608681428529512,0.9999338930386481,0.14892378849844354,0.3170371644849675,0.2378629198631162,0.4565363578680408,0.7024605875599524,0.15056449442358422,0.0,0.03738778932028021,0.3813339465965296,0.05997471339055981,0.6648257820081606,0.12968802976515137,0.12414819811208662,1.918005032475333e-06
0.005797523075364792,0.2729933012415987,0.12221916360154417,0.03681807250404928,0.027889048329261285,0.5992374758099887,0.27686050124960276,0.05060583245527718,0.04040226106524497,0.40065342225111655,0.22942165322434196,0.1308513407997348,0.0,0.08696317298757099,0.000518835552459886,0.0,0.12337813907922328,0.6539497607993666,0.8749175305486045,0.9999983709447441,0.051310838373675664,0.022247458446607728,0.017775218575653732,0.00338707655213501,0.00010696331036034353,0.1580928800190001,0.06288552773227567,6.610696135189607e-05,6.610696135189607e-05,0.9509522628877305,0.0690825365793844,0.7189093072141121,1.0,0.875992873572933,0.6186351768505504,0.9403611148564279,0.2126975312912472,0.21672019859203318,0.0,0.0,0.031584824774908885,0.9506631830111777,0.0076422584989686605,0.004167500438199344,0.016108812138994833,0.9999338930386481,0.14971119421256854,0.3176339117818935,0.23794412579518376,0.45676318622015594,0.7014958101962737,0.15023935198615312,0.0,0.03704395343949606,0.38084598759698973,0.05963888514357211,0.6639243296295295,0.12933004060860018,0.12508246945139545,1.6290552559232217e-06
0.005770455647411325,0.2729025885152028,0.12213533637511972,0.03680832278716667,0.027875722478403243,0.5952174508376579,0.2769225768180993,0.05047356614576379,0.040360873880946856,0.40064002368819107,0.23021889559939218,0.13096457303883322,0.0,0.08705869086069988,0.0005035609743636676,0.0,0.1236813272391321,0.6542966020003042,0.8740244136071527,0.9999986174642836,0.05126913697041078,0.022292532175941866,0.017757025881193357,0.0033832640904592685,0.00010696331036034353,0.15795918309528995,0.06281344535790052,6.610696135189607e-05,6.610696135189607e-05,0.9515557281456247,0.06919258577958977,0.7191072171645798,1.0,0.8762315920276162,0.6191185994816926,0.9406816472292423,0.2132500122029318,0.21671966759642158,0.0,0.0,0.03162052750375722,0.9577486709744175,0.006766269027432725,0.004164935894035113,0.016130863853222512,0.9999338930386481,0.15049032787026975,0.3182127582427032,0.23804817520886737,0.45696070950021533,0.700588518621018,0.14992820979658691,0.0,0.0367097171116839,0.3803778395439438,0.05931835277075765,0.6630686605579361,0.12898373040327432,0.1259755863928473,1.3825357163899376e-06
0.005744739343127772,0.27281309482338506,0.122053760856717,0.036798322566881154,0.027862459317235203,0.5913937841991238,0.27697620549198393,0.05034833282911687,0.040321860084499395,0.4006332880142812,0.23096241609236023,0.13107445334484977,0.0,0.08715577930887732,0.0004888921606998487,0.0,0.12395848703283684,0.6546344849848695,0.873172037068127,0.9999988275637978,0.05122905707976069,0.022335747989148898,0.017739313724934203,0.0033796137715593816,0.00010696331036034353,0.1578277853354636,0.06274285478818133,6.610696135189607e-05,6.610696135189607e-05,0.952151039224047,0.06930090084236316,0.7192949509673336,1.0,0.8764589070004766,0.6195815700508418,0.9409873091671729,0.21378290779616527,0.2167160418422367,0.0,0.0,0.03165457401607904,0.9646742898605704,0.005903551939075469,0.004162816696193472,0.016152530774328173,0.9999338930386481,0.15126178189428563,0.31877553466917785,0.23815706527450106,0.45713147341923127,0.6997366830652766,0.1496305956878165,0.0,0.036385313690646105,0.37992953778845834,0.05901269083282712,0.6622586051709979,0.1286494731728937,0.12682796293187304,1.172436202249969e-06
0.005720350590211678,0.27272500715195175,0.12197450670834967,0.036788144193337834,0.027849505477206025,0.5877651428704308,0.27702162639668154,0.05022977957314319,0.04028513372577404,0.4006325229021852,0.23165450363032103,0.13118093369654785,0.0,0.0872537745117058,0.0004747953803153296,0.0,0.12421099085334678,0.6549632894414301,0.8723598115731535,0.9999990064449082,0.051190638335005846,0.022377343273995418,0.017722165981921303,0.0033761285449379463,0.00010696331036034353,0.15769937901671585,0.06267382600978534,6.610696135189607e-05,6.610696135189607e-05,0.9527334018045004,0.06940696115390937,0.7194729689516451,1.0,0.8766754558907692,0.6200238484304958,0.9412787175116053,0.2142949361787184,0.21670935495486876,0.0,0.0,0.03168692873800143,0.9713929878977752,0.005055135259107314,0.004161102664549864,0.01617381761125547,0.9999338930386481,0.15202321361140683,0.31932493698256403,0.23826894769706589,0.45728173966570307,0.6989385352157695,0.14934609735180704,0.0,0.03607076959752492,0.37950135618918884,0.058721282488394665,0.6614940729679348,0.12832735560370112,0.12764018842684652,9.935550917825089e-07
0.005697259545774133,0.27263894652428866,0.12189812615334686,0.03677787500101226,0.02783689232168492,0.5843258504253601,0.27705956485607214,0.05011747727827996,0.040250784030771716,0.4006366186962665,0.23229776054401602,0.1312839883154161,0.0,0.08735200217101809,0.0004612397935218131,0.0,0.1244402890278018,0.6552829202199009,0.871587132282454,0.9999991586014549,0.05115379633140391,0.02241751418103192,0.017705691732326955,0.003372810612028642,0.00010696331036034353,0.15757416345595612,0.06260673325494956,6.610696135189607e-05,6.610696135189607e-05,0.9532996626263653,0.06950998865361412,0.7196414356081152,1.0,0.8768819415175616,0.6204446255318053,0.9415566454043659,0.214783993652087,0.21669971523964457,0.0,0.0,0.03171745114711579,0.97782953520016,0.004242628172327039,0.004159643841056562,0.016194568678871042,0.9999338930386481,0.15275551359516365,0.3198474086665055,0.23837312489480414,0.4574148962108067,0.6981922508023698,0.14907457607646868,0.0,0.03576605631142029,0.3790941346746728,0.05844335459563405,0.6607757173201112,0.12801736454045454,0.12841286771754604,8.41398545111724e-07
0.005675433072771119,0.2725555582554672,0.12182443194506533,0.0367676387924849,0.027824659265256915,0.5810667278319628,0.2770886623811046,0.05001102107536602,0.04021856989299211,0.40064494319652194,0.2328933043681198,0.13138340282810476,0.0,0.08744987430662056,0.00044819398807698573,0.0,0.12464713810924455,0.6555927617905442,0.8708524681164072,0.999999287906812,0.05111869688442748,0.022456529561384005,0.017689923676531605,0.0033696615002345096,0.00010696331036034353,0.1574517811841791,0.06254089756058463,6.610696135189607e-05,6.610696135189607e-05,0.9538462500311907,0.0696085302412098,0.719800447823365,1.0,0.8770792238173047,0.6208424194001356,0.9418216963720586,0.21524664152647122,0.21668736278179368,0.0,0.0,0.03174609131196647,0.9838381866218502,0.0034246293472135272,0.004158620240506934,0.016214286698191843,0.9999338930386481,0.15351612131041428,0.3203799575483239,0.23849407955589025,0.45752996812489827,0.6974981653906704,0.1488161493485301,0.0,0.03547090187607477,0.3787093866117874,0.058178303627941366,0.6601062203642842,0.12771987542766228,0.1291475318835929,7.120931879202006e-07
0.00565480902170019,0.2724759805152625,0.12175435302482335,0.03675760093540534,0.027812972251916406,0.5779734534701052,0.2771070469263723,0.04991014218335051,0.04018845464089506,0.4006557269967234,0.23344156116672082,0.13147905374109922,0.0,0.08754707266239548,0.00043563215906025345,0.0,0.12483223620842991,0.6558923989917143,0.8701543762077613,0.9999993976962276,0.05108571375609223,0.022494721328916778,0.017675029092226666,0.0033666770548968516,0.00010696331036034353,0.15733172440695828,0.062475144439775025,6.610696135189607e-05,6.610696135189607e-05,0.9543678388882317,0.0696997153086243,0.7199488517193443,1.0,0.8772679791350164,0.6212130113732706,0.9420747421437652,0.21567592028002117,0.2166721628781279,0.0,0.0,0.031772761351816475,0.9892453820124831,0.00264023337808309,0.004157766144408657,0.01623306502675353,0.9999338930386481,0.1542623499769538,0.32090471469984233,0.23861659487952216,0.4576380925202597,0.6968587235246549,0.14857209453955644,0.0,0.03518494820258814,0.37835135646766915,0.05792525785623485,0.659491843511549,0.12743543813015795,0.12984562379223874,6.023037724272459e-07
0.005635329858379083,0.27240171292191245,0.12168920674981534,0.03674791269695505,0.027801805136098718,0.5750281603329377,0.2771132367146681,0.049814068291810065,0.04016007680773271,0.40066712305348845,0.2339431076464326,0.13157072212249177,0.0,0.08764323558585459,0.0004235286316931336,0.0,0.12499619825024126,0.6561813137238802,0.8694910418220736,0.9999994908362473,0.05105524639263926,0.022565790661835224,0.017660892815272215,0.003363891854493198,0.00010696331036034353,0.15712738371755486,0.06240217234583643,6.610696135189607e-05,6.610696135189607e-05,0.95470173164782,0.06977978970253935,0.7200853684579238,1.0,0.877448958741282,0.6215514660137947,0.9423163270455457,0.21606260961086815,0.216653737172775,0.0,0.0,0.03179713100278955,0.993741782101742,0.0019001834736189947,0.004156996331975883,0.016250133389005404,0.9999338930386481,0.15499442710891548,0.3214275450104759,0.2387429505149656,0.4577527286378393,0.696277102651028,0.14834390941958445,0.0,0.03490780567286343,0.37802500535451217,0.05768367295445433,0.6589411921388907,0.12716494910334478,0.1305089581779264,5.091637527544216e-07
0.005616461974462304,0.2723271070580759,0.1216320306392208,0.03673909987838341,0.02779144901148443,0.5722519298551891,0.2771117021913922,0.04972160281857953,0.04013203405372579,0.4006759107020158,0.23440018446404362,0.1316480044490932,0.0,0.08771826904755847,0.00041186255334684814,0.0,0.12514158554053312,0.6564528178165728,0.868859980119949,0.9999995697863966,0.05102889252834027,0.022626162817966033,0.017649766285228432,0.003361385047744909,0.00010696331036034353,0.15697493147735514,0.06229437633607977,6.610696135189607e-05,6.610696135189607e-05,0.9550399799564486,0.06984518983467647,0.7202511716809803,1.0,0.8776640761687227,0.621893403046988,0.942584321800587,0.21640226361542295,0.2166431061489268,0.0,0.0,0.03182119926454058,0.9968959531117348,0.001208625765760969,0.004156372158286244,0.016265265478677123,0.9999338930386481,0.1557311705447493,0.32196633904383914,0.23887554371565511,0.4578895999968642,0.6957546257012799,0.1481008238699265,0.0,0.034617654783718865,0.3776947343996651,0.05741567819941298,0.6584561508440441,0.1269040760345004,0.131140019880051,4.3021360338901574e-07
0.0055993251563379465,0.27226793476128497,0.12158170074096206,0.03673130013347505,0.027782042749742823,0.5694992112348491,0.27709175625974825,0.0496315055298192,0.04010443522901741,0.4006766102143497,0.23480715786524814,0.1317208753331526,0.0,0.08778821658842005,0.00040061310469342615,0.0,0.12526547737591473,0.6567108709341286,0.8682550143612602,0.9999996366495494,0.05100608349323553,0.02268492594203729,0.017641444312789873,0.0033590055103199464,0.00010696331036034353,0.15682377027851724,0.06219965833917377,6.610696135189607e-05,6.610696135189607e-05,0.9553070641780296,0.06988267528760442,0.7204018316630829,1.0,0.8778861090377248,0.622177904762069,0.9428547152165222,0.2166607330289773,0.2166288804552688,0.0,0.0,0.031840976623176115,0.9986874502900654,0.0005775100479991284,0.004155652795576444,0.016277679459087237,0.9999338930386481,0.15645221584843982,0.32250069628898537,0.23900660998571738,0.45803795884452114,0.6953101668471474,0.1478772930037645,0.0,0.034325674373855225,0.37742148213323756,0.05714528478347779,0.6580737895951081,0.12666024861060265,0.13174498563873985,3.633504506614532e-07
0.0055829534602143795,0.2722213977410763,0.12154210368685985,0.036725502982349036,0.027773957987792613,0.5668412728762091,0.27705338522376693,0.049544103382850355,0.04007841848705028,0.40066722388649234,0.235165323358685,0.13178824684509394,0.0,0.08785651280259513,0.00038975848981334627,0.0,0.1253690084929899,0.6569534778249292,0.867676166056878,0.9999996932343372,0.05098873094088292,0.02274350442078299,0.017635220873824214,0.0033568839751198123,0.00010696331036034353,0.15667623518515153,0.062109713938221615,6.610696135189607e-05,6.610696135189607e-05,0.9554918578977998,0.06988820960052106,0.7205329889425912,1.0,0.8781080914218823,0.6224011667265394,0.9431208981040021,0.21683056308549384,0.21661094179552803,0.0,0.0,0.031857172397019275,0.9995258855652634,6.610696135189611e-05,0.004154682496914948,0.016288054639112898,0.9999338930386481,0.1570662008909335,0.3229708577310347,0.23910016544888055,0.4581786991511142,0.6949464670407939,0.1476787642123149,0.0,0.03403539577552262,0.3772090747836473,0.05687910189599787,0.6578004284215163,0.12643558037954283,0.13232383394312194,3.0676566281455307e-07
