0_primarytoI_spread,0_primarytoII_spread,0_primarytoIII_spread,0_primarytoIV_spread,0_primarytoV_spread,0_ItoII_spread,0_IItoIII_spread,0_IIItoIV_spread,0_IVtoV_spread,0_late_p,0_C01_coef,0_C02_coef,0_C03_coef,0_C04_coef,0_C05_coef,0_C06_coef,0_C09_coef,0_C10_coef,0_C12_coef,0_C13_coef,0_C32.0_coef,0_C32.1_coef,0_C32.2_coef,1_primarytoI_spread,1_primarytoII_spread,1_primarytoIII_spread,1_primarytoIV_spread,1_primarytoV_spread,1_ItoII_spread,1_IItoIII_spread,1_IIItoIV_spread,1_IVtoV_spread,1_late_p,1_C01_coef,1_C02_coef,1_C03_coef,1_C04_coef,1_C05_coef,1_C06_coef,1_C09_coef,1_C10_coef,1_C12_coef,1_C13_coef,1_C32.0_coef,1_C32.1_coef,1_C32.2_coef,2_primarytoI_spread,2_primarytoII_spread,2_primarytoIII_spread,2_primarytoIV_spread,2_primarytoV_spread,2_ItoII_spread,2_IItoIII_spread,2_IIItoIV_spread,2_IVtoV_spread,2_late_p,2_C01_coef,2_C02_coef,2_C03_coef,2_C04_coef,2_C05_coef,2_C06_coef,2_C09_coef,2_C10_coef,2_C12_coef,2_C13_coef,2_C32.0_coef,2_C32.1_coef,2_C32.2_coef,3_primarytoI_spread,3_primarytoII_spread,3_primarytoIII_spread,3_primarytoIV_spread,3_primarytoV_spread,3_ItoII_spread,3_IItoIII_spread,3_IIItoIV_spread,3_IVtoV_spread,3_late_p,3_C01_coef,3_C02_coef,3_C03_coef,3_C04_coef,3_C05_coef,3_C06_coef,3_C09_coef,3_C10_coef,3_C12_coef,3_C13_coef,3_C32.0_coef,3_C32.1_coef,3_C32.2_coef
0.0002064036055399,0.0175713364366845,0.0049916654068137,0.000926536644879,6.610696135189607e-05,6.610696135189607e-05,0.1428132646326737,0.0265412967396582,6.610696135189607e-05,0.9999372458761832,0.0,0.1599955418255731,0.0003430036327744,0.1307812781849878,0.0089100014433276,0.2895730896701437,0.0740372033708727,0.1878290816453437,0.1021098825197702,0.1778943782460072,0.9858742004498646,0.4761270578583069,1.0,0.0323164762883355,0.5352989603016167,0.0057053987840664,0.0022164478369987,0.0166499542890177,0.999933893038648,0.1667399871204791,0.2571394693485856,0.3042845081143296,0.3957265769554678,0.7629120540784773,0.2860893619139116,0.0548960989553,0.1584679092093436,0.4460575882291553,0.1378235316426379,0.7076026556550281,0.470343819454781,0.0195340697649563,0.0690300774016507,0.0,0.1201964905560499,0.0,0.0149284684451839,0.3351391089445794,0.2581744557840268,0.0751965234769756,0.0315137868026421,6.610696135189607e-05,6.610696135189607e-05,6.610696135189607e-05,0.0568179830560037,0.3738778798219803,0.2166285574868939,0.0944180993000866,0.0,0.0435850814842003,0.023399842449862,0.0,0.1775545494675418,0.2717651838517317,0.8783560477152733,0.753075544352342,0.0141256718385896,0.4036764515856431,0.0,0.082479141759443,0.0007331374358574,0.0162741682533196,0.0070041609934487,6.610696135189607e-05,0.2206486240209343,0.1317095102102511,0.0093515747403533,6.610696135189607e-05,0.6867190507487642,0.0204593884346287,0.4594969969604285,0.9447608974119256,0.6671657311214683,0.521632567877655,0.5726033786872183,0.0408055915065573,0.0700619150481435,0.0,0.0,1.2771154569363453e-07,0.0,0.0
6.610696135189607e-05,0.015610172500292962,0.0042080996883809615,0.001631716959251041,6.610696135189607e-05,0.07420426038118909,0.15728942459499462,0.04206103772052446,6.610696135189607e-05,0.9999405100965373,0.0,0.14662226678755585,0.00031887078800883935,0.13018204741214295,0.008146319532060636,0.31627747501362,0.07627695038351101,0.206199963735243,0.10498914231614148,0.17522137728750897,0.9871373447692694,0.4672177755307262,1.0,0.02983415167698747,0.5247846965409209,0.004829233190780683,0.003356618894030033,0.017451194169286796,0.9999338930386481,0.16850459760103736,0.2904193595552758,0.30809336535052423,0.39107396522039534,0.7751730515677452,0.2964873317306052,0.032862715059156423,0.11866221989734091,0.5426628544303751,0.14174289653515665,0.6994731900272646,0.4687730788231982,0.019554140647595915,0.06767728870129122,0.0,0.12035468834931703,0.0,0.013279889510900271,0.34328102585690806,0.2459597677861125,0.0810325974446821,0.03488903491042777,0.45786502918491784,0.07289659037490837,0.027112883594767455,0.05334263073281382,0.36531343109115477,0.20712167678384602,0.11286780398648953,0.0,0.02937481455265842,0.033856264289905125,0.0,0.1853360281475927,0.24149940747875162,0.8754567170362626,0.7571013340111998,0.012862568563376899,0.4124275361199568,0.0,0.08437994465495223,0.0006980390237636011,0.01712947974076006,0.012779083989731604,6.610696135189607e-05,0.30719268659465826,0.20262947363797448,6.61069613518961e-05,6.610696135189607e-05,0.5735477889847838,0.017705271648408863,0.4440225974953495,0.9668184141528348,0.7217809181378577,0.41533456174765915,0.5419796284512234,0.03891383144163179,0.08352754996280715,0.0,0.0,8.666735368419241e-08,0.0,0.0
6.610696135189607e-05,0.015125403782296917,0.003986560922374644,0.001816175656373474,6.610696135189607e-05,0.2119854263412169,0.16647576513534898,0.04723546575790784,6.610696135189607e-05,0.9999401339728595,0.0,0.1384229700647977,0.0002893137128919992,0.12453520966005109,0.00811753632461236,0.3334799065220685,0.0767219224350258,0.20992587583860692,0.10604803630222615,0.17120828515098444,0.9882431899561294,0.4572821060698549,1.0,0.028718176765246708,0.5188734219188132,0.004008297611265986,0.004107426588079201,0.017151199368544198,0.9999338930386481,0.1653788733903408,0.2784262693796116,0.312186568236983,0.39221449426639865,0.7867727944574742,0.2967464588277832,0.027808183869492485,0.10603089334736039,0.5620370236809912,0.14431134006417778,0.6958489964436367,0.47427108810002844,0.019840022966149153,0.06778250945305554,0.0,0.12294248174767208,0.0,0.01318895083160143,0.34197241269258116,0.2482511302602835,0.0800502625268751,0.03481460907233597,0.4852120448500138,0.07770682459338285,0.0313655355153871,0.05418522059430264,0.36469419259550223,0.19715802653966175,0.1194124639800838,0.0,0.020242884189182762,0.043608457673254206,0.0,0.18942704341059735,0.2214066117041662,0.8741119407316247,0.7610092053959601,0.011756751015695927,0.41977541218247305,0.0,0.08752768064051722,0.0006418634798108704,0.01817859992280652,0.013647315968241052,6.610696135189607e-05,0.3270310638475546,0.22760202145833008,6.610696135189607e-05,6.610696135189607e-05,0.5526548428048668,0.01606917900286405,0.44541810712733515,0.9719025024176156,0.7491910128034057,0.3862369823211423,0.5222087534137537,0.03800203771074016,0.09439642435719846,0.0,0.0,5.9028174734158786e-08,0.0,0.0
6.610696135189607e-05,0.014889093514622257,0.0038412149248419395,0.0018860453906355509,6.610696135189607e-05,0.5099284735477824,0.17276120432013947,0.050139551036324545,6.610696135189607e-05,0.9999395693871057,0.0,0.13235197089805115,0.00026589147212085693,0.11903506486119635,0.008404840127296398,0.34854519469500056,0.07659015644344558,0.20843956952772094,0.106594609770345,0.16796762864420806,0.9890185966111583,0.4499620181546814,1.0,0.028102294410551294,0.5145561413223185,0.0032678484484801556,0.004719064789934168,0.01705887911482859,0.9999338930386481,0.16426200793264017,0.27037376150901743,0.31006292328026364,0.3932245518334376,0.7966125665492816,0.2960062401661604,0.026745446111803597,0.10411006209695944,0.5632050051752602,0.14581481577404976,0.6940455460141689,0.48069182794544624,0.020206627669712658,0.06833589508496843,0.0,0.1254944916415856,0.0,0.01325662754590513,0.3416545721441226,0.24967891537695022,0.07894750316572034,0.034828775686797965,0.4928616714964648,0.08179532053859617,0.03549920345072877,0.054412234759777946,0.3637259294342532,0.18863279346491674,0.12306693227693584,0.0,0.014526814364596439,0.05521360764168981,0.0,0.1924002438986436,0.2080626927144735,0.8731987625599423,0.7636964762708235,0.010981363698624496,0.4245434902037329,0.0,0.08916279723851289,0.0005946460620343936,0.018682923008965766,0.013652024993448308,6.610696135189607e-05,0.33661218571918944,0.2391256928003085,6.610696135189607e-05,6.610696135189607e-05,0.5468793148421796,0.01475463998580174,0.44857485665885255,0.9729886624160755,0.7623280586772477,0.37317654705575365,0.5056399895309498,0.03696405364374198,0.1028059098123593,0.0,0.0,3.9690217188492955e-08,0.0,0.0
6.610696135189607e-05,0.014734721456631305,0.0037226663832742187,0.0019193787254996333,6.610696135189607e-05,0.9999459316250643,0.17703375017846393,0.05174522121444698,6.610696135189607e-05,0.9999393992665453,0.0,0.12733472028753734,0.0002460758039751418,0.11399306977907046,0.008848420768911087,0.3616830199426242,0.07620850067773943,0.2049767232212172,0.10678966829853224,0.16547811530621567,0.9895444699339142,0.44496174566092633,1.0,0.027626120360988757,0.5112058584309724,0.0027425433150578137,0.005242462983612118,0.016983120257226345,0.9999338930386481,0.16370966354774608,0.2630924696299129,0.3041111234443628,0.3942437171364375,0.8049744581954804,0.295461944416008,0.02661154245991742,0.10543273634551703,0.5577395007292919,0.14637266682111816,0.6932503730803048,0.4865122867437042,0.020595255754942088,0.06906632570497225,0.0,0.1276620769334298,0.0,0.013332031559368298,0.34130282375847787,0.25048197470835076,0.07804913077645463,0.03488782916495892,0.4989268967285781,0.08556755545042963,0.03923149435903497,0.05474003687379625,0.3626662245890984,0.1813656950065706,0.12536933761895425,0.0,0.010591787647559399,0.0689120541738401,0.0,0.1946459934892717,0.19886687935644873,0.8726150759465257,0.7654555589888121,0.010455503569011544,0.4273761774056439,0.0,0.0901359639100392,0.0005573000963947299,0.018893277028223805,0.013499560808375834,6.610696135189607e-05,0.3421825352749005,0.2455566422569277,6.610696135189607e-05,6.610696135189607e-05,0.5441862133206254,0.01365984679794896,0.4518339976775005,0.9731423817361075,0.7699824062278531,0.364500024327957,0.4919443132362577,0.03589513275268409,0.1096441106786298,0.0,0.0,2.649707424581582e-08,0.0,0.0
6.610696135189607e-05,0.014626078296490689,0.003639289058599781,0.0019193787254996335,6.610696135189607e-05,0.9999361125744749,0.18002034142734943,0.05277290301843288,6.610696135189607e-05,0.9999393658992525,0.0,0.12297220997353328,0.00022850826536899505,0.10934520292354166,0.009400369673140492,0.3729002187625797,0.07572802244097131,0.20088220437017063,0.10668237220532188,0.1634804224338649,0.9898881306572351,0.4414094904961005,1.0,0.02728785751495265,0.50831608202401,0.0023484380539945376,0.005648145084405291,0.016920813385694393,0.9999338930386481,0.16345441194376173,0.25615186498475934,0.2965457877198814,0.39536247184385487,0.8122859401960982,0.29526437827907115,0.026670039754302,0.10743066915658546,0.5489919027721674,0.14636311405973979,0.693039628551851,0.4913841575348724,0.020988423671059755,0.06991736672566229,0.0,0.12953206005519013,0.0,0.013404385184826156,0.34088111621994927,0.2509741428511057,0.07736606215976297,0.03497423043115176,0.5051775017376433,0.08917916045976694,0.04263536995393384,0.05526202307677332,0.361595558425485,0.17499222747940654,0.1269317833597805,0.0,0.007766642616859337,0.08461359853021068,0.0,0.1963776354707767,0.19234739135788484,0.8723292041236184,0.7666022108404728,0.010111851722721965,0.4290584494487094,0.0,0.09065005667433079,0.000535924530558138,0.01892701597583978,0.013315645360844888,6.610696135189607e-05,0.34505805985013244,0.2487351287743621,6.610696135189607e-05,6.610696135189607e-05,0.543333955763609,0.012721832324495197,0.45483162838761515,0.973101451980329,0.7754574853030135,0.35699412902448147,0.48073666717768054,0.03485471353640104,0.1153862467370721,0.0,0.0,1.7620042931619426e-08,0.0,0.0
6.610696135189607e-05,0.014547827651126322,0.00358390869943357,0.0019193787254996335,6.610696135189607e-05,0.9999361370552116,0.18208648238382044,0.05334307788452995,6.610696135189607e-05,0.9999393288671525,0.0,0.11903746973109594,0.00021254745046337452,0.10503165761441649,0.010051119014215258,0.38232140981834617,0.07520603986364588,0.19674240404548501,0.10634743532335247,0.1618224659732132,0.9901051416154278,0.4388003084869762,1.0,0.02705132044242252,0.505669690369803,0.002033817917599965,0.005975198809682903,0.016862845264783755,0.9999338930386481,0.16332516859546103,0.249180343059422,0.2884142892940029,0.3965895288220638,0.8187822421082322,0.29536325796578244,0.02673613263524767,0.1093167803539642,0.5382492544381691,0.14608230819553406,0.6931578199294379,0.4953885798034454,0.02138185299723733,0.0708674974281816,0.0,0.13119255130238028,0.0,0.013462536181202715,0.3404840481407154,0.25123468533219,0.07688470381255919,0.035067022619758664,0.5111339979752364,0.09271443687955844,0.04571682052298819,0.05600626935065747,0.36054113717031105,0.16932570508084333,0.1280694589559939,0.0,0.005708136972546063,0.10201833957872401,0.0,0.1977721345037098,0.18760965841097005,0.8722707116794102,0.7673100365986052,0.00989484669024072,0.4300071402106435,0.0,0.090847680512193,0.0005185014723136394,0.018866126555778833,0.013106010843065561,6.610696135189607e-05,0.3462160352851348,0.24980133106365135,6.610696135189607e-05,6.610696135189607e-05,0.5436920598863224,0.011892052810924408,0.4575298133471277,0.973051319914289,0.7799434250590732,0.34968128696889167,0.47159628198611986,0.03386400570320643,0.12025935774009956,0.0,0.0,1.1694331395898648e-08,0.0,0.0
6.610696135189607e-05,0.014489635775558759,0.0035487833217693085,0.0019193787254996335,6.610696135189607e-05,0.9999361936862401,0.18353651895574916,0.05367317058792482,6.610696135189607e-05,0.9999393021235543,0.0,0.11541979149614244,0.00019779469575952177,0.10098989172088547,0.010806281411769585,0.39008250308822934,0.07467632816651498,0.19279434137643015,0.1058700266825592,0.1604288709013079,0.9902400998857823,0.4368619619436097,1.0,0.026882888394889087,0.503165161689048,0.001764391984196072,0.0062417682781437745,0.01680773155441111,0.9999338930386481,0.16323564716298827,0.24216463294833265,0.2800888818407541,0.39791983823622823,0.8246212708372073,0.2956801985443321,0.026791712984072333,0.11092517398284552,0.5262363290106143,0.14570959662211733,0.6934520381644372,0.4986790796596631,0.0217733671388496,0.07189837748272893,0.0,0.13269543457381336,0.0,0.013508791131951631,0.34015933458541714,0.2513486538917758,0.07656422799762369,0.03515476258500736,0.5163475622801826,0.09620195440821142,0.04855311832976312,0.05686489730160187,0.3594936720825449,0.16423930894183064,0.12896013053478492,0.0,0.004199895125543932,0.12065086938402023,0.0,0.1989487658624412,0.1841020409518358,0.8723566061785912,0.7676727516159632,0.0097599001142177,0.43044260348257696,0.0,0.09083681294489404,0.0005019469389334736,0.018715787103488764,0.012875127428229887,6.610696135189607e-05,0.34618669580742834,0.24974049799041276,6.610696135189607e-05,6.610696135189607e-05,0.544907508044781,0.011139420220962147,0.4599398794247405,0.9730104923201681,0.783885039170725,0.342306520193596,0.4642079002896534,0.032922867806606526,0.12442453801207089,0.0,0.0,0.0,0.0,0.0
6.610696135189607e-05,0.014445216514392947,0.003527991856088744,0.0019193787254996335,6.610696135189607e-05,0.9999362748727333,0.1845521655275882,0.053843918169967885,6.610696135189607e-05,0.9999392906694132,0.0,0.11204437117804714,0.000183993446369547,0.09716945782477553,0.011678419994156567,0.39635573428148857,0.07415299331754992,0.18912262487918027,0.10531153491545343,0.1592418727772567,0.9903223652551127,0.4353991795466061,1.0,0.026759154154928546,0.500761419247551,0.001551060063517732,0.006429225402815425,0.016754602365557234,0.9999338930386481,0.16309029837873867,0.235226905962629,0.2718878949887126,0.39936149290193806,0.8298967102515606,0.29613833006382223,0.026840937704163362,0.11226950086454723,0.5135012496389233,0.14534335223956002,0.693818432547382,0.5014013905665868,0.022162080901100906,0.07299585200236047,0.0,0.13407812708523173,0.0,0.013549994413696887,0.339917962105059,0.2513746374445844,0.07636488989893699,0.03523929532225754,0.5209442266380437,0.09964960300621802,0.05120399094498267,0.05784411173270097,0.35843890166553644,0.15965832552140888,0.12972719336710042,0.0,0.003093573973866578,0.13994159079721483,0.0,0.20000134572775122,0.18147431001603037,0.8725263841834456,0.7677622752203828,0.009677634744887302,0.43052269336816223,0.0,0.09068379073379537,0.00045310385378482263,0.01856200410534231,0.012661008482352763,6.610696135189607e-05,0.345416917431278,0.24884289052138972,6.610696135189607e-05,6.610696135189607e-05,0.5465646310481478,0.010444964227030526,0.46209010539103024,0.972975068849467,0.7874674673368106,0.3348787395697054,0.45830091347895147,0.032027228407317025,0.12800167453820252,0.0,0.0,0.0,0.0,0.0
6.610696135189607e-05,0.01441059699224184,0.0035165461005853024,0.0019193787254996335,6.610696135189607e-05,0.9999363677650083,0.18530190292267565,0.05391303395826313,6.610696135189607e-05,0.9999392861426019,0.0,0.10886570601206728,0.00017103264119159016,0.09354267214288754,0.012684515054146752,0.40133176958663064,0.07364469735961722,0.18575194750706578,0.10471318208495414,0.1582172821306719,0.990370933473222,0.4342755681739501,1.0,0.026653997933850117,0.4984318226353621,0.0013583170831135787,0.006607735427164375,0.016699715624236354,0.9999338930386481,0.16291691610384818,0.22826197958312186,0.2638031044345246,0.40088751202148143,0.8346427019083991,0.29668934314053735,0.0269541341726252,0.11346266426736644,0.5005101337257077,0.14506705322012098,0.6941629260665996,0.5037006363898479,0.022547058964263872,0.0741484405095819,0.0,0.13536761902599787,0.0,0.013590847912689044,0.33978327821064885,0.25132785123246437,0.07626711032638214,0.03531691765029064,0.5252044032205043,0.10305788161918726,0.05366279357101203,0.05887854759145167,0.3573792474078405,0.15556062999110146,0.1304114400037031,0.0,0.0022801020034661935,0.15923709717388773,0.0,0.2010154572999265,0.17948202745218328,0.872739758950782,0.7676342773597462,0.009629066526777936,0.43035681280005206,0.0,0.09045433437686516,0.00041977052045148917,0.01840712207563166,0.012419649295166832,6.610696135189607e-05,0.34411639185879017,0.2475192516267206,6.610696135189607e-05,6.610696135189607e-05,0.5484755005471234,0.009796668100499492,0.4640335108436922,0.9728748331861832,0.7907145615862798,0.32756825404625783,0.4536011771932483,0.03117691927385678,0.1310653886509031,0.0,0.0,0.0,0.0,0.0
6.610696135189607e-05,0.01438237320420405,0.003511490541087586,0.0019193787254996335,6.610696135189607e-05,0.9999364710534868,0.1858853389561464,0.05392002152115991,6.610696135189607e-05,0.9999392859900529,0.0,0.10585899574197569,0.00015880109693721433,0.09008310615816045,0.013843320421181908,0.405197898998052,0.0731550419725412,0.18268208199217184,0.10410346408174642,0.1573225564144125,0.9903981886184321,0.43339629551730907,1.0,0.02657929776184073,0.4961693618847396,0.001186241289642228,0.006746574688830346,0.01664325619289793,0.9999338930386481,0.1626937545732578,0.2215494992121916,0.25589778361468946,0.40248087145251266,0.8389363931478369,0.29728810883642426,0.02705208803362128,0.11448352650012943,0.4877528502831876,0.1448586315997949,0.6944571381578238,0.5056416160078303,0.02292686932958465,0.07534727676323784,0.0,0.13658021470906886,0.0,0.013668913743197262,0.3397359415331327,0.2512577500162923,0.07623397898200007,0.035388591220056616,0.5293945490651627,0.10647906563805133,0.0560130967450098,0.059935572246329165,0.3562739067193023,0.15187538539506326,0.1310582790231417,0.0,0.0016800861361190725,0.1779659538561846,0.0,0.20202467918152167,0.17796074945651538,0.8729696665886689,0.7673301668223497,0.00960181138156785,0.4300234897736221,0.0,0.09016994374947425,0.00038056794705641837,0.018250724936499853,0.012178762404091631,6.610696135189607e-05,0.3425230043365671,0.24596127115164926,6.610696135189607e-05,6.610696135189607e-05,0.5505581578114886,0.009188221457099853,0.46579461639845837,0.9727891108694415,0.7937532812055911,0.32043787543944585,0.4499434694021532,0.030363140688113285,0.13371555254348244,0.0,0.0,0.0,0.0,0.0
6.610696135189607e-05,0.01435957365870144,0.0035107309030793744,0.0019193787254996335,6.610696135189607e-05,0.9999365612018086,0.18639268414313603,0.05388814078801781,6.610696135189607e-05,0.9999392846635125,0.0,0.1030030198285498,0.00014724945166162635,0.08677245171040539,0.015174880799379932,0.4081241440214207,0.07268633766302096,0.1798911269537933,0.10349761515615315,0.15653009920452238,0.9904127907204119,0.43269388643628526,1.0,0.026499219137440095,0.4939731694706345,0.0010477632287641974,0.006849687731556171,0.0165837314987821,0.9999338930386481,0.16238911388457422,0.21513053413229358,0.2482964881015874,0.4041456334164542,0.8427934179539788,0.2979088948699254,0.027160156736435175,0.11539304502384937,0.4755853955991866,0.14473655219834738,0.6946523774343867,0.5073059827010026,0.023297652595396547,0.07658498376120018,0.0,0.1377236853892096,0.0,0.01372782617239692,0.33977749960388703,0.2511632143828552,0.07624561455974786,0.03546203482603365,0.534211447711247,0.1098657330758882,0.058216176695100964,0.060999715769119285,0.35517443937847465,0.14859261242238744,0.13169829348721399,0.0,0.0012373169988271393,0.19568845048032849,0.0,0.20308158982839572,0.1768043045060376,0.8732047322484503,0.7668849170342774,0.00958720927958813,0.42958242817450515,0.0,0.08984923091561747,0.00036359983639373236,0.018102692287544034,0.011961816229106614,6.610696135189607e-05,0.34064536196031725,0.24420763377510937,6.610696135189607e-05,6.610696135189607e-05,0.552587646484217,0.008613969623633793,0.4673897918143108,0.9726925938119032,0.7965971862669181,0.31355127312110503,0.4471393037802319,0.029579695074196662,0.13599858583916655,0.0,0.0,0.0,0.0,0.0
6.610696135189607e-05,0.01433943301890525,0.003512731642133464,0.0019193787254996335,6.610696135189607e-05,0.9999366618518069,0.18683208635622056,0.05383829625217244,6.610696135189607e-05,0.999939287934838,0.0,0.10028625512542237,0.00013633479854604832,0.08359765027421481,0.016700819921722114,0.410269288185043,0.07224062554876659,0.1773599208402472,0.10290628486165457,0.15581909283546685,0.9904198404847636,0.43211675937867206,1.0,0.02642428215596247,0.49182850647549875,0.0009497725829176052,0.006930664403375383,0.016520777380894674,0.9999338930386481,0.16199959634308111,0.2090794693851852,0.24101894316039232,0.40585648498024274,0.8462410352784376,0.2985043837784345,0.027226005585217084,0.11617664057780382,0.464232502250075,0.14467550760219286,0.6947243790183426,0.5087354302092832,0.0236608910826179,0.0778553066806366,0.0,0.13881313840452558,0.0,0.013786300564527858,0.33988098987442317,0.25103851342377437,0.0762906872026937,0.03553724161163154,0.5387866525240652,0.11320060122039353,0.06029010947425186,0.062050886452003635,0.35408416413952953,0.14568688301241803,0.13231534830891054,0.0,0.0009101922588662671,0.21205836294031102,0.0,0.20420410068750125,0.17592434995422884,0.8734328240557275,0.7663256004838965,0.00958015951523638,0.42907010221680236,0.0,0.08955631789548897,0.00033681930854056937,0.01796947610379317,0.011755987475920536,6.610696135189607e-05,0.33877910993510063,0.24236219683525353,6.610696135189607e-05,6.610696135189607e-05,0.5545152763993899,0.00807208170914436,0.46889401278723264,0.9726376596162368,0.7993155168891152,0.3070083148878918,0.4450552042127642,0.02883089474538954,0.13798029899624073,0.0,0.0,0.0,0.0,0.0
6.610696135189607e-05,0.014321509309320074,0.0035164917915401976,0.0019193787254996335,6.610696135189607e-05,0.9999367652674184,0.18723609494037366,0.053780495929047205,6.610696135189607e-05,0.9999392911417174,0.0,0.0977005417562954,0.00012606297866830213,0.08055770097999784,0.018442374292679503,0.41178841205156513,0.07181780536276272,0.17506673994782632,0.10233336235332283,0.15517144932189572,0.990422401912229,0.4316279941135298,1.0,0.026350291856661306,0.4897240865965864,0.0008721467054556982,0.007031314446001953,0.016454783536861573,0.9999338930386481,0.16156684182764058,0.2032822671540357,0.2339358105889077,0.4075794621188587,0.8493140485054209,0.29908875638313914,0.027301835739274624,0.11689693208812353,0.453876460134051,0.14468471380169645,0.6946713401377397,0.50996857834424,0.024016543658249196,0.07915071191053356,0.0,0.1398561757831102,0.0,0.013846794659969257,0.3400401896732839,0.2508913846403137,0.07635277562517231,0.03564762137508017,0.5432540754673139,0.11649289458953965,0.062234947564405015,0.0629773768315633,0.3529951559606978,0.14312573768501685,0.13291604155062475,0.0,0.0006687233701963447,0.22689188767547472,0.0,0.20539678807957673,0.1752603492899778,0.873650093988428,0.7656778387675708,0.009577598087771054,0.42851583010336,0.0,0.08924462133985385,0.0003133669162481849,0.017852894879921852,0.011534878779160415,6.610696135189607e-05,0.33697911401884545,0.2405658517992126,6.610696135189607e-05,6.610696135189607e-05,0.5564752493132302,0.007560213809562239,0.47029466030994077,0.9725721012820571,0.8018766435616823,0.3007892778977948,0.44352687414673836,0.0281140664199209,0.13970433241795593,0.0,0.0,0.0,0.0,0.0
6.610696135189607e-05,0.014305789255697626,0.0035213838388853066,0.0019193787254996335,6.610696135189607e-05,0.9999368649112115,0.18762042793006875,0.05372328450206369,6.610696135189607e-05,0.9999392931313688,0.0,0.09523323342279241,0.00011640032447779512,0.07763827492938372,0.020418922267964684,0.41277954968991526,0.07141485605573736,0.1729824655021406,0.10178264033440057,0.1545767380384344,0.9904228564665215,0.43120837944439044,1.0,0.02627818118631464,0.4877112987734036,0.0007794328447323589,0.0071080643166686625,0.01641339426286415,0.9999338930386481,0.16114630773634667,0.19798890035064118,0.2270222240830932,0.4092771556134425,0.8520834202453792,0.29967357533395445,0.02737294489998528,0.11755224418064533,0.4446374918235843,0.14474576440446416,0.6945186952599527,0.511018419475294,0.02436491878921665,0.0804685476018303,0.0,0.14086185657322023,0.0,0.013910250483224968,0.3402452615161809,0.25075198312902763,0.07641574392876074,0.035738902345372296,0.5475756506881079,0.11973219134083198,0.06407042376664719,0.06391098906131558,0.35192653328130064,0.14083900537919755,0.13350668970932675,0.0,0.0004905033835023306,0.24013866739259557,0.0,0.20664240264842382,0.17477209535464305,0.8738524408763828,0.7649547143597353,0.0095771435334785,0.42792976398238936,0.0,0.08893182644563526,0.0003133669159003297,0.017750484450902833,0.011344505210669525,6.610696135189607e-05,0.33511251033960615,0.2387563427476306,6.610696135189607e-05,6.610696135189607e-05,0.5582913757580972,0.007077574375423295,0.4715865015339264,0.9725106547755369,0.8043189775064686,0.29480491851585555,0.4424746859056206,0.027424046035886124,0.14122701966792225,0.0,0.0,0.0,0.0,0.0
6.610696135189607e-05,0.014291198959437104,0.0035268667989802036,0.0019193787254996335,6.610696135189607e-05,0.9999369612288429,0.18799280599112722,0.05367338410976645,6.610696135189607e-05,0.9999392944900265,0.0,0.09288161608948978,0.00010732919608453076,0.07483627350394471,0.022652562918701834,0.413355031421705,0.07103291392202786,0.17108662750401335,0.10125459900497216,0.15402432633673965,0.9904225316436369,0.43083828927265705,1.0,0.026207902807374908,0.4857845275958383,0.0006998041018374002,0.007154658221660691,0.016349878259555462,0.9999338930386481,0.16070088857759712,0.1931960185700517,0.220624095112952,0.41097389569839643,0.8545481541326101,0.3002206942649465,0.02739538402112479,0.11811614033416044,0.4364576247105042,0.14483191491213598,0.6942716264110094,0.5119181146027965,0.024705713047179136,0.08179948312907467,0.0,0.14182265312988707,0.0,0.013976198750664408,0.34047816714535534,0.2506141173531363,0.07648207256288461,0.03581886336313672,0.5518365886294172,0.1228812772067107,0.06577678893131186,0.06485401224489258,0.3508930449283937,0.13882888751846614,0.13406594549985248,0.0,0.00035904702809443556,0.25183023222178336,0.0,0.20793192890424944,0.17442201589766426,0.8740396879478487,0.7641761905341856,0.00957746835636306,0.42733905759745594,0.0,0.08863690169141654,0.0003133669159003296,0.017662627880935124,0.011167258541404948,6.610696135189607e-05,0.3333390189969025,0.2369338060837596,6.610696135189607e-05,6.610696135189607e-05,0.5600150616047812,0.006622958348923777,0.4728317441457113,0.9724972867827907,0.8066885391338003,0.28905958014901056,0.4418130536661591,0.026763530762713223,0.14257324199552587,0.0,0.0,0.0,0.0,0.0
6.610696135189607e-05,0.014277104129367823,0.0035324890074072556,0.0019193787254996335,6.610696135189607e-05,0.9999370528995974,0.1883598492974102,0.05363572978356033,6.610696135189607e-05,0.999939294850199,0.0,0.09063689231379934,9.884286382811294e-05,0.0721480421390406,0.02516260620144652,0.4135977056194567,0.07067156711606154,0.16935759753319707,0.10074992258914611,0.15350702618337297,0.9904222217862781,0.4305020497625393,1.0,0.02617041001843947,0.48394365517393106,0.0006335099600570156,0.007201862951512059,0.0162799997819715,0.9999338930386481,0.1602350921331405,0.1887488339105352,0.21457574223903333,0.4126142876130792,0.8567157836905785,0.30073620319127764,0.02740632757188961,0.118629880293544,0.4292749909837289,0.14495278261959021,0.6939160453844055,0.5126875546621414,0.02503864364403902,0.08313744776716372,0.0,0.14274466512665332,0.0,0.014043415454959032,0.34072497997105433,0.25046189800395885,0.07655703358000722,0.03590144502283245,0.5560704998716427,0.12592758003146595,0.06733378905444129,0.06575897571841571,0.34990728471777366,0.1370891519698739,0.13460101238506356,0.0,0.0002622970477240906,0.262066325238742,0.0,0.2092794826295262,0.17419089508101326,0.8742114337668149,0.7633555260494633,0.009577778213721834,0.42675328511080735,0.0,0.08835771041571089,0.0003133669159003296,0.017587210802308018,0.010992450812783884,6.610696135189607e-05,0.33165448063214503,0.23518289318240188,6.610696135189607e-05,6.610696135189607e-05,0.5616715513457491,0.006195064339547583,0.4740258921098595,0.9724948295642822,0.8089597805196913,0.2834960775760826,0.4414495117609532,0.026132904870006718,0.1437639527236482,0.0,0.0,0.0,0.0,0.0
6.610696135189607e-05,0.014263832193059513,0.0035380559392339094,0.0019193787254996335,6.610696135189607e-05,0.9999371363216467,0.1887218415311781,0.05361220532119791,6.610696135189607e-05,0.9999392932704144,0.0,0.08849311219749291,9.092308840079495e-05,0.06956928159146632,0.02796640251295207,0.41357696901568347,0.07033163440481131,0.16778041594853485,0.10026963272387424,0.15302150569955186,0.990422380093087,0.4301949756372382,1.0,0.026110785076166414,0.48219128586072435,0.0005979065779133707,0.0072461635055972645,0.016206761110877415,0.9999338930386481,0.15971874314436912,0.1846655678585344,0.2087989012549661,0.41423313549862184,0.8586236160000092,0.3012424750012993,0.02741656462683084,0.11911234018813939,0.42303626094162594,0.14510897890331684,0.6934692704944663,0.5133494399747929,0.02536381967430129,0.08447189460800388,0.0,0.14362599728100292,0.0,0.014139796833933946,0.3409855007544123,0.25031210150352085,0.07663703453437913,0.035986671620087285,0.5598460308434874,0.12888896572360234,0.06875865862176357,0.06660917724602013,0.34894562128121154,0.13558516503726656,0.1351207293662028,0.0,0.0001912380031544689,0.2709954487516378,0.0,0.21067357116600335,0.17406836288998678,0.8743665476018245,0.7625065996924443,0.009577619906912948,0.4261790270817589,0.0,0.08808248344893338,0.0003133669159003296,0.017488640740531167,0.010834473776524186,6.610696135189607e-05,0.3299848462837618,0.2336345987954915,6.610696135189607e-05,6.610696135189607e-05,0.5633136456847163,0.005791218962724216,0.47514368343500507,0.9724925122847684,0.8111271402172399,0.2780018877937843,0.4413140520809997,0.025525523934719067,0.14480178118668552,0.0,0.0,0.0,0.0,0.0
6.610696135189607e-05,0.014251424719577811,0.0035437708328598695,0.0019193787254996335,6.610696135189607e-05,0.9999372128526539,0.18908252338871717,0.05360177684181348,6.610696135189607e-05,0.9999392890849638,0.0,0.08644068912351992,8.3538982649544e-05,0.06709248291889817,0.03107882179955356,0.41334721338000696,0.07001387374467195,0.1663402268841749,0.09981541221874043,0.15256714299483567,0.9904238859092404,0.42991514453189694,1.0,0.02603839071527295,0.48050977810648,0.000547868064972048,0.0072856109569362955,0.016132091572971085,0.9999338930386481,0.15921811570707908,0.1809519114987769,0.20338198590545276,0.41582195263548555,0.8603043363627463,0.3017221379330873,0.02742443353971932,0.1195605599307983,0.41762342372435646,0.14528745199171791,0.6929406541107374,0.513903483086754,0.025678537467120312,0.08580534450226367,0.0,0.14447084031644733,0.0,0.014216691857478111,0.34125217132525837,0.2501712399319402,0.07671850014339886,0.03607367626853941,0.56440817629077,0.13176574570018995,0.07005911612121335,0.06741099116679904,0.34803833901785936,0.13428436395672752,0.13563166738752747,0.0,0.00013922182391335082,0.2787774549375798,0.0,0.21210068587582742,0.17403397768783876,0.8745060503141392,0.7616275125029007,0.00957611409075963,0.4256140151516557,0.0,0.08782237581094529,0.0003133669159003296,0.017431522752998384,0.010687881463958816,6.610696135189607e-05,0.32835768966411066,0.23198724838916676,6.610696135189607e-05,6.610696135189607e-05,0.5648426754609065,0.005411299680526278,0.47620550555586544,0.9724920274776312,0.8132077353263901,0.2725202995385102,0.44136533462827515,0.0249447862687633,0.14572231234123234,0.0,0.0,0.0,0.0,0.0
6.610696135189607e-05,0.014239576872828721,0.0035489842954195125,0.0019193787254996335,6.610696135189607e-05,0.9999372944316938,0.18943612964091458,0.053605568907339175,6.610696135189607e-05,0.999939281974452,0.0,0.08447773163079147,7.667833812077488e-05,0.06471683668609819,0.03451412022985815,0.4129556175807628,0.06971492523946182,0.1650240860650562,0.09938734744294404,0.15214060024785173,0.9904264108642988,0.42965475687758836,1.0,0.025968290895220784,0.47890150048746594,0.0005215703243307244,0.0073194572015177605,0.01605643228015642,0.9999338930386481,0.15867493916633213,0.1774976155358168,0.19825167711926234,0.4173738582108388,0.8617794938322927,0.30218025562290657,0.027431391003659628,0.11998035383473912,0.41293558254492885,0.14548394880676088,0.692349283780811,0.5143569313662066,0.02598574466704011,0.08713694210212293,0.0,0.14528642806177441,0.0,0.014290973681681206,0.3415129661201267,0.2500317927004938,0.0768009950808886,0.036194762962022016,0.5687727022151796,0.13457300462952762,0.07124700475870753,0.06806781548639558,0.347168098575037,0.13316574326415312,0.13611043422329364,0.0,0.00010114719776565844,0.2855259798617643,0.0,0.21354437287737665,0.17406773002637385,0.8746269078900158,0.7607224576500253,0.009573589135701143,0.4250588150606372,0.0,0.08759051784151749,0.0003133669159003296,0.017379960152814688,0.010551497378563975,6.610696135189607e-05,0.3268498485165439,0.23046985049209026,6.610696135189607e-05,6.610696135189607e-05,0.5662851912419147,0.00505476290355421,0.47723157852300835,0.9724919306582196,0.815201662281397,0.2670243173634487,0.4415604336124763,0.02439141810235061,0.14655125254236331,0.0,0.0,0.0,0.0,0.0
6.610696135189607e-05,0.014228503161212634,0.003553800505386981,0.0019193787254996335,6.610696135189607e-05,0.9999373758167536,0.1897836087601321,0.05362160726077632,6.610696135189607e-05,0.9999392731774953,0.0,0.08260067663262945,7.031998850082796e-05,0.06244093614776512,0.038281239063657296,0.412449577979415,0.06943517712104591,0.16382081511298627,0.09898606119403915,0.15174164872772905,0.9904300431127504,0.4294143982853047,1.0,0.025899779996188723,0.47737245505540976,0.0005037712563834222,0.00734855882535014,0.01597633488103401,0.9999338930386481,0.15811775781261422,0.17433455957647273,0.19342544246988772,0.41887994552538066,0.8630793573434213,0.3026231148055673,0.02743807113142599,0.12037658502994056,0.40887526129822577,0.14569362579091583,0.6917039201990239,0.5147216187127737,0.02628742943693645,0.08846699831185033,0.0,0.14608035063846575,0.0,0.014364594147625776,0.3417776033186257,0.2498990505197254,0.07689083170993083,0.03630186311833433,0.5729096855108753,0.13729643382654594,0.07231869409723334,0.06868828180707054,0.34634667517672496,0.1322001982111325,0.1365572447930076,0.0,7.333791294407123e-05,0.29137880455026904,0.0,0.21499620587335924,0.17415939049718043,0.8747265093690244,0.7597913529604207,0.009569956887249561,0.4245052510762296,0.0,0.08737970704082058,0.0003133669159003296,0.017334015036224792,0.010421506913720815,6.610696135189607e-05,0.3254264077341142,0.22902794472350477,6.610696135189607e-05,6.610696135189607e-05,0.5676800761708175,0.004720444445446197,0.47821896376879564,0.9724916088800731,0.8171091409093503,0.26146469508784786,0.44185679622966917,0.023864696806570947,0.14729817567705958,0.0,0.0,0.0,0.0,0.0
6.610696135189607e-05,0.01421771666174281,0.003558247353189706,0.0019193787254996335,6.610696135189607e-05,0.9999374560306822,0.19012196428944675,0.05364890111622718,6.610696135189607e-05,0.9999392628740358,0.0,0.08080528815909191,6.44394148833321e-05,0.060261974148644544,0.04238330640380458,0.4118635357059529,0.06917404145470067,0.16271924496603726,0.09861105851466216,0.15136828997779295,0.9904345209061788,0.4291899226740522,1.0,0.025832559773619024,0.47591638446757534,0.0004917913555039777,0.007373154663646992,0.01589715180495207,0.9999338930386481,0.1575541222912708,0.1714079191224981,0.18885023526177014,0.42033962677521625,0.8642196460210498,0.30305315454086645,0.027444504221477067,0.12075093370728916,0.40535113411226414,0.14591209217567164,0.691016696766656,0.5150079624546915,0.02658440875042275,0.08979175563596623,0.0,0.14685187419450832,0.0,0.014437145028653056,0.3420353538024681,0.2497699102647325,0.07698590063997661,0.03640691298031005,0.5769643555307422,0.1399415317217959,0.07327869557387932,0.06929827728412734,0.3455730424778974,0.13137316906776741,0.13697826251519732,0.0,5.307061582286442e-05,0.29647240598801017,0.0,0.21644584805028969,0.17430035315232828,0.8748045327349151,0.7588399543862409,0.009565479093821225,0.42395820313143945,0.0,0.08718584403442182,0.0003133669159003296,0.01729310568661022,0.010293057332550237,6.610696135189607e-05,0.32405708342645173,0.22766414938299634,6.610696135189607e-05,6.610696135189607e-05,0.5690591077445809,0.004407184911182706,0.4791632947848443,0.9724910563636396,0.8189340215282435,0.2557931534959212,0.4422243721183754,0.023363413728353745,0.14797243942694302,0.0,0.0,0.0,0.0,0.0
6.610696135189607e-05,0.014207242856143732,0.003562343707598663,0.0019193787254996335,6.610696135189607e-05,0.9999375363659138,0.19041662563279904,0.05368906098259175,6.610696135189607e-05,0.9999392568711412,0.0,0.07908754994051063,5.901038225226511e-05,0.05817624761335789,0.046817497381239095,0.41122273586683733,0.06893058897959609,0.16170898301730105,0.0982614528691875,0.15101883717398723,0.9904397501961919,0.428979285907035,1.0,0.025766858888217,0.47453262064482676,0.00045310385378482263,0.007394314655207177,0.015818741678272914,0.9999338930386481,0.1570405868632407,0.16872258090754036,0.1845368404165043,0.42175173391774956,0.8652180151896197,0.3034710751819264,0.027450611727502187,0.1211047895624774,0.4022809756116983,0.14613584374844665,0.6902970442212039,0.5152253498269392,0.026877581670363714,0.09110934118789803,0.0,0.14760219236249086,0.0,0.014508720291804268,0.34228349681351766,0.2496440869180053,0.07708890752072452,0.03650841586787489,0.580973721657604,0.14250224415465207,0.07413245439369229,0.0698789831338499,0.3448474568057633,0.13066812937282488,0.13738179972406137,0.0,3.833062346290023e-05,0.3009325704014859,0.0,0.2178862291038123,0.17448217644358027,0.8748609654604488,0.7578718216381147,0.009560249803808051,0.4234185217304742,0.0,0.08700615255795192,0.0003133669159003296,0.017256071961725024,0.010180917277251013,6.610696135189607e-05,0.3227221455854968,0.2263545721117887,6.610696135189607e-05,6.610696135189607e-05,0.5703932066503741,0.004113855437555388,0.48005957515350167,0.9724903778902455,0.8206806322007019,0.2499689566055767,0.44264142038471604,0.02288613769538764,0.14858349071217955,0.0,0.0,0.0,0.0,0.0
6.610696135189607e-05,0.014197151707362085,0.0035662148925705004,0.0019193787254996335,6.610696135189607e-05,0.9999376162009078,0.19071641406977305,0.05373900142182256,6.610696135189607e-05,0.9999392439615159,0.0,0.07744364400465317,5.4008016463708674e-05,0.05618183028976715,0.051574700483525075,0.41055599143014015,0.06870228244282195,0.16078067692722053,0.09793635334744007,0.15069177092465738,0.9904453901240707,0.42878124587501015,1.0,0.02570315094219341,0.4732254940528961,0.00041977052045148917,0.007412263102095991,0.015741795821608246,0.9999338930386481,0.15652463741314027,0.16622774988175693,0.18046006988338908,0.4231109236186217,0.8660817130307367,0.3038708028662512,0.0274570051843529,0.12143960588948725,0.39958624591924735,0.14636011266471607,0.6895506013835324,0.5153840990411322,0.027167832947410913,0.09241787791685341,0.0,0.14833032358707007,0.0,0.01457895492854491,0.34251510841108956,0.2495300676911814,0.07719673533947025,0.036607389139518394,0.58493861040704,0.14498624330228677,0.0748900617976014,0.0704271910117428,0.34416693034482665,0.13007909145122784,0.13776330558706026,0.0,2.763397600086983e-05,0.30485533121407754,0.0,0.21931503427521973,0.1747025269126913,0.874895813705149,0.7568903511584892,0.009554609875929234,0.42288843053791986,0.0,0.0868428232060819,0.0003133669159003296,0.017223811441285857,0.010091205273835597,6.610696135189607e-05,0.3214327041385875,0.22510437918595902,6.610696135189607e-05,6.610696135189607e-05,0.5716467843133793,0.003839195518035504,0.4809222475420355,0.9724889867991834,0.8223509298447447,0.24398372238315,0.44308389590514374,0.02243208189842596,0.1491326971189559,0.0,0.0,0.0,0.0,0.0
6.610696135189607e-05,0.014187364001178678,0.0035697209264090356,0.0019193787254996335,6.610696135189607e-05,0.9999376949925887,0.1910098115329984,0.05379857516272152,6.610696135189607e-05,0.9999392296070627,0.0,0.07587020292689732,4.940776563153652e-05,0.05427737036780508,0.056638447020626564,0.40988690829342106,0.06848945192664256,0.15993085872905963,0.09763483737253088,0.15038614942702513,0.9904515381510268,0.42859514848729513,1.0,0.02564160616663812,0.4719912057479478,0.0003920397036003407,0.0074267347979090105,0.01566650119865589,0.9999338930386481,0.15600564671891462,0.16389987141665063,0.17658503899042544,0.4244176779313448,0.8668274129113603,0.3042510848608437,0.027463771453185484,0.12175886786819902,0.3972032486874665,0.1465849885927503,0.6887867337260787,0.5154956209447971,0.027456597281530916,0.09371696444041798,0.0,0.14903869298564595,0.0,0.01464776879365253,0.342737460892584,0.2494237267911417,0.07730828636640305,0.03670421210084684,0.5888197315545269,0.1473598748266875,0.0755650953622232,0.07094289249879858,0.3435311089409102,0.1295905992453376,0.13810954880342718,0.0,1.9887479448070737e-05,0.30831061292821,0.0,0.22072248245645162,0.1749536559544524,0.8749085653459382,0.7558968861325569,0.00954846184897313,0.422366158527059,0.0,0.08669850419578891,0.0003133669159003296,0.017195352561579332,0.009991228810356738,6.610696135189607e-05,0.3201986515594933,0.22393189516542064,6.610696135189607e-05,6.610696135189607e-05,0.5729173135876376,0.0035819878433020506,0.4817691634088318,0.972486820781183,0.8239438742845479,0.2378476913636969,0.4435281031138286,0.022001331890827057,0.14961986437169086,0.0,0.0,0.0,0.0,0.0
6.610696135189607e-05,0.014177823636611872,0.0035728853975189644,0.0019193787254996335,6.610696135189607e-05,0.999937774923061,0.19129510101894373,0.05386677021008087,6.610696135189607e-05,0.9999392140773276,0.0,0.07436349366713171,4.51822438245149e-05,0.05245839583567667,0.06198229980737534,0.4092236860911272,0.06829224742321617,0.15915445944204096,0.09735655359981056,0.15010165435629597,0.9904581308277287,0.4284208083746466,1.0,0.025581972708921766,0.4708253237425038,0.00037736910865796567,0.007438627407041702,0.015593124828623612,0.9999338930386481,0.1554750506337111,0.16171703069408397,0.17292622804916385,0.42567090154926207,0.8674684499309103,0.3046193163984241,0.027469992080926063,0.12206018611966782,0.39508696387716136,0.14680663348526626,0.6880103150568195,0.5155587433884705,0.027744250603917484,0.09500388920879362,0.0,0.14972708463985362,0.0,0.01471557541868874,0.34294687148698794,0.24932486748887023,0.07742680071378698,0.03679852341856702,0.5926857590224719,0.14964095945297617,0.07615689465579636,0.07142389746967076,0.3429378732052206,0.12919020246511734,0.13844366387781554,0.0,1.4287748973166357e-05,0.31139886405681516,0.0,0.22210554796251816,0.17522793172338014,0.874899195796272,0.7548944564349105,0.0095418691722713,0.42185210698549985,0.0,0.08656418654557678,0.0003133669159003296,0.01716902574111903,0.009889617045416398,6.610696135189607e-05,0.3189713464132454,0.22279342140467753,6.610696135189607e-05,6.610696135189607e-05,0.5742231377976058,0.0033413476039723016,0.4825735260566286,0.9724848256752494,0.8254671302956823,0.23153187225864816,0.44396968042360657,0.021591889557446224,0.15005886544610833,0.0,0.0,0.0,0.0,0.0
6.610696135189607e-05,0.014168586855917056,0.003575704106520093,0.0019193787254996335,6.610696135189607e-05,0.9999378560869757,0.1915696575559469,0.0539424384683875,6.610696135189607e-05,0.9999391975189604,0.0,0.07292068097961754,4.130527107179543e-05,0.05072083379271357,0.06757455786604362,0.4085736832042482,0.06811081350944437,0.15844552879918355,0.097100817078992,0.1498377019924535,0.9904650715478632,0.42825788027630324,1.0,0.025524430595300303,0.46972349550923786,0.0003674472186660703,0.007448199664446531,0.015521755325743729,0.9999338930386481,0.15494817093496452,0.15966833038860795,0.16945570846377428,0.4268720675971689,0.8680197890719774,0.30497444751472774,0.02747560762154813,0.1223457690037106,0.3931969305939131,0.1470242108220566,0.6872292459919899,0.5155805643497947,0.028031552610247003,0.09627726859202887,0.0,0.15039652799353345,0.0,0.0147821161900212,0.3431445427127977,0.24923053514897955,0.0775528310861346,0.03689005350627558,0.5965867033911242,0.15187739896675823,0.07667014220896873,0.0718695922322135,0.3423816442252047,0.1288639379747452,0.1387724578481744,0.0,1.0247547461292422e-05,0.31419110121116745,0.0,0.2234574809071475,0.17551810717009583,0.874867630310761,0.7538850294155176,0.009534928452136748,0.42134559173016334,0.0,0.08643743824526841,0.0003133669159003296,0.01714345235023445,0.0097886488638527,6.610696135189607e-05,0.31773614742336465,0.22167163149567035,6.610696135189607e-05,6.610696135189607e-05,0.575572633667741,0.003116272953277394,0.4833324136574803,0.9724830871073801,0.8269231496561146,0.2250374103288759,0.4444021059736953,0.02120245959141824,0.15045579968092593,0.0,0.0,0.0,0.0,0.0
6.610696135189607e-05,0.01415971378554296,0.0035782364489249084,0.0019193787254996335,6.610696135189607e-05,0.9999379383888688,0.19182952897514077,0.054024430600568135,6.610696135189607e-05,0.9999391801934397,0.0,0.07153893105401339,3.775175452045611e-05,0.04906091946337582,0.07337741824212568,0.4079435899894181,0.06794441308067865,0.1577979592089143,0.096866101720235,0.14959274574190448,0.9904722384917837,0.4281052905106923,1.0,0.025469157800441573,0.4686835948660138,0.00035292273177760843,0.007455884834744147,0.015485885688056582,0.9999338930386481,0.15444411107309738,0.15775370794224441,0.16602005079309273,0.4279902684464526,0.8684926426333454,0.30531472739170273,0.027480721859264125,0.12261704381950209,0.39150001070534635,0.1472370069299476,0.6864495476516371,0.5155678896347251,0.028319688286330177,0.0975369338050318,0.0,0.15104863093651266,0.0,0.014847529831284406,0.34332913377711427,0.2491355441661843,0.07768700798712393,0.03694589007804752,0.6004255809748661,0.1540321250193375,0.07710002622606467,0.07237649890586224,0.3418793029353262,0.12860159509512809,0.13909929317419786,0.0,7.337971972021523e-06,0.31674305136549585,0.0,0.22477424538078244,0.17581991140514983,0.8748142099934348,0.7528703204530637,0.009527761508216343,0.4208460785527951,0.0,0.08631666565241235,0.0003133669159003296,0.017118290868876125,0.009688777054843802,6.610696135189607e-05,0.31648692761378916,0.2205557309908106,6.610696135189607e-05,6.610696135189607e-05,0.5769697408669081,0.0029057622715265236,0.484047048380086,0.9724815263862154,0.8283146987451501,0.21837951968703215,0.4448194030806343,0.02083179388690177,0.15081423975121086,0.0,0.0,0.0,0.0,0.0
6.610696135189607e-05,0.014151208694195104,0.0035804983642139616,0.0019193787254996335,6.610696135189607e-05,0.9999380222751864,0.19207035881844273,0.05411277595087099,6.610696135189607e-05,0.9999391622081879,0.0,0.07021595373410984,3.449784851376388e-05,0.04747560276837187,0.07934797874220637,0.40734202469556324,0.06779227199260415,0.15720724622827376,0.09664991546312944,0.14936406210855444,0.9904793530066341,0.4279609930617599,1.0,0.02541616892088046,0.46770945580793266,0.00032988032991760463,0.007462003504222824,0.015433826728604194,0.9999338930386481,0.15396980842866118,0.15595672537389824,0.16285773815116195,0.4290624930852092,0.8688882827112494,0.30563540148030893,0.027485030139398837,0.12287231212603772,0.38995147548383635,0.14743993305327144,0.6856968940526524,0.5155349030775039,0.02860839892814371,0.09877531474480396,0.0,0.1516699106041682,0.0,0.014912507991795559,0.34349473315076473,0.2490420180743057,0.07782838586375901,0.03700538787514317,0.6043267047070323,0.15607453731534135,0.07745997052385376,0.07282805234890204,0.34141829991161515,0.12840278016169146,0.13942722720018674,0.0,5.246292385105121e-06,0.31911787405111175,0.0,0.2260317802297578,0.17611742006165695,0.8747416856087268,0.7518606231466417,0.00952064699336589,0.42036909633407193,0.0,0.0862017859102526,0.0003133669159003296,0.017093338887729036,0.009589772057918215,6.610696135189607e-05,0.31522914107771133,0.21943945617170904,6.610696135189607e-05,6.610696135189607e-05,0.5784200196415666,0.0027089371270591057,0.48472141758539444,0.9724804720120874,0.8296468388132053,0.2115826717228456,0.44521804225116535,0.02047905372498562,0.15114043063256535,0.0,0.0,0.0,0.0,0.0
6.610696135189607e-05,0.014143002421071377,0.0035825459464658947,0.0019193787254996335,6.610696135189607e-05,0.9999381066473702,0.19229723617290018,0.054205064534952684,6.610696135189607e-05,0.9999391435130229,0.0,0.06894863397624734,3.1520754140658724e-05,0.04596123236804485,0.08543958147518582,0.4067712967354094,0.06765295061835816,0.1566671930292029,0.09645225720356818,0.14915209026155218,0.9904864681367177,0.42782561597053087,1.0,0.025398852317131796,0.4668055326238605,0.0003133669161452632,0.007466526319117712,0.01537810518730361,0.9999338930386481,0.15350820456857253,0.15426501434250378,0.15990343406787252,0.43004341355753156,0.8692153357225721,0.30593481892419544,0.027489049864329106,0.12311470605421171,0.3885376460774518,0.1476364277452279,0.6849569667326092,0.5154791311937937,0.028897877061788826,0.09999313595194642,0.0,0.15226734783194504,0.0,0.014976542260861878,0.3436374224829375,0.24895422864309064,0.07797420180109368,0.03707092459652227,0.6082625980643649,0.15804916628663654,0.07775752846229647,0.0732203066817834,0.34099233591583833,0.12825981862789487,0.13976279068281797,0.0,3.7454719444301918e-06,0.3213472755481368,0.0,0.22724726206033952,0.17641927329578502,0.874649865734643,0.7508547737865015,0.009513531863282264,0.41990703619752406,0.0,0.08608935638907536,0.0003134274974181769,0.01706865194919341,0.009491447332601372,6.610696135189607e-05,0.3139485374728185,0.21831699424883114,6.610696135189607e-05,6.610696135189607e-05,0.5799206930631452,0.0025248456495330506,0.4853537564167392,0.9724794293815302,0.830920316105799,0.2046754968992256,0.44559227551936265,0.020142820588693145,0.15143440248121834,0.0,0.0,0.0,0.0,0.0
6.610696135189607e-05,0.014135573343684819,0.003584339236808036,0.0019193787254996335,6.610696135189607e-05,0.9999381865818471,0.1925076339653734,0.05430014502851088,6.610696135189607e-05,0.9999391246727362,0.0,0.06773544338446551,2.8798686078371704e-05,0.04451461216955471,0.09160458250758548,0.40623531612833613,0.0675276317307115,0.15617617237757817,0.09627230748453748,0.1489569034094227,0.9904936074047104,0.4277020944628869,1.0,0.025361781909221066,0.46596877956885024,0.0003133669159003297,0.0074697421361831825,0.015321759225697557,0.9999338930386481,0.1530373919570095,0.152673146077616,0.15712836141807554,0.4309846689418214,0.8694842728711292,0.30622387164300247,0.027495200449100355,0.12335364335274142,0.3872649231720607,0.14783334525933448,0.6842301738257682,0.5154181368637661,0.029189232252887085,0.10118435582450469,0.0,0.15284026020580205,0.0,0.015034094043756625,0.3437676254801587,0.24886353408469247,0.07812486541943567,0.03713976031476549,0.6118298170208716,0.1599617599699511,0.07799820381013521,0.07356406808191165,0.3406014628001258,0.12816375263600524,0.14010757123882756,0.0,2.670545791889945e-06,0.32345452751890136,0.0,0.22842387465250155,0.17673287305359,0.8745384602625754,0.7498587407660726,0.009506392595289667,0.419457645331311,0.0,0.0859676583642052,0.00031378513594896245,0.017043355924617885,0.009393431390582565,6.610696135189607e-05,0.3125845449071144,0.21720191781863848,6.610696135189607e-05,6.610696135189607e-05,0.5814710756591762,0.002351974492865566,0.48593311373370446,0.9724760008648212,0.8321290739319119,0.1976759668014526,0.44593133861232936,0.019818319791018675,0.1516728177050657,0.0,0.0,0.0,0.0,0.0
6.610696135189607e-05,0.014128392845399174,0.0035859278281255,0.0019193787254996335,6.610696135189607e-05,0.9999382729878258,0.19270451360757251,0.05439653408432256,6.610696135189607e-05,0.9999391056820014,0.0,0.06657279503648005,2.630942365825154e-05,0.04313020828557371,0.09779494261370333,0.40572496186369683,0.06741688558644711,0.15573290041725926,0.09610898475085337,0.14877772727925245,0.9905007382184782,0.42758895118966017,1.0,0.025323351667116238,0.46517983434822335,0.0003133669159003296,0.007471634639925084,0.015266061459836968,0.9999338930386481,0.1525894182582682,0.15116406760170656,0.15452375629468287,0.4318828022999338,0.8697109966529247,0.3064904300879355,0.027499210045309277,0.12357896925693272,0.38611172224482976,0.14802202932176814,0.6835196594190096,0.5153400585662107,0.029483548144297933,0.10235384119498378,0.0,0.15339648144941145,0.0,0.015092796135834351,0.3438822363677935,0.2487671889690274,0.07827966468306043,0.03720876551200705,0.6154920485806452,0.16182345415811691,0.07818556901654651,0.0738681369737127,0.34024161052063234,0.12809888072851716,0.14045711051446327,0.0,1.9016388777058211e-06,0.32544998837777617,0.0,0.22955523166172076,0.1770443226844705,0.8744074671048486,0.7488684315257638,0.009499261781521773,0.4190145673609284,0.0,0.08588554125466426,0.00031444503081975213,0.01701706005976624,0.009329478057395804,6.610696135189607e-05,0.3112142621362746,0.21607903835682077,6.610696135189607e-05,6.610696135189607e-05,0.5828417852150538,0.002190122618558186,0.4864796643611212,0.9724744805310325,0.8332889208186159,0.19064334676369074,0.446253008814535,0.01950822333282258,0.15188271833205952,0.0,0.0,0.0,0.0,0.0
6.610696135189607e-05,0.014121527687151067,0.003587497709636083,0.0019193787254996335,6.610696135189607e-05,0.9999383598899664,0.19288843277626555,0.05449302111098302,6.610696135189607e-05,0.9999390864423459,0.0,0.0654624644636789,2.4038060506901897e-05,0.04181124666233513,0.10396752737946467,0.4052736541215152,0.06731922213293735,0.15533905598051762,0.09596043369732708,0.1486126611379983,0.9905078243395454,0.42748431430033035,1.0,0.02528482372543362,0.46443568781912803,0.0003133669159003296,0.007470789661223895,0.015211870352237112,0.9999338930386481,0.15215311831939604,0.1497397128926226,0.15210763108926598,0.4327415595628376,0.8699012769916833,0.30672900390328034,0.02750235526448168,0.12379647334654695,0.38505384503596785,0.14820217812239925,0.682826549966727,0.5152557381618775,0.02978085925040879,0.10350237098538391,0.0,0.15393793536929432,0.0,0.01515108101029629,0.3439839879258501,0.24867312963925597,0.07843394877261374,0.03727730252118089,0.6191915210091331,0.16361551645312825,0.07833555128541177,0.07414535324358894,0.3399096374026243,0.1280604071204681,0.14078261032855627,0.0,1.3526371101070933e-06,0.3273234711420163,0.0,0.23064152985991718,0.1773542122763269,0.8742587070522642,0.7478849678766178,0.00949217566045455,0.4185777503303753,0.0,0.08579364854829216,0.00031541361364432265,0.016993234823928224,0.00924823258175414,6.610696135189607e-05,0.3099524666521373,0.21503268924759353,6.610696135189607e-05,6.610696135189607e-05,0.584284090233109,0.0020383158878486208,0.4870259213044846,0.9724736066750114,0.8343909273540079,0.1836551564425512,0.4465241677560856,0.01921269804041846,0.15205099358127785,0.0,0.0,0.0,0.0,0.0
6.610696135189607e-05,0.014115053303918995,0.0035890089414941386,0.0019193787254996335,6.610696135189607e-05,0.999938442091626,0.19306245763383054,0.05458942474227051,6.610696135189607e-05,0.999939067295508,0.0,0.06439832542512053,2.196392066735957e-05,0.04055078034882514,0.11006868325770366,0.4048590901056589,0.06723298774635217,0.15498742013269798,0.0958254571378296,0.1484606614263844,0.9905148760322808,0.42738777011505213,1.0,0.0252471000245741,0.4637359978882714,0.0003136540103540595,0.007469063162341163,0.015159289300120402,0.9999338930386481,0.15172977514372576,0.14839004511756465,0.14981646022090983,0.4335606271431555,0.8700560636924504,0.30695101851907897,0.027503701560745705,0.1239995403873513,0.38408799502384433,0.14837123494053556,0.682149391287875,0.5151574039325988,0.03008113542768921,0.10462894920904676,0.0,0.1544644923403078,0.0,0.015209558457130835,0.34407101339002955,0.24857966505726703,0.07859305969594067,0.037343579058443405,0.6228990525286179,0.16535062160656655,0.07844175562066893,0.07439078596854934,0.33960511466388144,0.12804763379478448,0.14111117258152317,0.0,9.610242481730258e-07,0.329118430438641,0.0,0.23168692549264175,0.1776585342979465,0.8740934074344812,0.7469103893645689,0.009485123967719137,0.41814773754464013,0.0,0.08569755881619613,0.00031664836347035396,0.01696895952986687,0.00916150211756249,6.610696135189607e-05,0.30867129104058827,0.2139575374410645,6.610696135189607e-05,6.610696135189607e-05,0.5858029825110659,0.0018963025127651297,0.4875394834742774,0.9724743345185869,0.8354487182395753,0.17672489127981109,0.44676967495380554,0.01893069547313102,0.15219664163675664,0.0,0.0,0.0,0.0,0.0
6.610696135189607e-05,0.014075653017404585,0.003590460051750966,0.0019193787254996335,6.610696135189607e-05,0.9999385215465678,0.1932419311303065,0.054685316868606684,6.610696135189607e-05,0.9999391958205903,0.0,0.06337738756207308,2.0069860610836556e-05,0.03934469659690233,0.11605574150119917,0.4044743891280983,0.06715720809546895,0.15467249425264878,0.09570312326501042,0.14832105794747252,0.9905218931471831,0.427299260576333,1.0,0.02521059219700209,0.46307872632892266,0.0003142956590210208,0.007466740523680293,0.015109635881619782,0.9999338930386481,0.15131985720898572,0.14712541033892187,0.14766484298383956,0.4343359867962739,0.8701794585421089,0.3071575550011192,0.027503402738990913,0.124190662571396,0.3832107913990999,0.14853094372470432,0.6814888215482147,0.5150468260009906,0.03038461974072285,0.1057339120775941,0.0,0.15497693794642933,0.0,0.015269370721457483,0.3441436073356868,0.24848628856236307,0.07875688062502241,0.03740793024129558,0.6266706704042545,0.16703601869615528,0.07850565521832244,0.07460974220767738,0.33932526396443696,0.1280570208698881,0.14145159164486124,0.0,6.820423968846535e-07,0.33085583880205593,0.0,0.23269282050955933,0.1779564028836792,0.8739122569942668,0.7459450299749334,0.009478106852816895,0.41772380147723764,0.0,0.08559670924948122,0.00031816023340636065,0.016943664260069748,0.009072844278292917,6.610696135189607e-05,0.3073624134942524,0.21288770782339456,6.610696135189607e-05,6.610696135189607e-05,0.5873740148350388,0.0017635205880029883,0.4880134657919466,0.9724765274003982,0.8364639587893048,0.169877628297645,0.44699466714719743,0.01866114984675706,0.15232427686268146,0.0,0.0,0.0,0.0,0.0
6.610696135189607e-05,0.01405679850358876,0.003592258263873122,0.0019193787254996335,6.610696135189607e-05,0.9999385942197133,0.1934312377845898,0.05476858012337207,6.610696135189607e-05,0.9999391779502368,0.0,0.06239478886014842,1.8342044501570728e-05,0.038188546242432585,0.12188910605996953,0.4040917636788478,0.06709023884093296,0.15437395697152645,0.09558320659914427,0.1481666324066173,0.9905198772409834,0.42713895956512704,1.0,0.0251742501050139,0.46247958314546317,0.0003152555797415211,0.0074633935962335135,0.015061915892664677,0.9999338930386481,0.15092097496616236,0.14589803375031546,0.14559630889716685,0.4350772522114721,0.8702747216964999,0.3073533733531623,0.027501796539922803,0.124378025913712,0.38242736814033507,0.14873974608283702,0.6808490129541012,0.5149469710353513,0.03069243955114301,0.10682400550011122,0.0,0.15550909225863377,0.0,0.015328705218975187,0.34422702469521543,0.24839667208381552,0.07892264312400332,0.03746766558080791,0.6303784718581258,0.1686564467570734,0.07852740420720378,0.07480395538705864,0.3390767225769298,0.1280858574835879,0.14180705101118884,0.0,4.835690265302026e-07,0.3325492939618329,0.0,0.23365824655516942,0.1782521462002832,0.8737243538497127,0.7450093620932715,0.009480122759016604,0.41735194817623916,0.0,0.08549422625356476,0.0003199918377834097,0.01691735336441331,0.008984019778139389,6.610696135189607e-05,0.30603309047586386,0.21180831027832234,6.610696135189607e-05,6.610696135189607e-05,0.5889894638135245,0.0016394208199121644,0.48844478677550046,0.9724798614155756,0.8374329442748288,0.1631342318378624,0.4471684902383152,0.01840250164979649,0.15242692579283906,0.0,0.0,0.0,0.0,0.0
6.610696135189607e-05,0.014044424516641053,0.0035937323250927427,0.0019193787254996335,6.610696135189607e-05,0.9999386667566835,0.19360837295513536,0.05484912923592009,6.610696135189607e-05,0.999939159485707,0.0,0.061451385161026516,1.676470861177478e-05,0.03707990904405407,0.12754768621270052,0.40373157102272367,0.0670351912515502,0.1541069550694619,0.09547728961438044,0.14802721927260046,0.990517397650471,0.4270008481791521,1.0,0.02514098704576309,0.46190337513890134,0.00031654664080390697,0.00745957369341052,0.015016429094433889,0.9999338930386481,0.15053474892636753,0.14474372829960333,0.1436549820357578,0.43577613574071367,0.8703429338402864,0.30752511982137054,0.02749846162683316,0.12455229928464463,0.3817142157787482,0.14893266169166536,0.680221621083811,0.5148336907696405,0.03100327161053105,0.10789196530575722,0.0,0.156026436277497,0.0,0.015387980786258186,0.3442789079650401,0.2483019957621259,0.079092566643371,0.0375248765615661,0.6341699068167665,0.17023724788020336,0.07851596798326882,0.0749794812096442,0.338849099639363,0.1281334882049775,0.142174750291756,0.0,3.425095269231698e-07,0.33420235067010745,0.0,0.23458771696292896,0.17853994829079864,0.8735194387750885,0.7440808154216423,0.009482602349528994,0.4169727155433509,0.0,0.08538614060373816,0.00032206930131961745,0.016888231238636225,0.008862650338558537,6.610696135189607e-05,0.3046839638306449,0.2107221360162403,6.610696135189607e-05,6.610696135189607e-05,0.5907601433512082,0.0015235779547361124,0.48884874472584705,0.9724847736645551,0.8383674491617744,0.15653574733844394,0.44733576728561103,0.01815547070170972,0.15251940587009896,0.0,0.0,0.0,0.0,0.0
6.610696135189607e-05,0.01403533239322428,0.003594957086552704,0.0019193787254996335,6.610696135189607e-05,0.9999387416591575,0.19377185257731674,0.054930022167524045,6.610696135189607e-05,0.9999391410191703,0.0,0.06054486579826658,1.5323159087927282e-05,0.03601329571407852,0.13300565093849745,0.40337851275906533,0.06698820241053825,0.15386362555563812,0.09538216831465775,0.14790167724352496,0.990516197159063,0.4268869562655866,1.0,0.02510919545160288,0.46135981465460396,0.0003181781854388878,0.007456685536274714,0.014972917769192802,0.9999338930386481,0.15016379060232898,0.14364646517698554,0.14179435364280554,0.43643492307557713,0.8703881585970104,0.30768760170347553,0.02749320617880399,0.12471301709121145,0.3810807737762977,0.1491048923991588,0.6796126019738185,0.5147043226348883,0.031317566194972876,0.10893781170197991,0.0,0.15652599473181497,0.0,0.015447328161377104,0.3443058750815162,0.24819924797172957,0.07927051127606972,0.037579131843532045,0.6380744633306704,0.17180192268071073,0.07846185774471581,0.07512884238193968,0.3386436918057559,0.12819638325482535,0.14259549789293424,0.0,2.4236844129227076e-07,0.3358499751226795,0.0,0.23548214613534646,0.17881827828313626,0.8733002654903694,0.7431605110544951,0.009483802840936946,0.41658704900259846,0.0,0.08526427555572212,0.00032438385636773413,0.016857526068402844,0.008761643919320633,6.610696135189607e-05,0.30327524983922755,0.20956703147535388,6.610696135189607e-05,6.610696135189607e-05,0.5925362731966185,0.0014154581481642114,0.48917203460532366,0.9724914706621081,0.8392734448262688,0.15006360016252535,0.4475165948417758,0.01791704948029688,0.1526137735263372,0.0,0.0,0.0,0.0,0.0
6.610696135189607e-05,0.014028154323772012,0.0035960753412830854,0.0019193787254996335,6.610696135189607e-05,0.9999388150032565,0.19392139001176947,0.05501056369255552,6.610696135189607e-05,0.9999391225991342,0.0,0.05967445875819642,1.4005828795278237e-05,0.03498689609095707,0.13825380466513504,0.4030361388851846,0.06694788027012791,0.15364024276052107,0.09529574797595083,0.14778813182735032,0.9905165584785125,0.42679260369806765,1.0,0.025079247907583226,0.46085061759899226,0.0003200964116406585,0.007452899177786804,0.01493138795731463,0.9999338930386481,0.14980649086118736,0.14260001739750958,0.14003658253736204,0.4370556417567823,0.8704159469674383,0.3078253375658932,0.027487285063981765,0.12486773892117736,0.380516731500766,0.14926299135335602,0.6790253851286266,0.5145731107606563,0.03163597024981378,0.10996337038070383,0.0,0.15700931643379754,0.0,0.015506222111587718,0.34431722937209264,0.24809240150730177,0.07945102140124909,0.03763180911877941,0.6419779371135167,0.17334289067644504,0.07837579093678414,0.07526256296378889,0.33845758680582466,0.12826959846656694,0.14303396732263798,0.0,1.7136403580375459e-07,0.3374620058665216,0.0,0.23633915328026608,0.17908867494670555,0.8730682817742353,0.7422484977919459,0.009483441521487501,0.4161980798681348,0.0,0.08514010388052096,0.00031336691606373727,0.01682595697453884,0.008668916146491117,6.610696135189607e-05,0.30193842212693683,0.20841656157023022,6.610696135189607e-05,6.610696135189607e-05,0.5943034396254777,0.0013144545659947628,0.48946623635327247,0.9724987091072229,0.8401451936238298,0.14376745796757745,0.44770086976145945,0.01768758132097937,0.15269797153211714,0.0,0.0,0.0,0.0,0.0
6.610696135189607e-05,0.014022285173582128,0.0035971842931499702,0.0019193787254996335,6.610696135189607e-05,0.9999388852012934,0.19405875128429068,0.0550896736818661,6.610696135189607e-05,0.9999391046569928,0.0,0.05883704978916222,1.2802259933885465e-05,0.033998560608370566,0.14328137178216757,0.4027014101096329,0.06691350460012203,0.15343384522827302,0.09521688527771063,0.1476851621410564,0.9905183415146671,0.4267135348752506,1.0,0.025050250121398287,0.4603778730948482,0.00032225361365181094,0.0074479485056136606,0.014891440179661422,0.9999338930386481,0.1494613782894614,0.14160205655547314,0.1384114148613947,0.43763916531074687,0.8704282805971458,0.307948679625954,0.027510049513923374,0.12504412546287288,0.38001567916528944,0.14942285239807113,0.6784593978302501,0.5144447521618767,0.03195873720555757,0.11096884626347871,0.0,0.1574773153170996,0.0,0.015530831566634845,0.3443111140497183,0.2479765502408627,0.07963133043782161,0.037681558308084485,0.645890888977689,0.17485671253482452,0.07826319515813716,0.07538099019284404,0.3383123322195769,0.128351591984293,0.14348069669855887,0.0,1.2108524904949121e-07,0.33902853447119174,0.0,0.23715994253116132,0.17935183561489887,0.8728243775167318,0.7413459915954649,0.009481658485332861,0.4158091498076499,0.0,0.085018051098072,0.00031605507836814675,0.01679417720658093,0.00858180475985645,6.610696135189607e-05,0.30053030342679715,0.20731540222861194,6.610696135189607e-05,6.610696135189607e-05,0.5960141746291873,0.0012201274185611676,0.48973357388632494,0.9724771482261427,0.8409571928435076,0.1376744145813513,0.447875737492296,0.017467155038466554,0.1527695669949514,0.0,0.0,0.0,0.0,0.0
6.610696135189607e-05,0.014016692371142139,0.0035982392777236605,0.0019193787254996335,6.610696135189607e-05,0.9999389639191143,0.19418343420858283,0.0551649094268393,6.610696135189607e-05,0.9999390872628872,0.0,0.05803258114880337,1.1701924380286592e-05,0.033046771584752596,0.14808330758292124,0.4023810335794771,0.06688473826185574,0.1532455110172198,0.09514340297006905,0.14758945627566045,0.9905206374781094,0.4266422306091601,1.0,0.025031658651150104,0.4599365788876423,0.0003133669160321407,0.007442817049452106,0.014852818227308247,0.9999338930386481,0.14915500213889396,0.1406682439584351,0.13686076234910508,0.4381870112076164,0.8704307391778269,0.30804971438467255,0.02751046237858566,0.12519418018918294,0.3795875312419969,0.1495667659650094,0.6779230937733717,0.5143164066791257,0.03228941343969901,0.11195124499910525,0.0,0.15793389771699803,0.0,0.015574852988066656,0.34428622071179704,0.24784967730759816,0.07980971277656014,0.03772888999402754,0.6490358539555494,0.17633985374583497,0.07812815762223299,0.07548018972968905,0.3381790040831258,0.12843717939091276,0.14392080094894935,0.0,8.548929156882768e-08,0.3405153988705441,0.0,0.2379355300783893,0.1796051018464159,0.8725671835902319,0.7404592987252343,0.009479362521890619,0.4154238716738418,0.0,0.08489899238117801,0.0003190496452796705,0.01676259180422984,0.008499839385636941,6.610696135189607e-05,0.2992008809109604,0.20624042704872203,6.610696135189607e-05,6.610696135189607e-05,0.5976749636517844,0.0011320814312603758,0.4899969035175747,0.972477835697034,0.8417589627367729,0.13181376230453776,0.4480522004555135,0.017256637886383375,0.15283298045723853,0.0,0.0,0.0,0.0,0.0
6.610696135189607e-05,0.01401182704068503,0.0035994002890047103,0.0019193787254996335,6.610696135189607e-05,0.9999390326798722,0.1943015653173668,0.05523732976310692,6.610696135189607e-05,0.9999390702993369,0.0,0.05725900639555266,1.06962647825583e-05,0.03212986543141723,0.15265378279639993,0.4020757733419863,0.06686079656374783,0.1530736813666955,0.09507403170912557,0.1475000367401711,0.9905235477410672,0.4265786018222599,1.0,0.025011734583688282,0.4595298297628131,0.0003158080652764707,0.007436954544355278,0.014816107871379809,0.9999338930386481,0.14884448336618408,0.139813624097214,0.1353944593416175,0.4386955274371834,0.8704191156822456,0.30813446737273337,0.02750516403647624,0.12533326972921482,0.37922052453161803,0.14970075867139587,0.6774080037049185,0.5141936256619926,0.03262568370122029,0.11290991004140137,0.0,0.15837578691055185,0.0,0.015622535830418048,0.3442517129416886,0.24772326571220485,0.07998757529719612,0.037774967367768295,0.6523234411478798,0.17778655029590165,0.07797481908656227,0.07556709727659257,0.3380574208583162,0.1285310253656885,0.14436135471125341,0.0,6.03177325434609e-08,0.34194479203334815,0.0,0.23867732210526219,0.17985285760065745,0.8723002845896541,0.7395900532184275,0.009476452258932832,0.4150456112671883,0.0,0.08477705731024812,0.00032234602504556235,0.01673181780527776,0.008422147155513102,6.610696135189607e-05,0.2978954927237215,0.20518509103061078,6.610696135189607e-05,6.610696135189607e-05,0.5992852590796413,0.001049858952065911,0.4902451715204605,0.9724841396987413,0.8425368045216354,0.12618090063863385,0.44822346798661794,0.017053877626071547,0.1528798353706545,0.0,0.0,0.0,0.0,0.0
6.610696135189607e-05,0.014007496451423714,0.003600591077510629,0.0019193787254996335,6.610696135189607e-05,0.999939096846722,0.19441589750983002,0.055305548790786925,6.610696135189607e-05,0.9999390540892525,0.0,0.05651454420559636,9.776884992259423e-06,0.031245526401624847,0.15699320991980503,0.40178033564724525,0.06684215422877293,0.15291808798443993,0.0950088614048939,0.14741717297047777,0.9905270632569457,0.42652293455524526,1.0,0.024991352399219426,0.4591516709995095,0.000318536186573313,0.00743014030560949,0.014781107312557653,0.9999338930386481,0.14854795663810128,0.13899129456195408,0.13402194281523677,0.43917346326871576,0.8703988842847127,0.308204202048327,0.027497429900387636,0.12546456252939608,0.37891076949090635,0.1498266655834859,0.6769148280770482,0.5140758452892159,0.032966909844314024,0.11384595442332601,0.0,0.1588039357430076,0.0,0.015671424280229964,0.3442119342248935,0.24759647768113646,0.08016386805299691,0.03781938739363282,0.6556810310012697,0.17920432575911027,0.07780312465726545,0.07564308406795686,0.33794764758575135,0.1286279819001604,0.14479871254494278,0.0,4.253123566729942e-08,0.34331475558809427,0.0,0.239383929627468,0.18009117621086565,0.8720242287507921,0.7387368726061962,0.009472936743054258,0.4146731297017472,0.0,0.0846565827404857,0.0003133669160335114,0.016701386526597545,0.00831533725076987,6.610696135189607e-05,0.29665611117309143,0.20416865475283616,6.610696135189607e-05,6.610696135189607e-05,0.6009939571908806,0.0009731338151269784,0.4904825412011339,0.9724927932146201,0.8432898685377433,0.12078126500119432,0.44839299876926886,0.01685908806671086,0.1529148905154785,0.0,0.0,0.0,0.0,0.0
6.610696135189607e-05,0.014003642603601443,0.003601793020308816,0.0019193787254996335,6.610696135189607e-05,0.9999391592229395,0.19452554598338337,0.05537140678541105,6.610696135189607e-05,0.9999390384714892,0.0,0.055797153072766496,8.936000387876961e-06,0.030390000677870163,0.16110336400683217,0.40147679516203094,0.06682829831516655,0.1527733194960761,0.0949478832536403,0.14734059271278202,0.9905310564719906,0.42647406954669065,1.0,0.02497018871743591,0.45880028176475784,0.00032148523675846493,0.007424201249734283,0.014747527908209329,0.9999338930386481,0.14826289660508674,0.13820676401511434,0.13271425784912239,0.43962272920239315,0.8703699266638751,0.3082788984812891,0.02751465077690831,0.12561116546932102,0.3786552095892448,0.14995660071895084,0.6764411297309533,0.5139546445524149,0.03331255241531078,0.1147596323673258,0.0,0.1592187815388006,0.0,0.01572085175392121,0.3441598142105903,0.2474636860039407,0.08034628632714458,0.03786126133176936,0.6591249034522813,0.18061048236772362,0.07760492516125991,0.07570089941773245,0.3378520783802284,0.1287284150815042,0.14527555218051882,0.0,2.9973915341526964e-08,0.34465760131136136,0.0,0.24005977005508253,0.18031848647950544,0.8717395643310489,0.7378997749198922,0.009468943528009408,0.41430714891450876,0.0,0.08453024010998841,0.0003170296836152682,0.016669059266625593,0.008233777711120124,6.610696135189607e-05,0.29534858341219866,0.20314526341912684,6.610696135189607e-05,6.610696135189607e-05,0.6026013208481054,0.0009016582546207387,0.4906483962654255,0.9724764132227038,0.8439988038788935,0.11558382509256163,0.4485666041190183,0.01667080189879768,0.15295354947200368,0.0,0.0,0.0,0.0,0.0
6.610696135189607e-05,0.014000049115025715,0.003603050101200772,0.0019193787254996335,6.610696135189607e-05,0.9999392182772914,0.19463180388841902,0.055433035242883295,6.610696135189607e-05,0.9999390232625025,0.0,0.055108090971704334,8.166654486033204e-06,0.02956286291881356,0.16499814181931308,0.40117731556766373,0.06681889300126366,0.15263956733314607,0.09489056253578511,0.1472695728947435,0.9905353879723178,0.4264308739991188,1.0,0.0249500830940521,0.4584694740807856,0.0003133669160207438,0.007417416532075321,0.014715349314188851,0.9999338930386481,0.14800278211564843,0.13747183155078133,0.1314947125610663,0.44004929026121703,0.8703346345606927,0.3083279752410281,0.027511004289525055,0.1257350850212358,0.37844064786329584,0.15007588647559494,0.6759872163745244,0.5138388951860554,0.033662819423543745,0.11565319704831198,0.0,0.15962237573740035,0.0,0.015769909583842293,0.344099921430614,0.24733068380652257,0.08052710968432696,0.03790193806719997,0.6625403519484878,0.1819928929997168,0.07739370902023815,0.07575006818854033,0.33776816555542644,0.12883032335524008,0.14574933838810836,0.0,2.111122431435778e-08,0.34594827319407967,0.0,0.240704064278773,0.18053629555064082,0.8714466180406711,0.7370772300569445,0.009464612027682222,0.4139467502634809,0.0,0.08440664312029504,0.00032101623327982176,0.01663582196858368,0.008130618755783353,6.610696135189607e-05,0.2941193491005013,0.20213201779636658,6.610696135189607e-05,6.610696135189607e-05,0.6042489348833167,0.0008350420840672343,0.4908145953991592,0.9724808290559889,0.8447020309487263,0.11061293712331143,0.44874679795674144,0.016489826345439013,0.15298524193015764,0.0,0.0,0.0,0.0,0.0
6.610696135189607e-05,0.013996750245453427,0.0036043664343736468,0.0019193787254996335,6.610696135189607e-05,0.9999392748287969,0.1947350917542978,0.05545759539260593,6.610696135189607e-05,0.9999390150838043,0.0,0.05444573199301902,7.4625121284758445e-06,0.028761185166951624,0.16868329325468912,0.4008706844432595,0.06681263841480004,0.1525130077222859,0.0948365415371124,0.14720334023578457,0.9905399310983983,0.42639196725716344,1.0,0.024929872400253128,0.45816150459004573,0.0003164324138616379,0.00741095700597307,0.014684070109887325,0.9999338930386481,0.14773158248074367,0.13677039614670963,0.13033083641957607,0.44045258466069753,0.870288484490009,0.30836610260178665,0.027500455977946727,0.1258444506494134,0.37826586177439553,0.15018637272970464,0.6755497433504998,0.5137172725079683,0.034017617610986595,0.11652671814772911,0.0,0.16001481277989435,0.0,0.01581826679638862,0.34402666702697526,0.24719535050164318,0.08071070821130032,0.037940416591177174,0.6659591040425723,0.18336034427381517,0.07716068990059041,0.07578433073450241,0.33769785502493405,0.128938478921956,0.1462555372078997,0.0,1.486078293743619e-08,0.34720728381556476,0.0,0.2413228260990148,0.1807461303630538,0.8711458408519009,0.7362699416164863,0.009460068901601672,0.4135932199629423,0.0,0.08427897214177348,0.00032527997973061384,0.01660224319354032,0.008060329473788194,6.610696135189607e-05,0.2928720651904127,0.2011036403775661,6.610696135189607e-05,6.610696135189607e-05,0.6057897334195067,0.0007730365880348965,0.4909326281972947,0.9724920815099248,0.8453943493228521,0.10584356115535064,0.4489429428270359,0.016314792135685482,0.15302358940669203,0.0,0.0,0.0,0.0,0.0
6.610696135189607e-05,0.0139936129007307,0.003605778843172241,0.0019193787254996335,6.610696135189607e-05,0.9999393284771868,0.19483473981422875,0.05549720933288262,6.610696135189607e-05,0.9999390011273475,0.0,0.05380939556544809,6.8185139022492384e-06,0.027985401034508747,0.1721710340167559,0.4005705502509776,0.06681006789487405,0.15239481153054318,0.09478546326893811,0.1471418688545211,0.9905441175691735,0.4263575150940412,1.0,0.0249104050051285,0.4578736572919883,0.0003197642604237684,0.007402896787517144,0.01465395071505004,0.9999338930386481,0.1474674505207335,0.13610283470877507,0.1292481045784119,0.4408342471033962,0.8702374933347591,0.3083800219539683,0.02748829037807813,0.12595117529925975,0.3781244478160421,0.15029408920280843,0.67513034693081,0.513603664572566,0.03437728946874887,0.11738187965540983,0.0,0.16039798182463916,0.0,0.015865392257914963,0.3439522962727089,0.24706050444758157,0.08089085424203755,0.03797809620822782,0.6692667874480693,0.18470524221209714,0.07692299982570155,0.07581177770720157,0.3376366843935602,0.1290472133460201,0.14674195469547427,0.0,1.0456379816098203e-08,0.34840355837700593,0.0,0.2419125738088196,0.18094898498695738,0.870837247262313,0.735476251490069,0.009455882430826517,0.4132445030813196,0.0,0.0841589781498478,0.0003133669160770288,0.016569414189531104,0.007981264313768412,6.610696135189607e-05,0.29175720893304946,0.20015024036773216,6.610696135189607e-05,6.610696135189607e-05,0.6073523045030362,0.0007152933192208473,0.49106862778510946,0.9725048911080196,0.8460634132098517,0.10130095979019615,0.4491353605462139,0.016147011365496428,0.15305253890993337,0.0,0.0,0.0,0.0,0.0
6.610696135189607e-05,0.013990713233464055,0.003607192691527407,0.0019193787254996335,6.610696135189607e-05,0.9999393784989647,0.19493095667145002,0.055541256241947064,6.610696135189607e-05,0.9999389876032647,0.0,0.05319586302039849,6.229748073485144e-06,0.027234039435673114,0.17546794490622192,0.40027020300750477,0.06681069106798225,0.152283218813667,0.09473736481682941,0.1470847840954968,0.9905482924998008,0.4263268409776304,1.0,0.024890449766740416,0.457607783745429,0.0003233021163099759,0.00739443209262529,0.014624721431240177,0.9999338930386481,0.14724348627818393,0.1354643085410722,0.12822907239366557,0.44117039770673133,0.8701802039743083,0.30839510393965164,0.027510808436664928,0.12608610109061022,0.3780135879586789,0.15041382433017297,0.6747263202481703,0.5134930767867596,0.03474153008398563,0.11821794148252389,0.0,0.16077174229452562,0.0,0.01591115380387026,0.34387352496308116,0.2469241934899219,0.08107038887331662,0.038014330055310235,0.6724895317459807,0.186031680089893,0.07667453991286152,0.07582941324394926,0.3375850283401723,0.12915819239365525,0.1472304929431106,0.0,0.0,0.3495489647336666,0.0,0.24247699094272024,0.1811447568607229,0.870521105099185,0.7346972744219793,0.009451707500199153,0.4129014167278439,0.0,0.08404121561655632,0.00031803867304523774,0.016536604898864004,0.007900877051604803,6.610696135189607e-05,0.2906113860384802,0.1992487539304246,6.610696135189607e-05,6.610696135189607e-05,0.6088238681873932,0.0006616036320364975,0.4911785400968393,0.9724829618152616,0.8466798594737166,0.09696950240143269,0.44931597266232226,0.015985997741127297,0.1530789475388505,0.0,0.0,0.0,0.0,0.0
6.610696135189607e-05,0.013987898965105295,0.003608622806814237,0.0019193787254996335,6.610696135189607e-05,0.9999394264591218,0.19502140078335703,0.05558567682351829,6.610696135189607e-05,0.9999389748667515,0.0,0.0526063725420938,5.69088970588694e-06,0.02650556663366312,0.1785839816903279,0.3999714742968301,0.0668130713590896,0.15217657049757763,0.09469186470018094,0.14703117477252084,0.9905525192081155,0.426298601564033,1.0,0.024872326583267917,0.45735841209252726,0.00031336691604769243,0.007386847541839023,0.014597102332357724,0.9999338930386481,0.14703442046949233,0.1348740797110286,0.12727210500930022,0.44149401834980895,0.8701234007506997,0.30839613730619675,0.02750538339598433,0.12619033447235264,0.3779312285982322,0.15051981868425335,0.6743443896339647,0.5133885433214463,0.03511025535281126,0.11903698077663775,0.0,0.16113883867249923,0.0,0.015955848661304645,0.34378667703666577,0.24678026771689868,0.08125018254892039,0.03804951413360583,0.6756546631594017,0.18733190435162625,0.07641650162659193,0.07583747576845827,0.33754502300971034,0.12926492968299202,0.14772206539929844,0.0,0.0,0.3506462974907239,0.0,0.24301141198568968,0.1813276198386141,0.8701978799470078,0.7339318444508415,0.009447480791884467,0.4125625597634678,0.0,0.08392510697501902,0.0003229948732047562,0.016502778539332498,0.00782038697737101,6.610696135189607e-05,0.2895115332835683,0.1983365779828273,6.610696135189607e-05,6.610696135189607e-05,0.6102741804639324,0.0006116695663082615,0.4912754247524111,0.9724889257143098,0.8473040988939843,0.09283849222071605,0.44950870701891654,0.015831127021256015,0.15310726634236202,0.0,0.0,0.0,0.0,0.0
6.610696135189607e-05,0.013985256811601236,0.003610139187066985,0.0019193787254996335,6.610696135189607e-05,0.9999394721333433,0.19511147159090655,0.05562740560883469,6.610696135189607e-05,0.9999389622983897,0.0,0.0520396724682889,5.1978632084548035e-06,0.025798767545780355,0.18152882803694262,0.39967254385985684,0.06681660433645668,0.15207368966199072,0.09464814435571887,0.1469802042585246,0.9905567404282907,0.426272329376022,1.0,0.02485454673164417,0.45712946760665973,0.00031675178711626116,0.007379317754453731,0.014570623115085666,0.9999338930386481,0.1468061381692677,0.13430699898406886,0.12636163757991833,0.44180080159511426,0.8700597140663613,0.30838563159537247,0.02749220673199685,0.12628156581214142,0.3778741676802176,0.15061791970599195,0.6739779695604127,0.5132837087309401,0.03548306754765762,0.11983766315113883,0.0,0.161497187317538,0.0,0.015998907673814306,0.3436892960591336,0.246640449711125,0.08142720733844407,0.03808305458180444,0.6787432163734597,0.18860637423863585,0.07614807018825061,0.0758373137269829,0.33751550197047264,0.1293750205873381,0.1482217178235926,0.0,0.0,0.35169901775006807,0.0,0.24352349107641785,0.18150434106675176,0.8698687880966235,0.7331821325903366,0.009443259571709339,0.41223048330644,0.0,0.08380930138502445,0.00031336691604313537,0.01648587961497667,0.00777331473473459,6.610696135189607e-05,0.28848239379618207,0.19739429831128497,6.610696135189607e-05,6.610696135189607e-05,0.6115499557017017,0.0005652653463006701,0.4913529781127461,0.9725025954047947,0.8479196666420782,0.08889798653277181,0.4497095364341513,0.015681935026712775,0.15313826054031748,0.0,0.0,0.0,0.0,0.0
6.610696135189607e-05,0.01398279711311516,0.0036114590487666093,0.0019193787254996335,6.610696135189607e-05,0.9999395129034128,0.19519985062658485,0.05566748917858235,6.610696135189607e-05,0.999938950117985,0.0,0.051494236012848214,4.747453324619839e-06,0.025114469362113194,0.18431450610043218,0.3993798336486493,0.06682261296793518,0.15197742980358014,0.09460617310602226,0.1469321246543316,0.9905609450097238,0.42624844797904937,1.0,0.024837311072646497,0.4569193659906948,0.0003203182362578787,0.007370380477503172,0.014544933438059736,0.9999338930386481,0.14658141770973065,0.133764177009527,0.12550186185914725,0.4420924806358057,0.8699945482198936,0.3083687421394092,0.027510349520445822,0.1264039630483507,0.37784024154751117,0.15072863686002555,0.6736282215323927,0.5131942058948864,0.03586015277344985,0.12062076081713834,0.0,0.161847844743986,0.0,0.01604014366217846,0.34359773180543035,0.2465044601525066,0.08159739959566017,0.03811599620718614,0.6816626258881595,0.189854175601701,0.07588390236364745,0.0758364357537461,0.33749016175042273,0.12948329848721843,0.1486728338812785,0.0,0.0,0.3526788190969235,0.0,0.2440095917457348,0.18167281198657753,0.869533674120528,0.7324471145285301,0.009439054990276247,0.4119037072769647,0.0,0.08370790514137928,0.00031873198932388046,0.016445802709353474,0.007709744139705348,6.610696135189607e-05,0.2875131351789517,0.19667312903659087,6.610696135189607e-05,6.610696135189607e-05,0.6127921225317385,0.0005221532928879771,0.4914641879664641,0.9724849030262296,0.8484815675895361,0.0851664332551332,0.4498915294913252,0.015539573753937441,0.15315555231495592,0.0,0.0,0.0,0.0,0.0
6.610696135189607e-05,0.01398026387035438,0.003612941233370821,0.0019193787254996335,6.610696135189607e-05,0.9999395528952861,0.19528867308035677,0.05572809000084123,6.610696135189607e-05,0.9999389339462377,0.0,0.050968527556616156,4.335218317967542e-06,0.02445051325846916,0.18694513573322666,0.39909338767010616,0.06683130733910149,0.15188751181175458,0.09456641821343756,0.14688724746006354,0.9905650986753685,0.42622676925397857,1.0,0.024820517129586658,0.4567199799199647,0.00032411009650129536,0.007361928632933406,0.014520269251926357,0.9999338930386481,0.146364049364306,0.13324900547665153,0.12470843224583766,0.44236921872973084,0.869925746978841,0.3083433707449147,0.027502307706231032,0.12649350988487257,0.37782411172302266,0.15082421845034943,0.6732894638467373,0.5131002674225944,0.03624080306373199,0.12138468219629998,0.0,0.16218952522600275,0.0,0.01607978267401681,0.343499415414991,0.2463723092946347,0.08176669986186576,0.03814763667744008,0.6844908929900659,0.19107807717332775,0.07561375252109231,0.07582902116640694,0.3374716055119878,0.12959210145789357,0.14912476401476898,0.0,0.0,0.3536115015828972,0.0,0.24447564461027904,0.18183682469029538,0.8691927787228304,0.7317280703436365,0.009434901324631526,0.41158370552001866,0.0,0.08360519185015863,0.00032432815459005845,0.016428912044986074,0.007640730208346995,6.610696135189607e-05,0.2865670496827221,0.1958636482225553,6.610696135189607e-05,6.610696135189607e-05,0.6139979402886175,0.00048215156326543657,0.49156333768370014,0.972493357075451,0.8490559768566583,0.08161925096085344,0.4500823938795444,0.015403584203882211,0.15317539607535555,0.0,0.0,0.0,0.0,0.0
6.610696135189607e-05,0.013977871468151918,0.0036141673175932813,0.0019193787254996335,6.610696135189607e-05,0.9999395901400382,0.19537638374202643,0.05576142333417457,6.610696135189607e-05,0.999938924926751,0.0,0.050463139247528446,3.9582887369275134e-06,0.023806078714571126,0.18943203038739403,0.3988055248866704,0.06684197900616544,0.15180349466347376,0.09452847028454511,0.1468447974851376,0.9905694737372027,0.42620631396013275,1.0,0.02480419307906746,0.4565326928660472,0.00031336691605967677,0.007354158642285626,0.014496386942408183,0.9999338930386481,0.14621244762008948,0.13276729017131947,0.1239569083271967,0.44260809615683117,0.8698547379011541,0.3083181416114853,0.027487240001898963,0.12657247898247498,0.37782898938266896,0.1509129257164903,0.6729652118676775,0.5130063398414224,0.036625249334570356,0.12213072001520986,0.0,0.16252382976715615,0.0,0.01611825306367621,0.3433999294546206,0.24623852562638854,0.08193521241596434,0.03817803926234651,0.68725213800207,0.19229159643389943,0.07533577096611542,0.07581333341553834,0.337458323974402,0.12970019441296446,0.14957594685089357,0.0,0.0,0.3544974822671015,0.0,0.2449199882097317,0.18199076398203526,0.8688462803808845,0.7310244824996526,0.009430526262797235,0.4112698562727112,0.0,0.08350444077152222,0.0003133669160629111,0.016389694440256668,0.007568919275959274,6.610696135189607e-05,0.285702428972643,0.19516966983365355,6.610696135189607e-05,6.610696135189607e-05,0.615252570775894,0.0004450676858814727,0.4916427722900927,0.9725088017093642,0.8496214423029539,0.07824149796283558,0.4502815493968393,0.015272820916425307,0.15319940151306863,0.0,0.0,0.0,0.0,0.0
6.610696135189607e-05,0.013975753962142958,0.003615600042285734,0.0019193787254996335,6.610696135189607e-05,0.9999396263842777,0.19545434866695566,0.05578284575067296,6.610696135189607e-05,0.9999389164521799,0.0,0.049974786312006476,3.6135177615518468e-06,0.023179349758685547,0.19177747013826793,0.39851083580711444,0.06685167891170503,0.1517158808147423,0.0944919630612675,0.14680397667550238,0.9905735586875013,0.4261857960320503,1.0,0.024788247829937268,0.4563684151687367,0.00031694456301807465,0.007346714939370939,0.014473980242581591,0.9999338930386481,0.14602318770648054,0.13231128140660406,0.1232408683847581,0.4428382770165873,0.8697842998400404,0.3083011113556646,0.02750654991658781,0.12667982759592478,0.3778558175285913,0.15101258216174554,0.6726614586757025,0.5129184286678518,0.03701332485680762,0.12286119221533186,0.0,0.16285268555761268,0.0,0.016155203345910734,0.3432898653690274,0.2461021343458463,0.08210306123798523,0.0382074855069491,0.6899266909661915,0.19346872691849665,0.07505189293447156,0.07579068501152138,0.3374549581051281,0.12980502122848045,0.1500430716709214,0.0,0.0,0.35534508236918044,0.0,0.24533975030621952,0.18213801629210316,0.8684947120819249,0.7303348311091657,0.00942644131249874,0.410961518410337,0.0,0.08340424144427099,0.0003193028153950654,0.016396420648922164,0.0074983986523690024,6.610696135189607e-05,0.28479888466701797,0.19431016121223466,6.610696135189607e-05,6.610696135189607e-05,0.6163403679111751,0.0004106789314792189,0.4916810306614075,0.9724898365656507,0.8501408226453897,0.07502162996396038,0.4504765820311401,0.015147112106372918,0.15322767422530276,0.0,0.0,0.0,0.0,0.0
6.610696135189607e-05,0.013973539847389232,0.003616707104894039,0.0019193787254996335,6.610696135189607e-05,0.9999396603413562,0.19553523236202042,0.055810285179078295,6.610696135189607e-05,0.9999389063358689,0.0,0.049508963896592754,3.298376375061202e-06,0.02257094727904382,0.19399919693661405,0.3982145508416015,0.06686361354062094,0.15163467663601551,0.09445655418941822,0.14676550956635379,0.990577306629783,0.4261680275877667,1.0,0.024773738085632803,0.45620904070955537,0.0003206496873587954,0.007339483446946448,0.014452356140508214,0.9999338930386481,0.14583744410120433,0.13186293749385597,0.12256205236993614,0.4430628432770213,0.8697158051257268,0.30827714605390455,0.027497515108550776,0.12675913384290008,0.3779019698896763,0.15109972325744603,0.6723736531692119,0.512834460960429,0.037404688667582425,0.12357494393871539,0.0,0.16317432306586532,0.0,0.016191144352143083,0.3431806406639574,0.2459630574715882,0.08223714608533197,0.038235571131074536,0.6925166042973115,0.19463007355428696,0.07484553189752206,0.07576763285639311,0.33746263019564676,0.12990536013714796,0.15049854452312902,0.0,0.0,0.3561468219269638,0.0,0.24573709608489414,0.18226986523313438,0.8681387571429994,0.7296595464949309,0.009422693370216952,0.41065764934636806,0.0,0.08331061709069387,0.0003255195849839159,0.016379783917682553,0.007432684412361477,6.610696135189607e-05,0.2839626706813473,0.19355732494123248,6.610696135189607e-05,6.610696135189607e-05,0.6174096656178784,0.0003788347371252535,0.4917153455263737,0.9724991865150742,0.8506699188780561,0.07195201124674594,0.4506857259009524,0.015025637205272953,0.1532609971704211,0.0,0.0,0.0,0.0,0.0
6.610696135189607e-05,0.013971308124755904,0.0036178989064667494,0.0019193787254996335,6.610696135189607e-05,0.9999396925908748,0.1956166828159605,0.05583760525860629,6.610696135189607e-05,0.999938896823826,0.0,0.049062961182042696,3.0102563665569937e-06,0.021979721153363104,0.196103368769813,0.3979189561255222,0.06687691410879273,0.15155517052890893,0.09442053927982204,0.14672708945413057,0.9905808476174929,0.42614896867762364,1.0,0.02475918486376715,0.456057707319308,0.0003244917921780895,0.007333516479366968,0.014431457578916493,0.9999338930386481,0.14565749762051922,0.1314429629974077,0.12188759736899922,0.4432771645883886,0.8696478308061896,0.30824306812491586,0.0274803839489788,0.1268267887484109,0.37795788610513414,0.1511793986288644,0.6720959358023998,0.5127490069433024,0.037797189038644693,0.12426832882603081,0.0,0.16348617249568778,0.0,0.016225204495791644,0.34306362975153576,0.24582038191937464,0.08237732538337765,0.03826254366128478,0.695009983706714,0.19577936687203257,0.07461404447529273,0.07573830177150992,0.3374760172626473,0.13000282074173236,0.15094993970427634,0.0,0.0,0.3569103344036713,0.0,0.24611841886641914,0.18239891716546172,0.8677822716815332,0.7290045817198386,0.009419152382507161,0.4103648588266886,0.0,0.08321806392734886,0.0003133669160805829,0.016357580741894043,0.00738345359148489,6.610696135189607e-05,0.2832081876668692,0.19287114962948637,6.610696135189607e-05,6.610696135189607e-05,0.6184489020481531,0.000349348452078073,0.491744030988765,0.9725166057946546,0.851193490098226,0.06902841072138162,0.45090164524561344,0.014908731222388347,0.15329690536232699,0.0,0.0,0.0,0.0,0.0
6.610696135189607e-05,0.013969252758108109,0.0036191265348607194,0.0019193787254996335,6.610696135189607e-05,0.9999397224638236,0.19569487475669164,0.05586320551562445,6.610696135189607e-05,0.999938887357063,0.0,0.04863322867931843,2.7470425918388774e-06,0.02140545074988854,0.19809497372056034,0.397625471595567,0.06689076442899626,0.15147544113158243,0.09438388547654013,0.14668877656120782,0.9905842124718481,0.4261293957527989,1.0,0.024744513398300663,0.45592200658029447,0.00031336691606533826,0.007327233576756965,0.014411079679928667,0.9999338930386481,0.14551069178066361,0.13105589446061564,0.12127761998291312,0.4434769180470779,0.8695826276834383,0.30821140645883954,0.027502411573464683,0.1269308453452649,0.3780277496819428,0.15127460136431609,0.6718304018198714,0.5126709793576223,0.03819121335054155,0.12494383767863868,0.0,0.1637905597678024,0.0,0.016257449086691418,0.3429463039968097,0.24568029213996642,0.08251691702322235,0.038289035907511634,0.6973693686568718,0.19690537293403626,0.07437127113063023,0.07571045361351443,0.3374918916313258,0.13009531659535947,0.15137815646230163,0.0,0.0,0.357624833657629,0.0,0.24648181742748726,0.1825265631457451,0.8674249011729184,0.7283673857601535,0.009415787528151889,0.4100800444793988,0.0,0.08313206900055409,0.00031992407084218213,0.01633439159651657,0.007333215647253546,6.610696135189607e-05,0.28244220140504894,0.19226927562390847,6.610696135189607e-05,6.610696135189607e-05,0.6193581738379133,0.0003220557212022504,0.4917772083995404,0.9724948413839435,0.8516637039048466,0.06625244293986786,0.4510999270401169,0.01479701632364504,0.15332701636505017,0.0,0.0,0.0,0.0,0.0
6.610696135189607e-05,0.013967119739494549,0.0036204263945134596,0.0019193787254996335,6.610696135189607e-05,0.9999397513974255,0.1957721942183814,0.055887605934312086,6.610696135189607e-05,0.9999388782349553,0.0,0.04822043878012639,2.5063020891349445e-06,0.02084727634970966,0.1999799655376844,0.3973377808185676,0.06690464729036211,0.1513975173072526,0.09434708910189045,0.14665104569476684,0.990587453784056,0.4261102349422652,1.0,0.024731254633894428,0.4557961481943492,0.00031713364420983526,0.007320819209466752,0.014391611543153653,0.9999338930386481,0.14534726047983051,0.1306816284390024,0.12070367975581935,0.44366270928699036,0.86951452208041,0.3081686704644906,0.027492701672976287,0.12699918291504386,0.3781081235718331,0.15135454444578553,0.6715748258642225,0.5125924092579089,0.03858662836085963,0.12560186800991682,0.0,0.16408715608639876,0.0,0.01628827739302967,0.3428231715102021,0.24554561497157157,0.08265682342656627,0.038314120517604765,0.6996603863357429,0.1980035598793178,0.07411863181003614,0.07567901414417917,0.33751128379735157,0.13018867055144712,0.15179284176474858,0.0,0.0,0.35829812461396376,0.0,0.2468304434908931,0.18265228018156196,0.8670662825372499,0.7277470862953165,0.009412546215944022,0.4098026089713361,0.0,0.0830498892280347,0.0003133669159975879,0.01631280629259027,0.007284315600924045,6.610696135189607e-05,0.281764623190324,0.19168656440101964,6.610696135189607e-05,6.610696135189607e-05,0.6202775635256088,0.00029680736814290424,0.4918180489906345,0.9725047920249346,0.8521535407352465,0.06361378627651865,0.4513076747356469,0.014690083354522364,0.1533577932532766,0.0,0.0,0.0,0.0,0.0
6.610696135189607e-05,0.013965116047712889,0.003621621146211529,0.0019193787254996335,6.610696135189607e-05,0.9999397782210446,0.19584634930204223,0.05591101926026464,6.610696135189607e-05,0.9999388694441674,0.0,0.04782262073502154,2.2863541861536944e-06,0.020304792102787402,0.20176472926686434,0.39705339739207096,0.06691930613950187,0.15132136089131815,0.09431040798588496,0.14661427293501,0.9905905514307566,0.42609173868896294,1.0,0.024717853160815553,0.4556818078738135,0.00032105417361395295,0.007314287914570605,0.014372863298856833,0.9999338930386481,0.14518951513883804,0.1303261194520771,0.12016741106341937,0.44383623560784946,0.8694497722483183,0.3081316699618272,0.027504090996136404,0.12708580079055198,0.37820077867174223,0.15144039717351215,0.671332909491761,0.5125179014017388,0.0389835507138845,0.12624340738090065,0.0,0.16437746422917243,0.0,0.016317623636873158,0.3427030034947438,0.2454114563958383,0.08279703499776342,0.03833814481036713,0.7018430639855034,0.19908561759678392,0.07385988025804736,0.07564426848846494,0.33753232793809385,0.1302767643603375,0.1521958701099598,0.0,0.0,0.3589296013184787,0.0,0.24715990609429134,0.18277246662274937,0.8667060413002305,0.7271423196840894,0.009409448569243448,0.40953079708186463,0.0,0.08297064998963322,0.0003202020532063829,0.016291064595631836,0.007237701695842142,6.610696135189607e-05,0.2810764566463097,0.19114241884310557,6.610696135189607e-05,6.610696135189607e-05,0.6211243053363366,0.00027346339134423707,0.4918498391931914,0.9724936226496774,0.8526094071066606,0.06110489074291478,0.45150620543441694,0.014587878274445768,0.15338827108419378,0.0,0.0,0.0,0.0,0.0
6.610696135189607e-05,0.013963060866175955,0.003622798491596716,0.0019193787254996335,6.610696135189607e-05,0.9999398040404759,0.1959194384814305,0.05593317372484707,6.610696135189607e-05,0.9999388609747961,0.0,0.0474404068486913,2.0853097067428483e-06,0.019777500651464584,0.20345624314555003,0.39677644599579737,0.06693485640574648,0.1512485731260644,0.09427423514426607,0.14657879235570764,0.9905934951737912,0.42607416208070614,1.0,0.024705350328626714,0.4555729993763482,0.0003133669160143501,0.0073079257680628,0.014354938889620025,0.9999338930386481,0.14505892833047443,0.12999867923398764,0.11966610346615512,0.4439996713335289,0.8693874285669316,0.30808661358852807,0.02749089659192058,0.12714539828611204,0.3783020404429493,0.15151324097061647,0.6711032761578481,0.5124441987584998,0.039381688210292295,0.12686862724524098,0.0,0.16466128929272547,0.0,0.01634583998567972,0.34258231620752844,0.24528009882855215,0.08293703825235768,0.038361485069463054,0.7039264495073683,0.20015028044095431,0.07359685435759913,0.07560630160167436,0.33755511496334584,0.13036068221625072,0.1525861057421754,0.0,0.0,0.3595231986904161,0.0,0.24747161062194772,0.1828864816575809,0.8663440766454417,0.7265525803990514,0.009406504826208712,0.4092645486265684,0.0,0.08289312500030017,0.00031336691600171104,0.01627015008782075,0.007193322915398727,6.610696135189607e-05,0.28046094506526514,0.1906110723725118,6.610696135189607e-05,6.610696135189607e-05,0.6219707409222108,0.0002518892168177032,0.4918868738206053,0.9725070180983727,0.8530771010624234,0.0587185177210846,0.45171031303358616,0.014490256814457553,0.15342074645785492,0.0,0.0,0.0,0.0,0.0
6.610696135189607e-05,0.013961166983796174,0.0036239735438064486,0.0019193787254996335,6.610696135189607e-05,0.9999398281843523,0.19598873100840716,0.055953829589674944,6.610696135189607e-05,0.9999388527597899,0.0,0.04707143622778902,1.901693399152716e-06,0.01926482146931116,0.2050578793769191,0.39650210926138624,0.06694992315790879,0.15117598111755057,0.09423862928406253,0.14654432414770707,0.9905962694881971,0.4260568335211171,1.0,0.024692791474457527,0.4554781977004846,0.00031720916598690504,0.0073013254417200486,0.014337784966864761,0.9999338930386481,0.14491365333209247,0.12968268598539287,0.11919123370412282,0.4441510843122063,0.869324000828482,0.3080481306258132,0.0275021457075978,0.12722599187865755,0.37841226166883846,0.15159366021197362,0.6708855660774556,0.5123748477596903,0.03978100193235074,0.1274784506934625,0.0,0.16493901234240435,0.0,0.016339341868133732,0.34245446032239213,0.24514750373315383,0.08307323966616034,0.03838322030721515,0.7060075227443938,0.20118897975994604,0.07333072847479224,0.07556555322431957,0.33760259671993215,0.13044403925387735,0.1529659322378275,0.0,0.0,0.36008174933331044,0.0,0.24776759243614171,0.18299653341999794,0.8659803687835868,0.7259772251588305,0.009403730511802889,0.4090041541364785,0.0,0.08281894201956884,0.00032048843077615104,0.016250214514194873,0.007118199380519811,6.610696135189607e-05,0.27982687193432954,0.19007630145897345,6.610696135189607e-05,6.610696135189607e-05,0.6228860818198485,0.0002319599176406886,0.4919145009085702,0.972495952599003,0.8535091866520313,0.056448109620932024,0.45190423052664025,0.014396918328493793,0.15345263770276119,0.0,0.0,0.0,0.0,0.0
6.610696135189607e-05,0.013958816121646069,0.003624938288360104,0.0019193787254996335,6.610696135189607e-05,0.9999398620992146,0.19605184573071566,0.05597214827271137,6.610696135189607e-05,0.9999388449979714,0.0,0.04671758380185753,1.7338204628414016e-06,0.018765233088703332,0.2065759623706054,0.3962229633388884,0.066965609194217,0.15110374463556214,0.09420241476768532,0.1465092243512725,0.9905982757624341,0.4260363214691335,1.0,0.024689095625169178,0.45538828503858025,0.00032130387596743135,0.0072968756974468845,0.01432117671933506,0.9999338930386481,0.14478198617686072,0.12939298174248046,0.11872071336307963,0.4442907497501288,0.8692687783738402,0.30801731503057017,0.027487002545449345,0.12727535802882178,0.37855819004244545,0.1516589874059605,0.670689080969681,0.5122941522641843,0.040184539440596995,0.12806991449792796,0.0,0.16521365138125965,0.0,0.016385901339741493,0.3423194769735309,0.24500759439664616,0.08321391385609034,0.038404241795013276,0.7073251106207068,0.20223171059297734,0.07304981596542959,0.07551423463888006,0.33762629232204755,0.13051764497565813,0.15337896371839643,0.0,0.0,0.36058835050249427,0.0,0.24803767615577454,0.18309613329918917,0.8656130457917177,0.7254208611507996,0.009401724237565908,0.4087500271496068,0.0,0.08274075924545231,0.0003133669160059588,0.016229429212614516,0.007065008790320084,6.610696135189607e-05,0.2792298737130533,0.18953133997469382,6.610696135189607e-05,6.610696135189607e-05,0.6237811064474234,0.00021357665050151508,0.49188613744917586,0.9725112636340878,0.8539594088824749,0.05427749708445481,0.45211804925515114,0.01430763368032737,0.15350596980106448,0.0,0.0,0.0,0.0,0.0
6.610696135189607e-05,0.013957211498359141,0.0036259849258861803,0.0019193787254996335,6.610696135189607e-05,0.9999398804379298,0.1961166798479013,0.05599068179014414,6.610696135189607e-05,0.9999388373555289,0.0,0.04637835163585618,1.5805492428155513e-06,0.01827903538584755,0.2080184990536874,0.39594490902324303,0.06698193357885941,0.15102970268884236,0.09416615949474637,0.14647548775696714,0.9906005176549652,0.4260192346549603,1.0,0.024674591220480446,0.45530889291699866,0.0003133669160180538,0.007291730720766616,0.014305517702275549,0.9999338930386481,0.14467125157972888,0.1291254020486787,0.11829377180468158,0.44442271713074627,0.8692158646387624,0.30798517031098727,0.027498292390680683,0.12735222833527507,0.37869740747566266,0.1517354551110992,0.6705000081497395,0.5122269348735569,0.04058691385941958,0.1286485253200127,0.0,0.16548050984422258,0.0,0.016416306982450675,0.3421937149029817,0.24487738083269725,0.08335485165069144,0.0384256159399501,0.7094337768936638,0.20326493412853502,0.0727678489647678,0.07546634394738472,0.33765268457436415,0.1305875430665765,0.15379475311023433,0.0,0.0,0.361086490009078,0.0,0.24829762110178524,0.18319319292903344,0.865246926645834,0.7248759869230202,0.009399482345034838,0.4085002555008172,0.0,0.08265997479122242,0.0003207976440603856,0.01620820192571735,0.007020723745212058,6.610696135189607e-05,0.2785877709354631,0.18900140829547515,6.610696135189607e-05,6.610696135189607e-05,0.6245728114053668,0.00019659229466113432,0.4918417249429222,0.9725001270600765,0.8543687362788773,0.052197603461571894,0.4523196358656578,0.014220437169615876,0.15355016950856729,0.0,0.0,0.0,0.0,0.0
6.610696135189607e-05,0.013955516437461209,0.0036270788468007456,0.0019193787254996335,6.610696135189607e-05,0.9999399013782276,0.1961805650630102,0.056008015428360126,6.610696135189607e-05,0.9999388300003994,0.0,0.046053752674207166,1.4405027790468575e-06,0.017805631826535776,0.20939196944559713,0.3956702468415886,0.06699800757615307,0.15095608800722254,0.09413082300637286,0.14644337508527092,0.9906028509649283,0.4260040139764908,1.0,0.02466179435540426,0.455233092599658,0.0003172860448760572,0.007285920001123386,0.014290638927917853,0.9999338930386481,0.14454460218327406,0.1288648715879715,0.11789239905423932,0.44454565877864544,0.8691619147176569,0.3079328533778369,0.027483198613918184,0.12739987159228902,0.3788341466453019,0.1517987001949533,0.6703197277572424,0.5121611460166471,0.040989665614384725,0.12921625699831155,0.0,0.16574242849842377,0.0,0.01641696451021475,0.3420594027849364,0.24474923792293943,0.08349166059069404,0.03844548442869491,0.7115112175760365,0.2042754438170037,0.07248544600149645,0.07541779813391691,0.3377005146192734,0.13065716665018587,0.15419233573340246,0.0,0.0,0.36156059086448594,0.0,0.24854514285141374,0.18328549448494255,0.8648795113792425,0.7243403679164175,0.00939714903507168,0.4082535575250855,0.0,0.08258619612063656,0.0003133669160105452,0.016188725619819298,0.006981630080519826,6.610696135189607e-05,0.2780415876825009,0.1884916329919557,6.610696135189607e-05,6.610696135189607e-05,0.6253435121340603,0.0001809186321571999,0.4918210582145536,0.9725153608833028,0.8547944965811752,0.05021329304461507,0.4525310529634582,0.014137121815190943,0.15359727149118774,0.0,0.0,0.0,0.0,0.0
6.610696135189607e-05,0.01395361182005771,0.003627996410290494,0.0019193787254996335,6.610696135189607e-05,0.9999399278496722,0.1962369799208985,0.05602331996341634,6.610696135189607e-05,0.999938822932456,0.0,0.04574115804453663,1.312691403581944e-06,0.0173449992167776,0.2106983187537544,0.3953989830187944,0.06701382810797164,0.15088208657635369,0.09409520751298285,0.14641088401846147,0.9906046510934373,0.42598604205434354,1.0,0.0246559642424742,0.4551682021265908,0.00032138316578881026,0.007280196851294761,0.014276034034938313,0.9999338930386481,0.14442546702615572,0.12862065784230722,0.11751388545709968,0.4446580132335716,0.8691154377017863,0.30788639853888267,0.02749486776319572,0.12747297833061774,0.3789949209666883,0.15187133788535076,0.6701583956234204,0.512100836173751,0.04139567839042417,0.12977037335353012,0.0,0.1660026038488546,0.0,0.016440556595787376,0.34192589881772034,0.24461819413515876,0.08362463697234566,0.03846471613405519,0.7128410193214857,0.20526580159216365,0.07220557725353129,0.07536748953982865,0.33773924650126763,0.13071809946339516,0.1545621491824233,0.0,0.0,0.3619794115378138,0.0,0.24876924951373663,0.18337074402876258,0.864509114096593,0.7238187426280084,0.00939534890656273,0.40801135409680195,0.0,0.08252057750014266,0.00032111060874855134,0.0161700454081891,0.006946883899913104,6.610696135189607e-05,0.2775054288969048,0.1880557836901236,6.610696135189607e-05,6.610696135189607e-05,0.6260024414848778,0.0001664628348184528,0.4918102942341575,0.9725038195454007,0.8551820224526047,0.0483273487417435,0.4527296790958549,0.014058526754871388,0.15364633322113283,0.0,0.0,0.0,0.0,0.0
6.610696135189607e-05,0.013951817624047846,0.003628955410738481,0.0019193787254996335,6.610696135189607e-05,0.9999399473196144,0.19629516214716644,0.05603844062966803,6.610696135189607e-05,0.9999388161361953,0.0,0.04544146813447382,1.196006076102945e-06,0.01689713422991363,0.2119419792855152,0.39514032848219055,0.06703038086831535,0.15081137928382304,0.0940597452654073,0.14637933450170318,0.9906063725355037,0.425969416413301,1.0,0.024647131004030785,0.455106965021025,0.0003133669160192298,0.007274564304935115,0.014262434541332818,0.9999338930386481,0.14433317649680893,0.12840095244982716,0.11716512527768994,0.44476284558156626,0.8690716224809569,0.3078326639380407,0.027479878674455102,0.12751831058901492,0.3791563324386404,0.1519311812850715,0.6700055541413381,0.5120467784554913,0.04180166612880956,0.13031066286749732,0.0,0.16625645310982912,0.0,0.01644073777114232,0.34179339437648487,0.24449030614438955,0.0837547351857194,0.03848333440182061,0.7144426398510885,0.2062362277890666,0.0719300363464801,0.07531696262220347,0.3377903155566519,0.13077525186125954,0.1549110224674423,0.0,0.0,0.3623726475329094,0.0,0.24898095122109357,0.18345169974281922,0.8641385886057831,0.7233100026307996,0.009393627464496321,0.40777413047686983,0.0,0.08245493815890384,0.00031336691601518713,0.01615258380350933,0.0069103085235555275,6.610696135189607e-05,0.2770334420850373,0.18766242507864575,6.610696135189607e-05,6.610696135189607e-05,0.6266691229649166,0.00015312565778355673,0.4918148454600431,0.9725189253194688,0.8555845551810715,0.046529040742935096,0.452928490232738,0.013983113769252993,0.1536901425178665,0.0,0.0,0.0,0.0,0.0
