0_primarytoI_spread,0_primarytoII_spread,0_primarytoIII_spread,0_primarytoIV_spread,0_primarytoV_spread,0_ItoII_spread,0_IItoIII_spread,0_IIItoIV_spread,0_IVtoV_spread,0_late_p,0_C01_coef,0_C02_coef,0_C03_coef,0_C04_coef,0_C05_coef,0_C06_coef,0_C09_coef,0_C10_coef,0_C12_coef,0_C13_coef,0_C32.0_coef,0_C32.1_coef,0_C32.2_coef,1_primarytoI_spread,1_primarytoII_spread,1_primarytoIII_spread,1_primarytoIV_spread,1_primarytoV_spread,1_ItoII_spread,1_IItoIII_spread,1_IIItoIV_spread,1_IVtoV_spread,1_late_p,1_C01_coef,1_C02_coef,1_C03_coef,1_C04_coef,1_C05_coef,1_C06_coef,1_C09_coef,1_C10_coef,1_C12_coef,1_C13_coef,1_C32.0_coef,1_C32.1_coef,1_C32.2_coef,2_primarytoI_spread,2_primarytoII_spread,2_primarytoIII_spread,2_primarytoIV_spread,2_primarytoV_spread,2_ItoII_spread,2_IItoIII_spread,2_IIItoIV_spread,2_IVtoV_spread,2_late_p,2_C01_coef,2_C02_coef,2_C03_coef,2_C04_coef,2_C05_coef,2_C06_coef,2_C09_coef,2_C10_coef,2_C12_coef,2_C13_coef,2_C32.0_coef,2_C32.1_coef,2_C32.2_coef,3_primarytoI_spread,3_primarytoII_spread,3_primarytoIII_spread,3_primarytoIV_spread,3_primarytoV_spread,3_ItoII_spread,3_IItoIII_spread,3_IIItoIV_spread,3_IVtoV_spread,3_late_p,3_C01_coef,3_C02_coef,3_C03_coef,3_C04_coef,3_C05_coef,3_C06_coef,3_C09_coef,3_C10_coef,3_C12_coef,3_C13_coef,3_C32.0_coef,3_C32.1_coef,3_C32.2_coef
0.0002064036055399,0.0175713364366845,0.0049916654068137,0.000926536644879,6.610696135189607e-05,6.610696135189607e-05,0.1428132646326737,0.0265412967396582,6.610696135189607e-05,0.9999372458761832,0.0,0.1599955418255731,0.0003430036327744,0.1307812781849878,0.0089100014433276,0.2895730896701437,0.0740372033708727,0.1878290816453437,0.1021098825197702,0.1778943782460072,0.9858742004498646,0.4761270578583069,1.0,0.0323164762883355,0.5352989603016167,0.0057053987840664,0.0022164478369987,0.0166499542890177,0.999933893038648,0.1667399871204791,0.2571394693485856,0.3042845081143296,0.3957265769554678,0.7629120540784773,0.2860893619139116,0.0548960989553,0.1584679092093436,0.4460575882291553,0.1378235316426379,0.7076026556550281,0.470343819454781,0.0195340697649563,0.0690300774016507,0.0,0.1201964905560499,0.0,0.0149284684451839,0.3351391089445794,0.2581744557840268,0.0751965234769756,0.0315137868026421,6.610696135189607e-05,6.610696135189607e-05,6.610696135189607e-05,0.0568179830560037,0.3738778798219803,0.2166285574868939,0.0944180993000866,0.0,0.0435850814842003,0.023399842449862,0.0,0.1775545494675418,0.2717651838517317,0.8783560477152733,0.753075544352342,0.0141256718385896,0.4036764515856431,0.0,0.082479141759443,0.0007331374358574,0.0162741682533196,0.0070041609934487,6.610696135189607e-05,0.2206486240209343,0.1317095102102511,0.0093515747403533,6.610696135189607e-05,0.6867190507487642,0.0204593884346287,0.4594969969604285,0.9447608974119256,0.6671657311214683,0.521632567877655,0.5726033786872183,0.0408055915065573,0.0700619150481435,0.0,0.0,1.2771154569363453e-07,0.0,0.0
0.00020640360553998618,0.014909860630435534,0.006494888602027973,0.00039612082172386167,6.610696135189607e-05,6.610696135189607e-05,0.14413657247651634,0.01868853867293633,6.610696135189607e-05,0.999943649337009,0.0,0.16104765943741253,0.0003500750110217095,0.1255002539211673,0.006790427878353431,0.27501837355672626,0.08193487209685721,0.17890926541511726,0.09645362321709011,0.18099150595541705,0.9926536201964885,0.497858499698799,1.0,0.03393878118595717,0.5261556004348574,0.003879636588298088,0.002330517996957923,0.015858805069189262,0.9999338930386481,0.15347806354125743,0.2878397096812991,0.2646168079906667,0.42612013397773685,0.743403474124477,0.3140965579980118,0.01133241583519433,0.1894590773716961,0.47733662563602464,0.11714427352217305,0.7159694391811798,0.4847390928143186,0.019590988847115177,0.06827542613479849,0.0,0.10923895561342785,0.0,0.013216961937577007,0.3215188590675731,0.25968508987385,0.059719755986097224,0.029648506920792985,0.06195371764374645,6.610696135189607e-05,0.028107505163482982,0.0358359923334869,0.3863471101021559,0.2317714731839973,0.08022444037363664,0.0,0.05487852415244171,0.022995816057587548,0.0,0.16273392249387386,0.25994216018182137,0.8839553879357948,0.7507330679097846,0.007346260479932977,0.39290254468777325,0.0,0.07475910892212988,0.0006998041019381275,0.01571274118052168,0.00816966913932357,6.610696135189607e-05,0.15930133265041244,0.1477195620839795,6.610696135189618e-05,6.610696135189607e-05,0.8406644375168817,0.024825052691525684,0.4446313421909391,0.9883175091537839,0.6301621445546949,0.49287713042803444,0.6078373529211007,0.03936176622808909,0.07640948158874285,0.0,0.0,1.1932357852414629e-07,0.0,0.0
0.00020640360553998618,0.014003213011017352,0.007294262736905038,0.00024670024824483645,6.610696135189607e-05,6.610696135189607e-05,0.14661456281492447,0.015996686498425523,6.610696135189607e-05,0.9999442053852999,0.0,0.16166433892003393,0.00036079896175672044,0.12085003802127865,0.005183434243622431,0.26886443793342407,0.08847353830210328,0.17517425391265062,0.09023852432460765,0.17907973244789202,0.9950997196559658,0.5054429219940814,1.0,0.03491328957305853,0.5298028836529322,0.002682279467941745,0.003038953346037379,0.015961548797952526,0.9999338930386481,0.14970430320024714,0.3024797108767103,0.26406663357932103,0.4366646539180407,0.7231777482710133,0.3331781863148907,0.002528712575071288,0.19863732848909726,0.49620943000679907,0.11744407767332478,0.7223102527781672,0.49479307906139786,0.019618398430712898,0.06761439662294244,0.0,0.10266728863170471,0.0,0.012157826241033379,0.32478620611158004,0.2593338177817879,0.0578729459411162,0.028659499094346903,0.05294968682127403,6.610696135189607e-05,0.02838670497637084,0.03302695814857523,0.39012076694041586,0.24643031067773255,0.06698113009470061,0.0,0.06198865267621488,0.021623388923062432,0.0,0.15182912999447373,0.2520610996611834,0.8901430772446794,0.7533058709291656,0.004900169880541612,0.3918897893742139,0.0,0.07319888495802646,0.000591186780376883,0.015822936042577757,0.008558077974210395,6.610696135189607e-05,0.14655415194288032,0.16187737871960586,6.610696135189607e-05,6.610696135189607e-05,0.8806375924002655,0.0303919410512542,0.43817634467037475,0.997110488463172,0.6185239808134093,0.47698374682651606,0.6136914843932512,0.03738707892525587,0.07797156736476817,0.0,0.0,1.1046349257102263e-07,0.0,0.0
0.00020640360553998618,0.013622695286910552,0.007745805216680568,0.00020640360553998615,6.610696135189607e-05,6.610696135189607e-05,0.14816664075967237,0.015285592223577227,6.610696135189607e-05,0.9999440676857764,0.0,0.16323416140956676,0.0003743672457917948,0.11746473000402449,0.004030142588167114,0.26575699938105385,0.09509723641574859,0.17549149177915838,0.08632148574826227,0.1782041185545314,0.9961050728932731,0.5098333389443813,1.0,0.03545964138009159,0.533372957264133,0.0019527120598217937,0.0037992889530415242,0.016203366488289225,0.9999338930386481,0.14734933363332958,0.3080195206209317,0.25695282866255037,0.4419227173981166,0.7046467504649562,0.34445140026247356,0.000579981193391074,0.19983118855021803,0.5067748754222013,0.12090190910550015,0.7266777697815509,0.49990472620903864,0.019614472631194,0.06670421369027998,0.0,0.09753320798435085,0.0,0.011511790155657366,0.32747614622639404,0.25934699479236684,0.056708430343768254,0.028149325785651744,0.04397361189388164,6.610696135189607e-05,0.028791505603495523,0.03163077288288288,0.39132516109984133,0.2592901879423738,0.05555847587785647,0.0,0.06640748855876062,0.019912181626858108,0.0,0.14273458941351136,0.24612187815257458,0.8940640416205438,0.7550916677551887,0.0038948251816327173,0.39263345307126785,0.0,0.07137012680521,0.0004985067887329866,0.01575303036079282,0.008423355656580086,6.610696135189607e-05,0.1371190261417529,0.16854824251073697,6.610696135189607e-05,6.610696135189607e-05,0.9091393349558499,0.03606306159267014,0.4367559624501032,0.9990456515608171,0.6162965928869968,0.4692828003627734,0.613341091513446,0.03549040438918921,0.07848190385922832,0.0,0.0,1.0192509415551253e-07,0.0,0.0
0.00021306387233684687,0.013443673837222635,0.007962021416313844,0.00020640360553998618,6.610696135189607e-05,6.610696135189607e-05,0.14882435545764686,0.015119465587200818,6.610696135189607e-05,0.9999441120398506,0.0,0.16460248523192836,0.0003881424230853378,0.11435406004645327,0.003164871729540765,0.26350638234207435,0.10135515430792784,0.17726215908943102,0.08383894318301094,0.17797394084387047,0.996608761225071,0.5124856168830152,1.0,0.03595524550973001,0.538129396438933,0.0015074045704762588,0.004505609841646687,0.016454678171619868,0.9999338930386481,0.14589803375031546,0.31039510764020417,0.247339628142447,0.4445069538559181,0.6888011250989887,0.35206957413376755,0.0001359369449298946,0.1988213990818882,0.5146489979983456,0.12461115659507754,0.730068661327663,0.502332392464905,0.019600117732731893,0.06569047623581774,0.0,0.09325444919074256,0.0,0.011142062473745301,0.329090038428917,0.25936884648143416,0.05568624038701561,0.027889423484296547,0.04402129902604553,6.610696135189607e-05,0.029798839804404505,0.031152057886380088,0.3918898337404187,0.27003124936918177,0.04630927265773081,0.0,0.06938900446140954,0.018215372564187354,0.0,0.13500278226513646,0.24196896742419735,0.8965609390842572,0.7563355829203119,0.003391144227158367,0.39425993392624226,0.0,0.07035475579959066,0.000386854703951814,0.015958755423443875,0.00821879050425296,6.610696135189607e-05,0.13206038894328015,0.17439315585326298,6.610696135189607e-05,6.610696135189607e-05,0.922910533400996,0.04116762553182956,0.43701866797657324,0.9994759206319848,0.617435536410249,0.4639707577079263,0.6118824610628482,0.03357340209927265,0.0784364810214666,0.0,0.0,9.454777055995804e-08,0.0,0.0
0.0002064036056387739,0.01338406176999325,0.008063952084609693,0.00020640360553998615,6.610696135189607e-05,6.610696135189607e-05,0.1488208002661012,0.01513062065016781,6.610696135189607e-05,0.9999441531315421,0.0,0.16576451372191028,0.00040205716426645,0.11141741760997619,0.0025079097665241007,0.26180940441792133,0.10729565054972817,0.17952132762891243,0.08221495057067407,0.17801444187623602,0.9969458367216679,0.5140172988472461,1.0,0.036325400449621896,0.5436719347314252,0.0011862412896422275,0.005139278682077155,0.01663983648089797,0.9999338930386481,0.14523432034000855,0.31209557549112094,0.23867866425074186,0.445594111996124,0.6757840344210673,0.3574066664752227,3.225209660291482e-05,0.1974189807858013,0.5207379600780656,0.12757755638140866,0.7326460149394524,0.5031208074774768,0.019568732030015745,0.06462746254359289,0.0,0.08951742548973703,0.0,0.010890810550278806,0.3301355911424914,0.25953967423030133,0.054728749348442025,0.02771144850626488,0.04896997184247226,6.610696135189607e-05,0.031132437039623158,0.03139180664453673,0.39208335234666725,0.2787145866221845,0.038828596635607567,0.0,0.07141435360114579,0.01655081343818709,0.0,0.1284007024731514,0.23923592034384691,0.8982163173993102,0.7573580955801711,0.0030540761311046364,0.39646527566301687,0.0,0.06941580743924637,0.0003159847312825857,0.016070066293819713,0.007985157100360112,6.610696135189607e-05,0.12761976298401412,0.17835662264696603,6.610696135189607e-05,6.610696135189607e-05,0.9364937966811037,0.04550137895674825,0.43800022316725956,0.9995656907391306,0.6197492480030767,0.4602033167172232,0.6106130392006701,0.03165763203766794,0.0781219445497639,0.0,0.0,8.714722739360764e-08,0.0,0.0
0.00021186731965716854,0.013374203123358512,0.008130618755783352,0.0002108825329905182,6.610696135189607e-05,6.610696135189607e-05,0.1483736511222022,0.015178670845293962,6.610696135189607e-05,0.9999440108241996,0.0,0.1666695301304237,0.00041608392314865456,0.10858404370682512,0.0020025671124326494,0.2605785975826454,0.11293612018095713,0.18187045149294975,0.08112015858140155,0.17815897204517125,0.9971938701213378,0.5149247827366774,1.0,0.036723642592192886,0.5494096134757301,0.0009420885184725142,0.005623123748418635,0.01683705932042207,0.9999338930386481,0.14465662975501753,0.3128966537147995,0.23046550103579166,0.44627042652517757,0.6653972900818843,0.3612443910220777,7.712554644290335e-06,0.19600499498036292,0.5254346323992133,0.12975506215601865,0.7345353864315903,0.5029021774807664,0.01952234823702714,0.06356145635725063,0.0,0.08614240559545273,0.0,0.010732583009589102,0.33078712303193447,0.2597090004123483,0.053783930934384494,0.027567486802936966,0.055367725679378185,6.610696135189607e-05,0.032668003492413736,0.03192778400257522,0.3921181336325938,0.2855225898526757,0.03275980413682946,0.0,0.07285748851647243,0.014972621081640195,0.0,0.12272140807462076,0.23755768247059839,0.8993574931815713,0.7582795715975781,0.0028060483995515427,0.3989328116678698,0.0,0.06856505794616329,0.00021844490264064125,0.01613268599751781,0.007762919525762033,6.610696135189607e-05,0.12391013861269212,0.18068827803278883,6.610696135189607e-05,6.610696135189607e-05,0.9499989000833002,0.049080120065440005,0.43932627471066915,0.9995762035222071,0.6225534727963395,0.45759017940671387,0.609666340261336,0.029807085312831837,0.07766968855568555,0.0,0.0,8.147911072793289e-08,0.0,0.0
0.00021268418918335603,0.013387502000053881,0.008130618755783352,0.00021336691384897803,6.610696135189607e-05,6.610696135189607e-05,0.14781029436928333,0.015243296983477289,6.610696135189607e-05,0.9999440839006001,0.0,0.16732852227971617,0.00043018010021235404,0.10583735101833537,0.0016095137283225968,0.25976886598180227,0.11827638963964475,0.18417233306475558,0.08034359718358729,0.1783077279524654,0.9974017193760011,0.5155118181816627,1.0,0.0370188474016506,0.5552671239633467,0.0007835839812271152,0.006026155765247398,0.01702527269856693,0.9999338930386481,0.144186763098049,0.31312428601435394,0.22359986728150816,0.44672332184170654,0.6570889607639453,0.36411330848421775,1.856007950192119e-06,0.19479765150334194,0.529010876037285,0.13143737904853006,0.7357578208242705,0.5020592402588012,0.019457952135617438,0.06249038691995814,0.0,0.08300630494852615,0.0,0.010618427889449493,0.3312443220264784,0.2597989003649211,0.052924289184182266,0.02743882296937929,0.06125765478478172,6.610696135189607e-05,0.03414872072693126,0.03263561359288081,0.3920969650032691,0.29093964113796916,0.027807089287636214,0.0,0.07395272947811535,0.013515219014629825,0.0,0.1179179772123664,0.2366671802119274,0.9001984506807953,0.7592018851275765,0.0025982048007124523,0.4014818768698111,0.0,0.06776235107100834,0.00017307027171223956,0.01615293953888049,0.007604238311324231,6.610696135189607e-05,0.12053961695858466,0.18179246269941798,6.610696135189607e-05,6.610696135189607e-05,0.9625649590073853,0.05197139809808554,0.44075107994842994,0.9995679638918374,0.6254122680002073,0.45586439121976247,0.6087937549696677,0.028047812323718363,0.0771012464645158,0.0,0.0,7.582328648700749e-08,0.0,0.0
0.00021246966387227932,0.013411026380914471,0.008130618755783352,0.00024670024775042324,6.610696135189607e-05,6.610696135189607e-05,0.14716567659766036,0.01522959019073694,6.610696135189607e-05,0.9999439138369666,0.0,0.16778292178868193,0.0004445284350006213,0.10317988298072102,0.0013006492105620525,0.2593295562360471,0.12331301484716659,0.18632635585586108,0.07976245115413197,0.17840766538183742,0.9975781622246288,0.5157910938158288,1.0,0.037315738708367824,0.5611287146343487,0.0006306375015297917,0.006362361739621717,0.017196932933741096,0.9999338930386481,0.14389725245019988,0.3130856505044606,0.21802054708424168,0.4469965405237294,0.6504677614633809,0.366215220982759,4.485244872499238e-07,0.19370261897694388,0.531560319987989,0.13266250274795402,0.7364291780301698,0.5008475918882541,0.01937433182693775,0.06142626508751283,0.0,0.08006498891344906,0.0,0.010538288105258987,0.33148099516482626,0.2598122716214374,0.05214740745633389,0.027312049439115922,0.0668001298871981,6.610696135189607e-05,0.035540478847245864,0.03336024919701027,0.39206914947895993,0.2952288956580378,0.023722610882392043,0.0,0.07481247722388684,0.012180052618664134,0.0,0.11385491648229844,0.23634694792867478,0.9008632170189304,0.7601660695306497,0.002421767074761866,0.40414391727072213,0.0,0.06705291565985641,0.00010696331036034349,0.01615199772387146,0.00745447683172994,6.610696135189607e-05,0.11770510334183937,0.18191718833913176,6.610696135189607e-05,6.610696135189607e-05,0.9743520573410651,0.05430334287858124,0.44227924634616705,0.9995550230405121,0.6283050208184483,0.45495897818278475,0.6080079410159989,0.026402890640365214,0.07647910432721011,0.0,0.0,7.07006093491611e-08,0.0,0.0
0.00021200270370852868,0.013439157209814073,0.008097285422450019,0.0002800335820725831,6.610696135189607e-05,6.610696135189607e-05,0.14645379280177884,0.015213621237365908,6.610696135189607e-05,0.9999439559865843,0.0,0.1681132646411926,0.00045897277367752085,0.10060091758164388,0.0010561917619400691,0.25913577707345997,0.12807792554684,0.18831267790344527,0.07931334273901859,0.17846798169672662,0.9978042017655054,0.5159642072666973,1.0,0.03759444313529123,0.5669394679931179,0.0005355845845077099,0.006621158717081072,0.01735302811545561,0.9999338930386481,0.14364839037096258,0.3129005985282087,0.2135299592671389,0.4471684139340221,0.6451948456984155,0.3678039142784372,1.0868592358282349e-07,0.19276999235304937,0.5334123632859306,0.13361109142605734,0.7366656686182089,0.4994420559448867,0.019272555915811104,0.06037117373184855,0.0,0.07728641838139645,0.0,0.010476665965787701,0.33162713310356656,0.2597585869105959,0.05140819556009029,0.027199446114118862,0.0713890845416938,6.610696135189607e-05,0.03691356603917152,0.034118798053597875,0.3920389155950209,0.29861910153294546,0.020328859568581513,0.0,0.07553403071043854,0.010971940300698459,0.0,0.11039944835199167,0.2364025417716287,0.9014141013451703,0.7611608445714249,0.0021957320845756466,0.4067493743519062,0.0,0.06641420497148913,6.610696135189606e-05,0.01613304759420125,0.007334348275510173,6.610696135189607e-05,0.11515562619636346,0.1814453153840248,6.610696135189607e-05,6.610696135189607e-05,0.9849979146686685,0.056186052768639194,0.44375396151178864,0.999540918540399,0.6310950593548682,0.4545595046514309,0.6072531315004827,0.02485695748295941,0.07584272438003939,0.0,0.0,6.614991886410172e-08,0.0,0.0
0.00021155247076720817,0.013470596438625065,0.00808424398309358,0.0002800335820725831,6.610696135189607e-05,6.610696135189607e-05,0.1456813901153912,0.015301787489869424,6.610696135189607e-05,0.9999440076761266,0.0,0.16835857290619727,0.0004736084817601731,0.09810877687090552,0.0008612580177236465,0.25914855759996464,0.13256692356629407,0.1901108119018386,0.07894374383956777,0.17847302921502334,0.9980540779336649,0.515987988456044,1.0,0.03786046147689216,0.5726459031634721,0.00045310385378482263,0.006824031339631888,0.017492785209775666,0.9999338930386481,0.14347769422986445,0.31262601832464687,0.20997477045530502,0.44729191825729064,0.6409698688453038,0.3689694407987649,2.6389057703655214e-08,0.19192411814794189,0.5346740266771637,0.1343315470998636,0.7365487910581171,0.49794413008176797,0.01915259522300012,0.05931695260958315,0.0,0.07464948004694834,0.0,0.010423726130902514,0.3316596804959632,0.2596330128752661,0.05071512884750725,0.02709384353614396,0.07540224453981263,6.610696135189607e-05,0.03821604044780873,0.0348102247210642,0.3920394329938342,0.3013071528168463,0.017486713055521217,0.0,0.07616018999750347,0.009883679272535932,0.0,0.10747453076799343,0.23673352726881552,0.9019036609374321,0.7622100181753936,0.0019458599580260843,0.40936253149700774,0.0,0.06581061543925745,6.610696135189607e-05,0.016107255804555767,0.007230919142468891,6.610696135189607e-05,0.11283170767530798,0.18045679657326635,6.610696135189607e-05,6.610696135189607e-05,0.9947078595564355,0.057722978337849874,0.4451852732395167,0.9995263651291821,0.6338069149836492,0.45458103603257677,0.6065198953001717,0.02340975460759547,0.07521153074757785,0.0,0.0,6.2108309023834e-08,0.0,0.0
0.00021123816045690618,0.013499764117406502,0.0080639520882354,0.00031593283461666375,6.610696135189607e-05,6.610696135189607e-05,0.14504512309208709,0.015300953197648839,6.610696135189607e-05,0.9999438939229851,0.0,0.16848918198863957,0.0004884724147268812,0.0957157285348715,0.0007044365859519364,0.2593344779512502,0.1367231559172758,0.19178077228921878,0.0786032224895052,0.17842010965855104,0.9982611933750124,0.5159384366816505,1.0,0.03811630702382856,0.578178867869823,0.00036989377376128735,0.006977277940345245,0.01763569164163235,0.9999338930386481,0.14337886045302822,0.3123442380963227,0.20704759677836965,0.4473829946463671,0.6375643431733066,0.3697881485826154,0.0,0.19109784632144267,0.5354713449515671,0.1348405946546025,0.7361743568119405,0.496414752176482,0.01901635344540406,0.05826079361105768,0.0,0.07213591243780582,0.0,0.01037577152786365,0.3316178900018877,0.2593501634472114,0.05014530950640599,0.026995972434313027,0.07887079517128584,6.610696135189607e-05,0.039274213228609134,0.03537806137871241,0.3920899439113117,0.30343175682172296,0.015091245275691681,0.0,0.07670998433595165,0.00890676053455016,0.0,0.10502840781086624,0.23720378258682237,0.9023804240650908,0.7633190967303913,0.0017387481295695266,0.4119256508805436,0.0,0.06528434623465708,6.610696135189607e-05,0.01607122097926267,0.007155761682602287,6.610696135189607e-05,0.11078788022257341,0.1790388021120348,6.610696135189607e-05,6.610696135189607e-05,0.9999629910296933,0.05900390000497053,0.44663142415305335,0.9995115275852732,0.6364764408077341,0.45491745792793076,0.6058249273941474,0.0220740794599175,0.07460069294747694,0.0,0.0,5.849541811805329e-08,0.0,0.0
0.00021098695069498877,0.013529407824589624,0.00804427736545682,0.00032315978883681466,6.610696135189607e-05,6.610696135189607e-05,0.1443782568882939,0.01537009432323404,6.610696135189607e-05,0.9999439692589929,0.0,0.16855872434628788,0.000502746260046999,0.09338855170267961,0.0005777102115001986,0.25938273669732953,0.14061134486883825,0.19326804561151745,0.07829458278111615,0.1783348612526857,0.9984846594984335,0.515865562079512,1.0,0.03837325067831556,0.5835930270982852,0.00031336691673875845,0.0071298883880085585,0.017746958321865458,0.9999338930386481,0.14330266964662897,0.31179933104527796,0.2047442833123725,0.44748909429961486,0.634821109188757,0.3704065181594997,0.0,0.19035247903575384,0.5359856571691997,0.13522741183437392,0.7356030411381137,0.4949563286272847,0.018865652491497627,0.0571991356739108,0.0,0.06974068092840796,0.0,0.010336245181602323,0.33153762156373073,0.25902728253329266,0.049597194175598366,0.02690637796739625,0.08160099958560889,6.610696135189607e-05,0.04029874423915049,0.03592034255180786,0.3921701121062801,0.30512445854801223,0.013059553782603334,0.0,0.0772235122264762,0.008032921121454224,0.0,0.1029638981799838,0.23775819132687054,0.9028397647273863,0.7644660030734035,0.0015152852071476084,0.4143937569920801,0.0,0.06490666206719395,6.610696135189607e-05,0.016065925298788673,0.007061732235771,6.610696135189607e-05,0.10918741228828015,0.17777871422846434,6.610696135189607e-05,6.610696135189607e-05,0.9999644339144963,0.06005443226323082,0.4479752037116091,0.999497253739953,0.6390354570350905,0.455403711497846,0.6053898514682965,0.0208217158130642,0.07401743443432734,0.0,0.0,5.529441889996176e-08,0.0,0.0
0.00021083733079492998,0.013558418075047863,0.008024102334396562,0.0003472810107364676,6.610696135189607e-05,6.610696135189607e-05,0.14380795837279958,0.015395279787049472,6.610696135189607e-05,0.9999439218302661,0.0,0.16853352656197854,0.000515762765589574,0.09113440540621968,0.00047453456932653864,0.25912149079451985,0.14420088556043656,0.19459599647237813,0.0779912606458789,0.17820898064652863,0.9986786629018948,0.5157432338250482,1.0,0.03862719630474955,0.5888165948720115,0.000280033582072583,0.007234825011197051,0.017841342160552987,0.9999338930386481,0.14323045812145174,0.3112228144224518,0.2027559002285411,0.44769207472605194,0.6326340725878984,0.37089041118772126,0.0,0.18968138649295052,0.5364224305639049,0.1354854500030865,0.7349091467700907,0.49357139965774627,0.018699645852415868,0.05612789884206881,0.0,0.06745096732981788,0.0,0.010301786192997174,0.3313935689980082,0.2586166866436245,0.04910051825512748,0.026823154436781585,0.08383105328147407,6.610696135189607e-05,0.041226792057749165,0.03636606927775078,0.39229862918441966,0.3064510608925162,0.011331585823669336,0.0,0.07769945876506086,0.00725070237694902,0.0,0.1012391002797856,0.23834963730275463,0.9033090935017053,0.7656631205114025,0.001321284628845569,0.41680579884513397,0.0,0.0646929503569522,6.610696135189607e-05,0.016102568441770177,0.007025509213664063,6.610696135189607e-05,0.10813784421132114,0.17697503473346995,6.610696135189607e-05,6.610696135189607e-05,0.9999645021821227,0.06091486651958544,0.44924447642663085,0.9994842372344104,0.6414847493357689,0.4558523324898195,0.6053930592023936,0.019650867389687073,0.07348296656712093,0.0,0.0,5.246925963716338e-08,0.0,0.0
0.00021070906893702943,0.013585192518016998,0.008002275941032502,0.00038340372793619617,6.610696135189607e-05,6.610696135189607e-05,0.14327837976957614,0.015380623980075461,6.610696135189607e-05,0.9999438613493266,0.0,0.16854213395437742,0.000528256494072811,0.08899677244465878,0.00039071737557890566,0.25881315914565606,0.14756152258860006,0.1958246170017823,0.07769530227940813,0.1780570624482281,0.9988642076268072,0.5156055841163858,1.0,0.03884570772057003,0.5937582380831564,0.00024345061920506188,0.0073239091989278984,0.017924672552798292,0.9999338930386481,0.14316362208116473,0.31059958315923475,0.20122053469776865,0.4479399003434049,0.6308522294275035,0.371163828619721,0.0,0.18906516130447124,0.5365531471609567,0.13561737754388511,0.7340893885852905,0.4922395835884467,0.018519691142868944,0.055041851013829676,0.0,0.0652608265308211,0.0,0.010267097279644158,0.33121742102474405,0.25814335758629414,0.04863155500632075,0.026749033092131856,0.08576365579835588,6.610696135189607e-05,0.04210640133508478,0.03677229183493087,0.39245079645782754,0.30748848479284824,0.009847579594441236,0.0,0.07813327103016597,0.006544134832590655,0.0,0.09979271193089956,0.23894145868828726,0.903785006577723,0.7669010865379422,0.0011357424731222954,0.41913358935279305,0.0,0.06453437434480143,6.610696135189607e-05,0.016140714921652023,0.007001024618908269,6.610696135189607e-05,0.10734463757022282,0.17641001369591258,6.610696135189607e-05,6.610696135189607e-05,0.9999645486358838,0.06165928577964826,0.4504464578314603,0.9994717435059272,0.643804795220704,0.45651200063087366,0.6055694633104589,0.018556376895209916,0.07299434072148375,0.0,0.0,4.990007051354607e-08,0.0,0.0
0.00021061980197369982,0.013643775204373805,0.00798018946487012,0.0003890425811760549,6.610696135189607e-05,6.610696135189607e-05,0.14278333225892267,0.015444858409788573,6.610696135189607e-05,0.9999437928824038,0.0,0.1686108171738662,0.0005403889347532801,0.08697332720009977,0.0003224322689257777,0.2585013253266554,0.15070777653649028,0.19695060666387815,0.0774053336853586,0.17788196674609136,0.9990451489541117,0.5154513255428417,1.0,0.03904029094355414,0.5984588372983338,0.00020640360608948215,0.007395922640747614,0.01799746320356862,0.9999338930386481,0.14309474594283908,0.3099879258913625,0.1999791486781391,0.44821000221355783,0.6293765084658581,0.3712868096495402,0.0,0.18849501090579873,0.5364876953114639,0.13565874809046616,0.7331939517188276,0.490966725860994,0.018326115651439906,0.05394346919846851,0.0,0.06316762285173173,0.0,0.010235088255632283,0.33102973477813424,0.25764945371126813,0.04818180713234671,0.02669753863573663,0.08761912777128252,6.610696135189607e-05,0.04295980837151612,0.03709637277097517,0.39260376815669995,0.30829550369805037,0.008568765092479036,0.0,0.07853835665222124,0.0059058968976709305,0.0,0.09856983259276061,0.23952667340129855,0.9042685506632016,0.7681745640554402,0.0009548035057936525,0.42138105160542655,0.0,0.0644084852830823,6.610696135189607e-05,0.016174720939416076,0.006976976221245246,6.610696135189607e-05,0.10670436906426131,0.17594725661521649,6.610696135189607e-05,6.610696135189607e-05,0.9999645854825066,0.06232798783609152,0.4515336080841145,0.9994596110652467,0.6459933052418803,0.4572839755219394,0.6058399265828786,0.017528439151921454,0.0725559940738293,0.0,0.0,4.7540094679970645e-08,0.0,0.0
0.00021061633988424998,0.01368028762059998,0.00795869049509346,0.0004085927440907733,6.610696135189607e-05,6.610696135189607e-05,0.14234790261213817,0.015468329213756434,6.610696135189607e-05,0.9999437535763723,0.0,0.16868648660442948,0.0005522236665402389,0.08507504530188553,0.0002664873267985405,0.2582380619787751,0.1535962066496241,0.19801468796162244,0.07710887077565902,0.1776946278007844,0.999198520247814,0.5153477125228558,1.0,0.039218925934520206,0.6028966918986262,0.00017307027171223956,0.0074629811396661454,0.018060652247792984,0.9999338930386481,0.14302534882964119,0.3093805696779585,0.19890631023872632,0.44848761638927903,0.6281351095768917,0.371287200682395,0.0,0.18794847649639762,0.5363076417400621,0.13559914166677312,0.7322529009249562,0.48972324080655266,0.018118712504722998,0.05283070478430451,0.0,0.06114314539290394,0.0,0.010206312075796765,0.330777257549337,0.2571146163568353,0.04778696102333642,0.026632145085385125,0.08976135495890161,6.610696135189607e-05,0.043710421044114926,0.03739910101472179,0.3927788222235449,0.30892102689524764,0.007465571016373999,0.0,0.07891914598119344,0.00532999756153893,0.0,0.0975722902381461,0.24009261263903814,0.904772416719618,0.7694746674149111,0.0008014343929876635,0.42350914208424023,0.0,0.06429609415587366,6.610696135189607e-05,0.016203012717644707,0.006964674485541464,6.610696135189607e-05,0.1061628234648272,0.17552834625669678,6.610696135189607e-05,6.610696135189607e-05,0.9999646099660978,0.06294386352786072,0.4525607416968015,0.9994477763334597,0.6480573322205234,0.45809587337160046,0.6061627963544518,0.016578602187273504,0.07216945859278683,0.0,0.0,4.5359198445276015e-08,0.0,0.0
0.00021065108118117285,0.013708038080323913,0.0079378026062117,0.00041977051979128285,6.610696135189607e-05,6.610696135189607e-05,0.14195626285338284,0.015506004068358822,6.610696135189607e-05,0.9999437703881114,0.0,0.16878808827213915,0.000563828717541604,0.08328383761362773,0.00022058322378195835,0.25800202903855535,0.15626209699625201,0.19897917484349786,0.07680397333594909,0.1774771236416772,0.9993345043159301,0.5152038015703094,1.0,0.039382572676763504,0.6071130690080089,0.00013973693837890616,0.0075207161204822025,0.018118318097126516,0.9999338930386481,0.1429546913782066,0.30878816356725836,0.19800457841058333,0.44877082674246044,0.6270852849660078,0.37122412479408234,0.0,0.18744352146334586,0.5360647226572215,0.13551660119033573,0.7312974245170999,0.4885555632093492,0.01789942701456788,0.05171438818626717,0.0,0.05920608339859905,0.0,0.010197064910344012,0.33053910958393307,0.2565764736873406,0.047414889838395945,0.026592063652794574,0.09186858114819971,6.610696135189607e-05,0.04442002554896954,0.03762423872454734,0.39293439694702587,0.3094022947955679,0.006511441647273087,0.0,0.07928918052662039,0.004810855795723327,0.0,0.09674620611885039,0.24064528794493192,0.9052965996494831,0.7708084881720556,0.0006654523583512982,0.4255901150310915,0.0,0.06419984795104805,6.610696135189607e-05,0.016227182922143694,0.0069498776947244535,6.610696135189607e-05,0.10569158821092588,0.1751347697018371,6.610696135189607e-05,6.610696135189607e-05,0.9999646331175557,0.06351242023842428,0.45347634528650543,0.9994361712824584,0.649983460396406,0.45890383832327325,0.6064813697711089,0.0156942723677977,0.0718199740022211,0.0,0.0,4.332571869347132e-08,0.0,0.0
0.00021070905634519414,0.013731103682950458,0.007918154437780217,0.0004531038537848224,6.610696135189607e-05,6.610696135189607e-05,0.14161307430651116,0.015475497857924164,6.610696135189607e-05,0.9999436825689261,0.0,0.1689006828570356,0.0005752766399613511,0.0815931845077026,0.0001828085589567151,0.2577984578942344,0.158707113545696,0.19985772977093375,0.0764911667708902,0.177234181075734,0.9994502718055619,0.5150146312261784,1.0,0.039529931600149594,0.6111371826828227,0.00010696331036034353,0.007571603983893437,0.018167690061218936,0.9999338930386481,0.14287841728780232,0.3082195592343781,0.1972270304012013,0.4490500499555099,0.6261781351171005,0.37111507142478184,0.0,0.18697168423033556,0.5357901699891904,0.1354249030700642,0.7303406009592026,0.48745130080012467,0.017664843337597484,0.05059542269455833,0.0,0.05735293013995853,0.0,0.010168160041091034,0.33030867470736647,0.2560342014612632,0.04707315359569821,0.026506250039371553,0.09418810513866231,6.610696135189607e-05,0.045069644968800296,0.03795531516611929,0.3931334733888654,0.309784184363734,0.005685553171546118,0.0,0.07964790906464118,0.004343314108668703,0.0,0.09607791980964585,0.241186637825449,0.9058439898915124,0.7721703962297077,0.0005496867760206081,0.42763243863386297,0.0,0.06411181824829774,6.610696135189607e-05,0.016247183038403563,0.0069376373507728005,6.610696135189607e-05,0.10527141975189526,0.17475035237409778,6.610696135189607e-05,6.610696135189607e-05,0.9999646528393591,0.06403768051916543,0.4542986925466365,0.9994247233600386,0.6517872221973207,0.45968370734318414,0.6067766390357014,0.014874365685455566,0.07150433160349251,0.0,0.0,4.1418417526700695e-08,0.0,0.0
0.0002108003870002669,0.0137492116157402,0.007898254543637115,0.00045310385378482247,6.610696135189607e-05,6.610696135189607e-05,0.14129927282572588,0.015529687733336218,6.610696135189607e-05,0.9999437612027575,0.0,0.16906570545984492,0.000586505573916219,0.07998801431709092,0.00015172753957932566,0.25759656578937196,0.16099932596478297,0.20064571613991586,0.07618437970857489,0.17698200704691402,0.9995543384624169,0.5148012500352886,1.0,0.039672973541876544,0.6149374975793114,0.00010696331036034353,0.007610629076710326,0.01821655195302159,0.9999338930386481,0.14275245251383176,0.30765760891139843,0.19655685232313486,0.44934287578224547,0.6253723887658814,0.3709675291233579,0.0,0.18652584880765333,0.5354917950783239,0.13533482455067145,0.7293809456774224,0.4864114999006687,0.017421073249960527,0.049481050410612515,0.0,0.05557958433137248,0.0,0.010164341854057454,0.3300893993629452,0.25549511829235827,0.04673177694991296,0.026442710432389716,0.09629022007955426,6.610696135189607e-05,0.04572122759540122,0.038229671311775675,0.39331734357707093,0.3100913761882862,0.004968275572503573,0.0,0.07999977037132416,0.003922482128288862,0.0,0.09551460650499195,0.2417172715971948,0.9063945470414646,0.7735369425424735,0.0004456219084818631,0.42961916563333885,0.0,0.06403631489036507,6.610696135189607e-05,0.01626553709629851,0.006916363558206642,6.610696135189607e-05,0.1048916865006809,0.17438602684280818,6.610696135189607e-05,6.610696135189607e-05,0.9999646785093583,0.06453623504583243,0.45499848984429364,0.9994134944260837,0.6534863665039315,0.46043399525380785,0.6070686096599566,0.014105121852802714,0.0712255123622207,0.0,0.0,3.962910121807528e-08,0.0,0.0
0.00021091983059352484,0.01376513004986073,0.007879726910798539,0.0004531038537848225,6.610696135189607e-05,6.610696135189607e-05,0.14103263342122507,0.015547070812217062,6.610696135189607e-05,0.9999437900102522,0.0,0.16921887534621377,0.0005976480962373402,0.07846940146261032,0.00012603142798845896,0.25742925816942397,0.16307628288362305,0.2013672925671149,0.07586660710844668,0.1767038629646538,0.9996381847690234,0.5145343284728453,1.0,0.039801680750254975,0.6185279388541212,0.00010696331036034353,0.007649492575262497,0.018258837036803657,0.9999338930386481,0.14262376668093266,0.3071095292926269,0.19592809758854426,0.4496371091327201,0.6246329779835176,0.3707987078390993,0.0,0.18610425418839394,0.5352002792866235,0.135245518871612,0.7284449197863087,0.48541797527834896,0.017163398757774565,0.04836919340326616,0.0,0.053876314646347075,0.0,0.010141583759341407,0.32985109781331196,0.2549312877258305,0.04642856894220374,0.02638365426719119,0.09875101393702639,6.610696135189607e-05,0.04629403577052667,0.03844114258011622,0.393527246775091,0.3103667956484584,0.0043458847670635814,0.0,0.08034343941379422,0.0035440629844961206,0.0,0.09508326810149073,0.24224024757794163,0.9069699941337788,0.77492694363208,0.00036177729292779175,0.4315893568808077,0.0,0.06396129180676219,6.610696135189607e-05,0.016279574583846414,0.006906443811932605,6.610696135189607e-05,0.10454235785335868,0.1740316833833918,6.610696135189607e-05,6.610696135189607e-05,0.9999646957758825,0.06500022636802402,0.45563653204762333,0.9994023519037627,0.6550829049352015,0.4611296263008919,0.607325222958964,0.013395529228577566,0.07097448457659447,0.0,0.0,3.793804884069267e-08,0.0,0.0
0.00021110161252382875,0.013778215751237126,0.007861751590296872,0.0004531038537848225,6.610696135189607e-05,6.610696135189607e-05,0.1408008969242929,0.01558114014567534,6.610696135189607e-05,0.999943806189909,0.0,0.16936249312886525,0.0006087229150358083,0.07703077954863585,0.00010476286249684972,0.2572926210038224,0.1649664228555327,0.20202625438857424,0.07553954884364814,0.1764037299973533,0.9997058153764303,0.5142341090079413,1.0,0.03992699509952496,0.6219097477089073,0.00010696331036034353,0.007683241502513033,0.018296687303436074,0.9999338930386481,0.14249845397937513,0.30658592800321927,0.1953891798934315,0.4499318416016072,0.6239616081187528,0.3706126577895295,0.0,0.1857048615490149,0.5349045107594397,0.13516143293012378,0.7275305208339029,0.48448035857899074,0.016897424348569213,0.04726462953899346,0.0,0.052241407569304205,0.0,0.010143815321857807,0.3296018628352566,0.25435660771208507,0.04615169527070461,0.026328371636526456,0.10111652290966583,6.610696135189607e-05,0.04681417069628277,0.038621719424969086,0.39372471346288584,0.3105990786296586,0.0038044721222136994,0.0,0.08068143844292143,0.0032033122764190372,0.0,0.0947608851629946,0.24274652455778206,0.9075630268077827,0.7763316404636533,0.00029414828963538126,0.4335244834227545,0.0,0.06389299081137163,6.610696135189607e-05,0.016291964225643902,0.006898259030635528,6.610696135189607e-05,0.10422312743068231,0.17370988102174978,6.610696135189607e-05,6.610696135189607e-05,0.9999647134471956,0.06543931325158871,0.4562203769593916,0.9993912770849642,0.6565829204594278,0.4617874141016445,0.6075459460660539,0.012742171147569837,0.07074686247465296,0.0,0.0,3.6333934285026115e-08,0.0,0.0
0.00021128111808109626,0.013789236060199925,0.007844046025723063,0.0004934677331803961,6.610696135189607e-05,6.610696135189607e-05,0.14059485526657695,0.015537510533342264,6.610696135189607e-05,0.9999436531853331,0.0,0.16949746455173242,0.0006197553864834552,0.07566621086082995,8.714048960083533e-05,0.2571833659252119,0.16669137264385406,0.20262479305819525,0.07520543353284871,0.17608821303488334,0.999760572951396,0.5139125935116577,1.0,0.04003939273788108,0.6250904604988716,0.00010696331036034353,0.007711814040004491,0.01833030454749584,0.9999338930386481,0.14237190979651496,0.306099333391238,0.1949039430553638,0.45022839697116057,0.6233374425583667,0.37041796412431877,0.0,0.1853280664018,0.5346153923780932,0.13508687928152854,0.7266347886595825,0.48359444744909436,0.016619076966824166,0.046166968395434424,0.0,0.050667867569198256,0.0,0.010131300159007744,0.3293560340914806,0.2537867073905299,0.045894899632617864,0.026275857880485143,0.10370516879844026,6.610696135189607e-05,0.04729323964169417,0.038784619419514235,0.3939308976873365,0.31082080806198326,0.003333267672612839,0.0,0.08101465685342717,0.002896692942948647,0.0,0.09453391738412668,0.24324550846085266,0.9081754895003271,0.7777448185696823,0.00023939224245720555,0.43541953891914403,0.0,0.06382694421799923,6.610696135189607e-05,0.016301664128072407,0.006890702417546444,6.610696135189607e-05,0.10392814518963343,0.1734070784785796,6.610696135189607e-05,6.610696135189607e-05,0.999964729482046,0.06584174937965007,0.456751303651336,0.9993802446135166,0.6579910658839428,0.4624007741893573,0.6077297547932595,0.012139921312436843,0.07053525103185782,0.0,0.0,3.480614687164477e-08,0.0,0.0
0.00021144801563773605,0.013797169551204632,0.00782529884564649,0.0005139903784528928,6.610696135189607e-05,6.610696135189607e-05,0.14040026385544502,0.015520990436724256,6.610696135189607e-05,0.9999436540862939,0.0,0.16969646909008043,0.0006305849521166491,0.074358608488761,7.257542854332267e-05,0.2570487560254899,0.16835037015759702,0.20314640983919238,0.0748889549660525,0.17578702073856742,0.9998094414779617,0.5136105878896685,1.0,0.040182063429056274,0.6281404780122635,0.00010696331036034353,0.007695572387751145,0.018361838393659527,0.9999338930386481,0.14224331912892985,0.30579451672923824,0.19464280877562815,0.45051072615942067,0.6227564025797725,0.3702166843106643,0.0,0.1849721461791287,0.5343331589816926,0.13502602634121477,0.7257457882454296,0.48276728097096433,0.016333219783886518,0.045080490316088226,0.0,0.04915721602833382,0.0,0.010118919345627475,0.32915755731189095,0.25325599361056644,0.04561772652824649,0.02626079490665542,0.10602312481251765,6.610696135189607e-05,0.04782184488012899,0.038880840133175165,0.3941028461792696,0.31102464076323916,0.002921969916217564,0.0,0.08134266771225188,0.002620619381043368,0.0,0.0943356907353725,0.24373864528899206,0.908777825250061,0.7791324889453444,0.00019052516341014496,0.43723219608199765,0.0,0.06377149786852258,6.610696135189607e-05,0.016311662988625623,0.006868912084896021,6.610696135189607e-05,0.10365539915238818,0.17312393618669253,6.610696135189607e-05,6.610696135189607e-05,0.9999647536096737,0.06621895665698839,0.4571648766830377,0.9993694150478833,0.6593265776198585,0.46297364620872056,0.6079252176332954,0.011568150861600953,0.07034766390085127,0.0,0.0,3.3358628151152005e-08,0.0,0.0
0.00021162214601580672,0.013804242726261035,0.007807749060027013,0.0005224513964495359,6.610696135189607e-05,6.610696135189607e-05,0.14023543653065668,0.015529076294472918,6.610696135189607e-05,0.9999436681116347,0.0,0.1699209717848464,0.0006412798073144089,0.07310782557524072,6.0499149091326244e-05,0.2569092730090768,0.16989614155987212,0.20361733512772642,0.07458077357383287,0.17548726709279497,0.9998498627857414,0.5132999957027543,1.0,0.04029292148026671,0.6310526209280346,0.00010696331036034353,0.007699533641303081,0.018385759625248233,0.9999338930386481,0.1421179636034967,0.3054249233773766,0.1944525191974271,0.45080603791861296,0.6221795595127289,0.37001065860286025,0.0,0.18463262499229643,0.5340511071475074,0.13499168924860983,0.7248615213338898,0.4819797036022076,0.01604127502372775,0.04399751257326286,0.0,0.04770482035163151,0.0,0.010105106751645866,0.3289802137891344,0.2527288783175512,0.04536514844428089,0.026222605336604508,0.10813077186285455,6.610696135189607e-05,0.04827499909186411,0.03902036311101463,0.3942873558247354,0.3112480460954459,0.0025632077122011653,0.0,0.08166115117472621,0.0023723368172211693,0.0,0.09421127649997524,0.24422640650978217,0.9093779514024394,0.7805152203339422,0.00015010523014690722,0.43899518394561415,0.0,0.0637129898863187,6.610696135189607e-05,0.016320518674108518,0.006855277590181438,6.610696135189607e-05,0.10337889165555932,0.1728469130248463,6.610696135189607e-05,6.610696135189607e-05,0.9999647703877818,0.06657239439182534,0.45750516190009227,0.9993587201926856,0.6605983982577366,0.46351605688618014,0.6080990377423134,0.011031060606262714,0.07017655476028385,0.0,0.0,3.1984111713878266e-08,0.0,0.0
0.00021183060431921645,0.013809812292432489,0.007791133864629517,0.0005308106251951455,6.610696135189607e-05,6.610696135189607e-05,0.14012027092281057,0.015534053119772814,6.610696135189607e-05,0.9999436551344504,0.0,0.17014719072327744,0.0006518900304095447,0.0719125115451289,5.046417374943474e-05,0.2567798021871419,0.17131463104907135,0.20405108494577565,0.07427513028793228,0.1751824857647785,0.9998821594137929,0.512972269015362,1.0,0.04039611468029074,0.6338202189834934,0.00010696331036034353,0.007710547154267881,0.01840820652691476,0.9999338930386481,0.14198816287663915,0.3050506777905395,0.19423365108940766,0.45110305258796146,0.6216162374077411,0.369798830138005,0.0,0.18430625680498186,0.5337769833484823,0.13496092801107945,0.7240038394832422,0.48122352436136734,0.01574439875397744,0.04292554708612172,0.0,0.04630669020222134,0.0,0.010093377685470613,0.32879093192055103,0.2521974132123724,0.04513211763372931,0.02617839759322198,0.11033370543133289,6.610696135189607e-05,0.048713089439037564,0.039151158061077794,0.3944775129259557,0.31147757196602427,0.0022498367678409877,0.0,0.0819719657168221,0.0021485538763407986,0.0,0.0941503854743309,0.24470277229460155,0.9099804709580903,0.7818919671490998,0.0001178099117388935,0.44072104078241664,0.0,0.06365916845659904,6.610696135189607e-05,0.016327818463920726,0.006845768734274609,6.610696135189607e-05,0.10312574780836388,0.17258380872234894,6.610696135189607e-05,6.610696135189607e-05,0.999964784853193,0.06690619062623464,0.45780414237087647,0.9993481099695904,0.6618092659330671,0.4640239986014275,0.6082592698017786,0.010531143993355613,0.07002261839825542,0.0,0.0,3.067446821608094e-08,0.0,0.0
0.00021205670384724217,0.013814021989830855,0.0077749320311957405,0.0005379863544165347,6.610696135189607e-05,6.610696135189607e-05,0.14000472299408837,0.015504847212746272,6.610696135189607e-05,0.9999436608743643,0.0,0.17037598377780577,0.0006624394324034427,0.07076910298711829,4.2118908426950694e-05,0.2566617559715191,0.17262378341608858,0.204449033562875,0.07397062468041558,0.1748714775352209,0.999907848679139,0.5126329468111526,1.0,0.040493179474676816,0.636410746068736,0.00010696331036034353,0.00772213300819156,0.01842859950176067,0.9999338930386481,0.14185823121459443,0.3046815429430298,0.19402813563874166,0.4514085081068569,0.6210671024133161,0.3695848305234783,0.0,0.18399363126201393,0.5335144047160079,0.13493309762748001,0.7231713707124174,0.4804986580591785,0.015443112699246518,0.04186742038736178,0.0,0.04495931405809844,0.0,0.010083226210538398,0.32860016037872897,0.25166974926487884,0.044911271979346495,0.02613413915610657,0.11257931441305229,6.610696135189607e-05,0.04912888466622721,0.03927628579649169,0.39466857987927106,0.31171329241517404,0.0019758552573257474,0.0,0.08227763466252239,0.001946755649700456,0.0,0.0941392827008539,0.24516981572598165,0.9105862626203379,0.7832611020774174,9.212189792588277e-05,0.4424077391307489,0.0,0.06360935408127177,6.610696135189607e-05,0.01633399083994219,0.006836437459526215,6.610696135189607e-05,0.10289229683723107,0.17234282444847537,6.610696135189607e-05,6.610696135189607e-05,0.999964799741936,0.06721960517150992,0.4580633304413902,0.9993375605675966,0.6629596310883454,0.46449672072586473,0.608405146401001,0.010065563170640132,0.06988249265196494,0.0,0.0,2.9422935252875592e-08,0.0,0.0
0.0002122933856663059,0.0138172314431248,0.007759356125716014,0.000543862967171443,6.610696135189607e-05,6.610696135189607e-05,0.1398974127717341,0.015533139556862642,6.610696135189607e-05,0.9999436500328277,0.0,0.17060481457495016,0.000672942308801945,0.0696745076885805,3.5172433271474e-05,0.256556156994361,0.17382889355221331,0.20481261908846798,0.0736668401636663,0.1745539300890677,0.9999281353587963,0.5122865723456135,1.0,0.04058438833319219,0.638857030490823,0.00010696331036034353,0.007732926857032206,0.018446789197446488,0.9999338930386481,0.14172706210228644,0.3043254434201272,0.19383789918514932,0.4517146230038009,0.6205320007934991,0.36937577872595256,0.0,0.18369512141547914,0.5332699640223839,0.13490784086242905,0.72236915190837,0.47980588049694817,0.015138114758608342,0.04082450989412343,0.0,0.04365903268919998,0.0,0.010074330998557804,0.32841187448058407,0.25114979244999097,0.04470118516519837,0.02609042731538184,0.11483574737524976,6.610696135189607e-05,0.04952693062893268,0.039393193953728645,0.39485937396276943,0.31195657772731106,0.0017361669754850705,0.0,0.08257896763074365,0.0017647303467940654,0.0,0.09417048848973801,0.24562818802105993,0.9111950450777253,0.7846215600168089,7.183641633710663e-05,0.4440543949651865,0.0,0.0635629504178829,6.610696135189607e-05,0.016339127047450122,0.0068275088399703315,6.610696135189607e-05,0.1026747077782831,0.17212032307207056,6.610696135189607e-05,6.610696135189607e-05,0.9999648143290182,0.06751142147918976,0.4582832397236121,0.999327057691198,0.6640514032651967,0.46493013319755067,0.6085360021432099,0.009631466049678681,0.069753312393524,0.0,0.0,2.8224866574580343e-08,0.0,0.0
0.00021253626163996952,0.013819492916947458,0.007743912493085602,0.0005487844418825998,6.610696135189607e-05,6.610696135189607e-05,0.1397986146339132,0.015511835249061011,6.610696135189607e-05,0.9999436588654828,0.0,0.17083081381256737,0.0006834109714098295,0.0686255780749671,2.938634485192673e-05,0.25646133370468416,0.17493983167833466,0.2051412228180793,0.07336425958525722,0.17423436497793313,0.9999441073095827,0.5119327206410134,1.0,0.04067067634745676,0.6411645951013718,0.00010696331036034353,0.0077425657460463496,0.018463328319345204,0.9999338930386481,0.1416296026579022,0.303977062040429,0.19366998420209136,0.45198958952275353,0.6200082405869127,0.3691712898919588,0.0,0.18340934299990488,0.5330399188589209,0.13488541380684724,0.7215945903273321,0.47914350050278176,0.014830089540424042,0.039797800085953315,0.0,0.04240305039820254,0.0,0.01006661532631102,0.3282263927702476,0.2506389136243396,0.044498435495127074,0.02604763844103874,0.11709604740688839,6.610696135189607e-05,0.04990474230668092,0.03950667351253745,0.3950481129002711,0.31220910160053245,0.0015263487695124068,0.0,0.08287575945103043,0.0016004780749114213,0.0,0.09423886753750546,0.24608127255153073,0.9118056508743188,0.7859678349361136,5.586561394182057e-05,0.4456642289607841,0.0,0.06351922954110194,6.610696135189607e-05,0.016343612245723286,0.00681920205917453,6.610696135189607e-05,0.10247081996916146,0.17191364577570795,6.610696135189607e-05,6.610696135189607e-05,0.9999648284385498,0.0677826578125549,0.45847154752596136,0.9993165890285902,0.6650893194740977,0.46533021672131575,0.6086532524884686,0.00922671045682783,0.06963400412760824,0.0,0.0,2.707647553927609e-08,0.0,0.0
0.00021278587955487073,0.013821005719306237,0.007728988711805947,0.0005562746182736293,6.610696135189607e-05,6.610696135189607e-05,0.1397072155256439,0.015500587346567845,6.610696135189607e-05,0.9999436464284696,0.0,0.1710533546818354,0.0006938585950885551,0.06761991369860955,2.4563131739089728e-05,0.2563778809170313,0.17596317704542286,0.20543882049287904,0.07306302681006273,0.1739113361797697,0.9999566062383551,0.5115755719044268,1.0,0.04075376439164839,0.6433355328852398,0.00010696331036034353,0.007751430041095266,0.018478981476900514,0.9999338930386481,0.1415141267437326,0.30366167550045703,0.19352686955213505,0.45227274003848233,0.619506924421728,0.36897330063972517,0.0,0.1831349639566223,0.5328214405495785,0.13486462208866828,0.7208523168933906,0.47851443692476264,0.01451991190236243,0.038788321183107086,0.0,0.04118920836849836,0.0,0.010059892362704057,0.32804319942690463,0.2501327797429114,0.044306056362005665,0.02600565477440177,0.11933671786467587,6.610696135189607e-05,0.05026743479232036,0.039611676865050266,0.3952365813940406,0.3124604059157148,0.0013424981857481674,0.0,0.08316846874280541,0.0014521671685687582,0.0,0.09433544688544165,0.24652348732854237,0.9124170612875748,0.7873003426371232,4.3367787068338306e-05,0.4472352197270749,0.0,0.06347839133472294,6.610696135189607e-05,0.016347131282216845,0.0068060232328760765,6.610696135189607e-05,0.10227955231698029,0.17170560333834609,6.610696135189607e-05,6.610696135189607e-05,0.9999648508634438,0.06803266966255726,0.4586308464926912,0.9993061414049115,0.6660766536019628,0.4657018291501137,0.6087574969943005,0.008849059175744939,0.06952325525381596,0.0,0.0,2.5974576520306753e-08,0.0,0.0
0.00021303340469190646,0.013821775133207821,0.007747699207679676,0.0005333227697059125,6.610696135189607e-05,6.610696135189607e-05,0.13954428967796575,0.015575227476914045,6.610696135189607e-05,0.9999436284027708,0.0,0.17127611905920506,0.000704256787811172,0.0666530502123984,2.0541040479795943e-05,0.25629560330231316,0.17691443303535515,0.2057058530577948,0.07276528625307158,0.1735892032921021,0.9999664121566775,0.5112191069979781,1.0,0.04083238605625726,0.6453853970276091,0.00010696331036034353,0.007758877524924004,0.018493090371622972,0.9999338930386481,0.1413944811266555,0.3033651357735725,0.19340069577480737,0.4525597294132144,0.6190148646683531,0.36878348114406145,0.0,0.1828713090812193,0.5326242940288131,0.13484736602393083,0.7201359138461829,0.47791160015384165,0.014208079542008816,0.03779647258409254,0.0,0.040014791519795166,0.0,0.010054094868169956,0.3278674633455904,0.24964119370155777,0.04411790960624229,0.02596465569306679,0.12154116892821241,6.610696135189607e-05,0.050620211508641086,0.039715037938995244,0.3954215924324167,0.3127209777901178,0.0011813872935819386,0.0,0.08345671531760371,0.0013183109451773028,0.0,0.09445456527520191,0.2469602643240942,0.9130266342049196,0.7886143241238054,3.3562925483961306e-05,0.4487661014822268,0.0,0.06343943033361417,6.610696135189607e-05,0.016350306155541557,0.006796460885766343,6.610696135189607e-05,0.10209750393170593,0.17151071608241383,6.610696135189607e-05,6.610696135189607e-05,0.9999648663142077,0.06826415754152913,0.45875901250315154,0.9992957432121888,0.6670189253887786,0.4660368539855298,0.6088570306737561,0.008495087843260026,0.06942228246426935,0.0,0.0,2.4917838541869588e-08,0.0,0.0
0.0002133017578676347,0.013821713511321934,0.007748564060029726,0.0005496415360448174,6.610696135189607e-05,6.610696135189607e-05,0.13943431273863582,0.01553722078834921,6.610696135189607e-05,0.9999435299582654,0.0,0.17145128054913777,0.0007146100446041631,0.0657317521760357,1.717768496213463e-05,0.25623532249386405,0.1777408399883784,0.2059989748920148,0.07245854188762879,0.17326781324274715,0.9999737364171335,0.5109340592872792,1.0,0.04090669555824515,0.6472739371902755,0.00010696331036034353,0.007770136733628993,0.01850548362144171,0.9999338930386481,0.14127723054947128,0.3030699005635673,0.1932473995360668,0.4528416878578665,0.6185281215609824,0.3686015990680411,0.0,0.18261746672975007,0.5324369625530755,0.13483074580320095,0.7194602137545193,0.4773301463478713,0.013895217515078247,0.03682285633823248,0.0,0.03887671127818357,0.0,0.010049486730611762,0.32772002685952845,0.24911388691531614,0.04393200082052512,0.025924819224562044,0.12363046863385696,6.610696135189607e-05,0.05098419151589161,0.039785630734221276,0.39562045459818757,0.31299400466645616,0.0010401233889798939,0.0,0.08373783945915177,0.00119736363911152,0.0,0.09462613756874642,0.247349185095548,0.9136462405972929,0.7899093304190203,2.6239681978400046e-05,0.45018922943453726,0.0,0.06340067388173011,6.610696135189607e-05,0.016346828589779438,0.006798288635043491,6.610696135189607e-05,0.10192608580665996,0.17135654204566145,6.610696135189607e-05,6.610696135189607e-05,0.999964873385954,0.06847787377256151,0.45890699699384124,0.9992853899553958,0.6679129416350625,0.46634849612285095,0.608933931702935,0.00817280868835592,0.06932169366456592,0.0,0.0,2.3900888161343273e-08,0.0,0.0
0.00020640360564230223,0.013820796679079818,0.007742678172034289,0.0005334055515380865,6.610696135189607e-05,6.610696135189607e-05,0.13936445720245638,0.015588078833114317,6.610696135189607e-05,0.9999436566896434,0.0,0.17165068429528393,0.0007248412579083077,0.06484396098057565,1.43739003429604e-05,0.25616306157141394,0.17854636104646415,0.20626198787069522,0.07216568608982193,0.1729618652370484,0.9999796111234207,0.5106703405430342,1.0,0.04097737294765451,0.649065531987152,0.00010696331036034353,0.007774335596600952,0.018517213558420776,0.9999338930386481,0.14116251864447266,0.3027858653334851,0.19317520199857838,0.4531260339482629,0.6180419104777635,0.3684291012923079,0.0,0.18237252532163908,0.5322567252166112,0.13482507050046513,0.7187934340889263,0.4767819935701782,0.01358008315417324,0.03586390965088817,0.0,0.037774555487354096,0.0,0.010046005724001961,0.32759314957256813,0.24862789243952835,0.04374168256861426,0.02588872606791401,0.12558588655241462,6.610696135189607e-05,0.051354828699658905,0.039881641289642694,0.3958095542522596,0.3132873323128028,0.0009160304115477329,0.0,0.08402212020884467,0.0010879625488289721,0.0,0.09479212906104961,0.24773521708815893,0.9142542307560049,0.7911742251120634,2.0365951521066328e-05,0.45155510396961174,0.0,0.06336716998404979,6.610696135189607e-05,0.016345894511801372,0.00678856093060459,6.610696135189607e-05,0.10176640550827067,0.1712182366720718,6.610696135189607e-05,6.610696135189607e-05,0.999964888680954,0.06867075720943379,0.4590041840008605,0.9992751587420917,0.6687613934889406,0.46664093833421694,0.609011867928121,0.007868075803559953,0.06922080147096767,0.0,0.0,2.2925058261519332e-08,0.0,0.0
0.0002118477170751357,0.013820746343195087,0.007734829120141019,0.0005551223829859897,6.610696135189607e-05,6.610696135189607e-05,0.1392990555053571,0.015535917042800416,6.610696135189607e-05,0.9999435235669465,0.0,0.17181032862274212,0.0007351050590455795,0.06399234198297354,1.2027651077338919e-05,0.25610134560946196,0.17924985961384926,0.20650240741134968,0.07187257837729683,0.1726530570270646,0.9999840522561815,0.510376554838998,1.0,0.04104533524643062,0.6507348778993306,0.00010696331036034353,0.007782625124121955,0.018527045776385163,0.9999338930386481,0.14104935734768018,0.3025147863908411,0.1930669920936902,0.4534071087351206,0.6175509045492277,0.36826428355201457,0.0,0.18213315354110318,0.5320927252876806,0.1348184240611614,0.7181587462204456,0.4762528520053931,0.013263749266352761,0.03492080393878529,0.0,0.036706722792612397,0.0,0.010043687877485063,0.32743695742369333,0.24814089938409054,0.043582407027257165,0.025850507369191006,0.12764009964473233,6.610696135189607e-05,0.05165661984671795,0.03994793656429104,0.39600397792672426,0.3136001404321172,0.0008071595399958098,0.0,0.08430220760208273,0.0009890365925364346,0.0,0.09500264921644282,0.24811681944187655,0.9148636723563504,0.7924261390341502,1.5925509249672265e-05,0.4529167223683896,0.0,0.06333476939716515,6.610696135189607e-05,0.01634516176080004,0.006788502040509575,6.610696135189607e-05,0.10160785156485234,0.17108136393744017,6.610696135189607e-05,6.610696135189607e-05,0.9999648979642457,0.06884895501865508,0.4591182282852475,0.9992648949409544,0.6695722968738406,0.4669062104687057,0.6090802303293766,0.007588744949262321,0.06912792114138071,0.0,0.0,2.22345688088851e-08,0.0,0.0
0.0002064036056207354,0.013819712316099901,0.007724657243139294,0.0005433222535979204,6.610696135189607e-05,6.610696135189607e-05,0.13925180649770252,0.01557597615028265,6.610696135189607e-05,0.9999436384258333,0.0,0.1720033689038687,0.000745286979424867,0.06316985785177871,1.0071051371731676e-05,0.25603682356907664,0.1799534855166532,0.20671131280030855,0.07159486939489138,0.17235628477219017,0.999987644605724,0.5100903968489596,1.0,0.04110887940203741,0.6523652104535921,0.00010696331036034353,0.007783476903826597,0.01853689930894538,0.9999338930386481,0.14093106137344122,0.30228202610253396,0.19303324465148983,0.4536788660912413,0.6170670495336598,0.3681079517822138,0.0,0.18190640307158565,0.5319383990408312,0.1348217595764065,0.7175317750691332,0.47575485492375574,0.012947500946213686,0.03399651671057697,0.0,0.03567308891011979,0.0,0.010041422395243768,0.3273094409073451,0.24769323981403793,0.043417888880528464,0.02581533505303595,0.12962179528471987,6.610696135189607e-05,0.051967742659808594,0.04004330330996624,0.3961774905304607,0.3139242210163786,0.0007114308274158873,0.0,0.08457914801910552,0.0008994788271518855,0.0,0.09519363658222828,0.24850166791376235,0.915457629658895,0.7936471985172329,1.2334007035870936e-05,0.4542365142409206,0.0,0.06330305821704744,6.610696135189607e-05,0.016345584004619444,0.0067771569114243035,6.610696135189607e-05,0.10146670858117875,0.17095390502380248,6.610696135189607e-05,6.610696135189607e-05,0.9999649134516011,0.06900872944996164,0.45917724848650165,0.9992547130205751,0.6703445910575302,0.4671520510806452,0.609141416854517,0.007321102831985446,0.06903216436217335,0.0,0.0,2.1387240227087255e-08,0.0,0.0
0.000212183153590073,0.01381919421828071,0.007714504963625176,0.0005354887183924923,6.610696135189607e-05,6.610696135189607e-05,0.13920443459662038,0.015607401694423925,6.610696135189607e-05,0.9999436281897922,0.0,0.17216422465803313,0.0007555017604334357,0.06237855263477937,8.433041215418806e-06,0.25597906883927934,0.18057410508120098,0.20690269746539713,0.0713180592052617,0.172057458665342,0.9999903758360109,0.5097801469403642,1.0,0.04117118207996207,0.6538879524757888,0.00010696331036034353,0.00778847904301062,0.0185453851393218,0.9999338930386481,0.14081673726885627,0.3020578982854445,0.19296228215531153,0.4539490762515237,0.6165767673828523,0.367952294181601,0.0,0.18168444213045648,0.5317912153950834,0.13482119024300537,0.7169323740681636,0.47526707817562497,0.0126321937079886,0.03309122864890432,0.0,0.03467118527934951,0.0,0.010040606961372081,0.3271616172875325,0.24724542469748295,0.043271761042993254,0.025778400066981653,0.13165322755048628,6.610696135189607e-05,0.052240382073822825,0.04011122506246098,0.39635362085432335,0.3142637855281451,0.000627360775669339,0.0,0.08484699802824061,0.0008184255360799426,0.0,0.09541944270209854,0.24888256102559034,0.9160497470867497,0.7948513126857537,9.603408968816338e-06,0.45554866778028624,0.0,0.063273519148031,6.610696135189607e-05,0.01634532778970572,0.00677575204709639,6.610696135189607e-05,0.10132347705973066,0.17083362545825279,6.610696135189607e-05,6.610696135189607e-05,0.9999649229107915,0.06915944708900267,0.45925612038469654,0.9992444982395665,0.6710900072065236,0.46738192602762124,0.6091997409177152,0.007074078148536923,0.06894766333338752,0.0,0.0,2.075502022753779e-08,0.0,0.0
0.00020640360562571074,0.0138185210122089,0.007703836577860227,0.0005303387821775222,6.610696135189607e-05,6.610696135189607e-05,0.13916695324839642,0.01563133575183504,6.610696135189607e-05,0.9999436727240611,0.0,0.1723016154596594,0.0007657886062036824,0.06161911888838348,7.0622520109836106e-06,0.255950259193387,0.1811378355254901,0.2070820050348693,0.07104018190501932,0.1717526918180102,0.9999924756405154,0.5094558397260556,1.0,0.041230331626243046,0.6553132187051217,0.00010696331036034353,0.007792451982530609,0.018553604655382385,0.9999338930386481,0.14070345801604273,0.3018493851631517,0.19291074719813822,0.4542136513261105,0.6160912930163208,0.367804317591061,0.0,0.18147322560749804,0.5316501705273864,0.13482428611779249,0.7163509279280847,0.4747976610236458,0.012318458429644899,0.032206087795531566,0.0,0.03369898229269091,0.0,0.010039295141630386,0.32700865974799553,0.24680536955516752,0.04312458633494934,0.025742557203329238,0.13374679167648243,6.610696135189607e-05,0.052512981854993014,0.04017687362456659,0.3965266176019979,0.31461326420049573,0.0005534516933712727,0.0,0.08510976322104352,0.0007449737031461638,0.0,0.09566673000200414,0.24926290440379276,0.9166413596653358,0.7960412203864582,7.504398859733246e-06,0.4568451779812535,0.0,0.06324186312229074,6.610696135189607e-05,0.01634511898271929,0.006774603339710452,6.610696135189607e-05,0.10119655962256478,0.1707256023421649,6.610696135189607e-05,6.610696135189607e-05,0.9999649311812666,0.0692954427831835,0.45934061525590836,0.9992342113937963,0.671797892283075,0.46759779351745656,0.6092254546888205,0.006844506544421147,0.06885742953769214,0.0,0.0,1.9960624838579342e-08,0.0,0.0
0.00021254620117521302,0.01381746918574948,0.00769286244925213,0.0005607340735866408,6.610696135189607e-05,6.610696135189607e-05,0.13912716726840915,0.015556438345755666,6.610696135189607e-05,0.9999435191675353,0.0,0.17242142472736477,0.000776118970819496,0.060886758698056855,5.9149481026759426e-06,0.2559217670876813,0.18165513591972404,0.2072371691265876,0.07076513745054216,0.1714506904140972,0.9999941017659426,0.5091290685572203,1.0,0.04128964207538765,0.6566540823671524,0.00010696331036034353,0.007795387550401052,0.01856108824748692,0.9999338930386481,0.14059260659049252,0.3016569046884543,0.19287539951242816,0.4544736257624281,0.6156105831011187,0.3676635145062335,0.0,0.18127001148524668,0.5315169744711814,0.13482832403070683,0.7157865414120049,0.474346679925876,0.012006886954123958,0.031340874265937894,0.0,0.032754711145903795,0.0,0.010039365208409106,0.3268591919048609,0.24637718296468933,0.04299534334778169,0.02570755455405869,0.1357577828582604,6.610696135189607e-05,0.05274633809273183,0.04024106560005906,0.3966932015163399,0.31497119079160113,0.0004884330995865412,0.0,0.08536771856727346,0.0006783735602492915,0.0,0.09592726752890414,0.2496414563388436,0.9172279755953339,0.7972084353199649,5.87885751886244e-06,0.458116220296876,0.0,0.06321562511873148,6.610696135189607e-05,0.01634458165666191,0.006772719084180471,6.610696135189607e-05,0.10106760206472051,0.17063418279637382,6.610696135189607e-05,6.610696135189607e-05,0.9999649414651681,0.06941822610728017,0.4594266276668152,0.9992238810291805,0.672475511249423,0.46779873702046665,0.609249908881612,0.006631055139366922,0.0687746946086928,0.0,0.0,1.9376538548083336e-08,0.0,0.0
0.00020640360563109548,0.013815136453082874,0.007680914117246799,0.000555566633071829,6.610696135189607e-05,6.610696135189607e-05,0.13910119912282906,0.015579002589748392,6.610696135189607e-05,0.9999436252692661,0.0,0.1725919153079262,0.0007863513217772152,0.06017491253496396,4.957720038687377e-06,0.2558774684937861,0.18220813377090075,0.20736654237556176,0.07050957916789259,0.17116763585513203,0.9999954372827182,0.5088280378816299,1.0,0.04134568259151478,0.6579611842017447,0.00010696331036034353,0.007791092373226251,0.018568311375482482,0.9999338930386481,0.14047931681357667,0.3015013001376736,0.1929026811906122,0.4547322120615353,0.6151347010206527,0.36753091313077535,0.0,0.1810770722266444,0.5313956913853171,0.13484258689125111,0.7152246796369502,0.473918192318883,0.011698083366329905,0.03049618294990295,0.0,0.031838924387875264,0.0,0.010039460714808192,0.32675616117844625,0.24599184039370497,0.04283333095058114,0.02567518120814506,0.13760294721043032,6.610696135189607e-05,0.053054929899243986,0.04034247804484017,0.3968393541967123,0.31533728093456703,0.0004311528002503207,0.0,0.08562046049840434,0.0006179860993858952,0.0,0.09614529841409282,0.2500232635398335,0.9177923374657775,0.7983361811949651,4.544082792934533e-06,0.4593330377304949,0.0,0.06318929396598728,6.610696135189607e-05,0.016344771800271805,0.0067592678808108845,6.610696135189607e-05,0.10095150985960914,0.17054587186723794,6.610696135189607e-05,6.610696135189607e-05,0.999964958301238,0.06952801804478033,0.45944601876104824,0.9992136486782228,0.6731275547399873,0.4679813647952583,0.6092799446149628,0.006421888178056191,0.06869200176572186,0.0,0.0,1.8634488894497424e-08,0.0,0.0
0.00021284842848201549,0.013813307018057604,0.007670053939130097,0.0005533046679016027,6.610696135189607e-05,6.610696135189607e-05,0.13907265171604866,0.015595308514907416,6.610696135189607e-05,0.9999435998719706,0.0,0.1727419887254322,0.0007966030393770086,0.0594860145133477,4.155757660360165e-06,0.25582757892493774,0.18269551974244624,0.20748328772758393,0.07025805015954788,0.17088744687679808,0.9999964616193064,0.5085143889468382,1.0,0.041401186252840075,0.6591991244606931,0.00010696331036034353,0.007792881681067135,0.01857442163241214,0.9999338930386481,0.14036836069081296,0.30133691562276393,0.19286921404533702,0.4549870979406717,0.6146474549381141,0.36740086098024544,0.0,0.1808862492001315,0.531284225814989,0.13485361530909273,0.7146949076417282,0.47348935235697187,0.01139199205958794,0.0296702971972735,0.0,0.03094876710724751,0.0,0.010040952198443809,0.32663802806399866,0.24558670569524338,0.04268819803078054,0.025640997042108447,0.13945534973610907,6.610696135189607e-05,0.05333009728787741,0.04041538936186754,0.3969993805735295,0.3157200939649974,0.00038075359586917557,0.0,0.08586537656453959,0.0005632207585831054,0.0,0.09638332033021856,0.2504040790820495,0.9183499577808641,0.7994422559259284,3.520280850436524e-06,0.4605368439459144,0.0,0.06316517114232764,6.610696135189607e-05,0.016344205022803437,0.006756097195751282,6.610696135189607e-05,0.1008287034933825,0.17045678605854347,6.610696135189607e-05,6.610696135189607e-05,0.9999649683743776,0.0696324510968884,0.4594763966984532,0.999203396960623,0.6737623597219813,0.46814839766876754,0.6093188057659695,0.006226252285607047,0.06862328083339472,0.0,0.0,1.8099843148620116e-08,0.0,0.0
0.00020640360563557836,0.013811300341552056,0.007659565608481965,0.0005529139719153912,6.610696135189607e-05,6.610696135189607e-05,0.13905614116240392,0.015605675586745606,6.610696135189607e-05,0.9999436375880845,0.0,0.17287908506014912,0.0008069179054866112,0.058821783745667953,3.4841062490664975e-06,0.25579977841889573,0.18314323831893312,0.20759641450188548,0.07000708534128713,0.17060362838346538,0.999997252768286,0.5081950897467856,1.0,0.04141990005839318,0.6603559121237584,0.00010696331036034353,0.007794514837273957,0.018580279048311058,0.9999338930386481,0.14025759846692254,0.3011731155314212,0.1928404799545756,0.4552762608745711,0.6141586804298702,0.36727673474003536,0.0,0.18070162278481952,0.5311773742779401,0.13486833696683528,0.7141827324232444,0.4730667736129512,0.011088561609781127,0.028862826207707543,0.0,0.030082173170823696,0.0,0.010041477071446533,0.3265106529936335,0.24521371854604845,0.04254802356436951,0.025608005881717612,0.1413848467189472,6.610696135189607e-05,0.053590650721882946,0.040484045621606346,0.3971433270380711,0.3161150720777364,0.00033636708685669004,0.0,0.08610761113206421,0.0005134922636600503,0.0,0.09663200836399748,0.25078727417107255,0.9189043530489318,0.800533545408827,2.7298268867561467e-06,0.46172273708239064,0.0,0.063138008158376,6.610696135189607e-05,0.01634377676157106,0.00675342156350847,6.610696135189607e-05,0.10072029818552629,0.17037347111989934,6.610696135189607e-05,6.610696135189607e-05,0.9999649768728688,0.06972624749239341,0.45950781311295885,0.9991930820945134,0.6743689823374484,0.46830564935215074,0.609331884614269,0.006042020893824923,0.0685495377140908,0.0,0.0,1.7404827263941972e-08,0.0,0.0
0.0002131832529394332,0.013809030878609203,0.007648836575356729,0.0005540308239407108,6.610696135189607e-05,6.610696135189607e-05,0.1390350449901243,0.015612164663889051,6.610696135189607e-05,0.9999436035630501,0.0,0.17300571194066247,0.0008172610850072351,0.05817759528267403,2.9214264299668734e-06,0.2557631772369035,0.18355593269536075,0.20768986650966909,0.06976102713646799,0.1703260968111614,0.9999978656940477,0.5078803289664473,1.0,0.041464143537536566,0.6614457251861473,0.00010696331036034353,0.0077955665266917565,0.018585515526182195,0.9999338930386481,0.140143363959061,0.30101457883204735,0.19281250448531123,0.45554948809616463,0.613683357952923,0.36715167934919,0.0,0.18052551789277105,0.5310561293226447,0.13486741524214532,0.7136962975050412,0.4726615668565972,0.01078879967587567,0.028077453257807,0.0,0.029241447704524307,0.0,0.010045562173994754,0.3263917998679418,0.24482880671971094,0.04244581981963512,0.025576241478531308,0.14336578517972096,6.610696135189607e-05,0.05377011349280994,0.04054758162833381,0.39728361461136674,0.3165011731173855,0.0002972374362222467,0.0,0.08634150175529157,0.0004682843488515407,0.0,0.0968783553658754,0.25115693309434106,0.9194501731876563,0.8015964499310316,2.1173951017885794e-06,0.46287822332902845,0.0,0.06312120649362248,6.610696135189607e-05,0.016342645826853568,0.006750325746168941,6.610696135189607e-05,0.10062940482562022,0.1702987008621048,6.610696135189607e-05,6.610696135189607e-05,0.9999649845479742,0.0698154689296916,0.4595453712739253,0.9991827389149928,0.6749553850692633,0.4684726649020739,0.6093694075209511,0.005869414433722742,0.0684916335393926,0.0,0.0,1.691085048187212e-08,0.0,0.0
0.00020640360564054457,0.01380681612452157,0.0076383525099943395,0.0005560289323225978,6.610696135189607e-05,6.610696135189607e-05,0.13902248956119784,0.015615690220736295,6.610696135189607e-05,0.9999436381170685,0.0,0.17312693028456874,0.0008276862469673484,0.05755590437719303,2.4500701688575402e-06,0.2557470864862939,0.1839449696397258,0.20777928011785898,0.0695188870869457,0.17005108296314578,0.9999983419185164,0.5075693579636432,1.0,0.0415077229120394,0.6624854146326364,0.00010696331036034353,0.007794495150548677,0.018590548367081523,0.9999338930386481,0.1400332124872065,0.30087426051594024,0.1928036633630172,0.4558073431683594,0.6132101294982951,0.3670358120615998,0.0,0.180357544645868,0.5309491350763511,0.13487067696185542,0.7132222061005313,0.4722684220387041,0.010492714671813633,0.027311560574339734,0.0,0.028423968169792438,0.0,0.010047805176969115,0.32627793124327314,0.24447633291733412,0.0423342896624423,0.02554516569746956,0.14527289436284804,6.610696135189607e-05,0.05397211538899024,0.04061430354128326,0.3974086757780534,0.3168942909090452,0.00026275742098796423,0.0,0.08656943101007855,0.0004272294188994346,0.0,0.09712721708311678,0.2515229684059013,0.9199883982412407,0.8026373564625146,1.6418236931537697e-06,0.4640066738665644,0.0,0.06309847890392506,6.610696135189607e-05,0.0163420157209889,0.00674686870834516,6.610696135189607e-05,0.1005447565014115,0.17022794824801799,6.610696135189607e-05,6.610696135189607e-05,0.9999649922138242,0.06989557959265977,0.4595745002328436,0.9991723137530326,0.6755171199668605,0.46862118543458064,0.6093822365518506,0.005705607176626079,0.06842932943753559,0.0,0.0,1.6257790418294593e-08,0.0,0.0
0.00020640360553998615,0.01380459756030474,0.0076278922452621654,0.0005588687824310033,6.610696135189607e-05,6.610696135189607e-05,0.13900435623118162,0.015617167656664366,6.610696135189607e-05,0.9999436322188316,0.0,0.17324425941367114,0.0008381440470435597,0.056952394330580164,2.055103113751399e-06,0.2557190617822301,0.184311395741005,0.20785127151505797,0.06928448899878582,0.16978683179378656,0.9999987120033995,0.5072687765684254,1.0,0.04155261859216098,0.6634785992350073,0.00010696331036034353,0.007793189670112417,0.018595395914070733,0.9999338930386481,0.1399257249060907,0.3007459250816771,0.19280316296797048,0.4560570167864204,0.6127403818697696,0.3669253205442301,0.0,0.18019618370289145,0.5308501754604191,0.1348770306770054,0.7127633247266193,0.4718899987690097,0.010201191062849004,0.026565558528121584,0.0,0.027629466741361464,0.0,0.010051301725501623,0.3261782550007056,0.24413521227413945,0.04221922367949853,0.025515397517393845,0.14700409836608883,6.610696135189607e-05,0.05418602587419299,0.04068239846872909,0.3975294704543955,0.3172914509308038,0.00023235039237054104,0.0,0.08679013295177808,0.0003899101093968037,0.0,0.09737453957009479,0.2518816155382451,0.9205143199383652,0.8036476096780919,1.2721959505302435e-06,0.4651017566902131,0.0,0.06308036004526908,6.610696135189607e-05,0.01634093701539469,0.006743166668812911,6.610696135189607e-05,0.10044954010560739,0.17016656974698272,6.610696135189607e-05,6.610696135189607e-05,0.9999650017699281,0.06996816719942658,0.45959806964972816,0.9991618559529565,0.6760612890147504,0.4687578593270703,0.6094039075407646,0.005550739962280923,0.06837711417768728,0.0,0.0,1.58006499954663e-08,0.0,0.0
0.00020640360553998618,0.013802309041830994,0.007617710665260483,0.0005623805369698291,6.610696135189607e-05,6.610696135189607e-05,0.13898975627423604,0.015616474390824002,6.610696135189607e-05,0.9999436284167068,0.0,0.17336044247123292,0.0008486553413500576,0.05636760356752857,1.7241493407823723e-06,0.25569450030608487,0.18466042301712593,0.20791539125991673,0.06905688106471125,0.16952953978673704,0.9999989999655048,0.5069748342843213,1.0,0.04159582911874184,0.6644281847836089,0.00010696331036034353,0.007791922976598625,0.018599951627915754,0.9999338930386481,0.1398204096707769,0.30062565403923425,0.19280468620557842,0.45629896608438414,0.6122714148698134,0.3668211059540759,0.0,0.18004049963309685,0.5307608923021351,0.1348887759518105,0.7123166748330876,0.47152104131048084,0.009914071965173629,0.025838415022827382,0.0,0.02685655461922694,0.0,0.010054503138035735,0.3260861448139985,0.2438074372554444,0.04210194959038417,0.025486461279538505,0.14871008970422847,6.610696135189607e-05,0.0544065216084232,0.0407509932176178,0.3976439114625894,0.31769592846158706,0.000205526707345144,0.0,0.08700553954208526,0.00035597207653963257,0.0,0.09761945924098465,0.2522376072575956,0.9210290469701151,0.8046320451904355,9.846756780249508e-07,0.4661686110964517,0.0,0.06306016718782363,6.610696135189607e-05,0.016339930904715857,0.0067393097292817485,6.610696135189607e-05,0.10035983249484426,0.17010662366405255,6.610696135189607e-05,6.610696135189607e-05,0.9999650106931176,0.07003265666859958,0.45961292486734606,0.99915134465865,0.6765863572572893,0.4688814114719846,0.6094167237421046,0.005403442908801808,0.06832596017200693,0.0,0.0,1.535881722595479e-08,0.0,0.0
0.00020640360553998615,0.013799931551140551,0.007607775672329059,0.0005664209689874965,6.610696135189607e-05,6.610696135189607e-05,0.13897802089939937,0.015614092385839183,6.610696135189607e-05,0.9999436235298658,0.0,0.17347586796629355,0.0008592019850657954,0.0558000007134518,1.4467810542226985e-06,0.25566929715304954,0.18499339635386597,0.2079718191173981,0.06883599066463654,0.16927890918589708,0.9999992240133955,0.5066872346234157,1.0,0.04163796759253854,0.665338463172131,0.00010696331036034353,0.0077908246385671,0.01860432846156294,0.9999338930386481,0.1397170224962051,0.30051300529649966,0.1928066667954392,0.45653454616194883,0.6118031774519559,0.3667214975925972,0.0,0.1798895081465985,0.5306780087392925,0.1349035242472998,0.7118833312479536,0.47116044021501063,0.009631548288551199,0.02512976498097747,0.0,0.026104515833979904,0.0,0.010057904804365978,0.32600105814137326,0.24348812960472188,0.04198408276261242,0.02545837617286269,0.15036646232768563,6.610696135189607e-05,0.05462808186451605,0.04081991410732124,0.39775561241410085,0.31810614443897467,0.00018185273424833757,0.0,0.08721574170853609,0.0003250894299461711,0.0,0.09786021038543143,0.2525908680930575,0.9215324610468123,0.8055913258331254,7.610549111989183e-07,0.46720824954260437,0.0,0.06304048872169418,6.610696135189607e-05,0.01633891210550266,0.006735301543469063,6.610696135189607e-05,0.10027227585693682,0.17004960729277446,6.610696135189607e-05,6.610696135189607e-05,0.9999650197122119,0.07009067810906947,0.459620781706861,0.9991407980149342,0.6770947494314136,0.4689954550497072,0.6094271785996507,0.0052630620127490525,0.0682768725745337,0.0,0.0,1.4931693358139502e-08,0.0,0.0
0.00020640360553998618,0.013797448054552497,0.007598133401100114,0.0005708484321281713,6.610696135189607e-05,6.610696135189607e-05,0.13896909557764436,0.015610442466684185,6.610696135189607e-05,0.9999436177916681,0.0,0.1735915857088113,0.0008697803480079022,0.05524858940683758,1.2142825564894101e-06,0.2556426630335137,0.18531182623353665,0.2080214766439894,0.06862179362760809,0.1690348658898237,0.9999993982225728,0.5064059748846804,1.0,0.04167893855982768,0.6662129623811005,0.00010696331036034353,0.007789865458279469,0.01860853532940708,0.9999338930386481,0.1396162776886884,0.30040765033437433,0.19280841539472351,0.4567637370985159,0.6113352650510409,0.3666259319875621,0.0,0.17974254436816517,0.5306006456970198,0.1349203479456653,0.7114633096921097,0.470806684318162,0.009353685795103575,0.024439025572958035,0.0,0.02537249215298495,0.0,0.010061500953440959,0.3259208933024346,0.24317750867467489,0.04186677482152571,0.025430944322976972,0.15201243415629542,6.610696135189607e-05,0.05484682252951277,0.040888720453195276,0.39786562030355077,0.3185217386689546,0.00016095087932245625,0.0,0.08742142109681494,0.0002969736291467125,0.0,0.09809586411993815,0.2529418522239305,0.9220245205772883,0.8065261085372183,5.872586724937476e-07,0.4682215329623346,0.0,0.06302144968794277,6.610696135189607e-05,0.016337868093479157,0.006731176727006851,6.610696135189607e-05,0.10018696292226241,0.16999539765871546,6.610696135189607e-05,6.610696135189607e-05,0.9999650287652977,0.07014299628000459,0.45962153142430423,0.9991302196519921,0.6775874451281823,0.469101166391277,0.609436989020821,0.005128999954415609,0.06822998681391816,0.0,0.0,1.451875472877527e-08,0.0,0.0
0.00020640360553998615,0.013794877142282856,0.007588769688140687,0.0005755300381104657,6.610696135189607e-05,6.610696135189607e-05,0.13896230524700384,0.015605940900039897,6.610696135189607e-05,0.9999436115079035,0.0,0.17370835945680035,0.0008803881449597947,0.0547124971552566,1.0193591693833446e-06,0.2556141800310649,0.1856168771877474,0.20806502205602284,0.06841419111613657,0.16879729604056773,0.9999995335337518,0.5061309205645161,1.0,0.04171872730206734,0.6670544148239355,0.00010696331036034353,0.00778902228076318,0.018612623359986764,0.9999338930386481,0.13951791151312615,0.30030996921617387,0.19281005530701442,0.45698675896205754,0.6108680331079743,0.36653395977287884,0.0,0.17959928469263967,0.5305279062658822,0.13493861284429998,0.7110567053857828,0.47045921591690343,0.009080577314963655,0.023765767289274577,0.0,0.024659798467285426,0.0,0.010065275876069224,0.3258444090603175,0.2428750614525525,0.041751047330955145,0.025404078290907038,0.15356809642094527,6.610696135189607e-05,0.05506255200848438,0.040957090078419474,0.39797425087228844,0.3189416422034879,0.00014249003296224011,0.0,0.08762300565558284,0.0002713658621140356,0.0,0.09832566877630416,0.25329044974046055,0.9225052315688997,0.8074369366701577,4.5234676967006477e-07,0.4692092809681984,0.0,0.06300310312911658,6.610696135189607e-05,0.016336775589608596,0.006726984630878915,6.610696135189607e-05,0.10010399655885584,0.16994324744541542,6.610696135189607e-05,6.610696135189607e-05,0.9999650378115255,0.0701903246885378,0.45961519073735857,0.9991196118550402,0.6780652124965209,0.4691997085128344,0.6094472071246352,0.005000748650165538,0.06818531228661318,0.0,0.0,1.4119478539239305e-08,0.0,0.0
0.00020640360553998618,0.013792253511128238,0.0075796746661216125,0.0005803433107090117,6.610696135189607e-05,6.610696135189607e-05,0.13895731628723412,0.015600875147979783,6.610696135189607e-05,0.9999436049415568,0.0,0.17382666869431748,0.0008910242125266781,0.05419096506174602,8.559054411692897e-07,0.25558374014630747,0.18590946836131475,0.20810306409875715,0.0682129889331858,0.16856600858586873,0.999999638483407,0.505861984164734,1.0,0.04175739483547699,0.6678653082499267,0.00010696331036034353,0.0077882469991461456,0.0186166213113483,0.9999338930386481,0.13942161936837572,0.3002188125147713,0.19281184556514874,0.4572040079984974,0.6104022347824059,0.36644520142814596,0.0,0.1794595264181104,0.5304590594589239,0.1349578517679888,0.7106634533593358,0.47011799096113166,0.008812352325925211,0.023109642258960506,0.0,0.023965855635582,0.0,0.01006918536570859,0.3257714771139571,0.24258057510081604,0.04163714482421724,0.02537775185417462,0.15510148896154258,6.610696135189607e-05,0.05527488082819981,0.041024772206783675,0.3980811318142119,0.3193648061459152,0.00012617976724002683,0.0,0.0878207516324997,0.000248033520780336,0.0,0.09854920302106186,0.2536361355476971,0.922974658740889,0.8083243491551707,3.4778324674474914e-07,0.470172160199684,0.0,0.06298542329265748,6.610696135189607e-05,0.01633558889579284,0.006722776181552055,6.610696135189607e-05,0.10002369682906255,0.1698931940480963,6.610696135189607e-05,6.610696135189607e-05,0.999965046718166,0.07023295907167891,0.4596019501102965,0.9991089757874734,0.6785287568876439,0.46929205111485467,0.6094584080857037,0.004877875258287597,0.06814280939241416,0.0,0.0,1.3733346298043606e-08,0.0,0.0
0.00020640360553998615,0.013789598646039701,0.007570844063239479,0.0005851859707953944,6.610696135189607e-05,6.610696135189607e-05,0.1389539235855345,0.015595519707041105,6.610696135189607e-05,0.9999435983033531,0.0,0.17394671963943137,0.000901687820954662,0.053683319769714966,7.188114548386926e-07,0.2555513954215506,0.1861903839027828,0.2081362097208573,0.06801792845151174,0.16834076354858596,0.999999719751318,0.5055990433463,1.0,0.041794930971884935,0.6686476692275202,0.00010696331036034353,0.007787531801097213,0.018620538673864654,0.9999338930386481,0.13932730165945428,0.3001335024778488,0.1928138749347045,0.45741577229581537,0.6099382219193359,0.36635931132695426,0.0,0.17932304886203804,0.5303934675060487,0.13497770654252889,0.7102831835145572,0.4697828369339359,0.008549098622648068,0.02247027183663683,0.0,0.023290086563314452,0.0,0.01007321862982282,0.32570147449865966,0.24229390479294996,0.04152533495445054,0.025385306823801163,0.15662488293184026,6.610696135189607e-05,0.055521409240815646,0.04099297728805334,0.39815616350853544,0.31979030081279025,0.00011176505731015254,0.0,0.08801481354661682,0.00022676701152672974,0.0,0.09876641378937757,0.2539785354877215,0.9234329729258401,0.8091889646147772,2.668888369015774e-07,0.4711108700903856,0.0,0.062968423070928,6.610696135189607e-05,0.01633433890683648,0.00671859908833038,6.610696135189607e-05,0.09994590768022263,0.1698449725224347,6.610696135189607e-05,6.610696135189607e-05,0.9999650554791458,0.07027147726787383,0.4595822039763043,0.9990983121790453,0.6789788178216302,0.4693790466709699,0.6094708980359206,0.004760018793282365,0.06810241785748541,0.0,0.0,1.3359845155196092e-08,0.0,0.0
0.00020640360553998618,0.013787550823195691,0.007562575163296041,0.0005899399588392168,6.610696135189607e-05,6.610696135189607e-05,0.13895821374677356,0.01558847027438861,6.610696135189607e-05,0.9999435917194988,0.0,0.1740685120360988,0.000912379278132513,0.053189189650256485,6.03800733577947e-07,0.2555173936218022,0.18646060966229172,0.20816658114169262,0.0678287097451933,0.16812235687115049,0.9999997825805859,0.5053505446187956,1.0,0.041831373820420285,0.6694127827044504,0.00010696331036034353,0.007786727887685535,0.018621282624173247,0.9999338930386481,0.13923637212578752,0.3000331773347751,0.1928347553083142,0.4576240817954133,0.6094895047434384,0.3662760492931604,0.0,0.17919075621101857,0.5303306836346935,0.13499793100635032,0.7099132359671038,0.46945702867698746,0.0082907182789581,0.02184638170180921,0.0,0.022633337975060057,0.0,0.010077817786991914,0.32565092170601967,0.2420266571978442,0.041411637847896886,0.025370941277708912,0.1580805913451565,6.610696135189607e-05,0.055728090000841224,0.041032317864104974,0.3982355042899711,0.32020353462502255,9.902336966830598e-05,0.0,0.08820211050626782,0.0002073648149942216,0.0,0.0989792711578578,0.25431164968225944,0.9238805719758486,0.8100312614270403,2.0442093964439198e-07,0.4720161174061444,0.0,0.06295225990472664,6.610696135189607e-05,0.016333345106465284,0.0067144714933909345,6.610696135189607e-05,0.09987084503799865,0.16979926763380504,6.610696135189607e-05,6.610696135189607e-05,0.9999650642555376,0.07030696063153892,0.45955641530107255,0.9990876207218675,0.6794179436324571,0.4694613477495789,0.6094846753718475,0.004646883212746791,0.06806474049906044,0.0,0.0,1.2998474500942887e-08,0.0,0.0
0.00020640360553998615,0.013785209387601577,0.007554494477998923,0.0005946441382807165,6.610696135189607e-05,6.610696135189607e-05,0.13895937404331124,0.015582802021786073,6.610696135189607e-05,0.9999435854062528,0.0,0.17419220773720226,0.000923097105646043,0.052707955635001205,5.072956662802743e-07,0.2554820861614655,0.18672206336667088,0.2081946335142865,0.06764611155798082,0.1679112763154203,0.9999998310707806,0.5051092224472526,1.0,0.041866647416509806,0.6701497668210822,0.00010696331036034353,0.007786467200459779,0.018623409284161088,0.9999338930386481,0.13914613352112934,0.2999530991144442,0.1928420187937608,0.45782875588133076,0.6090447975620953,0.36619444588988687,0.0,0.1790614530024258,0.5302692188998516,0.13501800804087422,0.7095533444026088,0.46913585449774153,0.008037392814453826,0.021238225529788338,0.0,0.02199418470593019,0.0,0.010082531149403166,0.3256001812247373,0.24176552139892088,0.04130690094630915,0.025350680292195813,0.1594946885954707,6.610696135189607e-05,0.05595083408596045,0.04108923404867643,0.3983107034837117,0.3206152157565937,8.775521261455209e-05,0.0,0.08838512204841054,0.00018965776976378408,0.0,0.09918633126393434,0.2546404689310018,0.9243164956275653,0.8108504981547914,1.5628043103662475e-07,0.4728965928468171,0.0,0.06293626036419749,6.610696135189607e-05,0.01633208792044124,0.0067105140432819725,6.610696135189607e-05,0.09979737482113561,0.16975206777573415,6.610696135189607e-05,6.610696135189607e-05,0.9999650726341249,0.07033998668131103,0.45952559116029634,0.9990769028943539,0.6798454693141625,0.46954061603471836,0.6094999057976602,0.004538260966786157,0.06802904305697023,0.0,0.0,1.2648788319843342e-08,0.0,0.0
0.00020640360553998618,0.013782914173083855,0.0075466962843613,0.0005991660014670084,6.610696135189607e-05,6.610696135189607e-05,0.13896176705874497,0.015576768320242521,6.610696135189607e-05,0.9999435794543468,0.0,0.17431725853372107,0.0009338406342549083,0.052239034258598833,4.262990683915741e-07,0.2554455112298411,0.18697368885805543,0.20821963857805406,0.06746891394015718,0.16770544328869977,0.9999998684238484,0.5048733846612863,1.0,0.041900860820455486,0.6708274849635267,0.00010696331036034353,0.007785829008359748,0.01862626329392363,0.9999338930386481,0.13905907016036265,0.2998696870101479,0.1928454542607824,0.4580369684084859,0.6086032763288198,0.36611528338845944,0.0,0.1789358310938752,0.5302105275687579,0.1350380553988699,0.7092047385620113,0.4688217252042542,0.00778921345675529,0.020645658858353986,0.0,0.021371928567745262,0.0,0.01008734385480614,0.32555361067162064,0.24151236043342172,0.041234153472123676,0.025329563035302587,0.16089248280158522,6.610696135189607e-05,0.05608829298045539,0.04114621123207266,0.39837921721570096,0.3210263727695641,7.778722374941282e-05,0.0,0.08856367586327529,0.00017350037490620622,0.0,0.09938772205902781,0.254963528451666,0.9247418726030875,0.8116488978529462,1.1926583619406294e-07,0.47375468677096844,0.0,0.06292092464266917,6.610696135189607e-05,0.016330846153920584,0.006706588291020075,6.610696135189607e-05,0.09972651752922337,0.16970702415538136,6.610696135189607e-05,6.610696135189607e-05,0.9999650808204239,0.07037035090161618,0.45948967085407005,0.999066159365745,0.6802614587842507,0.4696155457572676,0.609516433371289,0.004433850520905463,0.06799510776602577,0.0,0.0,1.2310315493197765e-08,0.0,0.0
0.00020640360553998615,0.013780804236731649,0.007539078950603134,0.0006032668230793864,6.610696135189607e-05,6.610696135189607e-05,0.13895986009878136,0.0155721497668227,6.610696135189607e-05,0.9999435742709389,0.0,0.17444229917488596,0.000944611358870845,0.051782004407605976,3.582995709669502e-07,0.2554081185308181,0.18721112907828527,0.20824122059357508,0.06729863151843073,0.1675078805503438,0.9999998971410385,0.504646523759386,1.0,0.04193337783884946,0.6714884976270202,0.00010696331036034353,0.007783822519762271,0.018629334902270478,0.9999338930386481,0.13897137461235456,0.2997968462790533,0.19285388262308475,0.4582387772534568,0.6081688280153269,0.3660421943675062,0.0,0.1788172762107511,0.5301584092030702,0.13505849943226567,0.7088720522345445,0.46852130572926187,0.007546745138019805,0.020069316601897116,0.0,0.020766772039785678,0.0,0.010092278575509102,0.3255134114783906,0.24127303297704983,0.04115304326204176,0.025308215596030303,0.16222016864631203,6.610696135189607e-05,0.05624354137550591,0.04120585458192679,0.3984448925891505,0.3214338402778081,6.896831165302506e-05,0.0,0.08873534569166532,0.00015875954465457157,0.0,0.09958361697948741,0.2552750555747487,0.9251546233435495,0.8124228028477591,9.08763596757681e-08,0.47458670420082827,0.0,0.06290629468472883,6.610696135189607e-05,0.016329603122430845,0.006702749222894665,6.610696135189607e-05,0.09965781197331086,0.1696619408090584,6.610696135189607e-05,6.610696135189607e-05,0.9999650885509573,0.07039733170686506,0.4594465381459549,0.9990553886411292,0.6806653736899777,0.46968247295270427,0.6095333820369163,0.00433320170768284,0.0679624181024143,0.0,0.0,1.1982601809619028e-08,0.0,0.0
0.00020640360553998618,0.013778712321898076,0.007531682259095441,0.0006070825167986337,6.610696135189607e-05,6.610696135189607e-05,0.13895660491581946,0.015568380817617671,6.610696135189607e-05,0.9999435697681572,0.0,0.17456746231462386,0.0009554125869472244,0.05133657099938416,3.0120088284853087e-07,0.25537082210589773,0.18743814378651238,0.20826088186055655,0.06713459261605698,0.1673172352510504,0.9999999191900172,0.5044263033911363,1.0,0.041964850483108586,0.6721283929060085,0.00010696331036034353,0.007781938306910788,0.01863241992772477,0.9999338930386481,0.13888490977342371,0.29972939874264015,0.19286270119058835,0.45843510363383355,0.6077377422723913,0.365970857133946,0.0,0.178703258683669,0.5301066653426568,0.13507842510332782,0.7085504348169286,0.46822972088150927,0.007309887921711061,0.01950871837277547,0.0,0.020178017660435713,0.0,0.010097344780212847,0.32547601174779056,0.24104160068380662,0.041068976968660714,0.025287267918483375,0.16351110277162906,6.610696135189607e-05,0.05640571965758393,0.04126502806488126,0.3985100977549455,0.3218404994805367,6.116306042861477e-05,0.0,0.08890108533350533,0.00014530410544245703,0.0,0.09977509552797235,0.255578206607357,0.9255555194622319,0.8131740463761742,6.914477423949662e-08,0.47539567894842805,0.0,0.06289220765898086,6.610696135189607e-05,0.016328345673562582,0.006699231661048831,6.610696135189607e-05,0.09959173416679817,0.169619165588077,6.610696135189607e-05,6.610696135189607e-05,0.9999650956691104,0.07042175824707196,0.4594005174910016,0.9990445874130528,0.6810590849834416,0.46974772935101794,0.6095507527907744,0.004236325868586712,0.06793119065057725,0.0,0.0,1.166520862098306e-08,0.0,0.0
0.00020640360553998615,0.013776625152690507,0.007524527556888926,0.0005773302795764954,6.610696135189607e-05,6.610696135189607e-05,0.1389576662701053,0.015658377946092455,6.610696135189607e-05,0.9999436981402383,0.0,0.1746922193845449,0.0009662480899650255,0.050902362804476596,2.532445846015516e-07,0.25533423210469824,0.18765571535579872,0.20827887912354606,0.06697613401452464,0.16713241546428034,0.9999999361030457,0.5042115296683639,1.0,0.041995348014225525,0.6727471436047489,0.00010696331036034353,0.007780364767847914,0.018635452250506515,0.9999338930386481,0.13880005428658992,0.29966541014766473,0.19287033805091444,0.45862622068987513,0.6073095785814395,0.3659012351371201,0.0,0.17859288921113664,0.5300558768632219,0.13509785454140114,0.7082386894429927,0.46794512613783884,0.007078556359048182,0.01896337652821105,0.0,0.019605060836653525,0.0,0.010102450650308636,0.32543993806168103,0.2408161761452761,0.04098422623149079,0.025266779247382277,0.16477073354106286,6.610696135189607e-05,0.05656957056834363,0.04132294408859489,0.39857563571182103,0.32224662482493566,5.425294421401287e-05,0.0,0.08906199685530501,0.00013301683600217706,0.0,0.09996248886902134,0.2558747734585991,0.9259453096264272,0.8139042080075086,5.253926341123045e-08,0.47618340949498256,0.0,0.06287866792114495,6.610696135189607e-05,0.01632708414356354,0.006695922200094432,6.610696135189607e-05,0.09952814110649418,0.16957889801682755,6.610696135189607e-05,6.610696135189607e-05,0.9999651024747639,0.0704437965936248,0.45935229253412097,0.999033751910035,0.6814427511290817,0.46981085305619136,0.6095679133539007,0.00414310633218724,0.06790122128001605,0.0,0.0,1.1357690937145057e-08,0.0,0.0
0.00020640360553998618,0.013775480049543735,0.007518281823300259,0.0005886423161565043,6.610696135189607e-05,6.610696135189607e-05,0.13895394196670766,0.015634857708640516,6.610696135189607e-05,0.9999436123992325,0.0,0.17475131163663593,0.0009773243408604509,0.0504850146936193,2.1283230527218544e-07,0.25533447182905056,0.18779471318984006,0.20830944055753073,0.0668065191687642,0.16693446561240194,0.9999999485686178,0.5039756375362531,1.0,0.042024729014105006,0.6733039151816206,0.00010696331036034353,0.00778421628564269,0.01863809469119536,0.9999338930386481,0.13872001838842835,0.2995891889874223,0.19283501384437626,0.45880784346311754,0.606884727480816,0.3658342825907952,0.0,0.17848473871663234,0.5300066426701684,0.1351116509300111,0.7079464935983144,0.4676620049473735,0.006852665730502458,0.018432721136552088,0.0,0.01904661876271359,0.0,0.010106966716496335,0.3253649674851091,0.24056889084412594,0.040930061312623923,0.025244665613296646,0.16617744792888273,6.610696135189607e-05,0.056665278791800146,0.041343783293030394,0.3986535740973689,0.322651712127918,4.814119423096053e-05,0.0,0.08921853648008674,0.00012179259685891016,0.0,0.10019972765768233,0.2561612366334128,0.9263408151007333,0.814632813251046,4.037423676588577e-08,0.4769777437010333,0.0,0.0628635700996195,6.610696135189607e-05,0.016325373246449955,0.0067029052158544674,6.610696135189607e-05,0.09946737166043008,0.16954305956285212,6.610696135189607e-05,6.610696135189607e-05,0.9999651014892142,0.07046356039126608,0.4593662645783379,0.9990226756591396,0.6818117101096616,0.46987135190066753,0.6095538772409383,0.004059065554163172,0.06786731786168304,0.0,0.0,1.1057145451332009e-08,0.0,0.0
0.00020640360553998615,0.01377344568394587,0.007511120271448006,0.000597510087401766,6.610696135189607e-05,6.610696135189607e-05,0.1389536360258867,0.015616257716712085,6.610696135189607e-05,0.9999435976393145,0.0,0.17482893121573836,0.000988431933048252,0.05007753277440616,1.789215661383817e-07,0.2553285726378277,0.1879686165749061,0.2083276578028002,0.06664545154045595,0.16674790228990968,0.9999999583400918,0.5037634462447826,1.0,0.04205315413632496,0.6738478350145893,0.00010696331036034353,0.007781075493896034,0.018641255413374625,0.9999338930386481,0.13864092773972383,0.29953826516403287,0.19287118986814836,0.4589867208363705,0.6064774459500935,0.36577277990524915,0.0,0.17838405702296672,0.5299571581933035,0.13512990793293272,0.7076450919298201,0.46740107745482945,0.006632502132857412,0.017917208722096425,0.0,0.018503373153786706,0.0,0.01011165645707039,0.325319716196381,0.24034896969226116,0.04085502755944114,0.02522576501375579,0.16740341972054357,6.610696135189607e-05,0.0568049767600308,0.04139822632307826,0.3987210303455113,0.3230462038336026,4.272304492207511e-05,0.0,0.08937315835358585,0.0001115330750329786,0.0,0.10040921374116045,0.256440307048945,0.9267220463266866,0.8153348889879939,3.089413355067142e-08,0.47773318060143066,0.0,0.06285163190186607,6.610696135189607e-05,0.016324035151191286,0.0066987423584593106,6.610696135189607e-05,0.09941064081046283,0.16952097071304587,6.610696135189607e-05,6.610696135189607e-05,0.9999651100014585,0.07047635021630397,0.4593555658340905,0.9990115680669518,0.6821652518490413,0.4699311298100974,0.6095415194292396,0.003977077754113488,0.0678309576934254,0.0,0.0,1.0765774645061623e-08,0.0,0.0
0.00020640360553998618,0.013771217779165098,0.0075040604417814785,0.0006048181983649922,6.610696135189607e-05,6.610696135189607e-05,0.13895410240263698,0.015602077718927645,6.610696135189607e-05,0.9999435861110806,0.0,0.17491830327456007,0.0009995495303982286,0.04967888164694585,1.5044895492012005e-07,0.25531274283378,0.18815179773354002,0.2083398365104765,0.06649330013250045,0.16657175075452346,0.9999999659537419,0.5035612184897977,1.0,0.04208085746151513,0.6743829004173348,0.00010696331036034353,0.007777791368554266,0.018643689238453116,0.9999338930386481,0.13856228138881418,0.2994946008303086,0.19290077044383883,0.4591633157978904,0.6060737615578772,0.36571413821529064,0.0,0.1782851774026417,0.5299140594449979,0.13514877353214808,0.7073494822910577,0.4671477213436194,0.00641782958632234,0.01741579433646141,0.0,0.017974951645823037,0.0,0.010116531207973073,0.3252862950874841,0.24014066969915399,0.04077484521968077,0.0252064779510803,0.1685635005262555,6.610696135189607e-05,0.0569587213301963,0.04145642993654619,0.3987844902867725,0.3234383057996984,3.7922032933777945e-05,0.0,0.08952330083788615,0.00010216146490315,0.0,0.10060169300965133,0.2567147548153739,0.9270888702811773,0.8160124549090151,2.3562561979103466e-08,0.4784638298643792,0.0,0.0628397335201878,6.610696135189607e-05,0.01632276817774043,0.0066941715883511435,6.610696135189607e-05,0.09935465565715605,0.16949546719301842,6.610696135189607e-05,6.610696135189607e-05,0.9999651182084999,0.07048793264242445,0.4593296364772156,0.9990004504696017,0.6825126401125263,0.46998362864114396,0.609538483634072,0.003897026965751024,0.06779768733053021,0.0,0.0,1.0483696185185687e-08,0.0,0.0
0.00020640360553998615,0.013768959751872614,0.007497322614082102,0.0005775980864626691,6.610696135189607e-05,6.610696135189607e-05,0.1389593381883866,0.015684496178354587,6.610696135189607e-05,0.9999437095492969,0.0,0.17501583858899555,0.0010106832381986332,0.04928885037178429,1.265339274252158e-07,0.25528950643014,0.18833494644186474,0.2083490673981296,0.06634891729853122,0.16640381776568533,0.9999999718662165,0.503365177362555,1.0,0.042107834589004356,0.6749086053474912,0.00010696331036034353,0.007775219285805087,0.01864615372112081,0.9999338930386481,0.1384843689076089,0.2994507470356445,0.19292109466757087,0.4593368147608227,0.6056712713045913,0.3656567301656162,0.0,0.17818798336978983,0.5298734646652162,0.1351680703356017,0.7070640034863204,0.4668975323017203,0.006208512369199563,0.016927943994560095,0.0,0.017460764815497982,0.0,0.010121486590451057,0.3252570631192545,0.23993934290263683,0.04069479381226963,0.025187653085085953,0.16968656888392059,6.610696135189607e-05,0.0571132180452139,0.04151345977429122,0.39884611396562497,0.3238298049252064,3.3666965065320056e-05,0.0,0.08966953612017235,9.35966226692777e-05,0.0,0.1007820035940687,0.2569858019461022,0.9274425703322692,0.8166682382397545,1.7923308924586715e-08,0.479174057821947,0.0,0.06282795730076937,6.610696135189607e-05,0.01632155277574016,0.006690039383767344,6.610696135189607e-05,0.0992994053678739,0.1694680509826591,6.610696135189607e-05,6.610696135189607e-05,0.9999651256788832,0.07049892377020234,0.4592937642803229,0.9989893167618014,0.6828536301382535,0.47003281217818715,0.6095424232342583,0.003819046477746225,0.06776759835404791,0.0,0.0,1.02104746205754e-08,0.0,0.0
0.00020640360553998618,0.01376768082430014,0.0074915808434919155,0.0005907937912998798,6.610696135189607e-05,6.610696135189607e-05,0.13895947636795028,0.01565510926514831,6.610696135189607e-05,0.9999436196831305,0.0,0.17505384102939553,0.0010220532254840377,0.04891319482828684,1.0637765655847451e-07,0.2552972817222473,0.18844447922956284,0.2083709126712955,0.06619498786148245,0.16622426055093895,0.999999986224897,0.5031484330858127,1.0,0.04213387147095573,0.6753824156880917,0.00010696331036034353,0.0077783714471347356,0.01864833914574635,0.9999338930386481,0.13841070862160962,0.29939131756787374,0.1928935912085435,0.45950197549335775,0.6052705729042991,0.3656008441727558,0.0,0.1780917936917402,0.5298340659398638,0.13518227666254207,0.7067993249201797,0.4666451764243235,0.006004461730454816,0.01645319189995236,0.0,0.01695965909675853,0.0,0.01012586773867239,0.3251897705081382,0.2397165859034553,0.04064592934051875,0.02516726843777924,0.17095748079799278,6.610696135189607e-05,0.05719870141235202,0.041532652950004426,0.3989187728636979,0.3242201529606596,2.9899545480813513e-05,0.0,0.08981197300294895,8.576581969284515e-05,0.0,0.10100767168121856,0.2572488168174634,0.9278005504080628,0.8173225475491087,1.3775102954971527e-08,0.47989190781742874,0.0,0.0628144571071498,6.610696135189607e-05,0.01631991478493721,0.006696357784401262,6.610696135189607e-05,0.09924593332635503,0.16944219674587124,6.610696135189607e-05,6.610696135189607e-05,0.9999651249770528,0.07050927413504136,0.4593154152523679,0.998977946774516,0.6831830384770241,0.4700800618627868,0.6095204416152106,0.0037485241690388884,0.06773509408691757,0.0,0.0,0.0,0.0,0.0
0.00020640360553998615,0.013765561509979854,0.0074852622152831744,0.0006010120464690649,6.610696135189607e-05,6.610696135189607e-05,0.1389618665930638,0.015632118775464904,6.610696135189607e-05,0.9999436009832307,0.0,0.17511529240271326,0.0010334434979516194,0.04854537451334113,8.946033137631336e-08,0.25529485996363244,0.18859292252219234,0.20838100319405517,0.06605039460611127,0.16605656336892508,0.9999999894654465,0.5029554856790978,1.0,0.042159110038170855,0.6758516655485893,7.36299770270102e-05,0.0077752282331424285,0.018650956855813403,0.9999338930386481,0.13838616983400856,0.29939336675475264,0.19294964560998953,0.45965972469013816,0.6048864356709532,0.36554919073721165,0.0,0.1780022222186475,0.5297934863436962,0.13520104155276483,0.7065262972458436,0.46641201485549416,0.005805916525208653,0.015991994617999123,0.0,0.01647225085204372,0.0,0.010130427921327272,0.3251526652530761,0.23952108401117103,0.04057728387304097,0.025150169680113233,0.17204928127698715,6.610696135189607e-05,0.05732627506724372,0.04158516214554345,0.3989798406674581,0.3245995058348253,2.6556235730855156e-05,0.0,0.08995285194217445,7.860149878091176e-05,0.0,0.10120174641705731,0.25750572761331697,0.92814368886868,0.8179514420130758,1.0534553443933067e-08,0.4805722634688585,0.0,0.06280388454674621,6.610696135189607e-05,0.016318616968750258,0.006691811423052762,6.610696135189607e-05,0.09919592305290063,0.16942822041872663,6.610696135189607e-05,6.610696135189607e-05,0.9999651336009819,0.07051405849422147,0.45930896062434423,0.9989665565020484,0.683499551325837,0.47012782269719167,0.6095040984836029,0.0036790338149067145,0.06770125433713377,0.0,0.0,0.0,0.0,0.0
0.00020640360553998618,0.01376330191372932,0.00747956255948321,0.0005758777549747263,6.610696135189607e-05,6.610696135189607e-05,0.13896733733739422,0.015708107509569733,6.610696135189607e-05,0.9999437178098338,0.0,0.17519189989553174,0.0010448324378291175,0.04818457938004058,7.525195251529913e-08,0.2552796094784942,0.18875177974555932,0.20838562217029197,0.06591512566679265,0.16589952848547887,1.0,0.5027734300644974,1.0,0.04218393267314329,0.6763195015623492,6.610696135189603e-05,0.007771701709496783,0.018653300703173246,0.9999338930386481,0.13832493086169642,0.29937484306604467,0.19298416142189417,0.4598162454104544,0.6045059224344727,0.3654996495547482,0.0,0.17791307850678334,0.5297565912287536,0.135220412080855,0.7062597174912648,0.4661829920930917,0.005612652254539357,0.015543441994055945,0.0,0.015998222968051624,0.0,0.010135165558843575,0.3251270628148956,0.2393372186767518,0.04050392912069178,0.025132840919822996,0.17307823266236944,6.610696135189607e-05,0.05746732985299172,0.04164102435865977,0.39903622762266605,0.32497575607831286,2.3591000451839207e-05,0.0,0.09009018733665004,7.205242157468221e-05,0.0,0.10137789711988694,0.25776006225987025,0.928472222078668,0.8185570295204652,0.0,0.48122834696745104,0.0,0.06279331928704002,6.610696135189607e-05,0.016317716751868713,0.006686982925862555,6.610696135189607e-05,0.09914638258040885,0.1694058630777705,6.610696135189607e-05,6.610696135189607e-05,0.9999651415839284,0.07051832148721457,0.45928485954926823,0.9989551675621708,0.6838121547765261,0.4701712810977192,0.6094999784406507,0.0036106056432889276,0.06767132347674612,0.0,0.0,0.0,0.0,0.0
0.00020640360553998615,0.01376199823949455,0.007474939751799729,0.0005905067980551561,6.610696135189607e-05,6.610696135189607e-05,0.13896709117161718,0.015673995030257393,6.610696135189607e-05,0.999943622989308,0.0,0.17521424830821866,0.0010564480613251815,0.047836589195802096,6.327634310357133e-08,0.2552909941420081,0.18884252520447384,0.2084030443259117,0.06577176546914362,0.16573288203067965,1.0,0.5025735507169179,1.0,0.04220794648650126,0.6767410158465309,6.610696135189607e-05,0.007774039702849133,0.01865530917537623,0.9999338930386481,0.1382565830643893,0.299329978000021,0.19296488814457427,0.4599668651033702,0.6041263352939557,0.3654508828032024,0.0,0.17782446859173867,0.529721828865642,0.135234776001005,0.7060131856712929,0.46595094357737826,0.005424520152871947,0.015107011806606216,0.0,0.015536460088034231,0.0,0.010141127428361487,0.3250673978579163,0.2391303346228496,0.04045990529913151,0.025113885299886722,0.17424483605832997,6.610696135189607e-05,0.057544393431151836,0.0416592792523818,0.39910242821264563,0.3253505827417792,2.0963593052725515e-05,0.0,0.09022321786004661,6.606140136373945e-05,0.0,0.10159573227154532,0.25800595255151443,0.9288037143779844,0.8191601061627142,0.0,0.48188998919504783,0.0,0.06278088157311042,6.610696135189607e-05,0.01631616142757233,0.006692741248583477,6.610696135189607e-05,0.09909802528536327,0.16938480049648558,6.610696135189607e-05,6.610696135189607e-05,0.9999651411316874,0.07052308196426518,0.4593139052955262,0.9989435519386748,0.6841157243524126,0.4702120464566511,0.6094742298569868,0.0035485568526879884,0.0676400595451956,0.0,0.0,0.0,0.0,0.0
0.00020640360553998618,0.01375987663740932,0.0074696829093291355,0.0006018019253884637,6.610696135189607e-05,6.610696135189607e-05,0.1389699724401071,0.015647222870081478,6.610696135189607e-05,0.9999436008054714,0.0,0.17526400257895186,0.0010680688516271877,0.04749516349609961,5.322417196481041e-08,0.2552890846771424,0.18897575437094824,0.20840979897882206,0.0656386390513375,0.1655791764361194,1.0,0.5023993223531957,1.0,0.04219744838655168,0.6771463795831825,6.610696135189607e-05,0.007769768261815338,0.018657492498160753,0.9999338930386481,0.13818591133758468,0.2993003523851437,0.19300812578996737,0.46015985813807003,0.6037607953807613,0.3654055463315382,0.0,0.1777421190612393,0.5296860717194475,0.13525371272223286,0.7057582362470064,0.46573602959820315,0.005241505611884568,0.014682864806271938,0.0,0.01508731527412958,0.0,0.010116001996978465,0.32503402993562797,0.2389459624870757,0.04039419451483245,0.02509774955921027,0.1752748082613988,6.610696135189607e-05,0.057699034537204305,0.04171131118316435,0.39918056263107454,0.3257164525075858,1.8630329029280055e-05,0.0,0.09035460559713013,6.0577063824971065e-05,0.0,0.10177909687051245,0.2582461269110265,0.929119855336778,0.8197379587576087,0.0,0.4825133623726748,0.0,0.06277104600687257,6.610696135189607e-05,0.01631475291705607,0.006687899277057294,6.610696135189607e-05,0.099052684236065,0.16937502418938305,6.610696135189607e-05,6.610696135189607e-05,0.9999651497290286,0.07052275211165288,0.4593118207604807,0.9989319311483729,0.684408111845531,0.47025329799255566,0.6094572026006249,0.0034869125115328616,0.06760804451194827,0.0,0.0,0.0,0.0,0.0
