0_primarytoI_spread,0_primarytoII_spread,0_primarytoIII_spread,0_primarytoIV_spread,0_primarytoV_spread,0_ItoII_spread,0_IItoIII_spread,0_IIItoIV_spread,0_IVtoV_spread,0_late_p,0_C01_coef,0_C02_coef,0_C03_coef,0_C04_coef,0_C05_coef,0_C06_coef,0_C09_coef,0_C10_coef,0_C12_coef,0_C13_coef,0_C32.0_coef,0_C32.1_coef,0_C32.2_coef,1_primarytoI_spread,1_primarytoII_spread,1_primarytoIII_spread,1_primarytoIV_spread,1_primarytoV_spread,1_ItoII_spread,1_IItoIII_spread,1_IIItoIV_spread,1_IVtoV_spread,1_late_p,1_C01_coef,1_C02_coef,1_C03_coef,1_C04_coef,1_C05_coef,1_C06_coef,1_C09_coef,1_C10_coef,1_C12_coef,1_C13_coef,1_C32.0_coef,1_C32.1_coef,1_C32.2_coef,2_primarytoI_spread,2_primarytoII_spread,2_primarytoIII_spread,2_primarytoIV_spread,2_primarytoV_spread,2_ItoII_spread,2_IItoIII_spread,2_IIItoIV_spread,2_IVtoV_spread,2_late_p,2_C01_coef,2_C02_coef,2_C03_coef,2_C04_coef,2_C05_coef,2_C06_coef,2_C09_coef,2_C10_coef,2_C12_coef,2_C13_coef,2_C32.0_coef,2_C32.1_coef,2_C32.2_coef,3_primarytoI_spread,3_primarytoII_spread,3_primarytoIII_spread,3_primarytoIV_spread,3_primarytoV_spread,3_ItoII_spread,3_IItoIII_spread,3_IIItoIV_spread,3_IVtoV_spread,3_late_p,3_C01_coef,3_C02_coef,3_C03_coef,3_C04_coef,3_C05_coef,3_C06_coef,3_C09_coef,3_C10_coef,3_C12_coef,3_C13_coef,3_C32.0_coef,3_C32.1_coef,3_C32.2_coef
0.0002064036055399,0.0175713364366845,0.0049916654068137,0.000926536644879,6.610696135189607e-05,6.610696135189607e-05,0.1428132646326737,0.0265412967396582,6.610696135189607e-05,0.9999372458761832,0.0,0.1599955418255731,0.0003430036327744,0.1307812781849878,0.0089100014433276,0.2895730896701437,0.0740372033708727,0.1878290816453437,0.1021098825197702,0.1778943782460072,0.9858742004498646,0.4761270578583069,1.0,0.0323164762883355,0.5352989603016167,0.0057053987840664,0.0022164478369987,0.0166499542890177,0.999933893038648,0.1667399871204791,0.2571394693485856,0.3042845081143296,0.3957265769554678,0.7629120540784773,0.2860893619139116,0.0548960989553,0.1584679092093436,0.4460575882291553,0.1378235316426379,0.7076026556550281,0.470343819454781,0.0195340697649563,0.0690300774016507,0.0,0.1201964905560499,0.0,0.0149284684451839,0.3351391089445794,0.2581744557840268,0.0751965234769756,0.0315137868026421,6.610696135189607e-05,6.610696135189607e-05,6.610696135189607e-05,0.0568179830560037,0.3738778798219803,0.2166285574868939,0.0944180993000866,0.0,0.0435850814842003,0.023399842449862,0.0,0.1775545494675418,0.2717651838517317,0.8783560477152733,0.753075544352342,0.0141256718385896,0.4036764515856431,0.0,0.082479141759443,0.0007331374358574,0.0162741682533196,0.0070041609934487,6.610696135189607e-05,0.2206486240209343,0.1317095102102511,0.0093515747403533,6.610696135189607e-05,0.6867190507487642,0.0204593884346287,0.4594969969604285,0.9447608974119256,0.6671657311214683,0.521632567877655,0.5726033786872183,0.0408055915065573,0.0700619150481435,0.0,0.0,1.2771154569363453e-07,0.0,0.0
0.00020640360553998618,0.017494621212588535,0.004615998024229867,0.0012979777765716463,6.610696135189607e-05,6.610696135189607e-05,0.1608765160895335,0.008130618755783352,0.00017307027171223954,0.9999340743177642,0.0,0.16198605113743175,0.0003940316520499516,0.14043819406593644,0.0091228931133069,0.3205949695068793,0.07579513601190875,0.16466328257685314,0.09048408314975535,0.16526124587012506,0.9849686545986176,0.4934985269048555,1.0,0.03257119943940525,0.5634038425747101,0.0069772354880476995,0.0025105061848579822,0.017192541084574194,0.9999338930386481,0.17944514396809783,0.233463799957441,0.3246938302472888,0.372111848332787,0.7629067883091952,0.3015643995217961,0.07306177786426084,0.15260978403014405,0.468343546559357,0.13244503852320788,0.7121536054766715,0.4716457443342206,0.019460634660165118,0.0698992317565644,0.0,0.11292215377920382,0.0,0.022976229043780615,0.330413433906596,0.2712780132322349,0.07784445885103586,0.02786923395872684,6.610696135189607e-05,6.610696135189607e-05,6.610696135189607e-05,0.1292575023044697,0.358725209660964,0.22089301021664712,0.10964295615207525,0.0,0.04276802916627916,0.021845579277183263,0.0,0.17125979380994574,0.3036714222301733,0.8900552821900796,0.7648395223733105,0.015031229961799748,0.39357931931594053,0.0,0.06408292504702683,0.0007920576437368433,0.014810975351638198,0.0074589561718016555,0.00010696331036034353,0.28829357201320593,0.14844979267581707,0.018472597457411123,6.610696135189607e-05,0.6581756748267947,0.01620020147415749,0.42680659318869696,0.9265441904836892,0.6641839927376403,0.5006879810501528,0.5469599919699129,0.04079146470147405,0.06001955085875303,0.0,0.0,1.1543958271676502e-07,0.0,0.0
0.00020640360553998618,0.017816627017877916,0.0044058777409091195,0.0015167339544982627,6.610696135189607e-05,6.610696135189607e-05,0.16482840661041853,0.003599690062594267,0.0003133669159003296,0.9999343995857841,0.0,0.16329948697292093,0.0003987159325576922,0.14185784319156483,0.009009234038952407,0.32611469876768673,0.07781526610487209,0.15089825219127678,0.08243863494184775,0.15769768090133587,0.9849705480633617,0.5030231454921702,1.0,0.031389704518951414,0.5742197831296624,0.006790649597268247,0.0024985658571266534,0.017890679989122228,0.9999338930386481,0.1809904166426782,0.22547137194961145,0.28320404693946627,0.36593157719775077,0.7667938908498797,0.300829527773393,0.07588552185703498,0.1487747013993375,0.46851487324116703,0.12925915772413785,0.7157951811939779,0.4703364446652328,0.019031096397530898,0.07179595946589191,0.0,0.10973945814081265,0.0,0.02592137855532497,0.32894369416880836,0.27397698158874795,0.07939873361303214,0.027260341261793577,6.610696135189607e-05,6.610696135189607e-05,6.610696135189607e-05,0.13910456187267464,0.3537258245005288,0.21992760461046693,0.11901298482339898,0.0,0.04226050353422135,0.02024667157750173,0.0,0.16416021881282927,0.32298221530350074,0.8985302686606214,0.7705063596327721,0.015029348463008211,0.38723739636701715,0.0,0.06196656066487082,0.0008253996670236884,0.013680945463958236,0.007325025711278316,0.00013973693788449303,0.2867693436647596,0.14476705979954588,0.027418198510789978,6.610696135189607e-05,0.6529553145304857,0.013278504539653449,0.4168580004302871,0.9237157622104073,0.6671069518748763,0.5022292211423788,0.5446261435081754,0.042229333888320765,0.055783087839989726,0.0,0.0,1.0347363014087473e-07,0.0,0.0
0.00020640360553998615,0.018069546958411228,0.004278222818507519,0.0015495164127986513,6.610696135189607e-05,6.610696135189607e-05,0.16561532295969103,0.0021216415060480586,0.0005844128840982565,0.9999348037811022,0.0,0.16549828806990138,0.00039519355200803873,0.14186123046025906,0.00882992895607582,0.3268380056057331,0.07964988515094941,0.1430818815337009,0.0768736478121005,0.1533134918551311,0.9851368136783515,0.5088819203013549,1.0,0.030645054005578,0.5790379837124802,0.00646485730619482,0.0024531573454495592,0.01810438039737529,0.9999338930386481,0.18168627083802724,0.2223857849876849,0.2669854248530079,0.3639879741629161,0.7701649711182444,0.2964192106499015,0.07590554216799315,0.14690709444414557,0.46625901209178494,0.12685057092821422,0.7179227435598305,0.4667699104747995,0.018634989047654087,0.07417965460883813,0.0,0.10809028870485415,0.0,0.027133582241063083,0.32720972913205476,0.27517874764737693,0.07999464368091563,0.0270714359396616,6.610696135189607e-05,6.610696135189607e-05,6.610696135189607e-05,0.14278234671992127,0.3517712553440622,0.21874805089591945,0.12741941670659854,0.0,0.04256826976849549,0.019282428742892332,0.0,0.15866711046624296,0.3364605049530479,0.9044913631402455,0.7725068535360308,0.014863092359397064,0.38302779099379086,0.0,0.061651252391866494,0.0008898629601065864,0.012911083226376716,0.007243254078811571,0.00020640360553998615,0.2858886162216414,0.1412430613166298,0.03356636596703287,6.610696135189607e-05,0.6540934297145392,0.01108697798583614,0.4106630845735986,0.9236992642799988,0.6686634053270999,0.5056286302092469,0.5463114234660527,0.04376026082297718,0.05368770303845179,0.0,0.0,9.396225148721325e-08,0.0,0.0
0.00020640360553998618,0.01824667175503427,0.004219352277401702,0.0015931178669558082,6.610696135189607e-05,6.610696135189607e-05,0.16559369982544891,0.0014288795247852436,0.0010223569399471805,0.9999346818604808,0.0,0.16815137094074106,0.00038993354930498997,0.1416188079764756,0.008613605962048135,0.3265200550081817,0.08104695562640514,0.13842619876505743,0.07285279578712664,0.15061407857243592,0.9852379537634876,0.5122801368032898,1.0,0.03025079463041243,0.5831023873051814,0.006275420908840053,0.002449033844423655,0.018247025577092953,0.9999338930386481,0.18232420500144325,0.22164711723206523,0.26253774953455566,0.36239648905496613,0.7727675210637637,0.2908892286523759,0.07541647945885674,0.14572733542835542,0.4640195551599488,0.1247105744791044,0.7193138490424291,0.4625089904649717,0.01830501569293971,0.0767812487344393,0.0,0.1072287295991699,0.0,0.027712068349458642,0.3263191304450477,0.27631343624828997,0.08036732613249244,0.02695220794919069,6.610696135189607e-05,6.610696135189607e-05,6.610696135189607e-05,0.1445976663607321,0.35029156574738984,0.21782804193744335,0.13519925153979478,0.0,0.04332661979023284,0.018674016087778342,0.0,0.15439150502761104,0.3463942572868005,0.9088421885199336,0.7726046726931248,0.014761960369490974,0.3804911335975403,0.0,0.06170306043570971,0.0009335593891195395,0.012405161651217536,0.007141392064998608,0.0002800335820725831,0.28709340841154224,0.1390211528282556,0.03881190175099511,6.610696135189607e-05,0.6568413508154537,0.009404436998793017,0.40576014886708833,0.9241935869918383,0.6693272368049361,0.5086928227902247,0.5487693705127139,0.045247690303554695,0.052670553483170485,0.0,0.0,8.586702144278005e-08,0.0,0.0
0.00020640360553998615,0.018362303118141562,0.004196989408655702,0.0016424971877088824,6.610696135189607e-05,6.610696135189607e-05,0.16528641224345894,0.001045628965448452,0.0017334406822008253,0.9999345303227856,0.0,0.17114482736872486,0.0003843847792536562,0.14141430826344648,0.008386685606840546,0.32599776950966797,0.0821100564958698,0.13558995253223788,0.06988680384191727,0.1489925129226122,0.9853186927277878,0.514476541060471,1.0,0.030024938258338518,0.5865972818477845,0.006097400897059828,0.0024840005915207366,0.018333541132665904,0.9999338930386481,0.18284257356067787,0.22174179706512617,0.26377883293905885,0.36100614170551715,0.7746645090457062,0.285105461435691,0.07495921879793968,0.1447619604743806,0.4619136401883716,0.12288137114098084,0.7203416998936797,0.458302681855238,0.018032644010081398,0.07945215584089135,0.0,0.10676596601225938,0.0,0.028026287340971213,0.3258066166814469,0.2772128169255102,0.08051241841083503,0.02688217989276836,6.610696135189607e-05,6.610696135189607e-05,6.610696135189607e-05,0.14527090491857755,0.3492472922608661,0.21724109096572963,0.1421905485034611,0.0,0.04425475728898561,0.018259356939964947,0.0,0.15083645840656143,0.3538323646213592,0.9120805521480013,0.7715553312364964,0.014681228620842321,0.3787574929272697,0.0,0.061780396979788016,0.001005886168884958,0.011985176685365494,0.00702199275234248,0.00038416954636903597,0.2884100710426659,0.13795155397100203,0.04362593187074789,6.610696135189607e-05,0.6603271958432861,0.008094399988564208,0.40155916269212305,0.9246563964228066,0.6695689739731873,0.511440317264823,0.5511208593493513,0.04671178520388903,0.05227500099116502,0.0,0.0,7.86513698478476e-08,0.0,0.0
0.00020640360553998618,0.018437556249460026,0.004179795949668013,0.0016741393089589772,6.610696135189607e-05,6.610696135189607e-05,0.16498254264220774,0.0008425053611338535,0.0029110250789316765,0.9999345168695254,0.0,0.1743400037585689,0.000378800038425228,0.1413079974602844,0.008158700389453903,0.32547289386479245,0.0828876817753982,0.13380811199097498,0.06765602150389947,0.1480328951257179,0.9853968648169643,0.5160478246429351,1.0,0.02988091109085595,0.5898286965509426,0.005923167879194634,0.0025102792181266047,0.018375513393716358,0.9999338930386481,0.18325968433402295,0.2223274901310314,0.2680346547305704,0.35973758481030094,0.7759562883610657,0.2794199653715199,0.0744649914732826,0.14383298272047831,0.45997909049831737,0.1213676355211426,0.7211818817446989,0.4543986492129052,0.017801304325731352,0.08209035987719719,0.0,0.10652853528261957,0.0,0.028217021032465994,0.3254593796106545,0.2779505375824595,0.08051779941886018,0.026830623348896146,6.610696135189607e-05,6.610696135189607e-05,6.610696135189607e-05,0.14528455436563678,0.34857534169008003,0.21699043063211443,0.14840013676838898,0.0,0.04524290665601992,0.017975323299952477,0.0,0.14776772784160716,0.359560184004278,0.9145426741703692,0.7698767449970849,0.014603063092332719,0.37742364007444534,0.0,0.061812826017213204,0.0010784943530628601,0.011644299853620147,0.006938222888602396,0.0005083916004849634,0.28946842628522856,0.13733964228570472,0.048004747152876816,6.610696135189607e-05,0.6639673744705266,0.007053281006819856,0.39783989410152226,0.9251562084882922,0.6696161131632173,0.5138868858122763,0.5531594706140649,0.04816270863829571,0.052233054791841795,0.0,0.0,7.209070292683061e-08,0.0,0.0
0.00020640360553998615,0.018486718761011614,0.004167916311751497,0.0017020424071428684,6.610696135189607e-05,6.610696135189607e-05,0.16475279847187776,0.0007159714692982074,0.004782001178686842,0.9999345116886619,0.0,0.17760717803646497,0.00037338842683448014,0.14131572505248,0.007931814332146904,0.3250687953047441,0.08343676268924659,0.1326570047210578,0.06595893740275705,0.14747291409800228,0.9854585085046175,0.51724126286068,1.0,0.029776607682713542,0.5929371201823881,0.0057518016482281786,0.002551349061480494,0.01838912846975687,0.9999338930386481,0.18361628438813388,0.2230702733137689,0.2736502316128787,0.35852627740695264,0.7767477324718707,0.27404599530632223,0.07399548245221413,0.14294132497477618,0.4582237543881577,0.12016357619385525,0.7218519181560734,0.45084287392584,0.017601486028188746,0.08463589470461516,0.0,0.10643321497593296,0.0,0.02834357313471079,0.3251735499015187,0.2785476889165322,0.08045843708387514,0.026783266876955054,6.610696135189607e-05,6.610696135189607e-05,6.610696135189607e-05,0.14481419113485997,0.3482037424469105,0.21703898505374108,0.15386644171154865,0.0,0.04623300381894415,0.017777434064735878,0.0,0.1450823407906725,0.3641116375090333,0.9164395765690542,0.7678911911973826,0.014541425418708818,0.3763255221633871,0.0,0.061816713201452426,0.0011529079547107494,0.011317654247253747,0.006878222843622167,0.0006353066844979757,0.29030601281030155,0.13703583835223784,0.05193261305367573,6.610696135189607e-05,0.6678187052138188,0.00621328247438828,0.39448038494566423,0.9256311291209515,0.6695099461537997,0.5160669972149595,0.5547676285014007,0.04962897836400744,0.052388483844068884,0.0,0.0,6.607667375600307e-08,0.0,0.0
0.00020640360553998618,0.018517891599927755,0.00416027801474458,0.001732574560482497,6.610696135189607e-05,6.610696135189607e-05,0.1645964481357358,0.0006002409192990111,0.007603332929800798,0.9999345158102795,0.0,0.18086254581796857,0.00036817428090942287,0.14143526348978488,0.007707704754909883,0.32480142815712476,0.08380168851615101,0.13189804847894984,0.06466155156531475,0.1471605797989131,0.9855026235830915,0.5182792169639631,1.0,0.02969340079777379,0.5959682878006738,0.0055829326442183086,0.002627505822020601,0.018390399862999996,0.9999338930386481,0.18393556671710193,0.2237610386891106,0.2797198910494584,0.35734040445536974,0.7771662377213935,0.26909040994397504,0.07354099637104738,0.14207745348508313,0.4566121952848758,0.11919845639004788,0.7223886669644543,0.4476327345333224,0.017428115898415857,0.08705912591029787,0.0,0.10644064137864563,0.0,0.0284330776880348,0.3249115120114449,0.27906645129588054,0.08034039848034182,0.026737804410436217,6.610696135189607e-05,6.610696135189607e-05,6.610696135189607e-05,0.143979820619801,0.3480561292199083,0.2173082814243438,0.1587031011839783,0.0,0.04724801739014026,0.01764825936635886,0.0,0.14268407424823187,0.3678165503083618,0.9179103325362694,0.765780294290789,0.014497315875113692,0.3752801416573913,0.0,0.061793839470113576,0.001224740755732065,0.011038252184564588,0.0068260110232410045,0.0007672301527392221,0.29092894612498504,0.13670706311957906,0.05556807484547018,6.610696135189607e-05,0.671670903004622,0.005525480854262738,0.3913439430540782,0.9260908293480432,0.6692392656349917,0.5180318405938555,0.5560001154528273,0.051125570271162935,0.05265266667936591,0.0,0.0,6.054179477687114e-08,0.0,0.0
0.00020640360553998615,0.018536709266033045,0.004154969674709189,0.0017597938059253431,6.610696135189607e-05,6.610696135189607e-05,0.1644891910017535,0.000526047327371187,0.01149266327702562,0.9999345595515147,0.0,0.18406764746744475,0.00036317641223818634,0.1416593449004533,0.0074880914134197035,0.3246717661517491,0.08401655141961954,0.13139013488432888,0.06366950697233843,0.1470039594855519,0.9855275574484808,0.5193178836731779,1.0,0.02962537428181924,0.5989538887830181,0.005414196460582954,0.002694360190500918,0.018386150216876288,0.9999338930386481,0.18422308467464815,0.22453102933909938,0.2860812098369157,0.3561901612408096,0.7773277102412053,0.2645641715331471,0.07310746215260269,0.14123262552983917,0.4551294217143196,0.11841268568665395,0.7228500206482356,0.4447442720787695,0.017278274507951785,0.08934899056992374,0.0,0.10653520192305771,0.0,0.028500412155305153,0.32468608493314327,0.2795640924167577,0.08016966862487533,0.0266826234602231,6.610696135189607e-05,6.610696135189607e-05,6.610696135189607e-05,0.14278737139091913,0.3480728366208436,0.2177172638109856,0.1629763361556818,0.0,0.04826620228803387,0.017575064924458778,0.0,0.1404764774977308,0.37088467300465483,0.9190522185197098,0.7636470499445244,0.014472387106132623,0.3741469144037644,0.0,0.0617515778390075,0.0013169006335577661,0.010769503299045363,0.0067743280841485185,0.0009007048079414387,0.2913384422121322,0.1364279151109671,0.058910244230657535,6.610696135189607e-05,0.6754705890004047,0.004955025947809132,0.3883918448437264,0.9265293614351592,0.6688418272816737,0.5198074219478019,0.556915548161597,0.05265695043441418,0.05298092003224682,0.0,0.0,5.5445386605153744e-08,0.0,0.0
0.00020640360553998618,0.018546345218297133,0.004151652110414093,0.0018040016769774916,6.610696135189607e-05,6.610696135189607e-05,0.1644167310140554,0.0004114474098503894,0.016219974057917266,0.9999345576085628,0.0,0.1871915284098567,0.00035834316788695386,0.14197848196489338,0.007273819268333,0.3246558421315591,0.08410912897313216,0.131048291445685,0.06291742445079544,0.14694891221297945,0.9855308943830502,0.520403435565373,1.0,0.029565660276313056,0.6018859439938752,0.005249247017048674,0.0027582009094295344,0.01838136170952536,0.9999338930386481,0.18449673872684605,0.22534223003826034,0.29258661880861353,0.35506471347806584,0.7772764611882195,0.2604341859631168,0.07261701614439524,0.14036763362241392,0.4537133224150416,0.11772578764512326,0.7232194993370957,0.4421149082937375,0.017150153951463232,0.0914950784822575,0.0,0.10670535721299362,0.0,0.028554563977893653,0.32448802240535035,0.28003454808547107,0.07998112525714514,0.026632772275825115,6.610696135189607e-05,6.610696135189607e-05,6.610696135189607e-05,0.14133648371923765,0.3482073781887022,0.2182468889019162,0.1667781973125104,0.0,0.0492995482739179,0.017555060745314575,0.0,0.13843592952180395,0.3734899962367584,0.9199324215977414,0.7615560093047631,0.014469054863957113,0.37289120722163327,0.0,0.06169032601251384,0.0014164034901160414,0.010521205559300093,0.006726386284243974,0.001045119978240352,0.29161869102045446,0.1360268418440837,0.06202290122104039,6.610696135189607e-05,0.6791970099746789,0.004476649909864276,0.38559608831451603,0.9270246406877178,0.6683543361387748,0.5214577975713109,0.5576183702233176,0.05423544216796814,0.05334680402381913,0.0,0.0,5.075299265567968e-08,0.0,0.0
0.00020640360553998615,0.01855118254741285,0.004149856140413987,0.0018480934804481631,6.610696135189607e-05,6.610696135189607e-05,0.1643532401983221,0.00030336902019981513,0.021233872386767296,0.9999345813052156,0.0,0.19023121346901606,0.00035363894554614884,0.1423774913687132,0.007066802420339499,0.3247164370222008,0.08409562501023356,0.13081402027311556,0.0623561542179874,0.14696885029582188,0.9855212932949763,0.5215665727651956,1.0,0.029510484165085674,0.6047826501236653,0.0050873256730994635,0.002833547345440715,0.018372046318967425,0.9999338930386481,0.18476338644657697,0.22610542208680406,0.2990334394810513,0.3539553423518961,0.77706573581499,0.2566552319697854,0.07209378382282775,0.139487717924352,0.4523575458835236,0.11710792366196802,0.7235001066402061,0.43970541036929456,0.017042993096080296,0.09349539074387528,0.0,0.10695083326560141,0.0,0.02860160968659549,0.32432521228068695,0.2805016740121839,0.07977675290298275,0.026585747800450053,6.610696135189607e-05,6.610696135189607e-05,6.610696135189607e-05,0.13976608075343974,0.3484204494820128,0.21886303111796426,0.17015379917601883,0.0,0.050336958357755146,0.017585216350717657,0.0,0.13653040336856917,0.37574110157307206,0.9206008526859323,0.7595357589603029,0.01447866027124035,0.371482593969203,0.0,0.06161365815946085,0.0015277294152745476,0.010275240410132083,0.0066832586137548075,0.0011862412896422275,0.2918092901573863,0.13555812946847692,0.06491529100159489,6.610696135189607e-05,0.6829452212329629,0.00407123306704568,0.3829597553851796,0.9275525772316261,0.6677978323491797,0.5229904353454192,0.5581756393158311,0.055873864980991096,0.05373946778451774,0.0,0.0,4.643378339586244e-08,0.0,0.0
0.00020640360553998618,0.018554216320889178,0.004150019400185813,0.0018860453911089684,6.610696135189607e-05,6.610696135189607e-05,0.16429252723157942,0.00020570364784168455,0.025831923138597536,0.9999346126952725,0.0,0.19317032026567796,0.00034903902800915976,0.14284895090755542,0.006867208294359605,0.3248365539220946,0.08398817211195653,0.1306548115264091,0.061950817697664154,0.1470465110842504,0.9855002770782441,0.522718323061516,1.0,0.029458151961961845,0.6076477722830579,0.00494684061726836,0.0028782760760334525,0.01836253823592099,0.9999338930386481,0.18498891384813815,0.22695969303025829,0.30558021267853064,0.3528798725426839,0.7767464565183728,0.2531972514638236,0.0715249665424479,0.13858310941165441,0.45103643770817275,0.116516650263877,0.7237115153556621,0.43747774856034644,0.01695599904511157,0.09535275307345792,0.0,0.10726858881091132,0.0,0.02864424972435864,0.32415314658899275,0.28095316693896555,0.07957451898257593,0.02657910844158348,6.610696135189607e-05,6.610696135189607e-05,6.610696135189607e-05,0.13811799831264696,0.34868044640334944,0.21952888498292078,0.17318220688972932,0.0,0.05139967898624721,0.017665012577250956,0.0,0.1347278252867749,0.377717427293246,0.9210931832572243,0.7576007358422917,0.014499680462648563,0.3700130881275728,0.0,0.06152031609740988,0.0016570057880922243,0.010070733007162377,0.006643515648257026,0.0013186730156361066,0.29188061915939423,0.13485689583833554,0.06758880811165384,6.610696135189607e-05,0.6865802609443192,0.003724658498706384,0.3804502213807691,0.9281259944295429,0.6671682606945429,0.5244313414202166,0.5586467958140284,0.057572487245606464,0.054150012619998474,0.0,0.0,4.2459107404439393e-08,0.0,0.0
0.00020640360553998615,0.018557175841805103,0.004151582852476012,0.0019527120593273797,6.610696135189607e-05,6.610696135189607e-05,0.16424330729291906,5.302884199941257e-05,0.029482297913517457,0.9999344961240366,0.0,0.19600581437873063,0.000344554466230411,0.14338818492368685,0.006675016571843001,0.32502273975856555,0.08379906294812876,0.1305549561387588,0.06167409397902207,0.1471699099248808,0.9854711437447865,0.5237683303301462,1.0,0.02940521304178038,0.6105103944837337,0.004817289454679422,0.0029284886180833396,0.018347145818731283,0.9999338930386481,0.18520983152710135,0.22775031137865007,0.31192971804205916,0.35181323797317643,0.7763501238343852,0.25003066672127905,0.07088804867518793,0.13764051562417248,0.4497224518103972,0.11592185066473008,0.7238236984083068,0.4353961722745034,0.0168896360019559,0.09706792482686237,0.0,0.10765160279193231,0.0,0.028681004086925442,0.3239633666647711,0.28133814220230435,0.07940711044994123,0.02652684421603917,6.610696135189607e-05,6.610696135189607e-05,6.610696135189607e-05,0.13675939291986536,0.34900724312604336,0.22022304935818582,0.1758986380984844,0.0,0.05245178023459517,0.017786647414449488,0.0,0.13304516126954424,0.3794752679890271,0.9214362700190221,0.7557621652482568,0.014528817452504924,0.3685800668779215,0.0,0.061418362391554036,0.0017824814417854186,0.009857669044534216,0.006612279491187853,0.0014221435866206044,0.2919556765086929,0.13406019997864385,0.0700632944202776,6.610696135189607e-05,0.690494254635889,0.003426826807428994,0.3780648808015059,0.9287673968585817,0.6665195192175455,0.5258158842033103,0.5590554095767044,0.05933207737402008,0.054573603597710775,0.0,0.0,3.880270857554882e-08,0.0,0.0
0.00020640360553998618,0.01856086904862239,0.00415438606504626,0.001983663957901734,6.610696135189607e-05,6.610696135189607e-05,0.16417647301650823,6.610696135189607e-05,0.032331005285686776,0.9999345124908859,0.0,0.1987454962991633,0.00034010692343845863,0.14396773316433062,0.00649198856821996,0.32520951379974455,0.08353292303061041,0.13048608300017145,0.06149550721870592,0.14733233884147484,0.9854597398942395,0.5247570688015154,1.0,0.029350828128564987,0.6132876547528345,0.004666244584495171,0.002977621091820829,0.018342376860938484,0.9999338930386481,0.18551526642551427,0.22849399610817425,0.31794528667097804,0.35075636373305924,0.7759098807186833,0.2471581051688821,0.0702423541592128,0.13669186797635552,0.44841554094264674,0.11532925518211076,0.723873188246642,0.43346906372286653,0.0168435967558678,0.09865378444105065,0.0,0.10808720801390913,0.0,0.02871287982667088,0.32373343713754416,0.2816933269221865,0.07922339992106979,0.026502932296923253,6.610696135189607e-05,6.610696135189607e-05,6.610696135189607e-05,0.13556344661317732,0.3493684273997126,0.22092056199087354,0.1783730106381466,0.0,0.0535446538864782,0.017953500658872086,0.0,0.13145806110758607,0.3810412722452626,0.9216608960254263,0.7540138767174746,0.014540224669631318,0.3671557231845754,0.0,0.06130078258073578,0.0019193787254996333,0.009642163044682567,0.0065802908882087,0.001562014524006447,0.29191159435888286,0.13323645309991378,0.07247280071905107,6.610696135189607e-05,0.6942649549250545,0.0031695572904432293,0.375723387893808,0.9294175389173487,0.6657957449728357,0.5271389698302612,0.5594612310181447,0.061135827615161495,0.0550035810316995,0.0,0.0,3.543612916601985e-08,0.0,0.0
0.00020640360553998615,0.0185654433872428,0.00415943262217747,0.0020040929004348225,6.610696135189607e-05,6.610696135189607e-05,0.16412160638631418,6.610696135189607e-05,0.03421757547844407,0.9999345209663385,0.0,0.20137871755052422,0.0003357795964641185,0.14461235553792448,0.006316137558324186,0.32545781973505433,0.08319446361893092,0.1304456930562406,0.06139700958131482,0.1475134939576163,0.9854596127865773,0.525551301664076,1.0,0.02929826090052396,0.6160871775570479,0.004529401435740573,0.0030232005020029654,0.01832707217657312,0.9999338930386481,0.1857892030191975,0.22920873198627853,0.3236173902992836,0.34973591001807236,0.7754627433378277,0.2444916198348194,0.06956059344941867,0.1357146025247783,0.4471327064467587,0.11471523212670187,0.7238489253175131,0.43168236069501525,0.01681739413579634,0.10011895746421769,0.0,0.10855878167987727,0.0,0.028740244280128373,0.32344924947926085,0.28197133369175575,0.07906647984133797,0.02647348511482988,6.610696135189607e-05,6.610696135189607e-05,6.610696135189607e-05,0.13453669810725488,0.34976961809527135,0.22159235867938631,0.18060722385592098,0.0,0.05466411267664981,0.018168556701935276,0.0,0.12994941036717986,0.3824329649410035,0.9217855962828888,0.752367548578166,0.014540354890666912,0.3658899166560466,0.0,0.06117290727317796,0.0020720279925216193,0.009431023284022661,0.0065534962303317726,0.0016850599969643468,0.29184574623061216,0.13232186359560233,0.07478236336056741,6.610696135189607e-05,0.6981518318203752,0.00294489798278598,0.3735224387587353,0.9301036269541172,0.6650089292606474,0.5283825992929818,0.5598269481382437,0.06300720069637612,0.05543898130774069,0.0,0.0,3.232275577525192e-08,0.0,0.0
0.00020640360553998618,0.018569467238614638,0.0041653565585864525,0.0020182344288810355,6.610696135189607e-05,6.610696135189607e-05,0.16409152792080747,6.610696135189607e-05,0.03543899161610675,0.9999345196345761,0.0,0.2038952624111701,0.0003315682750196561,0.1453231654072184,0.006146879082202088,0.32576849958345006,0.08279314876991567,0.1304359631280554,0.061359291182101726,0.147699909082995,0.985464770870472,0.5261691817219393,1.0,0.029245093798647523,0.6188800456567796,0.004396437034621693,0.003072286680586049,0.018312384411830328,0.9999338930386481,0.18607152882362854,0.2298407632615168,0.3288902030052537,0.3487461202996552,0.7750291216292531,0.24202278648842376,0.06881512836449216,0.13469254965714572,0.44582650780162647,0.11405938207562892,0.7237522444393881,0.43002222379577676,0.016810564532303413,0.10147114090581057,0.0,0.10904816242429707,0.0,0.028761082619475752,0.3231003618771034,0.282174374796099,0.0789313004457942,0.026449143230373295,6.610696135189607e-05,6.610696135189607e-05,6.610696135189607e-05,0.13365645503110868,0.3502016051965244,0.22222271965473755,0.1826553462716355,0.0,0.05582286777327839,0.018431739125434967,0.0,0.12851826007222397,0.3836671696337727,0.9218301442855948,0.7508289500111944,0.014535199681949778,0.3647826558537637,0.0,0.06103135647014996,0.0022372474431493618,0.009256474944135624,0.006530096639998191,0.0017900250633607526,0.2917049238111751,0.13119228337597125,0.07705619681221654,6.610696135189607e-05,0.7020457248536188,0.0027481587160094697,0.3714266048287707,0.9308533033604882,0.6641614171623575,0.5295948739907366,0.560172118340921,0.06493634671847222,0.055874643442395185,0.0,0.0,2.9447578152856788e-08,0.0,0.0
0.00020640360553998615,0.01857261534399343,0.0041710183107814105,0.0020282208022475807,6.610696135189607e-05,6.610696135189607e-05,0.16408475127475802,6.610696135189607e-05,0.03624651207495196,0.9999345145662228,0.0,0.20629640869706106,0.0003274932578677804,0.14609474250952478,0.005983703302045175,0.32614974565495364,0.08233495192732705,0.1304525042611183,0.06136457767743718,0.14788012488494637,0.9854738132274691,0.5266447694120183,1.0,0.029159619491712578,0.6216522036580949,0.004264674549464468,0.0031056200151418608,0.01830013435139629,0.9999338930386481,0.1863655705276666,0.23045256026743097,0.33387485307001363,0.34781580418586727,0.7746317086570568,0.2397420710568603,0.06800877586325337,0.13362446561439947,0.44449252291435004,0.11335826421351036,0.7236086687209898,0.42849388140441674,0.01682290092285733,0.10272149076168155,0.0,0.10954406723382788,0.0,0.02877604924460321,0.32270851419124263,0.28231229414148584,0.07880489692011301,0.02642792488026268,6.610696135189607e-05,6.610696135189607e-05,6.610696135189607e-05,0.1328829353987486,0.35065493927627867,0.2227926588580317,0.18453194722460767,0.0,0.05698391238326223,0.018736298269060436,0.0,0.12715187790086638,0.3847465847392535,0.9218125213997055,0.7493983843533721,0.014526159975818178,0.3638111633541538,0.0,0.060881670588350964,0.002435784763105974,0.009068967942437436,0.006508814034677469,0.0018860453902476754,0.29145705135364025,0.13004720918412674,0.07922184515162736,6.610696135189607e-05,0.7060066843306401,0.002575632484911581,0.3694295730214709,0.9316637308788789,0.6632968794928136,0.5307874755145444,0.560491990131536,0.06690450145081675,0.056307029595211465,0.0,0.0,2.6796712777674686e-08,0.0,0.0
0.00020640360553998618,0.01857386530378677,0.004176561423947497,0.0020355819789633373,6.610696135189607e-05,6.610696135189607e-05,0.1641000536824223,6.610696135189607e-05,0.036728266766956175,0.999934509406068,0.0,0.20858282103182,0.0003235109742333492,0.14692161433980527,0.005826229125312338,0.32658256293319454,0.08182572685763863,0.13048920335489328,0.06139831595386803,0.14804576215052162,0.9854850932188497,0.5270074577943117,1.0,0.029096846300280803,0.6243909893302674,0.004136376353690743,0.003147903226440398,0.0182888894041704,0.9999338930386481,0.18668139737419695,0.23095794538474887,0.33849816449895254,0.34689963746864977,0.7742647353532528,0.23760371484884013,0.06707574072487847,0.13248193511501,0.44307039830819794,0.1125692721324349,0.7233983997620274,0.4270773395554584,0.016853949672304684,0.10387902607293546,0.0,0.11004000705472274,0.0,0.028792246549249962,0.3222739687592934,0.28239510314887317,0.07868918363822568,0.026406838876249433,6.610696135189607e-05,6.610696135189607e-05,6.610696135189607e-05,0.1322057954131393,0.35112305319361375,0.22331087199248473,0.18627702367634105,0.0,0.05817683401069082,0.019086833717800383,0.0,0.1258588550413765,0.38569338024708055,0.9217477343738273,0.7480752117765429,0.014514882426372102,0.36295253515096565,0.0,0.06072649557825421,0.002649647950599636,0.008845242200861183,0.006491146682634485,0.0019951396060961576,0.2912167369744366,0.1289081515736707,0.08141425813229372,6.610696135189607e-05,0.7101730525727737,0.0024243926542625075,0.36753644044299877,0.9326007483008881,0.662419616534494,0.5320165388486893,0.5608481649343705,0.06891701833895746,0.05674007684256775,0.0,0.0,2.4354778247180904e-08,0.0,0.0
0.00020640360553998615,0.01857431036254187,0.004182338901442134,0.0020410104380877217,6.610696135189607e-05,6.610696135189607e-05,0.16412598066696457,6.610696135189607e-05,0.03708610466314145,0.9999344989206406,0.0,0.21075721922134863,0.00031962874092725653,0.14781028599641532,0.005673945553805742,0.32706281978036694,0.08126777373589539,0.1305401341470101,0.0614493436030187,0.14819322251569014,0.9854979792098726,0.5272845853302837,1.0,0.029039769293031283,0.6271590605548466,0.0040442269980629966,0.0031768800107016028,0.01827486156967564,0.9999338930386481,0.18695836445021724,0.2314148146458625,0.3429084291873207,0.34600546051138537,0.7739436127491545,0.23558081409098283,0.06605839318832721,0.1312803052563699,0.441614851821444,0.11171355755761708,0.7231367908811575,0.4257765657997953,0.016902943096662248,0.10495118589600701,0.0,0.11052880612830086,0.0,0.02880122884485909,0.3218015422652785,0.28245151885527997,0.07857272908721633,0.026379106267873147,6.610696135189607e-05,6.610696135189607e-05,6.610696135189607e-05,0.1316089885032107,0.3516027814679015,0.22376594614887121,0.18792406495002525,0.0,0.05946233235278837,0.01949497125894711,0.0,0.12461814660086136,0.38651724495132733,0.921647713300319,0.7468555915883028,0.014501998686361164,0.36218660854141543,0.0,0.06054797257949792,0.0028493271714534023,0.008639843304647952,0.006472343137194764,0.002093603428518157,0.290947776058526,0.12764941250196635,0.08373156354853556,6.610696135189607e-05,0.7146103205223897,0.0022904411019742652,0.36573790173764326,0.9336219780707455,0.6614470763944263,0.5332162313658031,0.561223622662016,0.07097728878208581,0.05716605510186736,0.0,0.0,2.210376629595376e-08,0.0,0.0
0.00020640360553998618,0.01857394411452331,0.0041874670036597976,0.0020453095138713703,6.610696135189607e-05,6.610696135189607e-05,0.16415372761556968,6.610696135189607e-05,0.037333900933107796,0.999934489629396,0.0,0.2128137519445662,0.0003158743245810807,0.14875225847222362,0.0055263038940245425,0.3275884403679147,0.08066647302503913,0.1306034382547361,0.0615090013894429,0.14832157292452378,0.9855110686085969,0.5275002046409849,1.0,0.028984275294456414,0.6299405654961999,0.003952621133445817,0.0031978403857536707,0.01826176310187261,0.9999338930386481,0.18724868713767184,0.23184488772838782,0.34718627815334396,0.34513022216411926,0.7736634827044466,0.2336814984266099,0.06505378365410708,0.13006185324168884,0.4401506090825595,0.11084166399305835,0.7228237535876397,0.4245827755365268,0.01696971274440968,0.10594289380226138,0.0,0.11100590648552668,0.0,0.028805048309934758,0.32131159648326096,0.28246332949388414,0.07846142786800503,0.026350835905073755,6.610696135189607e-05,6.610696135189607e-05,6.610696135189607e-05,0.13106381060011288,0.35209241554721565,0.224164623130729,0.1894803564534435,0.0,0.06081747800921291,0.01995809249328512,0.0,0.1234299929895983,0.38723113421780997,0.9215212858661475,0.7457355332732148,0.014488911358144237,0.3614938888734885,0.0,0.06035420432992964,0.0030722866780070906,0.00844373078558964,0.006421017861550564,0.002189733773430626,0.2905179467156096,0.12633169014871576,0.08620068431876747,6.610696135189607e-05,0.7192989892655111,0.0021718941648244134,0.3640243931753803,0.9346303420213119,0.6603684102768747,0.5343649945301309,0.5615698956390269,0.07307978039772285,0.057582651990926964,0.0,0.0,2.0033258791886514e-08,0.0,0.0
0.00020640360553998615,0.01857238372387696,0.0041921023827719735,0.0020490422162546358,6.610696135189607e-05,6.610696135189607e-05,0.16418857936236578,6.610696135189607e-05,0.037509228699790245,0.9999344794616003,0.0,0.2147604208858275,0.0003121978744972187,0.14973784951321273,0.0053839505412264,0.3281442863262061,0.08002595452698935,0.13067756410038578,0.06157128473300386,0.14843117195743108,0.9855237163273778,0.5276695843761939,1.0,0.028930717346151352,0.6327342475113265,0.0038611302858506374,0.0032148025656208155,0.018248461420964705,0.9999338930386481,0.18753775955511906,0.2322023958248252,0.3513132094086038,0.34428229054275644,0.773414579359393,0.23187151495877245,0.06397255080228265,0.12878281222181923,0.4386302107635786,0.10992172988082809,0.7224567489830087,0.4234779180016764,0.017053341482605254,0.10685654871567465,0.0,0.11146694269637435,0.0,0.028806202207075672,0.32080109574459637,0.28243411946433766,0.07835760810088796,0.02632049184952745,6.610696135189607e-05,6.610696135189607e-05,6.610696135189607e-05,0.1305517954783462,0.35259217236643836,0.22451875358230283,0.190967825716186,0.0,0.06221907480090872,0.020485603919758205,0.0,0.12230040579300967,0.38784709843298776,0.9213753737843909,0.7447122793268942,0.014476265539836884,0.36086347292743176,0.0,0.0601368238338144,0.003318679518673473,0.008222887319186467,0.006418974549585253,0.0022871793660484583,0.2899305739106293,0.12505652734504175,0.08853743747054818,6.610696135189607e-05,0.7239539664953977,0.002066667058304295,0.36240023843921404,0.9357152513232202,0.6592602634640594,0.5355002347754368,0.5619339837929659,0.07521689069699228,0.05799741946495018,0.0,0.0,1.8132785408491074e-08,0.0,0.0
0.00020640360553998618,0.018569810354577432,0.004196720066239404,0.002051738246777612,6.610696135189607e-05,6.610696135189607e-05,0.16422969440680607,6.610696135189607e-05,0.037645979422563744,0.9999344694470087,0.0,0.2165995169673275,0.0003085928163294947,0.15077547688360443,0.005245921092590141,0.32872842556349535,0.07935098041589568,0.1307621413582368,0.061631726051340256,0.14852262347987608,0.985535675682333,0.5278034918403677,1.0,0.028879698960318397,0.6355373630403041,0.003771948322531825,0.0032268761044625324,0.018234085352677093,0.9999338930386481,0.18785227779502098,0.23253817217536166,0.3554022042706691,0.34344584055253885,0.773190717121262,0.23013310832626502,0.06279747097385181,0.12743924226915596,0.43705033000592053,0.10895221709851977,0.7220329092177364,0.4224560045903743,0.017153147264091135,0.10769630999266469,0.0,0.111910770099592,0.0,0.028804009902201735,0.32026929293507095,0.28239091898577884,0.07825059269924049,0.026288324312383572,6.610696135189607e-05,6.610696135189607e-05,6.610696135189607e-05,0.13008322887731938,0.3530962741179529,0.22483571221216034,0.19238469801281918,0.0,0.06371098843239437,0.021073452067191016,0.0,0.12121779506938407,0.388382769829147,0.9212151266845686,0.7437810665274592,0.01446430792815608,0.36028573806004033,0.0,0.059909887474537724,0.0035817237447887413,0.008005642221543789,0.0064025531773525485,0.002374762823848542,0.28929187961533714,0.12365639822835751,0.09107006191370982,6.610696135189607e-05,0.7288607366905944,0.00197357066657767,0.3608826766935883,0.9368939362098188,0.6580742924148453,0.5366302968342983,0.5623193573379849,0.07739831529698378,0.058399084222242006,0.0,0.0,1.6389510935619778e-08,0.0,0.0
0.00020640360553998615,0.018566488967298723,0.004200967685616601,0.00205397233606789,6.610696135189607e-05,6.610696135189607e-05,0.16427001214430242,6.610696135189607e-05,0.037754112938030465,0.9999344592403488,0.0,0.21833173840382314,0.0003050465336713086,0.15185971836915266,0.005112216105943089,0.3293330948908417,0.07864230598520802,0.13085654718158826,0.061687487086017734,0.14859743278340734,0.9855463513101312,0.5279088508044829,1.0,0.028829565185946898,0.6383456032643123,0.003687754638913198,0.0032361158708438427,0.018221137724745335,0.9999338930386481,0.18817570927124394,0.23284112268630264,0.35941426137860255,0.34261870226247504,0.7729907896994347,0.22846144561305584,0.06153363893724098,0.12602447858268487,0.4353999765729285,0.10792199885745651,0.7215662258909311,0.42150647208000036,0.0172690804746934,0.10846872694722992,0.0,0.11233870883383094,0.0,0.028799317298851417,0.31972146934127155,0.2823203376580813,0.07814503210530942,0.026289493984717124,6.610696135189607e-05,6.610696135189607e-05,6.610696135189607e-05,0.12954876380975616,0.3535922810715153,0.2251181134371022,0.19375549997035904,0.0,0.06528616439126175,0.021727153756282827,0.0,0.12018028719666549,0.38884642154470905,0.9210434324392889,0.7429338402693627,0.01445363389667181,0.35975244036168613,0.0,0.059665436692162774,0.0038653197755377415,0.007772027785531382,0.006380425045470016,0.002457913259564195,0.28853108056595567,0.12224409846678716,0.09373571950419886,6.610696135189607e-05,0.734060305586752,0.0018910968634630752,0.3594513160127621,0.9381613145290877,0.6568296386569007,0.5377606535648457,0.5627449062517017,0.07961118092719541,0.058790559193702296,0.0,0.0,1.4793196971266856e-08,0.0,0.0
0.00020640360553998618,0.018563033494997366,0.0042052472959550275,0.00205582317184309,6.610696135189607e-05,6.610696135189607e-05,0.16431257193045587,6.610696135189607e-05,0.037841431184285325,0.9999344481556857,0.0,0.21996005194513207,0.0003015285330245407,0.15298709928446233,0.004982626402361746,0.3299420132924885,0.07790222522327352,0.1309602511035485,0.061737573973673646,0.14865926149037967,0.9855560327404747,0.5279971711098344,1.0,0.028780638279471776,0.6411703831098121,0.003609227495268921,0.0032434448204869044,0.01820379082582621,0.9999338930386481,0.18853839619483365,0.23310098017442735,0.36340017603905056,0.3417826739174256,0.7728218221698727,0.22683819484859175,0.06017260361545643,0.12453204944085225,0.43367163602077485,0.10682399225903356,0.7210581534171835,0.4206161941499761,0.017400820610094087,0.10917664731851894,0.0,0.11275443749621883,0.0,0.028793785555698875,0.3191599291242461,0.28223710647518735,0.07804231372630004,0.02626798547182696,6.610696135189607e-05,6.610696135189607e-05,6.610696135189607e-05,0.1290921133575298,0.3540953999777473,0.22536020417570773,0.19510612606585648,0.0,0.06697070198618744,0.02245571956632919,0.0,0.11918918931015766,0.3892512906921256,0.9208616054162323,0.7421640911911014,0.014443953925928336,0.3592483913939468,0.0,0.059405962667076755,0.0041909431517553235,0.007550887775694188,0.006354530346791548,0.002544932391954624,0.2875640194523102,0.1206645469834051,0.09661290026247418,6.610696135189607e-05,0.7392761381737173,0.001817973654419557,0.35809562714041976,0.939525867851519,0.6555101492884979,0.5388900180105342,0.5632339944484779,0.0818504320493853,0.059172264054349645,0.0,0.0,1.3333596988089245e-08,0.0,0.0
0.00020640360553998615,0.01855868912447858,0.0041988469111477415,0.002057406609937092,6.610696135189607e-05,6.610696135189607e-05,0.1643804209432371,6.610696135189607e-05,0.03791447920964013,0.99993447326126,0.0,0.2215011727777796,0.00029802089522723443,0.15415906174096067,0.004857394753021531,0.3305580521112554,0.07713585806352842,0.1310730238926151,0.06177996551832009,0.14870787093169088,0.9855646106015533,0.5280684794633,1.0,0.028735348476380675,0.644004106006887,0.0035318356134044966,0.0032496380923989904,0.018187748807730005,0.9999338930386481,0.1888951896830298,0.2333217888085833,0.3673430711198683,0.3409601651948163,0.7726801904757544,0.22524004757101365,0.05865043489878944,0.12292367621473081,0.43183475895755125,0.10562520694860426,0.7205155675770926,0.4197854679891715,0.01754836048634762,0.10982789386666078,0.0,0.11315811078074185,0.0,0.02878780245635108,0.31858825696836857,0.28212929258874025,0.07794006538139253,0.02623845285064214,6.610696135189607e-05,6.610696135189607e-05,6.610696135189607e-05,0.12866668390263408,0.3546085806726035,0.22556671405025883,0.19642299269864638,0.0,0.06872289994888518,0.023260020572922924,0.0,0.11823260545097652,0.3895932103093306,0.9206716739953323,0.7414642352016483,0.014435377397158815,0.3587734097559581,0.0,0.05912255151438324,0.004527549374904046,0.00730243506723297,0.006309851940696312,0.0026596596116831564,0.28655261215225386,0.11910044459671305,0.09972307907340536,6.610696135189607e-05,0.7447681591221569,0.0017530954739867104,0.3568357869525604,0.9410515442059834,0.6541943620954233,0.5400478257165043,0.5638167409401403,0.08411596890840259,0.059548297808882766,0.0,0.0,1.2001287916794207e-08,0.0,0.0
0.00020640360553998618,0.018554445193881823,0.004198512196277448,0.0020588645352329006,6.610696135189607e-05,6.610696135189607e-05,0.16442959711269575,6.610696135189607e-05,0.03797941195740474,0.9999344622692368,0.0,0.22294605095361916,0.00029452694761589345,0.15536384834404646,0.004736416425504589,0.3311740166436512,0.0763448830632911,0.1311853116157951,0.061811868069897594,0.14873797252479637,0.9855687529411759,0.5280972319656425,1.0,0.02869105896193451,0.6469207383862324,0.00345837271309984,0.0032559158433324155,0.01816573737459043,0.9999338930386481,0.1892457146428987,0.23349044203799024,0.3712443539177072,0.34014510548917903,0.7725544298050818,0.22365344523105127,0.057034110803617755,0.12123572600811572,0.4299245432391855,0.10435261187582041,0.7199177007356529,0.4189992743481683,0.01771116543214685,0.11042614089431683,0.0,0.11354783571073261,0.0,0.028780504340874917,0.31798319130319563,0.2820198742856532,0.07783669902760867,0.02619695445822595,6.610696135189607e-05,6.610696135189607e-05,6.610696135189607e-05,0.12827093552429658,0.3551330785324503,0.22575060510421963,0.19773892451983285,0.0,0.07059725256364771,0.02416350582926875,0.0,0.11730933406117652,0.3898902504375343,0.9204769664979555,0.7408358865808867,0.01443123627336741,0.3583549323236249,0.0,0.05878288559892154,0.004880514912354218,0.007069218517613839,0.00627919846461229,0.0027545554812248487,0.2854309495959067,0.11743588720350419,0.1029721019647729,6.610696135189607e-05,0.7506347153360018,0.001694965090698609,0.3556615792954968,0.9426713622487664,0.6528031730841901,0.5411755345060412,0.5644733714805283,0.0864280821398795,0.05992516359850229,0.0,0.0,1.0785456800539939e-08,0.0,0.0
0.00020640360553998615,0.018549302741669618,0.004199506317663625,0.002059955979536232,6.610696135189607e-05,6.610696135189607e-05,0.16446875826718607,6.610696135189607e-05,0.038037160592646446,0.999934453346026,0.0,0.22428807789110772,0.00029100433558548196,0.15659017879990922,0.004618913983796004,0.3317644205018391,0.07553096198939788,0.1313032893850734,0.061833994787794416,0.148756542935409,0.9855715925455647,0.5281167424680627,1.0,0.028649578079180688,0.6498754266210809,0.003387028331749091,0.003261536208946354,0.01814752555412896,0.9999338930386481,0.18959522987906596,0.2336131320089348,0.37514942490729486,0.3393329957953965,0.7724423251626328,0.22208903260882062,0.05532510018274789,0.11946882629226484,0.42791443425791986,0.10301302687037645,0.7192821022815111,0.4182563008035788,0.01789004926510877,0.1109798771487072,0.0,0.11392459438407823,0.0,0.02877219113450135,0.31737022435260676,0.2818870472803951,0.0776962756689598,0.026156895920033577,6.610696135189607e-05,6.610696135189607e-05,6.610696135189607e-05,0.12788334867404974,0.3556853733879422,0.22591415401815876,0.19904029841557502,0.0,0.07255124103389393,0.025157266879408856,0.0,0.11641199273519524,0.39014059777717447,0.9202759559470968,0.7402635799158838,0.014428407454435285,0.357958663147859,0.0,0.05846657265665578,0.00526438242650414,0.00680739580344555,0.006252257870499516,0.0028561945314038452,0.28406902034411885,0.11578391984079127,0.10638363385523507,6.610696135189607e-05,0.7564880269929158,0.0016435208192085418,0.3545825910844966,0.9443838954816667,0.6513897538739319,0.5423093848788753,0.5652225526277844,0.08877494299389573,0.06029981203417333,0.0,0.0,0.0,0.0,0.0
0.00020640360553998618,0.018542830833366664,0.00420110421316695,0.002061077816137779,6.610696135189607e-05,6.610696135189607e-05,0.1645015323470431,6.610696135189607e-05,0.03809044389863762,0.9999344442541301,0.0,0.2255448820064658,0.0002874509471382716,0.15785548839128255,0.004505254015057207,0.33233785338174376,0.07469865555455592,0.13143011754524617,0.06184612525121415,0.14876348241217685,0.9855733534832047,0.5281282651399454,1.0,0.028609438588797373,0.6528790824778985,0.003320741579419553,0.0032674419480214355,0.0181277463618637,0.9999338930386481,0.18994752768979203,0.2337281269856404,0.37901788992007734,0.3385185926487516,0.7723303428941563,0.2205283816001354,0.05349442729495073,0.11760761620394028,0.42579333730101576,0.10158820983945958,0.7186046035970699,0.4175315282529313,0.018083587531899533,0.11148750385500467,0.0,0.11428565865933507,0.0,0.028761621136405277,0.3167273650343938,0.28173336669913834,0.07757797969718302,0.026112474525243106,6.610696135189607e-05,6.610696135189607e-05,6.610696135189607e-05,0.1275002796552854,0.35624789744160806,0.2260715817722667,0.20035522172509568,0.0,0.07464248320134323,0.026256228177319582,0.0,0.11554169652786436,0.39036824555543487,0.9200702872168863,0.7397490137328185,0.014426646516795238,0.3575860762007196,0.0,0.058113801372841264,0.0056627964763421405,0.006542480728368745,0.0062137404546502234,0.0029290005612197514,0.2826850080698487,0.11409633258269478,0.11019333112699602,6.610696135189607e-05,0.7628399178839809,0.0015980753335771054,0.3535715146683031,0.946218121757911,0.6498944122034339,0.5434451805066074,0.5660739367787967,0.09115504432050978,0.060670108646387624,0.0,0.0,0.0,0.0,0.0
0.00020640360553998615,0.01853627751383046,0.004202807342918085,0.002061948261958751,6.610696135189607e-05,6.610696135189607e-05,0.1645334301194737,6.610696135189607e-05,0.0381370683209274,0.9999344351468926,0.0,0.2267059375014426,0.0002838084655349289,0.15914081268095792,0.0043948044752469585,0.3328546096627579,0.07384644782208001,0.13156232221303366,0.06184877086952981,0.14876033226073138,0.9855742160738593,0.5281335388135341,1.0,0.0285669249737869,0.6558892477032229,0.003257375983672385,0.0032730022215295656,0.01811433755785869,0.9999338930386481,0.1903050688228038,0.23378550498832254,0.3829101985464699,0.33770414688285916,0.7722263596655033,0.21898247345255933,0.051562459659717265,0.11566007489382935,0.4235407471900791,0.1000819638868505,0.7179081201238087,0.41683430995238197,0.01829282639229082,0.11195792306049243,0.0,0.11463661799627776,0.0,0.028750431998714132,0.3160614986541133,0.28155963632781855,0.07745909551866828,0.026072200344773214,6.610696135189607e-05,6.610696135189607e-05,6.610696135189607e-05,0.12710545714449922,0.35682153639391934,0.22621542589354804,0.20170642625184787,0.0,0.07686818535345372,0.027469337964018892,0.0,0.11470244365070252,0.39056886052191997,0.9198584027381794,0.7392817446787762,0.01442578392614072,0.3572298431901882,0.0,0.057771514453489534,0.006099176109100744,0.0062635391371613945,0.006170662873423429,0.003009186010082161,0.28103301222390636,0.11241269981815037,0.11435552889690519,6.610696135189607e-05,0.7691559015715326,0.0015582144409486114,0.35260516279415016,0.9481537318747478,0.648330927071759,0.544595110370655,0.5670634264503916,0.09354298840340884,0.061034507312664445,0.0,0.0,0.0,0.0,0.0
0.00020640360553998618,0.018529345090777145,0.0042045348424964305,0.0020626406264035195,6.610696135189607e-05,6.610696135189607e-05,0.1645679436569192,6.610696135189607e-05,0.03817684885125067,0.999934425793207,0.0,0.22779634750835318,0.0002800629134815104,0.16045878593695426,0.004287849816757569,0.33331884249676735,0.07298030765378856,0.13170102462806835,0.06184195553917119,0.14874695474906624,0.9855743849853841,0.5281330384444048,1.0,0.028528009022955093,0.6589185613981895,0.003203051018430652,0.003278714164060319,0.018100135330539717,0.9999338930386481,0.19066249232295876,0.2337838218194922,0.3868297133690857,0.3368855395438392,0.7721297746105311,0.21742580465232048,0.04949102433681514,0.11360030541343548,0.42113720397839727,0.09847255305098801,0.7171879160087887,0.4161628834921703,0.018518092380828653,0.112396431832045,0.0,0.11497901785602352,0.0,0.028740165420390058,0.3153742106539589,0.2813740213588304,0.07733952379565599,0.026028664707161676,6.610696135189607e-05,6.610696135189607e-05,6.610696135189607e-05,0.12671269549816308,0.3574079277422274,0.2263469433215191,0.2030950730347392,0.0,0.07923611685197446,0.028811784390959105,0.0,0.11389309119731576,0.3907414796364972,0.9196399520800002,0.7388566134188888,0.014425615014615879,0.3568879436995716,0.0,0.057369862754967825,0.00657115639974993,0.005949141397786818,0.006123887589402203,0.0031056200151418616,0.27931300292785805,0.11080589215726533,0.11900650592804912,6.610696135189607e-05,0.775814502637746,0.0015232820679497753,0.35168277480458715,0.9502289127497033,0.6467047917976357,0.5457631618138861,0.5682086044522446,0.09593868514010695,0.061394612243264125,0.0,0.0,0.0,0.0,0.0
0.00020640360553998615,0.018522175681644933,0.0042064938740920274,0.002063201491575355,6.610696135189607e-05,6.610696135189607e-05,0.16460329957676653,6.610696135189607e-05,0.038211670040704956,0.9999344156581677,0.0,0.2288101816775694,0.00027613190060753884,0.16180014552782643,0.004183842806644073,0.3336809008302631,0.0720999148976298,0.13184207199517495,0.06182618242726627,0.14872388715885074,0.9855739264866779,0.5281261856312885,1.0,0.028493044353871427,0.6620084268600219,0.0031722866842043844,0.0032848957523196106,0.01808218973924812,0.9999338930386481,0.1909930726951,0.233703883520028,0.39075153073188856,0.3360602043216978,0.7720420607486573,0.21584101066849065,0.04726805736916285,0.11141589754952327,0.4185681628218583,0.09675299411093519,0.7164284264498226,0.41551661043663146,0.018759826651118715,0.11280772220275802,0.0,0.1153150221658736,0.0,0.028731251324515785,0.3146586101791529,0.28118402961568284,0.07721684206586607,0.025979291039918702,6.610696135189607e-05,6.610696135189607e-05,6.610696135189607e-05,0.12632932597171753,0.3580103473080343,0.22646552922551366,0.20453363237636174,0.0,0.08180824224147751,0.030309118035545497,0.0,0.113110584123524,0.39088718385875626,0.919413990921615,0.7384683906383913,0.01442607351332219,0.3565587922028378,0.0,0.05695127676494702,0.007044525012107948,0.0056192885726594755,0.0060717338625807865,0.003187029099261177,0.2774606913550126,0.10921210990222219,0.12436706461687257,6.610696135189607e-05,0.7829902655500451,0.001492410025829048,0.3508151752775783,0.9524558107302296,0.6449757146811728,0.5469388763359521,0.5695661050588018,0.09836107452902348,0.061754133709437414,0.0,0.0,0.0,0.0,0.0
0.00020640360553998618,0.018515110280461145,0.0042083837475620466,0.00206368912921671,6.610696135189607e-05,6.610696135189607e-05,0.16463438252404072,6.610696135189607e-05,0.038242524837112456,0.9999344053008935,0.0,0.2297431498783746,0.0002720084746525012,0.16316200728096025,0.004082344970452885,0.3339323623951762,0.07120563341334765,0.13198500394801788,0.06180208643520064,0.14869238741399393,0.9855729934483989,0.5281141547168978,1.0,0.028458778178474142,0.6651377296793555,0.0031389533494640214,0.0032917132713005553,0.01806655163499501,0.9999338930386481,0.19133216172184797,0.2335657093657002,0.3947662528855858,0.33522564297876445,0.7719653929394648,0.21424587643857496,0.04496657387727184,0.10914390114048352,0.415850515093277,0.09495868754697387,0.7156420227573658,0.414896439434621,0.019018853268354577,0.11319702008170038,0.0,0.11564724136034917,0.0,0.028722267481868766,0.31391344128858745,0.28097963336160475,0.07708887431031904,0.025930559795518913,6.610696135189607e-05,6.610696135189607e-05,6.610696135189607e-05,0.12594021552889062,0.35863262059882733,0.22656928068433133,0.20604203983012487,0.0,0.08460336007429974,0.031977918770291686,0.0,0.1123575322695456,0.39101079089155105,0.9191790602964448,0.7381105925043057,0.014427006551601082,0.3562386039227531,0.0,0.0565400369488197,0.007566664062192443,0.005284062492505586,0.006014411745623073,0.003256330718990136,0.27531931180426,0.10755510542338426,0.13040403939318768,6.610696135189607e-05,0.7902067805396585,0.0014653263762039036,0.34996893385292543,0.9547614176480756,0.6430907315042566,0.5480892211659785,0.5711089500578499,0.10079481155974104,0.06210776572581008,0.0,0.0,0.0,0.0,0.0
0.00020640360553998615,0.018507387952218856,0.0042100221755819725,0.002064143515950205,6.610696135189607e-05,6.610696135189607e-05,0.16467055468987574,6.610696135189607e-05,0.03826869953315503,0.9999343951173039,0.0,0.23061953173943942,0.00026766127109311555,0.1645555847031318,0.00398370944515783,0.3340746234492006,0.0703031440080247,0.1321328827429355,0.061769846288223886,0.14865211327042122,0.9855717236954021,0.5280974488523116,1.0,0.02842737711900529,0.6682714618623313,0.0031056200151418608,0.0032994056336357177,0.018054126680528162,0.9999338930386481,0.19168789642681716,0.23336968190929805,0.3988540245643956,0.3343807829723015,0.7718961480088182,0.21262121635882236,0.04251945647913073,0.10673506356002599,0.4129181260023861,0.09304380058956585,0.7148352507541291,0.414296439665184,0.019295833244725367,0.11356821519341348,0.0,0.11597650608817033,0.0,0.028714222972269138,0.31313705558288135,0.28075884701870835,0.07695667317845051,0.025882143232515534,6.610696135189607e-05,6.610696135189607e-05,6.610696135189607e-05,0.125538116697874,0.3592778984100995,0.22666207762132143,0.20762232684482468,0.0,0.08758694871752666,0.03382846122949748,0.0,0.11163899332346307,0.391115916489045,0.9189343204670507,0.7377796715361653,0.01442827630459785,0.3559260450595182,0.0,0.05608363315656027,0.00809728541408522,0.004928150032645615,0.005953005678051702,0.0033192878448743916,0.27312468901108267,0.10595168680658588,0.1372731594474054,6.610696135189607e-05,0.7978766431976456,0.001441774369860192,0.34913692505691357,0.9572128822497762,0.6411224030193156,0.5492697033229587,0.5728815759612336,0.10322261191438312,0.06245476110283554,0.0,0.0,0.0,0.0,0.0
0.00020640360553998618,0.01849988340192421,0.004211578180087493,0.0020645495961854076,6.610696135189607e-05,6.610696135189607e-05,0.1647069350214479,6.610696135189607e-05,0.0382912249211261,0.9999343845472889,0.0,0.231428409782992,0.00026304081925044166,0.16596518785500255,0.003887032295512179,0.33406669618364004,0.0693898707450184,0.13227902915448642,0.061729626629900766,0.1486017683913258,0.9855700831414123,0.5280737347404648,1.0,0.02839871005471807,0.6714226598520375,0.0030722866818085276,0.0033079027987398106,0.018043461203995966,0.9999338930386481,0.19205301492936677,0.23311143979915686,0.4030381574394674,0.3335246641984396,0.7718352146171865,0.21097666139727125,0.039982101333661015,0.10422593534521912,0.4098042537391581,0.09103730295253708,0.7140138740092568,0.4137226980112232,0.01959154810959339,0.11392581717712474,0.0,0.1163049715168249,0.0,0.02870727104149281,0.31232849318716205,0.2805230660000514,0.07681869793013622,0.02583214385143596,0.0001037798807096353,6.610696135189607e-05,6.610696135189607e-05,0.12512751778710765,0.3599485686376423,0.22674356057932218,0.20928667709908233,0.0,0.09078859825726092,0.035879626520036255,0.0,0.1109556189996868,0.3912052245329846,0.9186788252605058,0.7374724144315494,0.01442991685858774,0.3556212937427103,0.0,0.055596584848538785,0.008657616220405572,0.004559314744082201,0.00588657238728175,0.003377938109391343,0.2706972801705773,0.1043566178399327,0.1450914849902909,6.610696135189607e-05,0.8058449261360009,0.0014212248034912343,0.3483082517206544,0.9597548578470886,0.6390202785425174,0.5504290874452935,0.574896000863823,0.105640636246038,0.0627930483013058,0.0,0.0,0.0,0.0,0.0
0.00020640360553998615,0.01849218277283898,0.004212926740122763,0.002064940959607326,6.610696135189607e-05,6.610696135189607e-05,0.1647476851972005,6.610696135189607e-05,0.03831008856307134,0.9999343739358605,0.0,0.23217670881564106,0.0002581022040199873,0.16738739643476788,0.003792071728696193,0.3338874380278729,0.06846837838295267,0.13242329111385492,0.06168177207990545,0.14854121168097578,0.9855682704473715,0.5280443597909453,1.0,0.028374431243327156,0.6745846125381343,0.003051268910042568,0.0033173529534171815,0.018034253217578924,0.9999338930386481,0.19241113326093587,0.23277692043326445,0.40728884879241994,0.33265637418567856,0.7717809188722305,0.2093043415408493,0.037343722736815584,0.10160407969366449,0.40648380696662184,0.08892798007579952,0.7131769993032424,0.41317420086030665,0.01990680664908064,0.11427328468861754,0.0,0.11663302910581477,0.0,0.028702056032508718,0.3114870543389346,0.28027070647106783,0.07667547875345014,0.025779983611211543,0.0010364924442679204,6.610696135189607e-05,6.610696135189607e-05,0.12470877094051487,0.3606418725109823,0.22681579279140257,0.21103535269089058,0.0,0.09419330824761614,0.03814331904329376,0.0,0.11030923752037278,0.3912797415260876,0.9184114212710139,0.7371855036304067,0.014431729552628558,0.35532261110324,0.0,0.05511483538041527,0.009265656233007428,0.004162701219685045,0.00581523407642235,0.003433150654794058,0.2679742413520647,0.10279951233144244,0.1540598740080108,6.610696135189607e-05,0.8138605182927787,0.0014032883363668356,0.3474835969526192,0.9623981750591645,0.6368152156239515,0.5515808022613883,0.5771845818963276,0.10804538479343218,0.06312276649975088,0.0,0.0,0.0,0.0,0.0
0.00020640360553998618,0.01848395248866399,0.004214186445122887,0.0020653307943961146,6.610696135189607e-05,6.610696135189607e-05,0.164797758436326,6.610696135189607e-05,0.038325453120908765,0.9999343629648655,0.0,0.2328824847696881,0.0002528110970969682,0.168831805943328,0.003698983031669772,0.33352528464433073,0.0675435914753477,0.13256707784969243,0.06162592834363065,0.1484693555937324,0.9855664002000264,0.5280080357596181,1.0,0.028352638462886957,0.6777415377991574,0.003034546896285229,0.0033280063498784466,0.01802655879088878,0.9999338930386481,0.19277876916662126,0.23236890488366224,0.4116641035769104,0.3317758717868312,0.7717305364918935,0.20758883500784364,0.034580196596156666,0.09884716465098246,0.4029148172441559,0.08668503332442296,0.712320339709276,0.4126436173981053,0.020241938503347552,0.11461230387388822,0.0,0.11696055145275584,0.0,0.02870047366780076,0.31058690809463424,0.2800052731386732,0.0765265996162859,0.02572558665687431,0.002252857688237646,6.610696135189607e-05,6.610696135189607e-05,0.12428126396806458,0.36137196554766876,0.22688188032132375,0.21288708528932165,0.0,0.0978264477998387,0.04064384777500586,0.0,0.1097072621198654,0.3913452136276847,0.9181321331530218,0.7369183405323794,0.014433599799973596,0.35503141278762607,0.0,0.05458362891759293,0.009875831028987678,0.003750745740994,0.005739584280045709,0.0034851519912377006,0.2652077153300835,0.10125789469810549,0.1644980046991,6.610696135189607e-05,0.8223065399229567,0.0013875831867828196,0.3466415949331466,0.9651669923067464,0.6344945816058508,0.5527423519491684,0.5797896820312464,0.11042880669551093,0.06344409112451758,0.0,0.0,0.0,0.0,0.0
0.00020640360553998615,0.018476229598548503,0.004215092744833392,0.0020656907551557164,6.610696135189607e-05,6.610696135189607e-05,0.16485087737088647,6.610696135189607e-05,0.038336278047675344,0.9999343518441722,0.0,0.23353389136911226,0.00024712627096076453,0.17028018678586787,0.0036068325864187234,0.3329380127817354,0.06661213637737048,0.1327035141708856,0.061561867645632505,0.1483842534098709,0.985564616792748,0.5279631793285472,1.0,0.028333297711470456,0.6809140677853268,0.0030221458112469966,0.003339721900210587,0.018019647802139528,0.9999338930386481,0.19314716344719798,0.23191118972077687,0.4161518500252043,0.33087963320429525,0.7716885405072025,0.2058476252327826,0.03175846791635746,0.09599777383045055,0.3991382679976533,0.08434392546227924,0.7114497775637997,0.4121415388861728,0.020598798681334927,0.1149503579528881,0.0,0.11729195278412974,0.0,0.028702064079871088,0.3096442609323524,0.2797192607633758,0.0763707135319399,0.025668049254268407,0.0035709423698108015,6.610696135189607e-05,6.610696135189607e-05,0.12384242502881176,0.3621411415122433,0.2269379089097491,0.21484557745269559,0.0,0.10168164844625348,0.043389631430218796,0.0,0.10914737058526888,0.3913986163776419,0.9178393336730326,0.7366653886372411,0.01443538320725199,0.3547448678873231,0.0,0.053690560407227514,0.010444758590630489,0.0032918013783275833,0.00559500512902456,0.003509203317347315,0.2599282670822253,0.09884358949338544,0.1753980458590576,6.610696135189607e-05,0.8372038727192865,0.0013735505830484516,0.3457729059454096,0.9679944058126818,0.6320403909374281,0.5538652679857092,0.5827180617559854,0.11279071547356088,0.06375633056529982,0.0,0.0,0.0,0.0,0.0
0.00020640360553998618,0.01846869275082459,0.004215876317443814,0.002066527088868508,6.610696135189607e-05,6.610696135189607e-05,0.16491460470516778,6.610696135189607e-05,0.038338683983664745,0.9999343348448809,0.0,0.23401852104439064,0.00024091903070890864,0.1716284931048508,0.0035136005307970794,0.3320709965494174,0.06565843419892171,0.13282463941610506,0.061490234570199004,0.1482862998804526,0.985563087630735,0.5279118584895819,1.0,0.028337187482418872,0.6841542341713939,0.003014444047986918,0.003353627461523194,0.01801435605387173,0.9999338930386481,0.19351848837658575,0.23133615140926075,0.42068098037358126,0.3299467853495334,0.7716523286122071,0.20415379704470693,0.028889525661013164,0.09308857098036634,0.3953497472057762,0.08192806672678035,0.7105749776810657,0.4116723665462952,0.02097858249054145,0.11529042588390137,0.0,0.11762726026371673,0.0,0.028713082759130936,0.3086524978788655,0.27941133366937404,0.07621109977251726,0.025608328747766886,0.005160388686172518,6.610696135189607e-05,6.610696135189607e-05,0.12337436531991179,0.3629490634921077,0.22698635677981616,0.2170270382586754,0.0,0.10581545803785863,0.0464654744168056,0.0,0.10863893433120499,0.39144364230169765,0.9175311829392596,0.736423274235646,0.014436912369265004,0.3544608812467014,0.0,0.052867125261109385,0.01104798932229897,0.0028473476029360007,0.005474854528347557,0.0035333210986339893,0.2549252202095905,0.0964913203657795,0.18868904888715018,6.610696135189607e-05,0.8508008233957005,0.0013613146079767173,0.3448006436522272,0.9708695553082779,0.6294674778769243,0.5546711778466211,0.5860009367238023,0.11512765378880767,0.06405935173590203,0.0,0.0,0.0,0.0,0.0
0.00020640360553998615,0.018460687319303552,0.004215842358450214,0.002067283993345166,6.610696135189607e-05,6.610696135189607e-05,0.1649957090424022,6.610696135189607e-05,0.038340034092547305,0.9999343211889777,0.0,0.2344289770146703,0.00023421799004463362,0.17291176957253696,0.003420594280763637,0.3309314955156933,0.06469725716413023,0.1329401014329134,0.06141177934245671,0.14817712606411818,0.9855625667149895,0.5278593327938202,1.0,0.02834979460638849,0.687408281735897,0.00301140187606703,0.0033687794739276763,0.018010979991038144,0.9999338930386481,0.19390465304148308,0.23066275813947867,0.42537393743240615,0.3289952654420503,0.7716239622226364,0.2024466619509297,0.025987230758234205,0.09009423208901714,0.39133910776612946,0.07940993329067512,0.7096947542917816,0.41123890356753556,0.021382567115301215,0.11563347645160055,0.0,0.1179656580894105,0.0,0.028724888559867403,0.3076303140706661,0.27907508028020783,0.0760438702086273,0.025547105464100824,0.006915769618516664,6.610696135189607e-05,6.610696135189607e-05,0.12289409433496207,0.36379914897695664,0.22702567940363616,0.21933714189262626,0.0,0.1100831892695948,0.04980826025956896,0.0,0.10817622731554075,0.39147418605748585,0.917205653542242,0.7361893974842814,0.01443743328501042,0.35417500911676925,0.0,0.052122700289791886,0.011669729581226137,0.0023743336435108377,0.00536685680786083,0.003557394751957646,0.25024525006036136,0.09436143537420288,0.20447689152174617,6.610696135189607e-05,0.8632130143764721,0.0013503583737273957,0.3437872191417736,0.9737785512517212,0.6269108090688511,0.5554320376935379,0.5896585711936316,0.11743176122854745,0.06434680894206506,0.0,0.0,0.0,0.0,0.0
0.00020640360553998618,0.018452555172172078,0.004215513020160479,0.0020679323020612573,6.610696135189607e-05,6.610696135189607e-05,0.16509090205231386,6.610696135189607e-05,0.03834053754312001,0.9999343085150271,0.0,0.23480542428145554,0.0002270294050954492,0.17414773862500893,0.0033278870638510025,0.3294930866519349,0.06373415127568549,0.13305073218821745,0.061327104447156944,0.1480558729289868,0.9855625345144854,0.5278006476757022,1.0,0.028364856685092095,0.6906611925725109,0.003012460906590269,0.0033847808792263974,0.01800907452376781,0.9999338930386481,0.1943040620141964,0.2299109099558812,0.4302117997049216,0.32803741020261784,0.7716028247425877,0.20071298653018776,0.02309629628418976,0.08703558109798036,0.38708435686432185,0.07678737240435445,0.7088070249308417,0.4108375387667403,0.02181132325430421,0.11597869639048969,0.0,0.1183072018856722,0.0,0.028737611303716097,0.30656779544973206,0.2787168281171612,0.07586652697593002,0.02548277474503462,0.008755969953999486,6.610696135189607e-05,6.610696135189607e-05,0.1224011765400041,0.36469629867766884,0.22705715880835448,0.2217644816448547,0.0,0.1145267945291016,0.05340408505552224,0.0,0.10776202560000547,0.39149059348639537,0.9168615722985388,0.7359654306805236,0.014437465485514603,0.35389215043862565,0.0,0.05137970430849514,0.012282789607485996,0.001919378725499633,0.005265675265092399,0.003580387561367577,0.2458519738806205,0.09229877471679541,0.22339138139137732,6.610696135189607e-05,0.8749312925719971,0.001340016449057882,0.3427171075435019,0.9766766743107148,0.6242898857479091,0.5561836710163048,0.5937195409437107,0.11969679819346736,0.06462113555864689,0.0,0.0,0.0,0.0,0.0
0.00020640360553998615,0.018444804686457993,0.004214366047640428,0.0020685264721658587,6.610696135189607e-05,6.610696135189607e-05,0.16519666644573053,6.610696135189607e-05,0.03833971774652661,0.9999342977130893,0.0,0.23515636935915016,0.0002193549679691208,0.1753230251923207,0.003234604721238066,0.3277177977748905,0.06276897817738664,0.1331526885637229,0.0612367917466733,0.14792192929045,0.9855628451125326,0.5277347881512201,1.0,0.0283839872732597,0.6939120700935435,0.0030139178063100305,0.0034015265664198158,0.018008205922203698,0.9999338930386481,0.19471181409725324,0.2290850688603236,0.43518755015637683,0.3270813769582445,0.771589213462552,0.1989701617452252,0.02027518097885137,0.08394802248872307,0.3826307554287806,0.07408730626957692,0.7079207076753828,0.41047453523757416,0.022266129869164975,0.11632873485890649,0.0,0.11865307990748465,0.0,0.028752571366234634,0.3054963017846069,0.2783200913812842,0.07568320994331446,0.025415835254130995,0.010765809144344395,6.610696135189607e-05,6.610696135189607e-05,0.12187077454541063,0.36563624531030975,0.22708092842414607,0.22426869655038312,0.0,0.11899085979494439,0.05716442988430185,0.0,0.10738764263473685,0.3914873163826926,0.9164970783841617,0.7357493358506436,0.0144371548874674,0.3536121319412953,0.0,0.05065917428922341,0.012895005099433405,0.0015118665790064794,0.0051698884143783945,0.0036020768509949013,0.24156111067929834,0.09016994374947424,0.24519775584207812,6.610696135189607e-05,0.8856820636494277,0.0013298581133018802,0.3416047723452416,0.9795054640531795,0.6217380925240118,0.5569702099656796,0.5981948959555325,0.12192267151249364,0.0648854598160105,0.0,0.0,0.0,0.0,0.0
0.00020640360553998618,0.018437072486111192,0.004212240408165029,0.002069089291806499,6.610696135189607e-05,6.610696135189607e-05,0.16532008750665603,6.610696135189607e-05,0.038340239317556826,0.9999342888488875,0.0,0.2355014668277838,0.00021124376649027951,0.17642558632156985,0.00314021415447319,0.3256114749609407,0.061806574419336714,0.13324874951268986,0.061142361463107066,0.1477768342659634,0.9855633487037467,0.5276636331144157,1.0,0.028408777914306862,0.6971458445945253,0.0030146220878105425,0.0034190338950753386,0.018008508071500295,0.9999338930386481,0.1951340272199917,0.22820337504811064,0.4402558540409498,0.32613507936136404,0.7715758045585729,0.19723185439879007,0.017560134757593136,0.08085809598466549,0.3780492022113374,0.0713173665537664,0.7070468577038475,0.41014609172089245,0.022746607137410464,0.11667912422771903,0.0,0.11899917584850227,0.0,0.02876928504396716,0.30444088488947174,0.27787698791326376,0.0754998281518071,0.02534867528125954,0.013064747716322888,6.610696135189607e-05,6.610696135189607e-05,0.1213520994105796,0.3666056250961037,0.22710436438857048,0.2268034267159557,0.0,0.12324185322440627,0.06095533293601455,0.0,0.10704555725505496,0.39146233496775074,0.9161110313994825,0.7355440415063176,0.014436651296253268,0.353337191037082,0.0,0.04998093177839404,0.01350341970446209,0.0011148819581468486,0.005082877887347811,0.0036239640246281332,0.2375173177654102,0.0880726053232436,0.2696972163971323,6.610696135189607e-05,0.895328251351257,0.0013198310528566037,0.3404632520574704,0.9822286214759166,0.6194744644693584,0.5578552506981749,0.6030711584852929,0.12410101062176097,0.06514282379866698,0.0,0.0,0.0,0.0,0.0
0.00020640360553998615,0.018429465463176874,0.004209890073387915,0.0020695679371457304,6.610696135189607e-05,6.610696135189607e-05,0.16546384886258816,6.610696135189607e-05,0.038339744325897714,0.9999342805155181,0.0,0.23585091177542908,0.0002027352044193625,0.17743650024704866,0.0030442487575886405,0.3231615611057923,0.060850172260782445,0.1333386968156133,0.06104526213141942,0.14762241914489452,0.985563962442848,0.5275878102520518,1.0,0.028437465342221895,0.7003570830382916,0.0030150795304729897,0.0034367335678840137,0.01800941655224179,0.9999338930386481,0.19557351182443186,0.22729509655208988,0.4453052814952529,0.32520877493774286,0.7715574477443604,0.19550953852027347,0.014987438284082295,0.07780201932996265,0.37343187764988517,0.06848392054354316,0.7061859718395439,0.40984406566773735,0.023250964818365274,0.11702228378300476,0.0,0.1193403470675331,0.0,0.02878761307273358,0.30337659829265373,0.2774034839076242,0.07531606628512394,0.025313372050686143,0.015643290342519618,6.610696135189607e-05,6.610696135189607e-05,0.12073988396075573,0.3675949375915177,0.22713280624200682,0.2293591780551046,0.0,0.12726953701092925,0.06469850166116595,0.0,0.10673554815946792,0.3914182304657006,0.9157037730502153,0.7353552970721007,0.014436037557151993,0.3530718426804151,0.0,0.04932557625176616,0.014137351670223475,0.0007841701902293534,0.004958332073480414,0.0036455605112047876,0.23353815165634556,0.08585341552977281,0.2971972388904627,6.610696135189607e-05,0.9038856302657255,0.0013097460136327608,0.33928037164919284,0.9848098265114984,0.6174919434120595,0.5588253719313603,0.6083545183506646,0.12622830774020574,0.06539900705094875,0.0,0.0,0.0,0.0,0.0
0.00020640360553998618,0.01842203876003078,0.004206914771719106,0.002070400475425437,6.610696135189607e-05,6.610696135189607e-05,0.16563695844571383,6.610696135189607e-05,0.038331636595669974,0.9999342723685506,0.0,0.23622843966944687,0.00019386331201412323,0.1783230410684815,0.0029470706746906254,0.3203512998762424,0.05990591846216589,0.13342449679822402,0.060947913319578835,0.14746243440159756,0.985565289811483,0.5275151225336532,1.0,0.028472875339131225,0.7035316926064339,0.0030138644013761808,0.003456873952220645,0.018006264002221016,0.9999338930386481,0.19603406701297477,0.2263633561035635,0.45022850852898155,0.3243099734100215,0.7715463071319659,0.19379857683382273,0.012565769811987728,0.07476747350549708,0.3687923644928657,0.06554979556723889,0.7053404540437015,0.4095622375708743,0.023779150722199223,0.11735628884159513,0.0,0.11968010709163818,0.0,0.02880901413203173,0.3023647073225057,0.2768842673677701,0.07514731699013011,0.025256023431608127,0.01856212608743751,6.610696135189607e-05,6.610696135189607e-05,0.1201591319375983,0.3685991107299198,0.22715414716036395,0.2319175965542771,0.0,0.13084203795228688,0.06829262193890523,0.0,0.10646056399479925,0.3913450132802268,0.915272935958222,0.7351812767568073,0.014434710188517018,0.3528047703747087,0.0,0.04871597115988,0.0147595418581791,0.0005393066795975085,0.004854768485077611,0.003668144500879849,0.22986539509699702,0.08349687288758499,0.3262503454490996,6.610696135189607e-05,0.9105716174817081,0.001299545707670153,0.33805538694245335,0.9872403668759981,0.6160674474737345,0.5599679428935385,0.6140989045565188,0.12829306349933337,0.0656682523506749,0.0,0.0,0.0,0.0,0.0
0.00020640360553998615,0.018414698778338408,0.004203552050733139,0.002071126588775306,6.610696135189607e-05,6.610696135189607e-05,0.16583399083861458,6.610696135189607e-05,0.038325854887940346,0.9999342663403531,0.0,0.2366557299003786,0.00018473811849470956,0.17905827319511847,0.002848312107406043,0.31721756093453013,0.05898105729107792,0.1335062208188797,0.06085163116283425,0.1472985294522118,0.9855673265549875,0.5274432726317715,1.0,0.02851358749220414,0.7066374322701301,0.0030091591462953074,0.0034785478430158804,0.01800624166101495,0.9999338930386481,0.19651707734922555,0.22544919223882773,0.454942740896821,0.32345504027093497,0.7715311065739986,0.1921167955191546,0.010341454926375414,0.07180702854938097,0.36427556109033826,0.06254909768910584,0.7045285375147697,0.4093059279304856,0.024328021141876835,0.11767362122921753,0.0,0.12001093637731315,0.0,0.02883039311394888,0.30141293811006037,0.2763273143296914,0.07498672737637757,0.02519649852970505,0.021717491108657686,6.610696135189607e-05,6.610696135189607e-05,0.11958446768686402,0.3696055753633815,0.2271790265438373,0.2344136780336054,0.0,0.13381609333736594,0.07159131034815192,0.0,0.1062037868960011,0.39124125962109146,0.914820347695289,0.7350278493185708,0.014432673445012542,0.3525457909909153,0.0,0.04815348431205494,0.015377548821490448,0.00033689709750078247,0.004756707296448168,0.0036924642382885242,0.22645020849934366,0.08109972999202,0.35538136991894737,6.610696135189607e-05,0.9158476127552005,0.0012898668821641087,0.33681379654686144,0.9894738069551299,0.6153186049181346,0.5612848164541038,0.6202333413763641,0.1302866182981512,0.06594659162954322,0.0,0.0,0.0,0.0,0.0
0.00020640360553998618,0.018407427401807955,0.004200539496040966,0.00207180093237351,6.610696135189607e-05,6.610696135189607e-05,0.16605523624689497,6.610696135189607e-05,0.03832219773452234,0.9999342595862203,0.0,0.2371389483792116,0.00017544398531862786,0.1796110958409617,0.002748103165968331,0.3137755737451997,0.05808078219841627,0.13358434718222947,0.06075824658222105,0.14713337604263088,0.9855698142036339,0.5273738277899684,1.0,0.028557687329532663,0.7096605086503167,0.0030011993971078487,0.003500804035526891,0.018007898044613137,0.9999338930386481,0.19701988196086445,0.22460075358928291,0.4593380742986775,0.3226524099688959,0.7715073036883642,0.19047014096982942,0.008341349484864619,0.06894521366335477,0.3599747687284339,0.0594899090553634,0.7037518888738541,0.40906808770244646,0.024894066288210722,0.11796723380996971,0.0,0.12032656315851895,0.0,0.028850907417220135,0.3005006537595046,0.2757532210039317,0.07483498924171443,0.025137407185959224,0.02500960420685976,6.610696135189607e-05,6.610696135189607e-05,0.11901163396536972,0.3706058116822551,0.22721156147815533,0.23683713259597097,0.0,0.13628498801415778,0.07457301484742192,0.0,0.10596179243257871,0.3911084657208924,0.9143476871295683,0.7348993901473995,0.014430185796366143,0.35229960905151264,0.0,0.047618613168490344,0.01597922523748832,0.00020640360553998618,0.004698063506555886,0.0037192763796249475,0.22346816981802373,0.07868616280236719,0.38421893455233747,6.610696135189607e-05,0.9192665196948281,0.0012811348334805241,0.335553778054988,0.9914832065298168,0.6151587024815258,0.5627041132581758,0.6267345171994368,0.13220553649515088,0.06623909939443162,0.0,0.0,0.0,0.0,0.0
0.00020640360553998615,0.018400723034468214,0.004197661514629295,0.0020720885044193233,6.610696135189607e-05,6.610696135189607e-05,0.16628819894056357,6.610696135189607e-05,0.03832383171647606,0.9999342555100634,0.0,0.237681916950509,0.00016608400283350225,0.17996473536750543,0.0026463538495580916,0.3100577707761678,0.0572090275124938,0.13365816088064092,0.06066863722491105,0.14696841878550315,0.9855728635552347,0.527308845577865,1.0,0.028607920419471508,0.7125848747941134,0.0029876344320815826,0.003521681165870806,0.018010767205071943,0.9999338930386481,0.19753603038818549,0.22385121282602105,0.46344304059426605,0.3219081447984677,0.771478694217168,0.1888743140393154,0.00658964349624001,0.06620598730174578,0.35595679668586255,0.056406644805544304,0.7030236174957356,0.4088584930943045,0.02547531339477949,0.11823731670969102,0.0,0.12062646388885076,0.0,0.028869034076544665,0.2996470156185531,0.2751709154916116,0.07468754411424805,0.02508145253818394,0.028326622619676247,6.610696135189607e-05,6.610696135189607e-05,0.11845672593775804,0.3715844414427345,0.22724716425228372,0.2391269657075927,0.0,0.13823380201556537,0.07714378953709941,0.0,0.10571520281793431,0.39094602010431373,0.9138560493803094,0.7347942645048058,0.014427136444765358,0.3520646905332842,0.0,0.047191650139069424,0.01654108595214924,0.00010696331036034353,0.004640659756994608,0.003750358408576418,0.22107468884923898,0.0765423731331396,0.41223185695390857,6.610696135189607e-05,0.9207233931715255,0.0012741415305483003,0.3343168033025829,0.9932442725009265,0.6155954753151834,0.56425305992748,0.6335355844182878,0.1340521521738362,0.06653732592074092,0.0,0.0,0.0,0.0,0.0
0.00020640360553998618,0.018395178447655626,0.0042043723630360045,0.0020723698413500917,6.610696135189607e-05,6.610696135189607e-05,0.16649769239793105,6.610696135189607e-05,0.038326441284595815,0.9999342201925501,0.0,0.2382887240671803,0.00015676243919891976,0.1801159066569231,0.002543702660326778,0.3061078276293031,0.05636837841863736,0.13372712416625335,0.060583780390162933,0.14680597026020034,0.9855761714162378,0.5272497918729008,1.0,0.028651168824747907,0.7154010196329758,0.0029668362628746054,0.0035421958162557107,0.01801362069802748,0.9999338930386481,0.19805415838803675,0.22321651623835945,0.46716739930025697,0.32122955327986136,0.7714440970204308,0.18734052179687966,0.005103905304385571,0.06362505919223309,0.3522955096576241,0.05335857185310592,0.7023450943887997,0.4086712831896935,0.026068788337210203,0.11848036797547937,0.0,0.12090721118963273,0.0,0.028881978266719156,0.2988322084695727,0.27458954926119983,0.07454859020236942,0.025027611303139796,0.03151655341487451,6.610696135189607e-05,6.610696135189607e-05,0.11788296776854469,0.3725413874744062,0.227286774281933,0.24128398667352643,0.0,0.13981860741537325,0.07935445917606787,0.0,0.105468044042499,0.39075962060333563,0.9133474312726269,0.7347136617643203,0.014423828583762215,0.35184299693746646,0.0,0.046798747881156524,0.01710293626929341,6.610696135189607e-05,0.004572376491621863,0.0037798156008923113,0.21881366022020912,0.07427173885619673,0.43819447952467727,6.610696135189607e-05,0.9213893159866596,0.0012691286976361466,0.33308676746241356,0.9947393322564155,0.6164404267354706,0.5658063285059812,0.640533600517591,0.13581848315006395,0.06684197204071768,0.0,0.0,0.0,0.0,0.0
0.00020640360553998615,0.018389340105799123,0.0042054526289330065,0.0020728455870097514,6.610696135189607e-05,6.610696135189607e-05,0.16673360415849534,6.610696135189607e-05,0.03832660233582145,0.9999342177151154,0.0,0.23896885441591306,0.00014755973469955582,0.18007367026123067,0.00244122590511852,0.3019597839668397,0.05556449406415586,0.13380122451864596,0.06050518851086763,0.146651378199643,0.9855826994165053,0.5272219881012182,1.0,0.028693838924947656,0.7180753977287202,0.0029399155391025646,0.0035633869015087066,0.018017065630703363,0.9999338930386481,0.19857978316439184,0.2226897607781936,0.47047709795013204,0.3206121092582704,0.7714048909824995,0.18586351555169853,0.0038679025867157106,0.06116771832619897,0.34894323058395865,0.05031975998775941,0.701712723017269,0.4084969561668988,0.026673086869135467,0.11869977817484989,0.0,0.1211700802342878,0.0,0.028894044177620832,0.29804209600749465,0.27399714562635297,0.07442203802885458,0.02497977159576463,0.034783565878533027,6.610696135189607e-05,6.610696135189607e-05,0.1173481669864248,0.37344735513143096,0.22732852259912426,0.24330643970257523,0.0,0.1410005071962248,0.0812451748138739,0.0,0.10521973279281102,0.390542268950929,0.9128217246199969,0.7346488436255072,0.014417300583494662,0.35160793166449394,0.0,0.04643736234264562,0.01766513318041314,6.610696135189607e-05,0.004511317962232385,0.0038083692092639896,0.21672472989267316,0.0720419686381624,0.4607298066974791,6.610696135189607e-05,0.9211318320317862,0.001266586418376192,0.33186119032981326,0.9959845376785847,0.6177581042163456,0.5673703686970489,0.6477204560454008,0.13750305012576425,0.06715955036352629,0.0,0.0,0.0,0.0,0.0
0.00020640360553998618,0.018384608275397965,0.00420456745112879,0.0020733319398960072,6.610696135189607e-05,6.610696135189607e-05,0.1669923533989881,6.610696135189607e-05,0.0383240189113176,0.9999342154233621,0.0,0.23971442535792228,0.00013855993036289543,0.17983271520949418,0.0023395718404309383,0.2976584919789504,0.05479923494953013,0.13386901144155128,0.0604265157061426,0.14649387109937484,0.985589697409834,0.5271907566901833,1.0,0.028735855858314598,0.7206069677950113,0.002907998193385017,0.0035846684737453577,0.018021057251971874,0.9999338930386481,0.1991124864109245,0.22227217052949366,0.4733393911843728,0.32005657968917783,0.7713694199346629,0.18444010611000713,0.00286416984100892,0.05881859806115409,0.34587191412607077,0.0472912869480389,0.7011293390241662,0.40834204687147674,0.02728617569979607,0.11889865290191497,0.0,0.12142006122509232,0.0,0.028904000186056735,0.29731469307568437,0.27342816613893134,0.07430635534890877,0.024936172098441962,0.03786767996804184,6.610696135189607e-05,6.610696135189607e-05,0.11683138564844148,0.3743209962466808,0.2273636946072825,0.24519488692844235,0.0,0.14185792266769465,0.08284979733023703,0.0,0.10496954672203382,0.39030457546733055,0.9122873085940614,0.7346074759987102,0.014410302590166004,0.3513891820847244,0.0,0.046113961704452366,0.01820475890684582,6.610696135189607e-05,0.004457435804922694,0.003836026567907063,0.2149424565133617,0.07000825516979643,0.4798397552573934,6.610696135189607e-05,0.9203159695884797,0.0012668854580546577,0.33065058160362826,0.9969972702286282,0.619490764061657,0.5689387167032613,0.6550502210730107,0.13910187930426987,0.06748436621964152,0.0,0.0,0.0,0.0,0.0
0.00020640360553998615,0.01838060041076514,0.004203473980115007,0.002073835238316182,6.610696135189607e-05,6.610696135189607e-05,0.1672551177841621,6.610696135189607e-05,0.03832221098786279,0.9999342124121627,0.0,0.24050897560900256,0.0001298197192365191,0.17939345108937682,0.002239125168802448,0.2932265715890795,0.054071771938377464,0.13392923501953127,0.06035202238431616,0.14634040220505576,0.985596863732017,0.5271608719005991,1.0,0.02877437260522365,0.7229871688999286,0.002869775910132025,0.003605667133918429,0.018025431380324912,0.9999338930386481,0.1996390599324284,0.22195753644559837,0.47581310231013596,0.31955807941783376,0.7713403091919797,0.1830710920865186,0.002072561619014936,0.056579795962009925,0.34307617563031345,0.04429891704388697,0.7005866459469808,0.40820200705534304,0.02790615670890607,0.11907897551994201,0.0,0.12165613851321481,0.0,0.028910720008117605,0.2966155095616989,0.27288772527325217,0.074195959254117,0.0248952568817279,0.04072419485215204,6.610696135189607e-05,6.610696135189607e-05,0.11633750256741662,0.3751580236706595,0.2273895683052659,0.24695744569230638,0.0,0.14255324864484895,0.08423705807576505,0.0,0.10471981319528816,0.3900500631577705,0.9117418209067778,0.7345806222750022,0.014403136267982924,0.35118298958618616,0.0,0.04582065630245269,0.018731366746463,6.610696135189607e-05,0.0044103826164308985,0.0038436037252205894,0.21340587668607075,0.06816564594767649,0.496851356235608,6.610696135189607e-05,0.9191746513812622,0.0012701225027543642,0.32946248661217253,0.9977976186617485,0.6214735043037644,0.5704476411251191,0.6624745113670336,0.14062176891935368,0.06781869476735514,0.0,0.0,0.0,0.0,0.0
0.00020640360553998618,0.018377245018272242,0.004202492149009737,0.002074379741470451,6.610696135189607e-05,6.610696135189607e-05,0.1675184241948461,6.610696135189607e-05,0.038320883616098415,0.9999342092482638,0.0,0.24133272385038587,0.00012137606298491646,0.1787631202086928,0.002140230732187457,0.2886719429366833,0.05337894831157108,0.1339769772529899,0.06028150554531077,0.14619080821726063,0.9856041686990864,0.5271326739473232,1.0,0.028809715302664247,0.7251866879114924,0.0027927019237083423,0.0036263485429779575,0.018034237950136672,0.9999338930386481,0.2002067554000835,0.22174735842134927,0.4780302342030888,0.31911247320834824,0.7713202410167559,0.18176050116267975,0.001465234133012365,0.054442039165716036,0.3404934820507461,0.041352305809276506,0.7000901744659712,0.4080768304278333,0.028532545235413483,0.11924702757859162,0.0,0.1218808750445167,0.0,0.02891458780382237,0.29594003649406503,0.27237282573624155,0.07408843628214802,0.024860048288158142,0.04338435994688511,6.610696135189607e-05,6.610696135189607e-05,0.11586759439678392,0.3759571155779063,0.22740335976664017,0.24861124574845922,0.0,0.1431611714094917,0.0854439868318478,0.0,0.10447558198451189,0.38978582760057146,0.9111859492192758,0.7345621642041478,0.014395831300913639,0.35098645100816017,0.0,0.045559326987273774,0.019213810505203408,6.610696135189607e-05,0.004369347635907,0.0038688404614459397,0.21212302215663814,0.06651825206364623,0.5125218116943704,6.610696135189607e-05,0.9175497578412602,0.0012763992166039552,0.3282955292384751,0.9984133898040027,0.6236336692160995,0.5719223003852186,0.6699757512540402,0.14205529523794583,0.06816036471860526,0.0,0.0,0.0,0.0,0.0
0.00020640360553998615,0.01837507909525009,0.00420168202433528,0.0020749914471470156,6.610696135189607e-05,6.610696135189607e-05,0.16777418717489234,6.610696135189607e-05,0.03831854170473343,0.9999342061287747,0.0,0.24217421799259298,0.00011327082040851076,0.17796333082085788,0.002043154166215899,0.284029504749878,0.052717127105938524,0.13400700442874883,0.06021405329796316,0.1460437344782047,0.9856117210355878,0.5271058397801928,1.0,0.02884120745939782,0.7272642131053768,0.002714831069811976,0.0036464077201695333,0.018039985938263704,0.9999338930386481,0.20075034492574612,0.22159620400714566,0.47997040552143244,0.3187119753242731,0.771309231205772,0.18051998238318745,0.0010136919739178953,0.0524130938279383,0.3381572559969238,0.038494532121850396,0.6996354345535236,0.4079738568574684,0.02916480200665121,0.11940808234874234,0.0,0.12209593767280447,0.0,0.028916435312917755,0.2952958533238061,0.2718889048098926,0.07398539109634736,0.024823230458306582,0.0458448955567763,6.610696135189607e-05,6.610696135189607e-05,0.11543202972709161,0.37671756854855853,0.22740537325796137,0.2501548414194684,0.0,0.14373221648602924,0.08651289131322124,0.0,0.10423292585974904,0.3895132866449189,0.9106211446953857,0.7345481831730529,0.014388278964412197,0.3507982225470028,0.0,0.045329384402519296,0.01968977316985487,6.610696135189607e-05,0.004300366062823613,0.003907492517826372,0.2110043433203302,0.0650473695523352,0.5275403836637121,6.610696135189607e-05,0.9155781335317055,0.0012853955362665897,0.32715095820475126,0.9988730372056736,0.6258913588651746,0.573286698523639,0.6774759631282716,0.14341451248078887,0.06850585206886389,0.0,0.0,0.0,0.0,0.0
0.00020640360553998618,0.018373208227955823,0.004200984781750727,0.002076052639909338,6.610696135189607e-05,6.610696135189607e-05,0.1680279092058243,6.610696135189607e-05,0.038311944565981526,0.99993420244814,0.0,0.24303418022632417,0.00010552247492421967,0.1770121575059109,0.0019487011665456845,0.2793079391454405,0.05208633713024486,0.1340205644966454,0.06014978648670842,0.14590068490488814,0.985619639311031,0.5270823837428179,1.0,0.028869652201001888,0.7292386007367857,0.002630864558008359,0.0036683563537854413,0.018042371032329342,0.9999338930386481,0.20128017757961808,0.22147544709136566,0.4816096492401576,0.3183496884025874,0.7713052868595125,0.17933349947586325,0.0006863194339047329,0.05046647339549962,0.33598552249907804,0.03572262055743924,0.6992006651664928,0.40788220998687097,0.029802071278790795,0.11956460697918929,0.0,0.12230165182373919,0.0,0.02891852441359499,0.29467506588234904,0.2714264094892122,0.07389346717548073,0.02478476056088456,0.048207243654477386,6.610696135189607e-05,6.610696135189607e-05,0.11501752295357383,0.3774445030992721,0.2273979980688419,0.2516126496786924,0.0,0.14426394614652477,0.08752679156578384,0.0,0.10400136643212375,0.38923322283213,0.9100481422345008,0.7345347081159226,0.014380360688969026,0.35061596443344295,0.0,0.04511999321788973,0.02015029358420928,6.610696135189607e-05,0.004257999099363352,0.003924157700586723,0.21005099323636223,0.06371959655373248,0.5418301956102226,6.610696135189607e-05,0.9132784716555475,0.0012967150716456932,0.3260196706191201,0.999208158091171,0.6282574229520647,0.5745389847685924,0.6849694402971203,0.1447116312711386,0.06886400268435369,0.0,0.0,0.0,0.0,0.0
0.00020640360553998615,0.01837173793287405,0.004200442608788193,0.0020770249318943137,6.610696135189607e-05,6.610696135189607e-05,0.16828136167196947,6.610696135189607e-05,0.03830755376838237,0.999934199666214,0.0,0.2439010781560108,9.814548908903556e-05,0.17592634078806962,0.0018568552119605666,0.27452136947518707,0.05148376070491679,0.13401660915406752,0.06008859497249437,0.14576200846235512,0.9856281839559091,0.5270624341110406,1.0,0.028895694856649303,0.7310748454499276,0.002536864946856451,0.00368962917675766,0.018049450997005893,0.9999338930386481,0.20180609697295132,0.22138491764655574,0.48311141588843687,0.31802400679161197,0.7713094311977785,0.17820507736926774,0.00045504330680813085,0.048601624874932955,0.3339345540962025,0.0330446675530997,0.6987985578418265,0.4078063629338646,0.030443738567193238,0.11971997975063978,0.0,0.12250053722365406,0.0,0.028919599748714733,0.2940917708636735,0.27099353382832986,0.0738011866253401,0.02475261934489514,0.05037708570757051,6.610696135189607e-05,6.610696135189607e-05,0.1146264407688046,0.3781291988943125,0.22737991380510972,0.252981689860139,0.0,0.14477780718577954,0.08844655189951676,0.0,0.10377841865280282,0.3889517917135672,0.9094676664603124,0.7345180117870052,0.014371816044090904,0.35043702866530535,0.0,0.04493320274637128,0.02060594984916851,6.610696135189607e-05,0.004227409136420384,0.003951042477056157,0.2092135537033623,0.06250512080681529,0.555628981445439,6.610696135189607e-05,0.9104307877319349,0.0013106549971118773,0.3249121546145825,0.9994468112041028,0.6306942271512179,0.5757620387923202,0.6924339629717132,0.14593926280045388,0.06922523619850073,0.0,0.0,0.0,0.0,0.0
0.00020640360553998618,0.018370394696151787,0.0042000548258479984,0.0020780180796659384,6.610696135189607e-05,6.610696135189607e-05,0.16853460419366242,6.610696135189607e-05,0.03830475085382471,0.9999341975218378,0.0,0.24477662811672551,9.115337686545091e-05,0.17473176931624834,0.0017677318212173292,0.26969331372682154,0.05090909226907782,0.13399738109678183,0.060030839580748015,0.14562867832729795,0.9856371694294908,0.527045689588084,1.0,0.028920503950061478,0.7327963042474154,0.002432525590410634,0.003710111753769514,0.018055041204512196,0.9999338930386481,0.2023306800311438,0.22132785874233155,0.4844876500280586,0.3177302139958196,0.7713185246135822,0.17712750273837521,0.0002956070810522939,0.04680402972800613,0.3319939096513341,0.030464182112299062,0.6984213385405182,0.407743905760436,0.031088484322270963,0.11987438457172844,0.0,0.12269218479204458,0.0,0.028920722534515955,0.29351399724033256,0.2705913213934139,0.07371235696364883,0.02472018399075031,0.05250033793403077,6.610696135189607e-05,6.610696135189607e-05,0.11426449191159208,0.37878841060274504,0.22735436580899673,0.2542559677043755,0.0,0.1452728001162709,0.08927427251231425,0.0,0.10356080751011769,0.3886715401631591,0.9088806760969811,0.7344969371009736,0.014362830570509234,0.35026212561987147,0.0,0.044772433046778866,0.02101812862887354,6.610696135189607e-05,0.004208933868775116,0.003975595999236636,0.2086459387037479,0.06140300266288544,0.5693609662282204,6.610696135189607e-05,0.9073498861273601,0.0013271095774210926,0.3238399014405238,0.9996132395420823,0.6331914008394747,0.5769640860151344,0.6998425041608795,0.14710876168028628,0.06958717297962322,0.0,0.0,0.0,0.0,0.0
0.00020640360553998615,0.018369941816619245,0.004199636264775237,0.002078978772471928,6.610696135189607e-05,6.610696135189607e-05,0.16877915761769982,6.610696135189607e-05,0.03830270750048825,0.9999341958766197,0.0,0.24564578152666258,8.454794433702277e-05,0.17344312221248653,0.0016812242830762701,0.26484538050657747,0.05035804517951756,0.1339613956446038,0.05997610002276135,0.14549941773620054,0.9856465215620475,0.527030116726744,1.0,0.028941480628878847,0.7344203423709006,0.0023471010387433456,0.0037290864543209454,0.018060990859019473,0.9999338930386481,0.20280601477266036,0.2212809455064034,0.48572545714376986,0.31746458004874106,0.771335088683239,0.17611835025935116,0.00018853841067737625,0.045090237245439785,0.3302077763244503,0.028005295379877025,0.6980775288235093,0.4077014814312081,0.031736814569824114,0.12003285089917641,0.0,0.12288024643375875,0.0,0.02892052781498254,0.2929701332268388,0.2702155744676145,0.07362542822999171,0.02468927384288884,0.054441980664582515,6.610696135189607e-05,6.610696135189607e-05,0.11392538284765177,0.37941419333385634,0.2273189349136691,0.25544359018812396,0.0,0.14577212818699548,0.09001171565694942,0.0,0.10334517733719996,0.38839234796796857,0.9082870854074145,0.7344677313646231,0.01435347843795258,0.35008963683949723,0.0,0.044633041196383755,0.02142452131016275,6.610696135189607e-05,0.004184779893664943,0.003998587606956349,0.2081911023157389,0.06039189574886563,0.5830871042572221,6.610696135189607e-05,0.9040461600303203,0.0013459764030918865,0.32279227802586236,0.9997269136449856,0.6356945123550782,0.578099283735524,0.7071493241135455,0.14821924865977318,0.06994477495621948,0.0,0.0,0.0,0.0,0.0
0.00020640360553998618,0.018369515002592606,0.004199255996221622,0.0020801199877001826,6.610696135189607e-05,6.610696135189607e-05,0.16902114149943193,6.610696135189607e-05,0.038300423209750245,0.9999341944643423,0.0,0.24651037769582637,7.832359547886789e-05,0.17207624593896842,0.0015975816280370128,0.2599850082949824,0.049830702882251644,0.13391280484541723,0.05992513622794052,0.1453761319304126,0.9856561490449678,0.5270177401960247,1.0,0.02896067291067656,0.7359393055151646,0.0022461934326460553,0.0037479372729515487,0.018066925835194175,0.9999338930386481,0.2032793432656945,0.22126020035309318,0.4868568814194831,0.3172285337238413,0.7713557063111548,0.17516441871263302,0.00011812589109974969,0.043445017378689436,0.328527085008076,0.025661434597484434,0.6977567600825698,0.4076685653686478,0.032387494388777555,0.12019410444498796,0.0,0.12306305352170405,0.0,0.02892071849221152,0.29245015707366595,0.2698619173925293,0.07354458407307177,0.02465974633555286,0.05628712631393781,6.610696135189607e-05,6.610696135189607e-05,0.11360249921833124,0.38000969040883864,0.22727711733659237,0.25655840048355455,0.0,0.14626091116341242,0.09068693538432822,0.0,0.10313675421589064,0.3881169852342681,0.907687369383282,0.7344297636245994,0.014343850955032197,0.3499192062822714,0.0,0.04450929079680221,0.02181037478667369,6.610696135189607e-05,0.004159998845501642,0.003993415080453222,0.20785830036628333,0.059456086813059784,0.5968283824860816,6.610696135189607e-05,0.9009006267323277,0.0013671763522528108,0.3217668031079861,0.9998035505134214,0.6382178255189297,0.5791883979795588,0.7143535571075331,0.14927578281928794,0.07030164455166694,0.0,0.0,0.0,0.0,0.0
0.00020640360553998615,0.01836928634597253,0.004198989031999836,0.002081390744587494,6.610696135189607e-05,6.610696135189607e-05,0.16926210702569072,6.610696135189607e-05,0.0382986266176793,0.9999341931497595,0.0,0.24735874844266423,7.24662409851321e-05,0.17063352485094763,0.0015167633893258057,0.2551078697961545,0.049323609232833604,0.13385033465983134,0.05987806797262479,0.14525873306893342,0.9856660649290423,0.5270078122793073,1.0,0.02897765792242138,0.7373206315678609,0.0021417898186687663,0.0037663685112377036,0.018078595106518384,0.9999338930386481,0.20375193568743447,0.22124951568318701,0.48789758466451166,0.31701539023564496,0.7713783340537907,0.17426842739770504,7.276968564187529e-05,0.041870713867827855,0.3269301421437458,0.023432153579406555,0.6974698644194098,0.4076424697436075,0.03303974619411901,0.12035886799236463,0.0,0.12324151120841698,0.0,0.028920495178790848,0.2919474602936676,0.26952635846360923,0.07346701390998858,0.02463638104384301,0.058056749056300934,6.610696135189607e-05,6.610696135189607e-05,0.1132857199948594,0.3805777899911894,0.22723087278741666,0.25762469523086384,0.0,0.14674659880992447,0.09131051123698124,0.0,0.1029442607690758,0.3878514512647807,0.9070821858332562,0.734382398938702,0.01433393507095766,0.3497506765122757,0.0,0.04439107660467171,0.022181109586925145,6.610696135189607e-05,0.004136004046040141,0.003998454484610176,0.20755397251631372,0.05860142636933359,0.610360409154886,6.610696135189607e-05,0.8976226117844237,0.001390793158792628,0.320748128928767,0.999854764073373,0.6407491624713,0.580242583229947,0.721459976624439,0.1502622655786807,0.07065574433178046,0.0,0.0,0.0,0.0,0.0
0.00020640360553998618,0.01836937115558295,0.004198787758582869,0.00208276029783604,6.610696135189607e-05,6.610696135189607e-05,0.1695006976104818,6.610696135189607e-05,0.038296685218911816,0.9999341920982189,0.0,0.24819441063624637,6.696687509385518e-05,0.16912811977258346,0.0014388035361699398,0.2502266148077696,0.048836000046387745,0.1337734441115167,0.059834478434307205,0.14514601771774222,0.9856763650741632,0.5270000019247033,1.0,0.028994017233033548,0.738595347462392,0.0020254276834788753,0.0037845894093574074,0.01808867801030427,0.9999338930386481,0.2042292823142029,0.2212540429689722,0.48885986967733874,0.3168224296428054,0.7714061439981656,0.17342333613825683,4.4120845353593215e-05,0.04036020818723196,0.3254237987932943,0.021321097332047595,0.6972106159081469,0.4076297241727576,0.033693112699458336,0.12052878574946709,0.0,0.1234164825718089,0.0,0.028920908054148788,0.29146686989601905,0.2692107546612537,0.07338892217617017,0.024612354461945943,0.05974754808278518,6.610696135189607e-05,6.610696135189607e-05,0.11298625490091126,0.38112354797366277,0.2271772515507493,0.25863503487371586,0.0,0.14722351743410805,0.09189511132680578,0.0,0.10276308265135277,0.3875903752494651,0.9064724088662345,0.7343251965327907,0.01432363492583672,0.3495835155034877,0.0,0.044283388355890296,0.02251367249869294,6.610696135189607e-05,0.004113003208691903,0.00400692108681977,0.20736502967453443,0.05781917665970758,0.623878326577847,6.610696135189607e-05,0.8943926236841948,0.0014166044510850167,0.319747218351781,0.9998889122795526,0.6432881546060766,0.58124228634373,0.7284522878601828,0.15119030139411246,0.07100645646626065,0.0,0.0,0.0,0.0,0.0
0.00020640360553998615,0.018369889016592374,0.004198645609657414,0.002084266962716268,6.610696135189607e-05,6.610696135189607e-05,0.1697317496235576,6.610696135189607e-05,0.03829581558071939,0.9999341912131895,0.0,0.24901153070285872,6.181320683912032e-05,0.16756835487003618,0.0013636818867012181,0.24535688364399957,0.048365444493289875,0.13368180251339343,0.0597944043286049,0.14503777473072688,0.9856870303298984,0.5269937023065768,1.0,0.029008414180983117,0.7397857372251012,0.001919378725499633,0.003802511277930459,0.01809762349204665,0.9999338930386481,0.2046735607599999,0.22126336624551363,0.4897162613081455,0.31664698324722984,0.771437568304365,0.1726344084710616,2.637445584201892e-05,0.03892152690299447,0.324037583094289,0.019339580458448885,0.6969784260015663,0.40763005359426663,0.03434650768768663,0.12070314752559488,0.0,0.12358788461010234,0.0,0.028921121408123085,0.2910062707254525,0.26891229103853315,0.07331931220671845,0.024588436832934275,0.06135627199457189,6.610696135189607e-05,6.610696135189607e-05,0.11270125069581576,0.3816449896051237,0.22711800396208576,0.2595933805958145,0.0,0.14770437751700038,0.09245077215768187,0.0,0.10259170283121893,0.38733624106613296,0.9058590879837085,0.7342590777436783,0.014312969670101703,0.34941841308332083,0.0,0.04418037616377817,0.022866828079009464,6.610696135189607e-05,0.00405785635557845,0.004016471037921666,0.20711398908542802,0.05706568238654879,0.6374938512961238,6.610696135189607e-05,0.8912827425158318,0.001444427733549242,0.31876068023026527,0.9999118123373189,0.645805740709969,0.5821479628613279,0.7353035358975516,0.15206442667392484,0.07135190282620701,0.0,0.0,0.0,0.0,0.0
0.00020640360553998618,0.018369949363901218,0.004198562428599179,0.0020861730595650263,6.610696135189607e-05,6.610696135189607e-05,0.16996800078446356,6.610696135189607e-05,0.038291618437923045,0.9999341896318522,0.0,0.24981972202446237,5.698943231408543e-05,0.1659588761181113,0.001291771267761853,0.24048703534473398,0.04791377792519821,0.13357954710784273,0.05975812043404107,0.14493474091880781,0.9856980704301722,0.5269902053962068,1.0,0.02902309125515868,0.7408865964025311,0.001824001677351703,0.003822535907421115,0.01810595365338343,0.9999338930386481,0.2050938216122767,0.2212531261489702,0.4903949887258577,0.3164860905428928,0.7714728049921679,0.17187635915678234,1.5534801159293726e-05,0.03752515730652756,0.3226764657531065,0.01746672079155735,0.6967547786138419,0.40763193258030084,0.034999298742553836,0.12088206934879793,0.0,0.12375590374424442,0.0,0.02892354212377873,0.29055624009834463,0.2686234503530716,0.07326120291220951,0.024564618999306093,0.0629895747749134,6.610696135189607e-05,6.610696135189607e-05,0.11241607092218817,0.38214783231696114,0.22705323132711785,0.2605261094948502,0.0,0.14815452007397684,0.0930477222122134,0.0,0.10244210474037962,0.38708541704937965,0.9052425808234051,0.7341831897323943,0.01430192956982778,0.34925389085954883,0.0,0.044077816145183184,0.0231962766573518,6.610696135189607e-05,0.004023273013419444,0.0040263883674097785,0.2068670142434126,0.05638031690615214,0.6508560630608173,6.610696135189607e-05,0.8880985823811065,0.0014739636807143046,0.3177778093239051,0.9999274757665266,0.6483614465013844,0.5829840407669182,0.7420462438637087,0.15288933872058025,0.07170310326247681,0.0,0.0,0.0,0.0,0.0
0.00020640360553998615,0.018370347626120116,0.004198573958923281,0.0020879498233030234,6.610696135189607e-05,6.610696135189607e-05,0.1702038192191938,6.610696135189607e-05,0.03828985392654062,0.9999341886113376,0.0,0.25061548651628357,5.2483779734122964e-05,0.16430806392809116,0.0012228710528841506,0.23563467497683355,0.04747884724279243,0.1334650802998363,0.059725385019706784,0.14483603309496476,0.9857096550190122,0.5269884131277462,1.0,0.029037108939286863,0.7419125912011778,0.0017055889925033636,0.0038445612552049178,0.018113894341161247,0.9999338930386481,0.20553291588190925,0.22124475493163967,0.49106104603350015,0.31633865558511326,0.7715165929542573,0.1711564998330475,9.027645134112466e-06,0.03617987924552042,0.3213712935592763,0.01571182555395147,0.6965495234770546,0.40764928444416176,0.03565125233870143,0.12106758613108265,0.0,0.12392323852519745,0.0,0.02892633792755564,0.2901248357488416,0.2683539914499966,0.07320350770028451,0.02454249362266403,0.06455569511687889,6.610696135189607e-05,6.610696135189607e-05,0.11214688713594824,0.3826374470943913,0.22697810425127915,0.2614141784478448,0.0,0.14859701899361774,0.09363774866442572,0.0,0.10230268009448171,0.386834389995466,0.9046233626415918,0.7340963807739526,0.014290344980987822,0.3490883483470564,0.0,0.04398384434760024,0.023508134479359125,6.610696135189607e-05,0.003998050967507338,0.0040364356405060385,0.2066778776910051,0.05572809000084123,0.6641047478826942,6.610696135189607e-05,0.8848563976772329,0.0015053027944635197,0.316813835202824,0.9999384885751318,0.6509150378327707,0.5837680867234138,0.748653499469215,0.15366894918567126,0.07205124526053595,0.0,0.0,0.0,0.0,0.0
0.00020640360553998618,0.01837087443386353,0.004198661230646878,0.0020896663995529454,6.610696135189607e-05,6.610696135189607e-05,0.17043597523155143,6.610696135189607e-05,0.03828973092554137,0.9999341879554067,0.0,0.25139745698718036,4.8283419250106154e-05,0.16262626709329753,0.0011568899640002684,0.23081447869294522,0.04705984393511916,0.13334137972845564,0.05969738021300812,0.1447430092171842,0.9857216535903185,0.526989483084494,1.0,0.029050182292094297,0.7428716704980829,0.001594000667868744,0.003844510700333565,0.018121888417138174,0.9999338930386481,0.20594564389118977,0.22131613895970317,0.49184750004546723,0.3162087991830195,0.7715659669411907,0.17047515672661998,5.180945947468947e-06,0.034886137614817875,0.32013186568470325,0.014076465479632892,0.6963626738213562,0.407678954022731,0.03630167245384601,0.1212593982862051,0.0,0.12408958855086391,0.0,0.02892901683376344,0.2897084761700069,0.268103498909307,0.07314652390363427,0.024521095917621284,0.06605399062193511,6.610696135189607e-05,6.610696135189607e-05,0.11188582623243555,0.3831131276781772,0.22689558676503693,0.26225545120789867,0.0,0.1490362969671686,0.09420539039604711,0.0,0.10217029207048846,0.3865854340589449,0.9040009473331458,0.7339975924966107,0.01427834640968153,0.34892092836464206,0.0,0.04389875671822306,0.02380393335353868,6.610696135189607e-05,0.004000492716330444,0.004046286020611828,0.20655199181247658,0.05508659657512347,0.677201127534284,6.610696135189607e-05,0.8814098119841683,0.001538446293772394,0.3158719350783011,0.9999465356348024,0.6534512983247159,0.5845058539552493,0.7551090558274218,0.15440719017303622,0.07239423218986857,0.0,0.0,0.0,0.0,0.0
0.00020640360553998615,0.01837138627380585,0.004198771144280926,0.0020911858591546894,6.610696135189607e-05,6.610696135189607e-05,0.1706643692940422,6.610696135189607e-05,0.03829479216628301,0.9999341883077063,0.0,0.25216467308936436,4.437715924752069e-05,0.160929144349344,0.00109365002172468,0.2260490015635637,0.046656644396015454,0.13321200118971518,0.059674465886428406,0.1446557543950465,0.9857338881970356,0.5269923611475439,1.0,0.02906162482159807,0.7437600048871355,0.0015059248161950086,0.0038521803181530354,0.018129474102229284,0.9999338930386481,0.2063175387229567,0.22135438349392061,0.49261116663061333,0.3160856345234221,0.7716095497709111,0.16983837058149917,2.939375807710143e-06,0.03364670673400741,0.3189759435845244,0.012562302319009159,0.6961818368980811,0.40771709052423377,0.036950095361338135,0.12145284779223516,0.0,0.12425394430919366,0.0,0.028930920023471987,0.28931337570774934,0.2678685323091025,0.07309218690928843,0.02450158072780023,0.06744471728127394,6.610696135189607e-05,6.610696135189607e-05,0.11164886930453301,0.38353821539850436,0.22681686059803452,0.2630329143780838,0.0,0.14947697091725423,0.0946983318722044,0.0,0.10204643219728225,0.3863454276093983,0.9033754387522335,0.7338913978127184,0.014266111802964453,0.3487536945432624,0.0,0.043828894481376696,0.0240833531065982,6.610696135189607e-05,0.003990520099868418,0.004055720507604499,0.20653824572965868,0.05447581223131061,0.6906275110581173,6.610696135189607e-05,0.8780478402191175,0.0015735896310543436,0.31496404195105265,0.9999526834649448,0.6559471779993944,0.5852320745215466,0.7613886961174271,0.15511508650862119,0.07272548067665277,0.0,0.0,0.0,0.0,0.0
0.00020640360553998618,0.01837211435547124,0.00419888918659333,0.0020927905601907134,6.610696135189607e-05,6.610696135189607e-05,0.17090216582248707,6.610696135189607e-05,0.038299182930992146,0.999934186329362,0.0,0.2529149823183597,4.074884675168997e-05,0.15922168347351606,0.0010331763483037298,0.22134298598173507,0.04626713952737641,0.133076074655235,0.059652811640405916,0.144570557806416,0.9857458622263044,0.5269921018020468,1.0,0.02907190275441942,0.7445877398527775,0.0014214626456311077,0.0038685129844186024,0.018136252549331506,0.9999338930386481,0.20667732239743117,0.22136468408324328,0.4932137240521532,0.3159724009192235,0.7716538097617467,0.16924263299607883,1.6497748458393897e-06,0.03245798912063672,0.3178982791534519,0.011165599634680369,0.6960156697897958,0.40776139352168855,0.037595341731056164,0.12164807786201007,0.0,0.12441657323358153,0.0,0.028933776179537973,0.288909248038139,0.2676511536503482,0.07304309683288802,0.024482973600312218,0.06888761704775452,6.610696135189607e-05,6.610696135189607e-05,0.11141824245237335,0.383975210224786,0.22673575158111423,0.2637677978384526,0.0,0.14991466174901905,0.09515974134265526,0.0,0.10192961865854575,0.3861137307668309,0.9027518466285379,0.7337813643315739,0.014254137773695571,0.3485913249643716,0.0,0.04376431091203334,0.02434725504862818,6.610696135189607e-05,0.003975251580568631,0.0040982209422454,0.20656530049468924,0.05390547332653781,0.7042085940208493,6.610696135189607e-05,0.8744797150370243,0.0016104386571390347,0.314074586847109,0.9999576013784025,0.6584056656568281,0.5859088031555891,0.7674914143835846,0.155787572024282,0.07304880105624559,0.0,0.0,0.0,0.0,0.0
0.00020640360553998615,0.018373094836836645,0.0041988418112419825,0.0020944313480618293,6.610696135189607e-05,6.610696135189607e-05,0.17112671575075164,6.610696135189607e-05,0.03830113376227637,0.9999341861362331,0.0,0.2536564917363979,3.738518812858296e-05,0.1575163981618354,0.0009755230072495105,0.21671310254811654,0.04589168814492744,0.13293762791495892,0.0596350818611817,0.14448970610571396,0.985758078990342,0.5269940041172313,1.0,0.02908096505049463,0.7454228515898743,0.0013148671821168233,0.003894407233629254,0.01813544893935331,0.9999338930386481,0.20705033638530979,0.2213545125929765,0.49363466700746167,0.3158610132932868,0.7717086174071551,0.16868169659603896,9.1690337398948e-07,0.03131434506998571,0.3169134190464453,0.00988582186275686,0.6958568600244032,0.4078190666616146,0.0382390105381962,0.12185239933501764,0.0,0.12458132698104338,0.0,0.02893755217052873,0.2885401069129332,0.2674505791901315,0.07299641491702633,0.024458559506424376,0.07020444840758097,6.610696135189607e-05,6.610696135189607e-05,0.11119589436093467,0.38439888605867173,0.22664277814181247,0.2644511561229451,0.0,0.1503399248410487,0.0956172014357448,0.0,0.10180793093828087,0.38587533223619125,0.9021259076006221,0.7336578945592684,0.014241921009658,0.3484246689017253,0.0,0.0437096706753519,0.024601087525740473,6.610696135189607e-05,0.0039571751778236675,0.004122863358948237,0.20666520037611336,0.05336749113528125,0.7180541021743301,6.610696135189607e-05,0.8710496273909075,0.0016486044510324437,0.31321065554461797,0.9999616979084974,0.6608293319271302,0.5864938565105604,0.7734010755891266,0.1564435208923886,0.07336797318723529,0.0,0.0,0.0,0.0,0.0
0.00020640360553998618,0.018373764165132398,0.004198923892318785,0.002096181105373737,6.610696135189607e-05,6.610696135189607e-05,0.17134406898084145,6.610696135189607e-05,0.03830527696592459,0.9999341860320364,0.0,0.2543840260363625,3.426883364593292e-05,0.15581178878414503,0.0009206644879547805,0.2121540064919767,0.04552910890540982,0.13279894408597132,0.059623200159976075,0.1444167912129021,0.9857703018579139,0.5269999799056335,1.0,0.029089334320177122,0.746243235999716,0.001252084155779313,0.0038959108514724887,0.018138457001604033,0.9999338930386481,0.2073433137330833,0.22140454053528624,0.4941211005846191,0.3157588530189256,0.7717680120673848,0.1681502422642288,5.048191585987975e-07,0.03021431578521916,0.31597577909154756,0.008716437670957705,0.6957104946680858,0.40787707282204516,0.03887916784761638,0.12206303816693162,0.0,0.12474583424180766,0.0,0.028941456102646177,0.2881803727851914,0.2672648723258838,0.07294924867843577,0.024438089910818726,0.07147907706644009,6.610696135189607e-05,6.610696135189607e-05,0.11100332742048011,0.3848082636980744,0.22654369574759042,0.26510379734979284,0.0,0.15075795492200997,0.09607174362059913,0.0,0.10168726701926133,0.3856391784855902,0.9014976319924075,0.7335201706201663,0.01422969814208611,0.3482541858525588,0.0,0.04365718469758674,0.024841034474980817,6.610696135189607e-05,0.003934110280064975,0.004140026435548795,0.20677360534426562,0.05289431490438153,0.7319465891029646,6.610696135189607e-05,0.8677506205834673,0.001688292185024842,0.31236193434961584,0.9999652263471954,0.6632159405086259,0.5870318127998985,0.7791295558370656,0.1570731294072431,0.07368480460639339,0.0,0.0,0.0,0.0,0.0
0.00020640360553998615,0.018374370953064132,0.004199059497230918,0.0020981294385791043,6.610696135189607e-05,6.610696135189607e-05,0.17155714685926016,6.610696135189607e-05,0.0383082768141126,0.999934185924513,0.0,0.25509392591650115,3.1383106451909896e-05,0.1541055860970103,0.0008685174930466139,0.20766090104383123,0.04517862784574823,0.13265877891953676,0.05961668651755186,0.1443509852164787,0.9857826043548279,0.527008577367131,1.0,0.029096226527179466,0.747002801503655,0.0011529079553322865,0.003908423268580452,0.01814180484082383,0.9999338930386481,0.20768386939096772,0.22144194967870384,0.4945912886692375,0.31566266842621965,0.771820897853318,0.16765072423278404,2.755162780865345e-07,0.029159995411252873,0.31507581547816854,0.007653716850719392,0.6955599771825937,0.40793152761544443,0.0395153280650754,0.12227497042927232,0.0,0.12490901041914433,0.0,0.02894551733771136,0.28783416620134006,0.2670784481953447,0.072910908813874,0.024419319619764027,0.07271744810427322,6.610696135189607e-05,6.610696135189607e-05,0.1107988252497579,0.38517475038333515,0.22644946294909413,0.26572929782892346,0.0,0.1511687533341523,0.09652769314108174,0.0,0.10158235476467642,0.38541096996012797,0.9008679854173728,0.7333740443542489,0.014217395645172068,0.3480824122137247,0.0,0.04360682109327583,0.025067083366305035,6.610696135189607e-05,0.003903515183949539,0.004153246358371513,0.20689053571509727,0.05242495045588768,0.7457671115661888,6.610696135189607e-05,0.8647073746262929,0.0017296391975878806,0.3115260520217914,0.99996834137727,0.6655656651575845,0.5875279738877032,0.7846853821054494,0.1576790402069817,0.07399872350489094,0.0,0.0,0.0,0.0,0.0
0.00020640360553998618,0.018375280262262705,0.004199328710666272,0.0021001291862794407,6.610696135189607e-05,6.610696135189607e-05,0.17173837139562417,6.610696135189607e-05,0.03831128865274537,0.9999341923155853,0.0,0.25578531601662197,2.871374050163116e-05,0.15239842103315548,0.0008190154963517224,0.2032354673253069,0.04483767751989056,0.13251277367227676,0.05961102731244429,0.14428683722394578,0.9857948555277807,0.5270153076846584,1.0,0.02910276125810665,0.7477335783437735,0.0010492645040061168,0.003931069604754471,0.018146032556959447,0.9999338930386481,0.20802336709959202,0.22144046207792814,0.49491769163215404,0.31557082321682883,0.7718726001962556,0.16717981694656242,1.4912206000095872e-07,0.028148016965230862,0.3142107708059819,0.006691425855866544,0.6954203631559585,0.40798786305673684,0.04014649853938612,0.12248914808277457,0.0,0.1250712197753111,0.0,0.028950760811614525,0.2875038722912889,0.266908637142994,0.07287705002999147,0.02440310087004705,0.0739307203105658,6.610696135189607e-05,6.610696135189607e-05,0.11059120676705474,0.3855407982976212,0.22635500218792354,0.2663395586272807,0.0,0.151572911656303,0.09700591827346426,0.0,0.10149021774929654,0.38518981634739824,0.9002424741481696,0.7332240146932797,0.014205144472219369,0.3479134725400305,0.0,0.043553710229649836,0.025285852656007184,6.610696135189607e-05,0.0038987747715683824,0.0041641526304818,0.2069596382134114,0.05198671221030219,0.7591367740162893,6.610696135189607e-05,0.8615692564282674,0.0017723976158208234,0.31069530840953485,0.9999711371374383,0.6678806503453106,0.5879642954242021,0.7900731068188266,0.1582517415748545,0.07430954692358814,0.0,0.0,0.0,0.0,0.0
0.00020640360553998615,0.01837628442497089,0.0041997126186194365,0.0021018728864351886,6.610696135189607e-05,6.610696135189607e-05,0.1719337083367374,6.610696135189607e-05,0.0383177646771496,0.9999341929273863,0.0,0.2564623825479269,2.624896817829492e-05,0.15069997787487976,0.0007719795341961705,0.1988920504847223,0.0445073729620051,0.13236574135090853,0.05960980108419413,0.14422975943402588,0.9858071355983463,0.5270283819059893,1.0,0.029110066905701403,0.7484240296280974,0.0009731743818898676,0.003955687737386852,0.018151054731433948,0.9999338930386481,0.2083099123725457,0.22141179287657467,0.49516423088327793,0.31548310338436175,0.7719282553364698,0.16673342497598115,8.008342376524599e-08,0.027176788810764185,0.3133815387374083,0.0058249446625448596,0.6952966642187446,0.408051251085023,0.04077264096296585,0.12270797398966737,0.0,0.12523120402651577,0.0,0.028955828083049685,0.2871854055816104,0.26676021769309977,0.0728372229052804,0.024388468169350943,0.07507688867490386,6.610696135189607e-05,6.610696135189607e-05,0.1103904331791602,0.3858992063052283,0.22625480659273356,0.26690939842073286,0.0,0.15197109907799441,0.09744019646781005,0.0,0.1013956984695622,0.3849708630659703,0.89961755795284,0.7330622665763067,0.014192864401653689,0.34774041406749495,0.0,0.043508114566276894,0.025465166480281798,6.610696135189607e-05,0.0038789497502333308,0.0041735376302485545,0.20715112382076112,0.05157064483266157,0.7726461476182752,6.610696135189607e-05,0.8587690608167682,0.0018169380707966495,0.30989479405535914,0.999973670948398,0.6701521342363617,0.5884062852605855,0.7952830048527328,0.15880026434968814,0.07461214449809823,0.0,0.0,0.0,0.0,0.0
0.00020640360553998618,0.018377611550908925,0.004200070480947593,0.0021037991772509547,6.610696135189607e-05,6.610696135189607e-05,0.17212533959740642,6.610696135189607e-05,0.03832484850534501,0.9999341930011493,0.0,0.25711518777403075,2.39738253312592e-05,0.14900591679778158,0.0007273123260224179,0.1946284918669814,0.04418541047599899,0.13221667728747918,0.05961365183546167,0.144179564330741,0.9858194078460133,0.5270453683427188,1.0,0.029115578304508238,0.7490865371158039,0.0009008595062234792,0.00397735648422383,0.018155551724112547,0.9999338930386481,0.20857535603462368,0.2214004545298431,0.49536372789259514,0.3153997782403807,0.7719874589241822,0.16632137902319977,4.272273872959075e-08,0.02625412161464482,0.3126296690759504,0.005051136988285782,0.6951926013778552,0.40811803748923065,0.041393530912808084,0.12293188662574633,0.0,0.12539029790667056,0.0,0.028960545132414542,0.28687713818896265,0.26661768459941265,0.07280063945686967,0.024374028183119432,0.07617867201353096,6.610696135189607e-05,6.610696135189607e-05,0.11018765643940294,0.3862516510289923,0.22614951586251483,0.2674605304796681,0.0,0.15237445787954795,0.09787639267585736,0.0,0.10130256868931094,0.3847558112046846,0.8989928172517303,0.7328885490435126,0.01418059215398665,0.3475643337506107,0.0,0.043459097264704996,0.025646048608314605,6.610696135189607e-05,0.0038483040698583143,0.00418182595872236,0.20726277067982515,0.051174430966505965,0.7859462657458937,6.610696135189607e-05,0.8561432283873086,0.0018630252133029436,0.30910290272310137,0.9999759834519301,0.6723655037080256,0.5887666259221699,0.8003203711447329,0.15931941945683484,0.07490947401860559,0.0,0.0,0.0,0.0,0.0
0.00020640360553998615,0.018378791509720042,0.0042004560809846365,0.0021059091953435794,6.610696135189607e-05,6.610696135189607e-05,0.17233423205795975,6.610696135189607e-05,0.03833236379433454,0.9999341892716294,0.0,0.2577492027722057,2.1875605442773064e-05,0.14731643659868848,0.0006850125752701084,0.1904393294355016,0.04387277810097213,0.13206665949534868,0.059622417087759096,0.14413543731175416,0.9858318367151648,0.5270661162703857,1.0,0.02912129318917058,0.749714847176074,0.0008405763028850701,0.003997986510582371,0.01816001372447124,0.9999338930386481,0.2088153116261683,0.2213860707486216,0.49551327530054307,0.31531908464248404,0.7720463159938578,0.16593173561672803,2.2640453177996918e-08,0.025370879278965544,0.3119097023154676,0.00436160888756547,0.6950959578787932,0.40818228110519533,0.04200866837306153,0.12315949538219324,0.0,0.1255481451008439,0.0,0.02896611647013398,0.2865642034312645,0.2664773167043405,0.07276838352205815,0.024360131516970803,0.0773275646027242,6.610696135189607e-05,6.610696135189607e-05,0.10998425682021312,0.3865986693891108,0.226043067533411,0.2679986655955359,0.0,0.15276432364442474,0.09833624142104516,0.0,0.10121803220568516,0.3845461698305007,0.8983689145391793,0.7327050673060527,0.014168163284835146,0.3473857386287704,0.0,0.04340675710673059,0.025822054914201722,6.610696135189607e-05,0.0038421670039659674,0.004189392891339575,0.20732068553258293,0.05079609452797155,0.7987800805733033,6.610696135189607e-05,0.8534204468469533,0.001910616472731226,0.3083203960155304,0.9999781017541041,0.6745483604779212,0.5890690436882172,0.8051990616769329,0.15981323181454954,0.0752048895689553,0.0,0.0,0.0,0.0,0.0
0.00020640360553998618,0.018380062299429695,0.0042007932628950855,0.002107775371068683,6.610696135189607e-05,6.610696135189607e-05,0.17253106749643235,6.610696135189607e-05,0.03834322247584747,0.9999341899119394,0.0,0.2583665633103484,1.9943864056081345e-05,0.1456389676873356,0.0006449136582189932,0.18633372691646663,0.04356954692023507,0.1319156949475985,0.0596345385383901,0.14409430283310778,0.985844631168527,0.5270876550794531,1.0,0.02912733042780671,0.750310077246181,0.0007892893701742326,0.003991948065867621,0.018165006103535834,0.9999338930386481,0.2090331626545097,0.22146436383310567,0.49592245678636776,0.3152475759084985,0.7721070379644447,0.1655647373021432,1.1923371987219848e-08,0.024525552826743114,0.311223575860034,0.0037506439699112794,0.695009541961415,0.4082528769908174,0.04261849018145668,0.12339220063223004,0.0,0.1257073419550931,0.0,0.02897137674717861,0.2862897628442825,0.2663520487868072,0.0727342424567864,0.024347993886030272,0.07831287339546712,6.610696135189607e-05,6.610696135189607e-05,0.10979397098403924,0.3869198464222887,0.2259329941404374,0.2685015726075327,0.0,0.1531457522149397,0.09875627803250486,0.0,0.10113206207553449,0.384340322244381,0.8977469712801532,0.7325134965346622,0.014155368831472942,0.34720500296545376,0.0,0.04336168248989399,0.025994167340670817,6.610696135189607e-05,0.003829933962866991,0.004196288049267298,0.20740803506267078,0.05042917423485132,0.8115606903570174,6.610696135189607e-05,0.850765664576302,0.001959967895117883,0.30756712677997566,0.9999800442125719,0.6766897272709815,0.5893752324492422,0.8099156291136221,0.1602888490428155,0.07549110581720303,0.0,0.0,0.0,0.0,0.0
0.00020640360553998615,0.018380905389947997,0.0042012742227097045,0.0021097790192649104,6.610696135189607e-05,6.610696135189607e-05,0.17272277892891144,6.610696135189607e-05,0.03835636923301436,0.9999341905942589,0.0,0.2589685079376534,1.816753577411368e-05,0.1439761156926575,0.0006069468811452943,0.18231347247961877,0.04327570695595813,0.13176606305624222,0.05965077060916325,0.1440585566429562,0.9858572990222567,0.5271100652913233,1.0,0.02913226191675912,0.7508628007804783,0.0007331374358574054,0.003993340773816106,0.018169193780921345,0.9999338930386481,0.20925807346081807,0.22152435936626375,0.4963720515710231,0.31517668263202,0.7721529412346454,0.16521855548882478,0.0,0.023714900276156338,0.31056822659284566,0.003211593108988879,0.6949123994733424,0.4083145415260434,0.04322056755050703,0.12361886074616774,0.0,0.12586254047802833,0.0,0.02897677615678568,0.28600710975940924,0.2662269977789945,0.07270966991639037,0.024336857102285257,0.07934304958904036,6.610696135189607e-05,6.610696135189607e-05,0.10965341033712969,0.38723476385268724,0.2258360728827457,0.26897676180439506,0.0,0.1535143310107413,0.09915855264645251,0.0,0.10106215883854956,0.38414902002990775,0.8971286618403297,0.7323225826108761,0.014142700977743242,0.34702739423064827,0.0,0.04332006293707943,0.02615942603382014,6.610696135189607e-05,0.003817643889787934,0.004202769176975389,0.2075119459534821,0.050080318380920065,0.8242640335305481,6.610696135189607e-05,0.8481890220408403,0.0020109858826089263,0.3068361747691267,0.9999818324642259,0.678794653020445,0.5896662738795565,0.8144749344113923,0.16074973473214998,0.0757703753878066,0.0,0.0,0.0,0.0,0.0
0.00020640360553998618,0.018381992168141587,0.00420179804498561,0.0021116968707957312,6.610696135189607e-05,6.610696135189607e-05,0.1729107984383019,6.610696135189607e-05,0.03836402745111622,0.9999341911562201,0.0,0.25955419848753325,1.653610344001341e-05,0.14233008250976062,0.0005710227157291638,0.1783813661383053,0.0429895869332772,0.13161640756872636,0.05966961575063901,0.14402529629960278,0.985870024029943,0.5271319012992318,1.0,0.029136311791744248,0.7513872785715784,0.0006664707686963257,0.003997847133650637,0.01817272520696078,0.9999338930386481,0.20949164815837354,0.22157186317048844,0.4967565003839311,0.3151074657155547,0.7721968705317674,0.16489300402298734,0.0,0.022936585780348132,0.3099419736704301,0.0027382432071906375,0.6948169903080121,0.40837770569413323,0.043815755254941406,0.12384481951711206,0.0,0.1260172161140588,0.0,0.02898233099115611,0.2857283479088829,0.2661094124263624,0.0726854482336322,0.024324626589451396,0.08036596609032853,6.610696135189607e-05,6.610696135189607e-05,0.10948729537492166,0.38754552018681526,0.22573962314026524,0.2694275870674092,0.0,0.15387129956113388,0.09954754340123273,0.0,0.10100168225555081,0.3839632024547651,0.8965146289944196,0.7321298841832852,0.014129975970057008,0.3468508825867093,0.0,0.04328066952615256,0.026284367393985496,6.610696135189607e-05,0.003804918252584429,0.004208820729959525,0.20771313281306844,0.049756536113248935,0.8369394992988011,6.610696135189607e-05,0.8458769574326732,0.002063506327967259,0.30612521042207025,0.99998346389656,0.6808620321487574,0.589939460212608,0.818880390654504,0.16119174050315982,0.07604268428237528,0.0,0.0,0.0,0.0,0.0
0.00020640360553998615,0.018383554862227886,0.004202318096407186,0.002113576148172665,6.610696135189607e-05,6.610696135189607e-05,0.1730893452896371,6.610696135189607e-05,0.03837222996304181,0.999934191536971,0.0,0.2601148884961062,1.5038564482071938e-05,0.14069843738737217,0.0005370144543044374,0.17453949306321045,0.042708576087707985,0.13146476188898232,0.059690895851528966,0.1439942317699025,0.9858827146419468,0.5271537564334122,1.0,0.029138391302562593,0.7518997612864603,0.000610358426599924,0.004003822879427024,0.01817620205498857,0.9999338930386481,0.20969694207167747,0.22160561650734203,0.49710694883151274,0.31503904963125284,0.772239803357253,0.16459841541568299,0.0,0.022199335091211376,0.3093883286324424,0.0023263270911602217,0.6947328349827189,0.408446202615849,0.044404238829857876,0.12407143629649345,0.0,0.1261713753343947,0.0,0.028987288492397276,0.28548921705254576,0.2659999893599515,0.07266221307862449,0.02431383011492636,0.08123085757949876,6.610696135189607e-05,6.610696135189607e-05,0.10931875312851562,0.38783333633486605,0.22564283190489304,0.2698602100229868,0.0,0.1542367423005594,0.09993053692896149,0.0,0.10094665075454559,0.3837821824073132,0.8959048653186131,0.7319343319336041,0.014117285358053244,0.3466748682321931,0.0,0.04323981679685655,0.026412151079639845,6.610696135189607e-05,0.003791914604346676,0.004214329408093674,0.20785232736299708,0.04944626311220958,0.8492585167922359,6.610696135189607e-05,0.8436368419420619,0.0021173647378540474,0.30542648606522393,0.999984961435518,0.6828654852208571,0.5901441199842917,0.8231341798456293,0.16161193817502761,0.07630685308785545,0.0,0.0,0.0,0.0,0.0
0.00020640360553998618,0.018384737939917215,0.00420300348901061,0.0021154967348293472,6.610696135189607e-05,6.610696135189607e-05,0.1732641304025212,6.610696135189607e-05,0.03838318371220291,0.9999341921951438,0.0,0.2606589088928164,1.3665595197070877e-05,0.13908497028216746,0.0005048805124732108,0.1707873413766585,0.04243441730247462,0.13131522933756404,0.05971567080952591,0.14396847205931262,0.9858952883830828,0.5271787838790614,1.0,0.029141214958618284,0.7523877739206626,0.0005431809328706384,0.004010721801996586,0.018179347337321506,0.9999338930386481,0.20991159006221335,0.22164606118211388,0.49745507421744556,0.3149723104902449,0.7722766123951853,0.16432048119715137,0.0,0.021495733453082234,0.3088661729929226,0.0019689156085741974,0.6946501561006317,0.4085088142884917,0.044983386003304204,0.12429336547137791,0.0,0.1263209409044637,0.0,0.028993132376559805,0.28523776481353086,0.26589969910459815,0.07264055821521702,0.02430410909146599,0.08215691589995341,6.610696135189607e-05,6.610696135189607e-05,0.1091568143653807,0.3881186471761505,0.2255507377434192,0.2702714490200994,0.0,0.15459307947876547,0.10030510100345776,0.0,0.10089821161854955,0.38361073776438337,0.8953009431871699,0.7317381624693094,0.014104711616917167,0.3465002752164749,0.0,0.04319934276231744,0.026570647138298806,6.610696135189607e-05,0.0037788834971672694,0.0042194869840660445,0.20787742659487837,0.0491120860774246,0.861233781568281,6.610696135189607e-05,0.8413110855858505,0.0021726498613955083,0.3047491608899329,0.9999863344048029,0.6848262167859849,0.5903238454911465,0.8272437430147673,0.16201721497834412,0.0765652186095609,0.0,0.0,0.0,0.0,0.0
0.00020640360553998615,0.018385606669718477,0.004203619480954196,0.0021174048672222535,6.610696135189607e-05,6.610696135189607e-05,0.17343960294103766,6.610696135189607e-05,0.03839394402193732,0.9999341930101997,0.0,0.2611946833758853,1.2408962195144912e-05,0.13749457881252486,0.00047457494503181134,0.16712328857234923,0.042169004995620596,0.13116946844879399,0.05974285122556661,0.14394549786782973,0.9859077980830049,0.5272046258376846,1.0,0.029145287356738478,0.7528469499188983,0.0005044452101274581,0.004017970960787039,0.018182850146352576,0.9999338930386481,0.2100849601340667,0.2216685727461148,0.4977274384417923,0.31490619203191106,0.7723120214424325,0.16404670367749,0.0,0.02081195555451309,0.3083249063131293,0.0016586975901322738,0.6945646798505778,0.4085665011114981,0.045554668264466774,0.12451504452452711,0.0,0.12646944055987824,0.0,0.02899973245979612,0.2849845329918283,0.2658069582018017,0.07262021753986891,0.024294777782371345,0.08311569060588282,6.610696135189607e-05,6.610696135189607e-05,0.10899624393979251,0.38840090464837534,0.2254586211381865,0.2706633599506159,0.0,0.15491779236073422,0.10067246073951125,0.0,0.10085648829362664,0.3834443856036613,0.8947024805099667,0.7315394576076432,0.014092201916995065,0.3463259336024372,0.0,0.0431613970383252,0.026670650840429803,6.610696135189607e-05,0.0037658532591806787,0.004224461536873404,0.20806408738168516,0.04881779143761909,0.8734143112648969,6.610696135189607e-05,0.8392835318832917,0.0022293574193809986,0.3040952529960087,0.9999875910378049,0.6867756732722279,0.5905280580023277,0.8312180138375185,0.16240982686017508,0.07681964483604661,0.0,0.0,0.0,0.0,0.0
0.00020640360553998618,0.01838722179036077,0.004204176373804664,0.0021192890195591294,6.610696135189607e-05,6.610696135189607e-05,0.17360434210843154,6.610696135189607e-05,0.038404784325486094,0.9999341934690481,0.0,0.2617049421352314,1.1258797262886697e-05,0.13591997461554367,0.0004459334975936361,0.16354612553133957,0.04190779791531747,0.131021803806107,0.059772177326313694,0.14392463476478187,0.9859201937719674,0.5272302330164017,1.0,0.02914682780155565,0.7533020787798025,0.0004531038537848225,0.0040253556485731565,0.01818551185246776,0.9999338930386481,0.2102632671757377,0.22169875057020078,0.4980052122559024,0.3148416138352986,0.7723505424745167,0.16380154107569683,0.0,0.02016420102219539,0.30785626391861354,0.0013925925355383513,0.6944933809949534,0.40863115187782023,0.04611876338283786,0.12473844638138357,0.0,0.12661840332660204,0.0,0.029005408579086015,0.2847398630960955,0.26571621123350275,0.07259997147087308,0.024285653160555892,0.08402386139137304,6.610696135189607e-05,6.610696135189607e-05,0.10883983799349416,0.38867952788909965,0.22536219473346772,0.2710427572371405,0.0,0.1552553720600539,0.1010381179708348,0.0,0.10081608670371552,0.38328077419562756,0.8941090592908485,0.7313369188538347,0.014079806228032595,0.3461513636569962,0.0,0.04312171027972618,0.026776512256686084,6.610696135189607e-05,0.0037529562679885636,0.004228889429304285,0.20818121497714948,0.048541317663919496,0.8852528306390244,6.610696135189607e-05,0.837300556886947,0.002287262792015533,0.30345075955193124,0.9999887412027371,0.6886604523022071,0.590659684612958,0.835061281933122,0.16278273438601362,0.0770662701204453,0.0,0.0,0.0,0.0,0.0
0.00020640360553998615,0.018388757365045087,0.004204721996972807,0.00212116440562792,6.610696135189607e-05,6.610696135189607e-05,0.1737648519137004,6.610696135189607e-05,0.03841547139397135,0.9999341940969572,0.0,0.2621976086868756,1.0207315263915753e-05,0.13436441536747487,0.0004189148144537744,0.16005468702432643,0.04165254768421412,0.13087558020209222,0.05980363031753105,0.14390630433082585,0.985932558382245,0.5272576145835236,1.0,0.02914862536873531,0.7537428642063873,0.00041977052045148917,0.004032663025903489,0.01818822354853825,0.9999338930386481,0.21041007874894582,0.22171751306643395,0.4982464747017764,0.314777138507791,0.7723877341107914,0.16357193788395555,0.0,0.01954568401118516,0.3074148161795602,0.001164973826430309,0.6944252299310678,0.40869514563717124,0.046674945691326956,0.12496185646634309,0.0,0.12676572198929173,0.0,0.02901127530846545,0.28449761580122035,0.26562964255241245,0.07258033831897305,0.024276931578160996,0.08492735046237124,6.610696135189607e-05,6.610696135189607e-05,0.10868561109956194,0.38895411073866415,0.22526581388318193,0.2714055237035843,0.0,0.1555857115202123,0.10139730062804257,0.0,0.10077908509349212,0.38312214236953973,0.893521423991142,0.7311318392028311,0.014067441617755007,0.3459766634271847,0.0,0.04308248034913458,0.026874785330407817,6.610696135189607e-05,0.003740141455809939,0.0042229168588842625,0.2082965429775043,0.04827409444832916,0.8968297470490801,6.610696135189607e-05,0.8354987543478055,0.002346452006026708,0.30282492972558456,0.9999897926847361,0.6905041891011278,0.5907689683779435,0.8387803391492432,0.163143137291226,0.07730713179119686,0.0,0.0,0.0,0.0,0.0
0.00020640360553998618,0.018390317409555816,0.004205246232519816,0.0021230260665486733,6.610696135189607e-05,6.610696135189607e-05,0.1739215163208407,6.610696135189607e-05,0.03842615995501219,0.9999341947126988,0.0,0.2626699871954466,9.24676641482144e-06,0.13282581851144734,0.00039343120572161506,0.15664440517064426,0.04140263613051275,0.13073050176246231,0.05983688099956328,0.1438900304001257,0.9859448434072517,0.5272858303139905,1.0,0.029150159528869485,0.754155023330945,0.00037911720025140833,0.00404018416852508,0.018192507710660662,0.9999338930386481,0.21056389062969497,0.2217418210836584,0.498492644303474,0.31471370167866025,0.7724246456162682,0.16335826287682056,0.0,0.018955655914329416,0.30699230163727603,0.0009710532776751517,0.6943643719721108,0.4087584054389694,0.0472232915725967,0.1251854852182492,0.0,0.12691182761654765,0.0,0.02901676822137191,0.2842584630761159,0.26554456235164464,0.07256089430070511,0.024270312297815688,0.08581545040219088,6.610696135189607e-05,6.610696135189607e-05,0.10853040055805753,0.38922491550071797,0.2251683438650033,0.2717582397038647,0.0,0.15591058685433246,0.10174732093797269,0.0,0.10074648254371182,0.3829689815511845,0.8929398274278401,0.730924484381625,0.01405515659274828,0.345802342069462,0.0,0.0430302509046174,0.026964288869005766,6.610696135189607e-05,0.0037274638671549003,0.004222182173623409,0.20839211076457181,0.04800756354829976,0.9080933978119295,6.610696135189607e-05,0.833868578003622,0.002407010518728275,0.3022135102238681,0.9999907532335852,0.6923079387198908,0.5908669462190297,0.8423845415516806,0.16348650935366466,0.07754211124738378,0.0,0.0,0.0,0.0,0.0
0.00020640360553998615,0.018391954164790787,0.004205773814838081,0.0021248669126086197,6.610696135189607e-05,6.610696135189607e-05,0.17407462890518596,6.610696135189607e-05,0.03843660493822691,0.9999341952593107,0.0,0.26312083236278777,8.369957814310249e-06,0.13130260697231533,0.00036939486577412676,0.15331112315597348,0.041157310039176616,0.13058565916571557,0.059871521424571424,0.14387510695302708,0.9859570417094817,0.5273143859403436,1.0,0.029152224217279338,0.7545558647350699,0.00033227062452444216,0.004047872877920594,0.018195708275854584,0.9999338930386481,0.2107222141419003,0.22177130781348006,0.49873650722791224,0.31465035716099254,0.7724614442688068,0.16315915960571498,0.0,0.01839182941259935,0.3065951125985521,0.0008065626530946809,0.6943083735758605,0.4088225885755016,0.04776374078334102,0.12540929567988082,0.0,0.12705663182323906,0.0,0.029022430491155632,0.28405791493511456,0.2654672333314732,0.07254321645829044,0.02426341317355523,0.08656015586129098,6.610696135189607e-05,6.610696135189607e-05,0.10837952263954796,0.38947274880982286,0.22506980462941642,0.2720979126475012,0.0,0.1562275450660758,0.10209051423673628,0.0,0.10071602660400518,0.38282011159080154,0.8923647377920876,0.7307155973670921,0.014042958290518258,0.34562898223641736,0.0,0.04298475418966104,0.027045526508494098,6.610696135189607e-05,0.003714657708119414,0.004222824594014435,0.20844981734928458,0.04775131469021953,0.9191218692566162,6.610696135189607e-05,0.8322931322327839,0.002468751101776851,0.30162209538399615,0.9999916300421857,0.6940780185490095,0.5909449782989374,0.8458823141909318,0.1638182897809577,0.07777164066798131,0.0,0.0,0.0,0.0,0.0
0.00020640360553998618,0.018393318077529235,0.0042064850509793,0.002126744985583655,6.610696135189607e-05,6.610696135189607e-05,0.1742237518908794,6.610696135189607e-05,0.038449393067952795,0.9999341959489083,0.0,0.2635554124347734,7.570584984927775e-06,0.12979818093550546,0.0003467443335241219,0.1500583302810718,0.040917125059739705,0.13044324645354263,0.0599086173392055,0.14386446208187398,0.9859690572341927,0.5273449819362296,1.0,0.029154652008718702,0.7549436589534888,0.00031336691618071683,0.004055367264101632,0.018198739081426354,0.9999338930386481,0.21083569957310566,0.22178480258429703,0.498933343498511,0.31458825417029646,0.7724931093952636,0.16297122633845498,0.0,0.017853151676656593,0.306226223826929,0.000667708511828296,0.6942545666131936,0.40888157580019885,0.048293719414302716,0.1256279292371226,0.0,0.12719687976817123,0.0,0.02902835646381439,0.2838553234644272,0.26539829578433866,0.07252735430547903,0.02425695730080471,0.08732436745021797,6.610696135189607e-05,6.610696135189607e-05,0.10823511571178014,0.38971358431106745,0.22497523179795906,0.2724230207135245,0.0,0.156538390589557,0.10242934322040168,0.0,0.10068934659643249,0.38267966136707815,0.8917976632464918,0.7305076086810035,0.014030942765807268,0.3454581382955993,0.0,0.04294211534314454,0.027120366773430323,6.610696135189607e-05,0.0037020556624429023,0.004223964275407573,0.20851021084672228,0.04750500856749253,0.9299150247664401,6.610696135189607e-05,0.8307636660907731,0.002531658806777357,0.30105034051324725,0.9999924294150151,0.695810276798281,0.5909976886191453,0.8492739612071,0.16413896173063425,0.07799551637918034,0.0,0.0,0.0,0.0,0.0
0.00020640360553998615,0.018394760056048235,0.004207181367066333,0.002128614893805064,6.610696135189607e-05,6.610696135189607e-05,0.174367763105871,6.610696135189607e-05,0.03846275396984978,0.9999341967108184,0.0,0.2639743424118705,6.842521820543707e-06,0.12831368097704562,0.00032541405512757194,0.14688507155163924,0.040682110804465405,0.1303031588653623,0.05994753756181606,0.14385684775455382,0.9859809399989912,0.5273766404385972,1.0,0.02915668854096949,0.7553197665122608,0.000280033582072583,0.004062936787079998,0.01820106595660694,0.9999338930386481,0.21096465993967617,0.221808421131302,0.4991358573233554,0.31452802511859485,0.7725238732855162,0.16279545001563617,0.0,0.017338644966820506,0.30588344707934345,0.0005509955478204114,0.6942040025086764,0.40893921769978336,0.04881409365863013,0.12584381189563826,0.0,0.12733471032948637,0.0,0.02903437440650822,0.2836566390335861,0.26533389146435504,0.07251264713151377,0.02425070783286863,0.08807931645912981,6.610696135189607e-05,6.610696135189607e-05,0.10809472147743028,0.3899490960645482,0.22488044372578558,0.2727332612192055,0.0,0.15684193424972567,0.10276310461763496,0.0,0.10066418982611415,0.3825438628963878,0.8912383687795538,0.7302993403498079,0.014019060001008827,0.3452886492319164,0.0,0.042909297867375906,0.027189806972283688,6.610696135189607e-05,0.0036897022010034465,0.004225235328100552,0.20857211114047633,0.04726812455850144,0.9405129963134458,6.610696135189607e-05,0.8292177179898572,0.002595682988698179,0.30049694635328794,0.9999931574781794,0.6975057398064082,0.591028034247894,0.8525639329005403,0.16444969686074412,0.07821376053846656,0.0,0.0,0.0,0.0,0.0
0.00020640360553998618,0.018396278121937344,0.004207866743367593,0.002130467265185369,6.610696135189607e-05,6.610696135189607e-05,0.17450675121460954,6.610696135189607e-05,0.03847621471917458,0.9999341975178518,0.0,0.26438055444107283,6.180153969406881e-06,0.126851895760117,0.00030534418358415437,0.14379277134762788,0.04045245208295168,0.13016577536803864,0.05998803453336022,0.1438517055612764,0.9859927006818404,0.5274091350895878,1.0,0.029157989147733918,0.755685839491745,0.00024670024873924977,0.004070390054921218,0.018203259246055207,0.9999338930386481,0.21108913486703906,0.22183392301776172,0.4993233182528249,0.3144695508913087,0.7725532543197317,0.16263104052801508,0.0,0.016847350605915266,0.305565841689627,0.00045330782793220024,0.6941568732636542,0.40899554131704924,0.04932494949535292,0.12605741571018964,0.0,0.12747040238508825,0.0,0.029040198387517875,0.28346216244903244,0.26527378109285427,0.072498719617648,0.024244786884739706,0.08881991877322722,6.610696135189607e-05,6.610696135189607e-05,0.10795704213165577,0.39017948777955797,0.22478598488673046,0.2730300113803977,0.0,0.15713914727054137,0.10309350975036378,0.0,0.10064140893298557,0.3824125754877894,0.8906870159712869,0.730090878728534,0.014007299318159588,0.34512046252532397,0.0,0.042871305476627077,0.027255315963964518,6.610696135189607e-05,0.0036777754639889452,0.0042266113821529715,0.20865961132159344,0.04704191591993644,0.9508904775584284,6.610696135189607e-05,0.8277399651466146,0.00266076079353794,0.2999583936505143,0.9999938198460306,0.6991616063634264,0.5910353043764252,0.8557539208244399,0.16474926572040857,0.07842610782712267,0.0,0.0,0.0,0.0,0.0
0.00020640360553998615,0.018397842718665285,0.004198803987925224,0.0021322437443906,6.610696135189607e-05,6.610696135189607e-05,0.17466731329501833,6.610696135189607e-05,0.03848972705963123,0.9999342321963989,0.0,0.2647725818594345,5.577935869644898e-06,0.12541115411070444,0.00028646467867766485,0.1407755194107981,0.04022771263850791,0.13003067021386364,0.060029908929435216,0.1438487205102065,0.9860043337696456,0.5274423790507383,1.0,0.029159169670523098,0.7560436308901121,0.00020640360613768195,0.004077752530309885,0.018205232289744636,0.9999338930386481,0.21121925132428992,0.22186464895627697,0.4995118548244017,0.31441277029597164,0.7725813378044868,0.162476521720736,0.0,0.01637748105789575,0.3052651107256129,0.0003718307877773732,0.6941110044062941,0.4090504314504762,0.0498263743938391,0.1262690564382058,0.0,0.12760407472841448,0.0,0.029046147316455093,0.2832723707126196,0.26521738441961357,0.07248541459954011,0.02423912108849435,0.08957548592003509,6.610696135189607e-05,6.610696135189607e-05,0.10782274352151913,0.390404365285506,0.22469185185125945,0.2733131510795693,0.0,0.15742795227246495,0.1034180396386444,0.0,0.10062039648154426,0.3822852763572756,0.8901437166767256,0.7298822230515878,0.013995666230354439,0.3449535462208473,0.0,0.04283294740953476,0.027316057053528207,6.610696135189607e-05,0.0036661216787117405,0.004227947359441269,0.20874355056127356,0.04682416743481153,0.9610513594670647,6.610696135189607e-05,0.8263316960136974,0.0027268103442537883,0.29943774534026024,0.9999944220641304,0.7007834125589348,0.5910303849570651,0.8588526498014245,0.16504088647365373,0.07863362197838447,0.0,0.0,0.0,0.0,0.0
0.00020640360553998618,0.018399861901065143,0.004205164571343468,0.0021339322986838015,6.610696135189607e-05,6.610696135189607e-05,0.17478260816066551,6.610696135189607e-05,0.03850660175615655,0.99993420029109,0.0,0.2651446531551892,5.031198602159371e-06,0.12398717963309,0.0002687117927346584,0.13783915628978932,0.04000773777104015,0.12989136172172827,0.0600714480459165,0.14384286775351748,0.9860127944084163,0.5274511963542727,1.0,0.029160109130035056,0.7563980768644389,0.00017307027171223956,0.004084900902421004,0.018207194847038814,0.9999338930386481,0.21133483846822937,0.2218911425884561,0.4996841331138399,0.3143577996123659,0.7726075490208829,0.16233115926054398,0.0,0.015927862607791023,0.30498026328712996,0.00030412165081730274,0.6940657257762897,0.4091027531578624,0.05031825086076963,0.12647843036574302,0.0,0.12773516581085761,0.0,0.02905143923365309,0.2830729344263336,0.2651718173279513,0.07247090621609102,0.02423289691771359,0.09033595962108751,6.610696135189607e-05,6.610696135189607e-05,0.10769256131786971,0.39062408787916836,0.22459867230671934,0.2735933601114998,0.0,0.15771721356453994,0.1037367777548198,0.0,0.10060264598588846,0.3821709857534527,0.889610301093314,0.7296787018807395,0.013987205591583736,0.3448136378348697,0.0,0.042794978726923914,0.027374512260208265,6.610696135189607e-05,0.0036547316333994857,0.0042292168825194,0.20881638181249637,0.046613305797584555,0.9709944856455431,6.610696135189607e-05,0.8249795421765966,0.0027937786723977375,0.2989308274727671,0.9999949688013978,0.702367744194579,0.5910142471653157,0.8618567220593933,0.1653238904667817,0.07883489936695658,0.0,0.0,0.0,0.0,0.0
0.00020640360553998615,0.018401063949976756,0.004207870446335821,0.002135558664448175,6.610696135189607e-05,6.610696135189607e-05,0.17490156247057514,6.610696135189607e-05,0.038518364368639785,0.9999342012466619,0.0,0.2655081391388411,4.53479717538458e-06,0.12258740352025552,0.0002520211979272803,0.13496908103601749,0.03979241061649745,0.12976033001990153,0.060114395713072234,0.1438422495362524,0.9860238719204393,0.527487348909131,1.0,0.02916091993044058,0.7567426660248453,0.00013973693837890616,0.00411153833398347,0.01820878644679806,0.9999338930386481,0.21144768640356745,0.22184864152956404,0.4996711975069016,0.31429786297473816,0.7726340742771416,0.1621942348811558,0.0,0.015496992792368986,0.30470841259922193,0.0002480407027557838,0.6940219686072684,0.40915545901440925,0.05080220885002514,0.12668859308003644,0.0,0.12786349945984357,0.0,0.029057403718307524,0.2828873553711985,0.26511633466910817,0.07245910301246582,0.024227613217164518,0.09104503850713741,6.610696135189607e-05,6.610696135189607e-05,0.10756412551209388,0.39084368853396856,0.22450428469916572,0.27385138035618956,0.0,0.1579879151745302,0.10404810040894628,0.0,0.10058399281647352,0.3820502570984949,0.8890833954369026,0.7294691573837111,0.013976128079560722,0.3446491516310255,0.0,0.04275683745743184,0.027427860793630847,6.610696135189607e-05,0.0036435676086266763,0.00423036165241469,0.20888984890979181,0.04640922386243918,0.9807595156079149,6.610696135189607e-05,0.8236875666937015,0.002861641023692652,0.29844624562381367,0.9999954652028246,0.7039276885128453,0.5909914657939046,0.8647828782612267,0.1656016279597606,0.07903395386719435,0.0,0.0,0.0,0.0,0.0
0.00020640360553998618,0.018402604347507026,0.004199479488641609,0.002137132845380858,6.610696135189607e-05,6.610696135189607e-05,0.17504789795386091,6.610696135189607e-05,0.038529186168540716,0.9999342364937998,0.0,0.2658580579897577,4.0845819759959746e-06,0.12120933009835701,0.00023633286856728438,0.1321663427178928,0.039581261250661526,0.12963302287259185,0.060158401773698855,0.14384382673405535,0.9860353077453632,0.5275269983807027,1.0,0.029162436434200682,0.7570899696035275,0.00010696331036034353,0.004125923470015886,0.018210645501611177,0.9999338930386481,0.21155482016155927,0.22184909210668607,0.49966625272717263,0.3142419899010617,0.7726673543015664,0.16206316875017107,0.0,0.015083483212426266,0.3044492620780482,0.00020174566465798398,0.6939916924204352,0.4092107827803596,0.05127695129672564,0.1269008536508089,0.0,0.12799187594478356,0.0,0.029063255339630535,0.28270781493571623,0.2650723286097713,0.07244293256758536,0.024222285753088355,0.09172050432384697,6.610696135189607e-05,6.610696135189607e-05,0.10743013137887936,0.39105790015536973,0.2244023451571758,0.27410011843655,0.0,0.15825214426681292,0.10435432759491216,0.0,0.10055734032383291,0.3819271131917276,0.8885646469295755,0.7292553196151358,0.013964692254636861,0.3444811256745138,0.0,0.04271818475238474,0.027477568640955883,6.610696135189607e-05,0.0036313288741515954,0.0042314499035871235,0.20895297344379726,0.046213091623709346,0.9903277319599801,6.610696135189607e-05,0.8224330030093556,0.0029303005412577247,0.2979786548235212,0.999995915418024,0.7054550424224038,0.5909600774584725,0.8676319116174492,0.16586970600507037,0.07922908115532101,0.0,0.0,0.0,0.0,0.0
0.00020640360553998615,0.01840464568672993,0.004206280236217354,0.002138764153385731,6.610696135189607e-05,6.610696135189607e-05,0.17514934050778852,6.610696135189607e-05,0.03854543075947415,0.9999342039392295,0.0,0.26618795743957047,3.6767888518763123e-06,0.11984706434080869,0.0002215926750713383,0.1294351840215136,0.039374847150395145,0.12950181089023427,0.0602019991358098,0.1438427323587236,0.9860435588508077,0.5275408922961472,1.0,0.029163934223280497,0.757436224426045,0.00010696331036034353,0.004135249158560768,0.018212927927007686,0.9999338930386481,0.21161265938701812,0.22185150486591132,0.49968124812648035,0.3141888991011545,0.7726989245594396,0.16193957902400286,0.0,0.01468680526788864,0.30420425095005643,0.00016365973065183843,0.6939620194415076,0.40926329144707835,0.05174233287641457,0.1271118411201243,0.0,0.12811848765201753,0.0,0.029068202729925066,0.282518125718732,0.2650366803061725,0.07242794082778158,0.024216761873853798,0.0924312397080465,6.610696135189607e-05,6.610696135189607e-05,0.10730493465148444,0.39126715481462143,0.22430129000630517,0.27434973885367586,0.0,0.15851821500859045,0.1046574892577351,0.0,0.10053199131019293,0.38181614960512955,0.8880556679877757,0.7290454265211521,0.013956441149192268,0.34434062005183536,0.0,0.04268044433292625,0.02752420474511019,6.610696135189607e-05,0.003619631313408867,0.004232533795661945,0.20901383947083457,0.046022227303937305,0.9997115771968836,6.610696135189607e-05,0.8212356228153198,0.002999785434255058,0.2975227246827507,0.9999963232111482,0.7069479153827123,0.5909166671171371,0.8704011562478345,0.1661311420979043,0.07941874805755787,0.0,0.0,0.0,0.0,0.0
