0_primarytoI_spread,0_primarytoII_spread,0_primarytoIII_spread,0_primarytoIV_spread,0_primarytoV_spread,0_ItoII_spread,0_IItoIII_spread,0_IIItoIV_spread,0_IVtoV_spread,0_late_p,0_C01_coef,0_C02_coef,0_C03_coef,0_C04_coef,0_C05_coef,0_C06_coef,0_C09_coef,0_C10_coef,0_C12_coef,0_C13_coef,0_C32.0_coef,0_C32.1_coef,0_C32.2_coef,1_primarytoI_spread,1_primarytoII_spread,1_primarytoIII_spread,1_primarytoIV_spread,1_primarytoV_spread,1_ItoII_spread,1_IItoIII_spread,1_IIItoIV_spread,1_IVtoV_spread,1_late_p,1_C01_coef,1_C02_coef,1_C03_coef,1_C04_coef,1_C05_coef,1_C06_coef,1_C09_coef,1_C10_coef,1_C12_coef,1_C13_coef,1_C32.0_coef,1_C32.1_coef,1_C32.2_coef,2_primarytoI_spread,2_primarytoII_spread,2_primarytoIII_spread,2_primarytoIV_spread,2_primarytoV_spread,2_ItoII_spread,2_IItoIII_spread,2_IIItoIV_spread,2_IVtoV_spread,2_late_p,2_C01_coef,2_C02_coef,2_C03_coef,2_C04_coef,2_C05_coef,2_C06_coef,2_C09_coef,2_C10_coef,2_C12_coef,2_C13_coef,2_C32.0_coef,2_C32.1_coef,2_C32.2_coef,3_primarytoI_spread,3_primarytoII_spread,3_primarytoIII_spread,3_primarytoIV_spread,3_primarytoV_spread,3_ItoII_spread,3_IItoIII_spread,3_IIItoIV_spread,3_IVtoV_spread,3_late_p,3_C01_coef,3_C02_coef,3_C03_coef,3_C04_coef,3_C05_coef,3_C06_coef,3_C09_coef,3_C10_coef,3_C12_coef,3_C13_coef,3_C32.0_coef,3_C32.1_coef,3_C32.2_coef
0.0002064036055399,0.0175713364366845,0.0049916654068137,0.000926536644879,6.610696135189607e-05,6.610696135189607e-05,0.1428132646326737,0.0265412967396582,6.610696135189607e-05,0.9999372458761832,0.0,0.1599955418255731,0.0003430036327744,0.1307812781849878,0.0089100014433276,0.2895730896701437,0.0740372033708727,0.1878290816453437,0.1021098825197702,0.1778943782460072,0.9858742004498646,0.4761270578583069,1.0,0.0323164762883355,0.5352989603016167,0.0057053987840664,0.0022164478369987,0.0166499542890177,0.999933893038648,0.1667399871204791,0.2571394693485856,0.3042845081143296,0.3957265769554678,0.7629120540784773,0.2860893619139116,0.0548960989553,0.1584679092093436,0.4460575882291553,0.1378235316426379,0.7076026556550281,0.470343819454781,0.0195340697649563,0.0690300774016507,0.0,0.1201964905560499,0.0,0.0149284684451839,0.3351391089445794,0.2581744557840268,0.0751965234769756,0.0315137868026421,6.610696135189607e-05,6.610696135189607e-05,6.610696135189607e-05,0.0568179830560037,0.3738778798219803,0.2166285574868939,0.0944180993000866,0.0,0.0435850814842003,0.023399842449862,0.0,0.1775545494675418,0.2717651838517317,0.8783560477152733,0.753075544352342,0.0141256718385896,0.4036764515856431,0.0,0.082479141759443,0.0007331374358574,0.0162741682533196,0.0070041609934487,6.610696135189607e-05,0.2206486240209343,0.1317095102102511,0.0093515747403533,6.610696135189607e-05,0.6867190507487642,0.0204593884346287,0.4594969969604285,0.9447608974119256,0.6671657311214683,0.521632567877655,0.5726033786872183,0.0408055915065573,0.0700619150481435,0.0,0.0,1.2771154569363453e-07,0.0,0.0
0.0003927056434982116,0.016513838792795495,0.0053183429692484135,0.0009138582046705449,6.610696135189607e-05,6.610696135189607e-05,0.11130682161131641,0.04539431851235951,6.610696135189607e-05,0.9999386348717939,0.0,0.16285093995396557,0.000361479892820275,0.12952819990567188,0.009010604586924662,0.3094739895015904,0.07150343627190038,0.20911212380691951,0.08856061087706363,0.17850477254826994,0.9860615950763629,0.49133687192255415,1.0,0.025592012520424125,0.5300378806219282,0.00690894793396696,0.0023057112897898837,0.01757719246397561,0.876100012845151,0.172143577745819,0.2641872895175698,0.5300801237370677,0.37283646089690975,0.7541959647270097,0.25882217244732064,0.07582409686238778,0.2115153316720528,0.4778539897231833,0.18145130168269358,0.6975931557266549,0.44505851469085395,0.02128617551867918,0.07162214012444192,0.0,0.10923732230839255,0.0,0.01583302595180086,0.34873211340558424,0.26827418458406177,0.08736168417235392,0.03445493346216422,6.610696135189607e-05,6.610696135189607e-05,0.012111831943632308,0.07191190800947575,0.3412040007019644,0.21880235058533612,0.0917560204773824,0.0,0.07195546734354226,0.020328527773681423,0.0,0.19244744009742318,0.2671435285544456,0.8901532136042573,0.7498730873272881,0.01393825476324046,0.39942580576905334,0.0,0.07107639703125557,0.000909707316352028,0.011755504366896609,0.006666655495741832,6.610696135189607e-05,0.17885291279215607,0.16950944891665704,6.61069613518962e-05,6.610696135189607e-05,0.8334293349294185,0.027001684687654147,0.48657086712133135,0.9238144232447919,0.5870010010787331,0.49280687791621064,0.5090747088157161,0.03845596790402148,0.07868583294778089,0.0,0.0,1.5016039664574967e-07,0.0,0.0
0.0004531038537848225,0.01655695907518038,0.005554432249576568,0.0009059365521477262,6.610696135189607e-05,6.610696135189607e-05,0.1018041079761656,0.05079490168648129,6.610696135189607e-05,0.999939228866291,0.0,0.1582686190588965,0.0003685526395027607,0.12811869564798944,0.00914283012228771,0.32788546719956385,0.06800044645597944,0.2148129173573682,0.07888028892307775,0.17971842793375378,0.9862649028184989,0.49577395436661176,1.0,0.024112827556901643,0.5253634626386049,0.007504320145085631,0.001977395871407177,0.01751182764298281,0.9135634663056773,0.17054544422008575,0.24750273614428636,0.6335049911353898,0.36756914692039855,0.7503978140731254,0.24863509669917733,0.08120730931975255,0.22282234239255103,0.4861458524978728,0.19958224023561755,0.6920430268761084,0.43985178717153195,0.023272491296238165,0.07468837923406717,0.0,0.10302340167153543,0.0,0.01677634643077226,0.3510512800315484,0.2684665572971772,0.0888435291330113,0.034327001888012104,6.610696135189607e-05,6.610696135189607e-05,0.013241283142276395,0.06852164197017084,0.33716543853198316,0.21587746083075704,0.09033905046108778,0.0,0.08214227354935814,0.017448140878602195,0.0,0.20298667043502017,0.2626913340475931,0.897847219780684,0.7455931928321791,0.013734955057394057,0.40120264396185285,0.0,0.06991282957340453,0.000964393419382339,0.011015304971623223,0.0064150000018448694,6.610696135189607e-05,0.1717274068628581,0.1688488865437602,6.610696135189607e-05,6.610696135189607e-05,0.9112406304272928,0.03372472509611747,0.5027572337808384,0.9184241380407447,0.5669166884101013,0.48726317650123735,0.4725322925648186,0.03696985623289201,0.08264396142350686,0.0,0.0,1.421241070334595e-07,0.0,0.0
0.0004531038537848225,0.016637851272822992,0.005641663430529279,0.0008999832678764535,6.610696135189607e-05,6.610696135189607e-05,0.0982253262596986,0.052244536961361034,6.610696135189607e-05,0.9999394643878122,0.0,0.15267796151925192,0.00038184801427366483,0.1287862434881074,0.009345161373364021,0.3494633780108796,0.06489627248574542,0.21657156313439793,0.07224321712177836,0.1809250890737518,0.9863974075332743,0.49813374606117583,1.0,0.02328841496788341,0.5223319311529616,0.008057059972363384,0.0016710939978925995,0.01745490851324005,0.9834908459404482,0.1688562114455871,0.23834074177643527,0.7135021905427266,0.3645639098208407,0.7465732887474756,0.24497232922869328,0.08263845520555471,0.2246152223172626,0.48887840988534054,0.20478644673484958,0.6863866718784342,0.4394251643797843,0.02523221317466928,0.07733579985261241,0.0,0.09796168919032547,0.0,0.0172787950707294,0.35467108054200946,0.27033854581630923,0.09003783163319627,0.03481221895577887,6.610696135189607e-05,6.610696135189607e-05,0.014850310471484475,0.06657220201192311,0.33433970114071154,0.21317794218815606,0.09033026155026895,0.0,0.08628497674944455,0.01523034862598562,0.0,0.2128322971312822,0.2597818169744177,0.9025245697035523,0.7417391110736358,0.013602464495897802,0.4039045647484987,0.0,0.07145794523450492,0.0010386551444735112,0.011205547009724497,0.0065863689412888,6.610696135189607e-05,0.17545985926016305,0.17364094999812926,6.610696135189607e-05,6.610696135189607e-05,0.9221142131738188,0.040248769064368306,0.5120194477017859,0.9169796967801717,0.5603135574451854,0.48654608011530986,0.44575017525427074,0.03588475850453812,0.08422145551140008,0.0,0.0,1.279708278983528e-07,0.0,0.0
0.0004531038537848225,0.016708190979395663,0.005695372150104828,0.0008921467101097607,6.610696135189607e-05,6.610696135189607e-05,0.09635402952221893,0.052377796849562376,6.610696135189607e-05,0.9999395898196126,0.0,0.14779447651944969,0.00040104385351989687,0.13072052922465696,0.009603205884804625,0.371419392618907,0.06236601447552073,0.21712088460121018,0.0678601432155176,0.18233959016627924,0.9864673105711341,0.5000804051625672,1.0,0.022671769131111626,0.5187806514262917,0.008012150747326792,0.0013974895414806947,0.017357560661936243,0.9999524741376785,0.16714202697144895,0.2318946969442488,0.779309775092761,0.3637078816881879,0.7428779344797862,0.2431829125770375,0.08299661488607926,0.22435628698643775,0.4902892670780257,0.20434048995605947,0.680588002967329,0.4404861218254134,0.027252909842810747,0.07978196598129585,0.0,0.09378863808170933,0.0,0.017586913884468452,0.3581303170400145,0.2721473326332563,0.09086167948619862,0.03532563026414838,6.610696135189607e-05,6.610696135189607e-05,0.016521013699157143,0.06525388039847567,0.33217941126795986,0.21072408544624838,0.09010333708546026,0.0,0.08801974350581808,0.013319583797521404,0.0,0.22180806075616602,0.2573950761919257,0.9048869469416716,0.737878443852425,0.013532575463837815,0.4061309567557234,0.0,0.07198094124911843,0.0010749189000291979,0.011281986344565119,0.0066749695029294405,6.610696135189607e-05,0.17654676710129577,0.17575005585799702,6.610696135189607e-05,6.610696135189607e-05,0.9326058033518817,0.04639798007396537,0.5189192738180526,0.9166023412604009,0.5569034402830871,0.4867879432396483,0.4242401174250336,0.035237921800984236,0.0849979173814507,0.0,0.0,1.1396502809179469e-07,0.0,0.0
0.0004531038537848225,0.01676935044975446,0.0057388475643359955,0.0008870164067225691,6.610696135189607e-05,6.610696135189607e-05,0.09511852153884254,0.052089923861714765,6.610696135189607e-05,0.9999397044175945,0.0,0.14332508937315702,0.0004242932787074231,0.13307652854332408,0.009872479227414237,0.3916523862136118,0.06019210471272432,0.21714654150838011,0.06494515718086225,0.18374188893942373,0.9864912236322345,0.5017955611341337,1.0,0.022199736987550983,0.5165411749743642,0.007955430296500143,0.001186241289642228,0.017143513733616847,0.9999651484831175,0.1653839189088844,0.22642330819161594,0.8386033864120741,0.3632722414136393,0.7392518899887045,0.24250546491304922,0.08318790644836759,0.22391719450700218,0.4914785250336762,0.20215101146425932,0.6748025092512702,0.44191235377737903,0.029338491475100766,0.08204388995523398,0.0,0.0903185410884514,0.0,0.017809799219203625,0.3611441230011526,0.2738630041923925,0.09146789475192994,0.035800115223767935,6.610696135189607e-05,6.610696135189607e-05,0.018032546382849207,0.06433114373333752,0.33047266032983186,0.20883405720776824,0.08987552943621627,0.0,0.0887686056139113,0.011710082685352598,0.0,0.23016509458779885,0.2555604287120571,0.905716351344037,0.7342142211053423,0.013508675439998537,0.4078858977774149,0.0,0.0721350489216824,0.001102467305081481,0.011338521844928503,0.006728888259708792,6.610696135189607e-05,0.17676012289916412,0.17675689281927925,6.610696135189607e-05,6.610696135189607e-05,0.942243608494971,0.051914052803527226,0.5242939162775776,0.916387800272925,0.5542376713357625,0.486938913053557,0.4061966023221289,0.034840291448206655,0.08538067600218383,0.0,0.0,1.0092776690673266e-07,0.0,0.0
0.0004531038537848225,0.01681923223888897,0.005774883509959977,0.000884429774149511,6.610696135189607e-05,6.610696135189607e-05,0.09416729197252133,0.051705585506806366,6.610696135189607e-05,0.9999398122502632,0.0,0.1392255070294489,0.00045099848518550325,0.13558839545726717,0.010147696770976525,0.40942913070620046,0.058374344174412736,0.21705165348540698,0.06301608028459767,0.18506588771422156,0.9864871755207314,0.5033771243871707,1.0,0.021828728288656386,0.5149943771205916,0.007876979734155482,0.0010105741274812128,0.016902822314086623,0.9999343558871903,0.16362238502631013,0.22159560782528448,0.8934889422496836,0.3630764864023655,0.7358074481792481,0.2423275100246601,0.083307374701369,0.22355570867949964,0.49235446870432736,0.1995343226759139,0.6690579040865283,0.4432262696704103,0.03149794675396382,0.08414206031883643,0.0,0.0874392137353642,0.0,0.018040313081068605,0.3637185946099609,0.27540666367222383,0.09190897696934784,0.036275743969718666,6.610696135189607e-05,6.610696135189607e-05,0.019465542646540896,0.06345643653845495,0.32910751318129083,0.2074756826535519,0.08961619778425188,0.0,0.08901307104395811,0.01035191660506073,0.0,0.2379161556654665,0.25412966549730176,0.9054859729614385,0.730792051966942,0.013512735416838714,0.40918366187746497,0.0,0.07213086350613183,0.0011166523697306641,0.011377965086556325,0.006764043572085133,6.610696135189607e-05,0.17663102573881714,0.17727054350708263,6.610696135189607e-05,6.610696135189607e-05,0.9510449502039772,0.056716869167199924,0.5288307851616392,0.9162416268134456,0.551842824819275,0.4871459179196353,0.39103654661788567,0.03465159607359244,0.08559241134688106,0.0,0.0,8.906242992196323e-08,0.0,0.0
0.0004531038537848225,0.016862150705490287,0.0058063413845915466,0.0008836916640654778,6.610696135189607e-05,6.610696135189607e-05,0.09338419670064974,0.05132048379190883,6.610696135189607e-05,0.9999399088907048,0.0,0.13544741530955082,0.00048097955400566825,0.1381281451951123,0.010425776652091242,0.42456569424817797,0.05686500823999722,0.21697134002600554,0.061766917445736716,0.1862848824089968,0.9864684309200192,0.5048473051435275,1.0,0.021502864060925445,0.5138810070769502,0.007751203772572557,0.0008790545741076785,0.016653496517225096,0.9999365333784724,0.16195824197163128,0.21711558758599261,0.945773476352646,0.3630020859176601,0.7325980503408048,0.24238320024725832,0.08341283300160797,0.22331188819797637,0.4929890816021695,0.19702537754214225,0.6634087143153147,0.4442654362802867,0.03372996359721545,0.08608839312933941,0.0,0.08506069325584593,0.0,0.018231311116252334,0.3659356136113006,0.2768075672713592,0.09227759288263163,0.03673536296587661,6.610696135189607e-05,6.610696135189607e-05,0.020698886724288004,0.06264503704896877,0.32804120084169575,0.2066282717487803,0.08936151940209018,0.0,0.08899829349606128,0.009205748481409594,0.0,0.24510262293938634,0.25305019329100426,0.9045031189570478,0.7276267244616639,0.013531490691471533,0.41009200160062653,0.0,0.07204650717931006,0.001152907955276724,0.011402183638090245,0.006788562754641414,6.610696135189607e-05,0.17625341314572146,0.17747843422027168,6.610696135189607e-05,6.610696135189607e-05,0.9589345388325714,0.060773677910414915,0.5328078650411008,0.9161061874443863,0.5495616731108501,0.4873793932643297,0.37840892820967975,0.03462365450530178,0.08571303040270349,0.0,0.0,7.838850929415955e-08,0.0,0.0
0.0004531038537848225,0.01690091117197315,0.005834573441516103,0.0008840572044145693,6.610696135189607e-05,6.610696135189607e-05,0.09272026571583235,0.050962619237312684,6.610696135189607e-05,0.9999399858422264,0.0,0.131954031480069,0.0005141911935928286,0.14062777373085084,0.010705681049762751,0.43717045383324243,0.05561106367269392,0.21694624610846477,0.06100157527909368,0.1874010418502162,0.9864434510898682,0.5062169793211296,1.0,0.021211125880762183,0.5130490774519904,0.007620796679841124,0.0007331374358574054,0.016391652617567667,0.9999394532689391,0.16033592032606178,0.21310481373204918,0.997234800020703,0.36300545299941056,0.7296666091848804,0.2425144765017375,0.08343916215059545,0.22311134372258784,0.49341479185173664,0.1947794878450509,0.6579264749207072,0.44498305415983713,0.03603386012702266,0.08790278785773724,0.0,0.08311048066975538,0.0,0.018409395455380357,0.3678480124511914,0.27810959096070703,0.09259196584730393,0.037138991007590556,6.610696135189607e-05,6.610696135189607e-05,0.021752363951035428,0.06193590506103116,0.3272197546328045,0.20620335345343407,0.08910721458698415,0.0,0.08883734041337298,0.008239361488295537,0.0,0.25174325881360093,0.25227322125823465,0.9029645645938836,0.7246961702920466,0.013556480048018524,0.410672540009115,0.0,0.07192777747741419,0.001186241289642228,0.011416373956663348,0.006805514579484827,6.610696135189607e-05,0.1758343377203973,0.17747489772981073,0.00012649893456364057,6.610696135189607e-05,0.9659802380856013,0.06413003736168563,0.5364242774312094,0.9160466466558117,0.5474235421331883,0.48764016561020507,0.3680500583217067,0.03471920259299795,0.08579747847346342,0.0,0.0,6.886211325181323e-08,0.0,0.0
0.0004531038537848225,0.01693377384119146,0.005859947360572032,0.0008852059281476159,6.610696135189607e-05,6.610696135189607e-05,0.09215567565312313,0.0506401426492636,6.610696135189607e-05,0.9999400561658949,0.0,0.12870531182721534,0.0005506904342113807,0.14303791389937892,0.010986225673981198,0.4474734812597964,0.05456281493900756,0.21697091978921088,0.060586201512720476,0.18842228961567625,0.9864173661883622,0.5074886272209488,1.0,0.020940649100050838,0.5123795847481184,0.00748004245762666,0.0006339439809440992,0.016173510047670266,0.9999431059294402,0.15880036829758257,0.20926510341895185,0.9999639536686499,0.3632569210051729,0.7269579011838669,0.24262044245659137,0.0834343682588706,0.22295071961336785,0.49367824798918775,0.1928558441316986,0.6526215595923901,0.4453971826455704,0.03840725496934127,0.08960249763363834,0.0,0.08152961606931518,0.0,0.018579667008924876,0.3695189417462976,0.279292511706768,0.09288566577756668,0.037553909814665144,6.610696135189607e-05,6.610696135189607e-05,0.022603110598052874,0.06123656744288918,0.32659315129297667,0.20618364656700086,0.08892908106592545,0.0,0.08860873621419374,0.007425003587622285,0.0,0.25791139145598624,0.2517686810389944,0.9010065435179383,0.7219752127506854,0.013582573407838121,0.4109817567097361,0.0,0.07179502638510614,0.0012195746229755613,0.011422222982928425,0.006821930927469886,6.610696135189607e-05,0.17542191119943132,0.17736703844273066,0.00034718277048805977,6.610696135189607e-05,0.9721128965488933,0.06685845224913226,0.5397451646502678,0.916014941306918,0.5454026302730595,0.48791052274920876,0.35967067460850505,0.034904234012616046,0.08586321652622436,0.0,0.0,6.040379977003669e-08,0.0,0.0
0.0004531038537848225,0.0169621773632678,0.005883224663132315,0.0008867077375614483,6.610696135189607e-05,6.610696135189607e-05,0.09165061436881934,0.0503355280886736,6.610696135189607e-05,0.9999401183819516,0.0,0.12567691479961787,0.000590597928700136,0.1453351620975193,0.011264403329905366,0.4557988886487929,0.05368870842976836,0.21706555927167387,0.06043081628663494,0.18937079027545534,0.9863941138750789,0.508682430299518,1.0,0.02070966037771767,0.5118798447557592,0.007378187667758564,0.0005423276822690506,0.015951267147933167,0.9999338930386481,0.15731678942475036,0.2062712221535864,0.9999335300602729,0.36353356599495773,0.7246107655265122,0.2426263314921233,0.08339683341648198,0.22280435618555175,0.4939222022339902,0.19127766962200762,0.6478032211622854,0.4454504813569004,0.04081891117980018,0.09123416247666011,0.0,0.08028378589785758,0.0,0.01875007639643726,0.37093932763153353,0.28036875843256376,0.093131636731441,0.03799629086523559,6.610696135189607e-05,6.610696135189607e-05,0.023188442839784155,0.06117503251205364,0.3260593892301422,0.20633549961082157,0.0888775880623028,0.0,0.08834875795641471,0.006730030856042871,0.0,0.2633549005087802,0.2515562856129454,0.8987502725335649,0.7193950472478846,0.013605833201911355,0.4110337838026244,0.0,0.07165243015580389,0.0012195746234699746,0.011419854061929031,0.00681398955123446,6.610696135189607e-05,0.1751017590771834,0.17710932914711164,0.0005238122154149489,6.610696135189607e-05,0.9775754517527374,0.06905373486266626,0.5428191656459561,0.9160125686548178,0.5435117237605144,0.48808336358006155,0.35292344172919954,0.035153169899166156,0.08592767375848029,0.0,0.0,5.292300973210628e-08,0.0,0.0
0.0004531038537848225,0.01698926944828408,0.005904981276784444,0.0008889178663425254,6.610696135189607e-05,6.610696135189607e-05,0.09126561664667258,0.05008782102117822,6.610696135189607e-05,0.999940157374089,0.0,0.12283430447754091,0.000633952399311547,0.14748365520403026,0.011539384008779146,0.46241949513676234,0.05295678560662985,0.21719936470916354,0.06045675409815781,0.19024661418005553,0.9863777250044516,0.5097881781143174,1.0,0.020464813551329543,0.5114862577258635,0.007300810802058839,0.0004958946298879484,0.0157237607713828,0.9999338930386481,0.15589884471264862,0.203639747629242,0.999935405414124,0.36378488489216615,0.7225278784437458,0.24256150472720164,0.08341045364288913,0.2226913045036025,0.49416177186243093,0.19003571916348586,0.6434233135041352,0.44518162334001765,0.04325512887907606,0.09280041434522122,0.0,0.07932361732142898,0.0,0.018907669400158488,0.37220652282446737,0.28140052152674694,0.09335719110982464,0.03838750243796826,6.610696135189607e-05,6.610696135189607e-05,0.023580658037811602,0.06129792526093829,0.3256289645499249,0.20666534185715177,0.0889734447831615,0.0,0.08810541567888554,0.006134017823767728,0.0,0.26817638753703826,0.2516278937662604,0.8962881170227661,0.7169529714747233,0.01362222866583451,0.41088820456425357,0.0,0.07150215825629297,0.0012195746234699742,0.011411063286755122,0.006796801940837151,6.610696135189607e-05,0.17478650898921175,0.17682852321024256,0.0006837182819643766,6.610696135189607e-05,0.9823457314750009,0.07080677969910239,0.5456307460120959,0.9159555939577994,0.5417196246134818,0.48816482630502217,0.34754478569975183,0.03544351335219668,0.08599111818455844,0.0,0.0,4.632971381637675e-08,0.0,0.0
0.0004531038537848225,0.017013554764253067,0.005924613192668625,0.0008916152644289225,6.610696135189607e-05,6.610696135189607e-05,0.09093958890843284,0.04989204230253926,6.610696135189607e-05,0.999940194452599,0.0,0.12015864581100659,0.0006807709856705136,0.14946725168008948,0.011811035063504336,0.4676051392505167,0.05233890464555643,0.21734825341828862,0.06061308912189419,0.19105768817026658,0.9863703848569926,0.5108045381379026,1.0,0.020228950082914136,0.5111539028988583,0.0072338387804059025,0.00045310385378482236,0.015538280122657299,0.9999338930386481,0.15453009958751318,0.20137181332387383,0.999936851516528,0.36397877138863527,0.7206500217610906,0.24246410289063872,0.08341930972902284,0.2225698434994445,0.49437085187136354,0.18904752525112978,0.6394637797950863,0.4446273051196189,0.045705040204520375,0.09431228496681034,0.0,0.07861379613766517,0.0,0.019067834648560045,0.37332473899964413,0.28242731126833376,0.09360224872662139,0.03873225150548907,6.610696135189607e-05,6.610696135189607e-05,0.02374868645387006,0.0613781386190113,0.3252761737398824,0.2071307909502101,0.08912673912238962,0.0,0.08788284541786148,0.0056195675542481316,0.0,0.2724312803531928,0.25194948994923283,0.8936818706735855,0.7146300268629231,0.013629574608041478,0.4105816657244323,0.0,0.0713725818473429,0.0012195746234699744,0.011397136597238707,0.006781889848804008,6.610696135189607e-05,0.17455154188071,0.1765293073873034,0.0008122367609141799,6.610696135189607e-05,0.9864231862793679,0.07221918728869935,0.5482505121759651,0.9158999192853067,0.5400800594026046,0.4881985455108841,0.3433473354983536,0.035766035206164504,0.08607495151285972,0.0,0.0,4.053496593731336e-08,0.0,0.0
0.0004531038537848225,0.01703559719721529,0.005941943563144107,0.0008945082041526276,6.610696135189607e-05,6.610696135189607e-05,0.09067004126716718,0.04973533234291881,6.610696135189607e-05,0.9999402235073857,0.0,0.11763926533841407,0.0007312243045237467,0.15128774080987567,0.012079822174320617,0.471625835530202,0.05181162541500392,0.21749429025980957,0.060864548757540916,0.1918134912844695,0.9863703335411872,0.511735305492106,1.0,0.02000255699231081,0.5108817137288163,0.007177521739364598,0.00039309873647937367,0.015347207396093859,0.9999338930386481,0.15320108804166763,0.1994595427871094,0.9999382047246331,0.3641507919287729,0.7189132234425794,0.24232864023209066,0.08341840628649802,0.2224388034853602,0.49454254647907236,0.18825988844221075,0.6359008709209821,0.4438451271050358,0.04816330810144827,0.09578844377878215,0.0,0.07812152664161236,0.0,0.01926033590224847,0.37433257229531547,0.2834143845261114,0.09384760250163343,0.039042976036005816,6.610696135189607e-05,6.610696135189607e-05,0.02378844683237468,0.06146916512859128,0.32498546799821953,0.20772662013786522,0.08932740983043098,0.0,0.08768471564248573,0.005173103897353461,0.0,0.27618012653602464,0.2524849834646269,0.8909721431410108,0.7123980649367484,0.013629631011326365,0.41014316786628174,0.0,0.07125918383252446,0.0012195746234699746,0.011380584484955429,0.006768566775944921,6.610696135189607e-05,0.1744073808436441,0.17625080821114095,0.0009306141243322305,6.610696135189607e-05,0.9898823621019253,0.0733601564195555,0.5507046845990643,0.9158503694089782,0.5385887400622784,0.4882045274492536,0.3401142760275873,0.03610737712798929,0.08617559917052776,0.0,0.0,3.544748644179354e-08,0.0,0.0
0.0004531038537848225,0.01705496393495206,0.005957715581996696,0.0008975769727163822,6.610696135189607e-05,6.610696135189607e-05,0.09046153340450776,0.04961006147194794,6.610696135189607e-05,0.9999402451157988,0.0,0.11526314397527916,0.0007854724160613277,0.1529464423895249,0.012345599237706485,0.4746990282253307,0.0513563113705792,0.21762740320235377,0.06118417452577016,0.19252125341130924,0.9863770692326177,0.5125865306785427,1.0,0.01977445642100766,0.5106250713748386,0.007131711513609928,0.00034919926815711643,0.015162797988796287,0.9999338930386481,0.15194300483772646,0.197709516699993,0.999939357070906,0.36425242305326894,0.7172440532684872,0.2421230141284485,0.08341042375966251,0.22230599622942637,0.4946738112536451,0.1876425129663085,0.6326421275190066,0.44288090831799154,0.05061949937848314,0.09723433618216454,0.0,0.07782370779196773,0.0,0.019401790050993285,0.37523513574482875,0.2844235202465338,0.09411353844260825,0.039344678143570205,6.610696135189607e-05,6.610696135189607e-05,0.023668008320279828,0.061587748200014426,0.32476780709313086,0.2084759937981444,0.08960929204759789,0.0,0.08751132775240023,0.004783497426973805,0.0,0.27954657293715446,0.25320569154924594,0.8881963260957467,0.7102444104065263,0.013622899783011658,0.40958976152948967,0.0,0.07115495776460865,0.0012195746234699742,0.011361990938174055,0.006756714984405202,6.610696135189607e-05,0.17433628721062544,0.17599562734790716,0.0010412744629891807,6.610696135189607e-05,0.9927995430665142,0.07427995293336838,0.5530045498486745,0.9158041038242761,0.5372362336286486,0.48819709208167456,0.3376584588083609,0.03645498817325978,0.08628599693040888,0.0,0.0,3.098437067297933e-08,0.0,0.0
0.0004531038537848225,0.017071700337240904,0.005971522180867987,0.0009007241078865428,6.610696135189607e-05,6.610696135189607e-05,0.09032884589164021,0.04951065109742208,6.610696135189607e-05,0.999940253337138,0.0,0.11301782937673775,0.000843659106058672,0.15444414396826522,0.01260775656700345,0.4770029229230057,0.0509563605903108,0.21773501325859987,0.061554399473323855,0.1931871917199518,0.9863889403062374,0.5133630446565712,1.0,0.019557434006998928,0.5103912061650432,0.00708756929508532,0.00032286742961520204,0.014990434751102637,0.9999338930386481,0.15072370687919429,0.19611197456038454,0.9999402934249837,0.3642889055674346,0.7156538550285914,0.2418812241933467,0.08339444116915332,0.22217245338573186,0.49478239737016455,0.18715821926630655,0.629676952068636,0.441785111032077,0.053072693669706614,0.09866874700865384,0.0,0.07770210439523106,0.0,0.019562290856943956,0.3760274293517645,0.28540546342313317,0.0944270558478329,0.03966036378735478,6.610696135189607e-05,6.610696135189607e-05,0.023345030491588866,0.06157866949614083,0.324589926942549,0.20930782306199372,0.08992146077241364,0.0,0.08735653140232766,0.004442046303798076,0.0,0.2825598294556072,0.2540623003060809,0.8853729068569696,0.7081440612713943,0.013611032621298159,0.4089348509481977,0.0,0.07107278652815173,0.0012195746234699744,0.011342748034435936,0.006745291213062254,6.610696135189607e-05,0.1743518370656265,0.17578907323478934,0.0011223371181824425,6.610696135189607e-05,0.995251489035472,0.07503832190941497,0.5551794856575019,0.915761899724788,0.5360268712436753,0.4881677997590339,0.3358388578106876,0.03680685788544594,0.0864175754032423,0.0,0.0,2.7072464499472113e-08,0.0,0.0
0.0004531038537848225,0.017086942595261195,0.005983873906670009,0.000903741210966802,6.610696135189607e-05,6.610696135189607e-05,0.0902032770851645,0.04943205666594118,6.610696135189607e-05,0.9999402704514914,0.0,0.11089553576487857,0.0009060050603188141,0.15579226953226827,0.012866507501504892,0.47869252117973726,0.050600695264055244,0.21781839366023034,0.06196164196491573,0.193818680435548,0.9864068586138814,0.5140761673153017,1.0,0.01937267428198076,0.5102087131398227,0.00704516714189945,0.0002800335820725829,0.014823372075856957,0.9999338930386481,0.14953977193067566,0.19476512009773161,0.9999411586299786,0.3642516659763051,0.714141022491108,0.24164298224858644,0.08337486190481787,0.22204544604673754,0.4948817628695617,0.18678897390025287,0.6269824697024932,0.44059393007680553,0.055519829655496254,0.10010755462097964,0.0,0.07774501132017769,0.0,0.019726169087599426,0.3767778738982802,0.28641446153621697,0.09476839581768072,0.03994145522840972,6.610696135189607e-05,6.610696135189607e-05,0.022884069909638486,0.06157924833527459,0.3244359489533763,0.2101948231462288,0.09023086168757247,0.0,0.08721685787672484,0.0041416488748147245,0.0,0.2852618867807592,0.25502379750198645,0.882518528379588,0.7060737649434723,0.013593117741708216,0.40817882136452055,0.0,0.07100187555616222,0.0012195746234699746,0.01132315847750175,0.006734569094507098,6.610696135189607e-05,0.174433054640942,0.17561708169347132,0.0012561837525534188,6.610696135189607e-05,0.9972788797064313,0.07566415436266322,0.5572306202989625,0.9157191330348633,0.5349454265442694,0.48811008075411866,0.33451850492000995,0.037154948252692534,0.08656387876097775,0.0,0.0,2.3644410393522324e-08,0.0,0.0
0.0004531038537848225,0.01710005285424171,0.005995300769017619,0.0009067524636103888,6.610696135189607e-05,6.610696135189607e-05,0.09010501633593915,0.04936971073655743,6.610696135189607e-05,0.9999402828583787,0.0,0.10888782197007756,0.0009727054208046322,0.1569982523211664,0.01312203368422428,0.47989777495838054,0.05028282859996131,0.2178777621805363,0.06239661112053341,0.19442342876532454,0.9864280551167306,0.514731353377493,1.0,0.01917434327254159,0.5100448342296344,0.00700645876310981,0.00022377559893640528,0.01466513343583017,0.9999338930386481,0.14839734605791025,0.19364608887504456,0.999942038298398,0.36418318111154363,0.7126733036582346,0.2413795125926228,0.0833596034478892,0.22192679862519632,0.49495449059832813,0.18652309720912286,0.6245063795575952,0.43933488942030285,0.05795544646639042,0.10155417054755914,0.0,0.07792997674407509,0.0,0.019883146075415525,0.37748293222512747,0.2874259964091565,0.0951437621134708,0.04021221029404133,6.610696135189607e-05,6.610696135189607e-05,0.022277950332077766,0.06161443809992086,0.3243132072624329,0.21115168089098105,0.09057463465062475,0.0,0.08709460077679271,0.003876495091420389,0.0,0.2877175679084463,0.2560762535017273,0.8796479424130762,0.7040224006871163,0.01357192424097451,0.40733866987843187,0.0,0.07093394133411192,0.0012195746234699742,0.011303633349086174,0.0067231468509214845,6.610696135189607e-05,0.17453933587672701,0.1754979160976835,0.0013713043776871958,6.610696135189607e-05,0.9989998197952682,0.07617501545078444,0.5591580307866749,0.9156676911313062,0.5339803482768446,0.48804698062602714,0.3335791278324966,0.03749322393399719,0.08671109489743362,0.0,0.0,2.064229486831247e-08,0.0,0.0
0.0004531038537848225,0.017110631067578257,0.006006070258628764,0.0009097556568176766,6.610696135189607e-05,6.610696135189607e-05,0.09008250792478137,0.04932146018335664,6.610696135189607e-05,0.9999402799473922,0.0,0.1069842533164467,0.0010439163602974926,0.1580658141776942,0.01337360973833019,0.48070846872805334,0.049995498657330585,0.21791353056271973,0.06285210317206603,0.1950054536287167,0.9864518473466695,0.5153329914974166,1.0,0.018947682640152497,0.5098675296429788,0.0069675076078910755,0.00020640360579765447,0.01451147026779035,0.9999338930386481,0.14730886302875248,0.19250062623164974,0.9999427140357142,0.36406414891604716,0.7112169529840577,0.2410554155772775,0.08333999367893183,0.22181564188386485,0.49500105015431645,0.18633233843004562,0.6222079488751878,0.4380223584685836,0.06037551455714617,0.10301611219565132,0.0,0.07824641836889785,0.0,0.020040783267848274,0.37814760383039103,0.2884325665342894,0.09554855332935064,0.04047424389445479,6.610696135189607e-05,6.610696135189607e-05,0.021551382510471475,0.06169255617777632,0.3242210812597883,0.21217557418900876,0.09097031626339201,0.0,0.08698248445906459,0.0036416655376411366,0.0,0.28997234159122476,0.2571916118779709,0.8767723822707878,0.701978434175632,0.013548134638184339,0.4064205901336855,0.0,0.07087914078040149,0.0012195746234699744,0.011283785127261069,0.006712713848292909,6.610696135189607e-05,0.174698961947484,0.17540246288614922,0.001477718468305065,6.610696135189607e-05,0.9999634809579401,0.07660747282693352,0.5609900148428838,0.9156160899607707,0.5331360594793764,0.4879836745697122,0.33295919284190106,0.03782421087625688,0.08687249909072571,0.0,0.0,1.8015146226119588e-08,0.0,0.0
0.0004531038537848225,0.017119047272625622,0.006016365244016346,0.0008786644119667379,6.610696135189607e-05,6.610696135189607e-05,0.09007487696104907,0.04938221097705213,6.610696135189607e-05,0.9999404146895712,0.0,0.1051745462914342,0.0011196338555553053,0.15899238986096326,0.013620070158603783,0.4811788895299097,0.04973058933183106,0.217918565694479,0.06332241869337518,0.19556605122141535,0.9864793460092643,0.5158835748381518,1.0,0.0187442534254281,0.5097153994118014,0.0069200755343865935,0.00017307027171223956,0.01436232256111558,0.9999338930386481,0.14620812639348865,0.1915078458797131,0.9999432852791627,0.36392293906521345,0.7097968120705989,0.24074712784501295,0.08330664688294877,0.2217125238521021,0.49504587389347093,0.18618483584145365,0.6201003322405645,0.43666061570088865,0.06277336557400641,0.10450359933764554,0.0,0.07868977823263866,0.0,0.020207841205072054,0.3787667632908398,0.28951548477854666,0.09597147187421416,0.04071918422811831,6.610696135189607e-05,6.610696135189607e-05,0.020750176874249227,0.06170688711291917,0.3241290917758378,0.21321560629192532,0.09133215965038102,0.0,0.08687765854831689,0.003433000144368946,0.0,0.2920177773089893,0.25835340150818575,0.8739042157326185,0.6999303494409392,0.013520638271626539,0.40542664692920954,0.0,0.07085900632532019,0.0012195746234699746,0.011266144328636051,0.006702982242352591,6.610696135189607e-05,0.17500854941205782,0.17536822649355208,0.0015899782570740493,6.610696135189607e-05,0.9999638825608133,0.07698758163747585,0.5627461662131719,0.9155737192614959,0.5324174277386178,0.4879010558035563,0.33263627462863665,0.038151301118615207,0.0870674170964466,0.0,0.0,1.571910917275943e-08,0.0,0.0
0.0004531038537848225,0.017124788492838872,0.006026322564257298,0.0009008859874358773,6.610696135189607e-05,6.610696135189607e-05,0.09010175885803201,0.04929867319372623,6.610696135189607e-05,0.9999402897246492,0.0,0.10344646166274923,0.0012001456990131311,0.15980423880037964,0.01385483011585395,0.481406050938117,0.049486260605976974,0.21791413569761128,0.06380334143211411,0.19610543679639345,0.9865026136420852,0.5162461155251459,1.0,0.018538394020685016,0.5095850810436421,0.006870967207077761,0.00013973693837890616,0.014220900995640407,0.9999338930386481,0.14514688987394445,0.1906103816885954,0.9999438666997347,0.36375380135184854,0.7083818687154888,0.2404199769844085,0.08327145085962138,0.22161766475152495,0.49508033689411524,0.18607353244423433,0.6181314339592638,0.4352482975305058,0.06514830041142199,0.10602132860054937,0.0,0.07924195537348383,0.0,0.020371011232950407,0.37932620711807813,0.2905531094297988,0.09645999703937608,0.040961553753772716,6.610696135189607e-05,6.610696135189607e-05,0.019754141738366534,0.06170014086277023,0.3240739080369518,0.21430328440463373,0.09170724902412619,0.0,0.08678287637883442,0.0032477951686705865,0.0,0.293913216419181,0.2595588367659571,0.8710483581564639,0.6978732346030572,0.01349737263733283,0.40451192910137035,0.0,0.0708654858949637,0.0012195746234699742,0.011253066776492664,0.006698602279801847,6.610696135189607e-05,0.17544864870232219,0.17547926219019971,0.0016897653098313366,6.610696135189607e-05,0.9999637352526874,0.07731484687987743,0.5644263123287161,0.9155284034413654,0.5317952200692609,0.48781703782136016,0.33252041661764875,0.038469089015578196,0.08727873000592594,0.0,0.0,1.3720581937275306e-08,0.0,0.0
0.0004531038537848225,0.01712784792298422,0.006034637244164593,0.0008771092399496818,6.610696135189607e-05,6.610696135189607e-05,0.09013660625191444,0.049355553419346006,6.610696135189607e-05,0.9999404215024974,0.0,0.1018130739098979,0.0012855153512616008,0.16049601257036475,0.014089360490753088,0.48140330298536027,0.049259026036337396,0.2178728168124411,0.06429214376523337,0.19662844509884775,0.9865335495237897,0.5167184915757501,1.0,0.018329653861619197,0.5094456974591569,0.006816719092551396,0.00010696331036034353,0.014055563163025333,0.9999338930386481,0.14410415034186363,0.18979356199374614,0.9999444150069696,0.3635743319701162,0.7069772361292215,0.24007444040371806,0.08323634444033995,0.22153991937140674,0.49510614493500277,0.18601173733371634,0.6162971233161266,0.4338294523351636,0.06750039187389409,0.10757932276931077,0.0,0.07990309661144777,0.0,0.02054035875979268,0.37989973021031975,0.29164844916794413,0.09694536548940312,0.04120768417518927,6.610696135189607e-05,6.610696135189607e-05,0.01874250098424306,0.06173680525547679,0.3240057984833831,0.21541361352624105,0.0920815447728046,0.0,0.08669345527342402,0.003082721213085152,0.0,0.295664752240942,0.26078734504563994,0.8682074643608726,0.6957922321318415,0.013466438509008723,0.40337841181280215,0.0,0.07087771511848008,0.0012195746234699744,0.011239163815176966,0.006691374311669102,6.610696135189607e-05,0.17592229320830416,0.17562745652535025,0.00180382561281155,6.610696135189607e-05,0.9999634874132274,0.07760915034453753,0.5660309409135794,0.9154781402083985,0.5312706127848046,0.4877217733611589,0.3325849596809234,0.03877909840659405,0.08751038580675534,0.0,0.0,1.196720161975642e-08,0.0,0.0
0.0004531038537848225,0.017128903152532415,0.006043803215641458,0.0009031081066651713,6.610696135189607e-05,6.610696135189607e-05,0.09020327708330207,0.049276841024005556,6.610696135189607e-05,0.9999402908982071,0.0,0.10025658667844861,0.0013763948942659995,0.1611053430526658,0.014314087362181795,0.4812720275751957,0.04904628014874263,0.21782721123995882,0.06478621157380883,0.19713198400918405,0.9865605791816621,0.517027382066706,1.0,0.01811705451653265,0.5092917939116341,0.006787969052968643,0.00010696331036034353,0.013916474992101233,0.9999338930386481,0.14302250649759754,0.18888034927901257,0.999944734892621,0.36333112151787694,0.7055676952862124,0.23971282721456794,0.08320168666854132,0.22147268634582665,0.4951273052585755,0.18597042594825375,0.6145428047993274,0.43238319651600876,0.06982381067458081,0.10917080429912854,0.0,0.08066323686265245,0.0,0.02071312208869327,0.3804250096748831,0.29272804095611205,0.09748525809705164,0.04143053470326243,6.610696135189607e-05,6.610696135189607e-05,0.017573346898771904,0.06178459950192062,0.3239715488956544,0.2165547429303638,0.0924640778809188,0.0,0.08660921854735706,0.002935572146365902,0.0,0.297330041310492,0.26203819989821964,0.8653899777516104,0.6936972116916874,0.013439410381362758,0.40230938107064157,0.0,0.07089240185867585,0.0012195746234699746,0.011224644987486238,0.006686015073582169,6.610696135189607e-05,0.1764035572004974,0.17576631230883283,0.001912174129854448,6.610696135189607e-05,0.9999631506898039,0.07787756178342382,0.5675665082260647,0.9154219184371927,0.5308127520541505,0.48762303523287687,0.33275754647655054,0.03908087374143798,0.08775139234581288,0.0,0.0,1.043697523034383e-08,0.0,0.0
0.0004531038537848225,0.01712827520213507,0.006051818647532087,0.00088439193633653,6.610696135189607e-05,6.610696135189607e-05,0.0902818297250398,0.049332219826831704,6.610696135189607e-05,0.9999404052566212,0.0,0.0987826476233622,0.0014726340385797035,0.16161224171625707,0.014539291481257814,0.4809852177798193,0.04884427479714715,0.2177451358874774,0.06528516510728015,0.19762352817363937,0.9865947484990266,0.5174507422427709,1.0,0.01790154114569334,0.5091460412291609,0.006749305347314487,0.00010696331036034353,0.013792901475050396,0.9999338930386481,0.14195183064246966,0.18799786698412688,0.9999449936009475,0.36305170303253076,0.7041878512018865,0.23940984432571222,0.08316428892611698,0.22141841206073018,0.49515628116708593,0.18596561429881336,0.612924744822107,0.4309347480268165,0.07211624486204785,0.11080863985994455,0.0,0.081519564198726,0.0,0.020856478924362026,0.3809661026901634,0.2939181221019543,0.09799862325699228,0.041663253199777435,6.610696135189607e-05,6.610696135189607e-05,0.016458705043562255,0.061764156182358004,0.3239287408877812,0.21768592719373336,0.09278202326211932,0.0,0.08652977619757261,0.0028043953948536523,0.0,0.29885504538202873,0.2633099343537983,0.862598590030672,0.6915678319664161,0.013405251500973386,0.4010296935585031,0.0,0.07090953501766298,0.0012195746234699742,0.011208101677566725,0.0066763604576497845,6.610696135189607e-05,0.17690022543837103,0.1758885668120747,0.002043389169918046,6.610696135189607e-05,0.9999628032749316,0.07812622160438006,0.5690254847888062,0.9153630770353033,0.5304395700254401,0.4875000319568025,0.33304916792136735,0.03937593499871706,0.08801018173190778,0.0,0.0,0.0,0.0,0.0
0.0004531038537848225,0.01712608698117617,0.006060371814498157,0.0009093933622422973,6.610696135189607e-05,6.610696135189607e-05,0.09038404647852093,0.049263413442705205,6.610696135189607e-05,0.9999402843187171,0.0,0.09737558102007346,0.0015749001671656806,0.16205168419342567,0.01475582530225453,0.48062776975930666,0.04865319722387231,0.2176617272057953,0.0657883179545234,0.1980982486214146,0.9866240546436835,0.5177211631605075,1.0,0.017667058453643743,0.5090114000129393,0.006703472300393239,0.00010696331036034353,0.013678457344994248,0.9999338930386481,0.1409277735903893,0.18714403321134981,0.9999452612442501,0.3627554207957857,0.7028213069279816,0.2391364839811929,0.08312343179287499,0.22136443842172362,0.49517505445037513,0.1859631531105524,0.6114141574362358,0.4294592222328843,0.07437653960439072,0.11248888122545939,0.0,0.08245632279742038,0.0,0.021024257416038625,0.38146805286769664,0.29508299479620864,0.09855421790598538,0.041893098431967736,6.610696135189607e-05,6.610696135189607e-05,0.01523723237850252,0.061682991773891055,0.3238981349093943,0.218808161358421,0.0930521781357604,0.0,0.08645397680449504,0.0026880349048751017,0.0,0.3002634061926642,0.2645943663398473,0.8598351424410858,0.689412870153126,0.013375945356316442,0.399822514042072,0.0,0.07093292120236594,0.0012195746234699744,0.011191024178292062,0.006668431389505256,6.610696135189607e-05,0.17740967345915984,0.17601129392820003,0.00217015883734675,6.610696135189607e-05,0.9999623894992173,0.07837053171359742,0.5704357568629733,0.9153016680399594,0.5301299005803557,0.4873810853424952,0.333409077130141,0.039669239147227725,0.08828468422147313,0.0,0.0,0.0,0.0,0.0
0.0004531038537848225,0.01712222845634923,0.006068203579834198,0.0008953944718015183,6.610696135189607e-05,6.610696135189607e-05,0.0904566317017006,0.04930769477815974,6.610696135189607e-05,0.9999403884707267,0.0,0.09603904291850672,0.001683082466829551,0.16240524499795156,0.014972972421198338,0.4801662335046356,0.04846895887796912,0.21754766077683804,0.0662948032690791,0.19856154612977903,0.9866589083022631,0.5180891748190848,1.0,0.01743653645533162,0.5088798968636108,0.006648428999756247,0.00010696331036034353,0.01353742002929223,0.9999338930386481,0.13990340726530345,0.1863172765120315,0.9999455166615998,0.36245771615455114,0.7014607836546284,0.23888113534848737,0.08307518870689651,0.2213244193921885,0.49518164289064537,0.18597432520765403,0.6100009022863704,0.42798811559264505,0.07660555145182563,0.11421777781557443,0.0,0.08347752049336739,0.0,0.02120415928805642,0.38199934459082435,0.2963247203812003,0.09910447584491056,0.04212928880618156,6.610696135189607e-05,6.610696135189607e-05,0.014027252422261422,0.06164629597608983,0.32384429401729187,0.21992505061833784,0.09328671092410967,0.0,0.08637778705798864,0.002584790021959164,0.0,0.30156795690038113,0.2658800443315708,0.8570996452790952,0.6872206760546465,0.013341091697736899,0.3984333046875478,0.0,0.0709598628550097,0.0012195746234699746,0.011172833250238134,0.006657649603407592,6.610696135189607e-05,0.17794407865341066,0.1760972979507012,0.002274019042456321,6.610696135189607e-05,0.9999620334029627,0.07861416572703384,0.5717931108088963,0.915241728826274,0.5298925485518713,0.48726059466619703,0.33385944128771045,0.039962181935279374,0.08858417929894613,0.0,0.0,0.0,0.0,0.0
0.0004531038537848225,0.017116913283535536,0.006077292148992476,0.0008877365780358045,6.610696135189607e-05,6.610696135189607e-05,0.09057596061876298,0.04933301651038353,6.610696135189607e-05,0.9999403995589465,0.0,0.0947593615532804,0.001797901231456804,0.16270297137728598,0.015182071423641133,0.47966736532626186,0.04829152998477267,0.2174316774573242,0.0668046816101431,0.19901360545425217,0.986689149880857,0.5183263483990342,1.0,0.017202879778675493,0.5087422399070076,0.00658444037208644,0.00010696331036034353,0.013422058187657656,0.9999338930386481,0.13888361320379447,0.18552130678207068,0.9999456965616703,0.36213073595630685,0.7000906133408535,0.23863628154350028,0.08302544782407474,0.22129220927099436,0.4951850197159953,0.1859863496144854,0.6086280765762642,0.4264979923596842,0.07879970117774045,0.11598542693507924,0.0,0.08457241997999927,0.0,0.021387583642391194,0.3824953377658456,0.2975704884600312,0.09969986776006674,0.04234223290899406,6.610696135189607e-05,6.610696135189607e-05,0.012715864798693147,0.06164104177722082,0.3238165360844584,0.22105675236153102,0.09350469229385074,0.0,0.0863045781517618,0.00249385668369911,0.0,0.3028276995336101,0.26717457532690775,0.8543956172121164,0.6850009676106685,0.013310850119143049,0.39710123162096644,0.0,0.07098456510603658,0.0012195746234699742,0.011155079609580383,0.006649772549192945,6.610696135189607e-05,0.17848566872052063,0.17615164354001284,0.0023966448627692214,6.610696135189607e-05,0.9999611255222907,0.07885263429761542,0.5730996646093687,0.9151766509444684,0.529700241199958,0.4871390521766645,0.33434628505925273,0.040252693905353056,0.08889575485608382,0.0,0.0,0.0,0.0,0.0
0.0004531038537848225,0.017109126734293326,0.00608613863325049,0.000884566394070059,6.610696135189607e-05,6.610696135189607e-05,0.0907226526498461,0.04934512071276534,6.610696135189607e-05,0.99994040132405,0.0,0.09353376522710873,0.0019195837976467751,0.16294664272138934,0.015384155332435862,0.47912700104580647,0.04811893467687919,0.21731035067580984,0.0673172223822047,0.19945430772754635,0.9867186636401477,0.5185147853298421,1.0,0.016966394058035864,0.5086125862937021,0.006512711810648198,0.00010696331036034353,0.01330593119013082,0.9999338930386481,0.13788060745536268,0.18471702343373744,0.9999458839376025,0.3617827749640033,0.698711737083355,0.23839612076609734,0.08297364699687217,0.22126807525446177,0.4951794486651063,0.1860061200481321,0.6073152168657687,0.424997046030447,0.08095941907746103,0.11779582210402367,0.0,0.08573190713456641,0.0,0.02157184578138796,0.382981924866991,0.2988699596578552,0.10032122591328617,0.04256857528733553,6.610696135189607e-05,6.610696135189607e-05,0.01134123298376627,0.06160644584017376,0.3237732419158459,0.22220130723029785,0.0937123865851116,0.0,0.0862335396034446,0.002414389481902889,0.0,0.3040245469161124,0.26847361117932844,0.8517233585403342,0.6827498701684299,0.013281336359852276,0.3957533075355916,0.0,0.07101126206524398,0.0012195746234699744,0.01113704992107662,0.0066407722248109395,6.610696135189607e-05,0.17903637491173302,0.17618570229494543,0.0025196550602220786,6.610696135189607e-05,0.9999602803680508,0.0790869556863471,0.5743577274216823,0.9151067692054811,0.5295517424207044,0.487022006520555,0.3348668789060614,0.04054130154123968,0.08921899211441474,0.0,0.0,0.0,0.0,0.0
0.0004531038537848225,0.017099612125709963,0.006094557787142288,0.0008849957590399475,6.610696135189607e-05,6.610696135189607e-05,0.09088668843653498,0.049348614628774205,6.610696135189607e-05,0.9999403960926717,0.0,0.09235922798809852,0.002048387605038857,0.16313844017131046,0.0155799766224287,0.47854268745378536,0.047950241047813695,0.2171788113280324,0.06783254019409865,0.19988324470906604,0.9867486503323502,0.5186833444484201,1.0,0.016726377405271584,0.5084887894207673,0.006431233490212733,0.00010696331036034353,0.013188950831987692,0.9999338930386481,0.13689025843803582,0.18388188471142705,0.9999460541925003,0.3614211408673001,0.6973278605727657,0.23815787788639387,0.08291961706499039,0.22125439468622649,0.4951659820471941,0.1860397732321648,0.6060508890131865,0.4234965584006433,0.0830896101068171,0.11965247686828122,0.0,0.08695585860451192,0.0,0.021758603059767904,0.3834860157562969,0.300182847202056,0.10096661063316427,0.04280132514112916,6.610696135189607e-05,6.610696135189607e-05,0.009910238588440411,0.06157356294934723,0.3237270181253249,0.22335315336688227,0.0939120834610056,0.0,0.08616192564640504,0.0023457285938786516,0.0,0.30516940131876424,0.2697698594308493,0.8490778496990843,0.6804642784226528,0.013251349667649837,0.39436079694706794,0.0,0.07103987763591202,0.0012195746234699746,0.011118749642011315,0.006631134292305819,6.610696135189607e-05,0.17959278066246964,0.1761969390064613,0.0026438401838110304,6.610696135189607e-05,0.9999594356135322,0.07931898606035201,0.575570810664502,0.9150319953299707,0.529445239496058,0.48690831273649854,0.3354175393140499,0.04082946862023566,0.08955477084047492,0.0,0.0,0.0,0.0,0.0
0.0004531038537848225,0.017088445001391797,0.006103222795421286,0.0008883916123490292,6.610696135189607e-05,6.610696135189607e-05,0.0910673938740968,0.04934480528372736,6.610696135189607e-05,0.9999403846056533,0.0,0.09123289732204266,0.002184586369022383,0.16328103509921152,0.015770207201403673,0.47791629154315207,0.04778476444642848,0.2170365027271824,0.06835094063886689,0.20030181131096797,0.9867797572911249,0.5188441814159269,1.0,0.016491716520806426,0.5083674811673965,0.006340709084321479,0.00010696331036034353,0.013069377880949891,0.9999338930386481,0.13591383565414847,0.18305792670987867,0.9999462873734024,0.36103611137616665,0.6959358929375918,0.23791664369931023,0.08286324874406027,0.221250457710809,0.4951444859652095,0.18608678655745076,0.604816143375415,0.4219975119728281,0.08518817783796995,0.12154879752181065,0.0,0.08823904317478767,0.0,0.021939018304019044,0.38397050875156136,0.30152187917226564,0.10163186135017006,0.04303649105407315,6.610696135189607e-05,6.610696135189607e-05,0.008437490779560148,0.061552550316674406,0.32369424555689824,0.22451317841098875,0.09410757881893884,0.0,0.08609029250195557,0.0022874753491821946,0.0,0.3062806361287187,0.2710613841142472,0.8464608815231631,0.6781493911672214,0.013220242708875141,0.3929167754092855,0.0,0.07106985470623273,0.0012195746234699742,0.011100809454397785,0.006620934531946753,6.610696135189607e-05,0.18014846714791163,0.17618392981251343,0.002769109295718877,6.610696135189607e-05,0.9999611029591177,0.07955092865141944,0.5767428801597083,0.9149521648869173,0.5293782146880239,0.4867978314842046,0.33599692189939717,0.04111845604943789,0.08990460118574241,0.0,0.0,0.0,0.0,0.0
0.0004531038537848225,0.017076126576927572,0.0061120216571752956,0.0008942385059630165,6.610696135189607e-05,6.610696135189607e-05,0.09126184253231856,0.049333896109658056,6.610696135189607e-05,0.9999403680138137,0.0,0.0901520071823636,0.002328456567443266,0.16337739042683036,0.01595538913581531,0.4772507936318469,0.047621205791512446,0.2168820882727641,0.06887188767683093,0.2007090737987615,0.9868121156573658,0.5190011016172404,1.0,0.01625646711038768,0.5082515396210474,0.006245314730402896,0.00010696331036034353,0.012951004695554344,0.9999338930386481,0.1349449330784498,0.18224507208597407,0.9999464921689099,0.36063086367356384,0.6945445499207678,0.23767586260295484,0.08280758086280247,0.22125667975967714,0.4951188705740524,0.18615414279489356,0.6036073807277658,0.4205084193415111,0.08725738615508408,0.12348237436976672,0.0,0.08957721330548879,0.0,0.02214020597727762,0.3844901509173595,0.3028920863521049,0.10231316708168635,0.04325708725654222,6.610696135189607e-05,6.610696135189607e-05,0.0069336253671281305,0.06158057693821774,0.3236490370743912,0.2256750463356587,0.09430094160691854,0.0,0.08601982367145923,0.002239306409004004,0.0,0.30736392016221725,0.2723442029970706,0.843870726168085,0.6758085518314718,0.013187884342634142,0.39142168507727076,0.0,0.07109932637023023,0.0012195746234699744,0.011083131154126893,0.00661021584845399,6.610696135189607e-05,0.18069956068315035,0.17615606404608666,0.0029244835271487364,6.610696135189607e-05,0.999961508314239,0.07978040374357356,0.577871188607763,0.9148639625697542,0.5293461061420334,0.48668643388112814,0.33659506357325947,0.041407493318504594,0.09026528938865423,0.0,0.0,0.0,0.0,0.0
0.0004531038537848225,0.017062615428749008,0.006121379386592925,0.0009022196029805736,6.610696135189607e-05,6.610696135189607e-05,0.09143665364312391,0.04931761297949771,6.610696135189607e-05,0.9999403558833457,0.0,0.08911432510208865,0.002480246006902197,0.16343013525376657,0.016135990190573254,0.4765504322645875,0.04745970314742408,0.21671746958401888,0.0693963146561323,0.20110930071931893,0.9868458636111914,0.5191573644438656,1.0,0.015999912683278206,0.5081255440629349,0.006144212395602869,0.00010696331036034353,0.012834630930928355,0.9999338930386481,0.13397986324422168,0.18139652346832025,0.9999466584089891,0.3602286238321233,0.6931436608081936,0.23743164208800818,0.08275142179143335,0.22127059586548742,0.4950852866447891,0.18623698014374868,0.6024181821444001,0.41902308985286785,0.08929336481074608,0.12544522358169247,0.0,0.09096329775997013,0.0,0.022317497433427605,0.3850232552003495,0.3043059122550736,0.10300751309928248,0.04348120937032908,6.610696135189607e-05,6.610696135189607e-05,0.005398498814484258,0.061620118323486094,0.32361063896393055,0.22685290901097374,0.09449790902736414,0.0,0.08595241083268722,0.002200748181648905,0.0,0.3084257257018813,0.27362520447012373,0.8413103205331216,0.6734454756989886,0.013154136388808567,0.3898793377961643,0.0,0.0711271560070358,0.0012195746234699746,0.011064994160546942,0.0065980548554274345,6.610696135189607e-05,0.18128289669143968,0.17609302335317004,0.0030538317539538368,6.610696135189607e-05,0.9999351979059997,0.08000343018083274,0.578956123782539,0.9147683322016644,0.5293468580480588,0.4865779749829887,0.33721258759166384,0.04169638900629451,0.09063423609298951,0.0,0.0,0.0,0.0,0.0
0.0004531038537848225,0.01704769409132725,0.006131198574048103,0.0009119969118661706,6.610696135189607e-05,6.610696135189607e-05,0.09163816950722427,0.0492953137106816,6.610696135189607e-05,0.9999403322405653,0.0,0.08811608801698614,0.0026401342818348312,0.16343796903772212,0.01631207373204771,0.47581512527149555,0.04729873596639976,0.21653982508437986,0.06992445072951961,0.2015028549700891,0.9868795104424352,0.5193113163637161,1.0,0.015737209234317415,0.5079813054178636,0.006036288790378878,0.00010696331036034353,0.012719019184054645,0.9999338930386481,0.13300881937352044,0.18052460463112707,0.9999467921139554,0.35982762802440266,0.691721559584738,0.23716959684549294,0.08268755899882678,0.22128678261645382,0.4950435880528746,0.1863150090306392,0.6012407524529207,0.4175314153605891,0.09129762289363277,0.12743483570572048,0.0,0.09239247389501766,0.0,0.022497747479801333,0.38553581240552304,0.3057332723248707,0.1037147434428089,0.04370420563853604,6.610696135189607e-05,6.610696135189607e-05,0.0038180865089359082,0.06167443292536532,0.32359481333837314,0.2280388927266874,0.09469328835070956,0.0,0.08588547678623493,0.0021718090249658616,0.0,0.30946844676244895,0.2748989699507157,0.8387779263768477,0.6710623093241904,0.013120489557564893,0.3882962097412662,0.0,0.07116517072635475,0.0012195746234699742,0.011047327509594005,0.0065863707453340725,6.610696135189607e-05,0.18187405870227566,0.17600971406432864,0.003176170263422827,6.610696135189607e-05,0.9999452438205042,0.08023954768857457,0.5800210267868114,0.9146723067193384,0.5293897715595892,0.48647252919011197,0.3378698656978652,0.041992064818230604,0.09102978960431536,0.0,0.0,0.0,0.0,0.0
0.0004531038537848225,0.017031705686082952,0.0061412820115465255,0.0009231410139502143,6.610696135189607e-05,6.610696135189607e-05,0.09185820859636866,0.0492692716366937,6.610696135189607e-05,0.9999403054853158,0.0,0.08715621238916672,0.0028085603162843714,0.16340858218513293,0.016484288721813532,0.47505320029269843,0.04713624248027833,0.21634975877811194,0.07045549081817934,0.20188756782458653,0.9869139825247165,0.5194608762140009,1.0,0.015503097726512217,0.507836559329752,0.005923001719625681,0.00010696331036034353,0.01263721230700922,0.9999338930386481,0.13204340657992616,0.1796298576550073,0.9999468773493364,0.35935308478344546,0.6902775860321136,0.23689576856734662,0.08262084439773687,0.2213092123703433,0.49500074434089003,0.18639535189436016,0.6000704219194332,0.4160341967659559,0.09327084326269512,0.129449110657377,0.0,0.09386237938170604,0.0,0.022720922145283987,0.38608478023504333,0.307186951308217,0.10443983756041744,0.04392691425925345,6.610696135189607e-05,6.610696135189607e-05,0.0022119242480323326,0.0617458937430664,0.32355484486707947,0.22923702271979485,0.0948923136633023,0.0,0.08582116477624312,0.0021525297260968244,0.0,0.3105003710098814,0.27616859192103954,0.8362736659191256,0.6686633215180365,0.013086017475283509,0.38667674440429306,0.0,0.07120582646444426,0.0012195746234699744,0.011029477757904737,0.006574527414015698,6.610696135189607e-05,0.18247890584245427,0.17589727015705095,0.0032974641380917164,6.610696135189607e-05,0.9999661733769267,0.08048539124809156,0.5810557053801844,0.9145705952859787,0.5294610406682807,0.48636243721119965,0.3385514478129414,0.04229296459040717,0.0914474525348927,0.0,0.0,0.0,0.0,0.0
0.0004531038537848225,0.017015926924155152,0.006152119504790109,0.0009353542896127781,6.610696135189607e-05,6.610696135189607e-05,0.09209433078394878,0.04923997363459244,6.610696135189607e-05,0.9999402763747282,0.0,0.08623493118652556,0.0029858896782733067,0.1633493256831675,0.01665361638593139,0.47427411511565853,0.046973361119861994,0.21615127771762382,0.07099094249461838,0.20227138919728385,0.9869502101752269,0.5196144266143756,1.0,0.01524406973003923,0.5077136061446017,0.005807167294745707,0.00010696331036034353,0.012538802445010083,0.9999338930386481,0.13108500516094165,0.17865247564621428,0.999946985962687,0.35888785834034415,0.6888337790056387,0.23662530450062344,0.08256056501007777,0.221340592542727,0.4949573844889339,0.1864978522495216,0.5989386596643168,0.41454504058492797,0.0952097676047607,0.13148052863418652,0.0,0.09535799081785343,0.0,0.022922801782521235,0.38665340988466934,0.30867693365817317,0.10518348650857573,0.044133751395390074,6.610696135189607e-05,6.610696135189607e-05,0.0005728209285772899,0.06187639934776502,0.3235188939310016,0.2304533817994736,0.09510200660448598,0.0,0.08576154682384092,0.0021432019242876685,0.0,0.3114974617095958,0.2774400630601827,0.8337992899006209,0.6662480821685296,0.013049789824773119,0.3850275825677709,0.0,0.071233825055897,0.0012195746234699746,0.011011102375360668,0.00656259309490402,6.610696135189607e-05,0.18308095217163287,0.17574787122533467,0.003414454867572229,6.610696135189607e-05,0.9999549852436428,0.08071283919488766,0.5820377577083651,0.9144535453116489,0.5295485349502647,0.4862457972008471,0.33922803263481993,0.042590517506225445,0.09186361863726542,0.0,0.0,0.0,0.0,0.0
0.0004531038537848225,0.016998963158574517,0.006163319004562519,0.0009482852293865746,6.610696135189607e-05,6.610696135189607e-05,0.09233614778100534,0.049175732124784204,6.610696135189607e-05,0.9999402538213059,0.0,0.08534721044274969,0.00317204699644194,0.16325383231191554,0.016819626979374457,0.47346364701156524,0.04681035803449202,0.21594455100572985,0.07152996545166525,0.20265116937384234,0.986987543119601,0.5197641752072724,1.0,0.014984716518473119,0.5075778798035435,0.005686176765898263,0.00010696331036034353,0.012435489744641388,0.9999338930386481,0.13012610994637802,0.177667014438137,0.9999470466233344,0.3584176857489387,0.6873713452005178,0.23633640175686146,0.08249260430686826,0.22137175100886547,0.49489756324213224,0.18659909462832272,0.5978126868418687,0.4130494510286643,0.09711455802454212,0.1335240919647781,0.0,0.09687876176656166,0.0,0.023127438152949948,0.3872231805829473,0.3101844960244717,0.10593948828384459,0.04434400759528746,6.610696135189607e-05,6.610696135189607e-05,6.6106961351896e-05,0.062050343093668296,0.3233531481360988,0.2316815545969361,0.09531553244544731,0.0,0.08570201846260869,0.002144153068972754,0.0,0.31248219110268266,0.2787038693924613,0.8313554765237926,0.6638247386613796,0.013012456880398947,0.38335706302616596,0.0,0.07127063721002293,0.0012195746234699742,0.010992667907924832,0.006550535538158956,6.610696135189607e-05,0.18368266575556144,0.17556861252897185,0.0035328692187933082,6.610696135189607e-05,0.9999434012017879,0.08094710020254609,0.5830008553549416,0.9143353486966898,0.5296723982166103,0.4861386567095206,0.33993725836011207,0.04289476402095649,0.09230212857314463,0.0,0.0,0.0,0.0,0.0
0.0004531038537848225,0.01698285260154142,0.0061760095842599465,0.0009279439565942299,6.610696135189607e-05,6.610696135189607e-05,0.09261256110498521,0.049142409068053464,6.610696135189607e-05,0.9999403582254743,0.0,0.08449405604629766,0.0033674215298567676,0.16313096324344542,0.016982474331595568,0.47263314844885285,0.046643944256512734,0.21573579548209032,0.07205639715588082,0.20299504021345896,0.9870206888060483,0.5199061580106538,1.0,0.014724068951493845,0.5074730363600929,0.005567247677731986,0.00010696331036034353,0.012339434450017076,0.9999338930386481,0.1291814281045001,0.17611560085509886,0.999947230362949,0.35797739647691,0.6859845418934115,0.23605057164493584,0.08242299079669221,0.22143762424513275,0.4948309728636517,0.1867050205365086,0.5966950938064162,0.4116358448147136,0.09899448058192688,0.13557713931503715,0.0,0.09842678325000963,0.0,0.02333959737489089,0.38788650053041956,0.3117481785459381,0.10644338645999199,0.044577278920235205,6.610696135189607e-05,6.610696135189607e-05,6.610696135189607e-05,0.06226588048950214,0.32314884356410617,0.23282432580596912,0.09550615605563095,0.0,0.08560924901846674,0.0021584836988587965,0.0,0.3134564157926467,0.2798674922861417,0.8289491222621923,0.6614278204715038,0.012979311193951727,0.38166705873933665,0.0,0.07131282575108926,0.0012195746234699744,0.010977676510094845,0.00653741857665616,6.610696135189607e-05,0.18430333016417783,0.17539320638613723,0.0036374506814220334,6.610696135189607e-05,0.9999345871538238,0.08119113230061939,0.5839492162531356,0.9142095876734511,0.5298221634929552,0.48602806910589397,0.34066183101463854,0.043204546144424406,0.09276086741705435,0.0,0.0,0.0,0.0,0.0
0.0004531038537848225,0.016963451537238564,0.006190416224076486,0.0009516373959314436,6.610696135189607e-05,6.610696135189607e-05,0.09292662123340949,0.04897168591181661,6.610696135189607e-05,0.9999402468287666,0.0,0.08366935488152671,0.003573187887454949,0.16300501501637968,0.017134808447270958,0.47183437054618127,0.046478484173700416,0.21554984838107857,0.0725620145261424,0.2033014726062567,0.9870453355964474,0.5198946956096298,1.0,0.014456414781527415,0.5073692041184692,0.005454750223384922,0.00010696331036034353,0.012247285250948228,0.9999338930386481,0.1282767167847141,0.17422573663713034,0.9999474165604836,0.35754976008017575,0.6846332651071558,0.23575206740655413,0.08234887116089247,0.22152039311339788,0.4947407950184082,0.18678884157429196,0.5955131369981425,0.4102553307821374,0.10080925706148484,0.1375840922672066,0.0,0.0999642682078197,0.0,0.0235536249866961,0.3885408452901957,0.31322139322554615,0.10684670790194992,0.0448133247105252,6.610696135189607e-05,6.610696135189607e-05,6.610696135189607e-05,0.062473996612858414,0.32299534149443143,0.2339183284343215,0.09568685466191075,0.0,0.08549957163776227,0.0021882475523713955,0.0,0.3144867496850489,0.2809655937253871,0.8266287284123728,0.6591144351265368,0.012954664403552614,0.3801410361825505,0.0,0.07135437605101387,0.0012195746234699746,0.010963895583460205,0.0065285750808851024,6.610696135189607e-05,0.1849313846794312,0.17518643247801502,0.0037326591192666718,6.610696135189607e-05,0.9999572790773557,0.08144840645852269,0.5848917230500085,0.9140779409516526,0.5299750202324601,0.4859361489819495,0.3413767878795268,0.04352162914310822,0.09322922711139696,0.0,0.0,0.0,0.0,0.0
0.0004531038537848225,0.016941240635445217,0.006204378211282049,0.0009412282844890587,6.610696135189607e-05,6.610696135189607e-05,0.09323565477687774,0.048912057768482,6.610696135189607e-05,0.999940334622485,0.0,0.08287691331911926,0.0037887767994390464,0.1628481637051417,0.017288117814673487,0.4710071850811827,0.0463111434110114,0.215345498692183,0.07304778637685558,0.20358383781322198,0.9870724930663294,0.5199838356914936,1.0,0.01418686028997271,0.5072500829870908,0.00534636692209646,0.00010696331036034353,0.012154982749609158,0.9999338930386481,0.1273919745457816,0.17220004537310327,0.9999475905111708,0.3571148338389039,0.6833028143360055,0.23544503779910844,0.08226959227299467,0.22162248785290733,0.4946325866246689,0.18687940420627594,0.5942662940630525,0.40891761922127784,0.10254097701509568,0.13952785511458335,0.0,0.10148929744722893,0.0,0.023734684854456806,0.3892058961442817,0.3146480826948858,0.10718740438425689,0.045045367389237305,6.610696135189607e-05,6.610696135189607e-05,6.610696135189607e-05,0.06274340243732018,0.32290039938338044,0.23498034252855893,0.0958653240917173,0.0,0.08538593555957286,0.0022345102958949655,0.0,0.3155770193159991,0.28202446153423566,0.8244112366080487,0.6568883070721947,0.012927506933670566,0.37852686686127746,0.0,0.07139505067265797,0.0012195746234699742,0.010949519125974064,0.006518848394068001,6.610696135189607e-05,0.18556714258328144,0.17493117572352054,0.0038040599793315094,6.610696135189607e-05,0.999964203970935,0.0817168431354356,0.5858127247900551,0.9139416309275663,0.5301434128823781,0.48584478526476266,0.34211341071254137,0.04384554320993691,0.09371242055230353,0.0,0.0,0.0,0.0,0.0
0.0004531038537848225,0.016916901989382983,0.006219418004458096,0.0009396606354799078,6.610696135189607e-05,6.610696135189607e-05,0.09355701219361366,0.04883858638076324,6.610696135189607e-05,0.9999403357074294,0.0,0.08210751894337141,0.004015309965658295,0.1626804320006524,0.017433422199210905,0.4701924412070191,0.04614164981699295,0.21514027353482687,0.07351351432341888,0.20384143704019134,0.98709516202998,0.519957060928873,1.0,0.013900471943478104,0.5071221558986739,0.005251345333018947,0.00010696331036034353,0.012062318367644518,0.9999338930386481,0.1264956767592114,0.1701139127642047,0.9999477098848594,0.3566942646672344,0.6819820460611538,0.23512589368770187,0.08218677603932635,0.22172809469945962,0.4945124156839473,0.18695989856225456,0.5929593272177096,0.40759262927756396,0.10417694152618315,0.14139012135897627,0.0,0.10298481685225025,0.0,0.02393448869735293,0.3898151831464969,0.3159591145007498,0.10753845893843839,0.04525843671403405,0.0020836130079543405,6.610696135189607e-05,6.610696135189607e-05,0.06300361908093276,0.3228397801454226,0.2360167943413737,0.09604757935592513,0.0,0.08527597423992087,0.0022990909297649718,0.0,0.31672203278499683,0.28305732797247235,0.8223095441503979,0.6547684416008324,0.012904837970020011,0.3770581222188768,0.0,0.07144109117260278,0.0012195746234699744,0.010936572377757341,0.006512128409280748,6.610696135189607e-05,0.18621553974837388,0.17465307181870413,0.0038925804128006366,6.610696135189607e-05,0.9998416585344885,0.08200115959747253,0.5867190080130016,0.9137979139950153,0.5303154990599672,0.48575507118707684,0.34284766023072644,0.044176990180300635,0.09420976921513696,0.0,0.0,0.0,0.0,0.0
0.0004531038537848225,0.01688921884830487,0.006234369894355778,0.0009437749026600319,6.610696135189607e-05,6.610696135189607e-05,0.0938890574559238,0.048750634928397665,6.610696135189607e-05,0.9999403335607702,0.0,0.08136117301948549,0.004252899048112585,0.16249716474722972,0.017573029744038265,0.46937283891432596,0.04596788857688392,0.21492397726616672,0.07395805666168717,0.20407726148560246,0.9871171025327535,0.5199032057031471,1.0,0.013641857095653166,0.5070019858683278,0.005163113531722199,0.00010696331036034353,0.011970765892984035,0.9999338930386481,0.12559803189114485,0.16792003912333775,0.9999478121674896,0.35623482320217104,0.6806587393429048,0.2347941771022535,0.08209689783706067,0.2218403060522355,0.4943777631267468,0.18702859076180245,0.5916056733378591,0.40628217846033654,0.10571611880435301,0.14317494892150412,0.0,0.10445384610975884,0.0,0.024173325922207032,0.39038064116944216,0.3172108628016705,0.10786724692293656,0.04546438497341986,0.006063651096928758,6.610696135189607e-05,6.610696135189607e-05,0.06329003472989163,0.32278759270297597,0.23703899428234637,0.0962355788066525,0.0,0.08516756929754055,0.0023837817561191544,0.0,0.3179106490442878,0.28406746134337957,0.8203258245339599,0.6527477895928934,0.012882897467246456,0.37564294818709404,0.0,0.07149730115012588,0.0012195746234699746,0.010924950965656556,0.00650432817625883,6.610696135189607e-05,0.1869225701585528,0.17433515473658537,0.003987924490950032,6.610696135189607e-05,0.9995619379646432,0.0823022663747489,0.5876090710716085,0.9136502031148268,0.5304949599029942,0.48566542537309576,0.34359857032387153,0.04451578904096919,0.09472638293011713,0.0,0.0,0.0,0.0,0.0
0.0004531038537848225,0.016862923334242486,0.006251967026594329,0.0009519170595897746,6.610696135189607e-05,6.610696135189607e-05,0.0942216996670418,0.04865673602311663,6.610696135189607e-05,0.9999403072417384,0.0,0.08063890893792779,0.004501756319128832,0.16229840976265608,0.017709201345184618,0.4685409283884227,0.045789807805025236,0.21468964180439645,0.07438195033940938,0.2042945747701652,0.987139843276225,0.5198506234314416,1.0,0.013355397861577406,0.5068997612014783,0.00508286750612935,0.00010696331036034353,0.011901260383497663,0.9999338930386481,0.1247031697320013,0.1656489715946805,0.9999478800994137,0.3557618795490111,0.6793507796382593,0.23446749121338542,0.08201086668456513,0.2219637829920663,0.4942335540445754,0.18711751187969855,0.5902247175116493,0.4050020768515355,0.10715787049931966,0.14488325295420335,0.0,0.10589485036623723,0.0,0.024379483501401653,0.3909043207913785,0.3184147386214475,0.10820950139497751,0.04566326362306019,0.010296028931940848,6.610696135189607e-05,6.610696135189607e-05,0.06359662172537425,0.32276408514870597,0.2380598232832317,0.09643868773075442,0.0,0.0850660790765545,0.0024915077235048836,0.0,0.3191346075726271,0.28507044511534596,0.818460179161271,0.6508221722756315,0.012860156723775084,0.37425452620232114,0.0,0.07154699147760417,0.0012195746234699742,0.010914574352155064,0.006496240820841537,6.610696135189607e-05,0.18758752470908638,0.17400678888747817,0.004081047921525255,6.610696135189607e-05,0.9992296824562797,0.082589397078509,0.5884549121179323,0.913487376996306,0.5306717281687231,0.4855657368867351,0.34434155973187874,0.044850867110698335,0.09523783622872203,0.0,0.0,0.0,0.0,0.0
0.0004531038537848225,0.016837156967382506,0.006244134117296351,0.00096259865517281,6.610696135189607e-05,6.610696135189607e-05,0.09461590903361564,0.04856221682112129,6.610696135189607e-05,0.9999403685079036,0.0,0.07993988188142437,0.004761718704386411,0.1620793747716408,0.0178431286616471,0.46769100117131945,0.045608268447046775,0.21444193331065584,0.07478816164020138,0.20450155243980353,0.9871641018785294,0.5198179336596253,1.0,0.013066684976212658,0.5068108396418406,0.004991665406449828,0.00010696331036034353,0.011826255654366537,0.9999338930386481,0.12384056537792572,0.1632884815335614,0.9999479820650836,0.35528231191290255,0.6780456878290402,0.2341216370328388,0.08191540802074371,0.22208647888009633,0.49405854996818405,0.187191696566318,0.5888419965563381,0.4037338257660656,0.10851081998073844,0.1465272892609095,0.0,0.10730747984652006,0.0,0.024583710702168783,0.39141317065439973,0.3195829852280306,0.10850968118900721,0.0458451164634389,0.014692094005720052,6.610696135189607e-05,6.610696135189607e-05,0.06394597106499128,0.3227717351811665,0.23906053838997887,0.09664342000281372,0.0,0.08496136377491126,0.0026258531777044883,0.0,0.3203551344270085,0.28604885158683635,0.8167010183790602,0.6489711582992871,0.01283589812147053,0.37287458649385474,0.0,0.0716173625032266,0.0012195746234699744,0.01090464601308087,0.0064873860930083245,6.610696135189607e-05,0.188298799473304,0.17365306091405774,0.004176371276062983,6.610696135189607e-05,0.9987910624161586,0.08289377378098091,0.5892950610829232,0.9133228732748698,0.5308727825733516,0.4854724681924644,0.34511730226236265,0.04519460056960673,0.09577538933644227,0.0,0.0,0.0,0.0,0.0
0.0004531038537848225,0.016812570921131476,0.006251757888160098,0.0009752281971241924,6.610696135189607e-05,6.610696135189607e-05,0.0949633019792845,0.04848455833944583,6.610696135189607e-05,0.9999403377332942,0.0,0.0792625532873789,0.005034067274499992,0.16185915229610282,0.01797666544288782,0.46681419677948316,0.04542279509773111,0.2141607873382671,0.07517795046747512,0.2046530591679782,0.9871866825231219,0.5197444555537677,1.0,0.01277352764046138,0.5067330096436712,0.00492709351123962,0.00010696331036034353,0.01175182944263061,0.9999338930386481,0.12295406655809869,0.16086125252897457,0.9999480052765656,0.35478608388359867,0.6767320862102275,0.23375797703159837,0.08181566942427826,0.2222066001890469,0.4938573425989564,0.18724980804139119,0.5874423526146952,0.40245801500969824,0.10977174380091834,0.14810104104857422,0.0,0.10868588363805273,0.0,0.024783535512229362,0.3918192354261597,0.3207160136443521,0.1087851280398155,0.046014849508068216,0.019422136329073088,6.610696135189607e-05,6.610696135189607e-05,0.06427960828379066,0.32282273769928854,0.24005747454102244,0.09686049177174359,0.0,0.08486195295974008,0.002791276379015658,0.0,0.32158988161912255,0.28704654210638314,0.8150503057316065,0.6472458997834476,0.012813317476878134,0.37156966080817955,0.0,0.07169019072428136,0.0012195746234699746,0.010898780220964565,0.0064784214359702936,6.610696135189607e-05,0.18904983893645294,0.1732724849890758,0.004268710692675941,6.610696135189607e-05,0.9983019124839622,0.08321043924875013,0.5901189779092791,0.9131502633012217,0.5310722945551103,0.48537471557914014,0.3459359951791257,0.04554497066845108,0.0963346555456516,0.0,0.0,0.0,0.0,0.0
0.0004531038537848225,0.016788099845337787,0.006267566249421249,0.000988711331124927,6.610696135189607e-05,6.610696135189607e-05,0.09528395817884766,0.04839611259715911,6.610696135189607e-05,0.9999402940036132,0.0,0.07860802083619269,0.005318768480138717,0.16163050592677,0.01811090105201761,0.46592670619210735,0.04523264755756591,0.213859896791872,0.07555159973848474,0.20479421870610956,0.9872110933578895,0.5196890016352883,1.0,0.012505431501156164,0.5066749450141294,0.004869096205159958,0.00010696331036034353,0.011646636840646426,0.9999338930386481,0.12205824055655008,0.15840538040205435,0.9999480558629726,0.3542781467260738,0.675417734474804,0.2333825701333303,0.08171131901813462,0.2223249357081916,0.4936274636957742,0.18729264270973295,0.586045015607427,0.40118518118947055,0.11095252442008285,0.14961669072251757,0.0,0.11003228733167009,0.0,0.0249797085961917,0.39224017741129447,0.32178482810294134,0.10901483093349654,0.04617813473188877,0.023970631157715007,6.610696135189607e-05,6.610696135189607e-05,0.06464336643449589,0.3229048117750811,0.24104271742552388,0.09708405048602986,0.0,0.08476530840337537,0.0029926701133526795,0.0,0.3228198463656199,0.2880357622167346,0.8134958758414325,0.6455890905713728,0.012788906642110484,0.3702787110330416,0.0,0.07176780956651203,0.0012195746234699742,0.010890943488127318,0.006438131973994123,6.610696135189607e-05,0.1898296956583733,0.17287593068290988,0.004476198053495568,6.610696135189607e-05,0.9979613941966993,0.08353954809967208,0.5909253585444473,0.9129699125017267,0.5312792499616631,0.48526896513885553,0.34678065109815975,0.04590249046938717,0.09691915980192288,0.0,0.0,0.0,0.0,0.0
0.0004531038537848225,0.01676322354443608,0.006290028760635542,0.0010028349274041292,6.610696135189607e-05,6.610696135189607e-05,0.09559249122126535,0.04830912363351682,6.610696135189607e-05,0.9999402365583685,0.0,0.07797369125923569,0.005615315152459841,0.16138033670199747,0.018247056144405457,0.46502826974126027,0.0450378288688731,0.2135447749285423,0.07591248273334546,0.20494436972749136,0.9872374679729332,0.5196621469659318,1.0,0.012224845698530353,0.5066156667566288,0.004818030127890437,0.00010696331036034353,0.011562985201600953,0.9999338930386481,0.12116360747009407,0.1559902987839455,0.9999480547540724,0.3537563607630161,0.6740992022254348,0.23300266013466772,0.08160866787827076,0.22243390286700984,0.49336370071778535,0.18734676058422317,0.5846170836662333,0.39991552170891315,0.1120442614398486,0.1510564667203307,0.0,0.11133990592681998,0.0,0.02516369217771965,0.3926587061489979,0.32277709788899045,0.10925858918724621,0.04638023929131923,0.028153858165665825,6.610696135189607e-05,6.610696135189607e-05,0.06488192075432626,0.322996457245111,0.242034847566425,0.09733529934399865,0.0,0.08468242590994833,0.003238036825592348,0.0,0.3240829877965225,0.2890230249098312,0.812043255826806,0.6439991635521779,0.01276253202706674,0.3689979471072482,0.0,0.07182952711767225,0.0012195746234699744,0.010880156415633646,0.006416150151035203,6.610696135189607e-05,0.19056441865070395,0.1724660000002142,0.004601772373176877,6.610696135189607e-05,0.9976180282529089,0.0838659502081402,0.5916883492620979,0.9127760169692695,0.5315033345210444,0.4851512063122168,0.34762496967451656,0.04626209966837116,0.09751667845271339,0.0,0.0,0.0,0.0,0.0
0.0004531038537848225,0.01673908219488162,0.006284710816561467,0.001007578823499841,6.610696135189607e-05,6.610696135189607e-05,0.09597348446774824,0.04824821374454572,6.610696135189607e-05,0.999940324450499,0.0,0.07736036303292686,0.005923581427794015,0.16110763987951354,0.01838457222781198,0.46412600099775336,0.04483911017995756,0.21322529358450834,0.07626434162728381,0.20511412030217369,0.9872662896973228,0.5196697103644432,1.0,0.011965551364030148,0.5065793453576086,0.004775064119520656,0.00010696331036034353,0.011485713243875107,0.9999338930386481,0.12027782580944306,0.1535483310698061,0.9999480600728092,0.3531951359238023,0.6727827413591961,0.2326110160167833,0.08150294323188144,0.2225362965524672,0.4930591318431379,0.18739968408542698,0.5831907098902772,0.39865464115838345,0.11305686847818591,0.15243029302269376,0.0,0.11261233719365278,0.0,0.025353180476900584,0.3931019125013163,0.3237327397450732,0.10949612181682204,0.04655278372687583,0.03215789867310618,6.610696135189607e-05,6.610696135189607e-05,0.06518352695705405,0.32309169969682094,0.24301420108841393,0.09758986705798252,0.0,0.08460486009239937,0.00353409026908195,0.0,0.3253407015127284,0.28998455955591035,0.8106787898945302,0.6424555866751326,0.01273371030267726,0.3677179524419041,0.0,0.07189607934487922,0.0012195746234699746,0.010868032613399881,0.006432712798635207,6.610696135189607e-05,0.19128378428149836,0.17204356759981207,0.004593128517504364,6.610696135189607e-05,0.9970451105230297,0.08420305755239002,0.5924387538923073,0.9125734753403245,0.5317512034756199,0.4850222056599683,0.3484743149168198,0.046629478417036845,0.09813550570119786,0.0,0.0,0.0,0.0,0.0
0.0004531038537848225,0.016716664590221763,0.006294336364651118,0.001011884026041802,6.610696135189607e-05,6.610696135189607e-05,0.096321429178407,0.0482037302667876,6.610696135189607e-05,0.9999403098116616,0.0,0.07676784244557264,0.00624598529892598,0.16084978174008496,0.01852108530828645,0.46323284865806236,0.04463931404327963,0.21289282496035491,0.076606588549486,0.20524323901660255,0.9872918078041131,0.5195943285961369,1.0,0.011683216824295921,0.5065648481985432,0.004707616257390127,0.00010696331036034353,0.011416240273600366,0.9999338930386481,0.1194249369297782,0.15114104783122578,0.9999481340758005,0.3526736148327701,0.6714916327659717,0.23222521449768618,0.08140474830365389,0.2226357035767782,0.4927178634048608,0.1874617675457277,0.5817854353245716,0.39740587199032634,0.11398805754402733,0.15373059918157417,0.0,0.11383548826441121,0.0,0.025500291746316798,0.39348627932742325,0.3246535478735402,0.10972221655733155,0.04670198043689649,0.036156367237135986,6.610696135189607e-05,6.610696135189607e-05,0.06550552315813285,0.3232147786002242,0.24397951745852584,0.09783754501372287,0.0,0.08453750812656728,0.003888378067066356,0.0,0.3265789785278818,0.29095812614938726,0.8094053539064866,0.6410261618018234,0.012708192195886873,0.3665701831394519,0.0,0.07196441151158012,0.0012195746234699742,0.010860777210861827,0.006429088990829931,6.610696135189607e-05,0.19203122744737494,0.17164146539749361,0.004650348724676457,6.610696135189607e-05,0.9964522083365311,0.08452884977550243,0.5931693980430184,0.9123492663974202,0.5319770065565695,0.4848726732197865,0.3493053837962099,0.046996272104267045,0.09874317689993141,0.0,0.0,0.0,0.0,0.0
0.0004531038537848225,0.01669311564805241,0.006311719458462579,0.0010158977510566554,6.610696135189607e-05,6.610696135189607e-05,0.09664462096293204,0.04815504548929322,6.610696135189607e-05,0.999940283042396,0.0,0.0761939875601923,0.006581807544998192,0.16059187919656034,0.018657203279433505,0.4623488381693764,0.04443774205002771,0.21256179953823867,0.07693703425623723,0.2053680090614057,0.9873170194317312,0.5195045467072038,1.0,0.011437238971464321,0.5065629928511428,0.004651733935248272,0.00010696331036034353,0.011348323948289897,0.9999338930386481,0.11858366566868343,0.14871408287390803,0.9999481809249193,0.35211556734432004,0.6701816153059024,0.23181894571395073,0.08129743159358817,0.22271547160027397,0.49230836019943286,0.18749866354608272,0.5803920629952777,0.3961325419370785,0.11484304324287338,0.15496598198882125,0.0,0.11500877958539929,0.0,0.025672682498126792,0.39385985563267784,0.3255209785969801,0.10990276823203068,0.04683551485490099,0.04010070236792401,6.610696135189607e-05,6.610696135189607e-05,0.06584732704778064,0.3233468684112217,0.24493897300687986,0.09808342956323313,0.0,0.08447764542405495,0.004313532490489995,0.0,0.32779542356184493,0.29192759082241715,0.8082199225008895,0.6396660089497731,0.01268298056826879,0.365486673707397,0.0,0.07204758308587968,0.0012195746234699744,0.010853370126371822,0.006418625522349074,6.610696135189607e-05,0.1928379082776604,0.17123260210433777,0.004731659654551247,6.610696135189607e-05,0.9958200910766216,0.0848794116872178,0.5939036371626238,0.9121207608614137,0.5322150037791108,0.4847209040306436,0.35015249828454087,0.04737477139284963,0.09937806770226569,0.0,0.0,0.0,0.0,0.0
0.0004531038537848225,0.016669703581235148,0.0063342710158165215,0.0010199268088668717,6.610696135189607e-05,6.610696135189607e-05,0.09694785162214319,0.048105834907059455,6.610696135189607e-05,0.9999402482730873,0.0,0.07564071120163533,0.006931381217820725,0.16033390844252807,0.018794021601268536,0.46148991169643605,0.04423431291085175,0.2122329310852344,0.07725568150447545,0.20550320836324698,0.9873427524450022,0.5194241772137053,1.0,0.011194967796580009,0.5065893068379641,0.004606595686497355,0.00010696331036034353,0.011283505054058916,0.9999338930386481,0.1177536543623021,0.1463036320503911,0.9999482421061778,0.3515514040486353,0.668884885117472,0.23142060726528302,0.08119569979395486,0.22278679164212048,0.4918383002556387,0.18754665608017568,0.5790265409206921,0.3948664799003234,0.11561994758264955,0.15612939735202042,0.0,0.11612602742280216,0.0,0.025834909117994045,0.3942321665666092,0.32632230151801306,0.11009831292442251,0.04695774508803783,0.04362469332301904,6.610696135189607e-05,6.610696135189607e-05,0.06618748434598497,0.32348073508365244,0.24589906452004306,0.09834143710624445,0.0,0.0844331812884905,0.004823466806803264,0.0,0.3289883942461893,0.29289646895856336,0.807124370912875,0.6383673942847325,0.012657247554997721,0.36444979536349253,0.0,0.0721177164850014,0.0012195746234699746,0.010844089981221201,0.006406728459203107,6.610696135189607e-05,0.19360724813734198,0.1708401235813742,0.004817088445472532,6.610696135189607e-05,0.9952062207806239,0.08521605036248496,0.5945972444268371,0.9118729189882244,0.5324461186268611,0.48454421133628955,0.35096343222338827,0.0477507519222669,0.10000412005587883,0.0,0.0,0.0,0.0,0.0
0.0004531038537848225,0.016646755305240027,0.00635671562662783,0.0010238318395281443,6.610696135189607e-05,6.610696135189607e-05,0.09724454473988824,0.04804995413051524,6.610696135189607e-05,0.9999402219635112,0.0,0.07510661343500091,0.007294147697431629,0.16006840165233518,0.018931406183954527,0.46065046694648015,0.044030541316630575,0.2119111907617673,0.07756381034365113,0.20565311040177767,0.9873687913802776,0.5193615638001532,1.0,0.01094603134732831,0.5066318567259047,0.004570682399166026,0.00010696331036034353,0.011222542946910467,0.9999338930386481,0.11693672609091343,0.14390613164310892,0.9999483103089701,0.3510005177062215,0.6676081620770677,0.2310231221585913,0.08109307447075821,0.2228471634189019,0.4912842087227681,0.187597631179187,0.5776944892378475,0.39361603743543394,0.11632434267845664,0.1572237229616197,0.0,0.11718935347423003,0.0,0.025990736785493605,0.3946117903905764,0.32707441195430303,0.11028591961422243,0.04707239100794146,0.04688145731058699,6.610696135189607e-05,6.610696135189607e-05,0.06652489565737384,0.3236140239220389,0.24684517488835306,0.09860455562897674,0.0,0.08439640427672082,0.005434441041130016,0.0,0.33014740349755595,0.2938448183373436,0.8061118469778923,0.6371231666366026,0.012631208619722402,0.3634490827256168,0.0,0.07218537634964119,0.0012195746234699742,0.010832798761693789,0.006393457398135185,6.610696135189607e-05,0.19436217168714717,0.17044718248899793,0.004903335429171501,6.610696135189607e-05,0.9946132878393463,0.08554666303457921,0.595265708777431,0.9116127778318102,0.5326880306520422,0.4843499440521473,0.35175190187433286,0.04812756594796608,0.10062795346545515,0.0,0.0,0.0,0.0,0.0
0.0004531038537848225,0.016623550931082986,0.006373233112114712,0.0010276953485768299,6.610696135189607e-05,6.610696135189607e-05,0.09754775418687288,0.047994233523434536,6.610696135189607e-05,0.9999402207742013,0.0,0.07459083517365643,0.007670086202136119,0.1597946490434412,0.019069338377124736,0.4598300267206733,0.043827109040879,0.2115962207218101,0.07786243252989423,0.20581080196722507,0.9873944108710758,0.5193089341151437,1.0,0.010706571818566558,0.5066838694629774,0.004539513985517978,0.00010696331036034353,0.01116517358819861,0.9999338930386481,0.11613544373023864,0.14151101678444514,0.9999483663571596,0.3504524033008167,0.66634003991571,0.23061885549824587,0.08098523442454221,0.2228965956480964,0.49063055804648675,0.18763646172696868,0.5763912601153849,0.3923729602508819,0.1169593320198148,0.15825099057818484,0.0,0.11820142132581855,0.0,0.026143786744564454,0.3949894278206236,0.3277846082995346,0.1104642531834709,0.047179891631243934,0.050050557128461695,6.610696135189607e-05,6.610696135189607e-05,0.06686277410722202,0.32374614041530586,0.24777798473574386,0.0988711521414776,0.0,0.0843647652454358,0.006164923545824937,0.0,0.3312722761709016,0.2947722323129158,0.805178235450291,0.6359382074545901,0.012605589128924215,0.3624896445590378,0.0,0.07225570125209374,0.0012195746234699744,0.010820025812487047,0.006378973120421337,6.610696135189607e-05,0.1951268118914254,0.1700307775417827,0.004989334719118766,6.610696135189607e-05,0.9940317895058322,0.08588197534854614,0.5959191571866201,0.9113446793733216,0.5329439900630266,0.48413518003056366,0.35253351155235807,0.048509354672834445,0.10125858671439213,0.0,0.0,0.0,0.0,0.0
0.0004531038537848225,0.016600853542048297,0.006387278168348105,0.0010315435485897789,6.610696135189607e-05,6.610696135189607e-05,0.09784732224954823,0.047944002216326685,6.610696135189607e-05,0.999940221380292,0.0,0.07409256038922422,0.008059672806705723,0.15951743988346873,0.01920817727011475,0.45902643405356497,0.04362406275214465,0.21128169950011638,0.07815160362544765,0.20596101804111297,0.987418570667156,0.519248978270489,1.0,0.010474843355095116,0.5067515698695421,0.0045123554905444965,0.00010696331036034353,0.011111434692543453,0.9999338930386481,0.11534276082607568,0.1390824262435682,0.9999484308345445,0.349918061440309,0.6650882759479941,0.2302142704236077,0.0808761198892905,0.22293916157054028,0.48986634486173797,0.1876697396143043,0.5751198725558888,0.39114281155425384,0.11752871873905171,0.15921311014479478,0.0,0.11916259626262174,0.0,0.02625594411524941,0.39534434587914374,0.3284549077919848,0.11062461410284313,0.04727772819833234,0.053091610608707415,6.610696135189607e-05,6.610696135189607e-05,0.06720126968620356,0.3239008409237155,0.24869540044175223,0.09914294384993468,0.0,0.08433920575743983,0.007036687792618614,0.0,0.3323626275909673,0.295686711623374,0.8043196776355007,0.6348258718140923,0.01258142933284398,0.36158842546688935,0.0,0.07232307814345455,0.0012195746234699746,0.01080712151418125,0.006363470310537578,6.610696135189607e-05,0.19588077370595533,0.1696032285808223,0.00507236978607022,6.610696135189607e-05,0.9934727906121642,0.0862163236102537,0.5965502253372335,0.9110642073040038,0.5332041927885512,0.4838887900755288,0.3533038263321308,0.04889343710099926,0.1018887773222558,0.0,0.0,0.0,0.0,0.0
0.0004531038537848225,0.016578413916094697,0.006399691665046269,0.0010353300887402965,6.610696135189607e-05,6.610696135189607e-05,0.09813518539139081,0.04789933850772293,6.610696135189607e-05,0.9999402224448275,0.0,0.07361052635698472,0.008463072516621713,0.1592378273001674,0.019348269559378555,0.45823765560019575,0.04342164582460708,0.21096616416294506,0.07843078397366997,0.2060986998289567,0.9874407009507961,0.5191785651584615,1.0,0.01024026463884797,0.5068236636881689,0.0044881303428357874,0.00010696331036034353,0.011061284208625772,0.9999338930386481,0.11456481355411217,0.13663663332750123,0.9999485312289296,0.349409675699903,0.6638535220963363,0.22980807826718247,0.08076594022282718,0.22297132623090024,0.48896990830592535,0.18769876183106532,0.573875455456601,0.38992251302867087,0.11803392763732372,0.16010965123838472,0.0,0.1200695237110427,0.0,0.02638499322795051,0.39567884498592076,0.3290839915833739,0.1107744694371491,0.047365651998485046,0.05590206111369295,6.610696135189607e-05,6.610696135189607e-05,0.06753928822816532,0.3240489823835011,0.24958747023282032,0.09941465873833022,0.0,0.08432029701711463,0.008075112981260487,0.0,0.3334207856839987,0.29658905755680237,0.8035352883890063,0.6337916489326586,0.012559299049203942,0.36075191113049576,0.0,0.07239098042608769,0.0012195746234699742,0.010781048761168248,0.006343369719606937,6.610696135189607e-05,0.19662913186764133,0.16923899355507474,0.005164744386567378,6.610696135189607e-05,0.993021394193628,0.08655900767084342,0.5971667366375026,0.9107709872605511,0.5334705494518177,0.4836067091534356,0.354063582568739,0.04928211303479322,0.10252226525158167,0.0,0.0,0.0,0.0,0.0
0.0004531038537848225,0.01655670527321812,0.006411338871722743,0.0010390353252203901,6.610696135189607e-05,6.610696135189607e-05,0.09841287948824529,0.04785895228804168,6.610696135189607e-05,0.9999402231056383,0.0,0.07314327079722625,0.008880075214274821,0.15895221268559895,0.019489790508865956,0.45746979450889813,0.04321921767911509,0.21064860179991468,0.07869972040704859,0.20622545760416253,0.9874613955952039,0.51910200878658,1.0,0.01003925955741766,0.5069134068826133,0.0044665374943106085,0.00010696331036034353,0.011014851145086794,0.9999338930386481,0.11379918021594916,0.13414701776001328,0.9999486152569713,0.34888707639928646,0.6626269570763953,0.22939838928275924,0.08065166287638761,0.22299555874970328,0.48791946393461916,0.18771444525357817,0.5726557560680251,0.38870913992971695,0.11848123449582683,0.16094823404690983,0.0,0.12092757984431346,0.0,0.026514954543797074,0.39599639951505755,0.3296801560124636,0.11091850583974229,0.04744632013643549,0.058661577413970455,6.610696135189607e-05,6.610696135189607e-05,0.06788738708669777,0.32419000315276175,0.25046812328991025,0.09970287972268464,0.0,0.08430516536177492,0.009307620604915736,0.0,0.3344509808546904,0.2974854179442116,0.8028190450971245,0.6328263083489277,0.012538604404796197,0.3599704113691065,0.0,0.07245415338475746,0.0012195746234699744,0.010760645596980952,0.006312540314557375,6.610696135189607e-05,0.19736519875089514,0.1688082207099652,0.005305519226838321,6.610696135189607e-05,0.9926492177067111,0.08690491963369439,0.59775546019733,0.9104682619093376,0.533747063202923,0.4832831249515992,0.3548157602375237,0.04967404539816955,0.10315684032615671,0.0,0.0,0.0,0.0,0.0
0.0004531038537848225,0.01653628991923488,0.006422358367987193,0.0010426571298061114,6.610696135189607e-05,6.610696135189607e-05,0.09867928718904426,0.047822442961957624,6.610696135189607e-05,0.9999402229341701,0.0,0.07269035453566702,0.009310664643806693,0.15866125888066046,0.019633486868564178,0.45671810826987164,0.04301758964458037,0.2103302629897975,0.07895872095573539,0.2063448805177411,0.9874810484111908,0.5190257155780624,1.0,0.009829107393181706,0.5070229762048484,0.004446963301806444,0.00010696331036034353,0.010956240178736323,0.9999338930386481,0.11304600171187218,0.1315797454527377,0.9999487498458091,0.3484141038030568,0.6614414500419696,0.22899961645531147,0.08054226044121571,0.22301721160146584,0.48669622396937257,0.18774293580233967,0.5714746747060787,0.3875282294613572,0.11887542828744989,0.16172969961708936,0.0,0.12173243000194799,0.0,0.026626982576418094,0.3963021987003809,0.33024438356763774,0.11105892890653414,0.047518344899922,0.0610747798343515,6.610696135189607e-05,6.610696135189607e-05,0.06824063562642503,0.3243289050619789,0.25132662374551556,0.1000053406759267,0.0,0.08429634468431732,0.010764819392138539,0.0,0.3354476183214276,0.29836956784833146,0.8021658507568147,0.6319254198651695,0.012518951588809247,0.3592418544199897,0.0,0.072499963962325,0.0012195746234699746,0.010741411951424782,0.006306898368727409,6.610696135189607e-05,0.19802960483906895,0.16838015164150705,0.005335002377069837,6.610696135189607e-05,0.9922078163732948,0.08723192621251478,0.5983046883330948,0.9101470749149776,0.5340251848335564,0.4829054697699247,0.3555389559277888,0.05006011732791333,0.10377193970051397,0.0,0.0,0.0,0.0,0.0
0.0004531038537848225,0.016516181072413667,0.006432830764002836,0.0010460842454464337,6.610696135189607e-05,6.610696135189607e-05,0.09893388684238767,0.047789608594872975,6.610696135189607e-05,0.999940222346713,0.0,0.07225144056608789,0.00975497364310088,0.158367727073816,0.01977830293878337,0.45598129828236156,0.04281815737386417,0.21001682182473028,0.07920808545712603,0.20645727140390818,0.9874996051663696,0.5189491805088503,1.0,0.009620831751754192,0.5071165853087904,0.004426356278881327,0.00010696331036034353,0.010907523148647374,0.9999338930386481,0.11230204983533927,0.12894146363024278,0.9999488519962894,0.34797130808859106,0.660281512472255,0.22859908888116878,0.08043080921120206,0.22303453197305986,0.4852756700905787,0.18776718606587317,0.5703041728267181,0.3863681955262587,0.11921968004120428,0.16245653884062397,0.0,0.1224907718390378,0.0,0.02673456091927802,0.3966038349415391,0.3307753123493555,0.11119480657073451,0.04759699244970591,0.0635243036692142,6.610696135189607e-05,6.610696135189607e-05,0.06857663737004144,0.3244598055197204,0.252159993582606,0.10030093897035457,0.0,0.08429035428079311,0.012470516425170145,0.0,0.33643113652949447,0.2992344163513686,0.8015722345016697,0.6310861897554678,0.012500394833630451,0.3585600476521119,0.0,0.07255171262713622,0.0012195746234699742,0.010722308658607935,0.0062791535001531906,6.610696135189607e-05,0.198698261239712,0.16795095329265383,0.0054316422358616145,6.610696135189607e-05,0.9918521884697008,0.087558493945139,0.5988485315823887,0.9098142171456971,0.5343073866723311,0.4824755105454677,0.35625151565176527,0.050446533269923294,0.10438056629764259,0.0,0.0,0.0,0.0,0.0
0.0004531038537848225,0.016492999843543507,0.006442984058097127,0.0010494068522151597,6.610696135189607e-05,6.610696135189607e-05,0.09917898594464533,0.04775855867689456,6.610696135189607e-05,0.999940237085303,0.0,0.07182435746402403,0.010212564661556494,0.15806776646507167,0.019925087830290775,0.4552554959166014,0.04262004521940199,0.2097065425077465,0.07944858524125296,0.20656489081852883,0.9875172726947827,0.5188743361034404,1.0,0.009416597678661076,0.5072028579858058,0.004403756848110698,0.00010696331036034353,0.010863090885569655,0.9999338930386481,0.11156608895667763,0.12618586526377323,0.9999489516198535,0.34755703506954017,0.6591400166370474,0.22819715694510184,0.08031583014964476,0.2230483312725682,0.4836416633748093,0.18778099705169024,0.5691490816800036,0.385222924332898,0.11951858186184038,0.1631348048262286,0.0,0.12320492369035896,0.0,0.026836943788082667,0.39689717888639714,0.3312813312550125,0.11133431964890667,0.04766598219439009,0.06590421851907362,6.610696135189607e-05,6.610696135189607e-05,0.06893551207173355,0.32458287375171074,0.2529718281743993,0.10060272334997095,0.0,0.08428473029342318,0.014453801087322674,0.0,0.3373970634770055,0.30007960798459465,0.8010328328969066,0.6303003043552426,0.012482727305217232,0.35792074020620074,0.0,0.0726015599040466,0.0012195746234699744,0.010702013467802814,0.00627134191292966,6.610696135189607e-05,0.19935804902191565,0.16750111465842998,0.005446376415532149,6.610696135189607e-05,0.9914115442305742,0.0878881551885534,0.5993757622409032,0.9094716051887988,0.534599171968937,0.48197944770757734,0.35696350703170826,0.05083380962358901,0.1049909251747608,0.0,0.0,0.0,0.0,0.0
0.0004531038537848225,0.01649331000566911,0.006419430699800988,0.0010525504099874452,6.610696135189607e-05,6.610696135189607e-05,0.09949149466681191,0.04773762415850582,6.610696135189607e-05,0.9999402703752022,0.0,0.07141019009997626,0.010684029499115334,0.15776638517137215,0.020073699123412475,0.4545456919944592,0.04242317359842823,0.20939773562574784,0.07967965464714487,0.20666455917151746,0.9875329710110852,0.5187919096325362,1.0,0.009252699973148338,0.5072938985225168,0.004378374025086975,0.00010696331036034353,0.010822419031093135,0.9999338930386481,0.11083796751835238,0.12327678962762065,0.9999490516216071,0.3471377714876108,0.6580219807564226,0.22779789480544121,0.08020104164660186,0.2230665581638275,0.4817840204151838,0.18779576388009242,0.5680116006603603,0.38409761750934,0.1197767908915999,0.1637716763515614,0.0,0.12388201360433414,0.0,0.026934782269732633,0.3971925137724788,0.33177175406113874,0.1114760322101131,0.047727911404835885,0.06820231166860266,6.610696135189607e-05,6.610696135189607e-05,0.06931938945464139,0.32469582316962714,0.2537608075663776,0.10090129907226729,0.0,0.08428021890930723,0.016731089401715242,0.0,0.33834520230803616,0.300909649959553,0.8005435544612552,0.6295637644769211,0.01246702898891479,0.3573260767631297,0.0,0.07265450631039252,0.0012195746234699746,0.010681426342735927,0.006241712523057063,6.610696135189607e-05,0.2000192035608898,0.16705950543486353,0.005529320928293239,6.610696135189607e-05,0.991056141806604,0.08821721167719984,0.5998906160223153,0.9091149288542828,0.5348868377554932,0.4814111910596885,0.3576585441254484,0.051220023433175305,0.1055949969053592,0.0,0.0,0.0,0.0,0.0
0.0004531038537848225,0.01647980117250869,0.00641374905995792,0.0010557321207807007,6.610696135189607e-05,6.610696135189607e-05,0.0997471332261829,0.04774119668075384,6.610696135189607e-05,0.9999402900947786,0.0,0.07100543502587424,0.01117064863239287,0.1574842190331364,0.020226770924428168,0.45384755253088804,0.042229218221000245,0.20908647711646403,0.0799063594500897,0.20671873012435674,0.9875500413459543,0.518696880422959,1.0,0.009085035584391929,0.5073865648542963,0.004351916376183935,0.00010696331036034353,0.01078584167094431,0.9999338930386481,0.11012267424340215,0.12022418068133307,0.9999491973617068,0.34675935087027865,0.6569606014379171,0.22741151889808023,0.08009278705394403,0.22307348531480412,0.4796899047826968,0.18779070615097926,0.5669008293180174,0.3829963359084326,0.11999380720795924,0.1643519602513236,0.0,0.124481287471178,0.0,0.027016190083300935,0.39740263744183263,0.3322680550182624,0.11162053292858956,0.04777964180068531,0.07039283454681902,6.610696135189607e-05,6.610696135189607e-05,0.06972269533064998,0.32479540515688404,0.25451860635677614,0.10121283356764114,0.0,0.08427407438355453,0.019322346419310285,0.0,0.33927571043183324,0.301743708821196,0.800099833341951,0.6289293096243198,0.0124499586540457,0.35682183210586305,0.0,0.07268631068796776,0.0012195746234699742,0.010663833310475122,0.006213912454880987,6.610696135189607e-05,0.20059474035708919,0.16664734261989098,0.005588741121712903,6.610696135189607e-05,0.9907880602205265,0.0885207922053067,0.6003702125084045,0.9087365643136631,0.5351682212685049,0.48076097787356475,0.35836174131813275,0.05159424202914904,0.10617347815390744,0.0,0.0,0.0,0.0,0.0
0.0004531038537848225,0.016457181736236698,0.00641420155270461,0.0010585900426387765,6.610696135189607e-05,6.610696135189607e-05,0.09997166953471374,0.0477413222937279,6.610696135189607e-05,0.9999403257946439,0.0,0.07060796045152179,0.011670730932234325,0.15719907723242077,0.02038395965351122,0.4531457525331765,0.0420374197587016,0.20877215859091772,0.08012065301636388,0.20675911930516055,0.9875659047843538,0.5185940272739629,1.0,0.00888910186141111,0.507469075411089,0.004318762766482552,0.00010696331036034353,0.010752529900642375,0.9999338930386481,0.10937778289402657,0.11696362637599816,0.999949316505979,0.34648070886503884,0.6559455498777169,0.22703187322584173,0.07998371054803075,0.2230866979912952,0.47735526296516584,0.18779838367638724,0.5658209485680457,0.38193348697004775,0.12018478720125426,0.16490358972232072,0.0,0.12504026250662267,0.0,0.02709394753770932,0.39763672367766734,0.33273943639929526,0.11177237755808361,0.04782613053889391,0.07244194908143746,6.610696135189607e-05,6.610696135189607e-05,0.07015230472839944,0.32487878815063065,0.2552387466276139,0.10152698629664492,0.0,0.08426481050357991,0.02222459532377161,0.0,0.3401799063862994,0.3025554271186261,0.7996945597823819,0.6283372909725188,0.01243409521564619,0.35636571021941454,0.0,0.07271771283539588,0.0012195746234699744,0.010642536640689223,0.006185029812477825,6.610696135189607e-05,0.20114232417081224,0.1662315451911193,0.005641477599465014,6.610696135189607e-05,0.9905813452631702,0.08881570349466913,0.6008331800259916,0.908345558519735,0.5354494142727042,0.4800361820575514,0.35905586379043625,0.05196172528695335,0.10673892732040846,0.0,0.0,0.0,0.0,0.0
0.0004531038537848225,0.016459658376814453,0.0064176559919712235,0.0010611621365640863,6.610696135189607e-05,6.610696135189607e-05,0.10017752219229613,0.04773216947625677,6.610696135189607e-05,0.9999402403261188,0.0,0.0702172588394029,0.01218364796218941,0.15690398776978376,0.020545824689316393,0.4524420378653933,0.041848622661686506,0.2084606171610466,0.08032374301132054,0.20679528627379018,0.9875783641155799,0.518477950781676,1.0,0.00871329096135415,0.5075193560018149,0.004280759746031399,0.00010696331036034353,0.010720929648390849,0.9999338930386481,0.10867368475652903,0.11348636483683838,0.9999493460301869,0.34620653338872126,0.6549153391586623,0.2266344057844261,0.07986403083466835,0.22310274066942246,0.4747838301023174,0.18779919067725906,0.5647303702888867,0.38086335880664224,0.12034725130246768,0.16543314781189256,0.0,0.12557784070054737,0.0,0.027177974628198303,0.39789469496632063,0.33320493050458017,0.11193568970898607,0.04786938512227384,0.07465163769776005,6.610696135189607e-05,6.610696135189607e-05,0.07061856066501251,0.3249426738244817,0.2559529143989568,0.10184957237921978,0.0,0.08425231578677897,0.025425494813641026,0.0,0.3410862575803302,0.3033565201886879,0.7993290056862118,0.6277715659143173,0.012421635884420152,0.3559442085177767,0.0,0.07275963227591413,0.0012195746234699746,0.010617926221415873,0.006153816100587004,6.610696135189607e-05,0.20172704667725425,0.16576445312318935,0.005693341228984438,6.610696135189607e-05,0.9903865510253872,0.08913174644238087,0.6012987629969513,0.9079523212031422,0.5357409557740148,0.4792448503947252,0.35975877145734775,0.0523347494690966,0.10731950384362324,0.0,0.0,0.0,0.0,0.0
0.0004531038537848225,0.01644664855138465,0.006422153186835053,0.0010636346771170022,6.610696135189607e-05,6.610696135189607e-05,0.10036960247350671,0.04772227271942731,6.610696135189607e-05,0.9999402566365492,0.0,0.06983691265543095,0.012709282738884917,0.15660773001766598,0.020714637766918124,0.451778220851374,0.04166159652716189,0.20816947932916846,0.08052525104826706,0.20685985980738766,0.9875958258869365,0.5184308988800388,1.0,0.008552883885922168,0.5075431376954882,0.004234978637979172,0.00010696331036034353,0.010691804391498291,0.9999338930386481,0.1079377682256257,0.10981824222319014,0.9999493519040492,0.34597631800697176,0.653917676176446,0.226236550990586,0.07974496233532638,0.2231202000319229,0.4720144909372502,0.18776301706380108,0.563650430469826,0.37980705756815036,0.12048532901345124,0.16592994683649523,0.0,0.12605953342309595,0.0,0.027257021646938273,0.39814789702318765,0.3336594397030414,0.11211319791375747,0.047911484876989326,0.07671527961835194,6.610696135189607e-05,6.610696135189607e-05,0.07110843224208815,0.3249888733585613,0.2566406003734762,0.1021819510364667,0.0,0.08423085948099078,0.028896563546767638,0.0,0.3419838661031478,0.30412582077063494,0.7989894199382817,0.6272101933561172,0.012404174113063497,0.35550956769686537,0.0,0.07279243152394417,0.0012195746234699742,0.010591880938050418,0.006120692471375461,6.610696135189607e-05,0.20228119839759046,0.16529827906735306,0.005742816270632976,6.610696135189607e-05,0.9902233752804296,0.08944172345007788,0.6017445853175164,0.9075457549257887,0.5360412104694203,0.47837430774906403,0.36045876208482497,0.052704106899864364,0.10789764233204632,0.0,0.0,0.0,0.0,0.0
0.0004531038537848225,0.01642564286177056,0.006427751938236062,0.0010659811354387042,6.610696135189607e-05,6.610696135189607e-05,0.10055548984519591,0.047706434993826874,6.610696135189607e-05,0.9999402887493682,0.0,0.06946403059590739,0.013246642599084993,0.15630028113313296,0.020891123414782033,0.45112346755460897,0.041475501301314804,0.2078802848959824,0.08071978323392738,0.2069260593850239,0.9876114105302891,0.5183805484933449,1.0,0.008407551714656467,0.5075662318423613,0.004185125786782569,0.00010696331036034353,0.0106642138772453,0.9999338930386481,0.1072178175675563,0.10592447316198457,0.9999493176218592,0.3457728077826203,0.652946653120882,0.2258450794147225,0.07962990499985009,0.22315028764785083,0.46907851319037147,0.18774969104600878,0.5625763838800162,0.3787776351713105,0.12060170023515092,0.16640520882197793,0.0,0.12651321680460909,0.0,0.02732884910098407,0.3984265187138761,0.3341249302635966,0.112300736154833,0.04795034109001881,0.07849557357761067,6.610696135189607e-05,6.610696135189607e-05,0.07162312745313139,0.3250204847976333,0.2573150354089722,0.10252845771907915,0.0,0.08420942289605159,0.03259708681116192,0.0,0.3428831146296843,0.3048841199803361,0.7986785165309217,0.6266687317929982,0.012388589469710857,0.35510623470204594,0.0,0.07281791322710304,0.0012195746234699744,0.010565065808096545,0.006085985494254156,6.610696135189607e-05,0.2027932449406892,0.16485567358140413,0.005788600940924947,6.610696135189607e-05,0.9901015098758542,0.08973831147014578,0.602162432270291,0.907123452401065,0.5363400083229647,0.4774332765836846,0.36112684139938234,0.05306500018898478,0.108457959952371,0.0,0.0,0.0,0.0,0.0
0.0004531038537848225,0.016398839374888168,0.006433913375214445,0.0010682024020127222,6.610696135189607e-05,6.610696135189607e-05,0.10073028657465295,0.04768509539111903,6.610696135189607e-05,0.9999403333291788,0.0,0.06909792744001375,0.013794836526392292,0.15597801258052862,0.02107678913016731,0.45047042407172116,0.04129225599775128,0.20759261430959594,0.08090932963056358,0.20699129597446833,0.9876231029475125,0.5183160265547775,1.0,0.008244596265372738,0.5075749705341838,0.004128847090102247,0.00010696331036034353,0.010638018347610877,0.9999338930386481,0.10650672959241365,0.10184539145757888,0.999949244488291,0.3456361092138454,0.6520173056675386,0.2254617766562371,0.07951868597794555,0.22319543275807985,0.46601255376980744,0.18777106243885025,0.5615141251802247,0.37779082728736346,0.12070204316544605,0.16686517883559085,0.0,0.12694977232717433,0.0,0.027396871937097108,0.3987252592650776,0.3345887759583859,0.11249910545520088,0.04798637121137759,0.08000355844498964,6.610696135189607e-05,6.610696135189607e-05,0.07215725494271392,0.32503627031188687,0.2579638225695638,0.10288377671863767,0.0,0.08418448358971165,0.0364712240534158,0.0,0.34377722411236955,0.3056212243971887,0.7983886272039904,0.6261435251899409,0.012376897052487481,0.3547342011180482,0.0,0.0728356315910418,0.0012195746234699746,0.010537358942655032,0.006050196466328757,6.610696135189607e-05,0.20325683247594994,0.16443332249525386,0.005830535208974125,6.610696135189607e-05,0.9900327668783654,0.09001887176289765,0.6025565191851115,0.9066864774956621,0.5366420710716799,0.4764394330466094,0.3617585134894286,0.053416394709654445,0.10899533400585193,0.0,0.0,0.0,0.0,0.0
0.0004531038537848225,0.016412524114770677,0.00644041925392326,0.001070282225680504,6.610696135189607e-05,6.610696135189607e-05,0.10088781096902925,0.047658103547631885,6.610696135189607e-05,0.9999402013945253,0.0,0.06873704802891178,0.014352823804637465,0.15563686669135984,0.021272667333115197,0.4498136014288836,0.04111239783652392,0.20730702101598053,0.08109418116366435,0.2070521473475519,0.9876302174670962,0.5182320066615763,1.0,0.008089506920852994,0.5075567839152869,0.0040988287602167234,0.00010696331036034353,0.010612830474269978,0.9999338930386481,0.10574130388525782,0.09756375044728609,0.9999490034812307,0.3455384752380611,0.6510975850152716,0.2250698967053666,0.07940219367624707,0.22325220826357958,0.46286282513751864,0.187799684066524,0.5604480937294763,0.3768210903504429,0.12078912875096319,0.16731608043231608,0.0,0.12738057225684438,0.0,0.02746693643265026,0.3990383854443614,0.3350508091870952,0.11270693417199817,0.04802089504982402,0.08159446312392908,6.610696135189607e-05,6.610696135189607e-05,0.0727104247619691,0.3250358125682036,0.2585960128443894,0.10324574117622204,0.0,0.08415189819119409,0.04045066809093108,0.0,0.3446716122583848,0.306337743677935,0.7981166900853724,0.625631772220132,0.012369782532903762,0.35438742108157933,0.0,0.07285895896928744,0.0012195746234699742,0.01050851463016357,0.006013119509444193,6.610696135189607e-05,0.20373834740231858,0.1639735370425574,0.005869984935816213,6.610696135189607e-05,0.9899793132556636,0.09030640214033908,0.6029473140894995,0.9062449825191154,0.5369590268538665,0.47541383943843507,0.36238671450459237,0.053767896175615,0.10953414495564168,0.0,0.0,0.0,0.0,0.0
0.0004531038537848225,0.01640983550444153,0.006474774744264,0.001072365989931025,6.610696135189607e-05,6.610696135189607e-05,0.1009698196800225,0.04762924754391109,6.610696135189607e-05,0.9999400952310565,0.0,0.0683852489270503,0.014919933695356173,0.15529186698174066,0.02148177863553859,0.44920381840144796,0.040936871991864285,0.20705605026797097,0.0812859954652205,0.2071498983575488,0.9876457204119095,0.5182455908441065,1.0,0.007933309245637907,0.5074817045688993,0.004064621446909355,0.00010696331036034353,0.010588891241490452,0.9999338930386481,0.10498336394405493,0.093148383021793,0.9999487379508714,0.3454793917583637,0.6501958616071201,0.22467020637118235,0.07928212529717783,0.2232987355708194,0.45968545971607017,0.1877605089606233,0.559383485791057,0.375847800781695,0.12086069662104681,0.16773766694785414,0.0,0.12774819216461525,0.0,0.027535839601331328,0.399335695298085,0.3355142364083736,0.11292585336746273,0.04805673167080241,0.08319667885103386,6.610696135189607e-05,6.610696135189607e-05,0.07327242595393625,0.3250148787755567,0.2592111280918505,0.10361309131972313,0.0,0.08410600363257323,0.04446786994965977,0.0,0.34556199268447196,0.3070202035554706,0.7978533079137327,0.6251124346945971,0.012354279588090586,0.35400621699127827,0.0,0.07287574342527794,0.0012195746234699744,0.010481473647459265,0.0059753319561842546,6.610696135189607e-05,0.20420200680156017,0.16350649296807618,0.005907764043183458,6.610696135189607e-05,0.9899242483768751,0.09059301030102951,0.6033314533820442,0.905797941007466,0.5373033938148668,0.4743648916987315,0.3630356726379288,0.05411764953260689,0.11007594539486351,0.0,0.0,0.0,0.0,0.0
0.0004531038537848225,0.01640175574861097,0.006490158789340818,0.0010743702838101397,6.610696135189607e-05,6.610696135189607e-05,0.1010933544167041,0.04758544345424778,6.610696135189607e-05,0.9999401003338975,0.0,0.06804212274516262,0.015492751396275675,0.1549180664801182,0.02170383182404986,0.4486235287497439,0.04076148502476804,0.20682558392161648,0.08147697032342753,0.20730237120623002,0.9876643082965122,0.518323079181824,1.0,0.007774087076817075,0.5073856354128293,0.004025691661158515,0.00010696331036034353,0.01056550738721051,0.9999338930386481,0.10423409973139033,0.08862436351998987,0.9999484000626541,0.3454604615499226,0.6493129509267657,0.224274499186864,0.07916253391660666,0.22336346857585554,0.4565383087416032,0.18772121639877176,0.5583309669134423,0.374900518864368,0.12092567256189235,0.16815058999980953,0.0,0.12809619121029422,0.0,0.027605474562446275,0.39971183563941104,0.33596680447615784,0.1131563108398136,0.04809605731442111,0.0844760474743739,6.610696135189607e-05,6.610696135189607e-05,0.07383932675513181,0.3249825039681593,0.2598099527924229,0.10398333826224145,0.0,0.08405479392574638,0.04845825458694194,0.0,0.34644351973656634,0.30765860245768106,0.7975973571146802,0.6245470387939605,0.012335691703487766,0.3535807296078819,0.0,0.07289491692896836,0.0012195746234699746,0.010444141047332831,0.005937485204715679,6.610696135189607e-05,0.2046686061469493,0.1630698635907211,0.005946513875719767,6.610696135189607e-05,0.989891905682211,0.09087709628081143,0.603700039805732,0.9053447146871176,0.5376636710182799,0.47329960484740496,0.3636552548514843,0.05446402832522334,0.11061529475633444,0.0,0.0,0.0,0.0,0.0
0.0004531038537848225,0.016392574430249125,0.006500233328023531,0.0010764989216126282,6.610696135189607e-05,6.610696135189607e-05,0.10122711014783922,0.04754476828758681,6.610696135189607e-05,0.9999401047438907,0.0,0.0677055717104706,0.01607153226466648,0.15452399998815172,0.021939991019569567,0.44805488195299864,0.04058730019410978,0.20659753268727982,0.08166896548635919,0.207451388269866,0.9876803332248726,0.5183838636440542,1.0,0.007642979787711981,0.5072825877668865,0.003985560915151388,0.00010696331036034353,0.010542318780502704,0.9999338930386481,0.1034930324931939,0.08404511547248397,0.9999479843805505,0.3454469394926451,0.6484346240672473,0.22387610739655997,0.07904159460996849,0.2234406891600439,0.4534534378193456,0.18768231180722175,0.5572785116747606,0.3739650041638497,0.12098021414171291,0.16855023154344478,0.0,0.12843172615229326,0.0,0.027675472082639298,0.40008312741343827,0.3364352541031985,0.11338909788153337,0.04813406097475848,0.08572364273430831,6.610696135189607e-05,6.610696135189607e-05,0.07440718062758171,0.32494091436220296,0.2604022002522434,0.10436439153404473,0.0,0.083998544026484,0.05236842966691019,0.0,0.3473243130987755,0.3082851516521663,0.797350820371928,0.6239983801866892,0.012319666775127365,0.35318441020365254,0.0,0.07291485646920151,0.0012195746234699742,0.010409146902987606,0.005900013809384739,6.610696135189607e-05,0.2051400798711068,0.16261382279495973,0.005983594423173067,6.610696135189607e-05,0.9898590226229399,0.09116317568050926,0.6040539293589247,0.9048868731253651,0.5380367668253204,0.47223814149417465,0.36426280623977964,0.054809875032354044,0.11115231149670422,0.0,0.0,0.0,0.0,0.0
0.0004531038537848225,0.01638344456266366,0.006508047677031935,0.0010699888248851522,6.610696135189607e-05,6.610696135189607e-05,0.10135855054179066,0.047533447315595244,6.610696135189607e-05,0.99994014158758,0.0,0.06737602481996893,0.016656299349937845,0.15411693540879187,0.02219165168453693,0.4474955841375526,0.04041513434791788,0.2063692412030794,0.08186114438410066,0.20758834753411323,0.9876938591569744,0.5184263356981668,1.0,0.007497470039665296,0.5071775297662459,0.003944914106226798,0.00010696331036034353,0.010519844533476113,0.9999338930386481,0.10276066060794678,0.07944535216710084,0.9999475540063023,0.345482870321623,0.6475945079190435,0.22349189344467477,0.07892770162780041,0.2235312380031779,0.45046798308763314,0.18766719745086607,0.5562491413287074,0.3730691747212245,0.12103006113600205,0.16893890137696255,0.0,0.12875238621576618,0.0,0.027735958817606782,0.40044731249923315,0.33690962371808314,0.11362031990990895,0.04816944580425419,0.08669124385836176,6.610696135189607e-05,6.610696135189607e-05,0.0749674012629831,0.3248913950185102,0.26097724182814747,0.10475123666578526,0.0,0.08394065067157588,0.056152442947521586,0.0,0.3481909500114901,0.30889911503966394,0.7971087944798972,0.6234727510889242,0.012306140843025646,0.3528212780860672,0.0,0.07292212341333253,0.0012195746234699744,0.010377362874646636,0.005863777421538701,6.610696135189607e-05,0.20555551535596028,0.16219491656164714,0.006016533379904388,6.610696135189607e-05,0.9898479443828058,0.09142825025280911,0.604380845069571,0.9044159990222618,0.5384111759164544,0.47118792228030837,0.3648372184115814,0.05514477431188465,0.11166246903603227,0.0,0.0,0.0,0.0,0.0
0.0004531038537848225,0.016340059460577268,0.006514718513661924,0.0010769592849483912,6.610696135189607e-05,6.610696135189607e-05,0.10149855366310115,0.04748865779035438,6.610696135189607e-05,0.9999402500226052,0.0,0.0670503747395068,0.01724660086657037,0.1537009588056161,0.022455929336471843,0.44694613894133184,0.040246174835056284,0.2061483186514239,0.08205031651833183,0.20770986344160267,0.9877043207434659,0.5184167334262295,1.0,0.007368068590418226,0.507061876729221,0.0039044171686891667,0.00010696331036034353,0.01049807404825519,0.9999338930386481,0.10203786373782757,0.07487225340957272,0.999947049548322,0.34553306184093086,0.6467606516337709,0.22310391506443977,0.07881026142360258,0.22362417198902612,0.44759898105053103,0.18764283447237895,0.5552311700302781,0.37218248728087927,0.1210758974516855,0.16931783693739705,0.0,0.12905895422604974,0.0,0.027798135642372695,0.4007976220186821,0.33736567589946376,0.11385637869683439,0.04820197840884478,0.08780057928932054,6.610696135189607e-05,6.610696135189607e-05,0.07551080922394678,0.32483188579052286,0.2615416267427871,0.10513616483675972,0.0,0.08387795523864822,0.05977133462172364,0.0,0.34904368092006827,0.3094987994048298,0.7968737860299826,0.6229722996210003,0.012295679256534074,0.35252431234772075,0.0,0.07293502669862031,0.0012195746234699746,0.01034782105821817,0.005828977784826399,6.610696135189607e-05,0.20598547149978652,0.1617532237913795,0.006044994262130961,6.610696135189607e-05,0.9898202733286778,0.09169772162344193,0.6047095453592937,0.903943137709827,0.5387969139667095,0.47017375499127356,0.36541102658628927,0.0554789742145974,0.11217039466286709,0.0,0.0,0.0,0.0,0.0
0.0004531038537848225,0.016349378259728202,0.006520817516854113,0.0010726107624835896,6.610696135189607e-05,6.610696135189607e-05,0.10161914865738979,0.0474694864862015,6.610696135189607e-05,0.9999401574647558,0.0,0.06672904342467177,0.017841550122359516,0.15326469869624668,0.022736968654156496,0.44636120735800033,0.040079032069326725,0.20589972449549226,0.08222768234805532,0.20778927360481958,0.9877046362139027,0.5183496613286297,1.0,0.0072440048054933735,0.5069677937868827,0.003865409100030517,0.00010696331036034353,0.010476735900175546,0.9999338930386481,0.1013267310762385,0.07037494895254175,0.9999465262810161,0.3456072880421937,0.6459518048411367,0.22273469755090394,0.07869914162727253,0.2237443364766549,0.44487569314875675,0.18769439031487573,0.5542408591404075,0.37134886836152237,0.12112346698384047,0.16970562477057133,0.0,0.12939963021760653,0.0,0.02785382738245824,0.4011773229139791,0.33783396418195877,0.114073744860822,0.04823263946225504,0.08858922520080824,6.610696135189607e-05,6.610696135189607e-05,0.07605263016148364,0.3247671524139814,0.2620917303558216,0.10551856511351669,0.0,0.08381947702695075,0.0632026745044983,0.0,0.34987576203758824,0.31009595866621786,0.7966488506681042,0.6225051016246091,0.012295363786097286,0.35225070845376383,0.0,0.07294419067505982,0.0012195746234699742,0.01032099174592876,0.00579532731680925,6.610696135189607e-05,0.20638947948833347,0.16133491400596736,0.006072300643891882,6.610696135189607e-05,0.9897927022399634,0.09195646480304165,0.6050176939109075,0.9034593082503679,0.5391714878001477,0.46918466369258843,0.3659444023271239,0.05580434675267752,0.11265544847676756,0.0,0.0,0.0,0.0,0.0
0.0004531038537848225,0.016345051793854187,0.006526021901418192,0.0010716581408374416,6.610696135189607e-05,6.610696135189607e-05,0.10174029231972122,0.047452145440333764,6.610696135189607e-05,0.9999401583600167,0.0,0.0664147865725539,0.018440923806134633,0.15283434983010916,0.023032708725785212,0.445822853546343,0.03991770840266463,0.2056874342435706,0.08240993074487991,0.20789344483579764,0.9877119242379615,0.5183425288260155,1.0,0.007096178819251167,0.5068195403258854,0.0038287107297834597,0.00010696331036034353,0.01045711814283974,0.9999338930386481,0.10063074709545138,0.06598085930258335,0.9999459956272136,0.3457237167502971,0.6451547006133157,0.22236234399174207,0.07858503075152594,0.22383853135271845,0.44229613235340104,0.18767931525998985,0.5532699806984638,0.37050873991291905,0.12116271768871954,0.17006324835806286,0.0,0.12968237242529831,0.0,0.02790745391121425,0.40150767015149347,0.33827841753599125,0.11429594560114818,0.04826179752449599,0.08949461959947268,6.610696135189607e-05,6.610696135189607e-05,0.07656614223517023,0.3246913000044403,0.26263436605094176,0.10589114746870684,0.0,0.0837560035141094,0.06642662780131561,0.0,0.3506865771543603,0.31066733697154625,0.7964273515664005,0.6220433068061395,0.012288075762038546,0.3519750987486862,0.0,0.07294705679237719,0.0012195746234699744,0.010295876061872409,0.005763864733185125,6.610696135189607e-05,0.206777044661421,0.16093531707574074,0.0060765982593140805,6.610696135189607e-05,0.989754268608903,0.09221093333574253,0.6053317219669972,0.9029740454423394,0.539571115303063,0.46824453111949815,0.36649783119366713,0.056125733744511325,0.11313648887196417,0.0,0.0,0.0,0.0,0.0
0.0004531038537848225,0.016337220957316236,0.0065308923679443,0.0010722858212809923,6.610696135189607e-05,6.610696135189607e-05,0.10185853553956814,0.04743336768821173,6.610696135189607e-05,0.9999401595211618,0.0,0.06610387063341638,0.019043301891577966,0.15239799913720817,0.023342141953333548,0.4452891967127858,0.03975717703339154,0.2054772809011239,0.08258492347250178,0.20798737876407672,0.9877198324241365,0.5183337148643999,1.0,0.006973381791940266,0.5066685675749786,0.0037974590120734503,0.00010696331036034353,0.01043485184759976,0.9999338930386481,0.09994575476241686,0.06171587702556261,0.999945591458446,0.34582965871753873,0.6443455621118167,0.22198913916132265,0.0784659826728048,0.22393375123857362,0.43988099625192056,0.18763909867476206,0.5523199885994031,0.36966423108537166,0.12119926139590334,0.17041035996976997,0.0,0.12994985596061107,0.0,0.027966778709817154,0.40186143969525895,0.33871833415024644,0.11450873550478842,0.048291393609916036,0.09048891611511485,6.610696135189607e-05,6.610696135189607e-05,0.07706523175374741,0.3246024764144911,0.2631746249183698,0.10625456246270679,0.0,0.08369173046454194,0.06943778708164729,0.0,0.3514734066204807,0.31122821984178484,0.7962158151315949,0.6216022612661534,0.01228016757586348,0.35171642917498896,0.0,0.07296361182648997,0.0012195746234699746,0.010271980268919042,0.005734117987100824,6.610696135189607e-05,0.20721770821534408,0.16049400585294749,0.006092432041775385,6.610696135189607e-05,0.9896533872130701,0.09247981296981356,0.6056524277425542,0.9024907154356172,0.5399765191596763,0.4673390747130986,0.36707170461245225,0.05644942774672469,0.1136302681717196,0.0,0.0,0.0,0.0,0.0
0.0004531038537848225,0.016328441859277572,0.006535736151221336,0.0010737378193987363,6.610696135189607e-05,6.610696135189607e-05,0.10197126796744162,0.047414289185399,6.610696135189607e-05,0.9999401607355892,0.0,0.06579883466691923,0.01964918360882644,0.1519618359517874,0.02366634367610512,0.444766577806119,0.039597824304514556,0.20526620791771605,0.08275376174881331,0.20807475666985742,0.9877272712584811,0.5183251119607657,1.0,0.006858308143424551,0.5065262904974377,0.00377309709176604,0.00010696331036034353,0.010412631873885215,0.9999338930386481,0.09927166966792732,0.057592196925737964,0.9999451795324641,0.3459405766996098,0.6435567685733776,0.2216354525097366,0.07835296905427262,0.22403418446875492,0.4376322612763015,0.18761400725055563,0.5514046093550709,0.36884716818513724,0.12123214153020166,0.1707432448583001,0.0,0.13020392056690963,0.0,0.028018501259557602,0.40220961552125767,0.33915214390579634,0.11470998312615474,0.04832099322464455,0.09124881749997268,6.610696135189607e-05,6.610696135189607e-05,0.07754146273496616,0.32451299319849625,0.2637084994896945,0.1066095270308284,0.0,0.08363332513299337,0.07223678130525818,0.0,0.352233441126599,0.31178073453213595,0.796014096720985,0.6211819984718425,0.01227272874151882,0.35147096747232465,0.0,0.07297272634040004,0.0012195746234699742,0.010250876918253382,0.0057062862582249576,6.610696135189607e-05,0.2076299380732265,0.16009552343636468,0.006110761495072701,6.610696135189607e-05,0.9895218795031988,0.09273473193692795,0.6059561857925158,0.9019978473369009,0.5403706544464643,0.4664646137423352,0.3676194149433254,0.0567641252138156,0.11410588936501079,0.0,0.0,0.0,0.0,0.0
0.0004531038537848225,0.016319374617271957,0.006540319339094366,0.0010756011919386267,6.610696135189607e-05,6.610696135189607e-05,0.10207765722266968,0.047396090862830045,6.610696135189607e-05,0.9999401620148147,0.0,0.06549903158897499,0.020257108809979184,0.15152491635196297,0.024004844084199364,0.44424898998117107,0.0394405545107468,0.20505579010666428,0.08291676949438694,0.20815722329433084,0.9877339634360507,0.5183178405558788,1.0,0.006741349978086803,0.5063847050680301,0.0037556047083120605,0.00010696331036034353,0.01039065593993974,0.9999338930386481,0.0986084559645984,0.05362861797184735,0.9999447501439888,0.3460668267526696,0.6427884968653825,0.2212978230936524,0.07824300260318409,0.224132587426016,0.43553775332790123,0.18760185391199657,0.550525174839869,0.3680587336030379,0.12126141310728268,0.17106133398229592,0.0,0.13044571189307702,0.0,0.028066066780775903,0.4025563633637269,0.33957360290378796,0.1149001203298873,0.04834961673342492,0.09186080303308226,6.610696135189607e-05,6.610696135189607e-05,0.07799368703443696,0.3244227678311841,0.2642327685868438,0.10695064567389387,0.0,0.0835796290194576,0.07482769126416548,0.0,0.35296339288690504,0.31232021039179114,0.7958218173983304,0.6207814427233733,0.012266036563949317,0.35123644755104416,0.0,0.0729799245687678,0.0012195746234699744,0.010231450082383353,0.005680321231061962,6.610696135189607e-05,0.2080257574556239,0.15973077232166816,0.0061290308939720844,6.610696135189607e-05,0.989363705635086,0.09297873454777376,0.6062524996434787,0.9014998885868367,0.5407628672025634,0.465629711323734,0.3681491561068324,0.057070877762479155,0.11456526589850673,0.0,0.0,0.0,0.0,0.0
0.0004531038537848225,0.01631016559644837,0.006544681252575369,0.0010776597993246684,6.610696135189607e-05,6.610696135189607e-05,0.10217863176747281,0.04737922231460855,6.610696135189607e-05,0.9999401633007969,0.0,0.06520412452228058,0.020866145562352154,0.15108776932191045,0.024356902903647948,0.44373655084646524,0.039285696008308245,0.2048478630888599,0.08307411810314654,0.20823562254678943,0.9877398852918183,0.5183112564020994,1.0,0.006630861248441265,0.5062387670813333,0.0037452848124433637,0.00010696331036034353,0.010369651725952089,0.9999338930386481,0.09795649910401352,0.04985720090241007,0.9999442914218258,0.3461947411901044,0.6420292186091476,0.2209711177693517,0.07813302630312553,0.22422579536202558,0.43359071056547477,0.18759158037178614,0.5496776208814697,0.3672885491117525,0.12128601115987438,0.1713642678535174,0.0,0.13067691618157992,0.0,0.02811279167505597,0.4028994761824331,0.3399801733263896,0.11507907758905683,0.04837728132361598,0.09244072099571536,6.610696135189607e-05,6.610696135189607e-05,0.07842223123885395,0.3243318839856326,0.26475047895086834,0.10727631066475005,0.0,0.08353012681729349,0.07721831308792444,0.0,0.3536634054680127,0.31284653865455203,0.7956398707369791,0.6204001095996932,0.012260114708181618,0.35101182741632064,0.0,0.07299014664479271,0.0012195746234699746,0.010246577360113637,0.005655993499419335,6.610696135189607e-05,0.20842196471700913,0.1592585707183349,0.006149514735174471,6.610696135189607e-05,0.9890023215383671,0.09322030243998403,0.6065484470436177,0.9010008281345223,0.5411563084987705,0.46483407344295286,0.3686718687817486,0.0573732776422093,0.11501704914483561,0.0,0.0,0.0,0.0,0.0
0.0004531038537848225,0.016301138103656236,0.006548258711107777,0.001079802936690566,6.610696135189607e-05,6.610696135189607e-05,0.10227645534269111,0.04736666223755848,6.610696135189607e-05,0.999940164494905,0.0,0.06491495952276465,0.021478273912260377,0.1506631278264013,0.02472294804800237,0.4432163189959072,0.03913361271349472,0.20464362320566085,0.08322568200151455,0.20831049460925358,0.9877451461449887,0.518304983639944,1.0,0.0065272469423699,0.5060882457787261,0.0037416728701644498,0.00010696331036034353,0.01034969125153631,0.9999338930386481,0.09731891042257505,0.04625193353657239,0.9999438111334964,0.3463232116429975,0.6412875011418169,0.2206620041086424,0.07802647418598523,0.22431765069835993,0.43179507952616614,0.1875870628231022,0.5488692427500853,0.36654144120852716,0.12130548908585444,0.1716513047531989,0.0,0.13089719309049727,0.0,0.028156250007171278,0.40325105247841475,0.340367271145984,0.11525233428685583,0.048404103445993864,0.09306628775408277,6.610696135189607e-05,6.610696135189607e-05,0.07882423816658483,0.32423833862484863,0.2652528289324165,0.1075587456032082,0.0,0.08348769535694586,0.07940843244395078,0.0,0.35432777387936293,0.3133501267144975,0.795468828912631,0.6200382006375476,0.012254853855011386,0.3507978232695587,0.0,0.0730068113303621,0.0012195746234699742,0.01024582790740011,0.005633659441519068,6.610696135189607e-05,0.208840983548793,0.1588934127167731,0.006155663043421768,6.610696135189607e-05,0.9886276294586124,0.09345966992576665,0.6068642907653847,0.9004952519017544,0.5415315261182929,0.46407353998188067,0.36919661818099053,0.05766937065705713,0.11546480887131433,0.0,0.0,0.0,0.0,0.0
0.0004531038537848225,0.016292362156560238,0.006551877699087826,0.001081936910897313,6.610696135189607e-05,6.610696135189607e-05,0.10236970445693645,0.04735449316898821,6.610696135189607e-05,0.9999401657150071,0.0,0.06463066540764532,0.022091999682990342,0.15024819773272213,0.02510193533732621,0.4427029945277616,0.0389839164394287,0.20444156242420325,0.08337183085731557,0.20838242446177832,0.9877498657264786,0.5182986085510508,1.0,0.006433660609965463,0.5059406026575494,0.0037461040467664498,0.00010696331036034353,0.010330784544103303,0.9999338930386481,0.09669542177004034,0.042843263584044985,0.9999433160522856,0.3464453269468405,0.6405642089551954,0.22037416179407318,0.07792223669466845,0.22440356225641228,0.43013504208890563,0.18758844686697038,0.5480995764869134,0.3658198538828702,0.12131862902496807,0.17192068199348878,0.0,0.13110523501536173,0.0,0.02819635154887648,0.40359563706354296,0.3407430524581014,0.11541260617459731,0.048429878532249615,0.09351618925729309,6.610696135189607e-05,6.610696135189607e-05,0.07920366376630629,0.3241448375252675,0.2657442900901734,0.10782186670729116,0.0,0.08345012661178669,0.08142280805914281,0.0,0.354958892172349,0.31383879740256504,0.7953095401177164,0.6196968935447329,0.012250134273521372,0.35059615643358744,0.0,0.07302303590661866,0.0012195746234699744,0.010236970944052862,0.005614300629689735,6.610696135189607e-05,0.20925554680568842,0.1585947811848704,0.006159244106953896,6.610696135189607e-05,0.9882510379158868,0.09369150095463123,0.6071733060909904,0.8999857636223412,0.5418981133990789,0.4633402145146254,0.3697085586052681,0.05795761490130895,0.11589978629036134,0.0,0.0,0.0,0.0,0.0
0.0004531038537848225,0.016283949262075565,0.006555506553867675,0.001084047918438003,6.610696135189607e-05,6.610696135189607e-05,0.10245713625742653,0.04734285620005997,6.610696135189607e-05,0.9999401669919132,0.0,0.06435122801627143,0.02270595132721847,0.14984076733061077,0.02549281292844528,0.4422035879600988,0.038836640341447154,0.20424256995724668,0.08351251991658626,0.20845225499825065,0.9877541170699545,0.5182930697675833,1.0,0.006327124241323176,0.5057922518560789,0.0037584517162550456,0.00010696331036034353,0.010312790998883428,0.9999338930386481,0.09608431367253666,0.03961221743032599,0.999942800642257,0.34658798332769264,0.6398647701940744,0.22010718123500628,0.0778209151684261,0.22448247998734533,0.4286016089831294,0.1875983980794572,0.5473725835633974,0.36512891610382114,0.12132582597315085,0.1721722811863501,0.0,0.1313001066013216,0.0,0.02823239462552423,0.4039208935960019,0.34110351090236724,0.11556048238897898,0.048453425841083815,0.0938284887855757,6.610696135189607e-05,6.610696135189607e-05,0.07956062352249584,0.32405620140107594,0.26622541478158956,0.10807335910509176,0.0,0.08341803634103633,0.08327156524180357,0.0,0.35555489194799766,0.3143141737731855,0.7951616541102628,0.6193754638153992,0.012245882930045502,0.35040682363109504,0.0,0.07303616938876825,0.0012195746234699746,0.010221615245044727,0.005596006797545179,6.610696135189607e-05,0.20965058235608844,0.1583557816494961,0.006168078211464681,6.610696135189607e-05,0.9879033581057154,0.093909815024336,0.6074682316436305,0.8994731335043554,0.5422587163410076,0.4626340128466218,0.3701980139604441,0.058235884147157836,0.11631434016574665,0.0,0.0,0.0,0.0,0.0
0.0004531038537848225,0.016275629454834732,0.006559031602303531,0.0010861168958274069,6.610696135189607e-05,6.610696135189607e-05,0.10253962357891028,0.047332213805346274,6.610696135189607e-05,0.9999401682018892,0.0,0.0640760019598098,0.023318462112440392,0.14943707654720062,0.02589418026060499,0.4417193313895561,0.0386914590352655,0.2040475963194341,0.08364718365804127,0.20851854070772113,0.9877579366208146,0.518286463211509,1.0,0.0062306527654225514,0.5056391021234128,0.0037786690070115425,0.00010696331036034353,0.010295541241822515,0.9999338930386481,0.0954756239680775,0.03655191265404,0.9999422381111934,0.34672912836818703,0.6391646777602589,0.21984621057323742,0.07771604909366016,0.2245518228502036,0.4271810433184864,0.18759613564979327,0.5466762327996337,0.3644461450314769,0.1213273197872661,0.17240946205399627,0.0,0.13148637435234212,0.0,0.028271084247168825,0.40423627058549,0.3414451576673978,0.11569706206880281,0.048475200292521385,0.09418572080578629,6.610696135189607e-05,6.610696135189607e-05,0.07989729652701318,0.3239689265018911,0.2667030497390093,0.1083180232251723,0.0,0.08338849572046253,0.08496887111059023,0.0,0.3561195386055883,0.3147787989317875,0.7950254965546927,0.6190719972382827,0.012242063379185477,0.35022716243614893,0.0,0.07305606123504914,0.0012195746234699742,0.01020047802670596,0.005579209224237817,6.610696135189607e-05,0.2100693107621067,0.158118144598782,0.006178681151721553,6.610696135189607e-05,0.9875664886418778,0.09413227250073183,0.6077597642417805,0.8989654887938995,0.5426226048821332,0.46195590531031844,0.3706845329606506,0.05851276955951251,0.11672745971730154,0.0,0.0,0.0,0.0,0.0
0.0004531038537848225,0.016267655073831214,0.006562551308046487,0.001088137124626238,6.610696135189607e-05,6.610696135189607e-05,0.10261861633155485,0.04732228916597199,6.610696135189607e-05,0.9999401692159529,0.0,0.06380620238110683,0.023929268948608227,0.14903877735947396,0.026305395871001957,0.4412584664983483,0.038547836074916415,0.2038566965719897,0.0837757390150498,0.20858167253492707,0.9877614249002467,0.5182791843639729,1.0,0.006133532152838545,0.5054867378852151,0.003808712593382704,0.00010696331036034353,0.010279089737835999,0.9999338930386481,0.09489154824075433,0.03370575235230405,0.9999416470136577,0.34685914596054507,0.6384748949272521,0.2195978315598342,0.07761303028268954,0.22461524333054295,0.4258665356846745,0.18759427404866127,0.546013783208836,0.36378050366950837,0.12132254379010621,0.17263132050656232,0.0,0.13166237693691824,0.0,0.028306280732846544,0.4045395972465231,0.34177312921498676,0.11582245647689769,0.048494890499473385,0.09441432753671544,6.610696135189607e-05,6.610696135189607e-05,0.08021557648035983,0.3238848317186805,0.2671792746065315,0.10856128734024241,0.0,0.08336484743474117,0.08653146664441468,0.0,0.3566555058914598,0.3152373197525337,0.794901717194844,0.6187870069585106,0.012238575099753337,0.3500584386991088,0.0,0.07307235929339465,0.0012195746234699744,0.010176113777052702,0.005563594660382028,6.610696135189607e-05,0.2104717215728216,0.15791021034816713,0.006192231982105133,6.610696135189607e-05,0.9872538124450343,0.09434583046621647,0.6080346787188167,0.8984577007687022,0.5429811318752419,0.4612966017999089,0.3711472594529905,0.05878287482478783,0.11712548000596824,0.0,0.0,0.0,0.0,0.0
0.0004531038537848225,0.01626003590977404,0.0065659439837141235,0.001090109062939009,6.610696135189607e-05,6.610696135189607e-05,0.10269177621149769,0.04731350663048638,6.610696135189607e-05,0.9999401703399573,0.0,0.06354165259681528,0.024537081483333487,0.1486439032244014,0.026725310213464637,0.4408187634781303,0.03840525794550176,0.2036687119304911,0.08389805473224582,0.20864142844179126,0.9877646257779948,0.5182709545883596,1.0,0.0060379187603767336,0.5053380002878173,0.0038492831892548694,0.00010696331036034353,0.010263561842029116,0.9999338930386481,0.09431359660523914,0.03103078732483529,0.9999410137650225,0.34698590047912015,0.6377988609594613,0.21935938897040316,0.0775102431518402,0.2246732327906857,0.42465662205553745,0.18758844020761084,0.5453892768320224,0.36313368446025057,0.12131308704142701,0.17283972666555233,0.0,0.13183028745179814,0.0,0.028340930192010703,0.404832124451886,0.34207931784819595,0.11593587695607198,0.04851238567790331,0.09460253590625783,6.610696135189607e-05,6.610696135189607e-05,0.08051249623734912,0.3238045717679665,0.2676469383379432,0.1087998400039996,0.0,0.08334452206217889,0.08796117249358786,0.0,0.3571569628251506,0.3156841214087519,0.7947888582263272,0.6185188448926564,0.012235374222005201,0.3498987579598423,0.0,0.07308981082392796,0.0012195746234699746,0.010182118875268585,0.005548781534559704,6.610696135189607e-05,0.21086464934450122,0.1575940575958677,0.006210851143895245,6.610696135189607e-05,0.986799016435743,0.09455420070259561,0.6082991184287819,0.8979526753648264,0.543338341922734,0.4606568952374101,0.37159279631425884,0.05904850239732523,0.1175134822005065,0.0,0.0,0.0,0.0,0.0
0.0004531038537848225,0.016252692798848306,0.006568635945611436,0.0010920333519799303,6.610696135189607e-05,6.610696135189607e-05,0.10276241288020346,0.047309054562556435,6.610696135189607e-05,0.9999401713063051,0.0,0.06328328704151999,0.02514405019506368,0.14826312083635715,0.02715441413137851,0.44038534757317577,0.03826422415810567,0.20348528347510128,0.08401406413068348,0.20869796402067825,0.9877675723024034,0.5182617667668414,1.0,0.005944958856048117,0.5051861447460295,0.0038999611188863755,0.00010696331036034353,0.010248867586414167,0.9999338930386481,0.09371378610547282,0.02852301536341354,0.9999403414603204,0.3471260685629841,0.6371392858195858,0.21913202109236873,0.07740921480677768,0.2247290516996529,0.4235449269933699,0.18757933045331604,0.5448005511713446,0.3625048459241866,0.12129763166080328,0.17303382146771396,0.0,0.13198963032308778,0.0,0.02837421467600654,0.40512642818074174,0.34236174023858923,0.1160411636287456,0.048528998527613755,0.09489850885363339,6.610696135189607e-05,6.610696135189607e-05,0.08078881722887453,0.32372669630871764,0.26809844017036344,0.10900601090516884,0.0,0.08332899187700671,0.08926265634736183,0.0,0.3576251258562573,0.31611032287589147,0.7946883042085133,0.6182682145116077,0.012232427697596637,0.34974860291007076,0.0,0.07311379483080721,0.0012195746234699742,0.010178527874280472,0.005534942412714002,6.610696135189607e-05,0.21127785416375716,0.15733675181017054,0.00621912937406848,6.610696135189607e-05,0.9863369503935276,0.0947622740100508,0.6085786809609425,0.8974467349981586,0.5436788355869834,0.46003800252788973,0.37203532197350825,0.05931009881429243,0.11789954772482068,0.0,0.0,0.0,0.0,0.0
0.0004531038537848225,0.016245482731511628,0.0065712722342218715,0.0010938909198034477,6.610696135189607e-05,6.610696135189607e-05,0.10283345114905586,0.04730577579007332,6.610696135189607e-05,0.9999401718953445,0.0,0.06303059218194101,0.025749272088783255,0.14789601741961783,0.027591877763775873,0.4399662955928624,0.038124753738348574,0.20330656830461913,0.08412465813841032,0.20875183241333556,0.9877703512381887,0.5182513371962659,1.0,0.005854899098799306,0.5050289276501853,0.0039640182686946695,0.00010696331036034353,0.01023467789500147,0.9999338930386481,0.09313750691519282,0.026198131763233642,0.9999396258378899,0.3472472995884427,0.6364809739916376,0.21891662433114872,0.07730913480799721,0.22477525891788144,0.4225191956378651,0.18756853132533244,0.5442368750368851,0.3618829233233979,0.12127241453752255,0.17321120726037584,0.0,0.13213841853998232,0.0,0.02840544532562707,0.4054090583004101,0.34263485409405314,0.11613565418340548,0.0485438257705623,0.09513856998263714,6.610696135189607e-05,6.610696135189607e-05,0.08104983604845362,0.3236517232693109,0.2685503153962439,0.10919852414844308,0.0,0.08332003428367131,0.09045587332198907,0.0,0.35807115429605124,0.31653175525846455,0.7946029273240671,0.6180369603262886,0.012229648761811337,0.3496102442637518,0.0,0.07313858207634853,0.0012195746234699744,0.010169493007848583,0.005522584278415446,6.610696135189607e-05,0.21169274752414724,0.15712089519830633,0.006226182956732468,6.610696135189607e-05,0.9858741620092153,0.09496871061211853,0.6088542593384672,0.8969415931032195,0.5440086893788294,0.45943305327636996,0.37246517308180527,0.059567216928715146,0.11827875311351846,0.0,0.0,0.0,0.0,0.0
0.0004531038537848225,0.0162386870545463,0.006573757564894805,0.0010956970422839748,6.610696135189607e-05,6.610696135189607e-05,0.10289894990032356,0.047303951646048024,6.610696135189607e-05,0.9999401726347096,0.0,0.06278329546062167,0.026351736768092552,0.1475401984546985,0.02803669706901954,0.4395635236748825,0.037985987666214506,0.20312917342114267,0.0842298142335672,0.20880261452084262,0.9877730157450335,0.5182393536321991,1.0,0.0057684577771772985,0.5048767084062068,0.004038810616286206,0.00010696331036034353,0.010221320035122546,0.9999338930386481,0.09255838049144392,0.024001176579878852,0.9999388687393415,0.34736734374154193,0.6358408472888332,0.21871632584360728,0.07721043856762425,0.22481701516932986,0.4215787588490383,0.18755781818732464,0.5437089286539282,0.36128191231497614,0.1212411979377043,0.17337577296174672,0.0,0.13227984777611482,0.0,0.02843528857835206,0.40568160025285166,0.34288650724165065,0.11622037505971576,0.048556994491218475,0.09530456810647397,6.610696135189607e-05,6.610696135189607e-05,0.08129338561951932,0.3235807005045265,0.2689896433374433,0.10938075667891081,0.0,0.08331375740432427,0.09154468527761969,0.0,0.3584859089448296,0.3169407650127818,0.7945289878287285,0.6178216125174107,0.012226984254966513,0.3494807985916861,0.0,0.07316423301895222,0.0012195746234699746,0.01015637303419986,0.005511387192531186,6.610696135189607e-05,0.21210057367846322,0.15693081106129156,0.0062347163985260416,6.610696135189607e-05,0.9854277126347596,0.09516950937372357,0.6091196220168602,0.8964378246642832,0.5443290289716474,0.45883985880432254,0.3728786581377928,0.059819174735027736,0.11864814925109946,0.0,0.0,0.0,0.0,0.0
0.0004531038537848225,0.01623214814005705,0.006576173997916653,0.0010974422366426101,6.610696135189607e-05,6.610696135189607e-05,0.10296125206202078,0.04730333022885296,6.610696135189607e-05,0.9999401732122222,0.0,0.06254167014097085,0.02695071945645547,0.14719501703912802,0.02848824123513859,0.4391801474555958,0.0378481287385673,0.20295467398793043,0.08432965042712028,0.2088508093577882,0.9877755609689651,0.5182266146920423,1.0,0.005686122673980217,0.5047263088342638,0.004091473019708316,0.00010696331036034353,0.01020848111989119,0.9999338930386481,0.092033519331237,0.021978393443778606,0.999938106683182,0.3474868115640201,0.6352163022326276,0.21852744728102347,0.07711284270482982,0.22485315378385243,0.42070685450017237,0.18754677473592885,0.5432099732525119,0.3606991343284227,0.12120262826025029,0.17352646382703324,0.0,0.1324125422211704,0.0,0.02846334432977107,0.40594270358992385,0.3431225192716348,0.11629727942615972,0.04856876142114177,0.09541277855677062,6.610696135189607e-05,6.610696135189607e-05,0.08152322454008014,0.3235131935348277,0.2694199436808177,0.10955718069414823,0.0,0.08331042419227641,0.09254528788943275,0.0,0.35887615228132347,0.31734045894254165,0.7944677213126294,0.6176227268151786,0.012224439031034874,0.34936084308678733,0.0,0.07318905930480057,0.0012195746234699742,0.010140335911993715,0.005501055718649339,6.610696135189607e-05,0.2125021931330466,0.15676269543302696,0.006245437846657723,6.610696135189607e-05,0.9849980962496591,0.09536375408655468,0.6093737018838575,0.8959364378387147,0.5446414049847431,0.4582596163752563,0.37327307780847535,0.060065745727597354,0.11900573274110522,0.0,0.0,0.0,0.0,0.0
0.0004531038537848225,0.016225900099473663,0.006578620799365235,0.0010991223376084433,6.610696135189607e-05,6.610696135189607e-05,0.10302063571158031,0.04730285936547684,6.610696135189607e-05,0.9999401736758116,0.0,0.06230568014469079,0.027545314020407465,0.14685888864313804,0.02894549837817862,0.43881642565885876,0.037710488312267657,0.20278322495117443,0.08442406152267652,0.20889605181648294,0.9877779954234862,0.5182131629774781,1.0,0.005608175270416786,0.5045826506567805,0.004154349994522956,0.00010696331036034353,0.010223209573517284,0.9999338930386481,0.09150890172022659,0.020094708263192086,0.9999372447476224,0.34757604982673435,0.6346040332388369,0.2183471713254187,0.07701735919672918,0.2248828598896811,0.41990157056372324,0.18753583469022855,0.5427363497949175,0.3601312867405234,0.12115726464628158,0.17366326347710187,0.0,0.13253622938391327,0.0,0.02848935610856506,0.40618850369182313,0.3433469704822271,0.11636390190399824,0.04857839213119727,0.09548073083455787,6.610696135189607e-05,6.610696135189607e-05,0.08173959207489839,0.3234495867151224,0.2698465793074963,0.10973073815209544,0.0,0.08331298718216955,0.09346339325782248,0.0,0.35924741185171544,0.31773536770793276,0.7944186738310419,0.6174406847064152,0.012222004576513802,0.3492506076386087,0.0,0.07321282101638181,0.0012195746234699744,0.010123118092322563,0.005491408630626147,6.610696135189607e-05,0.21289117243585037,0.15661091958272746,0.00625751858254246,6.610696135189607e-05,0.9845878058703985,0.09554938745366688,0.609616410377795,0.8954373267828634,0.5449452642850112,0.4576895378002756,0.37364773965091275,0.06030575004109947,0.11935012060036948,0.0,0.0,0.0,0.0,0.0
0.0004531038537848225,0.016220361213334724,0.006580890460084226,0.0011005717315047436,6.610696135189607e-05,6.610696135189607e-05,0.10307514454284507,0.047303634873820666,6.610696135189607e-05,0.9999401747461548,0.0,0.06207594675290999,0.028135048832499863,0.14653292957810474,0.029408114578688305,0.438474766312147,0.03757381795145785,0.2026168478960864,0.08451345222512749,0.20893964565213616,0.987780304002456,0.5182016243226835,1.0,0.005535653909297299,0.5044589519302493,0.004228048938131553,0.00010696331036034353,0.010227073436870206,0.9999338930386481,0.09101533472731134,0.018360546312259536,0.9999363654772914,0.347639119914642,0.6340051953417246,0.2181734478932369,0.07692318513124242,0.2249053560611177,0.4191528149689533,0.18752242988705356,0.5423166789860832,0.3595733726897097,0.12110732484873457,0.17379242696557362,0.0,0.1326460183470073,0.0,0.028513625522721665,0.4063941204843523,0.3435648099248394,0.11642427840657207,0.048571338801545114,0.09562536543365341,6.610696135189607e-05,6.610696135189607e-05,0.08197958445794619,0.32339715674130604,0.27026815768216395,0.10990038997769826,0.0,0.08331887930498486,0.09430687937912222,0.0,0.3595695580922388,0.31812877688798263,0.7943792229261379,0.6172679273822903,0.012219695997544005,0.3491523573303093,0.0,0.07323575976525987,0.0012195746234699746,0.010137860222695617,0.005482299185171837,6.610696135189607e-05,0.21326013817376435,0.15635547070410927,0.006273565757706525,6.610696135189607e-05,0.9840389576597307,0.09572664697611147,0.6098502153761549,0.8949417660362577,0.5452428350557929,0.4571321910732362,0.3740028038007995,0.06053994497022026,0.11968100252622134,0.0,0.0,0.0,0.0,0.0
0.0004531038537848225,0.016215412646449393,0.006582013627575338,0.0011013643067295784,6.610696135189607e-05,6.610696135189607e-05,0.10312305624577428,0.047311177163776724,6.610696135189607e-05,0.999940177849349,0.0,0.06185276789088044,0.028722630437865798,0.14622632572104766,0.02987671089457304,0.4381376251820584,0.03743832143791548,0.2024543363806834,0.0845966730820015,0.20897783550311508,0.9877823628091983,0.5181880610671641,1.0,0.005468666078173622,0.5043465261529367,0.0043079747464066466,0.00010696331036034353,0.010226238314375514,0.9999338930386481,0.09051332532065828,0.016748425224876587,0.9999354253407603,0.3477065952322343,0.6334437593810003,0.21801374041966734,0.07683237307621167,0.22492957385658013,0.4184674008360549,0.18751080364612863,0.5419414132107019,0.35904577489908696,0.12105690279405006,0.17391508656684224,0.0,0.13274740228623275,0.0,0.02853556064376774,0.40661680668999023,0.3437551765625333,0.11647964730429892,0.04856467927922301,0.09577916533311553,6.610696135189607e-05,6.610696135189607e-05,0.08219792419923083,0.3233455671260386,0.2706596686467098,0.11003629303056904,0.0,0.08332634287824749,0.09506907571276013,0.0,0.35985337977240445,0.31849677242278446,0.7943464241239485,0.6171070779300427,0.012217637190801753,0.3490645366466031,0.0,0.07326344796934973,0.0012195746234699742,0.010143548146175282,0.00547385553143831,6.610696135189607e-05,0.21363460693571326,0.1561618364338563,0.006278974518633641,6.610696135189607e-05,0.983495225166538,0.09589657197228996,0.6100971986588831,0.8944449964859226,0.5455177575441247,0.45658681255661193,0.3743515711718129,0.0607668855789782,0.1200031162974452,0.0,0.0,0.0,0.0,0.0
0.0004531038537848225,0.01621049982498173,0.006583084138494199,0.0011019641437756483,6.610696135189607e-05,6.610696135189607e-05,0.10316952775726554,0.04732021321293145,6.610696135189607e-05,0.999940180309389,0.0,0.061635419366623374,0.029307402272600456,0.14593826102783333,0.030350461160767533,0.43781375568819425,0.03730482373343098,0.20229767302238322,0.0846752632954793,0.2090131565782331,0.9877841206543109,0.518171602908397,1.0,0.005407002171918481,0.5042338625147861,0.004396670066291443,0.00010696331036034353,0.010221769051762216,0.9999338930386481,0.09000802717420009,0.015270956297006465,0.9999344248416858,0.34777673749417826,0.632903876445531,0.2178673065941677,0.07674356137386285,0.2249471060837175,0.41783295634107204,0.1875013907571769,0.5415875193999041,0.35853852256904756,0.12099972155162576,0.17402331642465718,0.0,0.13283711634573442,0.0,0.028554968545650237,0.40686217648688916,0.3439377096189919,0.1165301584623247,0.04856126124890637,0.09570570658124644,6.610696135189607e-05,6.610696135189607e-05,0.08239526164617594,0.3232852376633615,0.27103732023685706,0.11015709292671466,0.0,0.08333728852203899,0.0957661185483797,0.0,0.3601213796654482,0.31885231682633985,0.7943250151528949,0.6169635269971098,0.012215879345689185,0.3489912807458685,0.0,0.07329001981677426,0.0012195746234699744,0.010144525592033615,0.0054666866721756165,6.610696135189607e-05,0.21399648281254394,0.15601350013816243,0.0062825136079585195,6.610696135189607e-05,0.9829667797575388,0.09605880331761191,0.6103401811124943,0.8939490363535367,0.5457773443664102,0.4560504639497807,0.3746848535546288,0.06098627720121662,0.12031148758222943,0.0,0.0,0.0,0.0,0.0
0.0004531038537848225,0.01620555399995161,0.0065842902582005855,0.001102505658354047,6.610696135189607e-05,6.610696135189607e-05,0.10321355717663538,0.04732925434443196,6.610696135189607e-05,0.9999401827980887,0.0,0.06142346906184367,0.029888356709099333,0.1456661667618604,0.03082839428644628,0.4375041444621478,0.0371738125236136,0.20214760482506872,0.08475072550626196,0.20904885743330778,0.9877855918944486,0.518154871684476,1.0,0.005350775298559927,0.5041171009626519,0.004494259486651689,0.00010696331036034353,0.010213992817390964,0.9999338930386481,0.08953190404462565,0.013892039709197697,0.9999333579214839,0.3478317608537727,0.6323820597648424,0.21773359413136809,0.07665688004557565,0.2249571091538299,0.4172484786861976,0.18749679251899604,0.5412503878425522,0.3580509712600642,0.12093417230867438,0.1741155894002281,0.0,0.13291596242202003,0.0,0.028572685905422356,0.407081473567841,0.34410871745406546,0.11657352064607426,0.04856028044359891,0.09566007349887251,6.610696135189607e-05,6.610696135189607e-05,0.08257438759716766,0.323229703885785,0.27140546026748846,0.1102677458516792,0.0,0.08335234698371843,0.09639918993891707,0.0,0.3603777096105503,0.3191975027933743,0.7943151021850636,0.6168355531664642,0.012214408105551397,0.3489291658935039,0.0,0.07331481957636936,0.0012195746234699746,0.010142496672691905,0.005460519010323588,6.610696135189607e-05,0.21434160484944714,0.15589817648615784,0.006286532308755147,6.610696135189607e-05,0.9824614158968709,0.09621247996766924,0.610575190955109,0.893454763245325,0.5460243771005913,0.4555239370884391,0.37499906301885616,0.06119809002328391,0.12060392112149293,0.0,0.0,0.0,0.0,0.0
0.0004531038537848225,0.016201012109546636,0.006585342729844569,0.001103012266550539,6.610696135189607e-05,6.610696135189607e-05,0.10325140142969523,0.04733897636719982,6.610696135189607e-05,0.9999401853460029,0.0,0.06121648140902514,0.03046474893531368,0.14540718421398072,0.031309507676010824,0.43720932494246567,0.03704457755442091,0.20200123186296792,0.08482197450833688,0.20908254731726614,0.9877868669086248,0.518136985192198,1.0,0.005299817329953262,0.5040054133270893,0.004589128823691285,0.00010696331036034353,0.010203423469402447,0.9999338930386481,0.08905824839933996,0.01264406351474808,0.9999655732007156,0.34789688761085785,0.6318981375621133,0.21761588641473656,0.07657284437869485,0.22496758625479,0.41671015740027684,0.18749822151894044,0.5409378825190286,0.3576004020479132,0.12086552028754508,0.17419708433828035,0.0,0.13298894883525614,0.0,0.028588601215192216,0.407286213603704,0.3442574352209034,0.11661259435838622,0.048561775056165615,0.09557401712211747,6.610696135189607e-05,6.610696135189607e-05,0.08273340432786502,0.32317905110771106,0.27174824127935615,0.11036974202227738,0.0,0.0833666961276684,0.09697662163526885,0.0,0.3606170630603448,0.31952085560836513,0.794312505204118,0.6167203683444535,0.012213133091375181,0.34887406597254583,0.0,0.07333822889239593,0.0012195746234699742,0.01013779458349215,0.005455047633509582,6.610696135189607e-05,0.21466607448785158,0.15580542543268544,0.006292141772799147,6.610696135189607e-05,0.9819905492675174,0.09635362115853047,0.6107978901539609,0.8929624066859915,0.5462585334035609,0.4550037132884435,0.375292453538594,0.06140047686620563,0.12087751048075375,0.0,0.0,0.0,0.0,0.0
0.0004531038537848225,0.016196667912134716,0.006586385349699028,0.0011034811255454682,6.610696135189607e-05,6.610696135189607e-05,0.10328876634647055,0.04734810572373695,6.610696135189607e-05,0.9999401874661809,0.0,0.0610144977567038,0.03103593060776275,0.14516043209679655,0.031793093177793476,0.43693105873830484,0.03691757052355737,0.20186153566404325,0.08488902622502252,0.20911426355364762,0.9877880092061688,0.5181190740270712,1.0,0.005254016150460525,0.503893230508893,0.004717506922220194,0.00010696331036034353,0.01019030387448751,0.9999338930386481,0.08854177856561392,0.011473075213332342,0.9999643436583587,0.347963289272706,0.6314380797954395,0.2175091883905056,0.07649109378439417,0.22497349982060805,0.4162159737720107,0.18750422666541458,0.540640636557502,0.35717598516145244,0.1207920716510096,0.17426612489154858,0.0,0.133054805439473,0.0,0.02860453003009005,0.40747772786050246,0.3443962054708198,0.11664433198307433,0.04856473057650672,0.09544710323833946,6.610696135189607e-05,6.610696135189607e-05,0.08287409975696589,0.3231309706739048,0.27207879663916096,0.1104671615643696,0.0,0.08338398712599597,0.09750089300895974,0.0,0.36084879654767854,0.31983068373973056,0.7943189021239679,0.6166196115548038,0.012211990793831135,0.3488261205334558,0.0,0.07335915180765801,0.0012195746234699744,0.010132767945678139,0.005450014877926642,6.610696135189607e-05,0.21496669958906095,0.155730712671082,0.0062990464299382855,6.610696135189607e-05,0.9815495492570866,0.09648312356539955,0.611009152288421,0.8924729756078431,0.5464820809565994,0.45449004004123605,0.3755647145962806,0.06159299637126202,0.1211317954347738,0.0,0.0,0.0,0.0,0.0
0.0004531038537848225,0.016192537858781962,0.006587170399551366,0.0011039315866551308,6.610696135189607e-05,6.610696135189607e-05,0.10332477087369857,0.0473582438428893,6.610696135189607e-05,0.999940189408114,0.0,0.06081741243087302,0.0316014048749486,0.14492535811569715,0.032278624912671264,0.43666761862263986,0.036793780973401295,0.2017298359728045,0.08495255972627655,0.20914476922260214,0.9877891110483737,0.5181016768962561,1.0,0.0052130032445262845,0.5037745443232433,0.004845217042034619,0.00010696331036034353,0.010174488088798587,0.9999338930386481,0.08804307161819412,0.010398478791089922,0.999963062871811,0.34803292236906774,0.6310062436191974,0.21741466687879032,0.07641111006784991,0.22497685465119588,0.41575855509077514,0.18751591256277853,0.5403615600170544,0.3567815501669069,0.12071497158218503,0.17432536662319797,0.0,0.13311536026295692,0.0,0.028616518756124774,0.4076652464211809,0.34451905963510654,0.1166724873146248,0.048569792218699594,0.09526151922191319,6.610696135189607e-05,6.610696135189607e-05,0.08299897495696784,0.32308604686307874,0.2723926267955077,0.11055837056453631,0.0,0.08340122752332811,0.09797901728478235,0.0,0.36106889665141284,0.32012226389627446,0.7943324686915385,0.6165298641542,0.012210888951626224,0.348782962840787,0.0,0.07337740851387597,0.0012195746234699746,0.01012786662906151,0.005445404174973356,6.610696135189607e-05,0.21524241807954525,0.15566747359736574,0.006307172454142737,6.610696135189607e-05,0.9811357791535597,0.09660112958529485,0.6112095501258004,0.8919874850572015,0.5466965597097789,0.4539838027117713,0.37581646881458164,0.061775762358131536,0.12136634996401408,0.0,0.0,0.0,0.0,0.0
0.0004531038537848225,0.016188584308866168,0.006587877744736196,0.001104359149560282,6.610696135189607e-05,6.610696135189607e-05,0.10335899516851872,0.04736859985935136,6.610696135189607e-05,0.999940191198321,0.0,0.06062490722338527,0.032160711273144155,0.14470065822816322,0.03276528209514768,0.4364171873021932,0.036672977027330605,0.20160563053356556,0.08501267469606276,0.20917368768052638,0.9877901671910962,0.5180843218715797,1.0,0.005176663832738103,0.5036499531976569,0.004974286971261855,0.00010696331036034353,0.010189362304478321,0.9999338930386481,0.087560087896681,0.009407506835535566,0.9999616742317694,0.34807342275604464,0.630602408398262,0.21733137684978968,0.07633367755503565,0.22497917897245276,0.4153373295828419,0.18753310197214687,0.5400984394177137,0.35641659857409363,0.12063426299493571,0.17437443365681118,0.0,0.1331708594486573,0.0,0.02862659069506022,0.40784528037713796,0.34462850156436187,0.11669609193732014,0.04857670191464506,0.09504015127045276,6.610696135189607e-05,6.610696135189607e-05,0.08310820059049194,0.3230439047580276,0.27268955973753106,0.11064256760755743,0.0,0.08341932088467598,0.09841439732789357,0.0,0.36128032826656914,0.32039563378161523,0.7943530623090016,0.6164518786626625,0.01220983280890377,0.3487448186797631,0.0,0.07339415172101628,0.0012195746234699742,0.010123339379725997,0.005441187676888753,6.610696135189607e-05,0.21549582215917656,0.15561694082650424,0.006315519326923166,6.610696135189607e-05,0.980749046247578,0.09670803186420697,0.6114011483192676,0.8915056111718201,0.546900841914708,0.4534829909941168,0.3760497107256599,0.06194825528838652,0.1215821371107255,0.0,0.0,0.0,0.0,0.0
0.0004531038537848225,0.01618533631096316,0.006588524791284111,0.001104764744610076,6.610696135189607e-05,6.610696135189607e-05,0.10338906054317983,0.04737871890313956,6.610696135189607e-05,0.9999401928692242,0.0,0.06043741348239185,0.03271390675053048,0.14448729424547804,0.033252829177768846,0.4361828333451579,0.036555369944978065,0.20148946959445552,0.08506952265770006,0.20920211937696728,0.9877911911590503,0.5180697936553625,1.0,0.005144804560690827,0.5035381964917268,0.0051064088893032055,0.00010696331036034353,0.010163038831104185,0.9999338930386481,0.0870865550471895,0.008514536676656718,0.9999602654901563,0.3481424297389985,0.6302262523763729,0.21725677764547124,0.07625852242276066,0.22498124396369126,0.4149452273401555,0.18755157153368326,0.5398853431502257,0.3560739231998558,0.12055272575414505,0.17442031487390275,0.0,0.1332155889547644,0.0,0.02863531093243539,0.4080190662781843,0.34473955002773254,0.11672015665888293,0.04856809315183724,0.09476354846090357,6.610696135189607e-05,6.610696135189607e-05,0.08324779535539749,0.3230010238974041,0.27296981961015526,0.11071950833741889,0.0,0.08343616507761183,0.09881321384628004,0.0,0.3614485558822532,0.3206567008091423,0.7943777515881549,0.6163775657491299,0.012208808840949676,0.3487146173898732,0.0,0.07341017249466002,0.0012195746234699744,0.010119135105740527,0.005437371961713372,6.610696135189607e-05,0.21572928471363773,0.15557571709105386,0.006323549954479907,6.610696135189607e-05,0.9803949455070167,0.09680392801347186,0.611586300534718,0.8910275708267089,0.5470952967132189,0.4529887296357956,0.3762655951211588,0.062110731022543005,0.12177990639654629,0.0,0.0,0.0,0.0,0.0
0.0004531038537848225,0.01618183349561169,0.006588949505593883,0.0011051541725798108,6.610696135189607e-05,6.610696135189607e-05,0.10341666496708979,0.047389661386191675,6.610696135189607e-05,0.9999401945132969,0.0,0.06025431092328034,0.03326067752321647,0.1442838227555097,0.03374052395014278,0.43596104236446187,0.03644094788978131,0.20138091127549276,0.08512302461845445,0.20922790530247706,0.9877920053595017,0.5180540219167123,1.0,0.00508350744790834,0.5033970955353491,0.005234762507904517,0.00010696331036034353,0.010172189540941711,0.9999338930386481,0.08663255609225748,0.007713927938788698,0.9999587284519131,0.3482238653341722,0.6298762349781639,0.21719331285803814,0.07618609489721972,0.2249821165522574,0.4145883877093872,0.18757633390099285,0.5396687207076065,0.3557608537447587,0.12046819222650844,0.17445478600390701,0.0,0.13325789392726511,0.0,0.02864263716991802,0.4081838477328156,0.34482974554870216,0.11673652486567435,0.04857551981918186,0.094490792962745,6.610696135189607e-05,6.610696135189607e-05,0.08333665681964848,0.3229629677939152,0.27323516113314344,0.11079012211411787,0.0,0.08345524069533745,0.09917222094940319,0.0,0.361627915615139,0.3208993839997396,0.7944087831550372,0.616317308693616,0.01220799464049832,0.34868808415602254,0.0,0.07342348847340788,0.0012195746234699746,0.010114879334997905,0.005433944285123821,6.610696135189607e-05,0.2159375268482498,0.15554616415369493,0.006331621392369365,6.610696135189607e-05,0.9800696610024885,0.09688860388869265,0.6117622541045638,0.8905532275795638,0.5472788199968954,0.4524988673910669,0.3764626237345453,0.06226241578747314,0.12195885098000896,0.0,0.0,0.0,0.0,0.0
0.0004531038537848225,0.016178506152123042,0.0065893965767467215,0.0011055254456571082,6.610696135189607e-05,6.610696135189607e-05,0.10344315545381876,0.04740047294623018,6.610696135189607e-05,0.9999401958847376,0.0,0.06007509143782273,0.03380064656026993,0.14408896917199113,0.034227344653384756,0.43575020612604537,0.03632889397446083,0.201278808724636,0.08517309762752476,0.20925114443153503,0.9877927805452779,0.5180374843433067,1.0,0.005024998740641494,0.5032457794260847,0.005371186906253127,0.00010696331036034353,0.010173523285417785,0.9999338930386481,0.08617722466795821,0.006952897534240441,0.9999570859823457,0.3483041576564629,0.6295063347635006,0.21711998353675357,0.07610696685090419,0.22497944502680603,0.41426083059116914,0.18757153747832236,0.5394724149746859,0.3554274248282678,0.1203823263977658,0.17448970544187561,0.0,0.13329910646171295,0.0,0.028658426880334605,0.408343672362482,0.34491655008417216,0.11675175651504106,0.04856995325829316,0.09449736907270614,6.610696135189607e-05,6.610696135189607e-05,0.08344979277616062,0.3229222071837286,0.2734981850710101,0.11085370898904616,0.0,0.08346997844503044,0.09949332316963874,0.0,0.3617779702078104,0.32113612868029245,0.7944445759747094,0.6162591501265894,0.012207219454722093,0.34866340919498046,0.0,0.07345385968300759,0.0012195746234699742,0.010109991595594071,0.005430152263689042,6.610696135189607e-05,0.21621146497932073,0.15544567766600006,0.006338802324210022,6.610696135189607e-05,0.9797299848828648,0.09699548016548942,0.6119512160363776,0.8900923865888258,0.5474616073561724,0.45201850158580736,0.37667825639563235,0.062420720843042905,0.12215763776680376,0.0,0.0,0.0,0.0,0.0
0.0004531038537848225,0.016175350249734183,0.006589778289017655,0.0011058901151382555,6.610696135189607e-05,6.610696135189607e-05,0.10346832005477637,0.04741206122039992,6.610696135189607e-05,0.9999401970534518,0.0,0.0599015527607636,0.03433630762385828,0.14390767012161884,0.03471398597004315,0.43555937703876696,0.03621782458516237,0.20117900710240288,0.08521931434317367,0.20927083078094022,0.9877935264866641,0.5180185306001731,1.0,0.004990435634931523,0.5030974461620011,0.005514820983020414,0.00010696331036034353,0.010171655520850129,0.9999338930386481,0.08571940776411525,0.006258463012345786,0.9999558097828016,0.3483554564678863,0.6291345504051309,0.21704954937878476,0.07602806880652326,0.2249803657690791,0.413960469135973,0.18755605897086944,0.539288572992592,0.3550909239380042,0.1202952412723697,0.1745236295398031,0.0,0.1333406033920298,0.0,0.028674006974119714,0.4084966906321037,0.3449966327043742,0.11676530013270169,0.048564483818942815,0.09452351500261727,6.610696135189607e-05,6.610696135189607e-05,0.08355908374158087,0.3228833096140916,0.2737582544308507,0.1109166088914265,0.0,0.08348358711293116,0.09979040952429723,0.0,0.3619146067640369,0.32137010426700885,0.7944854443844566,0.6162055396792567,0.012206473513335973,0.34864086600779715,0.0,0.07348531461859294,0.0012195746234699744,0.010105671425395162,0.005426550887942415,6.610696135189607e-05,0.21649530146251547,0.15533378491611147,0.006346192358627157,6.610696135189607e-05,0.9793789700893558,0.09710719516401844,0.6121322889690252,0.8896356235696185,0.5476283769963709,0.4515351353696867,0.3768845639903637,0.06257899565820875,0.12235996469258419,0.0,0.0,0.0,0.0,0.0
0.0004531038537848225,0.01617267513950897,0.006590059372849486,0.0011062426629423422,6.610696135189607e-05,6.610696135189607e-05,0.10349165289464786,0.04742379823056482,6.610696135189607e-05,0.9999401981389714,0.0,0.05973418934579641,0.03486773421761065,0.14374072234555432,0.03520064825607502,0.43538655439355267,0.03610763946460119,0.2010801237209708,0.08526234824613912,0.20928857158590564,0.9877942984817455,0.5179997824359368,1.0,0.004955169723454839,0.5029601159115844,0.005665024373314934,0.00010696331036034353,0.010167921866001427,0.9999338930386481,0.085292938025151,0.005624103196539434,0.9999602874300186,0.3483877614505461,0.6287982698803958,0.21699606437706717,0.07595627466460676,0.224985089349575,0.4136869913174486,0.18755729630544027,0.5391292296314985,0.3547871673831415,0.12020847419043643,0.17455369108569618,0.0,0.13337781138778906,0.0,0.028682483394050603,0.40864478993810666,0.34507261168452574,0.11677633604869284,0.048559997888884744,0.09432137312074908,6.610696135189607e-05,6.610696135189607e-05,0.08365792029757874,0.32284795269142597,0.27400437322799737,0.11097719884665551,0.0,0.08349900999605417,0.10006394307973183,0.0,0.3620389775443593,0.321595493888197,0.7945291775634244,0.6161577373283983,0.012205701518254487,0.3486224061762741,0.0,0.07350560351424848,0.0012195746234699746,0.01010248460737406,0.005423637133595093,6.610696135189607e-05,0.2167225358868876,0.15528169153871949,0.00635373588491488,6.610696135189607e-05,0.9790470554434463,0.09719735689160697,0.612292547430481,0.8891759911177826,0.5477751783088165,0.4510484173467446,0.377056149301007,0.06272415335954112,0.12253721500769066,0.0,0.0,0.0,0.0,0.0
0.0004531038537848225,0.016170214086209462,0.006590161745844305,0.0011065838059160034,6.610696135189607e-05,6.610696135189607e-05,0.10350918191893105,0.047436269475476044,6.610696135189607e-05,0.999940199574026,0.0,0.05957169138439167,0.03539313196404926,0.14358351938010744,0.03568641400973039,0.43522253268873407,0.03599887610534059,0.20098226223580473,0.08530272586174771,0.2093049774826479,0.987795032826536,0.5179817799388016,1.0,0.004919962240131128,0.5028269723394713,0.005817691710982235,0.00010696331036034353,0.010162958627200833,0.9999338930386481,0.08485741443072849,0.005075331331760899,0.9926441898221519,0.34843007282814237,0.6284998773726139,0.2169519332356387,0.07588625548007304,0.22499256998521175,0.413433315642109,0.18756270781374673,0.5389924277300894,0.35451734702015614,0.12012413068952402,0.17458094132513113,0.0,0.13341310836210415,0.0,0.02869109427391614,0.40878783282576797,0.34513189333240774,0.11678706214718057,0.048557576848920286,0.09412043886104882,6.610696135189607e-05,6.610696135189607e-05,0.08374375904826963,0.3228149919556438,0.2742222090191074,0.11102822342372222,0.0,0.08350974110381366,0.10031047006678563,0.0,0.36214691266223525,0.3217984493107071,0.7945731434487282,0.6161140811922211,0.012204967173463954,0.34860511169909425,0.0,0.073526979542016,0.0012195746234699742,0.010099034592752873,0.005421059149973784,6.610696135189607e-05,0.21693550972152567,0.1552383699044618,0.006361206064989838,6.610696135189607e-05,0.9787354740055438,0.09727791360827866,0.6124481519562475,0.8887206125558778,0.5479141695308671,0.4505698002813751,0.37721475949751926,0.06286178350233487,0.12270194143333212,0.0,0.0,0.0,0.0,0.0
