0_primarytoI_spread,0_primarytoII_spread,0_primarytoIII_spread,0_primarytoIV_spread,0_primarytoV_spread,0_ItoII_spread,0_IItoIII_spread,0_IIItoIV_spread,0_IVtoV_spread,0_late_p,0_C01_coef,0_C02_coef,0_C03_coef,0_C04_coef,0_C05_coef,0_C06_coef,0_C09_coef,0_C10_coef,0_C12_coef,0_C13_coef,0_C32.0_coef,0_C32.1_coef,0_C32.2_coef,1_primarytoI_spread,1_primarytoII_spread,1_primarytoIII_spread,1_primarytoIV_spread,1_primarytoV_spread,1_ItoII_spread,1_IItoIII_spread,1_IIItoIV_spread,1_IVtoV_spread,1_late_p,1_C01_coef,1_C02_coef,1_C03_coef,1_C04_coef,1_C05_coef,1_C06_coef,1_C09_coef,1_C10_coef,1_C12_coef,1_C13_coef,1_C32.0_coef,1_C32.1_coef,1_C32.2_coef,2_primarytoI_spread,2_primarytoII_spread,2_primarytoIII_spread,2_primarytoIV_spread,2_primarytoV_spread,2_ItoII_spread,2_IItoIII_spread,2_IIItoIV_spread,2_IVtoV_spread,2_late_p,2_C01_coef,2_C02_coef,2_C03_coef,2_C04_coef,2_C05_coef,2_C06_coef,2_C09_coef,2_C10_coef,2_C12_coef,2_C13_coef,2_C32.0_coef,2_C32.1_coef,2_C32.2_coef,3_primarytoI_spread,3_primarytoII_spread,3_primarytoIII_spread,3_primarytoIV_spread,3_primarytoV_spread,3_ItoII_spread,3_IItoIII_spread,3_IIItoIV_spread,3_IVtoV_spread,3_late_p,3_C01_coef,3_C02_coef,3_C03_coef,3_C04_coef,3_C05_coef,3_C06_coef,3_C09_coef,3_C10_coef,3_C12_coef,3_C13_coef,3_C32.0_coef,3_C32.1_coef,3_C32.2_coef
0.0002064036055399,0.0175713364366845,0.0049916654068137,0.000926536644879,6.610696135189607e-05,6.610696135189607e-05,0.1428132646326737,0.0265412967396582,6.610696135189607e-05,0.9999372458761832,0.0,0.1599955418255731,0.0003430036327744,0.1307812781849878,0.0089100014433276,0.2895730896701437,0.0740372033708727,0.1878290816453437,0.1021098825197702,0.1778943782460072,0.9858742004498646,0.4761270578583069,1.0,0.0323164762883355,0.5352989603016167,0.0057053987840664,0.0022164478369987,0.0166499542890177,0.999933893038648,0.1667399871204791,0.2571394693485856,0.3042845081143296,0.3957265769554678,0.7629120540784773,0.2860893619139116,0.0548960989553,0.1584679092093436,0.4460575882291553,0.1378235316426379,0.7076026556550281,0.470343819454781,0.0195340697649563,0.0690300774016507,0.0,0.1201964905560499,0.0,0.0149284684451839,0.3351391089445794,0.2581744557840268,0.0751965234769756,0.0315137868026421,6.610696135189607e-05,6.610696135189607e-05,6.610696135189607e-05,0.0568179830560037,0.3738778798219803,0.2166285574868939,0.0944180993000866,0.0,0.0435850814842003,0.023399842449862,0.0,0.1775545494675418,0.2717651838517317,0.8783560477152733,0.753075544352342,0.0141256718385896,0.4036764515856431,0.0,0.082479141759443,0.0007331374358574,0.0162741682533196,0.0070041609934487,6.610696135189607e-05,0.2206486240209343,0.1317095102102511,0.0093515747403533,6.610696135189607e-05,0.6867190507487642,0.0204593884346287,0.4594969969604285,0.9447608974119256,0.6671657311214683,0.521632567877655,0.5726033786872183,0.0408055915065573,0.0700619150481435,0.0,0.0,1.2771154569363453e-07,0.0,0.0
6.610696135189607e-05,0.019330720521970737,0.005518730391856587,0.0003929089361596186,6.610696135189607e-05,0.01834360550662639,0.16654336748560375,0.033814136625341495,6.610696135189607e-05,0.9999336329729879,0.0,0.15966277317553346,0.00031744982687817376,0.12640516609461158,0.008767903532707236,0.27815561273210093,0.08347086982921338,0.16229371032104725,0.1091506489216077,0.1885801664184685,0.9834736025713123,0.4713124337059769,1.0,0.028605548000816345,0.5400787777829749,0.005248641624792125,0.001668033195265047,0.015258860297687702,0.9999338930386481,0.16167268315559763,0.27290852152640216,0.28763912317028506,0.4075421329363311,0.769657907021471,0.3028945581888969,0.03405038719466647,0.16148474444757294,0.4661508897435833,0.16089619792291135,0.7004127925020277,0.49085221795387285,0.017393987322681447,0.06810824378324047,0.0,0.12729805545583145,0.0,0.017106075637060774,0.3568323340818536,0.26797819526946415,0.07614982743807903,0.023339428891033475,6.610696135189607e-05,6.610696135189607e-05,6.610696135189607e-05,0.0793918740334875,0.369453707120786,0.2121690898878725,0.07481088750346976,0.0,0.06468509267329701,0.018207755895895163,0.0,0.17578841909397191,0.2872742524590937,0.8734553637557109,0.743311589798291,0.016526314584343595,0.4013895108381917,0.0,0.09591077228461489,0.0009274203786083666,0.023280114840021023,0.004670323261394452,6.610696135189607e-05,0.21547594428421174,0.1236663822285869,0.03022864911728636,6.610696135189607e-05,0.5863552564784335,0.018173003090656552,0.46263178113209996,0.9656321629784553,0.6474249967845186,0.5068734508278142,0.5609481893449878,0.04032791857478707,0.059579819265986184,0.0,0.0,8.284434410014889e-08,0.0,0.0
6.610696135189607e-05,0.019281902107378974,0.0056709889514137135,0.00020640360553998612,6.610696135189607e-05,0.05819080679000984,0.17946588402228256,0.036928246276042305,6.610696135189607e-05,0.9999333384264208,0.0,0.1625925390659665,0.0003015810505502766,0.12506955054634045,0.008982807533898195,0.26886190409157473,0.09317601016248252,0.15280629602153198,0.11741353728502775,0.2003543514364789,0.9826131067266589,0.47441727485740515,1.0,0.027272604751061146,0.5345562283443087,0.004687568491149768,0.0014407400380850107,0.015737163124091683,0.9999338930386481,0.15614991461273267,0.27659203106516767,0.27102962888401116,0.41659742924277726,0.7679807283144667,0.31181646412636643,0.027512058201218235,0.15127379358688606,0.4741897222547449,0.17130088923482625,0.6935557133804315,0.4956004570276615,0.015201938886602765,0.06662127804110551,0.0,0.13130841642897584,0.0,0.01815243456602553,0.36197768284333437,0.2707258566804166,0.07690098071756554,0.02262484799651125,6.610696135189607e-05,6.610696135189607e-05,6.610696135189607e-05,0.08394890869568263,0.3666503906144449,0.2151965646104033,0.06092654105478599,0.0,0.08066134168704911,0.014900613027651128,0.0,0.17403640869229786,0.2951406824952119,0.8673845238283695,0.7330243705224156,0.017386840039652813,0.39427430871361907,0.0,0.09796319285179864,0.0010409478483682782,0.0248147193730721,0.004551315911013089,6.610696135189607e-05,0.2171247591375826,0.12145006128242855,0.030952304864444335,6.610696135189607e-05,0.5651106175766614,0.016822707075129836,0.4646644557528811,0.9721863607482315,0.6429953141797243,0.5019268571837058,0.559837206673599,0.03923186776478811,0.056452564455594635,0.0,0.0,5.323368832500279e-08,0.0,0.0
6.610696135189607e-05,0.019188878781900735,0.005766740749555618,0.00010696331036034353,6.610696135189607e-05,0.12614912741995954,0.18794096246794012,0.03813960807430925,6.610696135189607e-05,0.9999665219982702,0.0,0.16471388129338743,0.0002890673058207314,0.12414753094377733,0.00923378941467422,0.2601593732950853,0.1008804891660261,0.1479127073845202,0.12377740511875655,0.2085366050784269,0.9821031859043342,0.47580104327425554,1.0,0.026819559202411063,0.5340732563147962,0.004200996095485648,0.0013626769915222217,0.015872414786335207,0.9999338930386481,0.1535172392820719,0.27825114044356225,0.2633834086032506,0.4206844348857539,0.7636433258086053,0.3189731950919582,0.025310620814090534,0.14093832644573429,0.4785163789992822,0.17806077350806435,0.6883562485672999,0.4961337740718417,0.013281374726623397,0.06569659658031714,0.0,0.13551771765875592,0.0,0.018771589064989953,0.3667049430116652,0.2742648127101603,0.07780174587476409,0.022434762983927506,6.610696135189607e-05,6.610696135189607e-05,6.610696135189607e-05,0.08682025795422821,0.3635340216846496,0.22075612299685657,0.05088087305288416,0.0,0.0947590747159579,0.012412642905201596,0.0,0.1733293073639704,0.3006527713643443,0.86294122015462,0.725766798341256,0.01789677993343804,0.38868123906698854,0.0,0.09902548942340011,0.0011529079541538448,0.025028759519158304,0.004735451793583384,6.610696135189607e-05,0.21918868965819766,0.12354813263452483,0.029511684023945464,6.610696135189607e-05,0.5550256386563072,0.015600551194538128,0.46543205056177017,0.9744003118800887,0.6401550678945306,0.499837188680842,0.5617798531968503,0.03743395490270357,0.05530074717929382,0.0,0.0,3.4162227753946284e-08,0.0,0.0
6.610696135189607e-05,0.019114771234046823,0.00586162029032753,6.610696135189607e-05,6.610696135189607e-05,0.24872997014069392,0.1933135421489407,0.03849089355086914,6.610696135189607e-05,0.9999662840864499,0.0,0.1663313305299851,0.0002772443392823941,0.12354440603350979,0.00950166237057396,0.25236488813995234,0.10726958139811979,0.14545651820019423,0.12865842829373877,0.21436313886752284,0.9817445372191794,0.4764252918505585,1.0,0.026513029164638387,0.5342636325869179,0.0037878723716561805,0.0013294065180147398,0.01585880069699984,0.9999338930386481,0.15093981298781303,0.27800824752527514,0.2583109548516929,0.4241509590663043,0.7585674842460478,0.32433542227708867,0.024351678077394433,0.13171496712655573,0.48063050956406356,0.182507874609765,0.6838842820683838,0.49486277512315174,0.011629208454085108,0.0652098188787701,0.0,0.13971770478793827,0.0,0.01923024421171883,0.3708688098774008,0.2778072952778546,0.07859636916845769,0.02253663613775325,6.610696135189607e-05,6.610696135189607e-05,6.610696135189607e-05,0.08834341338467215,0.36053484917073353,0.22694861598802618,0.04308569232431316,0.0,0.10710800486800569,0.010373356679644468,0.0,0.17336759132164437,0.3046771820441538,0.8597123632521761,0.720427042253707,0.018255440898822566,0.38385700336150325,0.0,0.10014620959591436,0.0012946794653968103,0.025020367887060416,0.004991665403013485,6.610696135189607e-05,0.22163889074093374,0.12650986379758425,0.02822492575581226,6.610696135189607e-05,0.5459354442927642,0.014483899765925986,0.46624755486861297,0.9753710775833232,0.6376326219719288,0.499494471385718,0.5651272372502827,0.035478545211852015,0.055003524632500224,0.0,0.0,2.1881998052523103e-08,0.0,0.0
6.610696135189607e-05,0.019014822734347535,0.005926425190020913,6.610696135189607e-05,6.610696135189607e-05,0.5201787136354965,0.19684143290912287,0.0384639964747227,6.610696135189607e-05,0.9999663184360651,0.0,0.16769079649689422,0.0002653187495866977,0.12328461705031633,0.009780670033801644,0.24547274229713645,0.11262226536187515,0.1443489998180095,0.1324139410711491,0.21864927768044104,0.9815149166236283,0.47687485978951355,1.0,0.026293070794519636,0.5347411433302975,0.003448106815789775,0.0013265674422044053,0.015773478252594657,0.9999338930386481,0.1485058253598813,0.27718830458976,0.2551544401338621,0.4271856961901515,0.7532939320600345,0.32837799396684814,0.023720556879682834,0.12374963154795712,0.48171231512647295,0.18526098335247457,0.6797302136269899,0.49275714286971584,0.010206790977533521,0.06506002073417258,0.0,0.14373681629607293,0.0,0.019593643195340817,0.3746307472358578,0.281270039652155,0.07933420077386623,0.0227368143837909,6.610696135189607e-05,6.610696135189607e-05,6.610696135189607e-05,0.0893669170695633,0.35774748819412383,0.23326567748744248,0.03683574379428607,0.0,0.11759653932347336,0.0086787391595983,0.0,0.17409960439811312,0.3077812287009509,0.8573792679513174,0.7162907015853863,0.018485069392757403,0.3793883239144136,0.0,0.10118438795440868,0.001425405524065231,0.024950452621812013,0.005227502962426587,6.610696135189607e-05,0.22418537822832485,0.12974009262237932,0.027457873355632444,6.610696135189607e-05,0.53795407148016,0.013440390452523114,0.4670954657419716,0.9760141243707304,0.6353692120782531,0.4998282756801271,0.569266274350389,0.03354791661302182,0.05511262861132377,0.0,0.0,1.398361431652365e-08,0.0,0.0
6.610696135189607e-05,0.018952856516517062,0.005979372914159999,6.610696135189607e-05,6.610696135189607e-05,0.9999499242719541,0.19918703680223063,0.03834725969846195,6.610696135189607e-05,0.9999663355857411,0.0,0.1688977221848649,0.0002533325252435712,0.12331314714483373,0.010069437492025346,0.23937272638320042,0.1171508283264144,0.14396188629736978,0.1353303618637055,0.2218703259191497,0.9813913909679812,0.47723655800093123,1.0,0.026104645095348447,0.5352995854853242,0.003157179190951287,0.0013436599928037035,0.015657245605396566,0.9999338930386481,0.14619982556374506,0.2760751976464099,0.25310765894130194,0.4299571086174702,0.7481097741165306,0.3315298062608462,0.023233949131988053,0.11704989882346759,0.48231879952169343,0.18690936340408543,0.6757544890229361,0.4903642621977699,0.008981433043613147,0.06518113936417241,0.0,0.14752528137781679,0.0,0.019948906743397086,0.37803888333669655,0.2846066654738757,0.07997850735768026,0.022980610857902005,6.610696135189607e-05,6.610696135189607e-05,6.610696135189607e-05,0.09008091580577852,0.3551940839411917,0.23942835650430325,0.03172256920263619,0.0,0.12628191497122818,0.007271866346017417,0.0,0.17536303223216318,0.31027281306454385,0.8556882050926813,0.7129485347166779,0.01860860903201878,0.375238160621252,0.0,0.10213407123792081,0.0015815126676597452,0.02487697475505593,0.00539291123529441,6.610696135189607e-05,0.2265236984615573,0.13291362532131992,0.027309514016304038,6.610696135189607e-05,0.5310705817190279,0.01246186937916624,0.4678499023516528,0.9765127183427684,0.6333550390604706,0.5003398966402638,0.5737179102127141,0.03173165041848628,0.05540103844031656,0.0,0.0,0.0,0.0,0.0
6.610696135189607e-05,0.018913363645147487,0.006026299850635461,6.610696135189607e-05,6.610696135189607e-05,0.999943295927995,0.20086566351823212,0.03822219338665358,6.610696135189607e-05,0.9999663506417087,0.0,0.17000119594396362,0.00024134049442495174,0.123607570566326,0.010367716745295167,0.2339716103576958,0.120998621888684,0.14399295985124297,0.13765852559681108,0.2244183983853245,0.981330640846345,0.47764294433847104,1.0,0.02588381773827398,0.5357534465935696,0.0028842561554698097,0.001376906350014234,0.015524974615692742,0.9999338930386481,0.1440557330785229,0.27481759976990167,0.2516981305440111,0.4325743284503212,0.7431081922060551,0.33398235995594655,0.022749006869679705,0.11145864128505872,0.48263547057498923,0.18772957245944136,0.6718923156943954,0.487924885324125,0.007923729184404236,0.06551738225337314,0.0,0.1510046036848103,0.0,0.02029334610773423,0.3811294868592193,0.2877188507819283,0.08057749897751272,0.02324054085079043,6.610696135189607e-05,6.610696135189607e-05,6.610696135189607e-05,0.09056016696608243,0.3528664226477043,0.24534992548815887,0.027486091675312425,0.0,0.13329167716338283,0.006111999398952963,0.0,0.17703719711014307,0.3123249637700812,0.8544177452187847,0.7100642193613024,0.01866935915365496,0.3713524519767187,0.0,0.10297507759622618,0.0017411898210735136,0.024812477205568235,0.005522599584012706,6.610696135189607e-05,0.22872826457619588,0.13578903188534283,0.027586627885952054,6.610696135189607e-05,0.5251960695978946,0.011541882305786072,0.4685303524247774,0.9770096526358953,0.6316421109852325,0.5008848132807626,0.5782988171828628,0.030071865306777516,0.05575719105455088,0.0,0.0,0.0,0.0,0.0
6.610696135189607e-05,0.018889354348472574,0.006069813217026889,6.610696135189607e-05,6.610696135189607e-05,0.9999425963222037,0.20214336475294112,0.03810149704802011,6.610696135189607e-05,0.9999663521025669,0.0,0.17101201076996153,0.0002295006379856739,0.12413225288970509,0.010674566469016926,0.22914013488823087,0.124261447297636,0.14425019175302234,0.1395640170408195,0.22651421219479972,0.9813101247342565,0.47809447613242395,1.0,0.02564806187865002,0.536033155112432,0.0026411108164162145,0.0014188499019568593,0.015417608054654117,0.9999338930386481,0.1419963564056874,0.2733910205308829,0.25045412500437997,0.4350666202915828,0.7383332559614733,0.33590835341863123,0.022261757158635202,0.10684705726897974,0.4827466593484561,0.18794755143029898,0.6681463799855875,0.4855746939245084,0.0070090965230673085,0.06603816101143448,0.0,0.15417584390693004,0.0,0.02064736042210708,0.3839553123471301,0.2906426656770616,0.08113590973850264,0.023507705270505757,6.610696135189607e-05,6.610696135189607e-05,6.610696135189607e-05,0.09088186481992847,0.3507238889689205,0.25098792467797065,0.02392654164271007,0.0,0.1388324783769618,0.005156876344174807,0.0,0.17900863997124924,0.31404329620550003,0.8534268864361132,0.7074476267937658,0.018689875265743547,0.36772967996064604,0.0,0.1037341470416521,0.0019193787254996335,0.024767065985969325,0.005626605695997235,6.610696135189607e-05,0.23080269319589083,0.13844522677382,0.028178522069710235,6.610696135189607e-05,0.5201414964856134,0.010678819360556188,0.46915309416869705,0.9775087422033791,0.6301882114643533,0.5014218978383521,0.5829123136814702,0.028583532745527315,0.056131818116969226,0.0,0.0,0.0,0.0,0.0
6.610696135189607e-05,0.018876712325884035,0.006110513730174505,6.610696135189607e-05,6.610696135189607e-05,0.9999419364969544,0.2031948119167613,0.03799181040686115,6.610696135189607e-05,0.9999663504899047,0.0,0.17194798588679125,0.00021790192218085956,0.1248581577717718,0.010990138602777401,0.22479715881131765,0.12702196440918453,0.14462273608274323,0.14117155877721227,0.22830615005986235,0.9813175718980882,0.4785932719081225,1.0,0.025431688766710484,0.5361322026223464,0.0024305853946873074,0.0014629842703274322,0.015281828477773698,0.9999338930386481,0.14002860137663517,0.2718027491830046,0.24959880823694577,0.43743952135006337,0.7337762755748347,0.3374121418376668,0.02174282802079114,0.10306238836307212,0.48269381780770626,0.1877222021903411,0.6645294725630231,0.48337527804995045,0.0062166612651214604,0.06672417866649888,0.0,0.15704346013229756,0.0,0.020966607817806043,0.38655187835824145,0.29334587481893315,0.08166478367132604,0.02376586005456059,6.610696135189607e-05,6.610696135189607e-05,6.610696135189607e-05,0.09112670204041003,0.3487953050236773,0.2563543391727978,0.0209013037377236,0.0,0.14312248137026637,0.004370829556850921,0.0,0.18118273143369656,0.31550257125792147,0.8526117799576662,0.7049696712736387,0.01868242810191181,0.3643632679595799,0.0,0.10441849586546319,0.0021043886954851777,0.024740087281869567,0.005710869805405206,6.610696135189607e-05,0.23275451266531122,0.14086572864137292,0.0290632266358998,6.610696135189607e-05,0.51579302474193,0.009869385252367455,0.4697385685378184,0.978039270057028,0.6289569724948898,0.5019452140326655,0.5874806389983412,0.027265831594095805,0.056499414609384895,0.0,0.0,0.0,0.0,0.0
6.610696135189607e-05,0.018871557355709813,0.00614879791080215,6.610696135189607e-05,6.610696135189607e-05,0.9999413132324616,0.20410447160993514,0.03789267993719746,6.610696135189607e-05,0.9999663469564714,0.0,0.1728143275238511,0.00020664062690639001,0.1257525014781628,0.011313999932076471,0.2208684518911411,0.1293481428244678,0.14504157661048062,0.14256375472758606,0.2298749825779455,0.9813443877966013,0.4791173312232648,1.0,0.025189145411237186,0.536027013028954,0.002222988991042429,0.001508789716193617,0.015140491749789433,0.9999338930386481,0.13815737948971227,0.27009267357289224,0.24895865508741485,0.43977908833650714,0.7294744532353357,0.33860998155381056,0.02120921903502374,0.09998445106057698,0.48254936060693165,0.18721921167542743,0.6610381676956496,0.4813482314658109,0.005527879805834219,0.06754917259605905,0.0,0.1596251603227857,0.0,0.0212862362522082,0.3889608525499212,0.2958439156246211,0.08216600592082737,0.024020616868228158,6.610696135189607e-05,6.610696135189607e-05,6.610696135189607e-05,0.09129834382261412,0.3470359190018341,0.261412997491823,0.018305189968278002,0.0,0.14637410303925505,0.0037230786193846333,0.0,0.183506739703951,0.31676919139025617,0.8519083654665797,0.7025758448259954,0.018655612203398734,0.3612575084539495,0.0,0.10502992336887465,0.0023017922256966805,0.024730599437427156,0.005778954077189319,6.610696135189607e-05,0.23449995546725055,0.1430645060165437,0.0301459062663579,6.610696135189607e-05,0.5120328494389418,0.009112549272841334,0.4702705009540603,0.9785841403380698,0.6278889444220052,0.5024135608416072,0.5919123364334316,0.026106949775931514,0.05684100053345242,0.0,0.0,0.0,0.0,0.0
6.610696135189607e-05,0.01887147582475762,0.006185220250268639,6.610696135189607e-05,6.610696135189607e-05,0.999940737638995,0.20493595768111392,0.03780274658431198,6.610696135189607e-05,0.9999663403780424,0.0,0.17361243622557782,0.00019575521897110222,0.12678366271914415,0.011645646912003416,0.2172934825037802,0.1312965939608367,0.14546858545816294,0.14379849688285581,0.2312756655273917,0.9813858685548997,0.4796501079868467,1.0,0.024942677010962803,0.5357149498203874,0.0020369790336814734,0.0015474610505885312,0.015000298687982345,0.9999338930386481,0.13634316998348076,0.26826869134145936,0.2483897719256728,0.44208102984287156,0.7253967847300228,0.3395549565939087,0.02065363214442392,0.09749029347296803,0.4823215810822014,0.18650819467936647,0.6576694861041604,0.479482976598997,0.004927646003995674,0.06849902969836894,0.0,0.16195292109142917,0.0,0.021615264536957005,0.3911763765982105,0.2981752648336136,0.08264495136620369,0.024272832071630033,6.610696135189607e-05,6.610696135189607e-05,6.610696135189607e-05,0.09141716147654315,0.3454279220629661,0.26619719067252284,0.01606106728267744,0.0,0.1487699345149705,0.0031887107843736103,0.0,0.1859387095250907,0.31789007145029496,0.8512738571131485,0.7002253047742394,0.018614131445100286,0.3583969709217241,0.0,0.10558552803812248,0.002500983030635727,0.024737250682141675,0.005834347558738095,6.610696135189607e-05,0.2361561602123951,0.14502962050250734,0.03137457017444072,6.610696135189607e-05,0.5087590442527196,0.008406024597454344,0.470771539897836,0.979150612636605,0.6269561092929173,0.5028440612214216,0.5961983228168534,0.0250952104099121,0.057158366492545104,0.0,0.0,0.0,0.0,0.0
6.610696135189607e-05,0.018875621234223053,0.0062196320135030365,6.610696135189607e-05,6.610696135189607e-05,0.9999402019929522,0.20572047312866587,0.03772051003642855,6.610696135189607e-05,0.9999663311652323,0.0,0.1743429273068746,0.0001852949612523382,0.12792495312088725,0.011984371634673677,0.2140230272901515,0.13291701935003875,0.1458802000273095,0.14491531743560515,0.23254441323274067,0.9814391445996399,0.4801804461628172,1.0,0.024688697655593752,0.535211493063073,0.001872735192366258,0.0015923463138145136,0.01485949485035916,0.9999338930386481,0.13456984267999902,0.26628972418753893,0.24782604618023654,0.44434852054060003,0.7215121198500338,0.3403014799632529,0.020093487820548366,0.09548728437565837,0.48203683193836805,0.18566941593461977,0.6544215991562541,0.47777061761512574,0.004403415361993472,0.0695640545173138,0.0,0.1640580574840478,0.0,0.02192376692376835,0.39328503241982093,0.3003923776451544,0.08311146566761955,0.02452115038045338,6.610696135189607e-05,6.610696135189607e-05,6.610696135189607e-05,0.09150484660791477,0.34393333385882074,0.2707428832844481,0.01411644606957919,0.0,0.15047743275378098,0.002747420353870384,0.0,0.18844673724938876,0.31889904237534306,0.8506812672024014,0.6978915322499456,0.018560855400360142,0.355761496353135,0.0,0.1060905803110386,0.0027245874299651925,0.024756447804668662,0.005880758233126307,6.610696135189607e-05,0.2376187575947118,0.1468255948285506,0.032682187505879944,6.610696135189607e-05,0.5058556853052327,0.007744996865518086,0.4712391466602933,0.9797212172181993,0.6261103297496735,0.5032313760730879,0.6003075567752287,0.024214644244318382,0.05745013998222174,0.0,0.0,0.0,0.0,0.0
6.610696135189607e-05,0.01888200182092235,0.006256828922993556,6.610696135189607e-05,6.610696135189607e-05,0.9999397140512335,0.20645474309568063,0.03764352000386131,6.610696135189607e-05,0.9999663059598343,0.0,0.17501159819296255,0.0001752433250392323,0.12915401638033305,0.01232994800949123,0.21102052601662563,0.1342561731197091,0.14626611769009465,0.14594583258575566,0.23370909584243346,0.9815007537069891,0.4806995979053682,1.0,0.024433930672562856,0.5345250317009519,0.0017051610253293532,0.0016466031726374934,0.014719271790672435,0.9999338930386481,0.1328737478222376,0.2641880329500601,0.2471741929397356,0.4465877273046361,0.7178245222460821,0.34087816622805367,0.019496663419669904,0.09386959487788948,0.48170948837003247,0.1847335945218899,0.6512946156094758,0.47619637109616003,0.0039446077577809414,0.07073434546028477,0.0,0.1659707152705459,0.0,0.02223174731478628,0.3952982569792815,0.30247878667479683,0.08356390457422855,0.02476456425526917,6.610696135189607e-05,6.610696135189607e-05,6.610696135189607e-05,0.09157059501451792,0.3425430617227905,0.2750467065813666,0.01241748201424854,0.0,0.15161228207521815,0.0023820450582427654,0.0,0.19099790189806762,0.3198155167387743,0.8501095596564634,0.6955565586972818,0.018499246293010894,0.3533296868240859,0.0,0.106549357348913,0.002945302258180949,0.02478645668129372,0.0059184008687506555,6.610696135189607e-05,0.23902779493504217,0.14842564793832816,0.03407060559535825,6.610696135189607e-05,0.5032898139937545,0.007128771172551361,0.4716927535647352,0.9803280932552909,0.6253641066665593,0.5035785185622336,0.6042458794614846,0.02345130937274761,0.0577219944749711,0.0,0.0,0.0,0.0,0.0
6.610696135189607e-05,0.01889004054788875,0.006278537081189648,6.610696135189607e-05,6.610696135189607e-05,0.9999392672576164,0.2072039358414098,0.03757361046581559,6.610696135189607e-05,0.9999663282630492,0.0,0.175615436497453,0.0001656331568020599,0.13044940940773928,0.01268110605335415,0.20824536542644698,0.13535245754730996,0.14662147397912353,0.1469134465952822,0.2347910598674824,0.9815692439655391,0.4812113395970491,1.0,0.024175834148516883,0.5336484732333227,0.001564278933623031,0.0016857067068268136,0.014577786028967773,0.9999338930386481,0.1312001607569719,0.262029025388085,0.24644018903827383,0.44883930273364625,0.7143257255375725,0.34133889046301885,0.018896094224628616,0.09257545450355018,0.4813814387719476,0.18375085050572298,0.6482876993759445,0.4747412743554297,0.003542068651736755,0.07199903022730807,0.0,0.16771803270899135,0.0,0.02250774171438238,0.39722263222642384,0.3044826060678651,0.08400029792905063,0.02500315806213232,6.610696135189607e-05,6.610696135189607e-05,6.610696135189607e-05,0.09162746729833011,0.34125372873822185,0.2791201211871476,0.010923474190861256,0.0,0.15229618186613458,0.002078984220907273,0.0,0.19356899734384916,0.32065902372513244,0.849544484752981,0.6932099099052095,0.01843075603446091,0.3510706276939595,0.0,0.10696983831146853,0.003188590595771856,0.024825872869960824,0.005947855275312849,6.610696135189607e-05,0.24022973593782251,0.14983267281485446,0.0354868691073111,6.610696135189607e-05,0.5010026374848651,0.0065541532752800835,0.4721221988486669,0.9809382726185694,0.624678954222576,0.503858470953791,0.6080037840678301,0.022790845732896328,0.057978227940314396,0.0,0.0,0.0,0.0,0.0
6.610696135189607e-05,0.01889890813165619,0.006287556897731575,6.610696135189607e-05,6.610696135189607e-05,0.9999388764984539,0.20796041593883666,0.03751163658797296,6.610696135189607e-05,0.9999663674604101,0.0,0.17615783809650848,0.00015645411108301636,0.13178724429470726,0.01303843099017459,0.20568876998120292,0.13623437630031096,0.14693288206956587,0.1478210739206064,0.23578414403830963,0.9816389632728865,0.481674937418902,1.0,0.023888573110219424,0.5326213147723277,0.0014339531566424397,0.001715265555359721,0.014437189142233464,0.9999338930386481,0.12953521391107387,0.259812696239866,0.24567714238954752,0.4511687142009764,0.710998123765311,0.34168428160776293,0.018265112472744212,0.09153265776340776,0.48102975157528405,0.18273687272038663,0.6453896735973966,0.47338838665329036,0.003188151899573164,0.07334909856655243,0.0,0.16932096969845833,0.0,0.022818197142979335,0.39905140292754177,0.30639037607083375,0.08443844732159417,0.025243224404230283,6.610696135189607e-05,6.610696135189607e-05,6.610696135189607e-05,0.09166867639575754,0.3400174338883789,0.28298145623421134,0.00961332455027695,0.0,0.15261028460344647,0.0018270876839161885,0.0,0.19615565637380822,0.32145624101959813,0.8489907741798205,0.6908667573951379,0.018361036727113537,0.3490040928826397,0.0,0.10735507575308134,0.0034274632585278436,0.024874955577224293,0.005973342265270705,6.610696135189607e-05,0.24137962909210708,0.15104074282533572,0.03690213028559377,6.610696135189607e-05,0.49895287098365887,0.006020420000477614,0.4725445557454517,0.9815784334161728,0.6240698133384385,0.5041047297506251,0.6115743572984105,0.022220293728484216,0.058222490257545674,0.0,0.0,0.0,0.0,0.0
6.610696135189607e-05,0.018908815849045177,0.0063196775771769366,6.610696135189607e-05,6.610696135189607e-05,0.9999385248652038,0.20864715471208065,0.03744915421051233,6.610696135189607e-05,0.99996631616929,0.0,0.1766352138287878,0.00014773496302458524,0.13314607171416135,0.013401479496978586,0.20333434073630868,0.13693237063717603,0.14719773041379863,0.14867266660031933,0.23669731595425691,0.9817091625627837,0.4820853862839116,1.0,0.023611457483208,0.5314578775949759,0.0012972278479118115,0.001737781195052815,0.014294193327434554,0.9999338930386481,0.12793494010236137,0.25753157334758053,0.24491021664394383,0.45349575537741454,0.7077739812961232,0.34192886553625146,0.017632391839053515,0.09070780029204617,0.48064618063514053,0.18169784279779697,0.642577525525714,0.47211117502958644,0.0028765608761828925,0.07478357956673372,0.0,0.17080550247738047,0.0,0.023112117357928095,0.4008011994943333,0.30824143635880363,0.08487441320807113,0.025449413465650585,6.610696135189607e-05,6.610696135189607e-05,6.610696135189607e-05,0.09178604590009486,0.338858826850782,0.28670286522725386,0.008467161331233144,0.0,0.15263893382456234,0.0016177199399354798,0.0,0.1987603653471326,0.32222637981977437,0.8484507725234978,0.6885191044790094,0.018290837437216313,0.34710911123870797,0.0,0.10771825042309612,0.003678637343121069,0.024933730956849556,0.005996216030722989,6.610696135189607e-05,0.24246425573302868,0.15216467831870706,0.038301241960224754,6.610696135189607e-05,0.49705140541784393,0.005523153476622893,0.47296875930372756,0.9822198731979219,0.6235071941692302,0.5043346199279455,0.6149678164658944,0.021729738489977342,0.05846471473684058,0.0,0.0,0.0,0.0,0.0
6.610696135189607e-05,0.018917141517038237,0.00635935243677836,6.610696135189607e-05,6.610696135189607e-05,0.9999382002075724,0.2092932197456269,0.037384839952302455,6.610696135189607e-05,0.9999662636073532,0.0,0.17705370338208,0.00013943516918019243,0.13452536778936247,0.013768354280787584,0.20113991351198576,0.13747493707260985,0.14743128960708748,0.1494957944178513,0.23756132199118135,0.9817828790570432,0.48249672848141,1.0,0.023371336154314696,0.5301717924718735,0.001186241289642228,0.0017426545693470933,0.014161243427991336,0.9999338930386481,0.12633240512636354,0.25519923064129324,0.2441010859525713,0.45580167462956356,0.7046572554407468,0.3420936425210787,0.016988820460100522,0.09005223800048655,0.48025517481042873,0.18066034005027967,0.6398559972243185,0.47090765619518815,0.0026017846389784034,0.0762971174515933,0.0,0.172183802869355,0.0,0.02339459038820628,0.4025305418800588,0.3100042742957039,0.08530732832243496,0.025675341980464766,6.610696135189607e-05,6.610696135189607e-05,6.610696135189607e-05,0.0918465022062671,0.3377525249225378,0.29028251601452104,0.007463712416499855,0.0,0.15242929215023962,0.0014435862646189307,0.0,0.20136129042244236,0.32295576351815025,0.8479024209431703,0.6861415605572253,0.018217120942956768,0.3453194686492351,0.0,0.10805696111927891,0.003948813696483309,0.024992659738510396,0.0060168220525408135,6.610696135189607e-05,0.24343963066033858,0.15315995088658074,0.03967508700918536,6.610696135189607e-05,0.49526723484577034,0.005060228544732173,0.4733889416803415,0.9828717443707193,0.6229931020599113,0.5045328846441648,0.6181997464377346,0.021307775280629333,0.05870529067957411,0.0,0.0,0.0,0.0,0.0
6.610696135189607e-05,0.018925167798970192,0.006391113213078305,6.610696135189607e-05,6.610696135189607e-05,0.999937900157223,0.20996015417856548,0.03732076240875552,6.610696135189607e-05,0.9999662440193986,0.0,0.1774204976726659,0.00013152204033044595,0.13591885124698566,0.014138230985143416,0.1990818346103578,0.13788885904262094,0.14764070960561945,0.15030256345126913,0.2383887220509481,0.9818595225193117,0.48291661854178847,1.0,0.02311228796966664,0.528781071790292,0.0010578918228850121,0.0017479588640816539,0.013998380152769845,0.9999338930386481,0.12480694530073941,0.252817566039093,0.24358545792636974,0.4581689146232928,0.7016423260336565,0.3421958109594672,0.01632242604337681,0.08952537573294747,0.4798697095444498,0.179657947976298,0.6372062100303065,0.46976407400994274,0.0023586161576256348,0.07787093943429779,0.0,0.17345561613073268,0.0,0.023628573317575636,0.4042388453447919,0.31168468082330686,0.08571156823926489,0.02590047698480349,6.610696135189607e-05,6.610696135189607e-05,6.610696135189607e-05,0.09192957687632246,0.33673338666007524,0.29372865535404774,0.006588377705458946,0.0,0.1520219391934003,0.0012988687829294388,0.0,0.2039622891301108,0.323659615484617,0.8473388203911052,0.6837403385147541,0.018140477480688304,0.34362776532747885,0.0,0.10839495599700737,0.004210447115860337,0.025053472595565743,0.006036550542540013,6.610696135189607e-05,0.24432298518456985,0.15400849158037003,0.040991967353860986,6.610696135189607e-05,0.4935464018374986,0.004629018612295688,0.4737953136624079,0.9835460519162927,0.6225338338266666,0.5046931906874773,0.6212602174133443,0.020942641796961762,0.058935600899820806,0.0,0.0,0.0,0.0,0.0
6.610696135189607e-05,0.018931706421076305,0.0064197105286677185,6.610696135189607e-05,6.610696135189607e-05,0.9999376521591593,0.21062657747456953,0.03726237090648302,6.610696135189607e-05,0.9999662239181623,0.0,0.1777363695339837,0.00012401335017824322,0.13731171286000254,0.014510616837332348,0.19715211798519008,0.13818743500798675,0.14781981102091274,0.15108665401680088,0.23916206927319975,0.9819349765753397,0.48330498660184124,1.0,0.022854393076333374,0.527284734992745,0.000963655735737673,0.0017520602116260018,0.013861930054350212,0.9999338930386481,0.1232723222917946,0.25035405878481737,0.2428018075141705,0.4605477436556831,0.6987422950431781,0.34226188034191923,0.015662522756506717,0.08911366724591394,0.47950650946599443,0.1786912888998662,0.6346104844614822,0.4686565212604517,0.0021428283997871225,0.07948890240309657,0.0,0.17464554690298015,0.0,0.02388182353790023,0.40588765172976093,0.31329553904597,0.08613206958695521,0.026130107972075215,6.610696135189607e-05,6.610696135189607e-05,6.610696135189607e-05,0.09194271378674333,0.3357508500786115,0.2970279131222502,0.005821494699897291,0.0,0.1514699713177743,0.001178381793470047,0.0,0.2065731972701114,0.32435721953109814,0.8467705175834119,0.6813490283237038,0.018065023424660313,0.34204946649517864,0.0,0.10869989171896567,0.004489060464233574,0.02512379728922986,0.006054757679922828,6.610696135189607e-05,0.24515239553805912,0.15476616245240626,0.04225378063026384,6.610696135189607e-05,0.49191225474455225,0.004229791834571656,0.4741802554241998,0.984213463893315,0.6221046485763092,0.5048044919032032,0.6241565931149436,0.020628883260419697,0.0591664481875374,0.0,0.0,0.0,0.0,0.0
6.610696135189607e-05,0.018938425499708623,0.006414198347560145,6.610696135189607e-05,6.610696135189607e-05,0.9999374342591103,0.21138769888286335,0.03720827320128025,6.610696135189607e-05,0.9999663026974187,0.0,0.17800650130416076,0.00011687826977656804,0.13869424813720002,0.01488546392148668,0.19534198661118118,0.1383890732246216,0.14796972915090276,0.15184896881955892,0.2398904587416868,0.9820094665771331,0.4836690455890402,1.0,0.02256284136849718,0.5256977390953013,0.0008819795941658506,0.0017544131683234036,0.013734143860871458,0.9999338930386481,0.12174583876158283,0.24782331271180752,0.2419060331011066,0.462994405177167,0.6959430026902531,0.34227764312242287,0.014989785622902494,0.08878396256950073,0.47914380555154557,0.17773608977944208,0.6320879205533072,0.4675969615868716,0.001951142086601389,0.08115038656888768,0.0,0.17576478684020222,0.0,0.02416633490389474,0.4074980683117929,0.3148690446916039,0.08655375232025594,0.026319938308402947,6.610696135189607e-05,6.610696135189607e-05,6.610696135189607e-05,0.09204282979316016,0.33479446052949174,0.30019727023438647,0.005148734250142573,0.0,0.1507893188672298,0.001078319147433635,0.0,0.20916380340275376,0.32503273830871254,0.8461998890938397,0.6789591546894255,0.017990533422866925,0.34056616757075747,0.0,0.10898498611461,0.004758010285726588,0.025199303030480232,0.006070949661896889,6.610696135189607e-05,0.24596466108209727,0.15541620406583986,0.043470279360312364,6.610696135189607e-05,0.49037634565205457,0.0038597270753605306,0.47456712132327367,0.9848933361073209,0.6217324704260694,0.5048924113795341,0.6269219236093768,0.020359202819317475,0.059400570953513164,0.0,0.0,0.0,0.0,0.0
6.610696135189607e-05,0.018945939870581126,0.00642648408652074,6.610696135189607e-05,6.610696135189607e-05,0.999937252955624,0.21209208458408918,0.03715541568856799,6.610696135189607e-05,0.999966286037795,0.0,0.17822530811759016,0.00011013944790866168,0.14003984017585835,0.015263451853226995,0.1936644696400933,0.1385011220457674,0.14806970661655725,0.15256529417491563,0.24054645845952258,0.9820778054168484,0.48394717817359767,1.0,0.022303353802747207,0.5240484416011015,0.0007769574649327303,0.0017552786784709878,0.013615114514934362,0.9999338930386481,0.1202736525102938,0.245256624645659,0.24089524071419766,0.4654293729399426,0.6931902407013326,0.3422473058850805,0.014325885975982992,0.08853071070463649,0.47876845093011383,0.17677779189140466,0.6296407164237126,0.46657564871126717,0.001780827110161462,0.08286067343752353,0.0,0.17682877280734643,0.0,0.02442886648667597,0.40899576826696665,0.31643074115265524,0.08696705330843406,0.026523036619260282,6.610696135189607e-05,6.610696135189607e-05,6.610696135189607e-05,0.09210065681655497,0.33388352354176015,0.30329351163011203,0.004559165920436449,0.0,0.15003342436934788,0.0009957414092566176,0.0,0.2117288729226927,0.3257075177326469,0.8456538787149229,0.6765928681029539,0.01792219458315153,0.3392240490190559,0.0,0.10924337604615494,0.005024998740641492,0.025285739332401316,0.006085983066333661,6.610696135189607e-05,0.2467999708488151,0.15599608870847054,0.04467118674500081,6.610696135189607e-05,0.48897005498318924,0.0035162476685553965,0.47496822007689293,0.9855639745761083,0.6213960247501573,0.5049723558074026,0.629557738468502,0.020129288607827353,0.059647126939528713,0.0,0.0,0.0,0.0,0.0
6.610696135189607e-05,0.01895264155908327,0.00647277848137008,6.610696135189607e-05,6.610696135189607e-05,0.9999370755613387,0.2126815472245387,0.037096656907397295,6.610696135189607e-05,0.9999661793464721,0.0,0.1783966573125005,0.00010376963935139762,0.1413531651674215,0.01564273169687748,0.19209186767469452,0.13854046936252612,0.14813684268726923,0.1532565677880291,0.24116074944907043,0.9821450118407626,0.48420941254155486,1.0,0.022028459538945333,0.5223525601587728,0.0006998041018741162,0.0017545858831607556,0.013467341839690944,0.9999338930386481,0.11878055119833186,0.24259785099340053,0.2399904456630819,0.46794459835624747,0.6905233572531116,0.34219738794721016,0.013675096530476325,0.08834073185657623,0.47842016116967123,0.17585444494485045,0.6272648657268527,0.46559545108265504,0.0016293312927071987,0.08461205961711504,0.0,0.1778354272162988,0.0,0.024675280466557092,0.41047350897105184,0.31794681178629897,0.08737721403778977,0.02672190121193521,6.610696135189607e-05,6.610696135189607e-05,6.610696135189607e-05,0.09215918822375581,0.3330050169271375,0.3062787443266081,0.0040411221946659885,0.0,0.14921212328464972,0.0009281730750394092,0.0,0.21426272852166545,0.32636850961186226,0.8451141009192636,0.6742271909338146,0.017854988159237417,0.3379551602421464,0.0,0.1095103058174477,0.0053108091629705655,0.02536989319708701,0.006099064623362094,6.610696135189607e-05,0.24752630743464538,0.15652274853103973,0.04583401838509098,6.610696135189607e-05,0.4875465698797728,0.00319789842028026,0.47536483254562334,0.9862211338301723,0.6210939796913525,0.5050089340584119,0.632053687380455,0.019931936388955865,0.05989919661821349,0.0,0.0,0.0,0.0,0.0
6.610696135189607e-05,0.01895615110512994,0.006499876247059581,6.610696135189607e-05,6.610696135189607e-05,0.9999369257877359,0.21332418685044358,0.037038275771039526,6.610696135189607e-05,0.9999661687642034,0.0,0.17853204872258738,9.771748396916987e-05,0.14265152635813003,0.016021546854567283,0.1905878330029208,0.13852562408041996,0.14819902019943826,0.15395198087278095,0.24176769633128173,0.9822155591946578,0.48451255775272745,1.0,0.021777584338786436,0.5205812307504997,0.0006164088137256274,0.0017523980430907934,0.013340581554529513,0.9999338930386481,0.11728796766288278,0.23991364007289714,0.23890163022923544,0.4704883914857504,0.6879408548760453,0.3421140446173424,0.013017950352166664,0.08819267696685208,0.47806541575551115,0.17493156721186165,0.6249442149347323,0.46464460937808544,0.001494342647927748,0.08639520484153279,0.0,0.17880524594457314,0.0,0.024921141110766813,0.41199351285625274,0.3194003557465056,0.08778480139542284,0.026923782950334887,6.610696135189607e-05,6.610696135189607e-05,6.610696135189607e-05,0.09220816968880555,0.3321579024008329,0.3091553538998616,0.003584783497667691,0.0,0.14832118835803088,0.0008735309323266592,0.0,0.216765195663767,0.3269920573660107,0.8445536764792914,0.6718370988271855,0.01778444080534227,0.3366821963026993,0.0,0.10977791575582305,0.005589906930760004,0.02541538598558079,0.006111604880122653,6.610696135189607e-05,0.24824518082225666,0.15718818741106658,0.046978833197499716,6.610696135189607e-05,0.4862298216304268,0.0029037912240930906,0.47576912316240255,0.9868843321638642,0.620834608316987,0.505039506457595,0.6344805997852175,0.019764965321080744,0.060164313056465545,0.0,0.0,0.0,0.0,0.0
6.610696135189607e-05,0.01896000994464147,0.006521746915841788,6.610696135189607e-05,6.610696135189607e-05,0.9999367950066574,0.21399447309173458,0.03698131154302386,6.610696135189607e-05,0.999966155748024,0.0,0.17863066399026933,9.198697499472074e-05,0.14392239751023284,0.016399304616254537,0.18915473818631542,0.13846168282519314,0.14824244956953753,0.15463681565210172,0.2423432535195894,0.9822838592319354,0.4847972355191205,1.0,0.021513887176363242,0.5187770407140462,0.0005366543035462739,0.0017487613785608918,0.01322228416808402,0.9999338930386481,0.11583772914652551,0.23716805899766177,0.23772045712555975,0.4730560310300372,0.6854174540834176,0.34201961945191833,0.0123714485083936,0.08807985220080822,0.4777340304196221,0.17404765640819958,0.6226644014926644,0.4637046735363594,0.001373662526259637,0.08819362631317829,0.0,0.17972823446539063,0.0,0.025157169393340027,0.4134679025250712,0.3208438985584713,0.08818917595985214,0.027114591614521295,6.610696135189607e-05,6.610696135189607e-05,6.610696135189607e-05,0.09227406571404753,0.33134336288311567,0.3119507432026306,0.0031834169253273713,0.0,0.14742639475045702,0.0008305047123775879,0.0,0.21925181916108305,0.3276250196288316,0.8439895218216387,0.6694631201672323,0.017716140768064617,0.3354745300154889,0.0,0.10999099963515352,0.005873129354478507,0.025486873529591777,0.006122584824534229,6.610696135189607e-05,0.2488915796327028,0.1577195932794863,0.048090761365284854,6.610696135189607e-05,0.4850045400700044,0.0026318027139517765,0.47616629963248486,0.9875365645166116,0.620571355538502,0.5050361602517458,0.636797605405485,0.019622096521059392,0.06042785726527155,0.0,0.0,0.0,0.0,0.0
6.610696135189607e-05,0.018963511049484152,0.006541892916604641,6.610696135189607e-05,6.610696135189607e-05,0.9999366850906838,0.2146593445778463,0.03692686292157735,6.610696135189607e-05,0.9999661392468377,0.0,0.1786863938240609,8.655763127657327e-05,0.14515192828166248,0.01677524856366114,0.18778595336588846,0.13835446995690917,0.1482636382501538,0.15530552231500183,0.24288327281460204,0.9823494963912844,0.4850541439075252,1.0,0.02124848696325616,0.5169418977840049,0.0004920227427922224,0.0017438573661676608,0.01308356662674196,0.9999338930386481,0.11435200284648088,0.23431920360792105,0.23654235570953155,0.47569825575547275,0.6829619033276791,0.3419020611246324,0.011730556046757637,0.08798780545366158,0.4773994735159477,0.17317533878692296,0.6204412557254826,0.4627868790235779,0.0012657542155913974,0.0900096936487687,0.0,0.18061699517953117,0.0,0.025399605009623738,0.41490525165516856,0.3222582654393273,0.08858962790844727,0.02729631806446469,6.610696135189607e-05,6.610696135189607e-05,6.610696135189607e-05,0.09235278137424568,0.3305522552763999,0.3146566589387449,0.0028296668893963662,0.0,0.1465007195014684,0.0007978522317667885,0.0,0.22170172751241188,0.3282478469534446,0.8434287234694068,0.6671070335366294,0.017650503608715583,0.33432886091294356,0.0,0.11022386984427104,0.0061661987334628385,0.025565693604503805,0.006132354105564621,6.610696135189607e-05,0.24947378373741014,0.15815218220525795,0.0491756192370947,6.610696135189607e-05,0.4837653966144788,0.002381437733575927,0.4765818781619103,0.9881828863219658,0.6203595467632076,0.5050274256886244,0.6390387078471886,0.019502546805196398,0.060701635772823614,0.0,0.0,0.0,0.0,0.0
6.610696135189607e-05,0.018965977555946197,0.006560874884365839,6.610696135189607e-05,6.610696135189607e-05,0.999936594258954,0.2153250755201587,0.036874989948164114,6.610696135189607e-05,0.9999661222386803,0.0,0.17871163740103502,8.142034074911385e-05,0.14634615741702817,0.0171502994932196,0.18648963309747674,0.1382131194603948,0.14826711326781064,0.1559571271301441,0.24338963745597036,0.9824128555071294,0.4852864969301045,1.0,0.02097817828606899,0.5150624028195957,0.00041977051987422887,0.0017381703674975656,0.012952007892504995,0.9999338930386481,0.11293692291899739,0.2314923803172091,0.23530673578926156,0.4783773933154077,0.6805721710919627,0.34176728303961146,0.011090818713754929,0.08791455570551711,0.47706308845616857,0.17230714359996063,0.6182630920146372,0.4618880998599729,0.0011691467613568116,0.09183691340299656,0.0,0.18148152890018723,0.0,0.025609858368242103,0.41630705329209267,0.3236354006012218,0.08898517279782008,0.02748281496155543,6.610696135189607e-05,6.610696135189607e-05,6.610696135189607e-05,0.09241133004553373,0.3298059030454421,0.3172767179695377,0.0025175994675042898,0.0,0.1455505333565932,0.000774752908506631,0.0,0.22412130384353077,0.3288605425529974,0.8428737261084991,0.6647734491410331,0.017587144492870525,0.3332319741697083,0.0,0.11045550511496259,0.006440002905216318,0.025648638731594335,0.006141482221475837,6.610696135189607e-05,0.25008357587486646,0.15854918504075444,0.05019757586330558,6.610696135189607e-05,0.4825713545149903,0.00215111093849966,0.4770034800918492,0.988827760945496,0.6201887535208616,0.5050118591421052,0.6412032233025626,0.019402484681437265,0.06098424431921905,0.0,0.0,0.0,0.0,0.0
6.610696135189607e-05,0.018967366931003427,0.006579179341500485,6.610696135189607e-05,6.610696135189607e-05,0.9999365265293807,0.21598358255774314,0.036823699330325636,6.610696135189607e-05,0.9999661043752779,0.0,0.1787049340975862,7.657611245669206e-05,0.14750197504460186,0.017523304304726647,0.18525885109314685,0.1380370977796054,0.148250315654198,0.15659207694461405,0.2438601629138522,0.9824732796785525,0.4854932793649116,1.0,0.020743456287230903,0.5131711107980486,0.00037467415569278155,0.0017314496466967772,0.012822195263663091,0.9999338930386481,0.11150462187899236,0.22859391634931034,0.2339762132977573,0.48104475235232247,0.6782579195536795,0.34163675107917857,0.01047291869865086,0.0878688301988022,0.476747501703386,0.1714701187561992,0.6161335387485235,0.4610033292597808,0.0010825354393704464,0.09366905039006687,0.0,0.18232310747398903,0.0,0.02584285007508925,0.41767309438251615,0.32498088788807006,0.0893803312322555,0.02766360728247515,6.610696135189607e-05,6.610696135189607e-05,6.610696135189607e-05,0.0924711702740786,0.3290719373347801,0.3198017693250194,0.002241884710110544,0.0,0.14459188520251928,0.0007606598169684228,0.0,0.2265090378055529,0.32946600570423984,0.8423253876160155,0.662470786696081,0.017526720321447524,0.33218361316109934,0.0,0.11067840996436411,0.006734214544319241,0.025734575733448617,0.006150461112726872,6.610696135189607e-05,0.25066313827609954,0.15893287266053316,0.051211215112772455,6.610696135189607e-05,0.48136438199489917,0.0019403111213009857,0.4774164301131247,0.9894505051888924,0.6200373095540767,0.5049685341749189,0.6432710301506539,0.019320325666318274,0.06128034938178131,0.0,0.0,0.0,0.0,0.0
6.610696135189607e-05,0.01896862474988497,0.006596953718777044,6.610696135189607e-05,6.610696135189607e-05,0.999936452364501,0.21664253393753266,0.03680693145174823,6.610696135189607e-05,0.9999660780524945,0.0,0.17867760979753636,7.199738069536882e-05,0.14862178671345838,0.017895104818618255,0.18409267160055715,0.13783740228900582,0.14821707631236522,0.15721116198443025,0.24430297610085572,0.9825317319976764,0.48568669086244426,1.0,0.02048380815033254,0.5112683677084735,0.0003166946646460016,0.0017388219529325699,0.012693989878471998,0.9999338930386481,0.11010454739876446,0.22563845916195918,0.23256452722814092,0.4837746058371235,0.6760235782538517,0.34150249289686835,0.00985910496930015,0.0878320064859487,0.47645165071875945,0.17066076738440056,0.6140542370831021,0.46014233214035916,0.0010047337123315176,0.0954959617594075,0.0,0.1831351574493086,0.0,0.026069769951590844,0.4190174496877064,0.32629842397520786,0.0897388839661757,0.027834180478081266,6.610696135189607e-05,6.610696135189607e-05,6.610696135189607e-05,0.09255092557104573,0.32837385435885036,0.32222959387132105,0.0019981690573736837,0.0,0.1436214071598512,0.0007553811339775663,0.0,0.22885823422432366,0.33006511496034974,0.8417841043032382,0.6602010621397367,0.017468268002323546,0.3311781516882471,0.0,0.11088119672089371,0.007032512878518087,0.025820330527542668,0.006158427610000513,6.610696135189607e-05,0.2511723097195854,0.15925994392311588,0.05217777345314664,6.610696135189607e-05,0.4801884952555562,0.0017468278748272127,0.4778217282482216,0.9900688976500045,0.6199247996407418,0.5048978633286448,0.6452465610150423,0.019250126403568324,0.0615754765869259,0.0,0.0,0.0,0.0,0.0
6.610696135189607e-05,0.01896865830639083,0.006614259754319909,6.610696135189607e-05,6.610696135189607e-05,0.99993640033073,0.21729770694413889,0.03671688393899222,6.610696135189607e-05,0.9999660744578794,0.0,0.178626196475243,6.766680476803358e-05,0.14969716891966134,0.018265113260888474,0.18298003411157018,0.13761758990146508,0.14816940887266816,0.15781310813934576,0.2447129585953986,0.9825894423221142,0.4858634684157023,1.0,0.020223060680800133,0.5093513835559157,0.0002800335820725829,0.0017272831184732516,0.012599823409590222,0.9999338930386481,0.10872533820528987,0.22275107610091663,0.23076902055014706,0.48647780062391854,0.6738465119406675,0.34135040830258306,0.009249545316118485,0.08779432752075841,0.476152885512013,0.16984547705571926,0.6120234046560261,0.45928802799190155,0.0009347986540925215,0.09731456962328706,0.0,0.18392959250880064,0.0,0.026266399374411,0.42031214642228143,0.3275877732026604,0.09010529027955233,0.02800119160994346,6.610696135189607e-05,6.610696135189607e-05,6.610696135189607e-05,0.09263246550765204,0.3277157102977834,0.3245835906273339,0.0017813754930744228,0.0,0.1426526858205348,0.0007588512315787976,0.0,0.231165385567371,0.3306594849225161,0.8412520932065617,0.6579724717813143,0.017410557677885755,0.33020693907549703,0.0,0.11108422510922017,0.007301739790171933,0.0259080489386507,0.006163892741585147,6.610696135189607e-05,0.25178688324178183,0.15957902881570663,0.05313156962162708,6.610696135189607e-05,0.47907320597040287,0.0015698974319987569,0.47824201972909947,0.9906827878791135,0.6198558177390454,0.5048231499955197,0.6471744888327106,0.019193619875137825,0.06188307821291418,0.0,0.0,0.0,0.0,0.0
6.610696135189607e-05,0.018968089744012026,0.006630990118842268,6.610696135189607e-05,6.610696135189607e-05,0.9999363626873505,0.2179378649604919,0.03665737826036305,6.610696135189607e-05,0.9999660545991539,0.0,0.1785503076602507,6.358751554465686e-05,0.1507297496908831,0.0186316448222377,0.18191461607198112,0.13737752638651335,0.14810541574357616,0.1583996636553367,0.2450951062796366,0.9826422194059592,0.4860202424783297,1.0,0.01997316184820898,0.5074446971560292,0.00024670024873924977,0.0017329659514157486,0.012485828386550353,0.9999338930386481,0.10733468388460439,0.21978579713234447,0.22914596961568326,0.48922888060018277,0.6717320289948234,0.34119999138750345,0.008666758808678024,0.08777572056249049,0.4758476232844378,0.16905844196639558,0.6100682966262131,0.4584554732464315,0.000871889779913086,0.09912616723526214,0.0,0.18469750857389,0.0,0.02648353265414188,0.4215832406427362,0.3288288789383595,0.09048041348590455,0.028151008147777552,6.610696135189607e-05,6.610696135189607e-05,6.610696135189607e-05,0.09274398597537536,0.32706971061598755,0.32685907028279787,0.001589941633739818,0.0,0.1417010539363382,0.0007714386769131018,0.0,0.23340405245990772,0.3312328340099319,0.8407284465647502,0.6557787264851013,0.01735778059404083,0.32928224894778035,0.0,0.1112886036959176,0.0075829476245246625,0.025994595230263966,0.006171184977313056,6.610696135189607e-05,0.25232954173663785,0.1599132367700248,0.05406730430484127,6.610696135189607e-05,0.477970883182377,0.0014089007223787712,0.478659759318506,0.9912696536757774,0.6197934758102882,0.5047492932164115,0.6490269419616232,0.019150124527365833,0.06220627700006045,0.0,0.0,0.0,0.0,0.0
6.610696135189607e-05,0.018967000853049414,0.006647466573634201,6.610696135189607e-05,6.610696135189607e-05,0.9999363290382256,0.2185827440593065,0.036609946179984344,6.610696135189607e-05,0.99996603436589,0.0,0.17845901328493105,5.974134932665217e-05,0.1517253978058008,0.018995486764774163,0.18090067195238557,0.13712620038631038,0.14803032010861014,0.15897065223499363,0.2454531908844637,0.982692753110063,0.4861666570108984,1.0,0.019722971681571617,0.5055413124483047,0.00020640360613768195,0.001734456180464201,0.012366487800441866,0.9999338930386481,0.1059891052165748,0.21682660461204495,0.22738929966776095,0.4920286250561448,0.669677979356362,0.3410469257918904,0.008100120799183742,0.08776098923298173,0.4755533830117933,0.1682855814905278,0.6081652607697475,0.45763623629291456,0.0008152251822709141,0.10092211498447261,0.0,0.18544611818034146,0.0,0.026694398997764997,0.422822891903495,0.330064230046066,0.09083904704015676,0.028335724497725066,6.610696135189607e-05,6.610696135189607e-05,6.610696135189607e-05,0.0927591955882717,0.3264328355586316,0.32905972212685053,0.0014195571116629396,0.0,0.14076149625928025,0.0007938374261137139,0.0,0.235591950522676,0.3317967266133523,0.8402141225827354,0.6536246941310637,0.01730724688993699,0.3283872248087601,0.0,0.11148269837467642,0.007840244961534118,0.026080888715030632,0.006175495250587335,6.610696135189607e-05,0.2529172358300408,0.16025957582490036,0.054954297145760236,6.610696135189607e-05,0.47692843451783384,0.0012622985167875238,0.4790745038115157,0.9918401378514896,0.6197521167019372,0.5046572927973189,0.6508137465570867,0.019116588321266056,0.06253671698512302,0.0,0.0,0.0,0.0,0.0
6.610696135189607e-05,0.018965800706586607,0.006663577210266078,6.610696135189607e-05,6.610696135189607e-05,0.9999363051328813,0.21922438763779903,0.03656880104796846,6.610696135189607e-05,0.9999660136108208,0.0,0.17834551789539035,5.612196278639272e-05,0.1526802863902691,0.019355310883641688,0.17992767231319215,0.13686477556380397,0.14794385949365169,0.1595291250817702,0.24579119022934093,0.982742587903643,0.48630457162285873,1.0,0.019473511013353734,0.503648681625716,0.00017307027171223956,0.0017338406486186143,0.012247938647151865,0.9999338930386481,0.10465502584146504,0.21387750966712318,0.2255519072602422,0.49484172670843973,0.6676946562893915,0.3409105113658966,0.0075625402611419635,0.0877681899254131,0.47527595061452865,0.16755336888507097,0.6063027523733799,0.4568278597936775,0.000764143998863284,0.10269837733140978,0.0,0.18618541954907777,0.0,0.026898291262771688,0.42404225020975655,0.33127498349874834,0.09119308030203849,0.02850083304777769,6.610696135189607e-05,6.610696135189607e-05,6.610696135189607e-05,0.09286002838992179,0.32581808493889497,0.3311761768956469,0.0012680563677222511,0.0,0.13983806975246346,0.0008271133265225902,0.0,0.23773998355029288,0.33235179567663886,0.8397067309193665,0.6515104324392493,0.017257412096357037,0.3275100088280635,0.0,0.1116718753424355,0.00809728541814308,0.026165827533040555,0.006179881445200429,6.610696135189607e-05,0.2534757235232632,0.16061225045017954,0.05582899590594596,6.610696135189607e-05,0.4758976246920749,0.0011291668149615436,0.47947591437099085,0.9923813377760716,0.6197134539318543,0.5045416251753071,0.6525189588017368,0.019092488512523206,0.06287648503603191,0.0,0.0,0.0,0.0,0.0
6.610696135189607e-05,0.018963940193469777,0.006679379305010973,6.610696135189607e-05,6.610696135189607e-05,0.9999362901883181,0.21986563393456332,0.03653230178887297,6.610696135189607e-05,0.9999659924850386,0.0,0.17821427602363263,5.271361958019894e-05,0.1535952549434846,0.01971107720026937,0.1789927879998061,0.13659545723041241,0.14784615886079122,0.1600739037399002,0.24610746276121007,0.9827914576146395,0.4864316062681683,1.0,0.01926002033753513,0.5017742635860846,0.00013973693837890616,0.0017321766116360157,0.012133487749227614,0.9999338930386481,0.10334828545653885,0.21094866162140474,0.22363211085460766,0.4976063016063984,0.6657704606505597,0.3407767963670249,0.007049300719323605,0.08778665152802197,0.4749956940624654,0.16684515051785917,0.6044826653625491,0.45602773430868293,0.0007180474562866541,0.10445127250910598,0.0,0.1869121803066534,0.0,0.02709757176167118,0.42523455830611995,0.33245754779986125,0.0915060540875459,0.028655583094448014,6.610696135189607e-05,6.610696135189607e-05,6.610696135189607e-05,0.092954510292086,0.3252460992204304,0.3332210037999077,0.0011334091476628183,0.0,0.13893001533919883,0.0008728340608391333,0.0,0.23984479782893314,0.3329007588932658,0.8392080488038132,0.649441264729684,0.017208542385360483,0.3266562134251782,0.0,0.11185846801620146,0.008363002065876883,0.02624959583284441,0.006184103860030747,6.610696135189607e-05,0.2539994572607155,0.1609624092830328,0.056678440311855025,6.610696135189607e-05,0.47486904358530607,0.0010085355495326176,0.4798755184616796,0.9928979856610962,0.6196880781892946,0.5044203946764262,0.6541620614823347,0.01907707957810523,0.06322534793726006,0.0,0.0,0.0,0.0,0.0
6.610696135189607e-05,0.018961423497903043,0.006694872834021915,6.610696135189607e-05,6.610696135189607e-05,0.9999362679163841,0.2204985090908454,0.03650356960738306,6.610696135189607e-05,0.999965971249951,0.0,0.17807321720682295,4.950062715460872e-05,0.15447269151314993,0.02006328186656669,0.17809663075836513,0.13632172613294793,0.14773865069585623,0.1606047336608095,0.24639988829677117,0.98283894561107,0.48654921035034154,1.0,0.0190098423780698,0.4999159852317084,0.00010696331036034353,0.0017304458841561606,0.012023318669897975,0.9999338930386481,0.1020758474796049,0.2080975294472284,0.2216977527912274,0.5004185636471353,0.6639073028324263,0.34065296220239444,0.006553685071875561,0.08780208462101571,0.47473212788851904,0.16617553679990887,0.6027071563063636,0.4552379014041815,0.0006763236638309063,0.10616434204283552,0.0,0.18761123461209137,0.0,0.02728167156975955,0.4263830449540178,0.3335894057625954,0.09183547947767472,0.02880298866585173,6.610696135189607e-05,6.610696135189607e-05,6.610696135189607e-05,0.09304796162182263,0.3247018144331794,0.33519348479197575,0.0010137283931747597,0.0,0.13804357861180253,0.0009330531471303792,0.0,0.24190501473435375,0.3334546814043903,0.8387189426753596,0.6474357696603933,0.01716105438893001,0.3258395550375672,0.0,0.11202837756512057,0.008599690067428844,0.02629831770454283,0.006187899754386332,6.610696135189607e-05,0.2545211881407143,0.16144566933068574,0.0574710310164212,6.610696135189607e-05,0.47396274998934207,0.0008992123755979613,0.48026009219760785,0.9933968143009698,0.6196816452540319,0.5042715370977839,0.655727832441726,0.019066102826334766,0.06356876649557207,0.0,0.0,0.0,0.0,0.0
6.610696135189607e-05,0.018958232053091086,0.0067102753410189595,6.610696135189607e-05,6.610696135189607e-05,0.999936272351764,0.22115924592147118,0.03647324659748603,6.610696135189607e-05,0.9999659436583017,0.0,0.177908548804921,4.647454375504097e-05,0.15530522433672725,0.020408951183076996,0.17722033192311326,0.13604153367261904,0.1476211666727788,0.16112031484771908,0.24666882962366998,0.9828849543528684,0.4866526806834685,1.0,0.018787451045166027,0.49807942434687347,0.00010696331036034353,0.0017281890950687688,0.01191535204373853,0.9999338930386481,0.10077446902703441,0.2052105828847304,0.21967884716306507,0.5032017237054754,0.6620884826062804,0.3405300026096559,0.0060869902690063975,0.08783093669587343,0.47444299868777484,0.1655270939390979,0.6009829474825765,0.454454116610821,0.0006385977219503072,0.10784687842884069,0.0,0.18829804495643906,0.0,0.027471852534537114,0.4274924232718129,0.33468977792250076,0.0921545201052419,0.02894558714758469,6.610696135189607e-05,6.610696135189607e-05,6.610696135189607e-05,0.09314485692906951,0.3241815739589236,0.33711094784564216,0.000907416184260048,0.0,0.13720824014108798,0.0010103785658604311,0.0,0.2439116114133844,0.3340018865205087,0.8382410874303307,0.6454842919474894,0.017115045647131587,0.3250492743600924,0.0,0.11220079039345268,0.008820020652052146,0.026367159318937967,0.006191351059533689,6.610696135189607e-05,0.2550917151922049,0.16186103714104233,0.05826368095142168,6.610696135189607e-05,0.47307363217903153,0.0008005695480775287,0.48065403240116306,0.9938665351872386,0.6196555988263114,0.5041376715632877,0.6572525741377889,0.019063907431420005,0.06392283019589141,0.0,0.0,0.0,0.0,0.0
6.610696135189607e-05,0.018954955600308385,0.006725043904709006,6.610696135189607e-05,6.610696135189607e-05,0.9999362685851858,0.22180245609153762,0.03644477694745857,6.610696135189607e-05,0.999965921230328,0.0,0.17772834307648588,4.363013250197977e-05,0.1561005658163936,0.020748649264645848,0.17637073539301618,0.13576043528190132,0.14749629240653378,0.16162151102065378,0.24691944967718807,0.9829301350937213,0.48674876401860173,1.0,0.01856892023546748,0.49627440141331686,0.00010696331036034353,0.0017259665458948417,0.011832025116031614,0.9999338930386481,0.09950613988661672,0.2023551025782772,0.21751439821339194,0.5059314512379269,0.6603257025518929,0.34043249969163625,0.005651394736520896,0.08787606917682599,0.47416560147895753,0.16492988556161278,0.5993116000765888,0.45368956341465816,0.0006044323227875297,0.10949109105588346,0.0,0.18896640639274112,0.0,0.02765094002002451,0.4285775574639175,0.3357518075654669,0.09246505739894605,0.029083449464129305,6.610696135189607e-05,6.610696135189607e-05,6.610696135189607e-05,0.09324179853888077,0.3236863145261499,0.33896267635682925,0.0008129024607098936,0.0,0.13640347187328605,0.0011085256759393392,0.0,0.2458614673533504,0.3345378426368047,0.8377740566565587,0.6435894592669286,0.017069864906278664,0.3242848295886571,0.0,0.11236381513012396,0.00906274466198697,0.026438828970288517,0.006194270094682949,6.610696135189607e-05,0.255552812687314,0.16225194035521906,0.058986926915889075,6.610696135189607e-05,0.4721602877103812,0.0007116210912778036,0.48102625477116806,0.9943049751309772,0.6196198931334944,0.5039772235804573,0.658699379045371,0.019066497288159345,0.06427630154200331,0.0,0.0,0.0,0.0,0.0
6.610696135189607e-05,0.018951480352419108,0.006739442014139714,6.610696135189607e-05,6.610696135189607e-05,0.9999362728239121,0.2224329852215999,0.03641806293230343,6.610696135189607e-05,0.9999658990608543,0.0,0.17754274181258228,4.0948951752623126e-05,0.15686171446694974,0.021083641962676196,0.17555166912164438,0.13548059405289287,0.14736690569083358,0.16210841798076409,0.24715298285934534,0.9829740216192161,0.4868398097236756,1.0,0.018356315678075347,0.4945049410840546,0.00010696331036034353,0.0017240473715072725,0.011743004424756183,0.9999338930386481,0.09827734122641149,0.19953819875398152,0.21540393738106992,0.5086387762885102,0.6586145203360501,0.3403226306285414,0.005232736278476998,0.08790689293593013,0.47385893859103423,0.1643390415109749,0.5977041279991068,0.4529418929947876,0.0005734591894506189,0.11109585073347251,0.0,0.18960811044383974,0.0,0.027822966449288986,0.4296308319069087,0.3367830013633544,0.09276812255457442,0.0292068681624999,6.610696135189607e-05,6.610696135189607e-05,6.610696135189607e-05,0.09336318026848936,0.32321459209783543,0.34075381309930913,0.0007287899893763677,0.0,0.13560856191589002,0.001232204573275084,0.0,0.24774139579729387,0.3350584826614843,0.8373181228297852,0.6417511664071822,0.017025978380783915,0.32355207983248474,0.0,0.11252263408742845,0.009260203698902146,0.026511851556612658,0.0061970226601667676,6.610696135189607e-05,0.25611400166911824,0.1626323405781543,0.059696737218031586,6.610696135189607e-05,0.47131347501169046,0.0006316665646407834,0.4814058375694999,0.9947263147697704,0.6196228306812301,0.5038252148730146,0.6601092893673808,0.01907388215070659,0.0646327186528945,0.0,0.0,0.0,0.0,0.0
6.610696135189607e-05,0.018947976585082512,0.006753394061266454,6.610696135189607e-05,6.610696135189607e-05,0.9999362799961343,0.2230461140967876,0.03639311802460108,6.610696135189607e-05,0.9999658770829378,0.0,0.17734342691271435,3.843121943041321e-05,0.15758447569812614,0.021412221317207585,0.17475527847930286,0.13520143478355687,0.14723058067181521,0.16258019951879957,0.24736852324622718,0.9830162710883683,0.4869223924695795,1.0,0.018149819887629228,0.49277739547542837,0.00010696331036034353,0.001722314800647182,0.011656042752664996,0.9999338930386481,0.09708321192100672,0.19676435659798858,0.21328865300550884,0.5113149061099851,0.6569602784621859,0.34024386884410696,0.00484553683005213,0.08795852585969399,0.4735564962175691,0.16380326579516213,0.5961567662783871,0.4522130307329926,0.0005453521018741921,0.11265805249569713,0.0,0.19022709609781607,0.0,0.027988716334473,0.43065144589471,0.33777728018060993,0.09305889452671778,0.02932586829670551,6.610696135189607e-05,6.610696135189607e-05,6.610696135189607e-05,0.09348262471114487,0.3227683086310255,0.3424797933223687,0.0006539001836740567,0.0,0.1348480954179792,0.0013876342030549585,0.0,0.249556345057359,0.33556571166832655,0.8368744483793262,0.6399734242580757,0.016983728911631715,0.3228505114326044,0.0,0.11267840777941725,0.009454186031429456,0.026577486481664116,0.00619936000902683,6.610696135189607e-05,0.25664611325546444,0.16306090686241703,0.060385816571720485,6.610696135189607e-05,0.47048630383154194,0.0005599282154454772,0.48175880405950466,0.9951160319505175,0.6196089030242007,0.5036436482621683,0.661441455725535,0.019085453880697004,0.06499067692686566,0.0,0.0,0.0,0.0,0.0
6.610696135189607e-05,0.018944158408517407,0.0067670360775875195,6.610696135189607e-05,6.610696135189607e-05,0.9999362911202229,0.2236455567244891,0.036370120003752615,6.610696135189607e-05,0.9999658551945811,0.0,0.17713555025288055,3.6065367893812664e-05,0.1582717441461715,0.021734737927307825,0.1739817151764599,0.13492482156165037,0.14708921728610952,0.1630372456867902,0.24756753041037516,0.9830569369986976,0.4869983267389393,1.0,0.01795099380132309,0.49108847874841954,0.00010696331036034353,0.0017208555739327042,0.01153918178093853,0.9999338930386481,0.09592229346175872,0.19403989606781266,0.21134388257648612,0.5140093583412242,0.6553619234101797,0.3401774043382459,0.004485369416099766,0.0880195615519424,0.47323195964411685,0.16330169168259936,0.5946647450844369,0.4514997247582349,0.0005198167383234912,0.11417413773811437,0.0,0.1908228691996576,0.0,0.028148374918843772,0.43163392960264124,0.3387351479787623,0.09332884416128316,0.02944043431370075,6.610696135189607e-05,6.610696135189607e-05,6.610696135189607e-05,0.09360177892055925,0.3223519655619697,0.34414240395831763,0.000587157152633771,0.0,0.13411828928493708,0.0015827947878329725,0.0,0.25130960801247587,0.33606241721600577,0.8364429375748863,0.6382583318515105,0.016943063001302463,0.3221788040614032,0.0,0.11282971790035633,0.00964407210715409,0.026652534890430703,0.006201184200057339,6.610696135189607e-05,0.25715813065756843,0.1634438380782331,0.06104772083402936,6.610696135189607e-05,0.46965739195941586,0.0004956726315026416,0.4820998882562398,0.9954785652160064,0.6195904050169491,0.5034505076407424,0.6627165931409408,0.019100825341436898,0.06534864073964979,0.0,0.0,0.0,0.0,0.0
6.610696135189607e-05,0.018939417646382694,0.006784423887684639,6.610696135189607e-05,6.610696135189607e-05,0.9999363020049943,0.2242230645595101,0.036349915581354156,6.610696135189607e-05,0.9999658206145402,0.0,0.1769203617028102,3.384203002111255e-05,0.15892425871731186,0.02205146854296277,0.17323194033696657,0.1346506940574963,0.14694370915268998,0.16347927262991838,0.24774841810710108,0.9830960215326153,0.4870635486235733,1.0,0.017736347839699195,0.48941743626266215,0.00010696331036034353,0.0017195921293000293,0.011448185450440438,0.9999338930386481,0.0947960360431097,0.19138459465900468,0.20918468240374608,0.5166906678181727,0.6538232961931411,0.3401280125622897,0.0041493696112437275,0.08808950832950613,0.4728825253672846,0.16283348767664763,0.5932051811618267,0.45079556680604455,0.0004965760087929989,0.11563523236603845,0.0,0.19140447487753637,0.0,0.02830224825060478,0.43257493753529414,0.3396441578120119,0.093596645157189,0.02956144184127416,6.610696135189607e-05,6.610696135189607e-05,6.610696135189607e-05,0.09369199453163457,0.32196138894504367,0.34573849158341885,0.000527573284548162,0.0,0.1334061086301818,0.0018280532461645337,0.0,0.2530251681169818,0.3365555555759182,0.8360241513612886,0.6366163495268604,0.01690397846738465,0.3215319764988904,0.0,0.11297683795210667,0.00982905349619031,0.02671773128401937,0.006202664986423923,6.610696135189607e-05,0.2576493139053934,0.16385583290131894,0.06167554611996872,6.610696135189607e-05,0.46885019434918146,0.0004382122234400633,0.4824240524503521,0.9958167883587351,0.6195801243230002,0.5032379528435882,0.6639345719863858,0.019118956663695143,0.06570516846534721,0.0,0.0,0.0,0.0,0.0
6.610696135189607e-05,0.01893431618211401,0.006798631262825488,6.610696135189607e-05,6.610696135189607e-05,0.9999363257883511,0.22480167579719035,0.03632956974704593,6.610696135189607e-05,0.9999657992621916,0.0,0.17669861998071595,3.175072830151415e-05,0.15954550248598082,0.02236171017575839,0.17249929213183898,0.13437786940567792,0.14679692270016728,0.16391079917646448,0.2479182638321188,0.9831343304229965,0.4871284676516626,1.0,0.017537073277764128,0.48777479336820195,0.00010696331036034353,0.0017185601542651812,0.011366576837037515,0.9999338930386481,0.09369073995922364,0.18877316049379028,0.20693070489797574,0.5193270103179652,0.6523285060743998,0.3400745634425486,0.0038348188828405175,0.08816158547872185,0.4724633228212521,0.16237093982322517,0.5917975195942726,0.4501009994353842,0.00047544610463399605,0.11705185638902543,0.0,0.1919741355918828,0.0,0.028456584353465417,0.4334926585240402,0.3405193077015657,0.09384180646066632,0.02968297606022934,6.610696135189607e-05,6.610696135189607e-05,6.610696135189607e-05,0.09378080949506908,0.32159375110797833,0.34728451713554087,0.00047437996361673586,0.0,0.13271499889600188,0.002136793236156673,0.0,0.25468279321104215,0.33703165768331605,0.8356137547189015,0.6350298797788558,0.016865669577003535,0.3208973967564546,0.0,0.11312809869390303,0.010010021200008122,0.026779579549337858,0.006203743055435823,6.610696135189607e-05,0.25816695050474336,0.16427231117483476,0.0622871887578633,6.610696135189607e-05,0.46806393994386436,0.00038697679005931,0.4827524366131187,0.9961334303888579,0.6195779131392954,0.5030381737668329,0.6651297680449358,0.019141817789007316,0.06607042018113245,0.0,0.0,0.0,0.0,0.0
6.610696135189607e-05,0.018929453464423433,0.006811671791973118,6.610696135189607e-05,6.610696135189607e-05,0.999936347673087,0.22537769563348128,0.03631219434513726,6.610696135189607e-05,0.999965777932463,0.0,0.1764745138649183,2.9784840091525877e-05,0.16013840177333213,0.02266598748790888,0.17178833897437917,0.13410723853326995,0.14664634780608493,0.1643291704816459,0.2480745023154859,0.9831714805671613,0.4871880284811422,1.0,0.017345711384185954,0.48617356075217144,0.00010696331036034353,0.0017180231145424085,0.011284458716065818,0.9999338930386481,0.09261736135517697,0.18620650543032316,0.20462547702824407,0.5219233315140506,0.6508714465478285,0.34002517058448356,0.003540015754465536,0.08823204754882404,0.47197592732155763,0.16192709656633003,0.5904373903938802,0.4494140099997348,0.0004562056210300615,0.11841865325892426,0.0,0.19252416821989335,0.0,0.02860608015461848,0.43437624513514705,0.3413663152252021,0.0941034005710361,0.02979156479516297,6.610696135189607e-05,6.610696135189607e-05,6.610696135189607e-05,0.09389793432734511,0.32123795290045887,0.34878723131525674,0.0004268877343705039,0.0,0.13205111706008082,0.0025265989333274836,0.0,0.2562879559199488,0.33750281934853377,0.835214623897324,0.6335068444255898,0.016828519432838654,0.32028780329896445,0.0,0.11327142059719435,0.010185341339919078,0.02683988594630336,0.006204070862565103,6.610696135189607e-05,0.25866630124419826,0.16468112985412084,0.06287226728013338,6.610696135189607e-05,0.4673066587430381,0.00034132213691478915,0.4830734278162276,0.996430199405443,0.6195784336177631,0.502831486257206,0.6662845644592907,0.019167415152901157,0.0664368228456466,0.0,0.0,0.0,0.0,0.0
6.610696135189607e-05,0.018924901981028863,0.006823976795033197,6.610696135189607e-05,6.610696135189607e-05,0.9999363715667022,0.225946879092909,0.03629367404718045,6.610696135189607e-05,0.9999657568694018,0.0,0.17624774867801835,2.7936700471219146e-05,0.16070309679565023,0.02296442376110085,0.1710972167276403,0.13384009381043108,0.14649172941125044,0.16473400933579554,0.24821985330087554,0.9832075585902887,0.48724231777673177,1.0,0.017161174200430538,0.4846129654079563,0.00010696331036034353,0.0017176198075882,0.011203987368819583,0.9999338930386481,0.09155890058213277,0.1836453535109585,0.20224380984672705,0.5245130211254253,0.6494663112927245,0.3399824193351591,0.0032638078464802276,0.0883022902232175,0.47140209627970403,0.16150545084179624,0.5891250508633918,0.44874090274244555,0.0004386926077696506,0.11973944290516454,0.0,0.19305753574097226,0.0,0.028743926043893454,0.4352324347919625,0.34219081673115204,0.09432881838697414,0.029894618911359767,6.610696135189607e-05,6.610696135189607e-05,6.610696135189607e-05,0.09403042423412451,0.3209116899515801,0.35023298574359363,0.00038445560479014935,0.0,0.13140963115380838,0.00302013907722792,0.0,0.2578396990332274,0.3379646212485576,0.8348272980564347,0.6320407037939599,0.016792441409711305,0.31970014648229594,0.0,0.11340750968979792,0.010323269899902569,0.026898637245389732,0.006203313709711191,6.610696135189607e-05,0.2592222951077793,0.16509214362845126,0.06342912055216851,6.610696135189607e-05,0.46661691565170665,0.00030070296368187293,0.4833853763820324,0.9967082554530485,0.6195849818273239,0.5026133408819672,0.6673973324305634,0.01919515629294968,0.06680274659774635,0.0,0.0,0.0,0.0,0.0
6.610696135189607e-05,0.01892011595059585,0.006835674910825189,6.610696135189607e-05,6.610696135189607e-05,0.9999363974404611,0.22650311915783117,0.03627980394824334,6.610696135189607e-05,0.9999657357645999,0.0,0.1760129289683597,2.6203251323465992e-05,0.16123529351047133,0.023256250676057712,0.17041998128074531,0.13357819535485627,0.1463336892795334,0.16512464787007133,0.24835147228192544,0.9832422445922514,0.4872900047466695,1.0,0.01698268661584854,0.4830921182158013,0.00010696331036034353,0.0017177401207703552,0.011125541126336975,0.9999338930386481,0.09054176102319313,0.18114765613510644,0.19974306168981898,0.5270532116779693,0.6481015718179817,0.33996897644852003,0.0030116345699627103,0.08839058289095798,0.4707359988050096,0.16113689685208843,0.5878477138477547,0.44807332539616823,0.00042273155800636743,0.12100911352452862,0.0,0.19356962850996254,0.0,0.028875035654696395,0.4360534281204686,0.34298018482641146,0.09457687805199365,0.029992782706212896,6.610696135189607e-05,6.610696135189607e-05,6.610696135189607e-05,0.0941736219153539,0.320595622759631,0.3516337950100683,0.0003465459938749438,0.0,0.13080805982563512,0.003646110203733108,0.0,0.2593489412174152,0.3384261340728411,0.8344526205719224,0.630639414193546,0.01675775540774865,0.31914036674336804,0.0,0.11353776629620456,0.010469023184540634,0.02695434918531344,0.006201792974004868,6.610696135189607e-05,0.2597083005437581,0.1655077789899088,0.06396521432541669,6.610696135189607e-05,0.46593152388158565,0.0002646331719500652,0.4836715485892454,0.9969621621787138,0.6195660637729357,0.5023616403151996,0.6684431218671663,0.01922514957997388,0.0671668512514573,0.0,0.0,0.0,0.0,0.0
6.610696135189607e-05,0.018915407332451856,0.006846919712727282,6.610696135189607e-05,6.610696135189607e-05,0.9999364266520632,0.22704741168367876,0.036263914895817054,6.610696135189607e-05,0.9999657151582986,0.0,0.17577532101567564,2.4575056561862247e-05,0.16173925434215236,0.023542691772090715,0.16975951889100313,0.13332143604896532,0.1461731023046524,0.16550216629168488,0.24847369870525832,0.9832757657948918,0.4873333076691216,1.0,0.01681021258002995,0.48160721862032074,0.00010696331036034353,0.0017179095143649665,0.011050197830101059,0.9999338930386481,0.08955266435759025,0.17862032348108728,0.1971033202320261,0.5295762102638267,0.6467979239794126,0.3399623032870905,0.0027780635702752206,0.08848065216379777,0.46992367226647336,0.16079007884877253,0.5866141334694007,0.44742098742405306,0.0004081950606763123,0.1222337232253083,0.0,0.1940664889457969,0.0,0.029001824634183614,0.43685065035534554,0.3437464269835032,0.09479031117095006,0.03008759759283389,6.610696135189607e-05,6.610696135189607e-05,6.610696135189607e-05,0.09433587633452628,0.3203010496647961,0.3529694213547346,0.00031263309932593944,0.0,0.13022617260238087,0.004439577778370321,0.0,0.26080753443259,0.33887699162848567,0.8340896386476387,0.6292925780694334,0.016724234205108136,0.3186002033850815,0.0,0.11366260590067516,0.010599382167069658,0.02700767603432414,0.0061988566304806226,6.610696135189607e-05,0.26020050256665234,0.1659031271097129,0.06450540229736607,6.610696135189607e-05,0.4652830823395708,0.0002326546658529002,0.4839497425979079,0.997197361373163,0.6195539208916689,0.5020940581830656,0.6694504022602243,0.019256896049043914,0.06752891864280884,0.0,0.0,0.0,0.0,0.0
6.610696135189607e-05,0.018910375804688715,0.006857782473693313,6.610696135189607e-05,6.610696135189607e-05,0.9999364563906356,0.2275745486767255,0.036252636980950693,6.610696135189607e-05,0.9999656947179986,0.0,0.17553309912189838,2.3046522240217633e-05,0.16221375920992356,0.02382400426492465,0.1691135669677413,0.1330701475886999,0.14601054412228462,0.1658660676248786,0.24858431667776573,0.9833079975331679,0.48737091699476753,1.0,0.016644385301623727,0.4801560414663727,0.00010696331036034353,0.0017186138822726858,0.010977391839711732,0.9999338930386481,0.08857483941612745,0.1761252490453566,0.1942721612720356,0.5320999506140442,0.645547926156902,0.33997003561912015,0.002563088454961204,0.08857718964340681,0.4689308281573814,0.16046960348638736,0.5854168388854321,0.446777952277876,0.0003949399620441313,0.12341202183095502,0.0,0.19454693152554736,0.0,0.029123805363332745,0.4376168342418864,0.34447819932193074,0.09499715014452571,0.03017787802515129,6.610696135189607e-05,6.610696135189607e-05,6.610696135189607e-05,0.09452152211493586,0.3200250276310178,0.354247743091122,0.00028229179255438865,0.0,0.12967357246615296,0.005442783266865652,0.0,0.2622228190371351,0.33932357335610563,0.8337389924130773,0.6280036614912793,0.016692002466832136,0.3180821514796851,0.0,0.11378147788758947,0.010732865323037716,0.027058414092582965,0.006194350914081073,6.610696135189607e-05,0.2606465728724799,0.16627312932042085,0.06500265669816606,6.610696135189607e-05,0.4646551328793559,0.00020433075197593328,0.48421457346642716,0.9974138650227986,0.6195354786805167,0.5018023843108284,0.6704168295458713,0.0192901944887329,0.06788793024373378,0.0,0.0,0.0,0.0,0.0
6.610696135189607e-05,0.01890510767418046,0.00686829471344906,6.610696135189607e-05,6.610696135189607e-05,0.9999364875561474,0.22809217169503648,0.03624361754464284,6.610696135189607e-05,0.9999656743576595,0.0,0.17528925054107086,2.1610377414594336e-05,0.16266074992706875,0.02410146943297064,0.16848331141503078,0.13282572837278603,0.14584887438757094,0.1662167407791594,0.2486844371726756,0.9833390748671815,0.48740489187584696,1.0,0.01649125741608527,0.4787344666068452,0.00010696331036034353,0.0017197574502711137,0.010890993046717066,0.9999338930386481,0.08761125069757991,0.17361278590875004,0.19127758218885635,0.534651005160397,0.6443441950822097,0.3399815047779272,0.0023635264025005168,0.0886695966891349,0.46770517047470966,0.16016443023602822,0.5842477420951774,0.4461383352279111,0.00038285030111212515,0.12454385041413552,0.0,0.19500977564067687,0.0,0.02927444260259535,0.438363508331949,0.3451923984806963,0.0952121364856313,0.03026486291661248,6.610696135189607e-05,6.610696135189607e-05,6.610696135189607e-05,0.09473685408450558,0.3197365428698184,0.355476524702403,0.00025514324623986183,0.0,0.12914338690224328,0.006704165877529578,0.0,0.26360189169132286,0.3397695076727825,0.8334004089197284,0.6267717124131889,0.016660925132818423,0.3175853324834762,0.0,0.11389201490563182,0.010850967691194103,0.027107104337832363,0.006188104966996252,6.610696135189607e-05,0.2610903088845239,0.1666164497256678,0.0654690331428795,6.610696135189607e-05,0.4640709325084773,0.0001792802153873234,0.4844741014347621,0.9976148632200849,0.6195262664815531,0.5014891942147901,0.6713522583489411,0.01932463784071368,0.06824328271173541,0.0,0.0,0.0,0.0,0.0
6.610696135189607e-05,0.018900378165154507,0.006878585787528061,6.610696135189607e-05,6.610696135189607e-05,0.9999365111683761,0.2286075621576444,0.03623542270490776,6.610696135189607e-05,0.9999656539902309,0.0,0.17503975032549768,2.0261693542276748e-05,0.1630799024851506,0.024375506706102893,0.1678651021078196,0.13258912667549483,0.14568927663724224,0.1665565465259219,0.24878083774657558,0.9833701309808647,0.4874395886397718,1.0,0.01634182308174121,0.477339121196555,0.00010696331036034353,0.001721192606733417,0.010813673552260296,0.9999338930386481,0.08665394310625905,0.17105277795340043,0.18788580007256,0.5372237767736965,0.6431886230215681,0.3400149651830121,0.0021797484171828647,0.08877099285209318,0.46621978253945845,0.15989463738195792,0.5830934319749114,0.445505359480525,0.0003718361542405989,0.1256335079481457,0.0,0.1954637136571379,0.0,0.029394086100619114,0.4390988737188472,0.3458921392807984,0.09544146231118546,0.030357669046557696,6.610696135189607e-05,6.610696135189607e-05,6.610696135189607e-05,0.0949690944911826,0.3194535586130744,0.35665428348695655,0.00023087933010021333,0.0,0.12863646323217015,0.008276705227872442,0.0,0.26495958747796455,0.3402178651370398,0.8330716173198375,0.6255856543052788,0.01662986901913531,0.31709669770309024,0.0,0.11398897209270631,0.010956162391060084,0.027153469759521393,0.006179663613723613,6.610696135189607e-05,0.2614976948325786,0.16692680688839098,0.06590492365791535,6.610696135189607e-05,0.46352734904020676,0.0001570934914754566,0.48471440516138997,0.9977999898892749,0.6195126414305862,0.5011280055265662,0.6722402605102226,0.01935785387162925,0.06858749874519293,0.0,0.0,0.0,0.0,0.0
6.610696135189607e-05,0.018895809701352854,0.006888574413641042,6.610696135189607e-05,6.610696135189607e-05,0.9999365409680394,0.22911549909673526,0.03622557949683291,6.610696135189607e-05,0.9999656336666312,0.0,0.1747827816289747,1.8994900580274e-05,0.1634690766553815,0.024647119135510945,0.16725445500622454,0.13236180674302422,0.14553446342654108,0.16688677640712155,0.24887428797474614,0.9834006946208512,0.4874753977282513,1.0,0.016184001796032008,0.47596169918866904,0.00010696331036034353,0.0017228442682130122,0.010739478657084021,0.9999338930386481,0.08573256546646307,0.16838608788765533,0.18415211789936956,0.5398306928904052,0.6420984998457179,0.34006542721168587,0.002011170367851532,0.08888075872672033,0.4644197231845387,0.15965534759552624,0.581952747312278,0.4448759416957989,0.0003618082949189038,0.12668546945332712,0.0,0.19590753602501565,0.0,0.029505365525746965,0.43982718971439216,0.34658574839810186,0.09566352003484159,0.0304472133644435,6.610696135189607e-05,6.610696135189607e-05,6.610696135189607e-05,0.09524386348575332,0.3191730187567321,0.35776398175252405,0.00020917492368884903,0.0,0.12814550256157398,0.010211524058255856,0.0,0.2662940007580725,0.34066384104884206,0.8327514152979595,0.6244402425719268,0.016599305379148784,0.3166170662467331,0.0,0.11407911566839979,0.011050541353057039,0.02719784190736095,0.0061686512524806135,6.610696135189607e-05,0.2618810562779271,0.16721037099185643,0.06631744948844481,6.610696135189607e-05,0.46301966029754643,0.00013751840175814067,0.4849426162356506,0.9979698347315682,0.6195046620563243,0.5007216336216945,0.6730901973982492,0.019391445186625278,0.06892575382881796,0.0,0.0,0.0,0.0,0.0
6.610696135189607e-05,0.018890840133794412,0.006898265609474328,6.610696135189607e-05,6.610696135189607e-05,0.9999365786233247,0.2296034004550343,0.036217773614550745,6.610696135189607e-05,0.999965613655067,0.0,0.17451492760404702,1.7805169335700376e-05,0.16382700010287662,0.024917518540591092,0.16665051589175334,0.13214127668985765,0.14538276530992228,0.16720767285291593,0.24896241594045967,0.9834304972413594,0.48750718086625555,1.0,0.016026342948319682,0.47459357392028173,0.00010696331036034353,0.0017250053677435912,0.010666962239903913,0.9999338930386481,0.08479537195477023,0.16560875855014343,0.18004219107743646,0.5425440814373116,0.6410808659597672,0.34012864142024873,0.0018567809288157755,0.08900126935555995,0.46225763119083857,0.1594294327310142,0.5808313748449345,0.44425119226032556,0.0003526976228256722,0.12771183000797223,0.0,0.19635152714050905,0.0,0.029616791909444464,0.44054526699325236,0.3472618964437789,0.0958906530926077,0.03053451590967167,6.610696135189607e-05,6.610696135189607e-05,6.610696135189607e-05,0.09556166893523986,0.318891949742979,0.35879884917418003,0.00018975061739048016,0.0,0.12766832263730615,0.012546041373048118,0.0,0.2676004487972125,0.341100268274209,0.8324396295242584,0.6233257540515681,0.01656950275864058,0.3161412919932355,0.0,0.11416697405203347,0.01113422430530237,0.027240086202733292,0.006154940753716122,6.610696135189607e-05,0.2622690396026227,0.16744387399959498,0.06672255982684833,6.610696135189607e-05,0.4625517692064906,0.00012028486605271132,0.48516668035831384,0.9981254139018485,0.6195034079042573,0.5002788088955222,0.6739200513772324,0.019426899667995365,0.0692657741555432,0.0,0.0,0.0,0.0,0.0
6.610696135189607e-05,0.0188856226047528,0.006907253042954674,6.610696135189607e-05,6.610696135189607e-05,0.9999366189433336,0.23008769402751775,0.03621125046923421,6.610696135189607e-05,0.9999655949560946,0.0,0.17423623286642875,1.6688316717789056e-05,0.16415545045722862,0.025188548819862402,0.16605405691721178,0.13192882537134354,0.1452363891482073,0.16751994403820164,0.2490455980406997,0.983459544090935,0.48753738967237215,1.0,0.01586912444173067,0.4732276016279138,0.00010696331036034353,0.0017277475604380126,0.010594800187740136,0.9999338930386481,0.08385279939487927,0.1626874537193379,0.17550113172689005,0.5453665609261625,0.6401190722823747,0.34020442840643145,0.0017157651560984904,0.08913274648442827,0.4597208206262803,0.1592162314291008,0.5797112577027328,0.44361886965882,0.0003444401279590196,0.1287171073656279,0.0,0.19679418549699346,0.0,0.02972760251128396,0.44125812466108194,0.3479390791973644,0.09612494727160181,0.030618944163194356,6.610696135189607e-05,6.610696135189607e-05,6.610696135189607e-05,0.09588928476886638,0.3186086162010779,0.35977579625620937,0.0001723802187452656,0.0,0.127205883743693,0.015297528058957097,0.0,0.26889568571807976,0.3415365287569114,0.8321356158338393,0.6222372945936724,0.01654045590906502,0.31566842483063434,0.0,0.11424764447290013,0.011203445458090797,0.027281019711444008,0.006137977592133085,6.610696135189607e-05,0.26265674538229095,0.16764368716165232,0.0671218871997689,6.610696135189607e-05,0.46212667584674316,0.00010513146141589587,0.4853869585083945,0.9982675465271837,0.6195059193146502,0.4997931024949003,0.6747297116536874,0.01946423120784395,0.06960821243606131,0.0,0.0,0.0,0.0,0.0
6.610696135189607e-05,0.018880152083569364,0.006915223561190313,6.610696135189607e-05,6.610696135189607e-05,0.9999366616456267,0.2305666398502293,0.03620542326493476,6.610696135189607e-05,0.9999655778676033,0.0,0.17394328974939274,1.5640292891745683e-05,0.16445335450061171,0.02546176075051177,0.16546282202008547,0.1317243179908147,0.14509485631072078,0.16782545698464524,0.2491244156691096,0.983487803148733,0.4875653504783254,1.0,0.015712675632225594,0.4718608107599558,0.00010696331036034353,0.0017312774851150666,0.010522933783421591,0.9999338930386481,0.0828968219403584,0.15960690214901874,0.17061194653406042,0.548313295053497,0.6392136750149227,0.3402985967360931,0.0015876819654535345,0.08927955332040939,0.456833154518359,0.15902036986714888,0.5785855135218153,0.4429783204748125,0.00033699017280697257,0.1297097035786372,0.0,0.1972395466586514,0.0,0.029837929281831183,0.44196899289975894,0.3486179541923507,0.09636804188355536,0.030702749746686304,6.610696135189607e-05,6.610696135189607e-05,6.610696135189607e-05,0.09628190420798875,0.318318532864557,0.36069450403366776,0.00015685408342422329,0.0,0.12675726958071765,0.01844940100359648,0.0,0.27018678674281604,0.3419734219163199,0.8318375528425478,0.6211658807522532,0.016512196851267005,0.3151951028630232,0.0,0.11432055868524693,0.011261542665980648,0.0273202039614213,0.0061176357128586096,6.610696135189607e-05,0.2630304576288989,0.16780474711751095,0.06749263955300382,6.610696135189607e-05,0.4617416910751719,9.182095140969349e-05,0.48560125943109,0.9983966777416547,0.6195098225982613,0.49925568372753276,0.6755168081127657,0.019503381744553946,0.06995340129814684,0.0,0.0,0.0,0.0,0.0
6.610696135189607e-05,0.01887449622227408,0.006922803058810834,6.610696135189607e-05,6.610696135189607e-05,0.9999367075178968,0.23104272701220055,0.03620115044755086,6.610696135189607e-05,0.9999655602433721,0.0,0.17363394348785294,1.4656985083489298e-05,0.16471970427398414,0.025739141541956865,0.1648754683862238,0.13152804381624958,0.14495809718084166,0.16812497075230187,0.24919903810364413,0.9835153987550823,0.48759124295716255,1.0,0.0155569829109358,0.47049210727149204,0.00010696331036034353,0.0017357230760494254,0.010453225035709031,0.9999338930386481,0.08193099556301447,0.15636658994285496,0.16539395234970583,0.5513680156812075,0.6383622384229495,0.3404112223320089,0.001471672866270534,0.08944205169735354,0.4536489498081784,0.15884112185164098,0.5774454969900034,0.4423263830010537,0.00033030696267201447,0.1306960651867182,0.0,0.19768932032556255,0.0,0.029948118869863625,0.44268154557687506,0.34930468367785406,0.09662038842039485,0.030782984194727546,6.610696135189607e-05,6.610696135189607e-05,6.610696135189607e-05,0.09670700965575045,0.31802191054347956,0.36155761972288714,0.00014298323603675,0.0,0.12631915696396329,0.02194588598243233,0.0,0.27148220397698986,0.34241400997817867,0.8315447222850261,0.6201048967096376,0.01648460124491768,0.3147194367172749,0.0,0.11438498252190311,0.011310595571111644,0.027357926536673703,0.006094326513130359,6.610696135189607e-05,0.2633841841381873,0.1679258100793639,0.06788764257058813,6.610696135189607e-05,0.4613887069882205,8.01418541634081e-05,0.48581185094410145,0.998513670148646,0.619519087064699,0.49866602266743243,0.6762834097621352,0.019544255216757195,0.07030150983992606,0.0,0.0,0.0,0.0,0.0
6.610696135189607e-05,0.018868615123156664,0.0069301973407908226,6.610696135189607e-05,6.610696135189607e-05,0.9999367555402618,0.23151452681032955,0.03619828866761629,6.610696135189607e-05,0.9999655423538683,0.0,0.17330666630074176,1.3734258935036933e-05,0.16495404532155417,0.02602256495754622,0.1642895516564544,0.13133978488722528,0.14482559001053857,0.16842011607632457,0.24927013602767137,0.9835423995804401,0.4876157022381496,1.0,0.015435503666612895,0.46913345493227343,0.00010696331036034353,0.0017271603284086654,0.010372396268149791,0.9999338930386481,0.08095761342556199,0.15303984369832457,0.16008988937232047,0.5545012606424096,0.6375620986385816,0.3405402993683526,0.0013667231333108164,0.08961961674172675,0.45025311708269994,0.1586735061967744,0.5762895576586605,0.4416636509604009,0.00032436057955929025,0.13168299308806383,0.0,0.19814466915236797,0.0,0.030058316170692684,0.4433970855416199,0.3499996511974737,0.09688134386253958,0.030859478621954813,6.610696135189607e-05,6.610696135189607e-05,6.610696135189607e-05,0.09715091401030762,0.3177211079224028,0.36236799963298316,0.00013059238871399552,0.0,0.12589020340916343,0.02569319668035846,0.0,0.2727838913899836,0.3428584287287265,0.8312555233441161,0.6190468708842648,0.016457600419559924,0.31423962860948235,0.0,0.11444237299698279,0.01135230587216276,0.027396398381631423,0.006067965717470106,6.610696135189607e-05,0.2637226158820112,0.16800450772594078,0.06828882173335914,6.610696135189607e-05,0.46106241060744596,6.990172843521633e-05,0.4860224419421915,0.9986195426077541,0.6195361345275557,0.4980311212793954,0.6770369421467712,0.01958676606413054,0.07065233030033405,0.0,0.0,0.0,0.0,0.0
6.610696135189607e-05,0.018862667199587343,0.0069374798404364104,6.610696135189607e-05,6.610696135189607e-05,0.999936787870661,0.23198389508540365,0.03619676808007108,6.610696135189607e-05,0.9999655244447927,0.0,0.17296252246966548,1.2868314937873672e-05,0.1651570733989569,0.026314092353376454,0.16370403320842006,0.13116144236151142,0.14469820252151178,0.16871261530958023,0.2493393045963609,0.9835688082186071,0.4876416647922743,1.0,0.015296406719048927,0.46778259841948655,0.00010696331036034353,0.0017245517560905397,0.010295223684197564,0.9999338930386481,0.07998989225803535,0.14958731058678948,0.15490108389650717,0.5577441613377091,0.6368184561769485,0.34070140575775576,0.0012719870363125689,0.08981542971741294,0.4467771870333916,0.1585475707361079,0.575106394892329,0.44099809005299284,0.0003190801409108374,0.13265804659076225,0.0,0.1985875504668827,0.0,0.030156492683785247,0.4441148073279977,0.35067602342060394,0.09715606057242679,0.030937354382815734,6.610696135189607e-05,6.610696135189607e-05,6.610696135189607e-05,0.09757040406923903,0.3174211045897675,0.36312063035212416,0.00011959228671374352,0.0,0.1254676755754359,0.029574837975533924,0.0,0.2741054933081903,0.3433175903115277,0.830968304549509,0.6180026488128768,0.016431191781392906,0.313770784740843,0.0,0.11447809485357256,0.011386596723611529,0.02743179896838486,0.006041435896847375,6.610696135189607e-05,0.26397852500958413,0.1680659373003099,0.06862325071500794,6.610696135189607e-05,0.4607594792198554,6.091347092725442e-05,0.486216479485865,0.9987151446487496,0.6195598213081942,0.497333882637698,0.677748396055472,0.019626669437969313,0.07098611711396771,0.0,0.0,0.0,0.0,0.0
6.610696135189607e-05,0.01885628229239604,0.006944717925000534,6.610696135189607e-05,6.610696135189607e-05,0.9999368334600321,0.23245010269489766,0.03619513575285119,6.610696135189607e-05,0.9999655060165327,0.0,0.17259649993117093,1.2054862228051984e-05,0.16532305042975345,0.026614460348795953,0.16311221093303258,0.13099282511565577,0.14457832104522436,0.1690018242435789,0.24940575249505134,0.983594474898919,0.4876671609135507,1.0,0.01515516476724345,0.4664381697655544,0.00010696331036034353,0.0017261321117819487,0.010218757855741252,0.9999338930386481,0.07899442136636661,0.14604410245085675,0.14981976883067183,0.561119771403148,0.6361221868939404,0.3408731639158054,0.0011864005058991067,0.09002510979461496,0.4433107687775598,0.158428877932426,0.5739064452222058,0.440327151447566,0.00031445149994012596,0.13363138866772872,0.0,0.19902861206142525,0.0,0.0302574217014348,0.4448264441165308,0.3513473634727668,0.09743064711496284,0.031012881546060318,6.610696135189607e-05,6.610696135189607e-05,6.610696135189607e-05,0.09795750156972052,0.3171244644599724,0.3638247649590004,0.00010978216257960732,0.0,0.1250443343663109,0.03345745505263507,0.0,0.27543322863862457,0.3437753755823044,0.8306837242564811,0.61696285883722,0.016405525101080915,0.3133042270250241,0.0,0.11451503238917551,0.011449337096796573,0.027466276446423563,0.0060140425132995945,6.610696135189607e-05,0.26416228894082977,0.1680882820753938,0.06898884745574677,6.610696135189607e-05,0.4604301411261399,5.304814705915002e-05,0.486420553990444,0.9988015446318729,0.6196075054093207,0.49661731582100915,0.6784589111345415,0.019667501023513948,0.07131915192490527,0.0,0.0,0.0,0.0,0.0
6.610696135189607e-05,0.01884936678195491,0.006951927958568034,6.610696135189607e-05,6.610696135189607e-05,0.9999368804868521,0.23292676351153446,0.036194178898467,6.610696135189607e-05,0.9999654865515922,0.0,0.17221864451311247,1.1289275555761121e-05,0.16545913783951904,0.02692621520804168,0.16252066930978087,0.13083614180985903,0.14446985897173606,0.1692879433014717,0.24946917793117568,0.9836193471563384,0.48769378306504874,1.0,0.015015471323464126,0.46509737346395064,0.00010696331036034353,0.001731101742849284,0.0101678921351066,0.9999338930386481,0.0780230991092313,0.14246724685230164,0.14476969862812894,0.564462345620909,0.6354452884060803,0.3410251121009678,0.001106649182601811,0.09022360957095192,0.43993021733607096,0.15827666030002435,0.5726826440404914,0.43964039369752733,0.00031046352021952395,0.13460265495163307,0.0,0.19946558966723008,0.0,0.03035861252721013,0.44552859976289766,0.35202498753750333,0.09770226532038347,0.03108697200085693,6.610696135189607e-05,6.610696135189607e-05,6.610696135189607e-05,0.09830765489000082,0.3168353486726821,0.36450854061736254,0.00010100288606645695,0.0,0.12461329431738369,0.03722619394049888,0.0,0.2767717692132335,0.34423634762622024,0.8304015931783088,0.6159281671171912,0.016380652843661688,0.31284062726772116,0.0,0.11454956895587755,0.011500200604847712,0.02750180949847924,0.005985655182518529,6.610696135189607e-05,0.26439130482517786,0.16810950556876011,0.06936556452469791,6.610696135189607e-05,0.4601230769536956,4.617097655723601e-05,0.48665524049985326,0.9988820615418424,0.6197039582721453,0.49591737351538845,0.6792026703901948,0.01970944493641616,0.07165339970451638,0.0,0.0,0.0,0.0,0.0
6.610696135189607e-05,0.01884288077012857,0.006958991320884028,6.610696135189607e-05,6.610696135189607e-05,0.9999369275457347,0.23339254823467098,0.03619444648252878,6.610696135189607e-05,0.9999654674388873,0.0,0.17182716653607208,1.056940096103706e-05,0.1655656924357285,0.027248674454576922,0.16192695364366996,0.13068772483273888,0.14436710037085843,0.1695719868429806,0.24952974463130334,0.9836434739045857,0.4877217175566205,1.0,0.014878158064592608,0.4637879103254839,0.00010696331036034353,0.001739010071038116,0.010110708162331903,0.9999338930386481,0.07706496405257304,0.13887552567830103,0.13997329097962355,0.5678047154749054,0.6347917038374534,0.3411752977342031,0.0010328165666437937,0.0904210739513189,0.4367344843197999,0.15811449515286818,0.5714763575986468,0.43895878573121966,0.00030711657313631,0.13558080898139124,0.0,0.19989718794649577,0.0,0.03045785622838912,0.44622403015725254,0.3527015907627606,0.09797129380181067,0.03114683055432761,6.610696135189607e-05,6.610696135189607e-05,6.610696135189607e-05,0.0986516329046322,0.3165562145825062,0.36516813331798514,9.312463278253458e-05,0.0,0.12418753274172965,0.04079009373955279,0.0,0.2780837241921859,0.3446846732473955,0.8301208965838831,0.6148894463873055,0.016356526095414232,0.3123810944968836,0.0,0.11458241985233518,0.011543615606801986,0.027537081978083112,0.005957307367344792,6.610696135189607e-05,0.26464698121566216,0.1681350946948299,0.0697429848185612,6.610696135189607e-05,0.45983712886925465,4.0162844561381306e-05,0.4869044110969422,0.9989566140323952,0.6198257008712229,0.49522674748607043,0.6799585512034619,0.019752193376428435,0.07198944065052654,0.0,0.0,0.0,0.0,0.0
6.610696135189607e-05,0.018836309434095908,0.006965916052797775,6.610696135189607e-05,6.610696135189607e-05,0.9999369739374494,0.23381482168918008,0.03619681865693192,6.610696135189607e-05,0.9999654535069082,0.0,0.1714228029950382,9.89299371837457e-06,0.16564404349332446,0.027581236286418856,0.1613307979107626,0.13054743222807383,0.1442680049316786,0.16985345038724667,0.24958592007792854,0.9836666711775529,0.4877490580553713,1.0,0.014743162194536997,0.462510511398066,0.00010696331036034353,0.0017492372742102737,0.010045893922283087,0.9999338930386481,0.07611169210767062,0.1353433016004746,0.13551664086715437,0.5711579392985676,0.6341570450331437,0.34132901772971047,0.0009647655247510331,0.09062235574368019,0.43377937486065904,0.15795320964796122,0.5702831896702945,0.43828278058665754,0.0003043964150535778,0.13656143842966825,0.0,0.20032384923530416,0.0,0.03055479815434152,0.44690164595769594,0.35337149581657745,0.09823330014658517,0.031205035905572158,6.610696135189607e-05,6.610696135189607e-05,6.610696135189607e-05,0.09895578025567828,0.31629317833963677,0.36580803676636997,8.603202104367688e-05,0.0,0.12377152434572583,0.044091967342311494,0.0,0.2793737002865743,0.3451230468057996,0.8298421531976997,0.6138526414924032,0.016333328822447046,0.31192709270932456,0.0,0.11461267408768007,0.01155485629982849,0.027572000815961843,0.005929780886633788,6.610696135189607e-05,0.26498128044313535,0.16819543854319852,0.0701237654904194,6.610696135189607e-05,0.45959301432142136,3.49182004863268e-05,0.48716214725420776,0.9990253414815305,0.6199620764172695,0.49454742151061065,0.6807159924412761,0.019795677815057405,0.07232616767586415,0.0,0.0,0.0,0.0,0.0
6.610696135189607e-05,0.018829825838785612,0.0069727204628781915,6.610696135189607e-05,6.610696135189607e-05,0.9999370204912887,0.23424816166097334,0.0361999736278005,6.610696135189607e-05,0.9999654350862583,0.0,0.1710027463827866,9.258906575425133e-06,0.16569327266454076,0.02792177935191487,0.16072919981198783,0.13041531174280366,0.14417132270419056,0.17013296774098777,0.249636992273574,0.9836886001311511,0.48777644761008165,1.0,0.0146073417012482,0.46126898275152317,0.00010696331036034353,0.0017610395068841436,0.009978644495397525,0.9999338930386481,0.07518821143212177,0.13187433183111005,0.13135443540887765,0.5744724256883603,0.6335285826181921,0.3415050938185609,0.0009038261577933723,0.0908450666384074,0.4311079217830899,0.15782379726664628,0.5690966144498726,0.43761154361877463,0.0003022932795313919,0.13753595877152217,0.0,0.2007429787976876,0.0,0.030647333742188025,0.4475589924326959,0.35403316584444566,0.09848333516899967,0.03126629384715677,6.610696135189607e-05,6.610696135189607e-05,6.610696135189607e-05,0.09920437764449734,0.3160504899037347,0.3664410733694893,7.963001230217639e-05,0.0,0.12337720852611601,0.04710417521117185,0.0,0.280648205480637,0.34555544555652756,0.8295647389794808,0.6128270489549039,0.016311399868848855,0.3114805735922308,0.0,0.11464219241214228,0.0115674274782448,0.02760534681891672,0.005903724027080233,6.610696135189607e-05,0.2653015826846664,0.16830648333978945,0.0705049025435417,6.610696135189607e-05,0.459338667490527,3.0344012318568677e-05,0.48741252978635025,0.9990869149356312,0.6200844521709359,0.49386612365382343,0.6814470029213658,0.019839868326686716,0.07266168812050727,0.0,0.0,0.0,0.0,0.0
6.610696135189607e-05,0.018823058241738046,0.006979358413685196,6.610696135189607e-05,6.610696135189607e-05,0.9999370685354227,0.23468126012447818,0.03620450605866267,6.610696135189607e-05,0.9999654168296083,0.0,0.1705717376207703,8.6643452535112e-06,0.1657171608919253,0.02826955137875826,0.16012359917333435,0.13029049509779894,0.14407598215311582,0.17041077219234257,0.24968349059582495,0.983709723565294,0.48780266503952097,1.0,0.014473559573198732,0.46006180402951635,0.00010696331036034353,0.0017739572750875541,0.00991086322984129,0.9999338930386481,0.0742923554100076,0.12852875673916206,0.12747674797869188,0.5777228534471823,0.6329091413903845,0.341685728793061,0.0008490171841098941,0.09107795281615153,0.4287074704256002,0.15770488673795788,0.5679244910975808,0.4369501139672557,0.0003008023117902622,0.13850218714596738,0.0,0.20115868981640186,0.0,0.030736159655594,0.44819016680380125,0.35467347359886475,0.0987215546852328,0.031330171781012855,6.610696135189607e-05,6.610696135189607e-05,6.610696135189607e-05,0.09940416845130756,0.3158304775153995,0.36706450034799176,7.382804721055035e-05,0.0,0.1229952549031518,0.04981859412867311,0.0,0.28189987015732537,0.3459764068355833,0.8292884254958672,0.6118143222582078,0.016290276434706,0.3110386451440772,0.0,0.114674596524441,0.011579919710730063,0.02763714832012921,0.005879520995825747,6.610696135189607e-05,0.2656360994252468,0.16845132953952832,0.07088536033957134,6.610696135189607e-05,0.4590744847339994,2.6358261623775938e-05,0.4876687055389581,0.9991423184706366,0.6202096313887714,0.4932043840669684,0.6821715140887078,0.019885143647294885,0.07299749704404518,0.0,0.0,0.0,0.0,0.0
6.610696135189607e-05,0.018816192235748028,0.006985897657369665,6.610696135189607e-05,6.610696135189607e-05,0.9999371164418398,0.23511376093280206,0.03620979057230115,6.610696135189607e-05,0.9999653987133874,0.0,0.17013406160982975,8.106924754611108e-06,0.16571971330160037,0.028623292077735108,0.15951575955043223,0.130171379512154,0.14398052686720797,0.1706856901701895,0.24972478730204672,0.9837301634323451,0.48782708484607146,1.0,0.014342662155675456,0.45889279758805446,0.00010696331036034353,0.0017875403582813091,0.009843429630197442,0.9999338930386481,0.07342616314081646,0.12532659679146813,0.12385301782830778,0.5808905487405389,0.6322943746301891,0.3418656165540688,0.000799595879139632,0.09131478698357565,0.42656459326916574,0.15759198033649238,0.5667742029670447,0.43630092985345276,0.00029991377509523015,0.139454427948276,0.0,0.20157008276084853,0.0,0.030822299845804615,0.44879337357458443,0.35529080494750365,0.09894563234803183,0.031362011659217176,6.610696135189607e-05,6.610696135189607e-05,6.610696135189607e-05,0.09964595038220733,0.3156440343591189,0.3676827377187984,6.855362270203747e-05,0.0,0.1226244692791104,0.052244928241693606,0.0,0.28312315013548905,0.34638542788190435,0.8290143960547153,0.6108207847496774,0.016269836567654964,0.3106028323930801,0.0,0.11470906996531573,0.011591606245405388,0.027667965594812344,0.005857215605061554,6.610696135189607e-05,0.26598757350062074,0.1686273305416395,0.07125958196969025,6.610696135189607e-05,0.4588017540199672,2.2887651012474597e-05,0.48793176821339956,0.9991922971961058,0.6203410304357135,0.4925671864114055,0.6828922601130754,0.019931267385312368,0.07333311539743483,0.0,0.0,0.0,0.0,0.0
6.610696135189607e-05,0.018808859484190015,0.006992212653857479,6.610696135189607e-05,6.610696135189607e-05,0.9999371625431402,0.23553957638777528,0.036216604441018714,6.610696135189607e-05,0.999965380942949,0.0,0.16969320006308825,7.584417522362342e-06,0.1657030649780097,0.028981505174690603,0.15890672771087497,0.1300566423828974,0.14388321035887963,0.17095499094042294,0.24975745790531761,0.98374936066513,0.4878461149642248,1.0,0.014216508654954208,0.4577589315303261,0.00010696331036034353,0.0018014791366947414,0.009780726187886907,0.9999338930386481,0.07259042883992127,0.12227121552209061,0.12047323910213849,0.5839564864537474,0.6316729013219137,0.34204263296128234,0.0007549646831294101,0.0915500416966772,0.4246575609244848,0.15748522066964207,0.5656572446538334,0.43566569982222064,0.0002996182247233427,0.14038819907826863,0.0,0.201972199999607,0.0,0.03090464596957139,0.44935905399581877,0.3558768351239069,0.09915137885429537,0.03141540024221411,6.610696135189607e-05,6.610696135189607e-05,6.610696135189607e-05,0.09979750230669182,0.31548093936927096,0.36830723212027167,6.375041023226934e-05,0.0,0.12227083530837228,0.054406417428128635,0.0,0.28430825769532453,0.3467837917929177,0.8287453908348538,0.6098543430164137,0.016250639334869994,0.3101816850361682,0.0,0.11474496895379128,0.011601954879309286,0.027697527604103298,0.005836824107835502,6.610696135189607e-05,0.26635392230399935,0.1688303091952767,0.07162447546954841,6.610696135189607e-05,0.45852238138834556,1.9866557814617582e-05,0.4882004165653971,0.9992374508993482,0.6204760580169407,0.4919545164726959,0.683608051619483,0.019977855267944784,0.0736672980259821,0.0,0.0,0.0,0.0,0.0
6.610696135189607e-05,0.018801767354263237,0.006998392672070312,6.610696135189607e-05,6.610696135189607e-05,0.9999372078971243,0.2359626362500899,0.0362240690425222,6.610696135189607e-05,0.9999653633490596,0.0,0.1692520549060884,7.0947492573573194e-06,0.16567060139573525,0.029342758442620066,0.15829776653126723,0.12994505671860704,0.14378354155515036,0.1712189846079927,0.24978403334076923,0.9837679055356244,0.48786341159762664,1.0,0.014065554846708989,0.4566617833202076,0.00010696331036034353,0.001815517242017854,0.009718332793253142,0.9999338930386481,0.0717870800123315,0.11937339566951556,0.11735481774595052,0.5869887550992108,0.6310484416129235,0.34221691438980917,0.0007146204102794069,0.09178186959770383,0.42296396837068195,0.15738635231616982,0.5645755398813121,0.4350468625580487,0.00029990457415035365,0.14129715733590084,0.0,0.20236370782754304,0.0,0.030983415657217628,0.44989551858013965,0.35643620830916123,0.09934289482967337,0.03147323046651949,6.610696135189607e-05,6.610696135189607e-05,6.610696135189607e-05,0.09990588081232962,0.3153382456312774,0.368934320205773,5.9364914241597794e-05,0.0,0.12193249228315077,0.056328656707132586,0.0,0.28545486324219155,0.3471707563751228,0.8284811108178569,0.60891880932333,0.01623209446437556,0.30977288057483027,0.0,0.11478164781517235,0.011611028608604992,0.027726100429203905,0.005818254433046222,6.610696135189607e-05,0.2667307682308927,0.16905878982131434,0.07198008676082424,6.610696135189607e-05,0.4582382385314012,1.723818130351923e-05,0.48847166578986073,0.9992782848404632,0.6206150367234102,0.49136461647956536,0.684315881152563,0.020024540157889348,0.07399883951167825,0.0,0.0,0.0,0.0,0.0
6.610696135189607e-05,0.01879436645241559,0.007004424492893025,6.610696135189607e-05,6.610696135189607e-05,0.9999372676530182,0.23638574401973345,0.03623186809904481,6.610696135189607e-05,0.9999653455617784,0.0,0.16881015279697056,6.63593274617684e-06,0.16562353898150797,0.02970512311085032,0.15768847088082188,0.12983475253107427,0.14368086110313388,0.17147726305217273,0.24980416670532318,0.9837860853344291,0.4878756888148127,1.0,0.01394105658886634,0.45559918902892327,0.00010696331036034353,0.0018292577871167508,0.009655643471489863,0.9999338930386481,0.07100499715777772,0.11660190735420028,0.1144405795525476,0.5898848519252992,0.6304001976448349,0.3423717784618227,0.0006781039392505573,0.09200865482774548,0.42143216132214223,0.1572713125487661,0.5635270643030491,0.43443106033118184,0.0003007950030725199,0.1421872699415266,0.0,0.20275396564134945,0.0,0.03108596364301306,0.45040804051683386,0.3569738191526336,0.09951971865813206,0.03153371803991536,6.610696135189607e-05,6.610696135189607e-05,6.610696135189607e-05,0.09998612439338112,0.31520579450264985,0.36958484591880536,5.535135311656006e-05,0.0,0.12160648022444716,0.05803702477349395,0.0,0.28656319202116864,0.34754238717987823,0.8282219419447548,0.6080085633531502,0.01621391466557086,0.30937034554383797,0.0,0.11483190179448612,0.011619170000885226,0.027753774831021778,0.005801421251081006,6.610696135189607e-05,0.26717978785541985,0.16929725199078338,0.07233766338208343,6.610696135189607e-05,0.45795047945614165,1.4956436359767815e-05,0.4887627173880902,0.9993152601280033,0.6207613259662994,0.49082569079351357,0.685040216570412,0.020074991144708,0.07434569138580609,0.0,0.0,0.0,0.0,0.0
6.610696135189607e-05,0.01878782573707813,0.007010492854726976,6.610696135189607e-05,6.610696135189607e-05,0.9999373106172085,0.23681449671975985,0.03624098115705897,6.610696135189607e-05,0.9999653280079434,0.0,0.16837426816100726,6.206409870418249e-06,0.1655703707541459,0.03006788112508929,0.15708429824383277,0.12972661794140986,0.14357347793157604,0.17173127523201034,0.2498233505913747,0.9838046507800944,0.4878911486793735,1.0,0.013826857102062084,0.45458670352754166,0.00010696331036034353,0.0018385872562616601,0.009594287213549732,0.9999338930386481,0.07025850621524667,0.11401175308422573,0.11175220588242402,0.5926288996285156,0.6297394311781925,0.3425295077238767,0.000645086278712092,0.09223186403722189,0.42007086389425646,0.15717255342914063,0.5625114698352266,0.4338315932104957,0.00030227227170120615,0.1430471465081412,0.0,0.20313228497872327,0.0,0.031168608234341498,0.4508996571801756,0.357490465556475,0.09968536382374028,0.03159476625516785,6.610696135189607e-05,6.610696135189607e-05,6.610696135189607e-05,0.10004193367915792,0.31509545075919854,0.3702475986079128,5.167841958903414e-05,0.0,0.12129798172358908,0.05956821061272749,0.0,0.28763772452579733,0.3479084057830239,0.8279664524962884,0.6071295029004841,0.016195349219905657,0.3089765663419033,0.0,0.11487194848484349,0.011625105536714815,0.027780636160941976,0.0057859214418895626,6.610696135189607e-05,0.2676010454322446,0.16955320172549973,0.07267607126737585,6.610696135189607e-05,0.45766567311981793,1.2970213894678405e-05,0.489044545695527,0.9993487073114175,0.6208997834850432,0.4902930443679268,0.6857431483270267,0.020124187697566152,0.07468652307490431,0.0,0.0,0.0,0.0,0.0
6.610696135189607e-05,0.01878167604589819,0.0070164352128261965,6.610696135189607e-05,6.610696135189607e-05,0.9999373516278581,0.23721881427259087,0.036250530856762865,6.610696135189607e-05,0.9999653141272188,0.0,0.1679442337368281,5.804119487774488e-06,0.1655088201495326,0.03042952774585422,0.1564809772695269,0.12962113031374775,0.14346136863626366,0.1719801844965779,0.24984128895003455,0.9838233393253502,0.48790844441200665,1.0,0.013723167085958887,0.45362457440776816,0.00010696331036034353,0.0018459065844148989,0.009535258044081278,0.9999338930386481,0.06954844105010698,0.11159598864495479,0.1093312123036704,0.5952156247933529,0.6290758160476518,0.34268712613019486,0.0006152654421401072,0.09244948844639919,0.41885368874170487,0.15709442369627447,0.5615320564988672,0.4332517675391749,0.00030431814682129246,0.14386720240754275,0.0,0.20349020508266047,0.0,0.031243910820515048,0.45136759316367825,0.3579730289017355,0.09984016777005032,0.031654294583469175,6.610696135189607e-05,6.610696135189607e-05,6.610696135189607e-05,0.10007363786830044,0.31500449337564423,0.37091294058291324,4.8316784865335555e-05,0.0,0.12100373449780188,0.06094437768158264,0.0,0.28867449330225997,0.34826765986867175,0.8277154973566008,0.6062915086424228,0.016176660674649797,0.30860135050533294,0.0,0.11490853995662353,0.011629147023258676,0.027806057142435992,0.005772373417048904,6.610696135189607e-05,0.2680052504799708,0.16982507019509063,0.07298939714497814,6.610696135189607e-05,0.45738125256105366,1.1243369434871525e-05,0.4893203233481117,0.9993789304383721,0.6210379569062663,0.48977240583085824,0.6864245990341986,0.020172319885125144,0.07501920395588965,0.0,0.0,0.0,0.0,0.0
6.610696135189607e-05,0.018776023198859,0.0070222918609477054,6.610696135189607e-05,6.610696135189607e-05,0.9999373896010216,0.2376179313807173,0.03625971245544077,6.610696135189607e-05,0.999965299346754,0.0,0.16752190969196798,5.4273603110835975e-06,0.165439487072089,0.030789151475042267,0.15587934609474768,0.12951877827172628,0.14334593170412885,0.1722228526291723,0.24985829487679215,0.9838417496700121,0.4879279136243127,1.0,0.01362844959448348,0.4527146439100455,0.00010696331036034353,0.0018521191350809776,0.009478983662596675,0.9999338930386481,0.0688759009846816,0.1093012029569046,0.10713396693943504,0.5976542776103476,0.6284133948347996,0.3428440594028849,0.0005883656204375649,0.09266035764394248,0.4177624433362889,0.15703646285469275,0.5605926433603715,0.43269421853635226,0.0003069128446603066,0.14464065316195995,0.0,0.20382202428264132,0.0,0.03131247748801921,0.4518099618827486,0.3584213050697154,0.09998250659590217,0.0317110448300663,6.610696135189607e-05,6.610696135189607e-05,6.610696135189607e-05,0.10008381733919283,0.3149322369558576,0.3715768625288442,4.523617702114892e-05,0.0,0.12072417244066071,0.06218623533794902,0.0,0.28966977030936897,0.3486194138393734,0.8274702345261674,0.6055010519612479,0.016158250329987866,0.30825006209304595,0.0,0.11494175198387631,0.011631431864014753,0.02783021988202129,0.005760427414774824,6.610696135189607e-05,0.26839292973188633,0.17010944145325443,0.0732789148588616,6.610696135189607e-05,0.4570985493760881,9.742636356221535e-06,0.48958879472812605,0.9994062070192513,0.6211759828433079,0.48926216985071963,0.6870841910505595,0.020218808058533273,0.07534043592014547,0.0,0.0,0.0,0.0,0.0
6.610696135189607e-05,0.01877076824188725,0.007027989215380529,6.610696135189607e-05,6.610696135189607e-05,0.9999374244340863,0.23803989421294558,0.03626886955730505,6.610696135189607e-05,0.9999652803502298,0.0,0.1671085041892222,5.074508608034553e-06,0.1653626872752524,0.03114608179155316,0.15527974157186358,0.12942039158901558,0.1432289644781612,0.1724579065712213,0.2498747978267343,0.9838598350795634,0.4879490704854479,1.0,0.013508503641270429,0.4518473601459736,0.00010696331036034353,0.0018860453911686784,0.009425447301300413,0.9999338930386481,0.06822346440052265,0.10707635879280959,0.10510832978827934,0.6000071432107568,0.627759659456932,0.34299930640112486,0.0005641258871039893,0.09286429622824517,0.4167769951504049,0.1569955194115263,0.5596936442746324,0.4321601441836937,0.00031003873452213593,0.14536534436376686,0.0,0.20412687921085376,0.0,0.03137481646762552,0.4522249728622833,0.3588339494486405,0.10011423499791658,0.0317649947157193,6.610696135189607e-05,6.610696135189607e-05,6.610696135189607e-05,0.1000752454898732,0.3148772473760095,0.3722319015947343,4.240777206084544e-05,0.0,0.12045919226538583,0.06331390722984352,0.0,0.29062257957227405,0.3489622655973479,0.8272320546942566,0.6047598578094989,0.016140164920436576,0.30792405030369846,0.0,0.11497216296310069,0.011632076823962388,0.027853133652786605,0.005749823282183131,6.610696135189607e-05,0.2687653687784056,0.17040172561531622,0.07355072758384529,6.610696135189607e-05,0.45681971790488657,8.438948333652696e-06,0.48984978163759213,0.9994307996042879,0.6213138242311166,0.4887630158281985,0.6877247390166101,0.02026338456407798,0.07564862574079724,0.0,0.0,0.0,0.0,0.0
6.610696135189607e-05,0.018765669098733066,0.007033443212315708,6.610696135189607e-05,6.610696135189607e-05,0.999937474968315,0.23843700211736457,0.03627794535157347,6.610696135189607e-05,0.9999652659704261,0.0,0.1667044718857004,4.744025781423588e-06,0.16527854659879768,0.03149941691984623,0.15468138017585314,0.12932641484143795,0.14311269089216883,0.1726838188143053,0.2498906363997847,0.983877873896353,0.4879699864632206,1.0,0.013413963519848188,0.4510248286994072,0.00010696331036034353,0.0018860453916718868,0.009373320009770501,0.9999338930386481,0.06760110997689261,0.10509876981930111,0.10303171348650252,0.6022473974552897,0.6271153402390175,0.3431394945959263,0.0005422423227410261,0.09305488336540402,0.4158712626299287,0.1569378494195384,0.55883737182913,0.4316394277626507,0.0003137440193934594,0.14606007648874303,0.0,0.2044423059692976,0.0,0.03144577245818124,0.4526080170042342,0.35926069341517713,0.10021297280455015,0.0318185279681719,6.610696135189607e-05,6.610696135189607e-05,6.610696135189607e-05,0.10006939005345815,0.31483613580915454,0.37287735029182223,3.9759793309877015e-05,0.0,0.120209002318115,0.06433747530604098,0.0,0.2915256305495299,0.349281331310842,0.8270024371663012,0.6040492871114723,0.016122126103647043,0.3075877075674818,0.0,0.11501656784754401,0.011632758214210304,0.02787543432520052,0.005735916244789857,6.610696135189607e-05,0.269195478350027,0.17068521451316562,0.07384069902511807,6.610696135189607e-05,0.4565562531277448,7.3094691603135496e-06,0.4901162737250635,0.9994530136514775,0.6214575677176833,0.48829184514418406,0.6883807704046085,0.02031058277990215,0.0759665500343385,0.0,0.0,0.0,0.0,0.0
6.610696135189607e-05,0.01876075826382296,0.007038585254066106,6.610696135189607e-05,6.610696135189607e-05,0.9999375101485329,0.23882275993943136,0.03629002619293533,6.610696135189607e-05,0.9999652518199176,0.0,0.16631397808571763,4.434784650947451e-06,0.1651923958509389,0.031849017500341414,0.15408997866071417,0.12923540856154592,0.14299399853400538,0.17290274041431747,0.24990402935779957,0.9838957762413305,0.48798910773882387,1.0,0.013318458112216672,0.45024113004188887,0.00010696331036034353,0.0018860453916718866,0.00932402501771608,0.9999338930386481,0.0670277885904196,0.10325801648948549,0.10129320982045042,0.6043283696889593,0.6264519909010219,0.3432725985350511,0.0005225640423881096,0.0932392311589888,0.41503608878181497,0.15689920437901336,0.5580117892083355,0.4311296926538697,0.000318006813102162,0.1467063385035878,0.0,0.20472547178298517,0.0,0.03150644774314225,0.45297512504587284,0.3596277039360331,0.10032180143311996,0.03186884021667963,6.610696135189607e-05,6.610696135189607e-05,6.610696135189607e-05,0.10005550093331231,0.31481188638310204,0.3735416801636692,3.733858432382246e-05,0.0,0.11997968125800253,0.06527820573042686,0.0,0.2923968200343066,0.3496030239276797,0.8267792527725804,0.6033896321386126,0.016104223758669538,0.307285420478191,0.0,0.11504817891290843,0.011630801917181337,0.027895215972490815,0.005726999031037757,6.610696135189607e-05,0.269585684889322,0.1709711650164517,0.07408949180267276,6.610696135189607e-05,0.4562976415772244,6.328935308855118e-06,0.4903760847949074,0.9994730011729609,0.6215886917320698,0.4878366879874168,0.6890108169602724,0.020355982195811907,0.07627328488444521,0.0,0.0,0.0,0.0,0.0
6.610696135189607e-05,0.018756152393991046,0.00704369828612712,6.610696135189607e-05,6.610696135189607e-05,0.9999375484221625,0.2391981240411926,0.03630043065428147,6.610696135189607e-05,0.9999652378634994,0.0,0.16593249642154473,4.145320468882601e-06,0.16510176379718738,0.032193307608640705,0.1535023668182716,0.12914515592874007,0.14287192173787022,0.17311416743610064,0.24991666675295704,0.9839134368512841,0.4880067154399034,1.0,0.013226912980816873,0.44949962646730107,0.00010696331036034353,0.001919378725499633,0.009310743758597063,0.9999338930386481,0.06644981768822111,0.10142232995373548,0.09957938169822016,0.6061904546385247,0.6257889258534173,0.3433997015365188,0.0005049109064220803,0.09341724336119597,0.41426185147126793,0.1568702889878962,0.5572282820028287,0.43063895289853416,0.00032281356343539857,0.14730819168031295,0.0,0.20498259322106482,0.0,0.031564143918781554,0.45332012487570017,0.35995244236203283,0.10042043819220166,0.03191516947838461,6.610696135189607e-05,6.610696135189607e-05,6.610696135189607e-05,0.10002199318244087,0.3148019388417881,0.3742055955773173,3.511515670430141e-05,0.0,0.1197632004142829,0.06614256472228526,0.0,0.2932258269594666,0.3499149704439535,0.8265630190004639,0.6027751415667301,0.01608656314871596,0.30701069133903175,0.0,0.11508073951975009,0.01162754908363877,0.027913923235993076,0.005719498192750058,6.610696135189607e-05,0.2699762229300606,0.17124525101398833,0.07432029815886483,6.610696135189607e-05,0.4560456078035336,5.478569265431053e-06,0.4906326868852322,0.999490943773109,0.6217177924273337,0.48740227619780613,0.6896273441938322,0.020400735108964667,0.07657415491964209,0.0,0.0,0.0,0.0,0.0
6.610696135189607e-05,0.018753068681370246,0.007048755273082626,6.610696135189607e-05,6.610696135189607e-05,0.9999375884698364,0.23954644062564145,0.0363098040344925,6.610696135189607e-05,0.9999652274395349,0.0,0.16556872723863386,3.874440047429526e-06,0.16501155315420266,0.03253307569921993,0.15292243969450464,0.12906052743909516,0.14275105033884866,0.17331674573649003,0.24993326792964257,0.9839307086014298,0.4880350081239871,1.0,0.013155617496424844,0.44882007889289866,0.00010696331036034353,0.0019193787254996335,0.009279587695330365,0.9999338930386481,0.0659139339100102,0.09980076518980639,0.09788777361259918,0.6079334607774458,0.6251343148776382,0.34351687280274895,0.0004890215532837828,0.093573077738882,0.4135450447832652,0.15683751472560212,0.5565064421822511,0.4301705201581364,0.00032819527385913235,0.14787744927514518,0.0,0.20522725384661247,0.0,0.031620217347833345,0.4536418541053573,0.3603213418692038,0.10049039947440445,0.031940618250504635,6.610696135189607e-05,6.610696135189607e-05,6.610696135189607e-05,0.10004013013971386,0.3147999290460536,0.3748609432707263,3.302829412269627e-05,0.0,0.11956808305368703,0.0669467769273301,0.0,0.2939875826925871,0.3502062389388505,0.8263550589896509,0.6021892827952123,0.01606929139857022,0.3067377380294005,0.0,0.11511470551160709,0.01162529466684893,0.027932812075040656,0.005707590217728573,6.610696135189607e-05,0.2703656602395792,0.17152463366771434,0.07456434272079554,6.610696135189607e-05,0.45581747974843567,4.741851635630153e-06,0.4908813716644946,0.9995071040066688,0.6218472860532284,0.4869751025901847,0.6902400455798933,0.02044544768606669,0.07687219056416451,0.0,0.0,0.0,0.0,0.0
6.610696135189607e-05,0.01874988628012583,0.007053243267149287,6.610696135189607e-05,6.610696135189607e-05,0.9999376170234684,0.2398872741727431,0.03632242193083128,6.610696135189607e-05,0.9999652150197145,0.0,0.16522096910969716,3.6209998136383543e-06,0.1649205582338973,0.03286796321660135,0.1523506057732546,0.12897970384060478,0.14262818136875172,0.17351214997932798,0.24994836721747116,0.983947268300431,0.48806127293450946,1.0,0.01306179244512934,0.4481744499196198,0.00010696331036034353,0.0019193787254996335,0.009246344692105593,0.9999338930386481,0.0654144914390543,0.09829767774274444,0.09653756657511374,0.6096541469164085,0.6244741981120348,0.3436274701487579,0.0004747975675808097,0.09371952389980467,0.41287451363659416,0.15682620572197328,0.5558189567553079,0.42972023048478103,0.000334141967650171,0.14839791385808307,0.0,0.20543273291893063,0.0,0.03166688897356425,0.4539487235806285,0.3606308660535341,0.10057172566901458,0.03196750286632841,6.610696135189607e-05,6.610696135189607e-05,6.610696135189607e-05,0.1000408902240518,0.3148127266541976,0.37552169915317923,3.111297026298307e-05,0.0,0.11939444879963987,0.0676992770824732,0.0,0.29471397741910743,0.3504994497366106,0.8261537080530219,0.6016537189244457,0.01605273169956896,0.30650599414655993,0.0,0.11513615836880509,0.011621171241228063,0.027948235794012465,0.005700338334244535,6.610696135189607e-05,0.27070292635781795,0.1718017630106277,0.07477013614804912,6.610696135189607e-05,0.45559923920599593,4.102734786048778e-06,0.49112044777128205,0.9995215814326055,0.6219654690666582,0.4865582460643313,0.6908231885047722,0.020487361984979875,0.07715213840985674,0.0,0.0,0.0,0.0,0.0
6.610696135189607e-05,0.01874630992588079,0.007057571706546174,6.610696135189607e-05,6.610696135189607e-05,0.9999376601776353,0.24021659533484868,0.03633304185997372,6.610696135189607e-05,0.9999652030147819,0.0,0.1648822927710623,3.383796943044234e-06,0.16482530253849517,0.033196424816090433,0.15178382513481167,0.12890142091680273,0.14250622549494266,0.17370014976027817,0.2499622512991565,0.9839632626904554,0.48808303629328453,1.0,0.012979031758969046,0.44755476336193173,0.00010696331036034353,0.0019193787254996335,0.009212063702602033,0.9999338930386481,0.06494023087575324,0.09688724817226578,0.09539558535435778,0.6112515507452726,0.6238061529110414,0.3437201775973275,0.00046209398548097954,0.09385765765400277,0.4122245497492624,0.15680619974943524,0.5551619740171948,0.4292763599927465,0.00034066995607215974,0.14888200423285122,0.0,0.2056169305701938,0.0,0.031718527851387526,0.4542334257617463,0.36090084534377503,0.10064230822841023,0.031995164704892554,6.610696135189607e-05,6.610696135189607e-05,6.610696135189607e-05,0.1000159071470092,0.3148360389346163,0.37619029749865385,2.9347176648661565e-05,0.0,0.11923199365194484,0.06839861484425941,0.0,0.29540566548596076,0.3507816222200898,0.8259591802836497,0.6011557444679924,0.016036737309544545,0.3063000331365216,0.0,0.11516730939027837,0.01161662215769319,0.027962348197248778,0.005694258513421492,6.610696135189607e-05,0.27107989422880063,0.17205449657980035,0.0749694297646976,6.610696135189607e-05,0.45538788581791706,3.549590304884912e-06,0.49136818245496156,0.999534522217576,0.6220850461555573,0.48618041059038775,0.6914099751157531,0.02053093958004169,0.07743579229222103,0.0,0.0,0.0,0.0,0.0
6.610696135189607e-05,0.018743011212087848,0.007061849761116259,6.610696135189607e-05,6.610696135189607e-05,0.9999376971100032,0.2405380357623247,0.036342908391823914,6.610696135189607e-05,0.9999651914313878,0.0,0.16455518213183967,3.1619541151128287e-06,0.16473094107243508,0.033518245690489716,0.15122670813242237,0.12882370676644864,0.14238277829095958,0.17387986422008234,0.24997499501582587,0.9839786967856994,0.48810224693360443,1.0,0.012900709130044156,0.44696951287395925,0.00010696331036034353,0.0019527120588329668,0.009178332715065306,0.9999338930386481,0.06449227692781516,0.09545367228492821,0.09433232264000474,0.6126558785718278,0.6231385116495566,0.3438094953245905,0.00045079757877906885,0.09398919141712885,0.4116122517755158,0.15679086721552712,0.5545329166370018,0.42884456171797747,0.0003477676755997488,0.1493261793168434,0.0,0.20577976792546918,0.0,0.03176578466993119,0.4544989239457315,0.3611411916861976,0.10070405260944176,0.0320233663911387,6.610696135189607e-05,6.610696135189607e-05,6.610696135189607e-05,0.09997183558986433,0.31486991277298704,0.37685841792953606,2.7715959118444406e-05,0.0,0.11908322319916487,0.06905311271271249,0.0,0.29606951611976107,0.3510584142595258,0.825772368104318,0.6006988256673308,0.01602130321430059,0.3061179851409265,0.0,0.11519453895162227,0.011611054577200098,0.027975967223337065,0.005688648864976215,6.610696135189607e-05,0.2714439858775408,0.1722953532799173,0.07515850170560891,6.610696135189607e-05,0.45518709156337933,3.0704209072960655e-06,0.49160760658445146,0.9995460404671058,0.6221966443112712,0.48581638982128206,0.6919824246520505,0.02057386047678854,0.07771424573153726,0.0,0.0,0.0,0.0,0.0
6.610696135189607e-05,0.018740418483893247,0.007065994254354668,6.610696135189607e-05,6.610696135189607e-05,0.9999377340510314,0.24084141705778572,0.03635266647831737,6.610696135189607e-05,0.9999651808645068,0.0,0.1642411159187617,2.954471065005624e-06,0.16463822651704596,0.033833480383318126,0.15067973273784072,0.12874778591562858,0.14225771952708405,0.17405144431177205,0.24998909620308457,0.9839936539193388,0.4881235632533638,1.0,0.012825763960269534,0.44643014071718595,0.00010696331036034353,0.001965070352526179,0.009145894804720818,0.9999338930386481,0.06406167402892182,0.09417744947978814,0.09308992982354516,0.6139804939982435,0.6225178357884033,0.34390488991597146,0.0004407447214720501,0.09410894104787255,0.41105710637138515,0.15677493658331884,0.553942446741859,0.4284404152764983,0.0003554617000668117,0.1497436238454766,0.0,0.20595746119567693,0.0,0.03181231114218461,0.4547379551547499,0.3614047974669598,0.10073604131870395,0.032053243332947574,6.610696135189607e-05,6.610696135189607e-05,6.610696135189607e-05,0.09993484820381719,0.3149111623941581,0.37747950869472047,2.617148128757644e-05,0.0,0.11894819467965705,0.06966375798474443,0.0,0.29669356081823456,0.35131326596931056,0.8255930939881612,0.6002672799514388,0.016006346080661243,0.3059189755509592,0.0,0.1152215782861823,0.011605799656584623,0.027989248314177304,0.005678207835818087,6.610696135189607e-05,0.2717943147997492,0.17251729629047574,0.07535961047377246,6.610696135189607e-05,0.4550109992796414,2.655516876343907e-06,0.49182782268397934,0.9995563008074629,0.6223046377554246,0.48544565526055233,0.6925453306788404,0.020616206524277855,0.07798859922710714,0.0,0.0,0.0,0.0,0.0
6.610696135189607e-05,0.018737762825035326,0.0070697796126800525,6.610696135189607e-05,6.610696135189607e-05,0.9999377699683228,0.24113648311829106,0.036365401114870306,6.610696135189607e-05,0.9999651706670502,0.0,0.16394063271803144,2.760427692309686e-06,0.16454601076578912,0.03414220832445767,0.15014244954803213,0.1286741339383448,0.14213115015982103,0.17421628871333586,0.2500017228169298,0.9840082689980234,0.4881428077992835,1.0,0.01275355927441566,0.4459218548944018,0.00010696331036034353,0.00197512057478014,0.0091144332636058,0.9999338930386481,0.06365083348515116,0.09301999866289454,0.09197959911918765,0.6152344327142936,0.6219024012164531,0.3439901873203346,0.0004318537342726487,0.09422016807861684,0.4105297963339433,0.1567638085787316,0.5533733650715126,0.4280457940746676,0.00036377452056694245,0.1501273762822189,0.0,0.2061242061944386,0.0,0.03185651610171987,0.45496329267915375,0.36163894978989286,0.10077419887477794,0.0320822435025455,6.610696135189607e-05,6.610696135189607e-05,6.610696135189607e-05,0.09990412429374076,0.3149620487949114,0.37809530248780543,2.4734326622623934e-05,0.0,0.11882879156288571,0.07023785318804562,0.0,0.29729456232907636,0.3515657760635215,0.8254199367660972,0.5998709009008513,0.015991731001976553,0.30573298600627796,0.0,0.11524437372373907,0.011599619855310168,0.028000363432101084,0.005670257698623127,6.610696135189607e-05,0.27212838732497885,0.17272781558904496,0.07553986543513533,6.610696135189607e-05,0.454847823694757,2.296295741482595e-06,0.49204444563501126,0.999565385838035,0.6224050295927083,0.48509014215355334,0.6930937418732364,0.020657938661066286,0.07825727970198988,0.0,0.0,0.0,0.0,0.0
6.610696135189607e-05,0.01873527840746909,0.007073445318071511,6.610696135189607e-05,6.610696135189607e-05,0.9999378050571359,0.24142613736256638,0.036377001973154875,6.610696135189607e-05,0.9999651607743933,0.0,0.16365246907604633,2.5789625258123115e-06,0.16445460839261228,0.03444396246716194,0.14961476684711547,0.12860362578175413,0.14200503266835868,0.17437577594605294,0.2500153338522037,0.9840226923820432,0.48816258036972726,1.0,0.012717434348892595,0.44545152251559517,0.00010696331036034353,0.0019834376442828565,0.009085435513669995,0.9999338930386481,0.06326044437917248,0.09193895727579561,0.09095716540281128,0.6163099705747785,0.6212928773572102,0.3440675824136015,0.0004240512924093215,0.09432350682778633,0.4100298922055784,0.15675798223170367,0.5528271243684953,0.42766200848623986,0.00037271963739215304,0.15047841970786793,0.0,0.20627793832985755,0.0,0.03189847880781119,0.45517438890718237,0.36185077584789355,0.10080631051116296,0.032109086487031806,6.610696135189607e-05,6.610696135189607e-05,6.610696135189607e-05,0.09986837618638697,0.3150195198403372,0.37870513725138816,2.339713201742113e-05,0.0,0.11872131031344763,0.07077631505231216,0.0,0.2978700678983408,0.35181230002186614,0.8252515044165549,0.5995062464399283,0.01597730761795674,0.3055594813004152,0.0,0.1152648003312493,0.011592816581402494,0.028007314975118502,0.005663228301744338,6.610696135189607e-05,0.27245018222249334,0.17294056435810218,0.07573734474249764,6.610696135189607e-05,0.4546960595514819,1.985391401686621e-06,0.4922565513783348,0.9995733697450648,0.6225005744661538,0.48474983027494745,0.6936272509211809,0.020699181951409847,0.07852065882353537,0.0,0.0,0.0,0.0,0.0
