0_primarytoI_spread,0_primarytoII_spread,0_primarytoIII_spread,0_primarytoIV_spread,0_primarytoV_spread,0_ItoII_spread,0_IItoIII_spread,0_IIItoIV_spread,0_IVtoV_spread,0_late_p,0_C01_coef,0_C02_coef,0_C03_coef,0_C04_coef,0_C05_coef,0_C06_coef,0_C09_coef,0_C10_coef,0_C12_coef,0_C13_coef,1_primarytoI_spread,1_primarytoII_spread,1_primarytoIII_spread,1_primarytoIV_spread,1_primarytoV_spread,1_ItoII_spread,1_IItoIII_spread,1_IIItoIV_spread,1_IVtoV_spread,1_late_p,1_C01_coef,1_C02_coef,1_C03_coef,1_C04_coef,1_C05_coef,1_C06_coef,1_C09_coef,1_C10_coef,1_C12_coef,1_C13_coef,2_primarytoI_spread,2_primarytoII_spread,2_primarytoIII_spread,2_primarytoIV_spread,2_primarytoV_spread,2_ItoII_spread,2_IItoIII_spread,2_IIItoIV_spread,2_IVtoV_spread,2_late_p,2_C01_coef,2_C02_coef,2_C03_coef,2_C04_coef,2_C05_coef,2_C06_coef,2_C09_coef,2_C10_coef,2_C12_coef,2_C13_coef
0.0118089188656902,0.2784658860034101,0.1444232444812168,0.0483739291467662,0.0307436832282042,0.6015322931712008,0.2903694394134332,0.0756744391272202,0.094746239124151,0.3754782090336233,0.021099318150527,0.0886841119675274,0.0,0.0409766776978019,0.0158800915222495,0.0,0.0739300276749936,0.2665980096261178,0.9813403691980208,0.9453824994277268,0.0567839042166583,0.0262540026274345,0.0141742211315325,0.0039937039174447,6.610696135189607e-05,0.1712293155584608,0.0457129764003157,0.0106668186589072,6.610696135189607e-05,0.6899616940479233,0.01290498098338,0.6338443563204551,1.0,0.8653017912873523,0.5364839564364735,0.9432013595368922,0.0694999317664346,0.2164889402561701,0.0,2.8707606741286643e-06,0.0311031614865469,0.45114027158381,0.0627083970313109,0.0091547734451396,0.0193188883272538,0.9999646028863586,0.1129915173795955,0.1750561464256808,0.1591538136117053,0.3957122191770844,0.9659957008660928,0.2774715317120175,0.0,0.0937215310148457,0.447635952041277,0.0567986404631077,0.8565700405585717,0.516913050117712,0.0186596308019793,0.054614629811599
0.011872580906510263,0.2581975458393979,0.1127911249982661,0.04384269139187257,0.020159047312970142,0.40668477694818805,0.2647924034600428,0.07664898487394291,0.06353069048539767,0.401086882909814,0.02130104832532161,0.10461030845839141,0.0,0.043650439115374154,0.014693429621672284,0.0,0.06962626879969283,0.2727474628118762,0.9810661581694289,0.9385285513451421,0.054267673136581374,0.02678426092138916,0.012327045566244144,0.005633571653261919,6.610696135189607e-05,0.24360123434004655,0.06527649725671121,6.610696135189607e-05,6.610696135189607e-05,0.6784125292268439,0.01328924878590676,0.6012049090977393,1.0,0.8615318513810243,0.565889257916987,0.9312570637830635,0.07244325822990465,0.2258833757589225,0.0,3.0717322752720497e-06,0.034185446665901724,0.4215970075493577,0.047413667998253195,0.008385683094710503,0.013893117904170218,0.9999338930386481,0.12847478616892574,0.18693849642611854,0.19760727171546874,0.435155563740043,0.9654097028887716,0.2941847824438694,0.0,0.09481770950360158,0.41941731246134073,0.06874293621693656,0.8579304729704026,0.5013691614292013,0.018933841830571164,0.06146837692258263
0.011406443371824147,0.2552457000071118,0.11096117917221131,0.04257191142534987,0.01920543484829006,0.3522100778101965,0.25004912332058893,0.07477422725408707,0.05490261498943413,0.4081337191195888,0.022594554275530653,0.1184209381010607,0.0,0.04614308967697952,0.013666435500809272,0.0,0.06740865653031974,0.2848945957964556,0.9815346440557342,0.935275181315949,0.05462972744811518,0.02719468936164947,0.012531369388105031,0.006070233174071845,6.610696135189607e-05,0.2514767727655405,0.07466682500547484,6.610696135189607e-05,6.610696135189607e-05,0.6588982669390439,0.013632626204178728,0.5790163396764554,1.0,0.8605616361465172,0.5788232355223935,0.9234166339301869,0.07199153830277777,0.22623314164471267,0.0,3.0386638144074136e-06,0.03457588204709615,0.42304153805949307,0.047771005998636054,0.008216026947418978,0.014370398669235613,0.9999338930386481,0.13026282542530943,0.19398860994316072,0.21648092072273342,0.43887101716810484,0.9637728195202906,0.3025627222224839,0.0,0.09329527417650331,0.40751032897679723,0.07658336606981306,0.8605998051669025,0.4888722625588317,0.018465355944265766,0.06472178002023656
0.011176119694499683,0.2534763810925942,0.11018508934058337,0.04198002391976453,0.018774158985529137,0.33604948798041423,0.2448179793007698,0.07316079798431704,0.05241236160217286,0.4113017109950291,0.024170744670779554,0.12967522373341625,0.0,0.048073479209136724,0.012578264331925304,0.0,0.06533662161013347,0.29652631215827957,0.9819008407573172,0.9327339006383067,0.05511751828149122,0.027056541490779067,0.012574773231546951,0.0062047313914152915,6.610696135189607e-05,0.25551820979130013,0.07932623004899736,6.610696135189607e-05,6.610696135189607e-05,0.6502275223060601,0.014268739710039242,0.5666641239698745,1.0,0.8612564564077129,0.5890205764633236,0.9178526041921299,0.07220872761541425,0.22640664663008905,0.0,3.009926245060585e-06,0.034668776526141816,0.42271425919929584,0.04651263048340297,0.00789352779957183,0.014333554817989959,0.9999338930386481,0.1317987374052028,0.19723097598916106,0.22252160706163152,0.44146812721221945,0.9615605156191812,0.3036606522967092,0.0,0.09067006438315037,0.3984011592047511,0.0821473958078701,0.8624546507744523,0.4770670412116314,0.01809915924268283,0.06726308943544818
0.010998889367897204,0.25174411855398476,0.11004953488811287,0.04168582111498894,0.018672871370040853,0.32996541164745213,0.2408688924435516,0.07131013733126486,0.05133607936184836,0.41411237941602447,0.026016483929494818,0.14009993467321044,0.0,0.05003338326057098,0.011594835756892602,0.0,0.06357473852173287,0.30807301058855835,0.9822037649005939,0.9303792846292098,0.055761423343230795,0.026930291155137776,0.01254933029727627,0.00626271743074022,6.610696135189607e-05,0.2602349416449807,0.08276408494121781,6.610696135189607e-05,6.610696135189607e-05,0.6431333969673347,0.014975978359624031,0.5582390195581574,1.0,0.861729770609008,0.595635803471315,0.9132210447874689,0.07243391544185256,0.22562235857444854,0.0,2.9768537193633544e-06,0.03463241036388512,0.42245906990342363,0.04516265206827097,0.0077024097387998125,0.014263596321020705,0.9999338930386481,0.13304922152617843,0.19957981226401084,0.2245166610745072,0.4432396050256092,0.9590075377108811,0.3016610457686322,0.0,0.088236846130421,0.3927693607717926,0.08677895521253108,0.8639913460364146,0.46630463083699314,0.017796235099406102,0.06961773851707077
0.010874818429424867,0.2502564430469819,0.11008914608141579,0.041505143064892315,0.018586457628458657,0.3270141359062851,0.2378425991500328,0.06948421001576058,0.05097985205648267,0.41654524454917496,0.02806552779120243,0.1501655012603634,0.0,0.052055349070416514,0.010727090183474418,0.0,0.06206772863529085,0.31945462547265224,0.9824532832317636,0.9280313419879761,0.05641238385131933,0.02681746391228407,0.012509542224385946,0.006296643486166489,6.610696135189607e-05,0.2646099524497468,0.08555995232624883,6.610696135189607e-05,6.610696135189607e-05,0.6371972810439018,0.015687939162334973,0.5518726391735621,1.0,0.8619678677213592,0.5998922106617478,0.909340208358408,0.07262196355783668,0.2242065464249513,0.0,2.9442408875637134e-06,0.03457820753809925,0.4224587937015374,0.04395128160215134,0.007623929979227817,0.014188368929462424,0.9999338930386481,0.1341431824403908,0.20160227097137898,0.22515374922956374,0.4443255963801427,0.9562465330464626,0.29796185956607457,0.0,0.08597678320822418,0.3893806991547778,0.09065979164159202,0.8653103078068725,0.4563388281023964,0.017546716768236412,0.07196571377113636
0.010779396474117792,0.24897627324057664,0.11012697844368752,0.04135966719911558,0.018529581876704324,0.32550728906999155,0.23549419583706452,0.06782433765146678,0.05083352655645049,0.4186558168712176,0.03026852481902964,0.1599789669871685,0.0,0.05412624218133013,0.009961809001331158,0.0,0.0607598386109147,0.3305746971879058,0.9826609966723028,0.925660170684207,0.05698188527236623,0.026719490675946023,0.012458816514489653,0.006286210577052887,6.610696135189607e-05,0.26847579460088195,0.08795784079674726,6.610696135189607e-05,6.610696135189607e-05,0.6325042013173915,0.016368320131553402,0.5467014841336042,1.0,0.8620182982426606,0.602660619410449,0.9060888608894553,0.07277873053222268,0.22242805743525185,0.0,2.912545905562074e-06,0.034543100590220865,0.4226959372615724,0.0429182105753152,0.007561818253648214,0.014130525041347096,0.9999338930386481,0.1350577855707413,0.20363320154031042,0.22535062269618128,0.44494782832798113,0.9533631550494169,0.2933195488792273,0.0,0.0838554595760092,0.3873775715882199,0.09391113911054473,0.8664614308568626,0.4469972453768424,0.017339003327697198,0.07433691676988735
0.010700423759637128,0.24784874811847477,0.11011072354806223,0.0412756131386792,0.018477349538387505,0.3246335580869215,0.2337220619856909,0.06624025316515557,0.05078783005694514,0.42049768978711977,0.032610878067321186,0.1696010190486414,0.0,0.05620580584764231,0.009287951940675904,0.0,0.05963232165966079,0.3413368108906191,0.9828334285466773,0.9232699498051993,0.057503055627562506,0.026629827811891816,0.01239447299034554,0.0062664092801773515,6.610696135189607e-05,0.27168204413583874,0.09000161917488826,6.610696135189607e-05,6.610696135189607e-05,0.6286725282961984,0.016999205320635667,0.5422621108785887,1.0,0.8619665271998541,0.6044814871996235,0.9033861468697837,0.07292633613208785,0.22050241263412115,0.0,2.881887507591881e-06,0.034534571973823,0.42312199734981665,0.04200406679860593,0.007514063344684224,0.014051100898390375,0.9999338930386481,0.13589040383271903,0.20567149061634535,0.22561969912235752,0.4452910635305088,0.9503899166120432,0.28813687007277,0.0,0.08182766695250353,0.3862305608597007,0.09661385313021632,0.8674413422082513,0.4381607764752597,0.01716657145332269,0.07672716830729318
0.010632050266028589,0.24684135553384517,0.11003870360880802,0.041187967284744366,0.018433490608678504,0.3240824055134505,0.23232980423503388,0.0648066058584079,0.05078049465767417,0.42217111074036856,0.03508293742759548,0.17903944688429002,0.0,0.058277818106529385,0.008693062466427554,0.0,0.058674564916015456,0.35168454271031946,0.9829727659957248,0.9208636337206775,0.057963407573351625,0.026534303286997258,0.012320385104826949,0.0062152966988340405,6.610696135189607e-05,0.2744070224031182,0.091754637455148,6.610696135189607e-05,6.610696135189607e-05,0.6256956191580699,0.01756993800153079,0.5382851754150374,1.0,0.8618294918804071,0.6056965794846428,0.9011272762344416,0.07307374258502397,0.21852941220878538,0.0,2.851648172142784e-06,0.03454718458884737,0.42367543573811844,0.04118031995543483,0.0074705186253147746,0.014008265990933522,0.9999338930386481,0.1366656745940709,0.20769979664979266,0.22578030915180664,0.44542679877810326,0.9473471245708738,0.28267537770067264,0.0,0.07989269001306352,0.3856103580489297,0.09887272376555849,0.8682516924989606,0.4297860450808952,0.017027234004275166,0.07913351463115043
0.010570692421338674,0.245926650715347,0.10991021668948063,0.04111173188116923,0.018385514495464578,0.32365512341093433,0.23122223661697142,0.06347857605751453,0.0508053166841096,0.4237116671922346,0.03767813400351768,0.18830203819897207,0.0,0.06032702754926942,0.008169779602403886,0.0,0.05787421271540567,0.36158230801772684,0.9830827208763532,0.918457607964521,0.05836091234873562,0.02647396297825798,0.012238486506432921,0.006154655525961994,6.610696135189607e-05,0.2765525039582119,0.09317352471874636,6.610696135189607e-05,6.610696135189607e-05,0.6233332163429776,0.018072690870427916,0.5345922448536395,1.0,0.8616312463955604,0.6064876091147203,0.8992325400949543,0.07323158332112416,0.21659107639805147,0.0,2.8214365416103996e-06,0.03457644746864783,0.42433370611782745,0.040440025707759536,0.007432627327802976,0.013976449843686444,0.9999338930386481,0.13737840647975336,0.20969286535266882,0.22592353406881832,0.4454274990631372,0.9442491751260544,0.27710571694738834,0.0,0.0780417260551702,0.3853426112828758,0.10076745990504565,0.8688942039634703,0.4218266155842216,0.016917279123646833,0.08153957059893739
0.010515144670165923,0.24504451709272868,0.10974807516263621,0.041044295759536165,0.018335511722778565,0.3234918082490285,0.23030532217846394,0.062245504145338255,0.05084626932572067,0.4251665553370065,0.040387560438030636,0.1973598300393066,0.0,0.062331548566061615,0.007709492104590143,0.0,0.057220000847107697,0.3710089740750655,0.9831656463039286,0.9160660148069883,0.058677909548743905,0.026420840189487284,0.012156018398272331,0.006085207698989939,6.610696135189607e-05,0.27834879598950124,0.09428933038190065,6.610696135189607e-05,6.610696135189607e-05,0.6216160132637677,0.018504300220544882,0.5311300320080226,1.0,0.8614227713140546,0.6070208028087518,0.8976837215987009,0.07340735654792982,0.2147395721674233,0.0,2.7908491573787363e-06,0.034620880642562905,0.42505749345787047,0.0397705705669642,0.00739706812962584,0.013951750306887813,0.9999338930386481,0.13804038803282687,0.21162385707271142,0.22608510226808926,0.4453470412483051,0.9411081393414245,0.2715101379526709,0.0,0.07624568011988371,0.38526970508665803,0.1023162784012991,0.8693726426049625,0.4142514537575112,0.01683435369607141,0.08393119434385436
0.010464322108728209,0.2442241088704219,0.10953650886540556,0.040984144504388496,0.018284252815968117,0.3233405305555465,0.229558758487722,0.0610976553386106,0.050890582631338124,0.4265395640887745,0.04320125165342997,0.20618567757815479,0.0,0.06428041254557075,0.007304870938213135,0.0,0.0567010255543633,0.37994400606863055,0.9832226863791417,0.9136983480199783,0.05897763224665473,0.026376619045287018,0.012073442748683315,0.0060085346467320475,6.610696135189607e-05,0.27971818770710466,0.09519275896733138,6.610696135189607e-05,6.610696135189607e-05,0.6202259316599974,0.018864273327943142,0.5278488014776395,1.0,0.861217482916972,0.6073819682530616,0.8964307159591878,0.07360576287711162,0.21300302064673293,0.0,2.7596119186824816e-06,0.03467639541266257,0.42583995695804505,0.03915572092859486,0.00736469055740646,0.013932061373605378,0.9999338930386481,0.138661857912732,0.2135039123316269,0.22626880251749323,0.4452121228040424,0.9379344750186269,0.2659655209442057,0.0,0.07450210453745733,0.3853131608087254,0.10356928404081221,0.8696932115685252,0.40705297328463647,0.016777313620858367,0.08629889236810302
0.010412870983435839,0.24344231922073034,0.10929080747045708,0.04093072078365654,0.018232145976334407,0.32331365556062913,0.22893624959038378,0.06002214052067459,0.05093264871974238,0.4278522030753001,0.046108518153524965,0.2147688693893981,0.0,0.06617273487795312,0.006950038411259216,0.0,0.05630957909124849,0.3883950923313607,0.9832555986010164,0.911368153698935,0.05923889981162381,0.026344732548912096,0.011992826492433412,0.005926868057100665,6.610696135189607e-05,0.28084780184825314,0.09587798952280967,6.610696135189607e-05,6.610696135189607e-05,0.6191365075045948,0.01915288556384175,0.5247053496052174,1.0,0.8610139934446499,0.6076148716022811,0.8954174985396445,0.0738246817542782,0.21138229154332885,0.0,2.727229159414673e-06,0.034738463266084055,0.42666119674487085,0.03858552810787425,0.0073339129966550065,0.013916379796937654,0.9999338930386481,0.13924959510113333,0.2153197325684064,0.22647402865602173,0.4450487017696971,0.9347385962826333,0.26052578100538454,0.0,0.07281327167739697,0.3854350899864597,0.10458250146035551,0.8698657391544733,0.40022261612531046,0.016744401398983585,0.08862911907190563
0.01036402964544572,0.2426927759301552,0.10901901025010499,0.04088356823241897,0.018176620816988884,0.32332244932383936,0.228403261743288,0.05901277067913989,0.0509768028467482,0.42911204992291163,0.049097387062296036,0.22309133049800148,0.0,0.06800250102690232,0.006639473009417835,0.0,0.0560378617577515,0.39636714905016374,0.9832650379297063,0.9090839653327355,0.059461716237064276,0.026324318324764024,0.01191525378745448,0.005841796984500803,6.610696135189607e-05,0.2817630392552708,0.09638373692117663,6.610696135189607e-05,6.610696135189607e-05,0.6183502124147002,0.019372775236019206,0.521686903189334,1.0,0.8608235195789716,0.6077629461480003,0.8946126141110726,0.07406418986260996,0.209884228159014,0.0,2.6935762438009195e-06,0.0348064066845545,0.42750947147059265,0.0380398953454151,0.007303481435252816,0.013903911937218981,0.9999338930386481,0.1398328545887192,0.21707554635310247,0.2267088260743207,0.4448747040209237,0.9315298377016847,0.25522176631266463,0.0,0.07117397939412605,0.3855975808425819,0.10538738588892736,0.8698979483796385,0.39374862279082234,0.016734962070293673,0.09091334109102067
0.010319206039461562,0.2419720479042358,0.10874071861698331,0.0408412350105152,0.018120304241291157,0.3233873451693789,0.22790692707883528,0.058065441982261885,0.051014647498585725,0.43031707182513673,0.05215691534580346,0.23113696134363454,0.0,0.06976472996861033,0.00636867413072158,0.0,0.05587951234134815,0.40387133662954594,0.9832520767679309,0.9068549277432791,0.05964587359971276,0.02631410606070557,0.011841144522123441,0.005754680534528346,6.610696135189607e-05,0.28247535506769017,0.09673415375576704,6.610696135189607e-05,6.610696135189607e-05,0.6177982038179257,0.019527915202552492,0.5187879038445312,1.0,0.86065622635245,0.607859458257957,0.8939898904684097,0.07432300293167139,0.20850934139146804,0.0,2.6585340884520713e-06,0.034878289305663626,0.42837564008813916,0.03752289094072075,0.00727271921785668,0.013894472287478386,0.9999338930386481,0.14039648459978116,0.21877525980570522,0.22697077505123975,0.44469808803502464,0.928315169451644,0.25007513481183424,0.0,0.06957904367893976,0.38577186761132154,0.10601010953159025,0.8697974847269805,0.3876193219789861,0.016747923232069133,0.09314241372263245
0.010277728289962982,0.24128311641332723,0.1084467816422348,0.040802936860634555,0.01806409723665633,0.3235148311933506,0.22747277549020115,0.05714395778987956,0.05104302672569542,0.43147613545817304,0.05527460215467689,0.23889107202621157,0.0,0.07145646626345378,0.0061337632311851105,0.0,0.05582794857109503,0.4109199328647953,0.9832177477920832,0.9046897938248715,0.05980906865538876,0.026314398791736113,0.011770500880311847,0.005667106291610522,6.610696135189607e-05,0.28300798386654424,0.0969537090081733,6.610696135189607e-05,6.610696135189607e-05,0.6173975032626877,0.019623276611171588,0.51600763540713,1.0,0.8605180655863004,0.6079222356366412,0.8935258390745219,0.07459969083568022,0.2072556056533037,0.0,2.622090280991102e-06,0.03495323618330431,0.4292570765787711,0.03702801555006706,0.007241296349807856,0.013887421574803212,0.9999338930386481,0.140947138468824,0.22045733976057677,0.22726520979849885,0.4445199854830959,0.9251021212341515,0.24510129256665847,0.0,0.06802546815024584,0.3859440011321737,0.10647416092547808,0.8695723605932248,0.381824461481901,0.016782252207916803,0.09530758408484756
0.010239076187169273,0.24062131257596295,0.10814609411929557,0.0407716619647969,0.01800830955261359,0.3237265538444873,0.2270792691681653,0.05629213317364872,0.05105987776754634,0.4325805012376784,0.05843784684601171,0.24634911507522772,0.0,0.07307982159871651,0.005931342019732335,0.0,0.055877904288774226,0.4175379007692141,0.9831626121281569,0.9025971267652199,0.05995230511191733,0.02632532741280325,0.01170422369393751,0.005580498098542768,6.610696135189607e-05,0.2834129153161696,0.09706864630335808,6.610696135189607e-05,6.610696135189607e-05,0.6171055439709353,0.019664020732447458,0.5133427428357575,1.0,0.8604095250119371,0.607965393193265,0.8931981530043506,0.07489134042478893,0.20611433186401396,0.0,2.5841654177567485e-06,0.03502995835687253,0.43014945523633724,0.03655368604467212,0.007208675494101566,0.013882324710188193,0.9999338930386481,0.1414835531203164,0.2220699459598181,0.22759630842775905,0.44435080636468177,0.9218981324215408,0.24030814208901483,0.0,0.06651065338934645,0.38610326478700263,0.10680184699564942,0.8692307552864368,0.3763477673667719,0.01683738787184305,0.09740028906936235
0.01023414401462159,0.2399935065018418,0.10784673294061238,0.04074320131994119,0.01795417994967749,0.3239835178496372,0.22672038076552187,0.05550003307645705,0.051068320800389755,0.4335926285950261,0.06163392712784982,0.253502727259457,0.0,0.07463319956902652,0.005758456929304268,0.0,0.05602441645937531,0.42374093156362774,0.9830876074168549,0.9005829865627941,0.060078544485815656,0.02634649251609901,0.011642578033553211,0.005496048687734757,6.610696135189607e-05,0.283716725075097,0.09710133155254401,6.610696135189607e-05,6.610696135189607e-05,0.6168882063751864,0.019655948001995816,0.5107944329703699,1.0,0.8603336869480143,0.6080034565832981,0.8929890251206921,0.07519568537569374,0.2050782392680464,0.0,2.5447631934941467e-06,0.03510762909939495,0.43104923373754545,0.03609735279179391,0.007174867199115291,0.013878848013367298,0.9999338930386481,0.14200653646860273,0.22362796297472998,0.22796532753912988,0.4441932495230269,0.9187101248701544,0.23570283977017312,0.0,0.06503311348295929,0.3862380864873976,0.10701097487930784,0.868779898164931,0.37118082916832595,0.016912392583145162,0.09941446867401242
0.010195600102018532,0.23940374381595325,0.1075552600438952,0.04071692686533672,0.017902262347660264,0.32469715664280524,0.22640197946235222,0.05472962367242613,0.05106855207450958,0.4345812206758087,0.0648520787238118,0.2603525429893141,0.0,0.07612206776739126,0.005613551465283708,0.0,0.05626270792881478,0.4295498316416651,0.9829978227909714,0.8986684108090095,0.06018691956049161,0.02637743401563852,0.011585197433606143,0.005415201409438647,6.610696135189607e-05,0.28393354328888737,0.09706200281682503,6.610696135189607e-05,6.610696135189607e-05,0.616728588962579,0.019604812452069548,0.5083614353366948,1.0,0.8602867185162428,0.6080479257930946,0.8928832087042473,0.0755104137851244,0.20413371017489057,0.0,2.5034204113743264e-06,0.03518041786883878,0.43195180039422243,0.03562279485663866,0.007140414372101617,0.013876340462814106,0.9999338930386481,0.14257503734233118,0.22516904619319053,0.2283906286992903,0.4440526992416179,0.9155431088241187,0.23128602167399118,0.0,0.06359121371636595,0.3863385227416216,0.10711679129575269,0.8682268782860608,0.3663164581834444,0.017002177209028663,0.10132908577057907
0.01017694190486444,0.23882989420810288,0.1072659747037539,0.0406950979645601,0.017851584897975118,0.3251616267030758,0.2260935338754594,0.054019793347126456,0.05105856375424922,0.4355072335943526,0.06807966659970462,0.26688361592925824,0.0,0.07754145992575694,0.005492983327306244,0.0,0.05659000520536472,0.43498845590605034,0.9828891404523081,0.8968390077797916,0.06028738864460836,0.026417089732626676,0.011533869781307002,0.005338543812564352,6.610696135189607e-05,0.2840968277998687,0.09697577941837558,6.610696135189607e-05,6.610696135189607e-05,0.6165855049688935,0.019517003896598637,0.5060590036176281,1.0,0.8602777770707697,0.6081149303369303,0.8928684806545547,0.07583322000316382,0.20328446508489104,0.0,2.4609013936977835e-06,0.0352583134530441,0.43285532898030005,0.0351678045956763,0.0071226607273238126,0.0138746189621526,0.9999338930386481,0.1431246225263217,0.22660448780891293,0.22880492292978596,0.44391408025108164,0.9124033295036967,0.2270573804531137,0.0,0.06218076300347346,0.38639208633576344,0.10713151934544528,0.8675767747914714,0.3617270790090587,0.017110859547691898,0.10315853131881464
0.01013660983780329,0.23828376249837444,0.10698607172040378,0.040668037981115956,0.017803142665038137,0.3258262527748055,0.22580670509608824,0.05336494626153188,0.05104535160810081,0.4364090001200183,0.07129338654974109,0.2731008780392189,0.0,0.07889611930764183,0.005395013835211888,0.0,0.056997067324980354,0.4400817427416867,0.9827645168978124,0.8951052979713964,0.06037617380234962,0.026466418630209942,0.011520699067108571,0.0052653399235257055,6.610696135189607e-05,0.2842149117413706,0.09675033312506483,6.610696135189607e-05,6.610696135189607e-05,0.6163491034182773,0.019396656902382663,0.5038794087778486,1.0,0.8603032277777273,0.6081935598925946,0.8929338533873642,0.07616010244223044,0.2025158697252723,0.0,2.416965121580955e-06,0.03533365622390506,0.43376388401810634,0.034728850123108015,0.007094279946555177,0.013874071666133896,0.9999338930386481,0.1436598925445738,0.22803203172531547,0.22923442142910272,0.4437860247165667,0.9093099565478763,0.2230197131829325,0.0,0.06080065291463087,0.38641142627219355,0.10706614661263582,0.8668428302327892,0.35740238753304093,0.017235483102187563,0.10489228506348204
0.010126959358821854,0.23779999078450056,0.10670014589577656,0.040643408930059646,0.017756806195707287,0.3261531157015316,0.2255461728978332,0.052753045352480966,0.05102363935917261,0.43721370964374284,0.07448351933425133,0.27898307955796997,0.0,0.08017195778274992,0.005314794252193705,0.0,0.05748067269553887,0.4448345246263911,0.9826213284349669,0.8934587165641592,0.060463252840194215,0.026525369327605047,0.011490935072551153,0.005197777906594452,6.610696135189607e-05,0.2843377639474326,0.09657923605104751,6.610696135189607e-05,6.610696135189607e-05,0.6161103217356179,0.01925058734589963,0.5018471573003529,1.0,0.8603785644563043,0.6083156011868774,0.8930677320616582,0.07649078617613678,0.20183993683416543,0.0,2.3719810051159054e-06,0.03541311145804956,0.43467730887026435,0.03429841105001633,0.007062299375742884,0.013874472220086097,0.9999338930386481,0.1441922512932378,0.22943967335490562,0.22971764404231576,0.44366791615600637,0.9062658933198491,0.21916976314167716,0.0,0.05944947776094583,0.38636960456092895,0.10693226793834175,0.8660285411283244,0.35332553853944354,0.017378671565033147,0.1065389114548357
0.010107844728940375,0.23732726086119887,0.10643463222111081,0.04062064063260696,0.017713451527766252,0.3268796117745901,0.22530662143055077,0.05218088834822845,0.05099636339482274,0.43798144357299373,0.07764605739010252,0.28455555247457404,0.0,0.08138631961763305,0.005252859728837423,0.0,0.058039600749854856,0.4492879965303635,0.9824649365042764,0.8919208243088771,0.06053964154851471,0.026596528979951514,0.011462482283823126,0.005136986676851694,6.610696135189607e-05,0.28442779948130875,0.0964068805540141,6.610696135189607e-05,6.610696135189607e-05,0.6158472386834076,0.01908368943820846,0.4999458540055855,1.0,0.8604869213684633,0.608474682144605,0.8932611586325722,0.0768238510700326,0.20123158838669444,0.0,2.3258040362370257e-06,0.035486981404827395,0.4355849022968054,0.03384671806620927,0.007028831538415298,0.013875309624443024,0.9999338930386481,0.14473763918353794,0.23084979280854165,0.2302667535353205,0.44358359628301725,0.9032702531716891,0.2154985935198405,0.0,0.05812675901390365,0.38627245812655764,0.10673884136742778,0.8651365481801125,0.3494804150829421,0.017535063495723636,0.10807684988708664
0.01008743522088327,0.2368711663613236,0.1061830745585426,0.04059708111839893,0.017672242493993896,0.3276148093660505,0.22507629837023585,0.051644136465518485,0.05096140833316335,0.43871193133657094,0.0807751834091503,0.28981633039450594,0.0,0.08253734436015914,0.005207687642084751,0.0,0.05867284420929589,0.45346219464125315,0.9822940453499436,0.8904828933337819,0.06061198876072307,0.02665477780691256,0.01143777709878871,0.00508249646770543,6.610696135189607e-05,0.2845678755044178,0.0962514909233936,6.610696135189607e-05,6.610696135189607e-05,0.6156087688882884,0.01890153595392545,0.49818033684884633,1.0,0.8606352765743749,0.6086841629684251,0.8935116838716594,0.07715780633085376,0.20068621738798917,0.0,2.2787733684892637e-06,0.035557850312469816,0.4364894648783705,0.033404412783388196,0.006993705929635273,0.013876018105603917,0.9999338930386481,0.1452931264806298,0.2322307902350638,0.2308185500509918,0.44350847488095185,0.9003232806369242,0.21200333275664776,0.0,0.056827379065466026,0.3861081493894902,0.10648831612834067,0.8641693494598504,0.34585158797075766,0.01770595465005637,0.10951482789284955
0.01006748612651456,0.23643968890132752,0.10593896384982031,0.04057256392253465,0.017633194209652345,0.32832195260716074,0.22484594727074494,0.051143074773705804,0.05092113086292251,0.4394045904305007,0.08385960652438285,0.2947736194845836,0.0,0.0836380665020309,0.0051777595626832755,0.0,0.05937530680902193,0.457375214100173,0.9821083209411932,0.889141430972891,0.060680355711005975,0.02673498013885263,0.011415738328231687,0.0049916654064553305,6.610696135189607e-05,0.28464629262039687,0.09609743643289494,6.610696135189607e-05,6.610696135189607e-05,0.6154949955782871,0.018708378624156235,0.4965346540851099,1.0,0.8607980136292556,0.608930114859107,0.893783606074294,0.07749117040093101,0.2001914700282048,0.0,2.231067705354387e-06,0.0356219404452816,0.43739814892935897,0.03295893877789864,0.0069244798436092474,0.01387749956226791,0.9999338930386481,0.14585221005775234,0.23366800916105882,0.2315241348152057,0.4434734857392557,0.897432014851461,0.20869172643030648,0.0,0.05556391986871355,0.3858921255782098,0.10621639392570599,0.8631335227900471,0.34243331587162223,0.017891679058806866,0.11085633795940363
0.010047858245551527,0.23601040201133247,0.10569314121180895,0.04056897609268953,0.01759498628798021,0.32911444800588663,0.2246356651762071,0.05062035866469988,0.050845669730108,0.4400671983796599,0.08692113530400403,0.29952142307344165,0.0,0.08466607315599728,0.005167520808135799,0.0,0.06016041273702917,0.461027012299422,0.9819080307268483,0.8878977335428004,0.0607370164343261,0.026815555204026363,0.011396059976514245,0.00492437317606674,6.610696135189607e-05,0.2846715628659144,0.09592632630863826,6.610696135189607e-05,6.610696135189607e-05,0.6153519090697501,0.018506148573937214,0.4949362516010746,1.0,0.8610169985637834,0.6091649349709958,0.8941115422893515,0.07782226740606589,0.19976761618278716,0.0,2.1829111551396548e-06,0.03568463111324785,0.4382930961678597,0.032512784886879566,0.006880835448569588,0.013878176553958737,0.9999338930386481,0.14642318554178463,0.2350344944525542,0.23224182222018502,0.4434462035935397,0.8945727161220588,0.20554232532548375,0.0,0.05431692828021936,0.3856675442208684,0.10588845771064852,0.862017319856905,0.3392053715177909,0.018091969273151733,0.11210008354604444
0.010029656305289568,0.23563706684429184,0.10546019751795808,0.04056303559826061,0.017559962969919244,0.3297942103386599,0.22442357534022803,0.05012832894056835,0.05076540514806563,0.4406652751623085,0.08993198795549759,0.30401718441288084,0.0,0.08563572712124815,0.005173807385437,0.0,0.06101396775198574,0.46443938606846946,0.9816920718874259,0.8867446474724084,0.06079000709520219,0.026899961086159135,0.011379149243254377,0.004858899818347011,6.610696135189607e-05,0.28469244064950633,0.09575612353006559,6.610696135189607e-05,6.610696135189607e-05,0.6152093593363782,0.01829817955564573,0.4934307800252636,1.0,0.8612700622948574,0.6094222519207203,0.8944771500124886,0.07814831739507264,0.19939529547894713,0.0,2.1343701073024263e-06,0.0357471490944247,0.4391933575914893,0.03206060823136108,0.0068426606323165095,0.013878759571698844,0.9999338930386481,0.14700492901072693,0.23636411102029922,0.23296391236389474,0.4434239523206325,0.8917698324888567,0.20255203556185564,0.0,0.053094210583894574,0.38540394069384265,0.10552284998751142,0.8608377148529417,0.33616531845258346,0.018307928112574128,0.11325321815748422
0.010012890572665455,0.23526480734979363,0.10521208084960353,0.04055652280181811,0.01752752988456488,0.33057884916495733,0.22430190925565335,0.04967164659609388,0.050683368947661595,0.4412389464699715,0.09288461938685039,0.30826898489015914,0.0,0.0865512924512428,0.005196039649902129,0.0,0.0619326718628902,0.4676364333065516,0.9814617611306735,0.8856841788197438,0.060838050338716664,0.026987141125804803,0.01133199983990756,0.0047947147014025405,6.610696135189607e-05,0.28470099912255004,0.09569127624028542,6.610696135189607e-05,6.610696135189607e-05,0.6151724857187987,0.018087187000680256,0.49202315802023927,1.0,0.8615541667411732,0.6096962777298229,0.8948749274667611,0.07846884030153958,0.19907417341577643,0.0,2.0856762917696936e-06,0.03580954548362194,0.44009240595292176,0.03160423663515188,0.0068071116898635415,0.013879355912826572,0.9999338930386481,0.14759764760183536,0.23766097226402513,0.233692085168267,0.4434099236363634,0.8890281936124693,0.19970785708960154,0.0,0.051894540807583996,0.3851076826202749,0.10512507253323893,0.8595984878355702,0.33328939327767193,0.018538238869326432,0.11431373550396445
0.009997009043906187,0.2348936432611453,0.10499732866110267,0.040547673715129545,0.01749705216184604,0.3314061587404168,0.22413089897561816,0.04923852069315275,0.05059663099670834,0.4417868095298843,0.09577338511950269,0.3123117962729267,0.0,0.08742738565107089,0.0052364378395368255,0.0,0.06291555297133301,0.47065097662570626,0.9812171837198275,0.8847118435471483,0.06087765334842121,0.027076617568371607,0.011306315257680801,0.004731348684319942,6.610696135189607e-05,0.28466358054115626,0.0955654029106644,6.610696135189607e-05,6.610696135189607e-05,0.6151331217234183,0.01787507008234049,0.49068397191908325,1.0,0.8618546871251402,0.6099679798292453,0.8953010227826453,0.07878176446585806,0.1987825666583048,0.0,2.036904011307017e-06,0.03587070640377161,0.44099320238772927,0.03114812617199389,0.006773124434357789,0.013879851446234496,0.9999338930386481,0.14815569195401546,0.23895131259035918,0.23442860188994155,0.44341861658660237,0.8863515447981568,0.1970042318079901,0.0,0.05071792722378893,0.38479558233121786,0.10469897721735465,0.858302682562809,0.330566456715989,0.018782816280172573,0.11528611954884038
0.009982073695013239,0.23454500038216267,0.10479907198117538,0.04053835564918915,0.01746849608011695,0.33230112453049737,0.22395752347358716,0.048827350035739014,0.0505040141424468,0.4422972727964902,0.09859524261131797,0.31614458892371755,0.0,0.08825777504214816,0.005293947495558619,0.0,0.06395932407083708,0.4734877694330331,0.9809582229205357,0.8838229955470499,0.06091242300648386,0.02716822143447649,0.011290016691504015,0.004701488593009157,6.610696135189607e-05,0.2846130872243839,0.09542329935824351,6.610696135189607e-05,6.610696135189607e-05,0.614925507648258,0.01766461474265799,0.4894213717092086,1.0,0.862179418017431,0.6102459314601828,0.8957500283342942,0.07908727708677672,0.1985274913020846,0.0,1.9881250280990036e-06,0.035964697006448366,0.44190852490670823,0.03072939650491029,0.006737752932331376,0.013880241478645434,0.9999338930386481,0.14867439578708497,0.24020446809070584,0.23516413466163416,0.4433832431190498,0.8837401426460241,0.19443403936707385,0.0,0.04956280694042079,0.38446012104425853,0.10424997166570578,0.8569533988423862,0.3279847392648822,0.019041777079464278,0.116175016327922
0.009966454251543317,0.23423201256703596,0.10461194024704895,0.040520794949223865,0.01744268600427883,0.33299051746612257,0.22377825390363587,0.048462783611726706,0.050421419126000816,0.44277172184926455,0.10134387832186242,0.3197069414777747,0.0,0.08905343945230716,0.005363377256245092,0.0,0.06505607401072389,0.47617530325860336,0.9806850753356507,0.8830192319394676,0.060944854767864105,0.027263047280902526,0.011277839325764696,0.00465867467155626,6.610696135189607e-05,0.2845834426259524,0.09529416278940037,6.610696135189607e-05,6.610696135189607e-05,0.6147146269832315,0.017457572316609028,0.4883002382076518,1.0,0.862508570067148,0.610587952033174,0.8962006324785562,0.07938375851765564,0.19828721526184567,0.0,1.9393664183769288e-06,0.036032351316824696,0.4428402878022109,0.030300754375783893,0.00669635620304885,0.013880860392957682,0.9999338930386481,0.14921982255804858,0.2414626166107881,0.23601217293987034,0.44336429048499304,0.8811985493615285,0.19199282031457354,0.0,0.04843799048054486,0.38404867071058096,0.10379936752144377,0.8555601674716204,0.3255374814795509,0.019314924664349253,0.11697882869411404
0.009952332374560011,0.23393259417930504,0.10443286194907633,0.04050528686821645,0.01739915558488297,0.33374675494479195,0.2235965249794912,0.048111610731689076,0.05037885118438923,0.4432337739386705,0.10402290191738287,0.3230477115211034,0.0,0.08980702321655004,0.005446589577793622,0.0,0.06620585263264057,0.47870866764407466,0.9803982258876672,0.8822977067580794,0.06097914807132076,0.027359729322779473,0.011269238210358681,0.004610543113973068,6.610696135189607e-05,0.28458233006071404,0.0951761848499007,6.610696135189607e-05,6.610696135189607e-05,0.614511215265293,0.017256759398551244,0.48727669638067567,1.0,0.8628560541467055,0.6109639144674657,0.8966631343287694,0.07967624879093727,0.19808095101455714,0.0,1.8908871682481622e-06,0.03609595686449385,0.44377028614075725,0.029860092643750138,0.006654652494462236,0.013880890922762049,0.9999338930386481,0.14978948433756362,0.24272388615847457,0.2368764669146152,0.4433593886012798,0.8787203386840658,0.18967559209822096,0.0,0.04733692263674441,0.3835894959547407,0.1033368656712306,0.8541178985764222,0.3232103813413682,0.01960177411233274,0.11770040235475236
0.009938750153734759,0.23363758691290928,0.1042573215851885,0.04049198691413395,0.017370366356193073,0.3345677816535689,0.22342148616214644,0.04777396948057639,0.050287411643966606,0.4436669898312926,0.10663705600728668,0.326202575437117,0.0,0.09052192770031453,0.005545106335036904,0.0,0.06740631811112076,0.4811013048519211,0.9800984563454295,0.8816572943710875,0.06101169208154161,0.027460035366948934,0.011263168756997562,0.004565329692431668,6.610696135189607e-05,0.2845784272897824,0.09506942489110634,6.610696135189607e-05,6.610696135189607e-05,0.6142855147900392,0.017062716339083465,0.48631797383142655,1.0,0.8632210442698125,0.6113513935258199,0.8971387331865508,0.0799626314944662,0.19790614860728242,0.0,1.8427039762868509e-06,0.036157794574375374,0.4446973301074564,0.029406753458087954,0.00661366684250605,0.01388302348130376,0.9999338930386481,0.15036098269282266,0.2439857830817587,0.23777955425244296,0.44337469860443723,0.8763002276536299,0.1874794507314565,0.0,0.04625702802987295,0.3831035001391431,0.1028612668134492,0.852631050394413,0.3209925465407965,0.019901543654570496,0.11834086292493619
0.009925765848049396,0.23335475061128444,0.10409229944750857,0.040479707982647405,0.017346556722846254,0.3354181943521147,0.2232525706307493,0.04748333425484688,0.0501801293831162,0.4440634966256244,0.10918672818534482,0.32917849037006897,0.0,0.09119693123512729,0.005659024714918051,0.0,0.06865663274652219,0.4833619402418668,0.9797853612398693,0.881092266080813,0.061042808524526794,0.027561600778824018,0.011259542794914517,0.004524584583291651,6.610696135189607e-05,0.2845830288987178,0.09497469389155977,6.610696135189607e-05,6.610696135189607e-05,0.6140680186061648,0.0168766480824013,0.48542555938320936,1.0,0.8636061424562476,0.6117549782669882,0.8976272507227627,0.0802422418779869,0.19775999670997638,0.0,1.7948997162980825e-06,0.03621851811911578,0.44562886415079744,0.02895152328843,0.006571857534054706,0.013883483836748874,0.9999338930386481,0.15094733277465908,0.24524157964996254,0.23868637773517803,0.4433940631797397,0.8739366237322539,0.18539595024672173,0.0,0.045196926308625165,0.38258599701809376,0.10237274927723725,0.851101125375491,0.31887806304815686,0.02021463876013073,0.11890593901947066
0.009913347736951605,0.23308818869712836,0.10393612314258865,0.04046385727514344,0.017326170540175267,0.3362722580742544,0.22308869781274662,0.04719259827157672,0.05006672215320254,0.44443595070012265,0.11167091360958398,0.33197694980466547,0.0,0.09183273088906609,0.005788219890188782,0.0,0.0699537583167507,0.4854975566474794,0.9794591651548,0.8805975935632973,0.06107149250374032,0.027664138702426407,0.01125741104609603,0.004487356166128697,6.610696135189607e-05,0.2845884268539543,0.09489234766820073,6.610696135189607e-05,6.610696135189607e-05,0.613818743417006,0.016699406773240225,0.484604121567844,1.0,0.8640096870508238,0.6121812323487608,0.8981252615713362,0.08051516451596144,0.19763885758388258,0.0,1.7475419568918195e-06,0.036278685174575734,0.4465655443450992,0.02849011538573243,0.0065295372137159705,0.013883364604886568,0.9999338930386481,0.15154672803363317,0.2464885094531642,0.23965293156688514,0.443416626960386,0.8716296796171759,0.18341892862749049,0.0,0.044157582060110064,0.3820305477610505,0.10187473842866379,0.8495310771672878,0.3168635857686381,0.020540834845199963,0.11940065889474583
0.009901394186572996,0.23283383378686676,0.10378826801051017,0.04044965319315565,0.017307657341240498,0.3371356689977064,0.2229259311488645,0.04690911596285267,0.04994600809784397,0.44478578578279027,0.11409149878318657,0.3346060055996465,0.0,0.09243409665419054,0.005932756131200854,0.0,0.07129537679793455,0.4875203230662473,0.979119798544375,0.8801704003858538,0.06109916740444392,0.027767988513707872,0.01125668978703615,0.004453499065141789,6.610696135189607e-05,0.2846035068460292,0.09482246485943172,6.610696135189607e-05,6.610696135189607e-05,0.6135406448371352,0.016531622636434914,0.48385179054796085,1.0,0.8644264741390064,0.6126282434434369,0.8986294008985699,0.08078122606879602,0.19753945421926464,0.0,1.7007077068187197e-06,0.03633873335992382,0.44750901892683415,0.028022129626683195,0.006489204673322116,0.013882537094349055,0.9999338930386481,0.15215854848294422,0.24773310809750454,0.24064808430337575,0.4434410040276678,0.8693768785803785,0.18154220385239273,0.0,0.04313942920680302,0.3814390004253623,0.1013705991014301,0.8479233971332694,0.3149402227144881,0.020880201455624962,0.11982789890643944
0.009889781585859484,0.2325905982877728,0.1036491827910887,0.04043578024863526,0.017290879580069574,0.3380014688375163,0.2227638659992956,0.046637419517720394,0.04982003528071534,0.44511393459272114,0.11644895152777726,0.33707386006136414,0.0,0.09300357067710212,0.006092825233244112,0.0,0.07267830332956797,0.4894396558079741,0.9787672091288125,0.8798067085560484,0.06112618939050249,0.027873189722058482,0.011257335890372725,0.00442242375164967,6.610696135189607e-05,0.2846287908456868,0.09476646469984377,6.610696135189607e-05,6.610696135189607e-05,0.6132374159503361,0.01637372877797641,0.4831654470476959,1.0,0.8648543341338912,0.6130931546185967,0.8991382740529533,0.08104041156187049,0.1974596188684127,0.0,1.6544670347071788e-06,0.036398656968281186,0.4484602206168742,0.02754695392399099,0.006446651135137796,0.013881415868511864,0.9999338930386481,0.15276828102657888,0.2489746037141556,0.24167743842830725,0.44347838845079784,0.8671773196942464,0.17976069289094004,0.0,0.04214209518900651,0.38081402014815924,0.10086172594704665,0.8462812851085616,0.31310072532361327,0.021232790871187422,0.12019163697691698
0.009878365997793402,0.2323571550481137,0.10351855835036762,0.040422779615722285,0.017275577240364742,0.3388651580113195,0.22260461910430374,0.04637628571965233,0.049689063991345137,0.4454212983015745,0.11874902672429337,0.33938930500259246,0.0,0.09354296516765581,0.006268823922055767,0.0,0.07410154721353897,0.49126387699671864,0.9784015662650376,0.8795031582798337,0.061152393048665196,0.02797925078471934,0.011259228528761015,0.004394139204222857,6.610696135189607e-05,0.284663531667551,0.09472717373823432,6.610696135189607e-05,6.610696135189607e-05,0.6129090165504331,0.01622640864735374,0.48254104723795366,1.0,0.865291814749153,0.6135763041451276,0.8996501073248435,0.08129333280732719,0.1973971916512193,0.0,1.6088797184361255e-06,0.036458093673679005,0.44941844414452575,0.02706768156789719,0.006398582173210883,0.013879920313915372,0.9999338930386481,0.1534008231766327,0.2502470500255889,0.24275684450162924,0.44351311814647204,0.8650245646283529,0.17806964775945391,0.0,0.04116522008319123,0.38015487193281655,0.1003498926751565,0.8446051199791339,0.31133893135206203,0.021598433734962393,0.1204952328404479
0.009867067518169525,0.23213329507149819,0.10339314914109858,0.040411447404440734,0.01726158781079415,0.33972092248111807,0.22244341435462173,0.046121738272720925,0.049550940132403576,0.4457115843490889,0.12099692658851671,0.34155990855559193,0.0,0.09405368259199146,0.006461195887851697,0.0,0.07556359812944208,0.49299816942168456,0.97802251647652,0.8792558880662901,0.06117841741009867,0.028084974968594575,0.011262034803891664,0.004368768071216241,6.610696135189607e-05,0.2847143190134117,0.09470221234832565,6.610696135189607e-05,6.610696135189607e-05,0.6125630034748499,0.016089737778348177,0.48197540059038535,1.0,0.8657375117239479,0.6140805379489603,0.9001633425393686,0.0815398891298662,0.19735015366784775,0.0,1.5639986101533348e-06,0.03656871084832235,0.45040026596002886,0.026582018894210524,0.006347206954674988,0.013878771192459172,0.9999338930386481,0.1540396671688688,0.2515469613266997,0.2439078146717321,0.4434989526123503,0.8629133356331351,0.17646469085402275,0.0,0.04020880568406066,0.37945826616318795,0.09983665746063142,0.8428965127406918,0.30965167691046763,0.021977483523479953,0.12074254793509977
0.009852357726024668,0.2319219779947185,0.10327415068979753,0.04040184935027016,0.017248911018768208,0.3403223333744367,0.22227825023221198,0.045873667064569516,0.04940864283242743,0.4459900108370191,0.12320620368273105,0.3436010719638775,0.0,0.09453956215391889,0.006670329232464763,0.0,0.07707065013180779,0.49467263082105883,0.9776303394162297,0.8790681853879996,0.06119449914467312,0.028189155636464198,0.011265494445174797,0.004312489945569699,6.610696135189607e-05,0.2847136453460105,0.09467922288772271,6.610696135189607e-05,6.610696135189607e-05,0.6123707468985752,0.015960274015601347,0.4814582312524465,1.0,0.8661859952902089,0.6145778642884089,0.9006702313173219,0.08177251734095732,0.1973054941860769,0.0,1.519795332206238e-06,0.03664321022747943,0.4514051247092327,0.02609167517211915,0.006297894770311292,0.013877421778254847,0.9999338930386481,0.15469115298971245,0.2528530338724068,0.2451181844362397,0.4435036285626847,0.8608335223016677,0.174940696783676,0.0,0.03927444255587226,0.3787518064791263,0.0993297686826781,0.8411568325272349,0.3080218749928642,0.02236966058377037,0.1209302948166682
0.009838495260077998,0.23170494845416603,0.10315354258096697,0.040401760438896595,0.017236483372167016,0.341044592859617,0.22216289989794896,0.04560846990134949,0.049244982048693105,0.4462485026526415,0.12537334976866127,0.3455830591917326,0.0,0.09498750028691941,0.006903489812616665,0.0,0.07862052455212909,0.4962626245481554,0.9772237083249603,0.8789302380051497,0.06120745369438513,0.02829204245966097,0.011268782888794413,0.004275855179589447,6.610696135189607e-05,0.284674109153616,0.09464271822466647,6.610696135189607e-05,6.610696135189607e-05,0.6121536522748621,0.015839409870827808,0.4809277981607843,1.0,0.8666571800160078,0.6150076285958729,0.9011886690028748,0.08199804678246005,0.19729391781761416,0.0,1.4764675542910822e-06,0.03671317603492523,0.45241202366182154,0.025592593426171956,0.00625386432745004,0.013875454028589168,0.9999338930386481,0.1553561280521021,0.254160296060397,0.2462950528891282,0.4435209962417533,0.8587872403605109,0.1734891426474831,0.0,0.03835531969707287,0.3780888815915105,0.09881133099712527,0.8393814286654109,0.3064434576342305,0.022776291675039688,0.12106828552729608
0.009825770647693393,0.23149628496920116,0.10303546313699324,0.040399901749908367,0.017225871169268596,0.3418219186123722,0.22203838413140392,0.045353707635224116,0.04908197574603015,0.44649625005546206,0.1274935068226787,0.34746156111267656,0.0,0.09541017103367772,0.007158459808532785,0.0,0.08020402395668048,0.4977773739493932,0.9768015176337904,0.878833984909449,0.061220997562170976,0.028394852933720398,0.011272286214740796,0.004248640427760541,6.610696135189607e-05,0.28464631738346785,0.0946099150058746,6.610696135189607e-05,6.610696135189607e-05,0.6119012470865943,0.015728249825818354,0.4804316476807907,1.0,0.8671340028888695,0.6154386106843371,0.9017086161485361,0.08221778648724976,0.19729762557024538,0.0,1.433942381918634e-06,0.036781742077335075,0.4534266562942487,0.02508245228131462,0.0062017259947573,0.013873555015996158,0.9999338930386481,0.15603050342090655,0.2554971499548649,0.24752833301576302,0.4435523772674273,0.8567782433515029,0.17210679120653274,0.0,0.03745582607745269,0.37740292950713,0.0982913838514639,0.8375781895560698,0.3049250004803615,0.023198482366209583,0.12116458114816918
0.009813487497402523,0.23129421274990614,0.10292397505743248,0.04039715209757718,0.01721601979576863,0.34261411175214396,0.22190187140152492,0.04510764848323811,0.04891627756643464,0.446734095798307,0.12957730622613992,0.3492263170423985,0.0,0.09581329408463672,0.007434917836083821,0.0,0.08182114855627189,0.499226769051667,0.9763642729620161,0.8787791523245229,0.061235433846246294,0.02849713653947104,0.011276531547971357,0.004227525180791064,6.610696135189607e-05,0.2846408039429069,0.09459087210588664,6.610696135189607e-05,6.610696135189607e-05,0.6116095903479319,0.01562752255878416,0.4799844479942088,1.0,0.8676094899006832,0.6158984448273555,0.9022245961409275,0.08243291864293376,0.19730949138879345,0.0,1.392218838857733e-06,0.03684920172593053,0.45444856985288007,0.02456325169427956,0.006148966862347262,0.013871152371223326,0.9999338930386481,0.15671594127318844,0.2568363338163535,0.24884183222272874,0.4435912188129904,0.854795171215076,0.1707892349633927,0.0,0.03657721601468012,0.37666663733656075,0.09777540385907245,0.8357459328007943,0.3034637395595395,0.023635727037983868,0.12121945545663827
0.009801383193481353,0.231098403907374,0.1028196182513657,0.04039269973617854,0.017206845680979098,0.34340254292453803,0.22175476567449742,0.044872635483764765,0.048745751549456866,0.44696157016677257,0.13162743511635946,0.35087595336487803,0.0,0.09619944367355489,0.007732894947344685,0.0,0.0834688834029031,0.5006168356498911,0.9759120390479655,0.8787639985472115,0.061251373450821156,0.028599138536586886,0.011281469855904199,0.004216047307325162,6.610696135189607e-05,0.28466085769931543,0.09458993814713983,6.610696135189607e-05,6.610696135189607e-05,0.611255918282903,0.01553742145486488,0.47958920156763274,1.0,0.8680810902275204,0.616387545025997,0.9027342703372847,0.08264384791269211,0.19732681436138194,0.0,1.351319266840481e-06,0.03688260238668084,0.45547041986029674,0.024032861492138645,0.006094821648624472,0.013867979880665453,0.9999338930386481,0.15741268866659233,0.2581825349969576,0.2502097670790225,0.443672499979216,0.8528351434287756,0.16953484506748925,0.0,0.03571946609892469,0.37587956002665834,0.09726572966271524,0.8338872686844049,0.30205634998872694,0.02408796095203443,0.12123465013352165
0.009791624967812173,0.23090691093762372,0.1027232581386516,0.040384911930213575,0.01719837706038442,0.3443326429401931,0.22159743067453644,0.044651164591342045,0.048570202704160216,0.44717561401483374,0.1336420746678568,0.35239755863606376,0.0,0.09657101955546235,0.00805144518615772,0.0,0.08513917585615409,0.5019400070896938,0.9754445433446184,0.8787826740749778,0.06127612082642711,0.02873421621872002,0.011287282781335527,0.004200042116717339,6.610696135189607e-05,0.28466305266295894,0.09461186512691226,6.610696135189607e-05,6.610696135189607e-05,0.6107929154689744,0.015460607659522672,0.4792591265237514,1.0,0.868547025815506,0.616933762514596,0.9032374400087303,0.08285659646922819,0.19735231481204815,0.0,1.3113006223294922e-06,0.0369412167602248,0.45649644440879306,0.02352413240453508,0.0060385998365201435,0.013864515038221776,0.9999338930386481,0.15806233042736612,0.2595012505601345,0.2516143044340653,0.44374398475487753,0.8508973176726206,0.16834331484018478,0.0,0.03488195462903164,0.3750147922992462,0.09676255999126972,0.8320042276746177,0.30070767809825805,0.024555456655381565,0.12121601462439997
0.009780874507426644,0.2307179192889667,0.10263009330794089,0.04037909009189612,0.017190760836725102,0.3452018869219302,0.2214497905526152,0.044434718568264475,0.04838795900502299,0.44737845573198937,0.13562667300498474,0.35381619842473877,0.0,0.09690666013911615,0.008392972929765558,0.0,0.08683307850618806,0.5032096892131233,0.9749625694708122,0.8788389746816465,0.06129940083362491,0.02885765278415369,0.01129321259633549,0.004182378698886985,6.610696135189607e-05,0.2847219660546876,0.09466479864831455,6.610696135189607e-05,6.610696135189607e-05,0.6103463885046169,0.015394858369695239,0.47898520148009627,1.0,0.8690428945901003,0.6175063849329108,0.9037737390012172,0.08306593796554661,0.19738973720689237,0.0,1.2721315076044142e-06,0.03700414217418492,0.45752853474380734,0.023003219839497494,0.005982634138478597,0.013861033372571798,0.9999338930386481,0.1587364753856923,0.2608384634267832,0.2530588271158621,0.4438127932803601,0.84897846862532,0.16719860009516502,0.0,0.0340504452707835,0.37410064213732375,0.09622626099878283,0.8301009835282653,0.29940057357998445,0.025037430529187873,0.12115975318684596
0.009769206192041519,0.2305350460484545,0.10253900538746935,0.04037458410106196,0.01718389050842895,0.34599564404983063,0.22130359770001887,0.04422219051880929,0.048199795942641815,0.4475721776709307,0.137582737257205,0.3551508253280648,0.0,0.09721778528278922,0.00875934027086359,0.0,0.08854893540947238,0.5044302694903998,0.9744655425145149,0.878928781505299,0.0613210964548867,0.028975688789816895,0.011299311754452947,0.004164220380575981,6.610696135189607e-05,0.28479362873777847,0.09473500308712239,6.610696135189607e-05,6.610696135189607e-05,0.6099172409739976,0.015339275647141541,0.47874298759721307,1.0,0.869551273700214,0.6180725417051616,0.9043195655265858,0.08327028745165899,0.19743493432871767,0.0,1.2338348359638597e-06,0.037067744761830695,0.458576847968315,0.0224744344229665,0.005926851320137063,0.013857577223110621,0.9999338930386481,0.15942171500892421,0.2621893564988313,0.25453744090154196,0.4438803175570542,0.8470779870956534,0.16610618707472208,0.0,0.033230941016996696,0.37316811802397487,0.09568043447341429,0.8281807771388686,0.2981347961808824,0.0255344574854851,0.12106998465986506
0.009756990578810255,0.23035632553841764,0.10245046991532869,0.04037085716482537,0.017177594957696853,0.34674282659488126,0.221157761410356,0.044012651223247025,0.04800633717513628,0.44775793623814586,0.1395120461835899,0.35641096034780284,0.0,0.09750913507428925,0.009152182799943984,0.0,0.09028487168617585,0.5056052944264616,0.9739531251117765,0.8790493203869212,0.061341396305298834,0.029090550177297173,0.01130538841173884,0.004146022869753794,6.610696135189607e-05,0.28486677317895054,0.09481648037905344,6.610696135189607e-05,6.610696135189607e-05,0.6095031162232162,0.015293694713370954,0.47852428003498926,1.0,0.870065291027093,0.6186237904270583,0.9048659495048468,0.08347067743385311,0.19748755520942998,0.0,1.1964319860522957e-06,0.03713182667503228,0.4596405016370568,0.021923734777043683,0.005871336787815261,0.013854057421604341,0.9999338930386481,0.1601422276024282,0.2635675644596248,0.2560598798259179,0.44394804147129013,0.8451942591030391,0.16506475961720798,0.0,0.03242557389861779,0.37222402677299776,0.09513405049515329,0.826244450879971,0.2969071503641085,0.026046874888223544,0.12094948318109275
0.009744375498574886,0.23017947451736237,0.10236621326301039,0.04036764863338611,0.0171717922195254,0.3474644039649225,0.221008221188808,0.04380544685561514,0.047807664259418424,0.4479372846448782,0.14141798478597542,0.3576035670320755,0.0,0.09778358618424994,0.009573353103047962,0.0,0.09204049332704675,0.5067392496242896,0.9734251019078336,0.8791976991888241,0.061360401532773466,0.02920328311873009,0.011311729346705914,0.004127952110307672,6.610696135189607e-05,0.2849377155632609,0.09490391344115646,6.610696135189607e-05,6.610696135189607e-05,0.6091017560757798,0.015257757402562014,0.47832448057555,1.0,0.8705812912395801,0.6191590348366642,0.9054093137332945,0.08366739702850025,0.19754667571914442,0.0,1.1599274453093043e-06,0.037196321971317184,0.4607193873677346,0.021377311155148952,0.005815794090439283,0.013850581430506754,0.9999338930386481,0.16085276241657767,0.2649476968003762,0.2576097751308667,0.4440151196749872,0.8433242578114626,0.16407195239237454,0.0,0.03163512257617007,0.37126761206028774,0.0945906862667055,0.824292109644453,0.2957140746565659,0.02657489809216643,0.12080114088373062
0.009731510311968672,0.2300054981140959,0.10228358066433756,0.040364895750229834,0.0171663389327991,0.34816175833528196,0.22086061255767295,0.04360050095112694,0.04760423756089357,0.44811031688798264,0.14330009907124308,0.35873353265314456,0.0,0.09804266704217404,0.010024443985262126,0.0,0.09381220128011407,0.5078341028712721,0.972881053671384,0.8793717218613666,0.06137820952206079,0.02931436593990012,0.011317504777068672,0.004110086796810888,6.610696135189607e-05,0.28500471337171346,0.09499784628187431,6.610696135189607e-05,6.610696135189607e-05,0.6087117541186318,0.015231402789641026,0.47814177905337485,1.0,0.8710974114820158,0.6196749408688287,0.905948336762784,0.08386163928243495,0.1976121861135175,0.0,1.1243227297171484e-06,0.03726117011304976,0.4618118515002825,0.020804329116036913,0.0057605959506916195,0.013847005841372474,0.9999338930386481,0.16160658123499638,0.2663592955192106,0.2592078160032954,0.44408329985558004,0.8414684981391158,0.16312468829348065,0.0,0.030859921475810223,0.3703006151459091,0.09405166323721602,0.822326159437451,0.2945537110152105,0.02711894632861602,0.12062715381590369
0.009718374637811366,0.22983182943208966,0.10220518064102373,0.040362431241817924,0.017161240884346316,0.34884585744970387,0.2207087347630238,0.04339726111048483,0.04739589083863515,0.44827881858393437,0.14516202834973074,0.35980625892059914,0.0,0.09828807719950255,0.010507589425089227,0.0,0.0956000957385789,0.5088944445986936,0.9723208785577561,0.8795688507294401,0.061394946162736865,0.02942409775280887,0.01135676095015452,0.004059139179657919,6.610696135189607e-05,0.285066197372544,0.09498968206807626,6.610696135189607e-05,6.610696135189607e-05,0.6083853949851955,0.01521416330273758,0.47797345278572584,1.0,0.871612045277515,0.6201725265766148,0.9064827789728304,0.08405315532382875,0.19768280920908235,0.0,1.0896094526135736e-06,0.03732632888730345,0.46291876295055345,0.020239917010991176,0.005705411005143235,0.013843515235959645,0.9999338930386481,0.1623431102676529,0.26776851226678416,0.26082994138616655,0.4441509476201027,0.8396238083475317,0.162220288293675,0.0,0.03009987752298243,0.36931988399829596,0.09351722102716963,0.8203467489375924,0.29342274619222414,0.027679121442243958,0.12043005966110719
0.00970456665353916,0.22965636221042873,0.10211145816271787,0.04037161451969332,0.017156078496977825,0.34959379860680995,0.22060173144011344,0.043173013841419555,0.0471688109025086,0.44844278257198017,0.14700386142748284,0.3608848381344571,0.0,0.0984959701648091,0.01103137707163098,0.0,0.09740352507422623,0.5098986652043627,0.9717441407918076,0.8797872490391879,0.06140718988139146,0.029533121349683816,0.011375886236142682,0.0040237408297898875,6.610696135189607e-05,0.2850811581296899,0.09502086814228469,6.610696135189607e-05,6.610696135189607e-05,0.6080738376304301,0.015204318028078914,0.477762645297848,1.0,0.8721529134817141,0.6205662142331724,0.9070244764440618,0.08424062569582222,0.19778652671294153,0.0,1.0557392619412352e-06,0.037392789888502566,0.4640363304168598,0.019663410877872215,0.005654056598205248,0.013839870561271787,0.9999338930386481,0.16310168120614651,0.2692006636725722,0.2624227419327589,0.44421880945061004,0.8377918205444382,0.16135251656769495,0.0,0.029351116353476817,0.36840240869519664,0.09297552355593816,0.8183558492299515,0.2923148080826959,0.028255859208192437,0.12021169522155012
0.009690736968927794,0.22947981332966974,0.10202022399412593,0.04037952125041776,0.017151734266670805,0.35031161956318774,0.22049848519112203,0.042949321553499016,0.046942559533788654,0.4486043958108958,0.1488226826219324,0.36193688065149787,0.0,0.09868611232128692,0.011596523733611306,0.0,0.09921761359697273,0.510864354404826,0.9711499030763934,0.8800225395415134,0.06141762511403701,0.029641874144997703,0.011386790045574288,0.003996878395340076,6.610696135189607e-05,0.28508216618809795,0.09507269222032866,6.610696135189607e-05,6.610696135189607e-05,0.607764747687266,0.015202205681082008,0.47754649402369564,1.0,0.872697219998134,0.6209172425787394,0.907567504812015,0.08442499124495387,0.1979012201527189,0.0,1.0227030787774726e-06,0.03745983643971309,0.46516600830416277,0.01907650213572462,0.005603203013737418,0.013836559110247719,0.9999338930386481,0.16387473469409308,0.2706396287625438,0.26405760064335987,0.44428771791725746,0.8359751116969856,0.1605166253248065,0.0,0.02861666768057915,0.3674862336876494,0.09243249518798502,0.8163573951580735,0.2912344254424551,0.02885009692360662,0.11997643775540781
0.009676908113413991,0.22930333416807247,0.10193427495273587,0.04038470938756204,0.01714746553821443,0.35099549148815207,0.2203874911542316,0.04273235982487468,0.04671685565259072,0.4487644467314105,0.1506191058875378,0.36294629708403886,0.0,0.09886656327653848,0.012203903173749692,0.0,0.10103945628298608,0.5118011972684835,0.9705379860455995,0.8802727441710535,0.06142746230541953,0.029750010793520975,0.011393826198952905,0.003997289535745895,6.610696135189607e-05,0.28508653059764527,0.09513505236004954,6.610696135189607e-05,6.610696135189607e-05,0.6073550483647523,0.015208036198802498,0.477343656008321,1.0,0.873236189017037,0.6212516319052456,0.9081089876575223,0.08460738778752454,0.1980176337966952,0.0,9.90496264938149e-07,0.03752691720062323,0.4663077599960854,0.01847962694627934,0.005551025786985626,0.013833180150281418,0.9999338930386481,0.16466134285036957,0.272094546241449,0.2657411474529834,0.44435764513408094,0.8341728579136597,0.15971004690764015,0.0,0.027897247706424586,0.3665444649210048,0.09189101234247767,0.8143531559294893,0.2901811689348213,0.02946201395440049,0.11972626533268156
0.009663342295334856,0.22913436130921516,0.1018576344487297,0.040380624125633674,0.017143504647487682,0.351618107209358,0.22025384086977884,0.04253931103501706,0.046498799081664606,0.44892114733155875,0.15239385123665672,0.3638571933841867,0.0,0.09904953285325413,0.012844825951834605,0.0,0.10286261163185668,0.512720753570558,0.9699083810935965,0.8805367331166366,0.06144223095829108,0.02985780436101602,0.011399419642503399,0.003986892308039091,6.610696135189607e-05,0.2851424439818174,0.09522897554199015,6.610696135189607e-05,6.610696135189607e-05,0.6069581922664296,0.015222816856562661,0.4772075877213627,1.0,0.8737548354102408,0.621639993501201,0.9086381847548174,0.08479047421481102,0.19812047528922108,0.0,9.591003876880138e-07,0.03759355782494638,0.4674626223698705,0.017904816018719596,0.005496269461214467,0.01382991578148439,0.9999338930386481,0.16540591204394114,0.27352460436019144,0.26749537177898836,0.444426098399537,0.8323833319067806,0.15893521889445061,0.0,0.027195631736505084,0.36551518054696436,0.09136181524518255,0.8123469141533323,0.289158771140221,0.030091618906403602,0.11946230778297576
0.0096494892802717,0.2289662229658938,0.10178131553833401,0.04037656140853138,0.017139103970582995,0.352204550876057,0.22011827405933132,0.042349870046697054,0.046273624928354073,0.44907617098323077,0.15414805603852827,0.364710811443926,0.0,0.09922851336809439,0.013525187511987594,0.0,0.10468613537656213,0.5136215286214181,0.9692617386251766,0.8808168574390367,0.06145724626029031,0.029963420753405454,0.011402981109952085,0.003971229727168645,6.610696135189607e-05,0.28520699704128044,0.09534301621676829,6.610696135189607e-05,6.610696135189607e-05,0.6065895013145337,0.01524632095875505,0.4770982667477937,1.0,0.8742625166161172,0.622017891892862,0.9091607236713318,0.08497489534381863,0.19821940914665626,0.0,9.285355509418871e-07,0.03765943950663759,0.46862584337713015,0.017314446612442677,0.005442525853819207,0.013826412410589742,0.9999338930386481,0.16617674186804124,0.2749754659919199,0.26928259831586054,0.44449482369711457,0.8306056230027167,0.15819092180828037,0.0,0.026508970015788454,0.36445692059515034,0.09083927632866812,0.8103389692796192,0.2881590622319257,0.03073826137482342,0.11918221402541242
0.009635282396229482,0.22879557578554133,0.10170649316608363,0.04037347087919668,0.01713473657742205,0.3527717536922093,0.21997961700540558,0.042158541093878094,0.046041522533904304,0.44923102519089864,0.15588270652427952,0.3655279027622651,0.0,0.09940121724545811,0.0142498757047529,0.0,0.10650994714457254,0.51450381596978,0.9685979852305895,0.8811113546844671,0.0614713053905264,0.030064090360146598,0.011405380442035297,0.0039523440175210315,6.610696135189607e-05,0.28527319119420325,0.0954650605753802,6.610696135189607e-05,6.610696135189607e-05,0.6062612442375351,0.015277939216326657,0.47699567624596895,1.0,0.8747626833226512,0.6223599347183555,0.9096783439447083,0.08515960233667937,0.19831746375814538,0.0,8.987964953440901e-07,0.03772502859585579,0.46979939042189756,0.016718132638706786,0.005390260707124259,0.0138231093621423,0.9999338930386481,0.16695647959093043,0.27643740364530195,0.2710865898151633,0.4445628675079912,0.8288393542593938,0.15747642099176598,0.0,0.02583609943189079,0.3633901895768917,0.09032165605529179,0.8083304505187481,0.28717872027207453,0.031402014769410465,0.11888774651903761
0.009620779817426225,0.22865631835359188,0.10163326602369468,0.04037198450920146,0.01713060796286823,0.3531877016350593,0.21983436598946082,0.041963911596652796,0.04580422765878374,0.4493588155687118,0.15759654293379544,0.366319833401731,0.0,0.0995683403415947,0.015022957136421997,0.0,0.1083318655382758,0.5153675944867285,0.9679167542287598,0.8814180554825507,0.06148373369340098,0.03017216463923484,0.011406401655504283,0.003924024573604443,6.610696135189607e-05,0.2852965935902045,0.09558557389388808,6.610696135189607e-05,6.610696135189607e-05,0.6059403029016538,0.015317306573254265,0.476889332821882,1.0,0.8752544372133387,0.6226521205859796,0.9101888609480647,0.08534444527872766,0.19841561711056893,0.0,8.698707775408048e-07,0.037790466813857566,0.47098430239146516,0.016118009084367158,0.005339557230200563,0.013819981733151146,0.9999338930386481,0.16774099651369911,0.2779064730246933,0.27290377313866465,0.4446295653796583,0.8270861504929503,0.15679083377638697,0.0,0.025177222445066566,0.3623249222775984,0.08981113905193529,0.8063236891829966,0.2862167884027025,0.032083245771240165,0.11858107464667175
0.009606276597118204,0.22849293497074802,0.10156459062349933,0.040374755735401266,0.017126768049180275,0.35370674895243015,0.2197000553523055,0.04176199636015337,0.04556139461938501,0.4494931460067215,0.15929219413921555,0.36710328019935135,0.0,0.09972096269777615,0.015851774717317597,0.0,0.11015211304061226,0.5162125257327386,0.9672192015236425,0.8817391150287567,0.06149445063948304,0.030276658208968268,0.011406661379788243,0.003914939639722764,6.610696135189607e-05,0.28531675909015203,0.09570336098365836,6.610696135189607e-05,6.610696135189607e-05,0.6055819331133206,0.015364046450529214,0.4767735882969573,1.0,0.8757509230118262,0.6228744023603274,0.9107067914287751,0.08552997450210663,0.1985251915517081,0.0,8.417907109782308e-07,0.03785718731499241,0.47217118211635195,0.015515781570470783,0.00529111055275108,0.01381713366910986,0.9999338930386481,0.16853162976009117,0.2793837498271585,0.2747171550285881,0.44469789806836524,0.8253437594102552,0.15612313150369128,0.0,0.024528114290397682,0.361273822922355,0.08929320857122497,0.8043179124572811,0.2852622827155534,0.03278079847635755,0.11826004318053229
0.009591899649002112,0.22832920521589262,0.10149773316305363,0.040372073327023916,0.017123080291132235,0.354208850476967,0.21956380393211317,0.04157221680337148,0.045323440386353525,0.4496302398622301,0.1609623903952949,0.3678348740980828,0.0,0.0998697113826207,0.016728617892993403,0.0,0.11196156715191377,0.5170421638591134,0.9665038690375289,0.8820682117556713,0.06150713379140676,0.03037980220736261,0.011405650104526835,0.0038893216156330257,6.610696135189607e-05,0.2853564031660185,0.09583185217710642,6.610696135189607e-05,6.610696135189607e-05,0.6052975575320682,0.01541835411693803,0.4766861567663486,1.0,0.8762382037493155,0.6230870660095511,0.9112202453305539,0.08571636728742595,0.19862984565404318,0.0,8.1449823075687e-07,0.037923205599420626,0.4733686896051601,0.014908265560825501,0.0052426046070752205,0.013814461116406412,0.9999338930386481,0.16932614875081292,0.28086112172172123,0.2765765471576363,0.44476562679099035,0.823619255487767,0.15547896913556863,0.0,0.023892084868063795,0.36018431609745544,0.08877975466944614,0.8023220655606603,0.28432799048684354,0.03349613096247109,0.11793097374609801
0.009577166567880237,0.2281578264854516,0.10142846000652354,0.04037236173042347,0.01711879121718093,0.3547167620723816,0.21943454527969328,0.04137534834957188,0.04507699754328053,0.4497726471668519,0.16261000881565008,0.36856131609625153,0.0,0.10000882349183327,0.017665530888932298,0.0,0.11376335040768135,0.5178548929638687,0.9657713695869129,0.8824054048033195,0.0615166696259247,0.030480977126369116,0.011403153524502684,0.0038476883563194437,6.610696135189607e-05,0.28536484399321543,0.09595577452035897,6.610696135189607e-05,6.610696135189607e-05,0.6051214613744449,0.015479460315665662,0.47658316317714566,1.0,0.8767242251785778,0.6232293099856131,0.9117351559185567,0.08590294702976464,0.19873831272506742,0.0,7.879828772076144e-07,0.037988595316700485,0.47457458261897817,0.014296457675982263,0.0051966581891883185,0.013811784986072571,0.9999338930386481,0.1701277991743163,0.28234734090333835,0.278424518625468,0.44483170980305514,0.8219105308686843,0.15485552072660275,0.0,0.023266951329588965,0.35910515912545465,0.08826484408144332,0.800333702562554,0.28340679431106397,0.03422863041308716,0.11759380721380328
0.009562072063141741,0.2279763347650215,0.10135435744666917,0.04037809683092895,0.01711414325523718,0.35524627656686253,0.21931880535250586,0.04116237137747755,0.04482045680197946,0.4499213903969893,0.16423327698637152,0.36931749486855303,0.0,0.10013344199252289,0.018676596547142,0.0,0.11555758011416267,0.5186463872854207,0.9650211348943627,0.8827478948845155,0.061520644731078385,0.03058020537566246,0.011398664279792855,0.0038296328696372597,6.610696135189607e-05,0.28532134020809163,0.09606380574500394,6.610696135189607e-05,6.610696135189607e-05,0.6049006365825698,0.015546516088041914,0.4764338114306904,1.0,0.8772153037257236,0.6232573925233295,0.9122566819374136,0.08608867791210072,0.19885724823733097,0.0,7.622266576786818e-07,0.03805410453797198,0.4757885804719293,0.013712070479026488,0.005153783118536072,0.01380947718991986,0.9999338930386481,0.17088381892881446,0.2838059025374424,0.28021977734062026,0.4448953215998738,0.8202202069255866,0.15424869370075656,0.0,0.022651254281753415,0.3580660109295285,0.08774331806258644,0.7983537419737367,0.28249636447724835,0.0349788651056373,0.11725134288882681
0.00954732277668267,0.2277982240576271,0.10127850295151355,0.04037797772042798,0.01710966593345291,0.3557386621724474,0.21920744841413398,0.04096125738238754,0.044570657062165876,0.450071894996656,0.1658229987575563,0.3700408614910892,0.0,0.10025570689413876,0.019749353991533797,0.0,0.1173312603334075,0.5194221399514329,0.9642520447282088,0.8830930804222898,0.061526190650718154,0.030678506007551145,0.011391849118850775,0.0038068180899378224,6.610696135189607e-05,0.2852907153335987,0.09617928777608242,6.610696135189607e-05,6.610696135189607e-05,0.6047003064642267,0.015620638285393248,0.4763005613544546,1.0,0.8776962085120384,0.6232553361601981,0.9127739497087015,0.08627675931814689,0.19897155705662217,0.0,7.37189851682269e-07,0.03811950715648583,0.47700857083843795,0.01311650184815485,0.005111384430563186,0.013807448257009929,0.9999338930386481,0.1716568250826102,0.2852656511786348,0.2820628243661557,0.44495708261225225,0.8185563629570505,0.1536585771544562,0.0,0.022048084593822743,0.35699530984826805,0.08722605029129847,0.7963919803484456,0.28160630299194483,0.03574795527179115,0.11690618238785844
0.00953246731121985,0.2276159062636435,0.10120259379603565,0.040377086955012596,0.017104693412027756,0.3562178173091165,0.21909644882295176,0.04076222157989011,0.04431801259062022,0.4502273003586319,0.16738323064061855,0.37074952806734013,0.0,0.10037503887397503,0.02088975411038646,0.0,0.1190865948724827,0.5201859046963783,0.9634652430929658,0.8834420007045497,0.06153109209926717,0.03077540390279793,0.011383683522907573,0.0037813640351126395,6.610696135189607e-05,0.2852539933926373,0.09629576374556051,6.610696135189607e-05,6.610696135189607e-05,0.6045253932005751,0.015701371275036836,0.4761670030225758,1.0,0.8781684710779797,0.623199400925085,0.913288844411749,0.08646668729228135,0.1990831820742698,0.0,7.128556192439042e-07,0.03818418637989775,0.47823382639594175,0.012509330308797053,0.0050709484288386855,0.013805458036069303,0.9999338930386481,0.1724504633294143,0.28674786071785663,0.28391476463373744,0.4450145896892864,0.8169153980843447,0.15308346891008404,0.0,0.021456490048045306,0.35591084496452857,0.08671115558825102,0.794446717835236,0.28073091322935195,0.03653475690703418,0.11655728643983108
0.009517490531207389,0.2274282577074793,0.10112710923735523,0.04037578318019773,0.01709942726986601,0.35669205453362895,0.21898428111778442,0.04056178073923819,0.0440617154321107,0.45038870277209514,0.16891424004252378,0.371451822362339,0.0,0.10049074495144077,0.02210257768515808,0.0,0.12082317811702181,0.5209384686650248,0.9626607960084365,0.8837932089186539,0.06153515476965172,0.030872899068275693,0.011374289399751865,0.003753924191208724,6.610696135189607e-05,0.28520078150914363,0.09641006793572077,6.610696135189607e-05,6.610696135189607e-05,0.6043722396269241,0.015788280302883595,0.47602577682478253,1.0,0.8786333654758952,0.6230782414511161,0.9138022327371823,0.08665793349308641,0.1991931004098267,0.0,6.892064639234118e-07,0.03824838388703878,0.4794651968880526,0.011908924826877254,0.0049916654066266145,0.01380447038684819,0.9999338930386481,0.17322989812056253,0.28835614352475597,0.285892595738592,0.4450926572838297,0.8152974796545926,0.15252240081287843,0.0,0.020875889572664008,0.35481918086372577,0.08619776726281768,0.7925188883898917,0.27986843092514857,0.03733920399156354,0.11620610187488224
0.009501902088030499,0.22723622118419134,0.10104160943394228,0.040387807404602134,0.017093341831055674,0.3571361745733901,0.21885814048125213,0.04032268754149463,0.04379432463834372,0.4505641649683662,0.17045412062744109,0.3721519754382837,0.0,0.10060089638079059,0.0233950697600999,0.0,0.12256045129334076,0.5216714119646452,0.9618382317046813,0.8841475946766381,0.06153847154342572,0.030969447797686546,0.011363070246945071,0.0037275172914755907,6.610696135189607e-05,0.2851399877113983,0.09652444966523732,6.610696135189607e-05,6.610696135189607e-05,0.6042236892591751,0.015881445554457682,0.4758725219118743,1.0,0.8790920430429688,0.6229204407950818,0.9143107706626915,0.08684988724137323,0.1992995495314802,0.0,6.662211498242464e-07,0.03831202563149276,0.4806934890838427,0.011307750805898121,0.004939436301146392,0.013803032160532754,0.9999338930386481,0.17401604641393215,0.28987031280656295,0.2879708777558807,0.44516111496403643,0.8136644338181013,0.151975502649842,0.0,0.020307060576240613,0.3536844894448183,0.08568922933730848,0.790589661465286,0.27902903850387467,0.03816176829531871,0.11585173910221216
0.00948625776477716,0.22703913935636014,0.10095922856521777,0.04039732728804842,0.017086547645237947,0.35756676926629793,0.21872870378220202,0.04008692856189662,0.04355097283135767,0.4507397464959578,0.17197091910800172,0.37284752727346426,0.0,0.10070562458423754,0.02476794435739454,0.0,0.1242804553811781,0.5223851634621899,0.9609965136735167,0.8845029062436752,0.06154217717371913,0.031066004588381636,0.011350423485636777,0.0036990022299946677,6.610696135189607e-05,0.2850714349108308,0.09663967970850228,6.610696135189607e-05,6.610696135189607e-05,0.6040926539008775,0.01598017604311276,0.47571025457577143,1.0,0.8795453562246209,0.6226909469252245,0.9148189927377919,0.087041952539187,0.19940621893438096,0.0,6.438986706158702e-07,0.03837553009239917,0.4819297322763799,0.01073296495999789,0.004885515651005344,0.013801393087329424,0.9999338930386481,0.17475748435667116,0.29135796644361245,0.2900121502610787,0.445227388902488,0.8120489048488855,0.15144221815076428,0.0,0.019749019191141613,0.35254110871738104,0.08518100726220817,0.788677592079635,0.27820861760342924,0.03900348632648336,0.11549644985765417
0.009470599704495238,0.22684023065598835,0.10087429086153586,0.040407640445066874,0.017078739621870308,0.3579828797857138,0.2186072241753329,0.039849511685682716,0.04328077260990588,0.45091999177497794,0.1734624012220267,0.3735432785439,0.0,0.100804804672999,0.026224956417382133,0.0,0.12598014136937397,0.5230813309121173,0.9601363430021832,0.884858446200946,0.06154537586281041,0.03116176064897767,0.011301943998729887,0.0036689827543939266,6.610696135189607e-05,0.28498689284337214,0.09685965049200249,6.610696135189607e-05,6.610696135189607e-05,0.6040760342124014,0.016084533481207912,0.4755370244402904,1.0,0.8799937504627344,0.6223829835960417,0.9153274657581834,0.08723525263643572,0.19951289342485226,0.0,6.222182937733988e-07,0.03843857143545692,0.4831679473070025,0.010152131872070478,0.004831312095981364,0.0137999560560233,0.9999338930386481,0.17551034664721185,0.29288169216296345,0.2920287872541249,0.445290905134338,0.8104530652967654,0.1509196970158096,0.0,0.019201444864266545,0.3513920599865762,0.0846725342418166,0.7867846059941903,0.2774057756630305,0.039863656997816806,0.1151409315807602
0.009454870890623301,0.2266291224231355,0.10079777234313234,0.040417494557606265,0.01707108349679322,0.3583566320734284,0.218463018578378,0.03960201970603027,0.04300176987598083,0.45111027676615517,0.17493108207184285,0.37425751004915375,0.0,0.10091127880418542,0.027784198357183792,0.0,0.12766416626284233,0.5237746874264793,0.9592572635062004,0.8852134040887351,0.061544114743442,0.03125504982352575,0.011270196330877459,0.0036376594548916427,6.610696135189607e-05,0.28486275540038974,0.09701918090565281,6.610696135189607e-05,6.610696135189607e-05,0.6040716132175123,0.0161943694170387,0.4753375629659336,1.0,0.8804252770012672,0.6219834015530267,0.9158381225875738,0.08742888335058085,0.1996086517131925,0.0,6.012001228418874e-07,0.038500486962287306,0.4844103376045132,0.009578637317111359,0.004776774276564866,0.01379927921795676,0.9999338930386481,0.17624939816720575,0.2943777215093759,0.29410108233825405,0.4453560176907138,0.8088745485111184,0.15040492698491267,0.0,0.018663444194547466,0.3502324000897895,0.08416187741242623,0.7849069503865769,0.2766166608603282,0.04074273649379955,0.11478599471114215
0.009439200475492135,0.22641514734905166,0.10071684925333979,0.04042946041470048,0.017062976651527093,0.35874451377340927,0.2183222947334964,0.03934863312233514,0.04271526561734797,0.45130591580888335,0.17637412967141142,0.37497812442058487,0.0,0.10101559374178702,0.02944293002113538,0.0,0.1293273413006682,0.5244518404681567,0.9583584452894444,0.8855658048040211,0.06154217972158229,0.031346449152700545,0.011243537956326755,0.00360486159490552,6.610696135189607e-05,0.28472496476122433,0.09715045733436432,6.610696135189607e-05,6.610696135189607e-05,0.6040728396792251,0.016309525374761644,0.4751224144383533,1.0,0.8808491578219043,0.6214947044956428,0.9163484027840252,0.0876234581666576,0.19970208049463384,0.0,5.808088118591761e-07,0.03856146624294558,0.48565537904936334,0.00900992486045086,0.004721791948223557,0.013798533255037415,0.9999338930386481,0.17701328127687074,0.29586701421371503,0.2961689359336148,0.4454034754916858,0.807316344953827,0.1498994611410619,0.0,0.018135248436308676,0.34906236548322184,0.08365159721597486,0.7830492005326741,0.2758460790372095,0.041641554710555605,0.11443361438716709
0.00942354878635983,0.22619750837445307,0.10062917158275732,0.04044336328374477,0.017054730429022148,0.35914174648164066,0.2181809793461501,0.03908977217658297,0.042423790415171775,0.45150987993305886,0.17778729372713498,0.3757041091281481,0.0,0.10111586700042172,0.031202138980711724,0.0,0.13096592938187268,0.5251080047986249,0.9574394938626262,0.8859143474222071,0.06154066025766822,0.03143667923579013,0.011218040388006912,0.0035705492090832977,6.610696135189607e-05,0.2845812672335026,0.0972626657995587,6.610696135189607e-05,6.610696135189607e-05,0.6040849819550222,0.01642922733881054,0.4748929296459279,1.0,0.8812669172103945,0.6209156368791378,0.9168573888826896,0.0878184797322915,0.19979602245249686,0.0,5.61016527244505e-07,0.03862222412097999,0.486899739780725,0.008472301553577748,0.004665979195664857,0.013798439792281493,0.9999338930386481,0.17768094323337955,0.2973649978994599,0.2982366775603824,0.44547092953725254,0.8057834789340544,0.149402961225924,0.0,0.01761721578918375,0.34788222414015046,0.08314261111731032,0.7812155908858358,0.27509597274887837,0.04256050613737379,0.11408509156126562
0.009408006302865209,0.2259769290650165,0.10053808888379386,0.04045855472968052,0.017045965211847074,0.3595437282759896,0.21805931152368943,0.03882201806392049,0.04212730999543294,0.45171798402184177,0.17917569444585768,0.3764390667545885,0.0,0.1012124154988232,0.033063117730884294,0.0,0.13257988744459218,0.5257463343166765,0.9565010800250175,0.886261457111052,0.06153872363576824,0.03152499795430378,0.01119188731926761,0.0035347785724093106,6.610696135189607e-05,0.2844284745765076,0.09737778014649101,6.610696135189607e-05,6.610696135189607e-05,0.6041047509008889,0.016554238164048184,0.47464769781477817,1.0,0.8816785990368505,0.6202400324931968,0.9173640827721166,0.08801555381175,0.19989076200157888,0.0,5.418015746398873e-07,0.038681244821279694,0.4881411959232946,0.007940406078088923,0.004642294370118662,0.013797435439316155,0.9999338930386481,0.17835506651385555,0.29870238218616063,0.300230246430909,0.44552084678706144,0.8042700673900941,0.1489132354306333,0.0,0.01710898546432623,0.34669684977591886,0.08263591722788349,0.7794045587436579,0.2743629036817447,0.04349891997498241,0.11373800108737339
0.009393000714732341,0.22575036128434303,0.10044801873984936,0.04046563222196945,0.01703720772605753,0.35997138895561487,0.21796136561372248,0.03857757325712884,0.04182999673333028,0.4519253069977637,0.1805038275720235,0.3771833856101673,0.0,0.10130569288694126,0.03502411223290783,0.0,0.13414847799272492,0.5263692051558538,0.9555435450848552,0.8866039518225107,0.06153685681842117,0.03161260804995114,0.011164354007674468,0.003495752168490412,6.610696135189607e-05,0.28426309717462794,0.09748897861930252,6.610696135189607e-05,6.610696135189607e-05,0.6041504999272562,0.01668409597548577,0.47438718698693144,1.0,0.8820843884933547,0.6194397103882481,0.917872194069748,0.0882152099448217,0.19998844429783824,0.0,5.231502604034053e-07,0.03873932558152188,0.4893855873128368,0.007402905464196822,0.0046046634065761,0.013796930861026494,0.9999338930386481,0.179031218996188,0.30010805971891386,0.3020875932352551,0.4455787567135722,0.8028120764524908,0.1484294274029013,0.0,0.016609918619704088,0.3455361773788441,0.08212780593025204,0.7776363120624534,0.273642350546308,0.04445645491514486,0.11339552502722894
0.009378127985640057,0.22551695021970797,0.10035334403806132,0.040474536183897666,0.017028687364561278,0.3604181095685986,0.21787508362114008,0.0383262273374977,0.04153673839616607,0.452140825037111,0.18179340428895568,0.3779443168929017,0.0,0.10139623413926532,0.037090588719623376,0.0,0.13568374456212914,0.5269795203778243,0.9545684442019174,0.8869410415895047,0.06153400592234534,0.03166519547548878,0.011135618719716594,0.00345542172512117,6.610696135189607e-05,0.2841751777598965,0.0976042905383241,6.610696135189607e-05,6.610696135189607e-05,0.6043065031599778,0.016818846568846916,0.4741056968756494,1.0,0.8824836668623257,0.6185330533983321,0.9183799432895304,0.08841733525692466,0.20008537779042807,0.0,5.050318563320065e-07,0.03879587750911445,0.49064947641642526,0.006870152644978515,0.004560201297945045,0.013797463113507233,0.9999338930386481,0.17973862870559826,0.30153188643538487,0.30400831663774985,0.4456069724094922,0.8013877491421975,0.14794998623144878,0.0,0.016120098998408973,0.3443763578820445,0.08162005671046954,0.7758989201809462,0.2729351018317476,0.04543155579808254,0.11305845337863896
0.009363192388972595,0.22528079168594395,0.10025027632174384,0.040487111071893726,0.017019327144584467,0.3608509986370005,0.2177792249061359,0.03806248045769383,0.041241986012601546,0.452371253605718,0.18304859760666126,0.3787286265720434,0.0,0.1015057836357969,0.039263844474070685,0.0,0.13718728201374228,0.5275751838238153,0.9535750489554237,0.8872712539332764,0.06152913071397773,0.03172740395754411,0.011104614914077625,0.0034145053303766453,6.610696135189607e-05,0.2840156137802108,0.0976994630708429,6.610696135189607e-05,6.610696135189607e-05,0.6044698053293954,0.01695814539219981,0.4737850836957538,1.0,0.8828479719856216,0.6175093515603765,0.9188509774181702,0.08862268945837165,0.20017294227764137,0.0,4.874263697430869e-07,0.03885140250613608,0.49190661845397704,0.0063635997260834305,0.004510771246109312,0.01379847722842731,0.9999338930386481,0.18038664463708406,0.30296864301893295,0.3059726150669898,0.4456420581398689,0.7999932570011389,0.14748628973220285,0.0,0.015646244378581347,0.3432268039655529,0.08114902258182978,0.7741900285278861,0.27225187389854333,0.046424951044576286,0.11272825864035384
0.009348410919259205,0.2250384734028622,0.10014332749638495,0.04050301295365506,0.017008949342459747,0.3612912526090194,0.21768387221695198,0.037783239368278806,0.04094242849064243,0.4526134568708292,0.18427683790734,0.3795308555417257,0.0,0.1016222668680402,0.041543933095996494,0.0,0.13866173631832282,0.5281555600026168,0.9525638509679394,0.8875967194612091,0.061523702244566374,0.03179320211750466,0.011071710560988084,0.0033730370877296263,6.610696135189607e-05,0.28382543041429065,0.09778808514813633,6.610696135189607e-05,6.610696135189607e-05,0.6046350904214433,0.017102203660644584,0.4734389351475188,1.0,0.8831926405594354,0.6163876611615388,0.9193045990827867,0.08883127539423424,0.20025588749078502,0.0,4.703218590596589e-07,0.03890619659407626,0.49315217780968185,0.005869273087604366,0.004470404551515237,0.01379918894670444,0.9999338930386481,0.18101627407275023,0.3043400677084673,0.30794165091748493,0.44567655248814636,0.7986209584320154,0.14703020931075556,0.0,0.015185092572524433,0.3420684057424648,0.08069540091721332,0.7725069882874429,0.27158855250659825,0.047436149032060636,0.11240281021693192
0.00933390020477056,0.2247887360872498,0.10003518576642177,0.0405185895211391,0.01699794288240794,0.3617469945507936,0.21759335538732238,0.03750173424801659,0.040648550357082924,0.45286289923183476,0.18546779048016013,0.3803482501347707,0.0,0.10174091286178912,0.043928326871948004,0.0,0.140100668938092,0.5287201920992911,0.9515350354790345,0.8879164091758638,0.061518413171061895,0.031860500840900766,0.011036931051969677,0.0033305220230699126,6.610696135189607e-05,0.2836181591906639,0.09787271423146883,6.610696135189607e-05,6.610696135189607e-05,0.6048070654620203,0.017250623510525625,0.47307243560647794,1.0,0.8835240442527017,0.6151642785676308,0.9197505057509657,0.08904211420812426,0.20033619583234738,0.0,4.5370626196065865e-07,0.038959909502146874,0.4943899434866422,0.005385745399262918,0.004431057326535654,0.013799919353911056,0.9999338930386481,0.18163065141443852,0.3056905815694684,0.30986379442065565,0.44571105054491683,0.7972815860093142,0.14657931425875143,0.0,0.014735042885509166,0.34090739456042124,0.08024949424903426,0.7708572168537837,0.27094361206836154,0.048464964520965464,0.11208313711787424
0.009352987562458514,0.22453666737171532,0.09992809654340186,0.04053547539000391,0.01698670422171361,0.36220002400391826,0.21750913132297822,0.03721657093236596,0.04034369989878948,0.45307579626660766,0.18662107608000778,0.38118112398584214,0.0,0.10185985701448273,0.04641508504734907,0.0,0.14150348368449195,0.5292699300076477,0.9504893884071159,0.8882291659275443,0.061513295302083375,0.03192805234969242,0.010997381410702443,0.003287441706231543,6.610696135189607e-05,0.28339856619023296,0.09796409067070788,6.610696135189607e-05,6.610696135189607e-05,0.6049948739060992,0.017403155923218762,0.4726868404943098,1.0,0.8838448584206491,0.6138427207769688,0.9201927473139074,0.08925470293447611,0.20041358280375715,0.0,4.375635580354914e-07,0.03901227934869935,0.49561960010002737,0.004943876688843068,0.00439304408790619,0.013800951874511289,0.9999338930386481,0.18218035909354527,0.3069799171252059,0.31171977875750667,0.44574496020729176,0.7959757679967735,0.14613203551984805,0.0,0.014295284564868189,0.33974219417568213,0.07980725268609251,0.7692418133810319,0.2703164871885952,0.04951061159288406,0.11177039650889767
0.00935405917680441,0.2242903757844683,0.09982602861697307,0.04055413154054579,0.016976333024189407,0.36334565651110035,0.2174525498673454,0.036929431167002806,0.04003913270864777,0.45330045373438255,0.18774553924428766,0.3820484479571495,0.0,0.10198802330956037,0.04901192243789737,0.0,0.14286767854772117,0.5298116726627409,0.9494402034118653,0.8885543451656093,0.06150142813614161,0.03199495069162877,0.010953102701368806,0.0032443327410973553,6.610696135189607e-05,0.28314927794960576,0.09804435169987573,6.610696135189607e-05,6.610696135189607e-05,0.6052200788652862,0.017558756244841926,0.4722700064740441,1.0,0.8841465434387116,0.6124201442942624,0.9206329796416862,0.0894692103022908,0.20047718372713477,0.0,4.2178932505474195e-07,0.03905154499070341,0.496833173949909,0.004504516236298607,0.004357366403647564,0.013801881125579566,0.9999338930386481,0.18272321456261179,0.3082608844477004,0.31356313362016686,0.4457793429503591,0.7946957045108705,0.14568154556880644,0.0,0.013865433251728093,0.3385679332678403,0.07936702035831376,0.7676631111499881,0.26971114361012444,0.05055979658813468,0.11144523304506573
0.0093494591642752,0.22403625398228397,0.09972094241122209,0.040572681235322886,0.01696563542829771,0.3644437234340088,0.2174043110428152,0.03663712192690464,0.039734818546090823,0.45354120505692086,0.18883094828789046,0.3829278975867641,0.0,0.10211822468878785,0.05170948284880157,0.0,0.1441904111188674,0.5303334163744041,0.9483818438219601,0.8888782404869883,0.061492916996073066,0.03206024062051222,0.010906303582458655,0.0032015319444907526,6.610696135189607e-05,0.2828882431246001,0.09812387891265303,6.610696135189607e-05,6.610696135189607e-05,0.6054662186334614,0.017718615816095955,0.4718427617089837,1.0,0.88443697742369,0.6109075179662812,0.9210726390670102,0.08968745686598066,0.20054045856569047,0.0,4.064454632919196e-07,0.03909292401739006,0.4980333085943974,0.004098378775808322,0.004323503502765002,0.013802923621400159,0.9999338930386481,0.1832140663682004,0.30948832511230534,0.31534619687394894,0.44581241347987044,0.7934504358960136,0.1452293407042522,0.0,0.01344479788752214,0.33738299918491726,0.0789273609329898,0.7661221320151519,0.26912612505990546,0.05161815617803987,0.1111213530675484
0.009342274742753684,0.2237759841770819,0.09960927992254194,0.04059080543419571,0.016954306498872553,0.3654044723339125,0.21736204112811539,0.03634471190829797,0.03943089071197866,0.45379593667262746,0.1898726109531277,0.38381710289216875,0.0,0.10225078576841473,0.05449756136436744,0.0,0.14546930316821652,0.5308373967587737,0.9473121194788583,0.8891964192393198,0.06148503119357866,0.03212392964637739,0.010857097579864814,0.00315960350716924,6.610696135189607e-05,0.2826199801042238,0.0982073935848989,6.610696135189607e-05,6.610696135189607e-05,0.6057228089279434,0.017882674216694434,0.47140494281476353,1.0,0.8847158023851035,0.6093067489780937,0.921509649433969,0.08990862439295612,0.2006013782874834,0.0,3.915321775513586e-07,0.039134935350723175,0.4992218839878389,0.0036935200844471824,0.00429190093378087,0.013804136691296797,0.9999338930386481,0.18370806175147625,0.31069766956791556,0.31709928478957666,0.44584325558315197,0.7922447148301779,0.1447779542930677,0.0,0.013033411846481742,0.3361956896575389,0.0784903505660311,0.7646220724388273,0.26856122495374296,0.05268788052114173,0.11080318922850266
0.009333785428919772,0.2235084336540397,0.09949506377409915,0.04060753413110872,0.016942387382051182,0.36626550591916934,0.21731555091356342,0.03605310473328239,0.03912735963722224,0.4540645771503516,0.19087121249898428,0.38471424981944957,0.0,0.10238620657921274,0.0573654600847561,0.0,0.14670597111399755,0.5313271563016007,0.9462307567687223,0.8895065259612683,0.061477498292734405,0.032186107169249,0.010806563527893706,0.00310562001514186,6.610696135189607e-05,0.28234652752360845,0.09829227291330522,6.610696135189607e-05,6.610696135189607e-05,0.6060419567471838,0.018050565971806345,0.47095665984705365,1.0,0.8849825744807286,0.6076288338444559,0.9219428967449277,0.09013171014552238,0.20065771368012603,0.0,3.7704331473819837e-07,0.039176678750434485,0.5004021823161245,0.003324534867832208,0.004228932334489047,0.013806286994692446,0.9999338930386481,0.18414769858494867,0.31197440993065184,0.3189173256542142,0.4458880103816383,0.7910782215292094,0.1443290903334968,0.0,0.01263121894005865,0.3350057060707881,0.0780571032550723,0.76316231874048,0.2680151300182733,0.0537692432312778,0.11049309699541686
0.0093242173662131,0.2232327222882994,0.09936605744555622,0.04063852078339454,0.016929456125808165,0.36707159726899735,0.21726070584030413,0.03571939322433994,0.03881644553844069,0.45435483098600643,0.19185947104078624,0.3856478340587759,0.0,0.1025190790015779,0.06033565875589365,0.0,0.14792148051829926,0.5317935636929089,0.9451370160173903,0.8898090200022619,0.06146777219067043,0.03224557847641767,0.010754115288918124,0.003038953347980781,6.610696135189607e-05,0.2820457662915914,0.09837138266218837,6.610696135189607e-05,6.610696135189607e-05,0.6064759781788712,0.018222087285021307,0.47046877405018156,1.0,0.8852427691489873,0.6058509629537144,0.9223717019789472,0.09035541445771418,0.20071334658845674,0.0,3.6297405951210387e-07,0.03921774374205789,0.5015641977096333,0.002995998221949218,0.004186199198963121,0.013808122458322582,0.9999338930386481,0.18453308881378216,0.31311126812425416,0.32077221288254537,0.44592678076261727,0.7899184416741925,0.14388339189104252,0.0,0.012238151849434857,0.3338133782903919,0.0776282980210527,0.7617231050239865,0.26749308971863434,0.05486298398260975,0.1101906170236786
0.00931432120925762,0.22294490406453604,0.09922959482195266,0.040674302625973525,0.016913776572257185,0.3678816462042964,0.21721816956441461,0.035369451582446504,0.03849406245908484,0.4546583426492379,0.19281014356777634,0.38664104437686286,0.0,0.10264374091663524,0.06342617733349815,0.0,0.1491013856155294,0.5322315026583831,0.9440290910274001,0.8901025389045555,0.06145278755826218,0.0323022005974793,0.010699287736340001,0.002975480401189164,6.610696135189607e-05,0.28168629911479004,0.0984341577374089,6.610696135189607e-05,6.610696135189607e-05,0.6069327591528509,0.0183965784526108,0.4699206290064002,1.0,0.8855030289811519,0.603906524350617,0.9228026630467131,0.09057934964248249,0.20077738230406114,0.0,3.493250105755257e-07,0.03925812758773501,0.5027155899507944,0.002662390293489488,0.004155093669909206,0.013809386180525287,0.9999338930386481,0.18496770399011178,0.3142044126641009,0.3224899434773905,0.44593875946331346,0.7887932779796129,0.14343832661673692,0.0,0.011853230102212951,0.3326672983158849,0.0771973369532869,0.7603192647419881,0.2669911150375557,0.05597090897259992,0.1098971117704339
0.009304621056606463,0.22264691294253988,0.09909092578387586,0.040707490647771995,0.016899249621813744,0.36870894518519537,0.21717228825127344,0.035027858376981684,0.038168039130328936,0.45497337407616456,0.19370848994380482,0.3876748046300841,0.0,0.10276586358322379,0.06662056378981887,0.0,0.15023677335388236,0.5326441537171275,0.9429055287107257,0.8903829852192834,0.06143656814574863,0.032357683273734464,0.01062962042630887,0.002905904912335105,6.610696135189607e-05,0.2812981485418643,0.09851728160359832,6.610696135189607e-05,6.610696135189607e-05,0.6074812098922968,0.018572915469709746,0.46933135641124346,1.0,0.8857571354563982,0.6018317563601638,0.9232337550734458,0.09080217800215817,0.20084399823022953,0.0,3.3607779245224154e-07,0.03929870813611589,0.5038606547220535,0.002359287673144805,0.004105997305520763,0.013812293626635233,0.9999338930386481,0.18533661237216395,0.3153338184444342,0.32417923307273805,0.44596405515310433,0.7877185945864854,0.14299383895867251,0.0,0.011477000960377943,0.3315476798500173,0.07676624492655412,0.7589610486439594,0.26651184805264305,0.057094471289274244,0.10961667870292413
0.009294973033649859,0.22233735091880968,0.09894935943919395,0.04074702299511951,0.016884292838510808,0.36951095145958945,0.2171177105067609,0.03465952949470775,0.03784034558180991,0.45530648637288335,0.19457958866623926,0.38876364657631357,0.0,0.10289055248685328,0.06994024916230385,0.0,0.15134466805617933,0.5330364819499421,0.9417673439024536,0.8906517827719895,0.061416071071749866,0.032410093038404204,0.010563785848838776,0.002862874210329159,6.610696135189607e-05,0.28087073116188377,0.09857233959052163,6.610696135189607e-05,6.610696135189607e-05,0.6079404665188166,0.018751543956123058,0.4686889655185697,1.0,0.8860000833950668,0.5996238473580248,0.9236642328966063,0.0910242374066272,0.2009079992716414,0.0,3.2322609560731266e-07,0.03933758654128078,0.504993910282479,0.002083581806839115,0.0040660996233877955,0.013815015894351763,0.9999338930386481,0.1856641688879053,0.31638131728463603,0.32587497098227486,0.44598892075908847,0.7866688673776377,0.14254738790511678,0.0,0.011109364118079949,0.33043590347967144,0.07633576710339376,0.7576310945371935,0.26605551877841643,0.05823265609754634,0.10934789400191486
0.009285999852651347,0.2220303817754111,0.09881045918331088,0.04077736800610206,0.016868966595527682,0.37030491184820563,0.21705300050713,0.03431071768471092,0.0375197451772447,0.45564648734360863,0.1954092365984818,0.38982810216413694,0.0,0.10302725297776232,0.07329369401400539,0.0,0.15240953330915571,0.5334118593218604,0.940613527947021,0.8909075459037444,0.061399972451526605,0.03246091223984655,0.010501129758738348,0.0027978737916727293,6.610696135189607e-05,0.2804803255658357,0.09862351493032336,6.610696135189607e-05,6.610696135189607e-05,0.6084585718524846,0.01893349646729254,0.468068217829461,1.0,0.8862209263067872,0.5974296069801065,0.9240832333196106,0.09124825719091831,0.20095820732254194,0.0,3.107539222581246e-07,0.039374709439506106,0.5061158754949869,0.0018493419485553025,0.004029337992834839,0.01381733033085128,0.9999338930386481,0.1859265138477577,0.31733834567220603,0.3275245045894055,0.44601174846510294,0.7856572669342257,0.142103680006402,0.0,0.010751820715450574,0.329276699005888,0.07591676668038944,0.7563422094999259,0.2656299333555977,0.059386472052978985,0.10909214334233332
0.00927730833857099,0.22171483662716135,0.09866385991727938,0.04081135651561527,0.0168529242056409,0.3711563699939499,0.21700714862051862,0.033953865799983315,0.03719075007261909,0.45599568501744353,0.19619774786998403,0.3909287931215757,0.0,0.1031648149026697,0.07672361214123444,0.0,0.15343454287854388,0.5337659234646309,0.9394466355757278,0.8911536505226204,0.0613816135351527,0.032509178449793195,0.010426865498752678,0.0027348877705395997,6.610696135189607e-05,0.280061099117747,0.09869942001281827,6.610696135189607e-05,6.610696135189607e-05,0.6090204213754048,0.019118313699672672,0.4674109391893906,1.0,0.8864322912012407,0.5951245420935416,0.9244984174137248,0.0914741389675243,0.20100986887951558,0.0,2.986581305768385e-07,0.03940976684293395,0.5072238058173847,0.0016351927739208546,0.003998792372982767,0.013819419560549672,0.9999338930386481,0.1861646372061974,0.31824675174222655,0.3290516543083621,0.44603208072489275,0.7846839384303433,0.14166026768903375,0.0,0.010402893896089603,0.328151845765224,0.0755015825862752,0.7550913181539318,0.26522420765585347,0.06055336442427218,0.10884605081924908
0.009269157284900253,0.22139052455450206,0.0985169020099198,0.04084350192313296,0.01683681338891713,0.372031110969257,0.2169655873980957,0.03359734226714864,0.03686258691761244,0.45635431584212405,0.19694005074023035,0.39205929500834624,0.0,0.10330945200237812,0.08021995741334872,0.0,0.15441697158290635,0.5341042390459179,0.9382665941285941,0.8913884118796843,0.06136139900360784,0.032554986834685155,0.010351348759638722,0.002675529185459114,6.610696135189607e-05,0.2796209896722225,0.0987689533158108,6.610696135189607e-05,6.610696135189607e-05,0.6095961018852998,0.019306107051397972,0.46672372023271397,1.0,0.886627949965726,0.592731348604862,0.9249090441747679,0.09170195658690784,0.2010568335917072,0.0,2.8693091922933125e-07,0.03944282620925906,0.5083212442271384,0.0014517120944612504,0.0039926371983634995,0.013821492620738774,0.9999338930386481,0.1863596034945012,0.31901349297581094,0.3303919208402358,0.446039324112028,0.7837538422083716,0.14121698475893976,0.0,0.010062598031895851,0.3270486939817892,0.07509095582523202,0.7538810718301858,0.2648389273623749,0.061733405871405876,0.10861130118939642
0.009261834886954487,0.22106024034283553,0.09837277065810962,0.0408653909077782,0.016820555082112172,0.3729321424011368,0.21694180303492291,0.0332663857886799,0.03653827580516023,0.45671609428459525,0.19761221305751578,0.3932052547238713,0.0,0.10346280828535621,0.08375000313649787,0.0,0.15533993722736064,0.534431934843809,0.9370741273699296,0.8916107011989526,0.06134030344563967,0.0325986843952692,0.01027575907686703,0.0025847694876345475,6.610696135189607e-05,0.2791647144747736,0.09882845789808238,6.610696135189607e-05,6.610696135189607e-05,0.6103322563407166,0.019497293273682152,0.46602163552031023,1.0,0.886806547786714,0.590272121914621,0.9253157949944912,0.0919339744772926,0.20109839881400818,0.0,2.7556122343781386e-07,0.03947379368842704,0.5094120867710655,0.0012588246708192417,0.003977015875347561,0.01382409571369221,0.9999338930386481,0.1865730218667952,0.319824309294876,0.3316090104985915,0.44604558148271706,0.782890493668802,0.14077310975581855,0.0,0.00973064392792986,0.32597787494888125,0.07468420500550878,0.7527260882953468,0.2644696663421828,0.06292587263007039,0.10838902323982398
0.009254902036917497,0.22071147896312118,0.09821936639490289,0.04089854125979861,0.01680388954115162,0.37396774101529373,0.2169405302382932,0.03290527539993553,0.03620795535902155,0.45709312439577404,0.1982383470452786,0.39444407584846153,0.0,0.10361166697271199,0.08740683509457663,0.0,0.15622472462257728,0.5347427308978169,0.9358715457866874,0.8918201865208012,0.061311202727999795,0.032638783036368794,0.010225313325731919,0.0025008089829531175,6.610696135189607e-05,0.2786294962016689,0.09877736848506073,6.610696135189607e-05,6.610696135189607e-05,0.6110445156204654,0.019690602651619572,0.46523163796361355,1.0,0.8869827194335798,0.5876025799828898,0.9257271892995579,0.0921673142022369,0.20114838214447248,0.0,2.645395522886705e-07,0.03950312457974762,0.510493679847204,0.0010735627419982804,0.0039598183455806036,0.01382746442587139,0.9999338930386481,0.1867829074893412,0.3206456216844586,0.3327582102564129,0.44604936856896993,0.7820710503031019,0.14032428618792497,0.0,0.009405613593708296,0.3249905849225337,0.0742728107004421,0.7516079611751858,0.2641088869577107,0.0641284542133126,0.10817954893964649
0.009248834984746384,0.22035960830704376,0.09805227728073056,0.040935647366577774,0.016787057470397167,0.37512561463009886,0.21696781209580246,0.032500176374659524,0.03584646398597535,0.4574912497755249,0.19882115636479558,0.39572555335056386,0.0,0.10374889260181455,0.09113055376188382,0.0,0.157067234283687,0.535023177870521,0.934656972499768,0.892013092744076,0.06128184995651977,0.032677150085298395,0.010157794183195248,0.002415128333223824,6.610696135189607e-05,0.27807879129476376,0.0987557181412749,6.610696135189607e-05,6.610696135189607e-05,0.6118232300258417,0.01988581844018391,0.46440154386044197,1.0,0.8871625757561827,0.5848331872112161,0.9261361945224654,0.09240220095042347,0.20120799484356147,0.0,2.5383776317995605e-07,0.03953161425593554,0.5115622958553727,0.0009287871051205354,0.003937580400837188,0.013831203259459869,0.9999338930386481,0.1869337336588138,0.3214223494717924,0.33388609601368324,0.4460527289330121,0.7812930251950205,0.1398729027889942,0.0,0.009088531642002531,0.32403625902690003,0.07386380547753457,0.7505305647658895,0.26376882728591755,0.06534302750023205,0.10798665341816088
0.00924339504560891,0.21999433984849295,0.09787809858117628,0.040980565219108506,0.01677023083308284,0.37633559730676164,0.2169977524907792,0.032093547549745506,0.03550492095238533,0.45789974871285083,0.19936972369038414,0.3970560353289566,0.0,0.10388727502173321,0.09493243969914698,0.0,0.15787396254229946,0.5352799452858302,0.9334280248392743,0.8921908344219484,0.061249200519494736,0.03271269885874392,0.010097599348833867,0.0023320032989606132,6.610696135189607e-05,0.27749891073049143,0.09869336041800703,6.610696135189607e-05,6.610696135189607e-05,0.6126030509758984,0.020083271028984103,0.4635260685485567,1.0,0.8873332233801263,0.5819661113362132,0.9265419912706269,0.09263885024050948,0.20126934317305747,0.0,2.4345500129055783e-07,0.03955784167561195,0.5126171538846612,0.0007842058806538163,0.003904924877692502,0.01383510640842266,0.9999338930386481,0.18709184568883627,0.3222466817215261,0.3351047958025632,0.44605697670304895,0.7805470052806317,0.13941789612248665,0.0,0.00877950159814042,0.3231014489646397,0.0734580087293731,0.7494871872171911,0.2634507115411124,0.06657197516072566,0.10780892212305042
0.00923864016909419,0.2196253033357392,0.09769851796940414,0.041029672804795844,0.016752515901092363,0.377612033789314,0.21702528258272064,0.03167837308060308,0.03516954050925244,0.4583205217200502,0.1998961628087514,0.39841544055553996,0.0,0.10402400083845621,0.09878760128544313,0.0,0.15865258375886682,0.535507460243403,0.9321857806024151,0.8923522649964684,0.06121641952994581,0.032746355758098374,0.010029634337710418,0.0022554984107471814,6.610696135189607e-05,0.27691450441401916,0.09864518379614073,6.610696135189607e-05,6.610696135189607e-05,0.6133921262416233,0.020282363133142918,0.4626226335635197,1.0,0.8874969685392287,0.5790502898423365,0.9269403156487203,0.09287569834664518,0.20133110808387653,0.0,2.3337801136851682e-07,0.03958241854000233,0.5136585467239901,0.0006566874423765411,0.0038935242185158727,0.01383826295830521,0.9999338930386481,0.18723086228512917,0.3229448061781621,0.33628020779258333,0.4460475520265192,0.7798214740581056,0.13896192588094042,0.0,0.008479030622315148,0.32216210887222035,0.07305968435127971,0.748471717894488,0.2631614316727205,0.06781421939758497,0.10764750162552023
0.009234708324871188,0.21925094012070503,0.09752532394638269,0.04107032352543474,0.01673419098751555,0.37890870657214853,0.21705213729212317,0.031283059866211105,0.034836313611484294,0.4587472224081508,0.20037756895432296,0.3997849652164045,0.0,0.10416650014916423,0.10265716227912472,0.0,0.15938918066409083,0.5357148210743956,0.9309317791907512,0.8924979147253295,0.06118333483928848,0.03277818652668816,0.00995797381615669,0.0021737804403320423,6.610696135189607e-05,0.2763277474957639,0.09860413768896421,6.610696135189607e-05,6.610696135189607e-05,0.6142003677883474,0.020483169191347385,0.4617101640869769,1.0,0.8876464666367022,0.5761156868368915,0.927331395181158,0.09311396209391856,0.2013887083752379,0.0,2.2360502776525257e-07,0.03960487353079255,0.5146941378380345,0.0005526446153593138,0.003868670233614571,0.013841627315015483,0.9999338930386481,0.1873201140920948,0.32365437796714075,0.3373733416478781,0.44604791828293483,0.7791392618543297,0.13850487069661863,0.0,0.008187033214133579,0.32122715088398374,0.07266860481884196,0.7474968572419906,0.2628964705503665,0.06906822080924886,0.10750186166964279
0.009231444633947082,0.21887067702791885,0.09734975273665417,0.04111499901620491,0.016715790456974713,0.38025536388399145,0.21708113032071516,0.03087041794419931,0.034506351754716676,0.45918477921007816,0.200834389303619,0.40117941420748354,0.0,0.10431539034192802,0.1065578720786173,0.0,0.16009745356486707,0.5359029079023939,0.9296680764409082,0.8926291807269093,0.061149082913850364,0.032807688154949895,0.009884522116128388,0.0020915014217914433,6.610696135189607e-05,0.2757305933740548,0.09856527670896277,6.610696135189607e-05,6.610696135189607e-05,0.6150541380155425,0.020686037675794793,0.4607730672579171,1.0,0.8877812505746379,0.5731400683352776,0.9277143110328978,0.09335361708577591,0.20144189732008025,0.0,2.141316158629084e-07,0.039624995575750284,0.5157196694358663,0.00045310385378482263,0.003866327473362311,0.013844768499518073,0.9999338930386481,0.18742094937419265,0.32425961172163736,0.3383967350267848,0.4460294176755745,0.7784795730205862,0.13804751853459932,0.0,0.007903359083434112,0.3203020595861051,0.07228568896710216,0.746548929349357,0.2626551947775258,0.07033192355909178,0.10737060514147478
0.009228993352272941,0.2184827213058221,0.0971775272019,0.04115506941092888,0.016696019012038994,0.38165997413262864,0.21711772198972473,0.030468161231036288,0.034143953356053997,0.4596309420535932,0.2012429466806307,0.4025948945019863,0.0,0.10446959087915789,0.11047272792761617,0.0,0.16076338082687064,0.5360740504421005,0.928394552117926,0.8927446877195065,0.06111267904914879,0.03283483357170199,0.009810208178115223,0.0020113730959194715,6.610696135189607e-05,0.27511484365281763,0.09851810358075248,6.610696135189607e-05,6.610696135189607e-05,0.6159414036565536,0.020890653508413213,0.4598157999845334,1.0,0.8879028914463155,0.5701181688553097,0.9280921973265086,0.093595407264609,0.20149351872994614,0.0,2.0495521879605887e-07,0.03964334360061552,0.5167413334072061,0.0003849119195119894,0.0038533954506215448,0.01384831057670636,0.9999338930386481,0.18747820293502013,0.32486714836017494,0.33928572077688135,0.4460067768529646,0.7778663998109562,0.13758930551348023,0.0,0.0076275176745266154,0.319409103217074,0.07190780267349146,0.7456412119085204,0.2624324308279533,0.071605447882074,0.10725510732527466
0.009227189604889862,0.2180901260640941,0.09699986335608654,0.041195126837567105,0.016677160780799956,0.3830784346897802,0.2171575884788627,0.030060768362826232,0.03381018447927368,0.4600860755765911,0.2016174245471579,0.4040211947303844,0.0,0.1046306853481283,0.11438484331248865,0.0,0.16139397210210057,0.5362263969199594,0.9271097634851772,0.8928446967699858,0.06107426045832527,0.03285892023768909,0.009735227009732124,0.001919378725499633,6.610696135189607e-05,0.27448684946301677,0.09846311949539704,6.610696135189607e-05,6.610696135189607e-05,0.6169150115692863,0.02109743506754755,0.45884609643442853,1.0,0.8880096720320841,0.5670881664292702,0.9284618851734572,0.0938402449912231,0.20154049254138653,0.0,1.9606735431293698e-07,0.039659602236223425,0.5177521528695861,0.0003133669169615135,0.0038350380775596504,0.013852807694698011,0.9999338930386481,0.1875826988290051,0.32549311733170994,0.34026101812309917,0.4459580502940837,0.7772851403852946,0.13713270883518705,0.0,0.0073596426197875126,0.3185269902582411,0.07153811482654278,0.7447657829066764,0.2622331105386541,0.07289023651482282,0.10715510716265994
0.009225931812589534,0.217688187874504,0.09681557643058304,0.04124337390575387,0.016656799608127097,0.3846152229275194,0.217189609199579,0.02963085821771134,0.03347375196837917,0.4605579782414612,0.20196454509817383,0.40548827517480235,0.0,0.10479347133084108,0.1183423685362391,0.0,0.16199781079984177,0.5363566600642835,0.9258142866826488,0.8929289815179469,0.06103168268124613,0.03288016445313305,0.009660608686413788,0.0018345344232217717,6.610696135189607e-05,0.27382126566560244,0.09838386291790416,6.610696135189607e-05,6.610696135189607e-05,0.617912792805886,0.02130470913324086,0.4578349413881972,1.0,0.8881071659286158,0.5639790562022333,0.9288261204279641,0.09408515679969033,0.20158895953189984,0.0,1.874634002385618e-07,0.0396753329537597,0.5187526129530636,0.00024670024824483645,0.0038198393247365005,0.013857368108886575,0.9999338930386481,0.187668690562746,0.32611143788131663,0.34122191549581743,0.4459082794704914,0.7767307457685853,0.13667678343700046,0.0,0.007099362740543134,0.3176785752615276,0.07117387957203591,0.7439170324004679,0.2620543804038168,0.07418571331735122,0.10707083101865288
0.009225343200567416,0.21728169108243586,0.09663375952721356,0.04129087326144295,0.016635887770064396,0.3861684832717369,0.21721687803686623,0.02919828097043362,0.03313239079320104,0.4610405081620008,0.2022848417324437,0.4069680321331916,0.0,0.10496122556897966,0.12229967478324984,0.0,0.1625735304361598,0.5364676097185079,0.924508500688549,0.8929976316243378,0.060987117080036915,0.03289844838597664,0.009586737965429942,0.001753393505823524,6.610696135189607e-05,0.2731445234651014,0.09829256298375907,6.610696135189607e-05,6.610696135189607e-05,0.618888574737179,0.02151262553854102,0.4568090821094036,1.0,0.8881918978599381,0.560861195403911,0.9291815497607933,0.09433030357293265,0.20163457663578196,0.0,1.791356829865267e-07,0.03968933398995737,0.5197469067382686,0.00020640360613768195,0.003805551162584983,0.013862008194841638,0.9999338930386481,0.18771277367083622,0.32668410655100494,0.3421444722434245,0.4458544800577795,0.7762025327290153,0.13622288575740488,0.0,0.006846876571082213,0.3168391298128392,0.0708184502392067,0.7430961659909076,0.26189781364571013,0.07549149931145104,0.10700218923997926
0.009225468967197998,0.21687360825029112,0.0964519435443502,0.041336279170878495,0.01661494080975022,0.3877558463895028,0.2172454371899781,0.02877283326821404,0.032790046639672006,0.46152968536269906,0.20257807516169252,0.4084470844303412,0.0,0.10513659439061238,0.1262275321536934,0.0,0.16311944355872912,0.5365589178996228,0.923192487557828,0.8930513124186933,0.06094293170539382,0.03291466043513369,0.009513762107870855,0.0016752310186566198,6.610696135189607e-05,0.27247781852922043,0.09819630244368864,6.610696135189607e-05,6.610696135189607e-05,0.61987452722834,0.021721586695279498,0.4557796830476753,1.0,0.8882610859908938,0.5577651862996288,0.9295254018179373,0.09457686614288141,0.20167630137879267,0.0,1.7108044750607071e-07,0.03970170532935065,0.5207345062553049,0.00017307027171223956,0.0037921043861600698,0.013866660279571803,0.9999338930386481,0.18774958694636787,0.3272371229745185,0.3430561660047506,0.4457958485691714,0.775700338143028,0.13577323252198342,0.0,0.006602319618493883,0.3160072815466778,0.07047459818206275,0.7423036902983895,0.2617647807215845,0.07680751244217197,0.10694851650085922
0.009226115267681302,0.21646379125022022,0.09627080853446973,0.041378667697281345,0.016594095663541586,0.3893577953826595,0.21727349764779813,0.02835058595256875,0.03244759975683815,0.4620259137183529,0.20284646328798173,0.4099170554882668,0.0,0.10531940887322569,0.13010422084633097,0.0,0.16363717125032995,0.5366328616453738,0.9218675985572636,0.8930911224604714,0.060898201776259035,0.03292813733492267,0.009442106223973111,0.0015826562887678716,6.610696135189607e-05,0.2718158319197358,0.09809447233772618,6.610696135189607e-05,6.610696135189607e-05,0.6209426453109729,0.021931647644882608,0.4547540869782026,1.0,0.8883150444404152,0.5547145750591839,0.9298571904989202,0.09482534524514434,0.20171354069189693,0.0,1.6329264052277131e-07,0.03971204495246879,0.5217145409338009,0.0001730702717122395,0.0037791184424180125,0.013871335053799165,0.9999338930386481,0.18773784796675372,0.3277378142816924,0.3439245302634106,0.44573270644600255,0.7752218890671357,0.13532885753353058,0.0,0.006365546686358929,0.31518120409448513,0.07014280950107975,0.7415374835045258,0.2616535976627292,0.07813240144273638,0.10690871424688812
0.009227411731152133,0.21604686415830351,0.0960830598489299,0.04139327560715126,0.016572797378872385,0.39103564068890834,0.21730809307285898,0.028003474647004093,0.032098817421559685,0.4625516207176696,0.20309138432249588,0.41141722593818625,0.0,0.10550227613348197,0.13399608734721632,0.0,0.1641302161408811,0.5366849729348951,0.9205342087154647,0.8931183002232976,0.06084872135349074,0.03293829910498444,0.009371488899844306,0.0015120599603257786,6.610696135189607e-05,0.2711182903598662,0.0979777696303898,6.610696135189607e-05,6.610696135189607e-05,0.6219493419701914,0.02214257279736381,0.45369428578456744,1.0,0.8883617688396747,0.5515964279153978,0.9301815497850173,0.09507538325363672,0.20175554075414062,0.0,1.557702583019114e-07,0.0397209016647544,0.522687215493334,0.0001730702717122395,0.0037685217424101914,0.013875893279584738,0.9999338930386481,0.18773272243447994,0.32823450432531465,0.34474018356128766,0.4456645621231428,0.7747660428801403,0.13488848827724642,0.0,0.006135955026843365,0.3144074847373859,0.06981845021498263,0.7407944006054822,0.26155948631096426,0.07946579128453536,0.10688154400644412
0.009229054206432913,0.21562683974264812,0.09589272643888032,0.0414130211341358,0.01655189408377318,0.39268552771436593,0.21733311226849222,0.027634499334441797,0.031754478137194495,0.4630872452495958,0.20331501114406592,0.4128890778448622,0.0,0.10569950000706116,0.13777715278884128,0.0,0.16459724038449997,0.5367364586708308,0.9191960022673252,0.89313900596063,0.06080196024859757,0.03294591483932067,0.009302502653841476,0.0014226293516360496,6.610696135189607e-05,0.2704593616666536,0.097859938232969,6.610696135189607e-05,6.610696135189607e-05,0.6230283526220401,0.022354701869847737,0.4526587000521795,1.0,0.8883863925456104,0.5486060791093466,0.9304902864052157,0.09532759624491023,0.20178394834559654,0.0,1.4849554509181972e-07,0.03972816376005653,0.5236551177558417,0.0001730702717122395,0.003759203483514819,0.013880557241517003,0.9999338930386481,0.1877318698522709,0.3287124816975051,0.34557139810514953,0.4455890708610922,0.7743302869860864,0.13445222210295832,0.0,0.005914107447328499,0.3136167681018122,0.06950971359478435,0.7400751633705898,0.2614795929835728,0.08080399773267477,0.10686084554382488
0.00923103791326849,0.21519728088679754,0.09569859587899697,0.0414449369302122,0.016530313054282215,0.39442377384277033,0.2173637208893054,0.027232445620421326,0.03140124642016765,0.46363052348007167,0.20351956671537308,0.4143897679453441,0.0,0.10589963415292179,0.14155277249311457,0.0,0.16504503392267073,0.5367781175021734,0.9178529623696973,0.8931520417594179,0.060751546153639646,0.03295059902998989,0.00923571741943301,0.0013372538165546503,6.610696135189607e-05,0.2697694586718237,0.09772607270550687,6.610696135189607e-05,6.610696135189607e-05,0.6241238653779796,0.022567077072675006,0.4515899324077967,1.0,0.8884011422437895,0.5455674438092958,0.9307901205590552,0.0955799603071347,0.20181294181948342,0.0,1.4147001270918175e-07,0.039734256325796816,0.5246226872913998,0.0001730702717122395,0.003752359390426727,0.013885117316649287,0.9999338930386481,0.18773789461770493,0.32919175298351283,0.3463400443041189,0.44550544226365213,0.7739133562119519,0.13402029964685908,0.0,0.00569922360328874,0.31287978369758973,0.06920987944094484,0.7393750057701945,0.26140894067834325,0.08214703763030277,0.10684781677056943
0.009233571138771055,0.21476501012961627,0.09550477692901722,0.041479987779445726,0.01650565859168075,0.39620573601860204,0.21739640602801572,0.026818414242442874,0.031056822064161087,0.46418025249086786,0.20370184348818288,0.41589685928695097,0.0,0.10610203256439873,0.14529308029393492,0.0,0.16547036865186046,0.5368049153517512,0.9165025905347921,0.8931537968207269,0.06069970182882829,0.0329528644520737,0.009170657718893187,0.0012552015207766521,6.610696135189607e-05,0.2690730012203055,0.09757936490642599,6.610696135189607e-05,6.610696135189607e-05,0.6252237175630939,0.022779754007508597,0.4505084644803054,1.0,0.888406595681713,0.5425339532378209,0.9310794845560346,0.09583302582269117,0.20184167455309432,0.0,1.3468937465616196e-07,0.03973938181826023,0.5255896871749863,0.0001730702717122395,0.003746488948359206,0.013890018283448926,0.9999338930386481,0.18774792559824463,0.3296673087536579,0.3470961553963753,0.44541375410931716,0.7735184025043086,0.13359467623274368,0.0,0.005491371753888232,0.31217296646824416,0.06892051544396544,0.7386966055254484,0.26135341009515456,0.08349740946520785,0.1068460684898984
0.009236580653129982,0.21433135858974262,0.09531225189357732,0.04151512489156704,0.01650323479030636,0.3980224066537898,0.21743554857971292,0.026407398613888345,0.030655207222647623,0.4647099288497558,0.20386421789848666,0.4173976353857739,0.0,0.10630833218341278,0.14897724023752304,0.0,0.16587333846711264,0.5368174237918932,0.9151452464041371,0.8931439174150095,0.06064714581685507,0.03295271473779005,0.009140674861682067,0.001186241289642228,6.610696135189607e-05,0.2683878135527613,0.09732383798041064,6.610696135189607e-05,6.610696135189607e-05,0.626171109386768,0.02299273830576335,0.44942576238989695,1.0,0.8884011605832858,0.5395389380345912,0.931357285812976,0.09608723598346348,0.20186868954884205,0.0,1.2814881599567077e-07,0.039743318918927656,0.5265541967881006,0.0001730702717122395,0.0037410861314088936,0.013895621017291145,0.9999338930386481,0.18776207580705753,0.330139916566985,0.3478444803149614,0.445314144639865,0.77314304379575,0.13317660222432917,0.0,0.005290507233301304,0.31148382172788586,0.06864271418702397,0.7380394255494238,0.2613138866592647,0.08485475359586288,0.1068559544361745
0.009240005587547041,0.2139178325248315,0.0951173186500316,0.04154632174401818,0.016480149785926598,0.3998351309560159,0.2174946024163287,0.02601235118059562,0.030350247258843926,0.46524143607718016,0.2039996660570747,0.4188325594053835,0.0,0.10649982181818007,0.15248652857792833,0.0,0.1662484042835861,0.5367989910181673,0.9137788954925742,0.8931192066147345,0.06060067521536203,0.032952812773752664,0.009097347614578581,0.0011004558433017535,6.610696135189607e-05,0.2677680281297645,0.09712207093863917,6.610696135189607e-05,6.610696135189607e-05,0.6271825093914787,0.02320606459511025,0.44839821638567834,1.0,0.8884030898767357,0.5367231220003126,0.9316176196176484,0.09634492342558323,0.2019026303055573,0.0,1.218400667607514e-07,0.039746293246242764,0.5275157231040902,0.0001730702717122395,0.0037350877653629113,0.013897318213074012,0.9999338930386481,0.1877807793854888,0.3306041997110261,0.34864499604925564,0.4452082664508634,0.772794269347815,0.13276922420893822,0.0,0.005097088305084275,0.31079034942175904,0.06838238038235157,0.7374066722908307,0.2612983786762754,0.08622110450742579,0.1068806715451987
0.00924362572792616,0.213496136511648,0.09492126441496554,0.041583676923565384,0.016478984436306143,0.4017148399060467,0.21756899323324153,0.025608671042832473,0.029957052905259175,0.46575798845428706,0.204124917710329,0.42027658216880637,0.0,0.10668559653333895,0.15596079978616165,0.0,0.16660887272715028,0.5367659977027687,0.9124128389039895,0.8930859998202516,0.060550747475114776,0.03295098966501548,0.009049163880315536,0.0010275143685776894,6.610696135189607e-05,0.267127295252346,0.09693575108565329,6.610696135189607e-05,6.610696135189607e-05,0.6281772603715378,0.02341901334321373,0.4473543618639197,1.0,0.8884041070213853,0.5338896639293863,0.9318687208796427,0.09660328175956087,0.2019432484123648,0.0,1.1576253201031282e-07,0.039748089239260834,0.528466976920272,0.0001730702717122395,0.0037306437174623457,0.013901728901366428,0.9999338930386481,0.18780392143367813,0.33106461792121644,0.349343843707266,0.44509842899486446,0.7724560689464574,0.13236905596727394,0.0,0.004910296445275812,0.3101495362844521,0.06813127912035727,0.7367878455132889,0.2612907538848665,0.08758716109601047,0.10691388441721643
0.009247572801835012,0.21308243517359557,0.0947346725889624,0.041617381957092414,0.016457652076974,0.4035193287271516,0.21763285782264893,0.025210312094166073,0.02962006656151129,0.46628651461846127,0.20422894662066987,0.42168405368973433,0.0,0.10686863164845381,0.15932509952902357,0.0,0.16695073932794152,0.5367136589811654,0.9110414426686478,0.8930382750101373,0.060501171635747586,0.032948773184956016,0.008966105605892394,0.0009425579383485314,6.610696135189607e-05,0.26649936048378503,0.096860761245645,6.610696135189607e-05,6.610696135189607e-05,0.629342221430125,0.023632124312412607,0.44633726290969916,1.0,0.8884009925786572,0.5311571467761766,0.9321077226990986,0.09686351408147158,0.20198445192603492,0.0,1.0991690411153684e-07,0.039748420005976344,0.5294195364945081,0.0001730702717122395,0.003726277395704934,0.013903235408191723,0.9999338930386481,0.18782851406046094,0.33151877124213175,0.35009492019306737,0.4449835818920368,0.7721389290669175,0.13197868340056648,0.0,0.004730375772888914,0.3095177536947997,0.06789227730090137,0.7361857465905869,0.26130188909279956,0.0889585573313521,0.1069616150729586
0.009251846558204862,0.21265266646625564,0.0945589946186159,0.04165421270605815,0.016425965329029735,0.40528356860491727,0.217667442354252,0.02479315302467673,0.02930167556678842,0.4668389053401755,0.20432452429043638,0.42311620436305064,0.0,0.10706824143343892,0.16271037724340204,0.0,0.16728487779502765,0.5366606414794706,0.9096685832025486,0.8929801434431494,0.060443435619836824,0.03294272115683385,0.008898633126231681,0.0008894728691020435,6.610696135189607e-05,0.26581935240745724,0.09672910522052644,6.610696135189607e-05,6.610696135189607e-05,0.6303949875000658,0.023845485638708485,0.4452878623468422,1.0,0.8883752391513836,0.5283636678592097,0.9323419202988572,0.09712374659502983,0.2020190972567799,0.0,1.0430591669385884e-07,0.03974730908225997,0.5303699288405831,0.0001730702717122395,0.003723486454140712,0.013907745528503847,0.9999338930386481,0.1878555562461961,0.33197756437266956,0.3507934028975765,0.44486332890472996,0.7718299900708552,0.13159593329010721,0.0,0.00455651941517747,0.3089259548973881,0.06765807970114279,0.7355913756099426,0.2613202612637495,0.09033141679745142,0.10701975225093398
0.009255876887338706,0.21223149063218674,0.09438924703086343,0.04167606961589355,0.016428464315543873,0.4069210769546973,0.2176894990916439,0.02441777592935221,0.028907162046374998,0.46736139354257883,0.2044065190798012,0.42446888387024906,0.0,0.10728806925994197,0.16589766745244836,0.0,0.16759388464819525,0.5366054754347949,0.9082918913050151,0.892909760774821,0.06039121157505873,0.032934680002183754,0.008838659263596425,0.0008083693135473974,6.610696135189607e-05,0.2652123857611975,0.09657978537983664,6.610696135189607e-05,6.610696135189607e-05,0.6315247284009383,0.0240600497975416,0.444302152923973,1.0,0.8883226754997072,0.5258209690430302,0.932559382315075,0.09738716770531783,0.20203601119552594,0.0,9.8917274968882e-08,0.039744901193306106,0.5313146846871417,0.0001730702717122395,0.003718705641033974,0.013915002493412534,0.9999338930386481,0.18788288391600225,0.3324294594478959,0.35155063218388444,0.4447357355955651,0.7715334311226572,0.1312289632057779,0.0,0.004389255240350819,0.3082813635045215,0.06744061768492507,0.7350189476464869,0.2613585133696793,0.09170810869498495,0.10709014030790413
0.009260377655730756,0.21181404840083382,0.09421958390207806,0.041707987143034184,0.01641552548879948,0.4086945563304246,0.21772148892986742,0.024021670345035103,0.028543908720851992,0.4678864031715893,0.20447450569569028,0.4258271227122997,0.0,0.10750209740558221,0.1690734218644754,0.0,0.16789429657710722,0.5365332010520631,0.9069113492442009,0.8928268227374276,0.06033415574514957,0.032924593073573136,0.008784705592497083,0.0007331374358574056,6.610696135189607e-05,0.2645672814759629,0.0964096048694929,6.610696135189607e-05,6.610696135189607e-05,0.632657929779717,0.024274496234756495,0.4433004094187378,1.0,0.8882701248228381,0.5232245274975933,0.9327697938087555,0.09765152897959424,0.20206189527962412,0.0,9.37537393662222e-08,0.03974217087512285,0.5322664682387904,0.0001730702717122395,0.003716288574633685,0.013916427718124862,0.9999338930386481,0.1879181846392637,0.3328875192423581,0.35227558749429455,0.44460212858165954,0.7712509980695532,0.1308724678689625,0.0,0.004227777771579701,0.3077020506379313,0.06723020619124453,0.7344541744432985,0.26140490366831265,0.09308865075579908,0.10717308350883299
0.009265308943277829,0.21139806071231496,0.09408229221932723,0.041740502983721346,0.016399996081160054,0.41050034825804627,0.21768417619598998,0.02362292673613332,0.028192111109120767,0.4684014749585503,0.20453017442014992,0.4271672605617862,0.0,0.10771221687618357,0.17219308495348182,0.0,0.1681814920452981,0.5364445647018361,0.9055276768500861,0.892731946298813,0.06027562247037113,0.032912258409819845,0.00873410368050595,0.0006627098308323047,6.610696135189607e-05,0.2639214091793392,0.09622401452449632,6.610696135189607e-05,6.610696135189607e-05,0.6337742340678052,0.024489051305903876,0.4423052241862219,1.0,0.8882156706530502,0.5206551025518376,0.9329707224015824,0.09791738232112542,0.2020930260316777,0.0,8.880655716849071e-08,0.03973903441579423,0.5332130557990321,0.0001730702717122395,0.003714527321106324,0.013919540412957948,0.9999338930386481,0.18795544401135494,0.33334099509007836,0.35298704127268227,0.4444649081952251,0.7709807742739462,0.13052751525199177,0.0,0.004072112470766263,0.3071518124946807,0.06702927759841765,0.7339011256335765,0.2614624092664862,0.0944723231499139,0.10726796489462984
0.009270577788118467,0.21099185615276816,0.09392999558196537,0.04177155977746376,0.016383448278285462,0.4122657137125775,0.21769422784221637,0.023230328974148163,0.027847833081625598,0.46891423331166804,0.20457231245818172,0.4284704486497464,0.0,0.10792104347797248,0.1752282897017655,0.0,0.1684504548210665,0.5363366654847422,0.9041415229271758,0.8926247736878297,0.06021695193674614,0.03289826587736606,0.008684964170193026,0.000594078946171174,6.610696135189607e-05,0.2632936103041516,0.09603412979068018,6.610696135189607e-05,6.610696135189607e-05,0.6348800899306737,0.02470402428681386,0.44133326145922813,1.0,0.888156729831629,0.5181562526275022,0.9331607018346363,0.09818549638962097,0.20212963956624258,0.0,8.407359192317286e-08,0.03973498328492495,0.5341502310212983,0.0001730702717122395,0.0037128987837836943,0.013923611931649498,0.9999338930386481,0.1879959043236289,0.3337888921633938,0.3536921420965887,0.4443246855847972,0.7707236632550044,0.13019628989102547,0.0,0.003922226690398589,0.3066154576707324,0.06683929816536369,0.7333640487893125,0.26153369494901524,0.09585847707282431,0.10737514223857843
0.009275956883105745,0.21058800691769278,0.09377186932546161,0.04180144770111237,0.01636659409623988,0.4140107313931034,0.2177259723265064,0.022843111778875207,0.02750744574134792,0.46942835936522104,0.20460578277134361,0.42974063951078983,0.0,0.10813007522540359,0.17817826092459102,0.0,0.1687045093840823,0.5362154889776726,0.9027557478886881,0.8925074874659995,0.060158258868465576,0.032882870039861095,0.008638397193540186,0.0005505358370936172,6.610696135189607e-05,0.2626840082792499,0.09583982655300274,6.610696135189607e-05,6.610696135189607e-05,0.6358609432428595,0.024919008372698087,0.4403809955950442,1.0,0.8880919805983626,0.5157294922101191,0.9333398924540004,0.09845502788162137,0.20216873366254268,0.0,7.954681757096573e-08,0.0397299586067789,0.5350812447727717,0.0001730702717122395,0.0037114930860997057,0.013928152307892816,0.9999338930386481,0.18803843471213647,0.3342320872361175,0.3543880497722881,0.44418173180976883,0.7704752088559583,0.12987836489416604,0.0,0.003777944176233858,0.3060922468652899,0.06666010754599959,0.7328404627342964,0.2616157773597847,0.09724425211131194,0.10749243298718289
0.009280593245382926,0.21016214462046504,0.09361762552300953,0.041817299057724064,0.016350059954165736,0.41568607616143755,0.2177594522541689,0.022492609391040523,0.027180933039951043,0.46997235256358844,0.204629437718633,0.430915239267254,0.0,0.10834980658527377,0.18089044976825286,0.0,0.16893770409097636,0.5360902122050679,0.9013714964593366,0.8923806327095937,0.06010655427811026,0.03286739159721399,0.008594604420279713,0.0005125203046556415,6.610696135189607e-05,0.2621651422599363,0.09565683820597488,6.610696135189607e-05,6.610696135189607e-05,0.6367459410880691,0.025134716408273104,0.4395069946615098,1.0,0.8880106618076289,0.5135884735911803,0.933500841958436,0.09872826802765028,0.20219606235632562,0.0,7.521756774454102e-08,0.03972333394683945,0.5360063919918536,0.0001730702717122395,0.003708068870972746,0.013932946166407409,0.9999338930386481,0.18808102037625518,0.3346647576254097,0.3551428375220199,0.4440357442094523,0.7702358458730939,0.12957776607123625,0.0,0.0036395316070974427,0.30552107664056694,0.06649915804156407,0.7323340278813734,0.2617137254386065,0.09862850354066348,0.10761929207283862
0.009283966510451217,0.20976230299138848,0.09346172732910554,0.04182399662981858,0.016333181404784933,0.4170816516965247,0.21778180266204966,0.022165792402470203,0.026858800964288887,0.4705116795475256,0.20464284091489207,0.4320069718511449,0.0,0.10858081055793528,0.18337648254868957,0.0,0.16915212691909298,0.5359631869170376,0.899988039487913,0.8922426520723008,0.060060895812828696,0.03285301634252484,0.00855382836637509,0.00045310385378482236,6.610696135189607e-05,0.2617154969215452,0.09548800192141567,6.610696135189607e-05,6.610696135189607e-05,0.6376679266441486,0.025350732704069012,0.43869244314409683,1.0,0.8879124002042684,0.5116921814164391,0.9336439250049638,0.09900373007521276,0.2022077235307796,0.0,7.107803357955153e-08,0.0397147512236158,0.5369343848683268,0.0001730702717122395,0.003703796025454303,0.01393749099977452,0.9999338930386481,0.1881239635340177,0.33508946403513096,0.3559122627580538,0.4438840954648698,0.770006426381039,0.12930058500475825,0.0,0.0035067892377962573,0.30493133603487127,0.06635607499503618,0.7318441430056942,0.261829089552183,0.10001196051208701,0.1077572768496656
0.009286837476472297,0.2093615807335947,0.09326619643702405,0.0418378050018791,0.01631577358029441,0.4184671311989476,0.21789125643615118,0.021824405175639838,0.02652707054901671,0.4710639411492576,0.20465548291911478,0.43309197846099523,0.0,0.10880833448718065,0.18581589357258999,0.0,0.16936097896123323,0.5358325754628182,0.8986104986284854,0.8920990229630246,0.06001281924817751,0.03283704225013592,0.008516421099677419,0.00040244686321877303,6.610696135189607e-05,0.26124862555295014,0.09533401770986646,6.610696135189607e-05,6.610696135189607e-05,0.6385457356085603,0.02556660311309299,0.4378684699714571,1.0,0.8878127857426431,0.5097774250208983,0.9337796470331555,0.09928028648910073,0.2022232280932766,0.0,6.712747594574101e-08,0.03970682559426864,0.5378602066490332,0.0001730702717122395,0.0037018026212910795,0.013942150618851089,0.9999338930386481,0.18817384800243026,0.33552046146662506,0.3566171199333684,0.44372844542834833,0.7697779139677923,0.12903955156754762,0.0,0.003378879770176279,0.3044066814065117,0.06622035296684446,0.731358734549666,0.2619441964439052,0.10138950137151462,0.10790090990949952
0.00928890198275619,0.20895819490976475,0.09309654702293986,0.04184886983939343,0.016299074785546097,0.4197943722088409,0.2179335068300367,0.02148840888442326,0.026197330896915148,0.4716143325243042,0.20466561458809426,0.4341472201361581,0.0,0.10903225748105755,0.18815121319699102,0.0,0.16956241016239043,0.535702699863638,0.8972375003255049,0.8919493084076797,0.059967063543258634,0.032820773309537796,0.008482387034634144,0.0003653870419748649,6.610696135189607e-05,0.26081143134651424,0.09517120181587203,6.610696135189607e-05,6.610696135189607e-05,0.6393378331232765,0.0257822527031962,0.437058677679463,1.0,0.8877119640856643,0.5079419209131388,0.9339057547070873,0.09955742749180431,0.2022347096804103,0.0,6.335602881545644e-08,0.039699176776856825,0.5387901089444288,0.0001730702717122395,0.0037002131082419735,0.01394716366783162,0.9999338930386481,0.18822358375832585,0.33594843062121554,0.3573244815076836,0.44356962787558474,0.7695521327087095,0.12879410218437892,0.0,0.0032557784332781824,0.3039068658898701,0.06609424529291272,0.7308801623458053,0.26206259045595176,0.10276249967449512,0.10805062823629144
0.009289884105933975,0.20856518994623421,0.09294337964728776,0.04185200252467612,0.01628295456555075,0.4209336979930642,0.2179387111637958,0.021173655547916222,0.02587475080147495,0.4721569532021142,0.20466880227425227,0.4351350443090103,0.0,0.10925792745099407,0.19030619197598067,0.0,0.1697501506420771,0.5355731794566821,0.8958680968989903,0.8917925097755559,0.05992615809193615,0.032804424208899556,0.008450081973038906,0.00031336691667191284,6.610696135189607e-05,0.2604338505374895,0.09501677794108596,6.610696135189607e-05,6.610696135189607e-05,0.6401524915408647,0.025998505182938073,0.43629867117324367,1.0,0.887604548494057,0.5062951730842886,0.9340191393915642,0.09983766649561289,0.20223901185463797,0.0,5.976005422860515e-08,0.03969122789560125,0.5397187039282555,0.0001730702717122395,0.003697837960938463,0.013952165870664618,0.9999338930386481,0.18827548920535297,0.3363700824353909,0.35805818151489294,0.443408224932818,0.7693326925428097,0.12856628451774602,0.0,0.0031375240549489083,0.3033986349397308,0.06598086060843576,0.73041218286231,0.26218780868867986,0.10413190310100971,0.10820743046438983
0.009290413326760638,0.2081739138160449,0.09279462588909149,0.041860164117930455,0.016266788892426224,0.4220628596763887,0.2179334206097076,0.020849280000879676,0.025546719160307214,0.47269412363620733,0.20466876767674916,0.436108770467907,0.0,0.10947754785864491,0.19241490805712153,0.0,0.1699314374852451,0.5354399549724994,0.8945044125096377,0.891630227996929,0.059883450427189025,0.032787016080406614,0.008419410947726965,0.0002800335820725831,6.610696135189607e-05,0.26004818032940924,0.09484543470867773,6.610696135189607e-05,6.610696135189607e-05,0.6408918983838184,0.026214793519726148,0.43553778738824367,1.0,0.8874988246780255,0.5046417938470468,0.934126402238444,0.10011920410777497,0.20224832662935022,0.0,5.633730143358224e-08,0.03968376949433475,0.5406447288085489,0.0001730702717122395,0.003697038701858606,0.013957060861797755,0.9999338930386481,0.18833207141391603,0.33679288789708783,0.35874125468793533,0.4432456920464252,0.7691164388035248,0.1283534421438493,0.0,0.0030236274633295684,0.30294329809583176,0.06587359776155603,0.7299493584069799,0.26231171839815043,0.10549558749036222,0.10836971566576957
0.009290006392599158,0.2077939997067189,0.0926552226558611,0.04186047743650735,0.01625162914935041,0.4230034152357919,0.2179137327034612,0.020539678965436306,0.025227406853207197,0.4732235366290201,0.20466052396493065,0.4370143368146163,0.0,0.1096999973152111,0.19435384673085604,0.0,0.17009808977153532,0.5353058893306103,0.8931450404698104,0.8914610825853196,0.059844668350480204,0.032769460988007884,0.008390087219764806,0.0002174175990662292,6.610696135189607e-05,0.2597140989033933,0.0947017785003091,6.610696135189607e-05,6.610696135189607e-05,0.6417219510190474,0.02643176953530259,0.43482798478072004,1.0,0.8873857512167161,0.5031675421420319,0.9342222509960955,0.10040422918866682,0.20225316065672497,0.0,5.308128928814535e-08,0.03967606939025267,0.541565854841283,0.0001730702717122395,0.0036953757935226936,0.013962191666125976,0.9999338930386481,0.18839012792792958,0.3372056349904085,0.35945608353612096,0.44308277806316265,0.7689077064997668,0.12815767840466374,0.0,0.00291425146807274,0.3024786111271121,0.06577774900390457,0.7294976810397978,0.26244095001266476,0.10685495953018966,0.10853886433339115
0.009289786816524674,0.20740904322173445,0.09251224724120398,0.04187447547714314,0.016235992850325724,0.4240737298575743,0.2179014953409164,0.020201759911588985,0.024896461689212692,0.4737489703380569,0.2046507348738931,0.4379448470983144,0.0,0.10990908955940316,0.19635472455029324,0.0,0.1702629050890599,0.5351636085477495,0.8917921427951423,0.8912867338583029,0.05979974414370089,0.03275040783322751,0.00836202177932332,0.00020640360570335,6.610696135189607e-05,0.25932718692260404,0.09452945718067171,6.610696135189607e-05,6.610696135189607e-05,0.6423579263852769,0.026648291079579608,0.43408110801022726,1.0,0.887282208985417,0.501541582769011,0.9343178240178023,0.10068852897408614,0.2022720463997836,0.0,4.998940716879164e-08,0.03966920468434643,0.5424846703875268,0.0001730702717122395,0.0036966495377037055,0.013967087302371674,0.9999338930386481,0.18845174347857088,0.33762600284506733,0.36007538877054646,0.4429205502231116,0.7687009740465273,0.12797404489145842,0.0,0.0028087014551799,0.30210369268069587,0.06568217598219776,0.729048565936854,0.262564345052467,0.10820785720485769,0.10871321615228995
0.00928794966038448,0.2070455627864229,0.09235188346585342,0.041865971001952204,0.016221996977329324,0.424726757858243,0.21794633966511412,0.01992162510529918,0.024589481503079588,0.4742742573129271,0.20462798709897415,0.4387459829193152,0.0,0.11013018307797087,0.19804312095953613,0.0,0.17040427658116775,0.5350241940096149,0.890442291378089,0.8911039685827771,0.0597660839498616,0.03273261387853642,0.008334943170561278,0.00017307027171223956,6.610696135189607e-05,0.2590751855246999,0.09439786683959513,6.610696135189607e-05,6.610696135189607e-05,0.6429828775534934,0.026866453659642974,0.43344471049396555,1.0,0.8871621446394714,0.5003121076910106,0.9343962372517274,0.10097874399843665,0.2022746791033455,0.0,4.7052188616688575e-08,0.039661053009911934,0.5433964269334914,0.0001730702717122395,0.003694207494970642,0.01397239618570091,0.9999338930386481,0.18851078951596928,0.3380048135578932,0.3608148380340015,0.44276154086658837,0.7685055592413829,0.1278093065867192,0.0,0.0027076722825577866,0.30164477134945333,0.06560376274827258,0.7286169794203956,0.26270112688703956,0.10955770862191105,0.10889598436503432
0.009285049830175354,0.20667749060993926,0.09220890373420451,0.04186164695354298,0.016207497581239853,0.42534545252524214,0.2179418543640118,0.01963812096402788,0.024277121686956775,0.47479859908104277,0.20460730295722754,0.43951973251293247,0.0,0.11035091882010863,0.19964645709095932,0.0,0.17054251322179947,0.5348927099612591,0.8891040778985716,0.8909190130746107,0.05973294773807127,0.032714705109226035,0.00831101216895488,0.00013973693837890616,6.610696135189607e-05,0.2588326272614274,0.09428217803245033,6.610696135189607e-05,6.610696135189607e-05,0.6435818743536598,0.02708489279132384,0.43282076515273454,1.0,0.8870385796954441,0.4991312466749075,0.9344672204974319,0.1012703216883978,0.20227396248678997,0.0,4.4264421592868393e-08,0.0396531256019408,0.5443088034624085,0.0001730702717122395,0.003693045934010312,0.01397705810238425,0.9999338930386481,0.1885718143364586,0.3383992664983093,0.36149058140112594,0.4426026300352886,0.7683078042514486,0.12765950233433296,0.0,0.0026105014844472908,0.30122229623413327,0.06553277950256813,0.7281871650898027,0.2628333275519509,0.11089592210142843,0.10908094266096774
0.009281400096138308,0.20631321876164008,0.09207447655172092,0.04185775672284615,0.016193535946387772,0.42589762775983764,0.21791571181299263,0.019354115156159004,0.023964847779832762,0.4753170219576789,0.20458293456896223,0.44026324441437914,0.0,0.11056579733681043,0.2011747525816825,0.0,0.17067346017386162,0.5347612098454978,0.8877743786033102,0.8907292156937157,0.0597009696521559,0.03269703510062919,0.008254989843415633,0.00010696331036034353,6.610696135189607e-05,0.25859889576393325,0.09427229248072377,6.610696135189607e-05,6.610696135189607e-05,0.6442684150137178,0.027304038072064434,0.432211583751317,1.0,0.8869172065946236,0.49799092701037995,0.9345323763913987,0.1015634674506478,0.20227414720586218,0.0,4.162209962276372e-08,0.03964562579704406,0.5452196632160575,0.0001730702717122395,0.003692668526051826,0.013981943758516484,0.9999338930386481,0.18863315692785368,0.3387925427104962,0.36214251922750856,0.44244459170099437,0.7681130273589734,0.12752517183430384,0.0,0.002516996068566012,0.30083432040793767,0.06546762360860124,0.7277630723754905,0.2629646429486401,0.1122256213966898,0.10927074268418471
0.00927716757706046,0.2059457308112281,0.09195760276766521,0.041853104996356506,0.01617968022569833,0.42628507628089535,0.21785067828064467,0.019066509964946042,0.023654787766152086,0.4758329445687297,0.20455530470232172,0.44099448753279236,0.0,0.11079637510557046,0.20267335355266966,0.0,0.1708018619700307,0.5346430512128169,0.8864528488364533,0.8905342601767968,0.05966566669571205,0.03267798339666386,0.0082170562651272,0.00010696331036034353,6.610696135189607e-05,0.2583566064586691,0.09421768078633078,6.610696135189607e-05,6.610696135189607e-05,0.6447635223021115,0.027524625142495058,0.43160183655341366,1.0,0.8867766961824767,0.49685650403807347,0.9345945378101579,0.10185792049774765,0.20226495451761609,0.0,3.912255450611351e-08,0.03963780018160242,0.5461332297290686,0.0001730702717122395,0.0036929207995774573,0.013986973636733915,0.9999338930386481,0.1886945021616976,0.3391843710110947,0.36277338426551,0.4422872813658925,0.7679200701551833,0.12740367591379395,0.0,0.0024269287119528162,0.30047014240925696,0.06540546218984211,0.7273402175322217,0.2630919942695671,0.11354715116354674,0.10946570070064865
