0_primarytoI_spread,0_primarytoII_spread,0_primarytoIII_spread,0_primarytoIV_spread,0_primarytoV_spread,0_ItoII_spread,0_IItoIII_spread,0_IIItoIV_spread,0_IVtoV_spread,0_late_p,0_C01_coef,0_C02_coef,0_C03_coef,0_C04_coef,0_C05_coef,0_C06_coef,0_C09_coef,0_C10_coef,0_C12_coef,0_C13_coef,0_C32.0_coef,0_C32.1_coef,0_C32.2_coef,1_primarytoI_spread,1_primarytoII_spread,1_primarytoIII_spread,1_primarytoIV_spread,1_primarytoV_spread,1_ItoII_spread,1_IItoIII_spread,1_IIItoIV_spread,1_IVtoV_spread,1_late_p,1_C01_coef,1_C02_coef,1_C03_coef,1_C04_coef,1_C05_coef,1_C06_coef,1_C09_coef,1_C10_coef,1_C12_coef,1_C13_coef,1_C32.0_coef,1_C32.1_coef,1_C32.2_coef,2_primarytoI_spread,2_primarytoII_spread,2_primarytoIII_spread,2_primarytoIV_spread,2_primarytoV_spread,2_ItoII_spread,2_IItoIII_spread,2_IIItoIV_spread,2_IVtoV_spread,2_late_p,2_C01_coef,2_C02_coef,2_C03_coef,2_C04_coef,2_C05_coef,2_C06_coef,2_C09_coef,2_C10_coef,2_C12_coef,2_C13_coef,2_C32.0_coef,2_C32.1_coef,2_C32.2_coef,3_primarytoI_spread,3_primarytoII_spread,3_primarytoIII_spread,3_primarytoIV_spread,3_primarytoV_spread,3_ItoII_spread,3_IItoIII_spread,3_IIItoIV_spread,3_IVtoV_spread,3_late_p,3_C01_coef,3_C02_coef,3_C03_coef,3_C04_coef,3_C05_coef,3_C06_coef,3_C09_coef,3_C10_coef,3_C12_coef,3_C13_coef,3_C32.0_coef,3_C32.1_coef,3_C32.2_coef
0.0002064036055399,0.0175713364366845,0.0049916654068137,0.000926536644879,6.610696135189607e-05,6.610696135189607e-05,0.1428132646326737,0.0265412967396582,6.610696135189607e-05,0.9999372458761832,0.0,0.1599955418255731,0.0003430036327744,0.1307812781849878,0.0089100014433276,0.2895730896701437,0.0740372033708727,0.1878290816453437,0.1021098825197702,0.1778943782460072,0.9858742004498646,0.4761270578583069,1.0,0.0323164762883355,0.5352989603016167,0.0057053987840664,0.0022164478369987,0.0166499542890177,0.999933893038648,0.1667399871204791,0.2571394693485856,0.3042845081143296,0.3957265769554678,0.7629120540784773,0.2860893619139116,0.0548960989553,0.1584679092093436,0.4460575882291553,0.1378235316426379,0.7076026556550281,0.470343819454781,0.0195340697649563,0.0690300774016507,0.0,0.1201964905560499,0.0,0.0149284684451839,0.3351391089445794,0.2581744557840268,0.0751965234769756,0.0315137868026421,6.610696135189607e-05,6.610696135189607e-05,6.610696135189607e-05,0.0568179830560037,0.3738778798219803,0.2166285574868939,0.0944180993000866,0.0,0.0435850814842003,0.023399842449862,0.0,0.1775545494675418,0.2717651838517317,0.8783560477152733,0.753075544352342,0.0141256718385896,0.4036764515856431,0.0,0.082479141759443,0.0007331374358574,0.0162741682533196,0.0070041609934487,6.610696135189607e-05,0.2206486240209343,0.1317095102102511,0.0093515747403533,6.610696135189607e-05,0.6867190507487642,0.0204593884346287,0.4594969969604285,0.9447608974119256,0.6671657311214683,0.521632567877655,0.5726033786872183,0.0408055915065573,0.0700619150481435,0.0,0.0,1.2771154569363453e-07,0.0,0.0
0.00020640360553998618,0.017411881954873785,0.004909580831673146,0.0009057243163275642,6.610696135189607e-05,6.610696135189607e-05,0.16018818795095469,0.04057034548451801,6.610696135189607e-05,0.9999404421320348,0.0,0.17236790978625757,0.00029199001626698456,0.13769829121653865,0.009959065276707708,0.2939474465685947,0.0839923079672876,0.19361667279645925,0.11397137539497999,0.1762972680680271,0.9874777108490645,0.4472927333092412,1.0,0.031624119756217574,0.5415755026981256,0.008371394074203026,0.0021990730672143853,0.018780219047722802,0.9999338930386481,0.1763419711043252,0.2595819490793377,0.4013361487476439,0.37848003118979556,0.7554821320603177,0.25245331254736436,0.09502279665313149,0.17059629011557612,0.4610884114354168,0.06723924774465641,0.6938584571944175,0.47399742944636547,0.020032927647145194,0.06166121482978093,0.0,0.11850946339511138,0.0,0.015224057645414159,0.3308754233016038,0.27666161841391007,0.07234951251110425,0.033830545407276355,6.610696135189607e-05,6.610696135189607e-05,0.03840217319245493,0.07473722834132623,0.3594417246311462,0.22821912227575036,0.09616282839250537,0.0,0.035546718858908845,0.018714385870908005,0.0,0.18211752614317808,0.2633488852813547,0.8659956969578748,0.7620415171021919,0.012522172597446911,0.4341978032956474,0.0,0.07720307561274407,0.0007993321500812152,0.018906505852625734,0.003528941257625086,6.610696135189607e-05,0.1838225490239576,0.13729765339727398,0.010542920371558913,6.610696135189607e-05,0.6990639547104815,0.01629874566393202,0.4790159492738728,0.9046852133306016,0.6561586998089765,0.5102381374169676,0.6388133056867489,0.04003170869511676,0.06903701247582071,0.0,0.0,1.1655348853150872e-07,0.0,0.0
0.00020640360553998618,0.017629174847172257,0.004531253407678653,0.0008907395971213016,6.610696135189607e-05,6.610696135189607e-05,0.1673174873360536,0.046981221593713436,6.610696135189607e-05,0.9999399444878033,0.0,0.17864912409658626,0.00023615744896452118,0.14158677954346321,0.011182873519309307,0.2829014170553958,0.09127050767396575,0.19439705339147537,0.12180732039922793,0.17513142893697786,0.989329254594492,0.4326195818466425,1.0,0.032136441160362385,0.5521431061660619,0.00865840389246724,0.0022095185904266765,0.019380871805779378,0.9999338930386481,0.176985917346216,0.24637822996427605,0.4310351785125556,0.37185568844429706,0.7554524198538354,0.2395638549790868,0.10437305891113362,0.17809789803740647,0.466582945299859,0.043428231028763045,0.6876996849423401,0.48347962966395164,0.021171574958946407,0.05677827681595536,0.0,0.11759830364108934,0.0,0.015350850858455896,0.328263690249104,0.27506264769039807,0.07329301918549751,0.0334390317891089,6.610696135189607e-05,6.610696135189607e-05,0.04210751497081528,0.07475166785682204,0.3576226059218111,0.2313212758195818,0.09692816113865452,0.0,0.02705378686294407,0.015715244007173817,0.0,0.18231662053281988,0.2535524029460977,0.8570211046418257,0.7680902942470668,0.010670635520480231,0.44978211451226824,0.0,0.07656688529780414,0.0007906286666472915,0.01966148736255829,0.0032580314922485733,6.610696135189607e-05,0.18063796129948048,0.13224397771275004,0.011276827056099727,6.610696135189607e-05,0.7050692971171288,0.013226304326582818,0.48485885978567245,0.8953907836399019,0.6532615355561863,0.5065189371736578,0.6736703519158412,0.038713186850874264,0.06857091399847534,0.0,0.0,1.0988502785272968e-07,0.0,0.0
0.00021336691371611155,0.017798966151287596,0.0042519400150146415,0.0009092810077111792,6.610696135189607e-05,6.610696135189607e-05,0.17142894435274023,0.050292359486107795,6.610696135189607e-05,0.9999391802902098,0.0,0.18335271399080164,0.00019157086202458104,0.14509301017576023,0.01267177248482441,0.272966436305694,0.09784388695852068,0.19495532897193854,0.12636846919319375,0.17369697879308824,0.9907477866669303,0.42417188170250136,1.0,0.0324094138143203,0.560159292717645,0.008688560977234387,0.002136292683875137,0.019788586988028677,0.9999338930386481,0.17747285840570015,0.2389790691958676,0.4504058815844652,0.3698035516244304,0.7561100422958338,0.23310365394204904,0.10629210223402306,0.18285472712347536,0.46689599598643095,0.03237411410454367,0.6824460082826631,0.4907440437561767,0.022398273486979203,0.052484565859491024,0.0,0.11590010719315137,0.0,0.015370585224101781,0.32747324530884847,0.2749864927296685,0.07293558254657821,0.03325268666945864,6.610696135189607e-05,6.610696135189607e-05,0.045286469949711645,0.07500688849584475,0.356058245762418,0.23292767735720196,0.09799614571742939,0.0,0.020369473758258098,0.013629983136976671,0.0,0.18254079827168146,0.24593860420934047,0.851233257319827,0.7738184553474208,0.009252109724432937,0.4599280111043472,0.0,0.07628085053674302,0.0007931447608168968,0.020005822424257396,0.0032394108846790313,6.610696135189607e-05,0.17929815154909756,0.12808894482748256,0.013084983358801166,6.610696135189607e-05,0.7090382730980007,0.010962280346964323,0.48554748634971995,0.8935163269039523,0.6516827889425063,0.5068022483917679,0.6946594495897623,0.03716930648713476,0.0683620230625443,0.0,0.0,1.0360863679522285e-07,0.0,0.0
0.00021336691392267668,0.017898797614784103,0.004044108794666578,0.0008885241525618672,6.610696135189607e-05,6.610696135189607e-05,0.17321660427311664,0.05232030827488861,6.610696135189607e-05,0.9999390776326443,0.0,0.18737204291074114,0.00015588908877098268,0.14834847277971694,0.01440532795833151,0.26554430965031917,0.1038678627216558,0.19579126251207435,0.12893186575813118,0.17243511474302578,0.9918567741225548,0.41933522312626814,1.0,0.03272687392337589,0.5682893357545741,0.008817817365056128,0.0020863682991267532,0.020046281144311895,0.9999338930386481,0.17784333998016083,0.2352368026012377,0.4643323804906404,0.36868623141955637,0.7565399632862118,0.22931530402408262,0.10645261068128278,0.18591012074910424,0.46560364290705086,0.0263239907500649,0.6776472653894442,0.49580856455218836,0.023687562390530985,0.04862441184238005,0.0,0.11380110276168355,0.0,0.01537401477567198,0.3271139549309881,0.275039933308814,0.0723948130731222,0.0331235609011172,6.610696135189607e-05,6.610696135189607e-05,0.04786534238516834,0.07535893889577479,0.3547174271135577,0.23419250668682248,0.098982114380688,0.0,0.015317835233817122,0.011963639023498467,0.0,0.182957976610927,0.24004571431667776,0.8473805718513379,0.7789404734145942,0.008143129107296582,0.46686367411204827,0.0,0.07615459528073203,0.0008093360768747528,0.02017770011477003,0.0032348707469451394,6.610696135189607e-05,0.17819446779839346,0.12451284474252051,0.01447554556879263,6.610696135189607e-05,0.71146109182138,0.009267530026965736,0.4843305386844883,0.8933915002299463,0.6504235712373617,0.5080273901111192,0.7081316995996159,0.035526895277973036,0.06835445861905952,0.0,0.0,9.677014867227582e-08,0.0,0.0
0.00021336691392267668,0.017970336986074385,0.0039198849479085175,0.0008811012382818344,6.610696135189607e-05,6.610696135189607e-05,0.17385387943912772,0.05359021444382681,6.610696135189607e-05,0.999938857508797,0.0,0.1910474060168553,0.0001271825708921042,0.15143915335614205,0.0163896339109683,0.2603592677356928,0.1095179834593003,0.19695887000104934,0.13023342539389052,0.17133968849983494,0.9926769684888792,0.41637522550330475,1.0,0.03305377870221755,0.5759766850182731,0.00891848484808353,0.002054449225572742,0.02023259327315032,0.9999338930386481,0.1780385110338712,0.23320770209145392,0.4736381762295317,0.3682712695184486,0.7567284479068345,0.2267656284034342,0.10617060045099494,0.18776828813360708,0.4637292044480967,0.022670945654201313,0.6731607133574683,0.4991287550346332,0.025014290196002615,0.045119889913443074,0.0,0.11153798418455288,0.0,0.015363883073777337,0.32685091122801496,0.2749468087383999,0.07187626129755838,0.033034327999488584,6.610696135189607e-05,6.610696135189607e-05,0.04985140353212945,0.07553812802877304,0.3536666108339666,0.23530016528165854,0.0998069541908464,0.0,0.011539093086162461,0.010579124567073288,0.0,0.1834430295056775,0.2354468180703797,0.8447522844101069,0.783540421586722,0.00732294109674162,0.4720867903121424,0.0,0.07611303499545859,0.0008317631255849874,0.020285078158843294,0.0032358394107414486,6.610696135189607e-05,0.17702421483501696,0.12123516508860391,0.015288601487502721,6.610696135189607e-05,0.7128929216439073,0.007971386811507034,0.48238001138886416,0.893702216978113,0.6492534654240883,0.5093020370738618,0.7169697866101059,0.03387827367755389,0.06846555689393768,0.0,0.0,9.041437921728895e-08,0.0,0.0
0.00021336691392267668,0.018025878755839518,0.0038411891218645463,0.0008839826765287113,6.610696135189607e-05,6.610696135189607e-05,0.17395977787763353,0.0544050876170807,6.610696135189607e-05,0.9999386829134547,0.0,0.19452071870749824,0.00010395552560445849,0.1543863989414311,0.018648529541132965,0.25686312070804723,0.11480784803878923,0.1983866007031943,0.1307737434255784,0.17041861809082035,0.9933056560727825,0.4146189382293263,1.0,0.03336913974965263,0.5831352571499632,0.008959030460597128,0.0020345119009111557,0.020378755895791124,0.9999338930386481,0.17806476756188383,0.23199561891803144,0.4797335922564067,0.368350137476306,0.7567039299379217,0.22488728800877203,0.10579740784372299,0.18882900045166282,0.4617620061681313,0.020299790322218063,0.6689858592167395,0.5011673649935676,0.02636081845495661,0.041918585127280215,0.0,0.109235087090032,0.0,0.015341484271238374,0.326657887118497,0.27471452231886856,0.07139665850838135,0.03297666681614793,6.610696135189607e-05,6.610696135189607e-05,0.05143601895244655,0.07566233761937688,0.3528350058622425,0.2363321745978601,0.10046639324223011,0.0,0.008715598502180406,0.009402302152847986,0.0,0.18395041002769152,0.2318214459386363,0.842865438119465,0.7876627967818994,0.006694259387171329,0.4761459746806418,0.0,0.07613837600576155,0.0008964881522833954,0.0203689313421663,0.003242605454942218,6.610696135189607e-05,0.17578428471274116,0.11823857488126956,0.015715137336038833,6.610696135189607e-05,0.7134398785440899,0.006963895464218196,0.4801256000414997,0.8940986366306726,0.6480690021047257,0.5101871621378877,0.7228370889697348,0.03225588271677984,0.06862458836460177,0.0,0.0,8.454004600692043e-08,0.0,0.0
0.00021336691392267668,0.018071663781775354,0.0037851591332416852,0.0008938147276590665,6.610696135189607e-05,6.610696135189607e-05,0.1738579006077664,0.05493859141081357,6.610696135189607e-05,0.9999385470046467,0.0,0.1978672388835897,8.509773086189123e-05,0.1572166859716863,0.021215474663131777,0.2545566197618695,0.11972830359526371,0.19997650147787574,0.1308691613244043,0.16964378966033752,0.9938061703724628,0.4136143828849746,1.0,0.0336752819060536,0.5897766182988542,0.008946911259577322,0.00202236923836288,0.020499042124413173,0.9999338930386481,0.17804820664109225,0.2310977326941886,0.4836020534961475,0.368725021398244,0.7564846507841505,0.2233675852998455,0.10532702843004982,0.18929485956316314,0.45981667530573417,0.01863589812451457,0.6651065457908613,0.5022664746138796,0.027710727539068763,0.03897730163839651,0.0,0.10696352607337978,0.0,0.01531105379036114,0.32650425040118886,0.2744146801344108,0.07095569565651003,0.032933562460269836,6.610696135189607e-05,6.610696135189607e-05,0.05276005258977205,0.07580016784803656,0.35215529437476417,0.23734406889794646,0.10097218069625336,0.0,0.006600132035133631,0.008385513157071922,0.0,0.18448605847768776,0.22897372512823513,0.8414201111365269,0.791378908701266,0.00619375050937612,0.4794220910416456,0.0,0.07622620352135503,0.0009465390574396318,0.020450039968004624,0.0032538588017363866,6.610696135189607e-05,0.17466906764572837,0.1155013798709994,0.015926452703019223,6.610696135189607e-05,0.7135336771355584,0.006171280317903023,0.4777929951203114,0.8945878738390883,0.6468883224300169,0.5105823368740621,0.7268074821136159,0.030679092136187244,0.0687832987800096,0.0,0.0,7.911816112069765e-08,0.0,0.0
0.00021336691392267668,0.0181129649763833,0.0037456372872720967,0.0009076917241548582,6.610696135189607e-05,6.610696135189607e-05,0.17364683326839514,0.05531173061895711,6.610696135189607e-05,0.9999384178634816,0.0,0.20111612745895655,6.975766930093118e-05,0.1599521668911889,0.024127736356635537,0.25314047295269465,0.12426878207128372,0.20163376675757802,0.13071307832267415,0.16897953630257972,0.9942182806407139,0.41305911373537485,1.0,0.03396180413550878,0.5959458014052278,0.008877566708271618,0.0020153338492701735,0.020599112311063796,0.9999338930386481,0.17796373485863323,0.23034690752932055,0.48601178624850944,0.3693181629842526,0.756116052403915,0.22210851542308319,0.10489485406516219,0.1894206590897753,0.45798856191820403,0.01740979156005717,0.6615201509876596,0.5027027792730762,0.029051528124282133,0.036264220137230435,0.0,0.10476691583389373,0.0,0.015274584002767589,0.3263780682591128,0.2740821174002487,0.07054953345627904,0.03289611646347298,6.610696135189607e-05,6.610696135189607e-05,0.05390812320937482,0.07597876585111069,0.35157803276470667,0.23834307507447894,0.10135338472154937,0.0,0.005011191680731189,0.007497195484236245,0.0,0.18504979212551093,0.22675587183089235,0.8402353935530438,0.7947562435601898,0.005781645253736091,0.4821739704307314,0.0,0.07636961475806509,0.0010194655530841666,0.02053352405987215,0.0032676854813402916,6.610696135189607e-05,0.17359325215217536,0.11306343881832105,0.01602778481482333,6.610696135189607e-05,0.7131749563377,0.005540872521606027,0.47542197239641093,0.8950353882655369,0.6456159823383046,0.5103865062409242,0.7294497354872481,0.02916127481554573,0.06890758213845351,0.0,0.0,7.41055500129208e-08,0.0,0.0
0.00021336691392267668,0.01815030752747826,0.00371747819605073,0.0009233144998301213,6.610696135189607e-05,6.610696135189607e-05,0.17339665838925952,0.055552904599122176,6.610696135189607e-05,0.999938303363132,0.0,0.20429498608124527,5.7261382727187094e-05,0.16262273405938113,0.027429938963333164,0.25236132558594687,0.12843498329401828,0.20330430255204407,0.13042317407398604,0.16839897114286587,0.9945676708549802,0.41277758218112215,1.0,0.03419400316346467,0.6016419140370122,0.008761234451318779,0.002011659408212571,0.020683021568190272,0.9999338930386481,0.17784029212304028,0.22964845088737776,0.4874558852670124,0.37008765963726986,0.7556194606463623,0.22100632767795336,0.10443667133391923,0.18927403240628685,0.4562350881501093,0.016441694684801018,0.6581974911676235,0.5026570941677015,0.03037312675619924,0.03375356827647906,0.0,0.10266518689129502,0.0,0.015235501246850287,0.32627562551617195,0.2737478116919044,0.0701734838300863,0.032861233360802836,6.610696135189607e-05,6.610696135189607e-05,0.05497893679663554,0.07620181042361798,0.3510563878494401,0.23934515226979583,0.10162674236928795,0.0,0.0038130377070817677,0.006715375787913725,0.0,0.18565332012244767,0.22505857640482596,0.8392036991698147,0.797847460580655,0.005432259680825535,0.48455723092758285,0.0,0.07655920878822535,0.0010926186564626547,0.02062093700310854,0.0032827562887008067,6.610696135189607e-05,0.17263009025004272,0.11086202001482827,0.016075162644383176,6.610696135189607e-05,0.7125755207140633,0.005035387083841946,0.4730719438715135,0.8955060672833536,0.6442901958272503,0.5096195970986438,0.7311969797292521,0.02771420541591063,0.06898002687542851,0.0,0.0,6.946419429322147e-08,0.0,0.0
0.00021336691392267668,0.018184690062322723,0.003696953150311203,0.0009391734749848867,6.610696135189607e-05,6.610696135189607e-05,0.17313381633741248,0.05576142333677298,6.610696135189607e-05,0.999938189474392,0.0,0.20741167657896134,4.706878190781841e-05,0.1652477408833263,0.03116724562334516,0.25207013049392785,0.13223599230310434,0.20494815046818884,0.13006762880896217,0.16787851740592596,0.9948698348175307,0.4126559663750362,1.0,0.03444185374863304,0.6068950818059478,0.008606303431397445,0.002010302318379415,0.02075451293864658,0.9999338930386481,0.17769570499633267,0.22894195933098885,0.488308865179771,0.37094494604499406,0.7550232089113845,0.22002073723731252,0.1039837617092506,0.18895664389645475,0.45454981935663474,0.015638148072694577,0.6551173004586374,0.5022713352922912,0.031667759950611274,0.031426599464355616,0.0,0.10067542892330898,0.0,0.015199837840223548,0.32620577634029163,0.2734285835468374,0.06983286466807291,0.03282886241039462,6.610696135189607e-05,6.610696135189607e-05,0.05593404543213176,0.07645214805587625,0.3505652160149962,0.24034884813024385,0.10181145432091193,0.0,0.002906767984536274,0.006023567799241212,0.0,0.18629772112490503,0.22378083174915672,0.8382646112404266,0.8006948831297185,0.005130100026565098,0.4866686047016548,0.0,0.07679175313100985,0.001186241289642228,0.02071166102458878,0.0032981488154530574,6.610696135189607e-05,0.1717475073207354,0.10889621674254955,0.01610011661466778,6.610696135189607e-05,0.7117414959248826,0.004627942958371627,0.47075613186281423,0.8959691695088415,0.6428888472356827,0.5082593672207789,0.7322917214333776,0.02634898611335322,0.06899968249036331,0.0,0.0,6.515590428146963e-08,0.0,0.0
0.00021336691392267668,0.018216631726392665,0.0036814159304490264,0.0009542549133375526,6.610696135189607e-05,6.610696135189607e-05,0.17287419690794445,0.055914438455957255,6.610696135189607e-05,0.9999380904815245,0.0,0.2104772485131198,3.874713517879552e-05,0.16785115986744983,0.0353902732097879,0.2521409841476414,0.13569105382851587,0.2065433358756615,0.12968881791381945,0.16740535182824276,0.9951354928865213,0.4126280981470697,1.0,0.03465117531869438,0.6117597946600752,0.008416431163006353,0.0020101762362096116,0.020782783696177115,0.9999338930386481,0.1775397054615373,0.22821150422977154,0.4890185891066182,0.3719011830013115,0.7543391208742296,0.21912213522135945,0.10350618415519193,0.1884987869923347,0.452908574674349,0.01492920650886594,0.652250974408357,0.5016431883477507,0.03292816442619443,0.02926400938351726,0.0,0.09879224630358502,0.0,0.015163218166720893,0.32617338679398056,0.2731360758450552,0.06949704098466314,0.032798873668698006,6.610696135189607e-05,6.610696135189607e-05,0.05687682256066984,0.07673774929452427,0.35008953008974075,0.24136411301053015,0.10192558493650217,0.0,0.0022194371796972014,0.005409853400654102,0.0,0.186991374813871,0.22285943249105394,0.8373830176599861,0.80333063878824,0.004864445966560705,0.4885796555493453,0.0,0.07705079528566036,0.0012844532755887205,0.020771754535933835,0.0033134661545664774,6.610696135189607e-05,0.1709243272416441,0.10720777867597543,0.016114968643802453,6.610696135189607e-05,0.7109555824626527,0.004296766115240291,0.4684750313290186,0.8964550687096293,0.6414306159605184,0.5062912987152091,0.7329298093434927,0.02506659694925614,0.06895404328553384,0.0,0.0,6.114691809996887e-08,0.0,0.0
0.00021336691392267668,0.01824580949608976,0.0036695141919807356,0.0009350702683041463,6.610696135189607e-05,6.610696135189607e-05,0.17262812489891538,0.05615585141440226,6.610696135189607e-05,0.9999381133098205,0.0,0.21348148388430854,3.194182101094054e-05,0.17043639653372172,0.04014581601218547,0.25249104326438454,0.13882344564379917,0.2080766106634834,0.12930798341756441,0.16696563205924642,0.9953713053913341,0.41264563948479605,1.0,0.03485056128686385,0.6162171592646258,0.008199770307323053,0.0020110149991035275,0.02082626868153487,0.9999338930386481,0.17737968868220905,0.22746493765503645,0.48935076091318336,0.37289894478952873,0.753585532378673,0.21829487849441837,0.10302232372750443,0.187951545533304,0.4512903140544184,0.014279589890050553,0.6495565306896388,0.5008396469231581,0.0341457552921258,0.027251623814020343,0.0,0.09701915179927048,0.0,0.015130451154243288,0.3261679722641174,0.2728686197214571,0.06918427600215696,0.03277898823933286,6.610696135189607e-05,6.610696135189607e-05,0.05777580573845075,0.07701630649386787,0.34961928116681223,0.2423885837187712,0.10199777375308368,0.0,0.0016975718845355996,0.004864773388442282,0.0,0.18774849912805489,0.22223941305011632,0.8365462612903098,0.8057827441267332,0.004628637194098289,0.4903352087159335,0.0,0.07732989702105825,0.0013926958688910006,0.0208557713719625,0.00332803711949041,6.610696135189607e-05,0.17013420254937353,0.10554443228536069,0.016135929382411297,6.610696135189607e-05,0.7100619509352811,0.004025883902555829,0.4662258638681895,0.8969457344514846,0.6399144860484387,0.5036990965449539,0.7332293668455648,0.023871524538507133,0.06884432936324228,0.0,0.0,5.741456761963967e-08,0.0,0.0
0.00021336691392267668,0.01827186526497192,0.0036598959182658885,0.0009269737143462668,6.610696135189607e-05,6.610696135189607e-05,0.1724249440008175,0.05634827295722197,6.610696135189607e-05,0.999938052347741,0.0,0.21643060530560096,2.637731310115153e-05,0.17304511894125196,0.04545846528703626,0.25310413211272875,0.14166653970384577,0.20956261635971335,0.12893772888866822,0.16654004704008077,0.9955573970364119,0.41260341720528454,1.0,0.03503633961544114,0.6203316776041721,0.007962106963953854,0.0020124434624390194,0.02086783532284025,0.9999338930386481,0.17722187146828922,0.22668924556452524,0.48953158907831906,0.3739274490083003,0.7527737461808607,0.21752384339477315,0.10252884065678791,0.18733763806223752,0.4496888612944256,0.01366070307005623,0.6470189612311255,0.4999079948555404,0.03531604183224529,0.025375626382450823,0.0,0.09534334941727174,0.0,0.015098669427505044,0.32618032806272323,0.2725968709152504,0.06892123245928072,0.03275564233060994,6.610696135189607e-05,6.610696135189607e-05,0.05857920153841181,0.07727154266087424,0.3491561063881757,0.2434222363038616,0.10203297274232045,0.0,0.0013001309616715317,0.004380196761262228,0.0,0.1885541533065247,0.22185894647228266,0.8357462292790865,0.8080843265774684,0.004442549037427671,0.49205323337744367,0.0,0.0776344810796358,0.001507009696710145,0.020949358528614116,0.0033451116340777517,6.610696135189607e-05,0.1693879127095153,0.10391063048015384,0.016147965672828356,6.610696135189607e-05,0.7091095752697322,0.0038040175152777274,0.4640125785573055,0.8974447820301109,0.638317112034839,0.500472476657276,0.7332351648172151,0.022760345758504084,0.06867044231246358,0.0,0.0,5.3926160463368924e-08,0.0,0.0
0.00021336691392267668,0.018294162276064115,0.003651134036145597,0.000924896301058163,6.610696135189607e-05,6.610696135189607e-05,0.17222485744756427,0.05650095003118583,6.610696135189607e-05,0.9999379935876248,0.0,0.21933188895471636,2.182091048265509e-05,0.175681335896862,0.051377751226396234,0.25393146824245355,0.14424002282502368,0.21098744007397655,0.12858215893047234,0.16612940081503338,0.995711617903399,0.4125506681607778,1.0,0.0352090172326415,0.6241333728546394,0.0077082452883931165,0.0020132697337572687,0.020905627797531006,0.9999338930386481,0.17707122147979673,0.22588946667424675,0.4897254038224264,0.3749739883158081,0.7519169221164145,0.21680509649149957,0.10203023915060519,0.1866831704628812,0.4480920221976189,0.013059676893340385,0.6446302840236763,0.4989015896454005,0.03643651825108923,0.023625588496116456,0.0,0.09375726118730865,0.0,0.015067998158901832,0.3262239396479199,0.2723517051070913,0.06867561105315782,0.03273293326972592,6.610696135189607e-05,6.610696135189607e-05,0.059357609642375075,0.07754343125175973,0.3486838307071551,0.24446071695696844,0.10203209063183145,0.0,0.0009968337068722909,0.003948586309966648,0.0,0.18939874005067123,0.22167155998224816,0.8349813228184384,0.8102450106888501,0.004288331436136646,0.4936920706519136,0.0,0.07796216883887383,0.001650453282885973,0.021048221892802015,0.0033609320225437412,6.610696135189607e-05,0.16862413007862492,0.10235296141161836,0.016166808071091554,6.610696135189607e-05,0.708030519101754,0.0036223609266171565,0.4618309239219526,0.8979479399389122,0.6366386599333845,0.49658164026601825,0.7330088548642061,0.021730953100628888,0.06843941029837486,0.0,0.0,5.0660464348228527e-08,0.0,0.0
0.00021336691392267668,0.018313047154187058,0.003642911499183546,0.0009265323991851559,6.610696135189607e-05,6.610696135189607e-05,0.17200597101140197,0.05662791434928972,6.610696135189607e-05,0.9999379413443552,0.0,0.22219331504040843,1.8084762000308018e-05,0.1783516023982796,0.05795050257866698,0.25490669916425346,0.14656774595515382,0.21234741783850214,0.12824256642222442,0.16573201430284165,0.9958439597815438,0.4124970094670932,1.0,0.03537094117810475,0.6276407235358074,0.007441977059453505,0.002013381115764157,0.020939439756158352,0.9999338930386481,0.17693141732025283,0.22506379100737428,0.4899516024550306,0.375999875825687,0.7510222475145654,0.21611240055091313,0.10147141512110185,0.18596418833488074,0.4464563254710258,0.012454562532513837,0.6423732572411656,0.49784851546465936,0.03750419548123842,0.021991536162220923,0.0,0.09225469865568553,0.0,0.015039165638951382,0.326303498909501,0.27214036137320974,0.06844140552511051,0.032711399208297076,6.610696135189607e-05,6.610696135189607e-05,0.06012997074788293,0.07783145029250152,0.3481979869798064,0.24550379275953696,0.10199659769209067,0.0,0.0007649351191028337,0.0035639934456066966,0.0,0.1902787095920105,0.22164523961162658,0.8342532380965372,0.8122764495349374,0.004155992618475216,0.4952482918772213,0.0,0.07834389664885553,0.0017945500357111665,0.0211525240148366,0.0033752948421540358,6.610696135189607e-05,0.16791064496541339,0.10080734473054907,0.016196026346131084,6.610696135189607e-05,0.7067993890394673,0.003473959725897673,0.45969768671658773,0.8985105001168978,0.6349192741477369,0.49202917850470057,0.7326387383032327,0.020780287211670054,0.06815882708521193,0.0,0.0,4.759998092070859e-08,0.0,0.0
0.00021336691392267668,0.01833011745133489,0.003635172470559313,0.0009306729027706919,6.610696135189607e-05,6.610696135189607e-05,0.17178758407196734,0.05673803058333451,6.610696135189607e-05,0.9999378889529409,0.0,0.2250246109332937,1.501805219262126e-05,0.1810673564106774,0.06521744701501643,0.2560369486896885,0.1486701863309237,0.21364021094098687,0.12791959238752,0.1653472665433383,0.995960569801053,0.4124425635546548,1.0,0.03552206167398577,0.6308897553632988,0.007180396621708055,0.0020128149014781082,0.02096989080460626,0.9999338930386481,0.1768421901778187,0.22420675735782147,0.49021201800877545,0.37701067811540045,0.7500980195836128,0.21545533538746658,0.10090687593727396,0.18523036914556845,0.44480388312069685,0.011847114597990272,0.6402343732038109,0.49676974970598703,0.03851617315846087,0.02046455579408162,0.0,0.09082986036918553,0.0,0.015012551373996184,0.326422242461209,0.2719655484554188,0.06824997748032215,0.032692408847020495,6.610696135189607e-05,6.610696135189607e-05,0.060825971960541174,0.07812569129626763,0.3476932604620094,0.24654900300610205,0.10193783467183444,0.0,0.0005874887754739875,0.003221468053028809,0.0,0.19119220308685397,0.2217583303384439,0.8335642344540192,0.81418817766258,0.004039385470756765,0.4967275760761597,0.0,0.0787253863785819,0.0019643433328837036,0.02125290291689159,0.0033885325289334163,6.610696135189607e-05,0.16721550618995093,0.09936326302210577,0.01623708457731824,6.610696135189607e-05,0.705569173565171,0.0033529774102851336,0.4575822190074052,0.8990781060105334,0.6331147856682802,0.4867572018112579,0.7321159367123212,0.019903237378411442,0.06783170901458228,0.0,0.0,4.4728190244255804e-08,0.0,0.0
0.00021336691392267668,0.01834563762063021,0.003627898716144524,0.0009363955089185648,6.610696135189607e-05,6.610696135189607e-05,0.17155973923441598,0.05680666424509969,6.610696135189607e-05,0.9999378456681529,0.0,0.22782342394161592,1.2496101449802952e-05,0.18382511263932497,0.07320781792967652,0.2572652354582722,0.15057243595061784,0.21487046037206434,0.1276179173983443,0.1649806315184941,0.9960654952060131,0.41239383322205775,1.0,0.035652054339373955,0.6338779503434048,0.006900451532683343,0.0020110638937520463,0.020997734816596586,0.9999338930386481,0.17674595235762644,0.22335381526618442,0.49055425070600384,0.37805238352934467,0.7491670751371989,0.2148147586228955,0.10028629909161597,0.18445064371964218,0.44309162715826017,0.011224455919271051,0.6382108326047802,0.4956882425114368,0.03947270749912645,0.01903793410598593,0.0,0.08948077344113231,0.0,0.01498844224785589,0.32657683491800316,0.2718217313624889,0.06805567087949187,0.03267583920583974,6.610696135189607e-05,6.610696135189607e-05,0.0615509856966901,0.0784325660416767,0.3471747041968099,0.24757803082463883,0.10185424874280098,0.0,0.00045149120004410687,0.0029164515546326163,0.0,0.19211990989244151,0.22197203628911372,0.8329093751025293,0.81598143437552,0.003934462763297055,0.49812539333680994,0.0,0.07911987568181202,0.002139961166233366,0.021374619171231058,0.0033998384926692293,6.610696135189607e-05,0.1665393581300413,0.09781974229289103,0.016292515961843227,6.610696135189607e-05,0.7043563227995796,0.003254894038162313,0.4555075686926876,0.8997012048069343,0.6312727524409888,0.48078410335743077,0.7315103086224568,0.019096821552160453,0.06746926082738525,0.0,0.0,4.203068997397879e-08,0.0,0.0
0.00021336691392267668,0.018360137127060878,0.0036210484520432114,0.0009435788350085686,6.610696135189607e-05,6.610696135189607e-05,0.1713606470015782,0.05688886189183899,6.610696135189607e-05,0.999937791623951,0.0,0.2305926818453717,1.041948947321528e-05,0.18663025273971587,0.08193706651487437,0.25859468152014936,0.15229567229602414,0.21604540055587343,0.1273350895579971,0.16462923391869225,0.9961612591490883,0.41234790245176883,1.0,0.03577040106968051,0.6366238503310383,0.006608741656613257,0.0020086423365979584,0.021021944663465138,0.9999338930386481,0.17662087671135204,0.22248167171227304,0.4909890272327769,0.3791339835713828,0.7482214248182428,0.21419410742660647,0.09964554749794512,0.18365473973795096,0.4413379767238102,0.01058989220135906,0.6362810880917839,0.49460389545311584,0.040371627168009565,0.017704005479130824,0.0,0.08820103121908367,0.0,0.014967760903394075,0.3267641368888463,0.27170905468909706,0.0678634672489067,0.03266142799681031,6.610696135189607e-05,6.610696135189607e-05,0.06229313351326556,0.07874389761663124,0.3466436077805699,0.24860147895556076,0.10174675793914176,0.0,0.00034714622586792864,0.0026445207717526514,0.0,0.19306653750022568,0.2222678196395718,0.8322932832739933,0.8176667606021769,0.003838701358699591,0.4994510663291475,0.0,0.07953387474402748,0.0023500029777804663,0.021495708085820714,0.003409248530564123,6.610696135189607e-05,0.1658172254318494,0.0962939885319297,0.016352189479791255,6.610696135189607e-05,0.7030499070738152,0.0031770962261964534,0.4534664527888801,0.9003440330125817,0.6293678612964653,0.47408043598956273,0.7308154262784916,0.01835670211196635,0.06708288435143898,0.0,0.0,3.949221211642932e-08,0.0,0.0
0.00021336691392267668,0.018373214466599622,0.003614630334562515,0.0009520329544856063,6.610696135189607e-05,6.610696135189607e-05,0.1711484379243736,0.056976892356291546,6.610696135189607e-05,0.9999377448203048,0.0,0.23333774770506155,8.706733739113204e-06,0.18948618294237726,0.09141071740229062,0.25997925126043225,0.15386016931663438,0.21717144200760075,0.12707019790038873,0.16429335966263972,0.9962504664281968,0.41230536913154625,1.0,0.03591422036768415,0.6391709581668195,0.006314886932344452,0.0020059157817908964,0.02104326821957969,0.9999338930386481,0.17651684722493025,0.2215693023300016,0.4914923268791324,0.38019429751963274,0.7472539783224308,0.21357191113989582,0.09892679973450777,0.182807387558163,0.43951115749786435,0.009935543437150425,0.634422831878509,0.49351287729905596,0.041211557503663045,0.01645587349658231,0.0,0.08698471445331778,0.0,0.014949891816168267,0.32698017597474216,0.2716276672932555,0.06767454357156891,0.03264956848836172,6.610696135189607e-05,6.610696135189607e-05,0.0630434405271903,0.07905995040391497,0.3460985166543246,0.24962926399205004,0.10161989699355603,0.0,0.0002670161371218563,0.002402274241227673,0.0,0.1940392804911352,0.22263902927913304,0.8317182445959482,0.8192507668407779,0.0037494964688586114,0.5007099164151361,0.0,0.07996507610312485,0.0025539091245325813,0.021621564803881957,0.003416818852495479,6.610696135189607e-05,0.16515065049813438,0.09474554097830006,0.016426266845473082,6.610696135189607e-05,0.7017850570453129,0.0031167576855191544,0.45147044416148663,0.9010644935317531,0.6274394133623379,0.4666758508586174,0.7300852053024173,0.01767771831372148,0.06667665141421025,0.0,0.0,3.710294456197841e-08,0.0,0.0
0.00021336691392267668,0.01838665050017416,0.0036085894091868248,0.0009616812244871314,6.610696135189607e-05,6.610696135189607e-05,0.1709177506196079,0.05706873330509021,6.610696135189607e-05,0.9999376989535659,0.0,0.23605598836013947,7.291765025480281e-06,0.19239151866429366,0.1016119901813169,0.26144068902381734,0.1552834893546324,0.2182499579296713,0.1268218037772971,0.1639727973128827,0.9963348438604379,0.41226712711835256,1.0,0.03602528957839314,0.6415407001225313,0.006046271045086573,0.0020026638017851535,0.021062230075293183,0.9999338930386481,0.17637661011376618,0.22060285899100893,0.4920029712342832,0.3812715624316405,0.7462710528852072,0.21298038257152196,0.09821536557962499,0.18196710802987517,0.4376598308732368,0.009274232881387312,0.6326256502044945,0.49242273782785617,0.041991574953250566,0.015286779992703857,0.0,0.08582139818073671,0.0,0.014930822610616845,0.327228478195792,0.2715691152247248,0.06749104791967228,0.03264062288108701,6.610696135189607e-05,6.610696135189607e-05,0.06380020598212555,0.07938427782709481,0.3455419010771347,0.2506577940114816,0.10148316160348525,0.0,0.00020549069301415752,0.002186747709039301,0.0,0.19503805574570976,0.22308006960355553,0.8311866212694523,0.8207404226944135,0.003665121287682097,0.5019114747009108,0.0,0.08041465697690212,0.0027889751875897094,0.021751572286067188,0.003422304947189779,6.610696135189607e-05,0.16440448557951642,0.0932270044352531,0.01651200493639445,6.610696135189607e-05,0.7004269592443725,0.0030711531033112685,0.4494804674648533,0.9017773426553495,0.625435882612817,0.458541431236407,0.7292850780947954,0.017052804695163445,0.06624723463891699,0.0,0.0,3.4851880030090265e-08,0.0,0.0
0.00021336691392267668,0.018399246466586562,0.0036029654535508155,0.0009724776672502623,6.610696135189607e-05,6.610696135189607e-05,0.17067209186062599,0.057163943123329196,6.610696135189607e-05,0.9999376554631393,0.0,0.23875768047309012,6.120869844170772e-06,0.19535153840557026,0.11251337790874846,0.26294347573793825,0.15658343108006637,0.21928877686264492,0.12658898758139292,0.16366809400737573,0.9964158168549504,0.41223505457765414,1.0,0.036128268626038795,0.6437364900020733,0.005767049438028129,0.001999279484205105,0.02107859665618107,0.9999338930386481,0.1762537951366883,0.21961290297866196,0.49259536220264694,0.3823620722377381,0.7452831799838282,0.2123859908397876,0.09743551671749581,0.18108647772989692,0.43573969085717557,0.008600729014088947,0.6308835529448217,0.49133632923604537,0.04271208440923636,0.01419201175079359,0.0,0.08470985546853353,0.0,0.014915557292612259,0.3275009166906655,0.27153076411350524,0.06731294069992554,0.0326340493250172,6.610696135189607e-05,6.610696135189607e-05,0.06456137950611486,0.0797115464622243,0.34497448615443055,0.2516778093627985,0.10133033734334705,0.0,0.00015818666070294393,0.001995068268234557,0.0,0.1960539017018629,0.2235705107244204,0.8306989280093707,0.8221398942418306,0.003584150413157465,0.5030550899538123,0.0,0.08088119469773092,0.003034928866749127,0.021874135170338125,0.003425561685916885,6.610696135189607e-05,0.1636795186121587,0.09169615246126968,0.016610685272359503,6.610696135189607e-05,0.6991062947050631,0.003039010653373331,0.4475259913437752,0.9025583624126601,0.6234037972038299,0.44975186296584135,0.7284557952479728,0.016479114273249162,0.06580438317688934,0.0,0.0,3.273189217746434e-08,0.0,0.0
0.00021336691392267668,0.018411797233152682,0.0035979578139184883,0.0009843774282327089,6.610696135189607e-05,6.610696135189607e-05,0.17042749414846917,0.05726094425485918,6.610696135189607e-05,0.9999376092953141,0.0,0.24143927785817343,5.15008644543576e-06,0.19836267834256116,0.12405776902712753,0.26448455062236675,0.1577718290541358,0.2202897242800524,0.12637003164963553,0.16337855395265216,0.9964943965011391,0.4122088022539568,1.0,0.0362249402715374,0.645785931285728,0.0054818346250850945,0.0019957842653278448,0.021092845573825042,0.9999338930386481,0.1761388689167727,0.21856174245480328,0.49326241118502295,0.3834663146895244,0.7442926585990269,0.21179594756662254,0.09661723428838007,0.18018709631662097,0.43377062101483005,0.007921325015660771,0.6291894213444755,0.4902554455926746,0.043373184220544404,0.0131667315959615,0.0,0.08364610558085477,0.0,0.014902748980293319,0.32779530471093826,0.27151364374299347,0.06717337138685955,0.03263004606196036,6.610696135189607e-05,6.610696135189607e-05,0.06524899173929265,0.08003266688824509,0.3443912876863384,0.25268884385096363,0.10117183595537627,0.0,0.00012182192367689217,0.00182493343263891,0.0,0.19708655634056887,0.22410477109625218,0.8302567841298201,0.8234547144513863,0.003505572764138719,0.5041450921651885,0.0,0.08136219633341166,0.0033025896473770585,0.021997674509593737,0.003426125385563668,6.610696135189607e-05,0.16292202279177798,0.09016994374947426,0.016724573434993385,6.610696135189607e-05,0.6977662778201829,0.0030184975500094913,0.44559293861982774,0.9033776156251745,0.621328403417141,0.44034667652540355,0.7275941243619725,0.01595219326081975,0.06535005903102083,0.0,0.0,3.073472211905468e-08,0.0,0.0
0.00024670024775042324,0.018424435600593085,0.0035935505326237776,0.0009971089839135082,6.610696135189607e-05,6.610696135189607e-05,0.17018185802187155,0.05736143772608018,6.610696135189607e-05,0.9999374245157602,0.0,0.24410539234417852,4.343726068354277e-06,0.20142508988114893,0.1361721962845199,0.26604670935962915,0.15886291068152397,0.22125896985846133,0.12616669113644058,0.16310767417269434,0.9965712859565903,0.41219336915591576,1.0,0.036317144290629634,0.6477051752376729,0.0051953760424176655,0.001991695138817845,0.02110535438359571,0.9999338930386481,0.17602258761289222,0.21750276254871,0.4940039309736726,0.3845681408602012,0.7433054614521626,0.21120360376451439,0.09574484721751174,0.17925921407057863,0.4317544352911838,0.007239277923137363,0.6275369760759716,0.4891827826875708,0.04397803674521685,0.012207161829639872,0.0,0.08262949865688513,0.0,0.01489205349810462,0.3281142386693634,0.2715246249510319,0.0670297997335502,0.032628763249482315,6.610696135189607e-05,6.610696135189607e-05,0.06596719331265179,0.08036085969827698,0.34379441209522077,0.25368613459310246,0.1010066726440131,0.0,9.384644548398268e-05,0.0016742643941656244,0.0,0.1981321409868274,0.22467118702903863,0.8298552721183426,0.8246851639976658,0.003428685190177711,0.5051771321871991,0.0,0.08185702177418816,0.0035867028024209663,0.02215879627667705,0.003423578212770945,6.610696135189607e-05,0.16214380432901415,0.08847681159624297,0.016855625682015,6.610696135189607e-05,0.696278660544541,0.003008403954734985,0.44368433124729395,0.90425080905642,0.6192218496027885,0.4303991040301307,0.7267140127172335,0.015467972255677035,0.06488706042492925,0.0,0.0,2.8853232057363157e-08,0.0,0.0
0.0002467002482448365,0.018436512705833682,0.003589010487094123,0.0010045003623112515,6.610696135189607e-05,6.610696135189607e-05,0.16994427518992924,0.05748699624233359,6.610696135189607e-05,0.999937428408991,0.0,0.24677296917960043,3.6737070361790367e-06,0.2045552362725258,0.14876163878196055,0.267656849087768,0.15988271514006175,0.22222692123885243,0.12597297679498554,0.1628353165642507,0.9966484165698952,0.41216017425551144,1.0,0.03640262918534613,0.6495105036052234,0.004909832755261081,0.001987387654993452,0.02111628737866957,0.9999338930386481,0.1759036044611771,0.21642283794332784,0.4948088122522203,0.3856705639887711,0.7423199203173418,0.21061133153410358,0.09482748761299782,0.17831617537371613,0.42971638013942615,0.006561983134739548,0.6259168334002274,0.48812070913363903,0.04452673179215703,0.0113093459805027,0.0,0.08165834053396966,0.0,0.014879763564175608,0.3284577778433089,0.2715522725520069,0.06688412156894226,0.032629868427951694,6.610696135189607e-05,6.610696135189607e-05,0.06670655750868495,0.0806937904865154,0.34318202734268366,0.25467152843780805,0.10082573061632932,0.0,7.230103012806475e-05,0.00154070889965367,0.0,0.1991915293699437,0.225264345556451,0.8295002914128574,0.8258553374552465,0.003351557467005083,0.506181485210519,0.0,0.08234977691410605,0.003909617469280706,0.022304049246097662,0.0034183070266214635,6.610696135189607e-05,0.16137768977477812,0.08685483799142885,0.016962279651557388,6.610696135189607e-05,0.6946870768565918,0.0030085512448501275,0.4417899686699667,0.905168838679966,0.6170562873236299,0.4199812721789597,0.7257811677774925,0.015008922089767243,0.06438802407105754,0.0,0.0,2.5963099685844927e-08,0.0,0.0
0.0002467002482448364,0.018448102705291777,0.0035852586488590425,0.001010606193756147,6.610696135189607e-05,6.610696135189607e-05,0.169720048053599,0.057619723020774755,6.610696135189607e-05,0.9999374010366215,0.0,0.24942775053744382,3.1147884683583232e-06,0.20772920031238506,0.16170110083971387,0.26922689781695247,0.16082310537310388,0.22316216549646964,0.12578995822725408,0.16258053917485255,0.9967214146293203,0.4121298826598709,1.0,0.03653956887033035,0.6512480648954013,0.004653602654509282,0.001983159689405025,0.02112732866097262,0.9999338930386481,0.1757504087527066,0.21530320885220014,0.49561310208229736,0.38676186966147236,0.7413358625353238,0.20999647293805665,0.09381412640137814,0.17731445951299368,0.42763052648875954,0.005889818582743838,0.6243258075927777,0.4870616186349849,0.045021335530790754,0.010469039718796107,0.0,0.08072405478590834,0.0,0.014871866178353017,0.32881630261364947,0.2715938380159406,0.0667492854047821,0.032633295020422524,6.610696135189607e-05,6.610696135189607e-05,0.0674361148029364,0.08102026116342648,0.3425655353877116,0.25564629598611344,0.10063580280458441,0.0,5.570563405934219e-05,0.0014228222227097294,0.0,0.20026449801884857,0.22588047975098552,0.8291887062419552,0.8269504211063513,0.0032785620204531813,0.5071460625542208,0.0,0.08287846026798096,0.0042266432849813644,0.022449458972551937,0.003412464550810002,6.610696135189607e-05,0.16058784038330132,0.08521755000673378,0.017099206628874333,6.610696135189607e-05,0.6931610445429731,0.0030178414785628402,0.43993997371991517,0.9061827588101535,0.6149006345405619,0.40924555044881683,0.7248832836003036,0.014586589015269888,0.06389573611755996,0.0,0.0,2.335022656422624e-08,0.0,0.0
0.00024670024824483645,0.018460453194158934,0.0035821158324818116,0.0010167564087413623,6.610696135189607e-05,6.610696135189607e-05,0.16949421609817467,0.057752366711281776,6.610696135189607e-05,0.9999373721503024,0.0,0.2520776058689254,2.6479290586728608e-06,0.2109582364490043,0.17486086043995494,0.2708094088821444,0.16170273232035834,0.22407772470230528,0.12561834679448036,0.16234234958157842,0.9967901616324982,0.41210515917951235,1.0,0.03663994388479566,0.6529147272138629,0.004382820548966691,0.0019786626991602973,0.02113634310603196,0.9999338930386481,0.1756156063420823,0.21416207276948016,0.49646244921152644,0.3878724921165757,0.7403475427945387,0.20939992814749553,0.09280057332378584,0.17632000107701498,0.42557335641386307,0.005237151665713872,0.6227501320783965,0.4860042080297079,0.045462996967485285,0.00968195548140776,0.0,0.07981527189360092,0.0,0.014860120839615423,0.3291937756490976,0.2716419673376391,0.06662302204597083,0.03263864275640561,6.610696135189607e-05,6.610696135189607e-05,0.0681577538232669,0.08134708187735239,0.34194467771043247,0.25661746779520966,0.10044799735683341,0.0,4.2935019648781274e-05,0.0013191123824906686,0.0,0.20135288611389826,0.2265248210037343,0.8289186562380343,0.8279756949370138,0.00320981737865336,0.5080795689268867,0.0,0.08341059626404729,0.004579974096270938,0.022629858494436172,0.0034044213161155343,6.610696135189607e-05,0.15967434341399733,0.08345041436116482,0.017249189041759292,6.610696135189607e-05,0.6914262511684834,0.0030349894102515867,0.43807446862674565,0.9071967787471554,0.6126788274543319,0.39824667076369136,0.7239534394521417,0.014194249487346992,0.06339324626425252,0.0,0.0,2.0988848396802217e-08,0.0,0.0
0.00024670024824483645,0.018471802724826042,0.0035792811138020382,0.0010233678968037557,6.610696135189607e-05,6.610696135189607e-05,0.16927828131452008,0.05788251015846073,6.610696135189607e-05,0.9999373430620052,0.0,0.2547366972133759,2.2572421932000046e-06,0.21424462603803682,0.18811698192799692,0.27237072623483,0.16252687209292918,0.22497621425009715,0.12545638611361282,0.1621186405329331,0.9968552432704241,0.4120854059582889,1.0,0.03673423165700694,0.654509095012707,0.004113304988888747,0.001973985581809997,0.021143952941938906,0.9999338930386481,0.17547721468659355,0.2129932580195439,0.4973471091224793,0.3890012796314677,0.7393617805747984,0.20878880515551834,0.09170930747862366,0.1752864927481272,0.4235176336864798,0.004606303407734688,0.621191557201713,0.4849515681294648,0.04585468951896975,0.00894562902538661,0.0,0.07893502609172164,0.0,0.014851591071490419,0.3295846259653178,0.2716985897447277,0.06650442825427312,0.03264596858593378,6.610696135189607e-05,6.610696135189607e-05,0.0688754878747756,0.08167051311987303,0.34131832651569893,0.25757728078783326,0.10024298187758084,0.0,3.308877219890414e-05,0.0012277930761606136,0.0,0.20245093645208737,0.2271779039569905,0.8286889243674175,0.8289357304416803,0.0031447378740684746,0.5089795679499896,0.0,0.08396299854894215,0.004943081596168955,0.022800314216905884,0.003394103738674831,6.610696135189607e-05,0.15878545815609862,0.08172613711433949,0.017404348760567213,6.610696135189607e-05,0.6896766990541027,0.0030609386373683318,0.43623151575352503,0.9082884352791831,0.610435792441637,0.38713759130936265,0.7230229703574352,0.013830634253270498,0.06289431366344762,0.0,0.0,1.8855507504731457e-08,0.0,0.0
0.00024670024824483645,0.01848281597420413,0.003577032600838007,0.0010305485341944708,6.610696135189607e-05,6.610696135189607e-05,0.16906820754818264,0.05800634624402623,6.610696135189607e-05,0.9999373129158218,0.0,0.25739944008040794,1.929532462272234e-06,0.21758028932637283,0.20133292973731443,0.27391553688969006,0.1633007428743525,0.22585609518595634,0.12530265640937138,0.16190750759102615,0.9969172343970856,0.41206955530929096,1.0,0.03682305951826385,0.6560460935837055,0.0038415593667939446,0.00196916107283647,0.02114996805617673,0.9999338930386481,0.17533646067498002,0.21179636772655344,0.4982740146574985,0.3901147730410618,0.7383781409412379,0.20817318344461994,0.09057749858668354,0.1742385157667066,0.4214933645516481,0.004006177053347687,0.6196472742369382,0.48390581492535534,0.046198372142082174,0.008257236165173865,0.0,0.07808255753611743,0.0,0.014844834842754341,0.3299882212116572,0.27176606125923636,0.06639154731019634,0.03265516237622356,6.610696135189607e-05,6.610696135189607e-05,0.06959210336737537,0.08199148284557907,0.34068651929883553,0.2585269332204625,0.10003346919060253,0.0,2.5502417701513397e-05,0.001147696637263298,0.0,0.20355862647090603,0.22784009335632463,0.8284989714485465,0.8298352562438,0.0030827486739619836,0.5098478871545916,0.0,0.08452719288240708,0.005321431244305213,0.02297023584793965,0.0033814421238173584,6.610696135189607e-05,0.15788415401795383,0.0800372843682454,0.01756740024576835,6.610696135189607e-05,0.6878824830534853,0.0030949258382996355,0.4343939072843696,0.9094205718808542,0.6081556924892191,0.3760260090737742,0.7220782860569622,0.013493356417803214,0.062397996532363706,0.0,0.0,1.692895248772957e-08,0.0,0.0
0.00024670024824483645,0.018493462021912967,0.003575412333479818,0.00103832807554486,6.610696135189607e-05,6.610696135189607e-05,0.1688673421187402,0.05812002983714794,6.610696135189607e-05,0.999937282270104,0.0,0.26006559784861694,1.6539996368851142e-06,0.22095796682394137,0.21438211668436022,0.2754381900674646,0.1640272526881324,0.22671503541547575,0.12515617084014666,0.16170815729658639,0.9969767077607082,0.4120586953648822,1.0,0.03687542363377891,0.6575244941364923,0.003594781934675101,0.0019641489409316674,0.02115458309701192,0.9999338930386481,0.1751538614074533,0.21056553812505657,0.4991919952928246,0.39128435147395746,0.7373974415956712,0.20755032630171866,0.0894059709152731,0.17317694897275762,0.41951605014932936,0.0034433313542908584,0.6181149468820798,0.48286684410387576,0.046495958090820404,0.007614176130594829,0.0,0.07725710384834009,0.0,0.01483977703732087,0.3304059340786134,0.27184671848393194,0.06628416032064319,0.03266683024971856,6.610696135189607e-05,6.610696135189607e-05,0.07030942910009337,0.08231168992486503,0.340050798355166,0.25946609193082426,0.09982309893482226,0.0,1.9657143634892346e-05,0.0010776810756216503,0.0,0.2046776499604837,0.22851310953124146,0.828347871069033,0.8306776665728187,0.00302327704928243,0.5106842007867777,0.0,0.08510174400113237,0.005707857336045779,0.023141564893010107,0.0033664593446350653,6.610696135189607e-05,0.15698390064179224,0.0783823677377957,0.01773722796963239,6.610696135189607e-05,0.6860571979769493,0.003136466473504508,0.4325609769148422,0.9105923750850901,0.6058454270596662,0.3650241520906888,0.7211184785782445,0.013180150469304165,0.06190501094940706,0.0,0.0,1.519000933044396e-08,0.0,0.0
0.00024670024824483645,0.01850337368434588,0.003574334622778025,0.0010466805142878052,6.610696135189607e-05,6.610696135189607e-05,0.1686730602853583,0.05821630087818486,6.610696135189607e-05,0.9999372521135433,0.0,0.2627318192989328,1.4217772520539523e-06,0.22436877949429512,0.22714572259284807,0.2769411010409909,0.16471377241969737,0.2275566717671036,0.1250173696215618,0.16152106264846988,0.9970341297798222,0.4120547069661472,1.0,0.03694940263988256,0.6589549756579415,0.003347897555701549,0.0019591869869023996,0.02115552509036046,0.9999338930386481,0.17495960900979401,0.20931066903642753,0.5001527877626576,0.3924714703880974,0.7364235736775039,0.20691856004293993,0.08820488162087356,0.1721094943563597,0.4175998800169112,0.0029235609321136904,0.616595902682565,0.48183948228769696,0.046750685208189466,0.00701434188275305,0.0,0.07646230715942542,0.0,0.014839098637826216,0.33083468237053876,0.27193545711343947,0.0661804580222727,0.03267997202028028,6.610696135189607e-05,6.610696135189607e-05,0.07102843277332088,0.08262528160566875,0.3394093245004069,0.2603906164077423,0.09961176530855628,0.0,1.5152491144997007e-05,0.0010165873014846148,0.0,0.20579951444872138,0.22918080917773148,0.8282319451702488,0.831464595468777,0.002965856599029429,0.5114829858744274,0.0,0.08568553230061754,0.006117888186266152,0.023313917031270746,0.0033492504290985412,6.610696135189607e-05,0.15606923747129922,0.07677940240685714,0.017912510886228875,6.610696135189607e-05,0.6841553012329331,0.0031858099147538846,0.43073785534957093,0.9117936966018744,0.6035065736582003,0.35423781008875627,0.7201353380268954,0.012890810449016311,0.061423036767468,0.0,0.0,1.3621148408263734e-08,0.0,0.0
0.00024670024824483645,0.01851271038929125,0.003573887133337404,0.0010555668276006301,6.610696135189607e-05,6.610696135189607e-05,0.16849223225167634,0.058335068303189644,6.610696135189607e-05,0.999937214186047,0.0,0.2654009432474306,1.2256013037093426e-06,0.22780905339785776,0.23952917279764624,0.27841227760432413,0.16536556618509457,0.2283831423506875,0.12488513318377086,0.1613447210822658,0.9970897715360877,0.412058238701904,1.0,0.03702416198344372,0.6603469513958311,0.0031054051809585675,0.001954185987539031,0.021155817111659647,0.9999338930386481,0.17475090220352676,0.2080471889022502,0.5011053522187707,0.3936754438657324,0.7354472173909178,0.20627666502281505,0.08695463741063045,0.17102206992227004,0.41575561475030653,0.0024499838649446903,0.6150799585552349,0.48081806241324626,0.046963635423433576,0.006454884192852106,0.0,0.0756923410954519,0.0,0.014837711953730482,0.3312762669257148,0.2720342033248484,0.06608091962156827,0.03269581218347278,6.610696135189607e-05,6.610696135189607e-05,0.0717511378335533,0.08293550761258696,0.3387625111455087,0.26131038163088904,0.09940160804302083,0.0,1.1680967552041933e-05,0.000963495216725178,0.0,0.20693255011346715,0.2298517224820704,0.8281512313927956,0.8322003947248822,0.002910216257612286,0.5122494202026441,0.0,0.08623364669036215,0.006546892685003064,0.023486404653749817,0.0033300439367331645,6.610696135189607e-05,0.15512588999733834,0.07523084932474482,0.018089930649911486,6.610696135189607e-05,0.6823353791485387,0.0032424009781932615,0.42892078368673364,0.9130441369880659,0.6011571957123202,0.34375171723532194,0.7191377385307312,0.012621925146203467,0.060947072753995836,0.0,0.0,1.220630004945439e-08,0.0,0.0
0.00024670024824483645,0.01852153720129171,0.003573906982750054,0.0010648644220274867,6.610696135189607e-05,6.610696135189607e-05,0.1683262818201145,0.05842224012149647,6.610696135189607e-05,0.9999371815424725,0.0,0.2680553954939948,1.0593432988488773e-06,0.23125240480719247,0.2514409545286878,0.2798221818885867,0.16598535059217012,0.22919170100624617,0.12475881786586643,0.16117881689796668,0.9971441944685766,0.4120686244544545,1.0,0.037098014812469264,0.6617094456898448,0.0028890860047994823,0.001952712059349242,0.02115480073222154,0.9999338930386481,0.17449492469136965,0.20672102490797953,0.50197158065632,0.3948992681858924,0.7344670986139464,0.2056257523861094,0.08565567910779114,0.1699136417734407,0.41398713381724056,0.0020249742133696003,0.6135661153398702,0.47980232438070103,0.04713763014976271,0.0059335063671350306,0.0,0.07494550956619224,0.0,0.014836567823685736,0.33173131150957724,0.2721416417673837,0.06598332332410344,0.032713732831627575,6.610696135189607e-05,6.610696135189607e-05,0.0724758182267692,0.08324741247483967,0.3381102898691317,0.26222653147028435,0.09919144014127607,0.0,9.005286549931938e-06,0.000917459860457726,0.0,0.20807634064891417,0.23052445822565595,0.8281035519843709,0.8328876767348983,0.0028557946001536902,0.5129858659793533,0.0,0.08679886770535271,0.00698755213356664,0.023656010119418425,0.0033088028162133153,6.610696135189607e-05,0.15413204285454465,0.07366950947269457,0.018266832500993514,6.610696135189607e-05,0.6804766266300386,0.0033063699157692694,0.42712741197861975,0.91434326154891,0.5988249481328168,0.3336544517936139,0.7181528438980437,0.012372193419045543,0.060481516387396864,0.0,0.0,1.0931269693464658e-08,0.0,0.0
0.00024670024824483645,0.018529798799579535,0.0035744683517784878,0.001074539188591979,6.610696135189607e-05,6.610696135189607e-05,0.1681752493744723,0.05849748936003947,6.610696135189607e-05,0.9999371467418281,0.0,0.27069916957419415,9.181351462607295e-07,0.23469668527175516,0.26282241840348086,0.2811854742436769,0.16657808508101563,0.22998546824166816,0.12463773823428367,0.16102197620939604,0.9971973747866111,0.4120853203304594,1.0,0.03716935451438315,0.6630490874093901,0.0026621740930477394,0.0019527120593273801,0.021153128060380257,0.9999338930386481,0.17424525606478913,0.20537655013326436,0.5027782192421603,0.3961446224677835,0.7334900778472766,0.20497519921408971,0.08432182134253725,0.1687997414008211,0.4123112690807595,0.001650188212423906,0.6120536365789487,0.47879096142352257,0.04727478488974364,0.0054480025029452015,0.0,0.0742199445751647,0.0,0.014836001927890259,0.33219811101241836,0.27225879960600796,0.06588762921361163,0.03273324748674952,6.610696135189607e-05,6.610696135189607e-05,0.07321039455587901,0.0835567769023945,0.33745232141374226,0.26313238079702733,0.09898264224863942,0.0,6.943530715035299e-06,0.0008777318472949766,0.0,0.20922855301593893,0.23120041640319958,0.8280874768759727,0.8335300212876587,0.0028026252133889207,0.5136947350943759,0.0,0.0873610090117957,0.007410435725355504,0.02382439446983946,0.0032860487292597756,6.610696135189607e-05,0.153201602486236,0.07213736912350824,0.01844347022884121,6.610696135189607e-05,0.6786652154907604,0.0033775413556960876,0.42534298896307676,0.9156772605223165,0.5964966297967087,0.32398858066846464,0.7171643375438992,0.012139725324096589,0.060023153931609674,0.0,0.0,0.0,0.0,0.0
0.00024670024824483645,0.01853809046157561,0.0035755005943817475,0.0010767771480415763,6.610696135189607e-05,6.610696135189607e-05,0.16803335502955236,0.05858281092571402,6.610696135189607e-05,0.999937138932929,0.0,0.2733222082092507,7.978695586187034e-07,0.2381252236454368,0.27362314506771734,0.2825240021873208,0.16714551444971232,0.2307623023053971,0.12452126008650509,0.1608734500472047,0.997249393689222,0.412107632693879,1.0,0.037236912533301116,0.6643770056998949,0.0024335504302798634,0.00195271205932738,0.02114851970778656,0.9999338930386481,0.17398380141362285,0.20401090654291484,0.503545811065165,0.39741533430657944,0.7325161041828088,0.204344437381377,0.08301437324831587,0.16771952370939056,0.41075090957476096,0.0013266711888655438,0.6105411151997732,0.47778376877664513,0.04737747890010192,0.00499632797542216,0.0,0.07351461296013388,0.0,0.014836157223818617,0.33267619481300337,0.272385170529586,0.06579268001340999,0.03275453311040441,6.610696135189607e-05,6.610696135189607e-05,0.07395526073391463,0.08386895566388151,0.3367885102592106,0.26402793442009387,0.09877821298233513,0.0,5.355283653604948e-06,0.0008435829088853579,0.0,0.21039001386787776,0.23188032653551346,0.828101261013393,0.8341302219773732,0.002750606310777976,0.5143777543459871,0.0,0.08791752819733051,0.007831592209247135,0.02398969489486284,0.0032622462274943705,6.610696135189607e-05,0.152269414450429,0.0706873973503109,0.01861722620743092,6.610696135189607e-05,0.6768626908675709,0.0034559613970973793,0.42355514142703726,0.9169848288821255,0.594149897361519,0.3147823624486363,0.7161493266238136,0.01192335648263676,0.05957360238244427,0.0,0.0,0.0,0.0,0.0
0.00024670024824483645,0.018545990715145694,0.003577007692604061,0.001084956835862667,6.610696135189607e-05,6.610696135189607e-05,0.16790400235503783,0.05867527346186614,6.610696135189607e-05,0.9999370946840209,0.0,0.27592020225261993,6.951967143149101e-07,0.24153459706202893,0.2837769185249806,0.2838502215284158,0.16769311124801875,0.23152699874162233,0.12440873449826607,0.16073017887625063,0.9972973256929722,0.4121186253853328,1.0,0.03730138528327374,0.6656971733679963,0.002225930284974412,0.001919378725499633,0.02114242960521016,0.9999338930386481,0.17367399587013033,0.20273185296042986,0.5045767574230204,0.398729968409133,0.7315414256252291,0.20372878050651394,0.08172418528303084,0.1666630092387719,0.4092991676579987,0.001052255040946665,0.6090220542673082,0.4767768372196014,0.047447499574512386,0.004576516821494372,0.0,0.07282777381831342,0.0,0.014837060000686072,0.3331590502125086,0.27251363876271234,0.06570592946712123,0.03277741273438921,6.610696135189607e-05,6.610696135189607e-05,0.07469285193295676,0.08417307050566404,0.3361222763552521,0.26491683775669145,0.09857931647159537,0.0,4.131356593705804e-06,0.0008146885662524175,0.0,0.21156298319274675,0.23256374142979902,0.8281437659272215,0.834693304302255,0.0027026743070278046,0.5150536007963539,0.0,0.0884665320339691,0.008246502985696407,0.024152215373768392,0.0032412945186598503,6.610696135189607e-05,0.15135242280808908,0.06931344658808523,0.01877641276660519,6.610696135189607e-05,0.6750761789732982,0.003541736618079472,0.4217717007692707,0.9182751195202549,0.5917982623426055,0.30610922525076834,0.7150975234306375,0.01172185129192643,0.059132422608977275,0.0,0.0,0.0,0.0,0.0
0.00024670024824483645,0.01855307266423134,0.0035786698331721285,0.001095373174515184,6.610696135189607e-05,6.610696135189607e-05,0.16778516162935173,0.058731424506314085,6.610696135189607e-05,0.9999370561081627,0.0,0.27848874758571485,6.072877314328519e-07,0.24490740650997245,0.29330599192450285,0.28516368692597616,0.1682203826819668,0.23227433062265826,0.12429973348250169,0.16059471348440787,0.9973441463820751,0.41213758668802875,1.0,0.037363762792194895,0.6669974653971467,0.0020176041403839047,0.0019193787254996335,0.021132462831967264,0.9999338930386481,0.17335939926645702,0.2013007392379271,0.5055611187740063,0.40005628137650506,0.7304968347450215,0.20311085730350792,0.080459240738818,0.16563751133436036,0.407945012197272,0.0008236835445089872,0.6074760518892041,0.47578114151734496,0.04748778113301151,0.004186739907074154,0.0,0.07216011713403495,0.0,0.01483779735447288,0.33366207435353634,0.2726291791839598,0.06563714774308288,0.03280403845850351,6.610696135189607e-05,6.610696135189607e-05,0.07539617067834531,0.08450559713627721,0.335454425631583,0.26586815795008867,0.0984047490573416,0.0,3.187880602122353e-06,0.0007901361778126759,0.0,0.21276946889875184,0.23324465986167622,0.8282124853844869,0.835218546608518,0.0026558536179248156,0.5157022961779363,0.0,0.08900678083297811,0.00866185097846076,0.024311699007876098,0.003219511419621419,6.610696135189607e-05,0.15043298634953217,0.06800183391230356,0.018931645071838,6.610696135189607e-05,0.6732962606754893,0.0036350073048898343,0.4199956460534356,0.9195401519734505,0.5894518942750652,0.2979588597004125,0.7140126295295149,0.011534096530077328,0.05869986799832058,0.0,0.0,0.0,0.0,0.0
0.00024670024824483645,0.0185597396506155,0.00358077461159937,0.0011038274248838745,6.610696135189607e-05,6.610696135189607e-05,0.16767794474792064,0.0587798308256639,6.610696135189607e-05,0.9999370266467676,0.0,0.28102641698357006,5.318177993420924e-07,0.24823395780132654,0.3022251904335925,0.2864619308192147,0.16872751737759006,0.23300554167444487,0.12419516925355817,0.16046776424438253,0.9973904123424419,0.41216798250959213,1.0,0.037422648507439184,0.6682996683252932,0.001837751450434167,0.0019193787254996335,0.021119969666395573,0.9999338930386481,0.17297920796069624,0.19982869722796504,0.5062616557208147,0.40142351289272915,0.7294649874020431,0.20251315857944874,0.07920490415356504,0.16463268894590694,0.40669475481294226,0.0006362883459395462,0.6059269920730416,0.47478826895283266,0.04749903852972774,0.0038252567464670544,0.0,0.07150905763395417,0.0,0.014840145369151621,0.33417112270661714,0.27277101185681285,0.06555875079909672,0.03282911680266383,6.610696135189607e-05,6.610696135189607e-05,0.07613277955914262,0.08481560918439086,0.3347771396157711,0.2667994505182987,0.09822617029752652,0.0,2.460418682499887e-06,0.0007693451481577822,0.0,0.21398620825648917,0.2339276885947898,0.8283057922167141,0.8357069790091505,0.002609587657558128,0.5163229598564537,0.0,0.08955029537803483,0.009095848333608925,0.024468364840053484,0.0031960945963324114,6.610696135189607e-05,0.1494749371270447,0.06676571308968261,0.019087668328705544,6.610696135189607e-05,0.6714348550250807,0.0037355620796582518,0.41823425413945464,0.9207945640286356,0.587130892834084,0.2903107096053075,0.7129017808348457,0.011359282292879162,0.05827850077793274,0.0,0.0,0.0,0.0,0.0
0.00024670024824483645,0.01856552089055072,0.0035831209137517795,0.0011095956918514209,6.610696135189607e-05,6.610696135189607e-05,0.1675850357483354,0.0588257125958074,6.610696135189607e-05,0.9999370047584959,0.0,0.28353870766441425,4.668811969428735e-07,0.25151488947090955,0.3105505122562509,0.28774342491342086,0.16922061594571264,0.23372506781418098,0.12409392159598555,0.1603471036055866,0.9974352734131862,0.41220061467122865,1.0,0.037477892490739864,0.6695985701953122,0.0016535886995521568,0.0018860453921663001,0.021106663035199542,0.9999338930386481,0.17258381513514692,0.19846153475442227,0.5072348531182824,0.4028481556110387,0.7284381919587971,0.20191943131039655,0.0779260366052842,0.16362574948396258,0.40552583439230594,0.0004848795055970124,0.6043692274165482,0.47379393677591497,0.04748393009013419,0.003490440127581822,0.0,0.07087466349772484,0.0,0.014843478749997753,0.334689838644835,0.27292220539953016,0.06547839494889568,0.03285755414018134,6.610696135189607e-05,6.610696135189607e-05,0.0768859626313139,0.08512279629561252,0.3340925409056518,0.26771837051174,0.09804349280273633,0.0,1.89928760497376e-06,0.0007519775193010845,0.0,0.21521364427023443,0.23461398964982008,0.8284221483138803,0.8361624562668316,0.00256472658681385,0.5169247218310465,0.0,0.09005354162198115,0.00949012572649942,0.024622699398276784,0.003173585536191989,6.610696135189607e-05,0.1486347354948287,0.06556704029549276,0.019235434489834793,6.610696135189607e-05,0.6697983642705133,0.003843437529462899,0.41649836822245284,0.9220734965135189,0.5848574617575228,0.283171675832142,0.7117716955809822,0.011196512367504893,0.057867005760083974,0.0,0.0,0.0,0.0,0.0
0.00024670024824483645,0.01857127718607836,0.003585603484566674,0.0011148748909328551,6.610696135189607e-05,6.610696135189607e-05,0.16750020535131302,0.05886443232810244,6.610696135189607e-05,0.9999369817193225,0.0,0.2859960857932193,4.108285225970043e-07,0.25472264992466076,0.3182654639066085,0.2890234206697275,0.16969938227633233,0.23442856796482825,0.1239950948102352,0.16023083017078546,0.997477779391148,0.41222768982042596,1.0,0.037529607296036584,0.6708969386631989,0.0014961596325378465,0.0018860453916718868,0.021089801967775153,0.9999338930386481,0.1721353914736441,0.19691741245595323,0.5080613972032894,0.4043022792105522,0.7273427771961799,0.20133909130580052,0.07671382233247798,0.16267582869682756,0.4044520194863097,0.0003649588904395082,0.6027786344256013,0.47280596262637525,0.0474445027175957,0.0031806398651621293,0.0,0.07025725419917142,0.0,0.014846697995535273,0.33522712032161434,0.2730572587296295,0.06541945639232988,0.03288950984913332,6.610696135189607e-05,6.610696135189607e-05,0.07760288324048965,0.08545010032747616,0.33340631510390073,0.2686981551067087,0.09788459237664351,0.0,1.4665630561923014e-06,0.0007377080876105551,0.0,0.21647678314190313,0.23529745377114086,0.8285604024721691,0.8365885299640524,0.0025222206088519536,0.5175150559804027,0.0,0.09056501636311068,0.009885839244143702,0.024771764174384567,0.003153633753324629,6.610696135189607e-05,0.1477417269844276,0.06444744761031754,0.01936807386424516,6.610696135189607e-05,0.6681226720654654,0.0039590676971113644,0.41478023052433666,0.9232857668389994,0.5826000548154555,0.27654480851947133,0.710611620439833,0.011045200156163292,0.057468015637655676,0.0,0.0,0.0,0.0,0.0
0.00024670024824483645,0.018576550283876468,0.0035883503934821324,0.001119574621352905,6.610696135189607e-05,6.610696135189607e-05,0.16742575114466882,0.05889875225040422,6.610696135189607e-05,0.9999369598785037,0.0,0.2884099261298283,3.623529772313672e-07,0.2578671169455567,0.32540506973931826,0.2903131880613136,0.17016697980547246,0.23512235807400175,0.123900142281737,0.16012045321509388,0.997517886647714,0.41225484705699933,1.0,0.0375774112350428,0.6722108611552123,0.0013250835673859964,0.0018527120583385535,0.021070428262035912,0.9999338930386481,0.17167668502214622,0.19547562691064918,0.5090326516964336,0.405821925528509,0.7262598759428939,0.2007871796945608,0.07552883809610464,0.16175480174026322,0.4034671253194878,0.00027133830467053146,0.6011780713536505,0.4718169159244633,0.04738146810555458,0.0028943508556195595,0.0,0.06965340497208053,0.0,0.014851402171879148,0.3357666656710354,0.2732145333021232,0.0653530038038455,0.03291985483539348,6.610696135189607e-05,6.610696135189607e-05,0.07834858644903654,0.0857507152507634,0.3327097150045578,0.26965781990218785,0.09771890094765297,0.0,1.132693916676327e-06,0.00072615547369355,0.0,0.21775052340057066,0.2359813824169188,0.8287183896127085,0.8369851959292866,0.002482113352286023,0.5180917479709202,0.0,0.09106950767348243,0.010251392227557606,0.024917616278119215,0.0031056200151418616,6.610696135189607e-05,0.1469500358339305,0.06336934191110241,0.019583488153176558,6.610696135189607e-05,0.6666177543526878,0.004082304154918245,0.4130839932279578,0.9244707995509182,0.5803769486202636,0.27040164946750034,0.7094154736340158,0.010904425440306353,0.05707934358461615,0.0,0.0,0.0,0.0,0.0
0.00024670024824483645,0.018581417017649992,0.0035911022314075434,0.001152907955320068,6.610696135189607e-05,6.610696135189607e-05,0.16735138328739282,0.05884334906847467,6.610696135189607e-05,0.9999368370120719,0.0,0.2907678927591991,3.203039005227741e-07,0.2609293761063234,0.33206067285714985,0.2916159477837337,0.17062331194126593,0.23580182170073336,0.12380706603800332,0.16001402766568662,0.9975555809072247,0.4122790324985015,1.0,0.03762052085326347,0.6735338503751686,0.001186241289642228,0.0018320796326205683,0.021048666997609322,0.9999338930386481,0.1711516254351338,0.1939258281591323,0.5100444666830434,0.407356631700843,0.7251124435030539,0.20024844292867677,0.07440923317010789,0.16088642900591643,0.4025593127587897,0.00019944146179310017,0.5995410547064205,0.4708296272591501,0.04729771292321431,0.002630134752161479,0.0,0.06906454847000508,0.0,0.014856180007239247,0.33632194836670404,0.27335938366753887,0.06530500114393233,0.03295497709534946,6.610696135189607e-05,6.610696135189607e-05,0.07906706124722142,0.0860711171405215,0.3320088853434511,0.2706742565067135,0.09758524773745755,0.0,8.750745328431822e-07,0.0007178342104911048,0.0,0.2190611807197901,0.23666386158311112,0.8288952210387824,0.8373558375821519,0.002444419092775305,0.5186564190314935,0.0,0.09152243693938791,0.010618468115802951,0.02505848690105534,0.0031056200151418608,6.610696135189607e-05,0.146150557908362,0.06238711163483917,0.01965167876867408,6.610696135189607e-05,0.6650869709496599,0.0042132999902325975,0.4113984165746666,0.9255904465259915,0.5781833198132273,0.2646621801735694,0.7081846107544733,0.010774452632523517,0.05670468945700538,0.0,0.0,0.0,0.0,0.0
0.00024670024824483645,0.01858592456023058,0.0035938395923748416,0.001152907955814481,6.610696135189607e-05,6.610696135189607e-05,0.167283894842605,0.058881521515819955,6.610696135189607e-05,0.9999368658191955,0.0,0.29307462658926203,2.836958922413447e-07,0.26388220433118187,0.33833656101142384,0.2928904855344856,0.17105988436209987,0.23645141611295983,0.12371767971374738,0.15992267030081142,0.9976001656200328,0.41236579024193776,1.0,0.03766225088690005,0.6748726914488072,0.0010330728001037902,0.0018146261877714047,0.02102336458469905,0.9999338930386481,0.1706261465023344,0.19234280600590886,0.5110355939188502,0.4089656836731708,0.7239410660426178,0.1997277905977897,0.0733218220008895,0.1600507582230244,0.40171548426091475,0.00014498070041472444,0.5978851007258714,0.4698522985080693,0.047194335677230456,0.002386674896947168,0.0,0.06849168914996188,0.0,0.01486272937812955,0.3369093356819048,0.27354104339609664,0.06523285676499913,0.03299245907478239,6.610696135189607e-05,6.610696135189607e-05,0.07985542593752928,0.08638763800362503,0.33128947848795864,0.2717068694871982,0.09743402180685157,0.0,6.76168949186912e-07,0.0007097115674735099,0.0,0.22040089730863952,0.23735135416870853,0.8290879846090221,0.8376906548022414,0.002399834379967168,0.5191425206081003,0.0,0.09199460308727976,0.010973924094407105,0.025199031440228115,0.0030722866818085276,6.610696135189607e-05,0.14533834066797863,0.06143201286644359,0.019813249209089348,6.610696135189607e-05,0.663595144769804,0.004352064470184033,0.40976356100609673,0.9266778943032182,0.5760663612768445,0.2592382431601879,0.7069645337650997,0.010654117603389166,0.0563449312102623,0.0,0.0,0.0,0.0,0.0
0.00024670024824483645,0.018590890368893588,0.0035969765410768643,0.0011529079558144815,6.610696135189607e-05,6.610696135189607e-05,0.1672287533134388,0.05891730071200812,6.610696135189607e-05,0.9999368566937477,0.0,0.295322243894675,2.518055705394171e-07,0.2667580716378931,0.34413057637323086,0.2941848794353347,0.17149442473033585,0.23709997797690582,0.12363201227324341,0.15983299127144887,0.997640147641476,0.41241539414179723,1.0,0.03769940749898203,0.6762342803444324,0.0009080574118975581,0.0017961060039931628,0.020995666902034218,0.9999338930386481,0.17002674940017634,0.1906997353287872,0.5119259799986664,0.4106312571821377,0.722745724129842,0.19923020063398983,0.07226900665215229,0.15924462210367904,0.40093280908893236,0.00010425713086583473,0.5961939623988946,0.4688615569320971,0.04707111280845398,0.002162527737196205,0.0,0.06793180686775634,0.0,0.01487019366626883,0.3374952943545921,0.2737148251991526,0.06517750773983134,0.033031374179387285,6.610696135189607e-05,6.610696135189607e-05,0.08062055239744167,0.08669121251379293,0.3305661636117501,0.27275556662474,0.09729187582609984,0.0,5.22568050298754e-07,0.000704089902830355,0.0,0.2217686539258464,0.23804146103449028,0.8292968749183026,0.8380044809913549,0.002359852358523963,0.5196527989904465,0.0,0.09245462357652849,0.011323689676814037,0.025338826027758124,0.0030343560333165286,6.610696135189607e-05,0.14455362342545014,0.060503227665063726,0.01998346467276309,6.610696135189607e-05,0.6621618956909747,0.0044987092454180115,0.40815567964523536,0.9277307415422772,0.5739967836903775,0.2542325246350064,0.7057108634337994,0.010542958944923162,0.05599700405650681,0.0,0.0,0.0,0.0,0.0
0.0002425330870462871,0.01859528660439871,0.0036000795695347,0.001186241289642228,6.610696135189607e-05,6.610696135189607e-05,0.16717877380090543,0.05885239171838646,6.610696135189607e-05,0.999936746844392,0.0,0.29751354790197404,2.2396107552069522e-07,0.26955419842359873,0.34949862731669523,0.29549436011275715,0.1719250255289406,0.2377439138944099,0.12354876236751812,0.15974537375491868,0.9976760630770091,0.41244769831898587,1.0,0.037732334706422024,0.6776303154603038,0.000772602052961101,0.001776240447154107,0.020965107942977824,0.9999338930386481,0.16941597160532587,0.18902748204303643,0.5128434740636288,0.4123616977096787,0.7215262298054678,0.1987468678248007,0.07124285910062136,0.15846275780833116,0.4001994976841884,7.418422786857823e-05,0.5944702196820105,0.46786200111120996,0.046930302111174105,0.0019564951971406635,0.0,0.06738336105087296,0.0,0.01487836039473304,0.33808723029184845,0.27388998626209127,0.06513213783560837,0.033073283801284756,6.610696135189607e-05,6.610696135189607e-05,0.08137555052080012,0.08698960025398221,0.32983431588247936,0.27382043379267895,0.09715663453207929,0.0,4.0390528608302275e-07,0.0007008794842205729,0.0,0.2231642266286314,0.2387326468463601,0.8295209355213078,0.8382981310479406,0.0023239369229909293,0.5201689406301412,0.0,0.09289826470589771,0.011624335994102635,0.025442706884069334,0.003015864779666511,6.610696135189607e-05,0.1438809698725449,0.059748083920192846,0.02009356104963259,6.610696135189607e-05,0.6609206963213684,0.004653336401853307,0.40658294974114606,0.9287569169383031,0.5719826398627841,0.24960099551489578,0.7044314556593743,0.010440528160417507,0.05566143814802008,0.0,0.0,0.0,0.0,0.0
0.00024670024818302755,0.01859997585037011,0.003603307591618884,0.001186241289642228,6.610696135189607e-05,6.610696135189607e-05,0.16712170040505542,0.058879284408641236,6.610696135189607e-05,0.9999367542617452,0.0,0.29963899754989265,1.9953820749410937e-07,0.27222556687145055,0.3546320818431423,0.2967900228804729,0.17233803854653537,0.23835618023103716,0.12346868534129164,0.15967393665645974,0.9977179123581251,0.41254549841803007,1.0,0.0377605418506413,0.6790653414365407,0.0006664707675256158,0.0017534425063742943,0.02093130494992927,0.9999338930386481,0.1687294725749732,0.18726682411188986,0.5137614539529292,0.41416516812645354,0.7202798682983623,0.19830367374582455,0.07031418526470369,0.15775299241058144,0.3995260793395817,5.2311383520446156e-05,0.5927193808661563,0.4668656140187524,0.046774467827894205,0.0017674389783130238,0.0,0.06684832657988721,0.0,0.014888067647735953,0.3387097185414639,0.2740971348562674,0.06506395693332345,0.033119660444003274,6.610696135189607e-05,6.610696135189607e-05,0.08219663166301482,0.08733065022145957,0.32907950049589585,0.27490500528131684,0.09702156484392221,0.0,3.1233167080192417e-07,0.0006977573360562115,0.0,0.22459357967632204,0.2394362729724433,0.8297568468308142,0.8385586243652272,0.0022820876418749025,0.5206061750020827,0.0,0.09332582328856154,0.011913323559624194,0.025563414568905464,0.0029805696058214834,6.610696135189607e-05,0.14319768981492625,0.058980347960102625,0.02021857091432995,6.610696135189607e-05,0.6597282016660914,0.004815126420320866,0.40503576386036055,0.9296856151970888,0.5700211283862971,0.24514408148121983,0.7031576657360066,0.010349000910986344,0.055341932777767174,0.0,0.0,0.0,0.0,0.0
0.00024352950649403829,0.018605174623741734,0.003606648446927642,0.001186241289642228,6.610696135189607e-05,6.610696135189607e-05,0.16707519607991503,0.05890817710754192,6.610696135189607e-05,0.9999367645831423,0.0,0.3016970366070185,1.7811616261090947e-07,0.27481377296939624,0.35938840501984776,0.29811449519990696,0.17275736733992517,0.23897489930416843,0.12339059399407684,0.15959976534440173,0.9977555840528446,0.41260311095645924,1.0,0.037784367740770534,0.6805459851332204,0.0005714951855875952,0.0017289089476201728,0.02089375702195557,0.9999338930386481,0.16799230507125634,0.18549134043333715,0.5146382561592268,0.4160476255782585,0.718996740864374,0.19788624864434065,0.06944937821884081,0.1570843891605898,0.39890038042377546,3.656719272768405e-05,0.5909181606258385,0.4658498550720326,0.046602163698276,0.0015941241297421018,0.0,0.06632502036565899,0.0,0.014898075398260461,0.3393383414039687,0.27429544624904734,0.06501849497668018,0.03316630471240966,6.610696135189607e-05,6.610696135189607e-05,0.08295929052480297,0.08764553766920866,0.3283226306890443,0.2760181555151071,0.09689619926891394,0.0,2.4156441003274265e-07,0.0006966182332575116,0.0,0.22606117236770823,0.240147458714959,0.8300072423076472,0.8388061105258562,0.0022444159471553707,0.5210718686778818,0.0,0.09374324165745279,0.012188139346868855,0.025687079814369088,0.002958375753946982,6.610696135189607e-05,0.1425535277624862,0.05823839745599804,0.020325055803235775,6.610696135189607e-05,0.6584823400552153,0.004985103620518904,0.4035205154797269,0.9305504436649966,0.568101596305604,0.24101459632311925,0.7018489376073653,0.0102632996665282,0.05502778690883997,0.0,0.0,0.0,0.0,0.0
0.00024233132037467078,0.018610012632727678,0.0036098732717072812,0.001186241289642228,6.610696135189607e-05,6.610696135189607e-05,0.16703272657869805,0.058935152201639085,6.610696135189607e-05,0.9999367591491117,0.0,0.3036923057068086,1.5928521504750555e-07,0.277318248861264,0.36377532959392467,0.2994570430188044,0.17317480637598523,0.23958842370424482,0.12331573050824442,0.15953022968223024,0.9977893987721173,0.4126483833146905,1.0,0.03780574301715025,0.6820814582285463,0.000495187133797801,0.0017181599658107048,0.02085266965343654,0.9999338930386481,0.16719497581990364,0.1835728188863685,0.5153413449458675,0.4180142555498694,0.7176730618084999,0.1974885399986346,0.06864106909071405,0.15645285811788884,0.3983148607363248,2.535094898194101e-05,0.5890745426101619,0.46482391855340316,0.046415868924252264,0.0014355050860827337,0.0,0.06581062754791735,0.0,0.014909288283398218,0.3399737304593467,0.27449468783698233,0.06498834219443721,0.03321510345787339,6.610696135189607e-05,6.610696135189607e-05,0.0837216425406239,0.08795420469761994,0.3275538079949605,0.2771634444262703,0.09677053013245006,0.0,1.8685260468070046e-07,0.0006969796328718722,0.0,0.22756417392785092,0.24086041403793074,0.8302684005675034,0.839034265231687,0.0022106012278827313,0.5215409891373922,0.0,0.09412045556399108,0.012458149230283846,0.025810024717408845,0.0029416013366539567,6.610696135189607e-05,0.14191660615819926,0.057558798914153865,0.020419792855388204,6.610696135189607e-05,0.6573301681068905,0.005163493765229861,0.40204862416210674,0.9313587716240709,0.5662287061682426,0.23721283003687868,0.7005176060322137,0.01018647708600196,0.05472724370442135,0.0,0.0,0.0,0.0,0.0
0.00024215578012236317,0.0186144499480579,0.003612844275760778,0.001186241289642228,6.610696135189607e-05,6.610696135189607e-05,0.16699426258581496,0.058958445565588324,6.610696135189607e-05,0.9999367523511314,0.0,0.30561844618809547,1.4269241202079604e-07,0.2797338683677672,0.3678152855753932,0.30079978482526276,0.17359348563119642,0.2401988604017466,0.1232432909895257,0.1594636065666937,0.9978197070784256,0.4126864434419847,1.0,0.03782260730960662,0.6836858406785946,0.0004197705198272932,0.0017052556926250267,0.02080851772743332,0.9999338930386481,0.1663566769393651,0.18161980005094644,0.5159463019436006,0.42007537975545584,0.7163401758376917,0.19711716565415932,0.06786815177416941,0.15584220093847034,0.39776185077672677,1.7432024088526934e-05,0.5871951275363825,0.46378569827899613,0.04621736388775357,0.0012905869154936325,0.0,0.06530462309340075,0.0,0.014921319695792867,0.3406188175073656,0.27471033753963653,0.06495632188582498,0.03326550319788422,6.610696135189607e-05,6.610696135189607e-05,0.08451298168812452,0.08825165968484651,0.3267660413684857,0.27830914002367296,0.09662636622997844,0.0,1.4453160360444414e-07,0.0006985532312853578,0.0,0.22909427375707106,0.24157659922842328,0.8305393451227208,0.8392458065178127,0.002180292921574453,0.5220089334646145,0.0,0.0945108312884278,0.01268319983217327,0.025928832587839682,0.0029270891049049514,6.610696135189607e-05,0.14139927900755506,0.056887562308317485,0.020504984026965555,6.610696135189607e-05,0.656192222374915,0.0053506841386352835,0.4006380219277669,0.9321317055334185,0.5644237861621589,0.23372431041659475,0.6991827831506487,0.010117113075349963,0.054438842090834015,0.0,0.0,0.0,0.0,0.0
0.00024249440104813448,0.0186190418123779,0.0036155149187852335,0.0012195746229755613,6.610696135189607e-05,6.610696135189607e-05,0.16694714037543545,0.058881257138944446,6.610696135189607e-05,0.9999366279516612,0.0,0.3074770388286941,1.2804690998214764e-07,0.2820652922902608,0.37154269370130144,0.3021613960288179,0.17401467932759182,0.24080519631932956,0.12317162937140182,0.15939806383643126,0.9978468214777365,0.4127184042170563,1.0,0.03783344749844578,0.6853720621535954,0.0003429814836929112,0.0016909729639177497,0.020794377217424782,0.9999338930386481,0.16548467288663557,0.17961791865666993,0.5163034491161339,0.4222068219677634,0.7149847831143246,0.19678884206281436,0.06718503017420867,0.15529259999056086,0.3972514622884046,1.1903002391130157e-05,0.5852746383422536,0.46273647698508097,0.04600841998837166,0.0011584021047742444,0.0,0.06480681068267345,0.0,0.014933793372691587,0.34127927363694294,0.27493702607974574,0.06492429401505186,0.03331924358442261,6.610696135189607e-05,6.610696135189607e-05,0.08532473720266757,0.08855196617354565,0.3259595613058915,0.2794684137031612,0.09647165015499289,0.0,1.1181148684381753e-07,0.0007011531686047368,0.0,0.23065645966996412,0.24229978665842086,0.8308199506402265,0.8394435340587946,0.0021531785222634473,0.5224747851002703,0.0,0.09489835046395102,0.012897486526491662,0.026047140134700688,0.002914618662937685,6.610696135189607e-05,0.14088457775280988,0.056300108828180546,0.020582289596134843,6.610696135189607e-05,0.6550185126793414,0.0055468031825142506,0.3992624689534986,0.9328148417788813,0.5626419959076916,0.23050469084168929,0.697826700968791,0.010054222660190522,0.05415854003716857,0.0,0.0,0.0,0.0,0.0
0.00024317577901216,0.018623607895645666,0.003617801277298197,0.0012195746234699746,6.610696135189607e-05,6.610696135189607e-05,0.16689694422917806,0.058898886725675274,6.610696135189607e-05,0.9999366589427984,0.0,0.3092907074738357,1.1507553540570177e-07,0.28429214066527314,0.37521073758568096,0.3034982605616314,0.17443111490188995,0.24139252694430283,0.1231015687379675,0.15934525268585004,0.9978796258135118,0.41281815833286284,1.0,0.037841070558030904,0.6871399746854361,0.0002800335820725831,0.001675358542119025,0.020753089214080978,0.9999338930386481,0.1645568881330551,0.17751914390512658,0.5168154467545183,0.42445667024135547,0.7135933915057305,0.19648687956820637,0.06656345956587723,0.15477988796055625,0.39675840922743183,8.074175899059584e-06,0.5833241017904438,0.4616764834538244,0.04579273155856087,0.0010380060792425148,0.0,0.06431555264959127,0.0,0.014947298542207159,0.34197815338280585,0.2752004994655671,0.06486659536562289,0.033369773373345187,6.610696135189607e-05,6.610696135189607e-05,0.08622082451392689,0.08892405752594958,0.3251203598319711,0.2806542361923557,0.0962921421379142,0.0,8.649693405910868e-08,0.0007026767757469701,0.0,0.23224654671731343,0.24303998175874397,0.8311056997034716,0.8396167412349075,0.002120374186488214,0.5228662890175458,0.0,0.09528492562523211,0.013088950822595188,0.0261648667980379,0.002883808304475057,6.610696135189607e-05,0.14043268133272216,0.05576164486591921,0.020709151713324218,6.610696135189607e-05,0.6538841795626064,0.005752372301913802,0.3979302708200438,0.9334364253585874,0.5609278848772367,0.22732817641114025,0.6964936652624696,0.009998236590352799,0.05389100784312878,0.0,0.0,0.0,0.0,0.0
0.00024393931160852616,0.0186290319701632,0.003620279928763471,0.0012195746234699742,6.610696135189607e-05,6.610696135189607e-05,0.16685043743753905,0.05891969949694849,6.610696135189607e-05,0.9999366549802853,0.0,0.3110427530971424,1.0358273242988957e-07,0.2864439937431195,0.3786582007616017,0.3048457647906277,0.17485732944976165,0.24198321848014376,0.12303125874676829,0.15928945270569816,0.9979089654363185,0.4128818386524021,1.0,0.0378438091477596,0.6889977018746747,0.00021336691491150318,0.0016601397581776584,0.020702446922558217,0.9999338930386481,0.16358823859594562,0.1753519416112988,0.5172889815702266,0.42683858043713624,0.7121599513542085,0.1962135186705081,0.06600925835697961,0.15430494092287525,0.39628986360215246,5.443145403070081e-06,0.5813136823840983,0.46058700658342705,0.04556723770415422,0.0009284764428433903,0.0,0.06383094806484976,0.0,0.01496178061745283,0.3426845392015092,0.27545852908707313,0.06482731123487889,0.033423906967590386,6.610696135189607e-05,6.610696135189607e-05,0.0871078732743587,0.0892651357579173,0.32426956277035435,0.2818724990076219,0.09611252682944128,0.0,6.691301797774615e-08,0.0007053463361620554,0.0,0.23388046002262788,0.24379748805690823,0.8314015035490775,0.8397820708514584,0.002091034563681499,0.5232872132827482,0.0,0.09563611951187981,0.013275523956605396,0.02628022998390494,0.002865470569843389,6.610696135189607e-05,0.13999272476275534,0.055244096729720596,0.02079963941658629,6.610696135189607e-05,0.6528165195559485,0.005967549638169571,0.3966312014029083,0.9339906380602879,0.5592509984209874,0.22434658930008378,0.6951487920639693,0.009948528143512266,0.05363228687952092,0.0,0.0,0.0,0.0,0.0
0.0002447647263078483,0.01863418131334065,0.0036226630195135556,0.0012195746234699744,6.610696135189607e-05,6.610696135189607e-05,0.16680745784743942,0.05893838278874703,6.610696135189607e-05,0.9999366510876061,0.0,0.31273179357320724,9.337848883518087e-08,0.28851974087792365,0.38187929156179645,0.3061863674810659,0.1752912622961967,0.24257643772863244,0.1229615196471989,0.15923329349415355,0.9979352043012315,0.41293013648555343,1.0,0.037842150901504196,0.690957844207791,0.00017307027171223956,0.0016449287750998367,0.020646363464232344,0.9999338930386481,0.16253354577891038,0.17308534062945907,0.5176980182639566,0.4293632983276481,0.7106854954102462,0.1959601105364149,0.06549759680813019,0.15384992890625054,0.3958329152851787,3.6471460513957783e-06,0.5792428800426641,0.4594728451087807,0.045333174791239474,0.0008290169350134832,0.0,0.06335178922582789,0.0,0.014976927843331505,0.34340126223575074,0.2757213296104423,0.06479436311630779,0.03348306888301187,6.610696135189607e-05,6.610696135189607e-05,0.08800148904541513,0.08959616070168128,0.3234006991081957,0.28312165196693834,0.09592165490789172,0.0,5.1757073438565435e-08,0.0007087899827566847,0.0,0.23556130831230873,0.2445685057309947,0.8317053055615616,0.839937689570833,0.0020647956987685143,0.5237180742886186,0.0,0.09598216455863971,0.013425454862178658,0.026359003808755704,0.002852465509203201,6.610696135189607e-05,0.13961343644975605,0.05489346123839438,0.0208730193989259,6.610696135189607e-05,0.6519031515689373,0.006192852622815548,0.39538644098248604,0.934502309813381,0.5576302784587525,0.22157900317026813,0.6938099853728826,0.009904549348830451,0.053382211431592136,0.0,0.0,0.0,0.0,0.0
0.0002455979847941925,0.018639510550483494,0.003625219743156902,0.0012195746234699746,6.610696135189607e-05,6.610696135189607e-05,0.16676047825445797,0.05895391873053058,6.610696135189607e-05,0.9999366474672896,0.0,0.3143471364804584,8.429621888497835e-08,0.2905135011882093,0.3848848968915772,0.3075211914759397,0.17573276864485884,0.24317043820732476,0.12289177827742283,0.15917683922884743,0.9979586050605246,0.41297031148935004,1.0,0.037834293179232606,0.6930418932500135,0.00010696331036034349,0.0016301157714471838,0.02058440014437016,0.9999338930386481,0.1614617172192126,0.17074677115787493,0.5181276041783086,0.43203817417771967,0.7091671346153641,0.19574010729846286,0.06506586439033617,0.1534392932752807,0.39539657649919124,2.43090357921446e-06,0.5771095145562842,0.4583366742461531,0.045091651261695107,0.00073885911540496,0.0,0.06287732044210245,0.0,0.014992704032320218,0.34413180774520236,0.2759933645544861,0.0647649976067918,0.03354575697779979,6.610696135189607e-05,6.610696135189607e-05,0.08891050368109063,0.08992543087144499,0.3225109921150961,0.28440552692464854,0.09572914952658383,0.0,4.0039852893608535e-08,0.0007129284645960854,0.0,0.23729152178025487,0.24535801317488246,0.8320165704608821,0.8400843016557477,0.002041394939475382,0.5241523680685475,0.0,0.09631012878082704,0.013580040382299255,0.026453922794681815,0.002842361399112124,6.610696135189607e-05,0.1392057572196088,0.05451723225196038,0.020939032860710513,6.610696135189607e-05,0.6509343604131269,0.006427338459987442,0.39418360669449476,0.934934051313445,0.5560471654966572,0.21900559814463552,0.6924763776204811,0.00986619501860207,0.05313487437163974,0.0,0.0,0.0,0.0,0.0
0.0002464456498807579,0.018644353393789007,0.003627574860187234,0.0012195746234699742,6.610696135189607e-05,6.610696135189607e-05,0.16671526306272344,0.05896810988098647,6.610696135189607e-05,0.9999366455106118,0.0,0.31590286739661566,7.620150145214723e-08,0.29243561418210445,0.38770349961943296,0.3088394055619392,0.17618228886510845,0.2437683327451782,0.12282182514106628,0.15912060772418757,0.9979794144610983,0.41300763568646903,1.0,0.037822040207579316,0.6952607590263483,6.610696135189606e-05,0.0016158253610635918,0.020517836227372455,0.9999338930386481,0.1602984663216554,0.16829789761865527,0.5184571010731664,0.4348808286406315,0.7076005522304063,0.19553531869129742,0.06466995381318842,0.15304262457523543,0.39496324880506994,1.6115564055051877e-06,0.5749081370083923,0.45717370547953406,0.04484353396044824,0.0006572750224791544,0.0,0.062406898389820956,0.0,0.015009395419591717,0.34488026873877714,0.2762766465811412,0.0647384147276875,0.03361185976519685,6.610696135189607e-05,6.610696135189607e-05,0.0898308319008679,0.09025507139389329,0.3215990024813796,0.28572726749029487,0.0955224760392276,0.0,3.0972570363179297e-08,0.000717531833818973,0.0,0.2390764305373976,0.24616492390914577,0.8323346408984855,0.8402221172533333,0.002020585538901712,0.52458546592371,0.0,0.0966292528063707,0.013703870569367607,0.02658707395479169,0.0028339430185993423,6.610696135189607e-05,0.13887265341449678,0.0540271060024267,0.02099615394187211,6.610696135189607e-05,0.6498824275061861,0.006672180279298945,0.39303933787285933,0.9353299699853102,0.5545217302700898,0.21661571974167812,0.6911589828816553,0.009833143589101784,0.05289303786614199,0.0,0.0,0.0,0.0,0.0
0.0002139836172785745,0.018649163679109203,0.0036291791866462997,0.0012195746234699744,6.610696135189607e-05,6.610696135189607e-05,0.1666683731445885,0.05898382077164233,6.610696135189607e-05,0.9999367828090034,0.0,0.31740587128963765,6.897935199767587e-08,0.2942924252141722,0.3903539433403267,0.3101473969075376,0.17664185673484448,0.24437013661236864,0.12275166055379069,0.1590646809227163,0.9979978208123821,0.4130429883440169,1.0,0.037804082862331126,0.6976326893164122,6.610696135189607e-05,0.0016024209468880877,0.020446016179238295,0.9999338930386481,0.15901628378504634,0.16572498939407168,0.5186366165605687,0.4379120535442555,0.7059819308340352,0.19535976523898044,0.06434058856128669,0.15268517705413834,0.3945458103684263,1.063320157698412e-06,0.5726359579550158,0.45598534541498803,0.044589568067715406,0.0005835742562050331,0.0,0.06193960598558192,0.0,0.015026809876963414,0.3456529055393623,0.27656987978627784,0.06471567654383586,0.033681106075006496,6.610696135189607e-05,6.610696135189607e-05,0.09079916352473281,0.09058509857179732,0.3206581068650004,0.2870886478484517,0.09529133565099568,0.0,2.3952481781929012e-08,0.0007222808548455249,0.0,0.24091720891388152,0.246984182078149,0.8326587713784939,0.8403517448210787,0.002002179187617969,0.5250174056704012,0.0,0.09694793630601438,0.01380473049830703,0.026677401711053716,0.002827080503775178,6.610696135189607e-05,0.13859912920696907,0.053724164362290654,0.021046458862654577,6.610696135189607e-05,0.6489249840437687,0.006929421317513173,0.3919430278203862,0.9356593424593613,0.5530223737792077,0.21437796543640147,0.6898515397723047,0.009804976396258176,0.05266033589449439,0.0,0.0,0.0,0.0,0.0
0.00024670024775957043,0.01865516921681696,0.003631280412620873,0.0012219243955655967,6.610696135189607e-05,6.610696135189607e-05,0.16661056379075875,0.058986608552323336,6.610696135189607e-05,0.9999366077155117,0.0,0.31883515992242506,6.251138094258708e-08,0.29605334240070397,0.3928388891940266,0.311400045817806,0.1770868423685694,0.24493532019856687,0.12268299633231365,0.1590272449189969,0.9980131932302834,0.41310493152276384,1.0,0.03778344626334842,0.7001718508998478,6.610696135189607e-05,0.0015614225968979259,0.020368762361383814,0.9999338930386481,0.15766928625405124,0.16314009929704262,0.5190881690101812,0.44116641715908034,0.7043090602846312,0.1952128163675458,0.06408109407569518,0.15235842825709242,0.3941309986358272,6.985529633516713e-07,0.570293709776703,0.4547689402090252,0.04433162887305251,0.000517102401585218,0.0,0.06147320751287366,0.0,0.015049728991762455,0.3464483197894517,0.2768801087436219,0.0646915682741566,0.03372116997485859,6.610696135189607e-05,6.610696135189607e-05,0.09176828598330902,0.09100635467012602,0.31971241456918936,0.288493063189728,0.09504666988435173,0.0,1.8521624799350082e-08,0.0007271944828645607,0.0,0.24281836835422388,0.24781902907754305,0.8329853747946339,0.8404556526794179,0.00198680676971665,0.5254218609643625,0.0,0.09728940902904015,0.013880448257802862,0.026756474624633982,0.0028214985702493143,6.610696135189607e-05,0.13827820619717948,0.05352475890766809,0.021110589819229832,6.610696135189607e-05,0.6480660525865903,0.007197876525640792,0.3909053538256774,0.9359188434129239,0.5515882108205789,0.21230291768728168,0.6885992556292307,0.009801079500503651,0.05247671051486499,0.0,0.0,0.0,0.0,0.0
0.00021477648865811174,0.018659621316185683,0.0036327815817341538,0.0012243283539522898,6.610696135189607e-05,6.610696135189607e-05,0.16655336854286323,0.05899506962975207,6.610696135189607e-05,0.999936774910083,0.0,0.3202312571416441,5.6730395317148335e-08,0.2977949226074849,0.3952536354565632,0.31270251808268884,0.17757785471657841,0.24555555628682862,0.12261237779364456,0.15896752523147345,0.9980278122486028,0.4131319413744103,1.0,0.037746302427840155,0.7028749215479405,6.610696135189607e-05,0.001534961272445528,0.020292291266711126,0.9999338930386481,0.15625359124408678,0.16039254880996753,0.5195343551076163,0.44463764417202273,0.7025104336274717,0.19507518236558408,0.06390363989194678,0.15207758678416458,0.39372247502678137,4.572233461310239e-07,0.5678440907120905,0.45351914144762606,0.04406721603237459,0.000457238607514461,0.0,0.061007809885488054,0.0,0.015064180381087516,0.34726152776527625,0.27717411658525,0.06468092642246029,0.03378636094166683,6.610696135189607e-05,6.610696135189607e-05,0.09276787393227581,0.09142760937994619,0.31873045124905586,0.2900127216768706,0.09482142719271308,0.0,1.4322777803423251e-08,0.0007321860890489155,0.0,0.24479673477189953,0.2486876959598984,0.8333204061739808,0.840575236161012,0.00197218775139713,0.5258602487401016,0.0,0.09754269725656621,0.013940102619207988,0.02684315677639872,0.002815761494694917,6.610696135189607e-05,0.13815798496662055,0.05329444511190377,0.02114833140523396,6.610696135189607e-05,0.6471755641767273,0.007476844695657774,0.3898721333000588,0.9360963033776579,0.5501274762855727,0.2102917034276065,0.687297024693965,0.00978131979943158,0.052237606305647,0.0,0.0,0.0,0.0,0.0
0.0002467002477713306,0.018665656761699803,0.0036347346917481563,0.00125961880542402,6.610696135189607e-05,6.610696135189607e-05,0.16648350505450682,0.05890584262050885,6.610696135189607e-05,0.9999364928045266,0.0,0.3215384914870113,5.1524613916595024e-08,0.2994118228310616,0.39754049593883767,0.3138936926901844,0.17804571830606347,0.24613170733979065,0.12254092793055917,0.15892568426964945,0.9980401897837629,0.413190927797942,1.0,0.0377132139064966,0.7058055232416505,6.610696135189607e-05,0.0014898254323007624,0.02020990919922929,0.9999338930386481,0.15476326540839588,0.1575822505774615,0.5200381183748658,0.44836836525430773,0.7006383060340214,0.1949487582223748,0.06378305560427161,0.15181245377389696,0.3933016470462043,2.981369034762668e-07,0.5653200390293648,0.4522366021287869,0.04380094439918426,0.000403429804044379,0.0,0.06054045110661443,0.0,0.015088141742363812,0.3481041718825682,0.27749188503759614,0.06466710335475452,0.03385691015090621,6.610696135189607e-05,6.610696135189607e-05,0.09379162814944464,0.09180287573397812,0.317724668418239,0.29159364599074167,0.09458221122550532,0.0,1.1072890560673072e-08,0.0007370394780894824,0.0,0.24684743946389093,0.24957339112559582,0.8336581276702566,0.8406708859263061,0.001959810216237163,0.5262686210954436,0.0,0.09785978247772109,0.013974632978945706,0.026927652331874625,0.0028435879160927,6.610696135189607e-05,0.13791909292495394,0.05316160800111805,0.021117666853569438,6.610696135189607e-05,0.6461979508865301,0.007768047975236884,0.3889305390651086,0.9362168928711144,0.5487757123221508,0.20842081753686853,0.6861060091729122,0.00978680320068071,0.05205829940582668,0.0,0.0,0.0,0.0,0.0
0.00021560235235593687,0.01867104543814102,0.0036359692522455796,0.0012565539560831218,6.610696135189607e-05,6.610696135189607e-05,0.16641562818959627,0.05893414154435999,6.610696135189607e-05,0.9999367136127816,0.0,0.3228335851178188,4.684961721001174e-08,0.3009927987202675,0.39990661286258544,0.31509733444912275,0.17855185493735912,0.24674850292070247,0.12247048282976004,0.15887722311353009,0.9980592658426253,0.4132903302614552,1.0,0.03766321351009799,0.7089706317126233,6.610696135189607e-05,0.0014495212241275046,0.020120474658590782,0.9999338930386481,0.15318197417983648,0.15462735250939744,0.5206407845204423,0.45237449722271733,0.6986502610650642,0.19483674585214872,0.06374669511010816,0.15159918205468073,0.3928866495572878,1.9386681613724212e-07,0.5626818733557408,0.45092387922432065,0.0435290075450123,0.00035515506377527554,0.0,0.060074417849889705,0.0,0.015105062738027994,0.3490001398419844,0.27783332789285275,0.06463361372581922,0.03393674887105654,6.610696135189607e-05,6.610696135189607e-05,0.09490303827039544,0.09223448204416418,0.3166691529592389,0.2932794225646451,0.09432868891507327,0.0,0.0,0.000738881224835189,0.0,0.24898994913110223,0.25050048352307336,0.8340005096252276,0.8407676218226946,0.001940734157374751,0.5266352518886551,0.0,0.09810563557031618,0.01399698004202227,0.027015653395960706,0.002832952126173617,6.610696135189607e-05,0.13788410645122634,0.0530110519331298,0.02117019465630074,6.610696135189607e-05,0.6452085328775853,0.008070316370290681,0.38800098011495915,0.9362532580402746,0.5474080192250518,0.20646785635529152,0.6849024716840612,0.009776322575797877,0.05182713433190356,0.0,0.0,0.0,0.0,0.0
0.0002467002477835801,0.018678941645808824,0.0036380998109343432,0.0012576553767375443,6.610696135189607e-05,6.610696135189607e-05,0.1663445500491917,0.05895238202207474,6.610696135189607e-05,0.9999365546810681,0.0,0.32404155112882427,4.2626885749057104e-08,0.30246236901657336,0.4021476703135382,0.31618963255934845,0.1790454391517107,0.2473337716779252,0.12240078115943782,0.15884385980639631,0.9980745685494602,0.4133814388702002,1.0,0.03761529965314663,0.7124089453030528,6.610696135189607e-05,0.0014198359125833278,0.020023123471878825,0.9999338930386481,0.15153057834072428,0.15149855478767402,0.5209702700300356,0.456678658040929,0.6965610099169269,0.1947240571507944,0.06376066986666722,0.15139212775374716,0.39244852534645136,1.2566314810343936e-07,0.559935178471916,0.4495565327166054,0.04325323593800197,0.00031190618448203954,0.0,0.05960433868780895,0.0,0.015131992034462501,0.3499170829867636,0.27817826669958784,0.06462579544013546,0.03401820456731623,6.610696135189607e-05,6.610696135189607e-05,0.09600418620283926,0.09266587676811228,0.3155940326038675,0.29505389176855734,0.09407824412139072,0.0,0.0,0.0007408654426385781,0.0,0.2512279735065713,0.2514536501305487,0.8343459829025602,0.8408442340091217,0.0019254314505398327,0.5270142224419909,0.0,0.09841265306928405,0.013995235380109685,0.027100166089922478,0.0028296211683117626,6.610696135189607e-05,0.1377127794188663,0.05294427948108015,0.02121956958259359,6.610696135189607e-05,0.6442867908372074,0.008385098314515728,0.38715614759899064,0.936239287506447,0.5461455032296796,0.20466293889737186,0.6838102417775034,0.009791408869802022,0.05165604547492065,0.0,0.0,0.0,0.0,0.0
0.00021629379309960904,0.018686279870193005,0.0036397481355623534,0.0012600840994768197,6.610696135189607e-05,6.610696135189607e-05,0.16627276506867927,0.05897167131593273,6.610696135189607e-05,0.9999367207158296,0.0,0.3252285796357506,3.8828864328759413e-08,0.3039301963176563,0.40436488290785233,0.3173221250647541,0.1795890971407981,0.24798082823702186,0.12233322760316756,0.15879358598113036,0.9980888194256584,0.41343801174924105,1.0,0.037547731382501226,0.7161603291430026,6.610696135189607e-05,0.0013897165646832787,0.019919069123474614,0.9999338930386481,0.149772231275077,0.1482251520377668,0.521099485407332,0.46133286927422823,0.6944020655484923,0.19463262138280416,0.06384692330111862,0.15121889457811427,0.3920056919109896,8.123962456821251e-08,0.5570738958080788,0.4481358141706918,0.04297063266078265,0.00027325008779147776,0.0,0.05912948418763819,0.0,0.015152651943101697,0.3508584100002087,0.27853776923731804,0.06461391077329237,0.0341014218419574,6.610696135189607e-05,6.610696135189607e-05,0.09714965441642115,0.09307113473506076,0.3144804212768978,0.29688739159922845,0.09382172890144859,0.0,0.0,0.0007426310201100411,0.0,0.2535461205446763,0.2524496808457989,0.8346961397360498,0.8409331639310782,0.0019111805743415855,0.5274325040631207,0.0,0.09863747383649986,0.013982532083858093,0.027184444450329352,0.0028267404232221317,6.610696135189607e-05,0.13774762975645916,0.05286799673202028,0.021252902917886042,6.610696135189607e-05,0.6433187515225797,0.008710542852279254,0.38631707007999677,0.936153037870017,0.5448509091042295,0.20288679416104802,0.6826777936956214,0.009790886506446906,0.05143367674648748,0.0,0.0,0.0,0.0,0.0
0.00024670024779383583,0.01869490308278406,0.003641759870654451,0.0012624999691528418,6.610696135189607e-05,6.610696135189607e-05,0.16618655511101915,0.05898895852715477,6.610696135189607e-05,0.999936571376633,0.0,0.326339021068877,3.538707949106817e-08,0.3052888326603096,0.4065083958898943,0.31833416346223403,0.180117023999564,0.24858729984307604,0.12226629348460889,0.15876253955021935,0.9981009389404472,0.41352441397249645,1.0,0.03747909683048917,0.720260822266378,6.610696135189607e-05,0.0013598738359593052,0.019807642769360038,0.9999338930386481,0.14790486495868926,0.1447964283323341,0.5210743107790414,0.4663887697185041,0.6921676648024445,0.19454284786430784,0.06397992117657551,0.15105068626015128,0.3915305534606455,5.23709121711283e-08,0.5541125260589822,0.44666395097564787,0.04268607731900035,0.0002387703896798371,0.0,0.05864643160485729,0.0,0.015182881355865749,0.3518319779754992,0.2789169065500865,0.06460319133261815,0.03419047479309141,6.610696135189607e-05,6.610696135189607e-05,0.09833514931716072,0.09348914799195704,0.31333951956169964,0.29878399825732554,0.09354862805890014,0.0,0.0,0.0007439223096081356,0.0,0.2559545070894561,0.25347941821907516,0.8350476291963908,0.8409986900601009,0.001899061059552827,0.5278291544226462,0.0,0.09892581298047766,0.013947071194071332,0.027264066262375316,0.0028237483640116733,6.610696135189607e-05,0.13766265518887771,0.05287327850708736,0.02131956958603594,6.610696135189607e-05,0.6423805261440914,0.00904833694022996,0.3855695030079151,0.936020043436345,0.5436604810795392,0.2012171283398521,0.6816657841668537,0.009815942851997722,0.05126933096220096,0.0,0.0,0.0,0.0,0.0
0.00021699626859315228,0.01870338012273461,0.0036432701866152915,0.001265333367947349,6.610696135189607e-05,6.610696135189607e-05,0.166097712879329,0.05904383018153582,6.610696135189607e-05,0.9999367325189773,0.0,0.3274324918574354,3.2281164333447876e-08,0.3066466592091451,0.4086673765884957,0.31937586808425417,0.18069597506550333,0.24925080963469615,0.12220070941790541,0.1587152707351897,0.9981124661382215,0.4135848489812042,1.0,0.037388145524404316,0.7247583110921509,6.610696135189607e-05,0.0013289381383404448,0.019687249099641955,0.9999338930386481,0.14593136711341492,0.14122653110333933,0.5208892415472695,0.4718702226739894,0.6898512387910795,0.19446510015167742,0.06418221653446977,0.15091388099293634,0.3910408933744191,3.3679214703283094e-08,0.5510226672239957,0.4451299889625426,0.042395150664438115,0.00020808024139979864,0.0,0.05815463181454752,0.0,0.01520708523706561,0.3528384230746978,0.27931188084227726,0.06458896189504121,0.034282480906230095,6.610696135189607e-05,6.610696135189607e-05,0.09956867189805278,0.0939211329811428,0.31215843866846993,0.30075221602743435,0.09327015343201558,0.0,0.0,0.0007448053582978162,0.0,0.258455774499263,0.25456599836755156,0.8354041399176565,0.8410766490234105,0.001887533861778568,0.5282605192042483,0.0,0.09913462548180502,0.013901469733000747,0.027344732248353064,0.002820609126865308,6.610696135189607e-05,0.13778941361916286,0.05287700421461232,0.021360538614478102,6.610696135189607e-05,0.641370173958938,0.009396545181486119,0.38483225455887154,0.9358177511843659,0.5424394597979186,0.1995469246787874,0.6806240982365311,0.009825583211238003,0.05105320303520977,0.0,0.0,0.0,0.0,0.0
0.00024670024780425523,0.0187136117533883,0.0036450900356295077,0.0012678770674069764,6.610696135189607e-05,6.610696135189607e-05,0.16599082941770332,0.059078778060611625,6.610696135189607e-05,0.9999365922402024,0.0,0.328452101450394,2.945768182758414e-08,0.30789755254101436,0.4107880364550213,0.3202890930687184,0.18126016769597242,0.24987086556410923,0.12213623392701949,0.15868859710014155,0.9981224298969298,0.4136787397556213,1.0,0.037293576580215156,0.7296884528666628,6.610696135189607e-05,0.0012965353837333731,0.01955768147543124,0.9999338930386481,0.14383882180767013,0.13749013822775769,0.5205082266544998,0.47784690322141615,0.6874555263446687,0.19438002057125472,0.06442836792531142,0.1507792245499505,0.39050491966919837,2.160109846181894e-08,0.5478226714949906,0.44353744628927183,0.042102152036319486,0.0001808241613396398,0.0,0.05765084103452666,0.0,0.015241936425380959,0.3538825266049946,0.2797249477076042,0.06457508675895081,0.03437847419423015,6.610696135189607e-05,6.610696135189607e-05,0.10084312097633849,0.0943705298418925,0.3109510757749861,0.3027878778560257,0.09297726275287342,0.0,0.0,0.0007450787418311948,0.0,0.2610560045554977,0.2556972054980105,0.835761614036661,0.8411305787385188,0.0018775701030702664,0.528670419209852,0.0,0.09940879247242496,0.013834288137416639,0.027423598941698928,0.002817789226759605,6.610696135189607e-05,0.1377625757952875,0.052960303326923586,0.02142320128994441,6.610696135189607e-05,0.6403905828802896,0.009756595799305708,0.3841906152254779,0.9355716026170068,0.5413232229090351,0.1979619651339491,0.6797108853301832,0.009861156253539217,0.05089448264860837,0.0,0.0,0.0,0.0,0.0
0.00021768325852201687,0.018724053698972554,0.0036464667654581527,0.0012707877138457768,6.610696135189607e-05,6.610696135189607e-05,0.16587773567752714,0.0591123897727448,6.610696135189607e-05,0.9999367614860137,0.0,0.3294591120573379,2.6902625387854394e-08,0.30915397803369776,0.4129527230265074,0.3212298087898984,0.18187478268437818,0.25054476809339987,0.12207409978251604,0.15864761235657446,0.998132092410334,0.4137502240829767,1.0,0.0371744042986235,0.7351020996193453,6.610696135189607e-05,0.0012641053290340127,0.019417702071443114,0.9999338930386481,0.1416112866850045,0.13359615688275853,0.5199006812272386,0.4843727493796712,0.684976509376787,0.19429786398068782,0.06474186812188258,0.15067283571606088,0.38994541848867076,1.382331189748344e-08,0.5444860508519402,0.44187604552938875,0.04180188705928738,0.00015667101667508505,0.0,0.0571335110432578,0.0,0.015270772895405715,0.35496342171240575,0.28015176414615056,0.06455918107021304,0.034477066622524526,6.610696135189607e-05,6.610696135189607e-05,0.10216622037169995,0.09483705333433377,0.30970719099421856,0.30489774054104124,0.09268263945806889,0.0,0.0,0.0007448385888190011,0.0,0.2637579561624674,0.25689616207522165,0.8361240131581966,0.8411957166267505,0.0018679075896660578,0.5291162648737655,0.0,0.0996040403509868,0.013759274469331324,0.02750250411803237,0.0028152725872298166,6.610696135189607e-05,0.13795618906453977,0.05304529451628381,0.021461022905997548,6.610696135189607e-05,0.6393208900142094,0.010125750082171849,0.38356038450390545,0.935258104975492,0.5401731862502414,0.19635701989600274,0.6787701773867897,0.009881210301214145,0.05068302430198981,0.0,0.0,0.0,0.0,0.0
0.000246700247814445,0.018736557251465207,0.003648362649693388,0.001273439514178864,6.610696135189607e-05,6.610696135189607e-05,0.16574492071811286,0.059144406116582726,6.610696135189607e-05,0.9999366304126461,0.0,0.33039781532108375,2.45734844820361e-08,0.3103102322943624,0.415100444526929,0.32204014652234664,0.18247384838425904,0.251173278359417,0.12201455313798003,0.1586283674216176,0.998140224164997,0.41385803394713233,1.0,0.03704715166947935,0.7410437291118461,6.610696135189607e-05,0.0012195746241304714,0.019299984050394126,0.9999338930386481,0.13928481410863014,0.1295587115808297,0.5189230815987061,0.49146499962656964,0.6824215356683221,0.19419739127357882,0.0650954513230991,0.15056414607040805,0.3893346496827242,0.0,0.541030399391443,0.44014594348754016,0.04149824926402934,0.00013531878054639617,0.0,0.05659845389443921,0.0,0.015309916070183458,0.35608506197009687,0.280599114231145,0.0645433087652026,0.034579330618500714,6.610696135189607e-05,6.610696135189607e-05,0.1035340189553407,0.09531840811535344,0.30844120326034397,0.30707374864572284,0.0923765402248357,0.0,0.0,0.0007439303636746345,0.0,0.26656858862498967,0.25815396633011595,0.8364871975979906,0.841236313797836,0.0018597758350029792,0.5295435121584284,0.0,0.09986598190764481,0.013664977603057783,0.027577630931180996,0.0028132390294769065,6.610696135189607e-05,0.1380172994048117,0.05322454150827578,0.021523584308669998,6.610696135189607e-05,0.6382514977083725,0.010504715685955082,0.38302825318050165,0.9349045241034164,0.5391256216352296,0.19482097542667226,0.6779598534776534,0.009927163599308229,0.050526811822926974,0.0,0.0,0.0,0.0,0.0
0.00021834431279236323,0.0187499510506881,0.003649937007236316,0.0012764857963180503,6.610696135189607e-05,6.610696135189607e-05,0.1655953635825163,0.0591817315932904,6.610696135189607e-05,0.9999368028264012,0.0,0.3313290615452165,2.245982419226903e-08,0.3114777593921409,0.41732202156485004,0.3228725104955423,0.18312065442107267,0.25185112961660744,0.12195989370511534,0.15859812741255833,0.9981481849808086,0.41394877563325944,1.0,0.03689452081539792,0.7475506947733553,6.610696135189607e-05,0.001186241289642228,0.019148276458441273,0.9999338930386481,0.13682173942267234,0.1253284469566435,0.5177499901811766,0.4992108278079825,0.6797781262623266,0.19407429790099973,0.06550742184886357,0.1504746494933309,0.38867757115152496,0.0,0.5374458538988585,0.4383418637916107,0.041188484564914286,0.00011648648415065913,0.0,0.05604193879760302,0.0,0.015342793439020088,0.35725040429909904,0.281049861328797,0.06453206721301073,0.03467615339124802,6.610696135189607e-05,6.610696135189607e-05,0.10493596576163713,0.09585982149106517,0.30711252776922154,0.30933256204751447,0.09208155864685018,0.0,0.0,0.000742500303409307,0.0,0.26947588066279865,0.25948868202643344,0.8368516217299704,0.8412853861032911,0.00185181501919138,0.5300092855691376,0.0,0.10005336228219625,0.01356589857198906,0.027654413540469807,0.0028116691998946036,6.610696135189607e-05,0.13826806735021732,0.05340886783792089,0.021565995946114292,6.610696135189607e-05,0.637097340694261,0.010889311690158967,0.38251508190693356,0.9344925556913123,0.5380475911145283,0.19325790698021578,0.6771274895044578,0.009957611017270192,0.05031832456534842,0.0,0.0,0.0,0.0,0.0
0.00024670024782425,0.018766149569405963,0.003652154215341616,0.0012792378229509608,6.610696135189607e-05,6.610696135189607e-05,0.16542680665970846,0.059223807454816535,6.610696135189607e-05,0.9999366823125224,0.0,0.3321958189410493,2.0528546316707504e-08,0.3125542337181921,0.4195488604857285,0.3235770661818505,0.18374372307371295,0.2524720288173092,0.12190337438192687,0.1585853846834815,0.9981548227786546,0.41407049147174335,1.0,0.03676320102302301,0.7547015356603115,6.610696135189607e-05,0.0011529079563088948,0.018954665464099248,0.9999338930386481,0.1342268671270294,0.12095283994676652,0.5162824396165673,0.5076670887933311,0.6770952632025532,0.19392826931949134,0.06595236270521204,0.1503795669809161,0.3879614790589691,0.0,0.5337563297509264,0.43646915473701897,0.04087511494918571,9.99246460922445e-05,0.0,0.05546067084014166,0.0,0.015386575259509642,0.3584667139017336,0.28153540783697223,0.06451855388696233,0.03477883413599277,6.610696135189607e-05,6.610696135189607e-05,0.10639890264197524,0.09640230539205999,0.3057818018674301,0.31162724137104375,0.09177605717729626,0.0,0.0,0.0007404025017618811,0.0,0.2724864286919909,0.2608973111068439,0.8372215106688874,0.8413146906704263,0.0018451772213453252,0.5304688376881149,0.0,0.10030817522944879,0.01341876393840171,0.027727538059092324,0.0028102826495915246,6.610696135189607e-05,0.1384697708749457,0.053689004378207436,0.021636507922504617,6.610696135189607e-05,0.6359979380689891,0.011277495426403134,0.38209985456216294,0.9340476167662416,0.5370661993008919,0.19174925795354056,0.6764229338181496,0.010013518483369866,0.05016150533882788,0.0,0.0,0.0,0.0,0.0
0.00021894273660268186,0.018783652559961127,0.0036540620895543696,0.0012823741764606987,6.610696135189607e-05,6.610696135189607e-05,0.16523584155850893,0.059272062508692165,6.610696135189607e-05,0.9999368584708271,0.0,0.3330509066572471,1.8771324642314753e-08,0.31364333571550734,0.4218618202353346,0.3243127976550821,0.184410723147397,0.2531339069015226,0.12185574162261695,0.15856742697408296,0.9981615154821912,0.4141815119504031,1.0,0.036573091239645736,0.7625118687139525,6.610696135189607e-05,0.0011065656834145668,0.01877551467205358,0.9999338930386481,0.13148359574431404,0.11644766816638827,0.5143495411985074,0.516916164405886,0.6743853486186344,0.19379138919629163,0.06650188716505784,0.1503362142529776,0.38722337020809716,0.0,0.529928692197089,0.43451319226079294,0.0405498141819017,8.539692612551293e-05,0.0,0.05485064771199819,0.0,0.015421700593634005,0.3597245978152913,0.2820310028760337,0.06449132869670886,0.03489244943849498,6.610696135189607e-05,6.610696135189607e-05,0.10790922983983799,0.0969398706922042,0.30446835202533284,0.3139514180896077,0.09147642785882146,0.0,0.0,0.0007377519547680947,0.0,0.275608410544477,0.2624085955307419,0.8375944441954813,0.8413471760997915,0.0018384845178087458,0.5309678403375988,0.0,0.10048347238140799,0.013276884195418302,0.02780102982623949,0.002809220715215535,6.610696135189607e-05,0.13879610280887822,0.05397889082520522,0.0217213943686541,6.610696135189607e-05,0.6347802637321027,0.011663233291757912,0.38168127628763987,0.9334980940636175,0.536020450031515,0.1901770576018002,0.675687202344918,0.010052174111036871,0.04994430530694257,0.0,0.0,0.0,0.0,0.0
0.0002467002478331261,0.01880342974211409,0.0036567161903750304,0.0012854029692560354,6.610696135189607e-05,6.610696135189607e-05,0.16501176054079547,0.0593212873612207,6.610696135189607e-05,0.9999367480429191,0.0,0.3338448844835427,1.716149850285977e-08,0.3146446076847625,0.4242047561241036,0.3249202763224498,0.18505403923404165,0.2537406324708837,0.12182413913758457,0.15858622749138557,0.9981672437288013,0.4143448584245942,1.0,0.0359807449697942,0.7683976491379924,6.610696135189607e-05,0.0010650518138490446,0.018357710174435823,0.9999338930386481,0.12675932444643792,0.10987496340612171,0.5045625176284393,0.5324770704260836,0.671642682630686,0.19360202412224048,0.0670873579098838,0.15028573522470529,0.3864131710039108,0.0,0.5259912914480693,0.4324759900413696,0.04021629882609759,7.26958210316353e-05,0.0,0.05420939890444778,0.0,0.015468779084165383,0.36101351674972537,0.28253018778538647,0.06446593198657342,0.03500301858253847,6.610696135189607e-05,6.610696135189607e-05,0.10943094799642379,0.0975226284220243,0.3031557136165299,0.31631016314629024,0.09118652292743858,0.0,0.0,0.0007344667469224405,0.0,0.27883855959205056,0.26400647562261026,0.8379595620363178,0.8413410766875828,0.0018327562711986881,0.5314457426709581,0.0,0.1007334597985928,0.013110937724969178,0.02787145052859493,0.0028081483652305853,6.610696135189607e-05,0.13904108288628264,0.05438075585553579,0.021808621258846316,6.610696135189607e-05,0.6335529081325469,0.012047154223023746,0.38136656846677824,0.9329126249286177,0.5350696570905322,0.18864760612506315,0.6750797236775502,0.010116109725838386,0.049776901865136315,0.0,0.0,0.0,0.0,0.0
0.00021953635603802482,0.018820113505763035,0.0036595616632254684,0.0012889060138989497,6.610696135189607e-05,6.610696135189607e-05,0.164856716139452,0.059390113151982914,6.610696135189607e-05,0.9999369189104584,0.0,0.33453179694836743,1.5690177998345206e-08,0.315629813136773,0.4264506698872567,0.3255582585238921,0.1856018983740656,0.2543464454760713,0.12180121516252554,0.15860553600068214,0.9981733227173281,0.4144803816260089,1.0,0.03548577984997297,0.776141005475812,6.610696135189607e-05,0.0010374024897917746,0.018016243205408334,0.9999338930386481,0.12238852861868092,0.10320710751369029,0.49583306734664423,0.5488918392090045,0.6686018685274722,0.19335937736801578,0.06784464995542029,0.1503380894642454,0.3858258348457814,0.0,0.5215311016186706,0.43009271862555315,0.03985556298982103,6.161505571291505e-05,0.0,0.05356173893954262,0.0,0.015536605760817283,0.3624382667783681,0.28331688298894125,0.06449632453218014,0.035145342931611465,6.610696135189607e-05,6.610696135189607e-05,0.1110441066396053,0.09828774846555345,0.30161238986494837,0.31897140163489657,0.09097867021931244,0.0,0.0,0.000730452926188453,0.0,0.28270854466958245,0.2660135500384079,0.8383432218476534,0.8413328489436049,0.001826677282671907,0.5319578794344485,0.0,0.10095163151994041,0.012920171161936138,0.027966009388986596,0.0028074630209856456,6.610696135189607e-05,0.13966174886256097,0.055222003468485784,0.02188150596597189,6.610696135189607e-05,0.6317976802436135,0.012426729837631378,0.3811301554643043,0.9321553343544017,0.5340320973989816,0.1869930423407734,0.6744417414761079,0.010158455337681487,0.049547285859967656,0.0,0.0,0.0,0.0,0.0
0.0002467002478419309,0.018843648114358454,0.0036614688339444124,0.0012923104605381788,6.610696135189607e-05,6.610696135189607e-05,0.1646028301854438,0.05951693166320555,6.610696135189607e-05,0.9999368173765794,0.0,0.3351308368718699,1.4337979886632198e-08,0.3165396676480836,0.4287972030451703,0.3260843633587242,0.18609861776653944,0.2548664676946314,0.12180488168642929,0.15868151548057335,0.9981787732621369,0.41468319803701836,1.0,0.03498413641324382,0.7855062887775403,6.610696135189607e-05,0.0010100267245598273,0.01766254019346175,0.9999338930386481,0.11797644602721309,0.0965483800545497,0.4871758988025524,0.5667136968891315,0.6655295135347924,0.19306916496333018,0.06869813837434571,0.15039790707324274,0.385134248619082,0.0,0.5167847416831401,0.42749322298238557,0.03948988963879151,5.1991147452780086e-05,0.0,0.05289371293438725,0.0,0.01558436135313295,0.3640879075790298,0.284159140037709,0.06453027420901458,0.0352731927301723,6.610696135189607e-05,6.610696135189607e-05,0.11280090975496515,0.09913481781678457,0.2999922082618716,0.32168451812259585,0.09075564490484758,0.0,0.0,0.0007256705723858129,0.0,0.2868939196951839,0.2682870373367059,0.8387052286747791,0.8412664933719739,0.001821226737863146,0.5324230890285945,0.0,0.10126316452443189,0.012693727091728791,0.028049781004258957,0.0028088815759417162,6.610696135189607e-05,0.14025836453863647,0.05630709453985264,0.021996679837327837,6.610696135189607e-05,0.6298270572970571,0.012785968342611757,0.38104435325995234,0.9313018472876744,0.5330624252786736,0.18534287776336178,0.6739156366412759,0.010222720855136532,0.049353271986277106,0.0,0.0,0.0,0.0,0.0
0.00022001903200200674,0.018870788033149725,0.003663077649966001,0.0012962787704791205,6.610696135189607e-05,6.610696135189607e-05,0.16428078389286255,0.05964793837426966,6.610696135189607e-05,0.9999370112720709,0.0,0.3357179510314304,1.3100566448113166e-08,0.31748598135131745,0.4313798491053842,0.32664358170455754,0.18664095550556117,0.255395253039705,0.1218402977957266,0.1587827764516188,0.9981847960518485,0.4148970811673622,1.0,0.03444185374863303,0.796303301234317,6.610696135189607e-05,0.0009759576080784484,0.017304209620848568,0.9999338930386481,0.11347217822697962,0.089928026557141,0.47793084656900514,0.5862308827494758,0.6624774700290993,0.19272170677896913,0.06965501847826537,0.15047766119782174,0.38428931445480624,0.0,0.5118078140420264,0.4246859004351903,0.03911546775431739,4.3656956268801744e-05,0.0,0.0521876920911212,0.0,0.015653279769807946,0.3658641272994089,0.2850355606426827,0.06453384275308428,0.03539298825644033,6.610696135189607e-05,6.610696135189607e-05,0.11465849509268937,0.10004444509638825,0.29833293456111853,0.3244037645496125,0.09051597250947657,0.0,0.0,0.0007203591544543786,0.0,0.2912803543320921,0.2708233547725582,0.839044234449956,0.8411735665921124,0.0018152039481514612,0.5329152267415166,0.0,0.1015302918992285,0.012474684367722137,0.02813957889662043,0.002812237472478967,6.610696135189607e-05,0.14106466091789197,0.05749519608802081,0.022104039848955214,6.610696135189607e-05,0.6275762713581282,0.013118765421288207,0.38104436968012406,0.9303449684211682,0.5320363574508609,0.18361047728535518,0.6733564182954425,0.010270876120320406,0.04909549175254662,0.0,0.0,0.0,0.0,0.0
0.0002467002478490901,0.018903463429786268,0.0036658819431281834,0.0013004419600923692,6.610696135189607e-05,6.610696135189607e-05,0.16390058515877126,0.059769797387107707,6.610696135189607e-05,0.9999369373670378,0.0,0.3362552627722755,1.1962232528278289e-08,0.3183852831019977,0.43413061834831784,0.3270960654025844,0.18716624650531805,0.2558346690907902,0.12190852856694037,0.15894292094481102,0.9981904796922857,0.4151801154012588,1.0,0.03389722497083595,0.8084500804173519,6.610696135189607e-05,0.0009521669855158031,0.01693709015843351,0.9999338930386481,0.10894478048923485,0.08338332460617594,0.4680564576906369,0.6072398679733848,0.6594605502756092,0.19226398159331126,0.07063795108920959,0.15052546624709462,0.3832715353947265,0.0,0.5066758532233202,0.42168479305945117,0.038723933010564815,3.6467413285010166e-05,0.0,0.05143110681538866,0.0,0.015742025167726954,0.3677317790292386,0.28596808176526756,0.0645176993122124,0.03551176968401678,6.610696135189607e-05,6.610696135189607e-05,0.11654905798201466,0.10099660681581989,0.2966901650101653,0.32712307532948603,0.09027419627010212,0.0,0.0,0.0007144430512261618,0.0,0.2958144588047754,0.27360423580057786,0.8393675384224948,0.841020611641904,0.001809520307714347,0.5333887777833526,0.0,0.10188903902090353,0.012213471289753097,0.028227183854184053,0.0028169767594074914,6.610696135189607e-05,0.14185187257211931,0.058940767835585155,0.022247679945062396,6.610696135189607e-05,0.6252579603406944,0.013416374394904798,0.3812065593643112,0.9293620369485579,0.5310892506509076,0.18188340320572952,0.6729039345974156,0.010343441466586379,0.04887630204918066,0.0,0.0,0.0,0.0,0.0
0.0002203431807288489,0.018940910882798416,0.0036691131097228284,0.0013054317834646882,6.610696135189607e-05,6.610696135189607e-05,0.16347139473414135,0.05991851757608405,6.610696135189607e-05,0.9999371401003802,0.0,0.3367984395591065,1.0920315925729305e-08,0.3193456760242284,0.4371147850694665,0.3276098711318998,0.18773313568534472,0.25627471099540095,0.12201757171853542,0.159136897519122,0.9981972321146244,0.4154890138816798,1.0,0.03328410958527299,0.8217916016500381,6.610696135189607e-05,0.0009044765057254105,0.01655445682457341,0.9999338930386481,0.10437501600822327,0.07715561933877071,0.4581069071266902,0.6299204259405506,0.6565256299810868,0.19173405755261183,0.0717001354967168,0.1505912129608903,0.38212917291978904,0.0,0.5014578211618016,0.41849039212119926,0.038303556101016864,3.0295634053639318e-05,0.0,0.050617260046658466,0.0,0.01582793515420857,0.3696633643137622,0.286869566993943,0.06446663906518821,0.03566050623136389,6.610696135189607e-05,6.610696135189607e-05,0.11846200624288589,0.10185136096854444,0.29510838329094946,0.32980663291210394,0.09003958375276039,0.0,0.0,0.0007081741912303023,0.0,0.3004115916369378,0.276645512467661,0.8396788721804478,0.8408328068468244,0.0018027678853755962,0.5338937260716617,0.0,0.10219858652086607,0.011935574060719802,0.02831855289673208,0.0028224671852119963,6.610696135189607e-05,0.14293151562950623,0.0605462782992093,0.022385999820048207,6.610696135189607e-05,0.6227744282047195,0.013667737106809328,0.3814279191355213,0.9282998535829673,0.5300631110148813,0.18004786781951415,0.6723901288681001,0.010397451515915887,0.048589384415738804,0.0,0.0,0.0,0.0,0.0
0.00024670024785389803,0.01898363790614679,0.003673979064161781,0.0013106455118244498,6.610696135189607e-05,6.610696135189607e-05,0.16301124154124827,0.06007686640209618,6.610696135189607e-05,0.9999370716858585,0.0,0.3372904508765047,0.0,0.3202647248635442,0.4402304699871077,0.32804985666644065,0.18827166016168306,0.25661750885621226,0.1221692686872095,0.15939997737379646,0.9982045530751796,0.415879918128652,1.0,0.03266427137959113,0.8360703650451381,6.610696135189607e-05,0.0008819736928550826,0.01617740039407793,0.9999338930386481,0.0998904724025053,0.07113988889757128,0.4476458966797638,0.6536593979770648,0.6536251499971882,0.19106269702814624,0.0728057918732859,0.15064916670628123,0.3808669230213609,0.0,0.4962031639933191,0.4151357330721087,0.0378493749260114,2.502832501211938e-05,0.0,0.04974864169561952,0.0,0.01592774843256765,0.3716249020965348,0.287759924299756,0.06440066289090643,0.03578669081417837,6.610696135189607e-05,6.610696135189607e-05,0.12023926905038698,0.10279754279914123,0.29364355448067814,0.3325003852224099,0.08985102133047924,0.0,0.0,0.0007014735263837504,0.0,0.3050500214103217,0.27990167797832094,0.8399813563867792,0.8405749943011914,0.001795446924820376,0.5343714401757286,0.0,0.10261017810571016,0.01163401919416071,0.028411095981693908,0.002828551940077313,6.610696135189607e-05,0.14400813835759574,0.0624769786170054,0.02259577243043523,6.610696135189607e-05,0.6201650760198817,0.013874464780401954,0.38179583076486984,0.9271942081267142,0.5290861084301747,0.1782011334651477,0.6719501433335594,0.010475154434676155,0.048345080093358035,0.0,0.0,0.0,0.0,0.0
0.00022055301824320676,0.019029348604595733,0.0036794819394065483,0.0013163669024687053,6.610696135189607e-05,6.610696135189607e-05,0.16253517005314533,0.06026057415678274,6.610696135189607e-05,0.9999372736985174,0.0,0.33778862538855,0.0,0.3212532052859131,0.4435355461290474,0.3285810285490636,0.18883438570094627,0.2569590480150749,0.12236816129293884,0.15970282245445946,0.9982140628146663,0.4162983881923355,1.0,0.03202991484085294,0.8509100637721669,6.610696135189607e-05,0.0008237519064492748,0.01577709707459326,0.9999338930386481,0.0955462221688554,0.06566756675637982,0.43790888446985904,0.6782590442396497,0.6507926660901708,0.19030538691941848,0.07395800573355703,0.15071891920336042,0.37952666585945233,0.0,0.4909965219612704,0.4116089380432106,0.0373504567167679,2.056051284691526e-05,0.0,0.048824982808306515,0.0,0.016023040876519883,0.3735653770928424,0.2886653558781883,0.06429817073769815,0.035894391387031634,6.610696135189607e-05,6.610696135189607e-05,0.12195347670970831,0.10373762806831703,0.2922907966446989,0.3351748660624967,0.08969189678089583,0.0,0.0,0.0006946944303430397,0.0,0.3096353552838652,0.2833893395135159,0.8402813819902933,0.8402766170326936,0.0017859371853337321,0.534876628999358,0.0,0.10298733712993137,0.011353360415218035,0.028507359048766015,0.0028342840154239146,6.610696135189607e-05,0.1453121762131059,0.06467272775865848,0.022780501762295177,6.610696135189607e-05,0.617355698642947,0.01403246784733257,0.38221409091113573,0.926041994266443,0.5280278755107265,0.17624309358115725,0.6714189714509364,0.01053373705391813,0.04804267442819863,0.0,0.0,0.0,0.0,0.0
0.0002467002478570104,0.019078010923684267,0.0036859439034232925,0.0013222096668826441,6.610696135189607e-05,6.610696135189607e-05,0.1620470981364706,0.06045586136617744,6.610696135189607e-05,0.9999372032615492,0.0,0.33824150945903164,0.0,0.3222141606900567,0.4469076504780045,0.3290691362464983,0.18934695484662425,0.2571978076352017,0.1226100595841411,0.16007488086577784,0.9982250523151903,0.4167859964559363,1.0,0.031443856618516335,0.8660020807187988,6.610696135189607e-05,0.0007778343440067574,0.015417506499261088,0.9999338930386481,0.09143333905461876,0.06066502257838241,0.4285313661091123,0.7027193614654383,0.6479393508331155,0.189391988930087,0.07508049490536085,0.15076000448974075,0.3781396170865347,0.0,0.48588672243421704,0.40797122098339694,0.03680980221728507,1.6797639828796856e-05,0.0,0.047859762751255364,0.0,0.016126366822369294,0.3754474065874594,0.2894680648027335,0.06419226122052672,0.03600349319657021,6.610696135189607e-05,6.610696135189607e-05,0.12347537496456777,0.10469662527959817,0.2911171040323121,0.3379141734160256,0.08962273032737421,0.0,0.0,0.0006878509588872058,0.0,0.31415304048443915,0.2870464326012602,0.8405801381985738,0.8399083214943934,0.0017749476848096355,0.5353542407928084,0.0,0.10346572058313815,0.011036258600255455,0.028600175660093492,0.002840533142272037,6.610696135189607e-05,0.146631270353484,0.06723259569893114,0.023004312240648413,6.610696135189607e-05,0.6144865612416145,0.014146475750859033,0.3827437712835072,0.9249195050946392,0.5270258348202026,0.17426488147657349,0.6709308637535017,0.010613282234719553,0.047784538780141175,0.0,0.0,0.0,0.0,0.0
0.00022062671415869138,0.019161990483068415,0.0036928117496604572,0.0013299336138241536,6.610696135189607e-05,6.610696135189607e-05,0.16157106427742174,0.060661663654537575,6.610696135189607e-05,0.9999372671038421,0.0,0.33869995167352307,0.0,0.32324306553470683,0.45038594998260456,0.329679768420699,0.1898612628297959,0.2574348612320395,0.12289293182096078,0.1604786313257706,0.9982390000934467,0.4172852185147399,1.0,0.030847006253010022,0.8810215907505433,6.610696135189607e-05,0.0007331374358574056,0.01505736063115249,0.9999338930386481,0.08762664274508164,0.05618734091947328,0.4199947181922203,0.7268133339732671,0.6450628489169491,0.18839695088565603,0.07623348262597507,0.15082426166479182,0.37676608492148134,0.0,0.4809429531752797,0.4042242017251915,0.03622053241441846,1.3648533858141801e-05,0.0,0.04685473913560878,0.0,0.01621785665462736,0.37727250693292613,0.2902006040644537,0.06405763905791301,0.03609255657849132,6.610696135189607e-05,6.610696135189607e-05,0.12482265173107329,0.10565157305418141,0.29010411550550563,0.34072032603410934,0.08964021474892092,0.0,0.0,0.00068134523323739,0.0,0.31852562752913366,0.2908710751854177,0.8408865357646208,0.8395077201403712,0.0017609999065532833,0.5358600423496513,0.0,0.10390375123165813,0.010728799729186963,0.02872703670485669,0.002846522920845604,6.610696135189607e-05,0.14818053766144196,0.06996964967403117,0.023220701683412358,6.610696135189607e-05,0.6114135088647888,0.014216825048941563,0.3832628826919,0.9237665173740249,0.5259326728005015,0.1721666198626767,0.670320231579301,0.010670156465790689,0.04746986185735122,0.0,0.0,0.0,0.0,0.0
0.0002467002478581035,0.019228029714545496,0.003699892546985318,0.0013366453392965369,6.610696135189607e-05,6.610696135189607e-05,0.1611039464073222,0.06088704207728851,6.610696135189607e-05,0.9999371784870166,0.0,0.33914068273813885,0.0,0.3242510535015047,0.4539059093522664,0.33025770558276274,0.1903229450236048,0.25760414703210166,0.12322012232585029,0.16096119587229374,0.9982572814012135,0.4179127517490222,1.0,0.030316002561978552,0.8957121438036966,6.610696135189607e-05,0.0006998041020296591,0.014724452425514028,0.9999338930386481,0.08413842619260133,0.052212337512529135,0.41223491087862024,0.7499372010388056,0.6421871725591941,0.18729047185970607,0.07734981935073805,0.15084254233589514,0.3753510145270497,0.0,0.47621989459534186,0.40041293453986765,0.03558569702978595,1.1032359971730228e-05,0.0,0.04581484367155832,0.0,0.016318556570308982,0.37896765755512707,0.2908356102434891,0.06390612627798435,0.03620916569660508,6.610696135189607e-05,6.610696135189607e-05,0.12599800841348746,0.10645718794422877,0.2892486074283533,0.3435589323335453,0.08971508995572008,0.0,0.0,0.0006748507551569056,0.0,0.32271043924666126,0.29476627216092055,0.8411941806443638,0.8390277717677345,0.0017427185987864966,0.5362724045794195,0.0,0.10444925304453578,0.01038852425295068,0.0288242987687592,0.0028179901908524777,6.610696135189607e-05,0.14975024494938985,0.07309396271650702,0.02357250232422482,6.610696135189607e-05,0.6084971895127205,0.014253895107260642,0.38385375544643496,0.922650180649262,0.5249064041626003,0.17006822536552696,0.6697422944172373,0.010746721134392175,0.04721664626711021,0.0,0.0,0.0,0.0,0.0
0.00022060886585243566,0.019290664386893273,0.0037074845625991296,0.0013449375588541635,6.610696135189607e-05,6.610696135189607e-05,0.1606735124885225,0.061117848442291386,6.610696135189607e-05,0.9999373367783032,0.0,0.33958735089173614,0.0,0.3253099899186987,0.45752121094241893,0.3309723856198975,0.19076912853850722,0.25776314662091837,0.12357212917772317,0.1614580415687825,0.9982797267104525,0.41852576622037796,1.0,0.029814082877792997,0.9099966623436171,6.610696135189607e-05,0.0006606572159130961,0.01440826939237277,0.9999338930386481,0.08096156671134776,0.0487559142736661,0.40554579173470173,0.7720465785027779,0.6393381174806941,0.18618026449806363,0.07847829243174906,0.15089776177010045,0.3740184595816706,0.0,0.47176637935785015,0.39660934275077353,0.03490466575353317,8.874142358771737e-06,0.0,0.044760419073329547,0.0,0.016406188661140835,0.38056356923638635,0.29139513444525106,0.0637310143885398,0.03629425439095612,6.610696135189607e-05,6.610696135189607e-05,0.1270011077835468,0.1072743381468091,0.28855229570701546,0.3464062143633872,0.08986805227643041,0.0,0.0,0.0006692749615696327,0.0,0.32666505435837867,0.2987107295478909,0.8415232050687437,0.8385330842888588,0.001720273289547509,0.5367138147062925,0.0,0.10493753717669738,0.010069376064354894,0.028911212892817784,0.0028405071420601986,6.610696135189607e-05,0.151479848894903,0.07651319243160523,0.023762367653751646,6.610696135189607e-05,0.6054186038687972,0.014255668155918682,0.3843643323337697,0.9215217075682509,0.523792248311201,0.16779105451434081,0.6690276143801025,0.010799437745263938,0.04691678108041729,0.0,0.0,0.0,0.0,0.0
0.0002467002478578387,0.019350808683920456,0.003716150202406811,0.0013517066967813206,6.610696135189607e-05,6.610696135189607e-05,0.16026750367235623,0.0613529135893631,6.610696135189607e-05,0.9999372278401373,0.0,0.33999712841437846,0.0,0.3263300923124705,0.46098675618406254,0.33169281930401046,0.19114484507707852,0.25782956890467584,0.1239384356738598,0.1619908055856206,0.998305192409061,0.4191634808536779,1.0,0.029657881529777354,0.9219185775628869,6.610696135189607e-05,0.0006344202229534107,0.014278314154755863,0.9999338930386481,0.07912557422926604,0.04644463659137576,0.40603174115972096,0.7841220229489224,0.6364995564261132,0.1850438724518045,0.07955535497426378,0.1509460705561152,0.37277026446004885,0.0,0.46760229389315805,0.3928714900935207,0.03418707296504398,7.105153706838664e-06,0.0,0.04370234602181204,0.0,0.01647182986800906,0.3820326779588693,0.29184732300729505,0.06354473237887408,0.03636328407337251,6.610696135189607e-05,6.610696135189607e-05,0.1278242622108067,0.10807779662291475,0.28802969293467834,0.34926969767223087,0.09007671067425728,0.0,0.0,0.0006638693892030852,0.0,0.33038443754844854,0.3026288743842046,0.8418744913610963,0.8380020892606725,0.0016948075909389302,0.5371341731245101,0.0,0.10551975174942572,0.009728340616658863,0.028985134763886616,0.002818286937667121,6.610696135189607e-05,0.15311841857710096,0.08017834590226385,0.024112461359500254,6.610696135189607e-05,0.6025319234345456,0.01423074590165592,0.3848822884595598,0.9204446450257362,0.5227238371314143,0.16557910996668557,0.6683071806959896,0.010868423481314882,0.0466700666175989,0.0,0.0,0.0,0.0,0.0
0.00022056452965097214,0.019376388894170437,0.0037248747129708507,0.0013600558003223127,6.610696135189607e-05,6.610696135189607e-05,0.1598797135087437,0.06158740813605671,6.610696135189607e-05,0.9999374895310421,0.0,0.34043241115180845,0.0,0.32737937864220945,0.46444605165784253,0.33256035238505266,0.19146340547813856,0.2578803962272992,0.12430808653475726,0.16251205473250002,0.9983341439790882,0.4197534068543325,1.0,0.02945418517568638,0.9333329260778509,6.610696135189607e-05,0.0005986402763974852,0.014124221416675858,0.9999338930386481,0.07729107706637223,0.04444507441983168,0.40611811627906624,0.7965809250373377,0.633905646447392,0.1840874963481636,0.08058451657136187,0.15104269581165639,0.3716578760403226,0.0,0.4640775689366245,0.3894380138138948,0.03344979123693338,5.665903614199427e-06,0.0,0.042646017362613454,0.0,0.01652204375992834,0.383308607182817,0.29206967167990777,0.06334104741043228,0.03639506978797177,6.610696135189607e-05,6.610696135189607e-05,0.12853468245460714,0.10880966826274635,0.2876992126083314,0.35191606640958945,0.09030706301628305,0.0,0.0,0.0006597166900776215,0.0,0.3335504165501067,0.30630404111119336,0.8422421222283093,0.8374822793638858,0.0016658560209117973,0.537600575783054,0.0,0.10601422757128913,0.009386821015113797,0.029041796660654793,0.0028431998896977393,6.610696135189607e-05,0.1548280695076827,0.08364016964900964,0.024314450798243757,6.610696135189607e-05,0.599938758357568,0.014178287143018609,0.38517302948374493,0.9194154834286381,0.5215779255461342,0.1632363556117574,0.6674396476149473,0.010908609035130237,0.04637754884761275,0.0,0.0,0.0,0.0,0.0
0.00024670024785718116,0.019416579748643158,0.0037352742379926493,0.0013663623926022056,6.610696135189607e-05,6.610696135189607e-05,0.15954215145235512,0.061798435876797085,6.610696135189607e-05,0.9999373698789974,0.0,0.34083627788852894,0.0,0.3283701297870716,0.4676124754390597,0.33348352765510564,0.1917058958334049,0.25783657115076813,0.12464738272026046,0.16300747323048825,0.9983635888124693,0.42026035192583905,1.0,0.029240050627759695,0.944271543123848,6.610696135189607e-05,0.0005802432054168288,0.013935298325010717,0.9999338930386481,0.07555279453677549,0.042608695790451144,0.4056044176799238,0.8091353878796315,0.6314246923185619,0.18321597701284242,0.08157476792292667,0.15118801208387103,0.3707300329798603,0.0,0.46096301789320204,0.3862791971770287,0.0326982408374144,4.500726217064063e-06,0.0,0.04160636755628665,0.0,0.016580737038199102,0.3843792209569297,0.29217415932131907,0.06312425826055271,0.036412370105613066,6.610696135189607e-05,6.610696135189607e-05,0.12909655328940986,0.10948817950027541,0.2875256072418564,0.35446642175618603,0.09057691450535162,0.0,0.0,0.0006561952972321227,0.0,0.3363683530315411,0.30974628014619837,0.8426543764423251,0.8369880260432947,0.0016364111875306934,0.5381332805178743,0.0,0.10656876074304156,0.009043619808770791,0.029088270308259903,0.002819847285474268,6.610696135189607e-05,0.1562807672311023,0.08703595472266208,0.02466701833754922,6.610696135189607e-05,0.5977800793122022,0.014108885925252168,0.385370830593277,0.9184252320770734,0.5204418581290575,0.16100129628384796,0.6665164723448944,0.010962733241851942,0.04613795152600474,0.0,0.0,0.0,0.0,0.0
0.0002205262529128471,0.019457012867244657,0.0037450951761927027,0.0013738002429930852,6.610696135189607e-05,6.610696135189607e-05,0.1592417997519266,0.061994381637042746,6.610696135189607e-05,0.9999375030624718,0.0,0.34128570972791933,0.0,0.3294094036994682,0.47075012962883706,0.3345738974098973,0.19195884179219258,0.2578418704282317,0.12496104512445577,0.16345376644618467,0.998395162848842,0.4206999335099785,1.0,0.02898144103502991,0.9546368579241455,6.610696135189607e-05,0.0005490265249484957,0.013777193277944525,0.9999338930386481,0.07389270211611824,0.04099495002697721,0.4046367901298308,0.8217340048379657,0.629081613752365,0.18241967995851985,0.08253418870356748,0.15134718263604052,0.3698896504097097,0.0,0.4581295005045195,0.38332875390481747,0.031928561844423324,3.5619866844919846e-06,0.0,0.04058186305726227,0.0,0.016627113739333992,0.3852448473470989,0.29218136065729033,0.06285563318358069,0.03642369443406166,6.610696135189607e-05,6.610696135189607e-05,0.1296462391944327,0.11001784232547432,0.28745639475394735,0.3568970516048887,0.09087647037774034,0.0,0.0,0.0006539462270563827,0.0,0.33892052338584555,0.31297227987165743,0.8431103930311209,0.8365426715671308,0.0016048371511580557,0.5387182034327592,0.0,0.1070232472565332,0.008711746263770736,0.029127151040001194,0.0028413569228444954,6.610696135189607e-05,0.15779759020387124,0.0903256155107151,0.024847803617974843,6.610696135189607e-05,0.595673593610834,0.014021334642746285,0.38541813993582036,0.9174658112964326,0.5192434136644913,0.1587062737343968,0.6654261025901027,0.01099113431744241,0.04585709579529345,0.0,0.0,0.0,0.0,0.0
0.00024670024785661325,0.019497193129837314,0.003754747998602282,0.001379095662041606,6.610696135189607e-05,6.610696135189607e-05,0.15896382523308714,0.06217550275433737,6.610696135189607e-05,0.9999373730615897,0.0,0.34172061475857446,0.0,0.3303961142872103,0.47363867062879667,0.3356701567874626,0.1921543555259562,0.25779902975374663,0.12523368725235684,0.16387236428120278,0.9984279297188375,0.42112487639751445,1.0,0.028757966641176563,0.964370832977361,6.610696135189607e-05,0.0005398913752155893,0.013632303574222621,0.9999338930386481,0.0723251121756077,0.03944883828525831,0.40309651543010644,0.8340029251949976,0.6268189731560482,0.18162655963974436,0.08343987120049233,0.15149004436643032,0.3691190504854285,0.0,0.4555368433208271,0.3805875328001619,0.03115250247204622,2.8093198959422723e-06,0.0,0.03957775544990838,0.0,0.016677031899570576,0.3859946975787165,0.2921047049320126,0.06261398584023921,0.0364236556778215,6.610696135189607e-05,6.610696135189607e-05,0.13004827559014254,0.11058275704995604,0.287457192903083,0.3592594662827036,0.09120985781686476,0.0,0.0,0.000652237987499858,0.0,0.34127361280705737,0.3159746848622983,0.8436138102755969,0.8361248263989013,0.0015720702811625113,0.5392973681525771,0.0,0.10755141061216955,0.008397175051162236,0.02915752583383784,0.00281545139341793,6.610696135189607e-05,0.1590861376077568,0.09358706689559959,0.025184855280811796,6.610696135189607e-05,0.5938106969529031,0.01392156056124817,0.3854429677848165,0.9165601287995077,0.5181138413463594,0.15659004089827502,0.6643298432125374,0.011035188346159354,0.04563875258379303,0.0,0.0,0.0,0.0,0.0
0.00022050797013352958,0.01953481934279174,0.003763596857066386,0.0013854919459447312,6.610696135189607e-05,6.610696135189607e-05,0.1587205224910836,0.06234958543753837,6.610696135189607e-05,0.9999374983569579,0.0,0.3422026926963226,0.0,0.3314312311508998,0.47650141288389747,0.3368897337134955,0.192354211400273,0.2578099350650367,0.12546966904556314,0.16423233872937015,0.9984623735753163,0.4214838283176057,1.0,0.02853876304664859,0.9733599777099436,6.610696135189607e-05,0.0005299394232547084,0.013466628721905,0.504629454482437,0.07085828798791623,0.038057890045617875,0.40145387498365825,0.8461113684009085,0.6246523796830694,0.18089288153696512,0.08429052980698808,0.15162050067336072,0.36840150475928396,0.0,0.45314506820024225,0.3779877510384394,0.030370404638876504,2.208094993453567e-06,0.0,0.038588746517495956,0.0,0.01671238493150903,0.38663251700595225,0.291997771478917,0.06237058448920862,0.03640585283322852,6.610696135189607e-05,6.610696135189607e-05,0.13039564094930312,0.11108055343207189,0.2874986559450848,0.3615411743544149,0.09155371595796483,0.0,0.0,0.0006518785159582299,0.0,0.3434471050680121,0.31882263152992163,0.8441599263155604,0.8357654531756363,0.0015376264246836457,0.5399274251648983,0.0,0.10798701708793804,0.008097285418496351,0.0291870221617502,0.0028354377885952495,6.610696135189607e-05,0.16047025528683032,0.096719285257894,0.025314457512812503,6.610696135189607e-05,0.5919342670335351,0.0138064459625157,0.3853507098087475,0.915709470193012,0.5169482681757395,0.15444520384086027,0.6631102662865045,0.011053615331472682,0.045379682366602336,0.0,0.0,0.0,0.0,0.0
0.0002467002478563422,0.01957124694945172,0.0037720966238821052,0.0013899533101478165,6.610696135189607e-05,6.610696135189607e-05,0.15848610698877563,0.0625153895097597,6.610696135189607e-05,0.9999373618678656,0.0,0.34266743993392085,0.0,0.3324121673755881,0.47910829058797055,0.3380806712098224,0.19249367967791,0.2577677948007353,0.12566494812322115,0.16456754410829438,0.9984973084458496,0.4218286203505706,1.0,0.028330557368402426,0.9813026627552219,6.610696135189607e-05,0.0005197705222363874,0.013324591279797538,6.61069613518972e-05,0.06949293453274467,0.036823175986915965,0.39955966492750844,0.8577934708076014,0.6225861926644699,0.1802094291265324,0.08509073361398468,0.15174162779412412,0.3677594830909338,0.0,0.4509334885755071,0.3755546435785763,0.029592258744688307,1.7299565078733143e-06,0.0,0.03762017609366194,0.0,0.016750680196718958,0.3871873251772976,0.29185169761678953,0.06212893172619024,0.0363920637739638,6.610696135189607e-05,6.610696135189607e-05,0.13069393283711178,0.11152369497174372,0.2875813149296235,0.3637342510914071,0.09188684953508129,0.0,0.0,0.0006521544437780694,0.0,0.3454867668038187,0.32150126588965505,0.8447427931320906,0.8354307259351977,0.0015026915541503946,0.5405512035557675,0.0,0.10852343416052755,0.007770438204403215,0.029211601724510334,0.0028426735128674937,6.610696135189607e-05,0.16168905313992615,0.09977568941258474,0.025524902530676345,6.610696135189607e-05,0.5901434484433042,0.01367955624412304,0.38523628140446553,0.9149092663860153,0.5158462048302878,0.15248007187731757,0.6619193287901776,0.011086064942764234,0.04517629573103336,0.0,0.0,0.0,0.0,0.0
0.00022051943083516767,0.019605171018186245,0.0037795705026411053,0.0013945127404501898,6.610696135189607e-05,6.610696135189607e-05,0.1582696842094754,0.06267209278838862,6.610696135189607e-05,0.999937485591252,0.0,0.3431757479604039,0.0,0.3334486962739758,0.4815872820906104,0.33940942088667314,0.19262567446021434,0.2577662372780568,0.12582642877444136,0.16484881340172408,0.9985332357062884,0.4221077176773772,1.0,0.028127044379710617,0.9879046440219762,6.610696135189607e-05,0.0005139407599799741,0.013188950832264465,6.610696135189609e-05,0.06821627507968576,0.03566655411009853,0.3975764269237269,0.86919529552626,0.6206041137823223,0.1795946923659196,0.08590495644962448,0.15190191488841326,0.3672086689735991,0.0,0.4488868935197655,0.37327185759774495,0.028819045909057924,1.3511724016458917e-06,0.0,0.03667237420454183,0.0,0.016777136300104842,0.3876769619525774,0.2916749495149123,0.061889821998814085,0.03637001622188638,6.610696135189607e-05,6.610696135189607e-05,0.13094235306586188,0.11195457150040136,0.28767908126367997,0.365858122574238,0.09223144520350904,0.0,0.0,0.0006533173093671266,0.0,0.3473962087573436,0.3240377057548089,0.8453545253165007,0.8351498354258743,0.0014667642937116615,0.541219908118081,0.0,0.10896074398471382,0.007468567654325976,0.029241742722586155,0.002845024925649371,6.610696135189607e-05,0.16301843588873252,0.10277191014486664,0.025718373664333147,6.610696135189607e-05,0.5883997559886692,0.013537763643439837,0.3849981144701676,0.9140950435503755,0.514649388837611,0.15055073162642335,0.6605905791133269,0.01109122326267656,0.044924199369389316,0.0,0.0,0.0,0.0,0.0
0.00024670024785651215,0.019637983964286954,0.0037868564521078016,0.0013986315671718635,6.610696135189607e-05,6.610696135189607e-05,0.1580641247586574,0.06281918881548071,6.610696135189607e-05,0.9999373431015369,0.0,0.3436637098788514,0.0,0.33442514825928277,0.4838549700177057,0.3406892466282043,0.19268317646499408,0.25770549607686605,0.125951486136407,0.16511108141493763,0.9985689462501395,0.42237458762142555,1.0,0.027937171222948236,0.9928991521202195,6.610696135189607e-05,0.0005067581506359631,0.013053353650045925,6.610696135189607e-05,0.0670581048449871,0.03460339459850247,0.3956309098955726,0.8801826897916878,0.6187104610692727,0.17903074168430125,0.08667137176355631,0.1520502612507724,0.3667284922234586,0.0,0.4470041273018013,0.37112621420483277,0.028058496462422863,1.0522368857783379e-06,0.0,0.0357460892326051,0.0,0.01680910236525995,0.38811549824411073,0.2914846945084034,0.06165873584914049,0.03634273730861385,6.610696135189607e-05,6.610696135189607e-05,0.13116037538611375,0.11236577615115095,0.28779339976308443,0.36790580993359173,0.09256371008562712,0.0,0.0,0.0006552825616498658,0.0,0.3492015921177554,0.32643828994876295,0.8459900174011702,0.8348878663481766,0.0014310537498605526,0.5418793231459693,0.0,0.10944907941178443,0.007157440920105535,0.0292666500357048,0.0028122091645180845,6.610696135189607e-05,0.16415868701552022,0.10569101822436605,0.026043717665615324,6.610696135189607e-05,0.5869557560556891,0.01338372899713558,0.3847418383512202,0.9133286282364437,0.5135245904899449,0.14876125519718583,0.6593107533717957,0.011111104115449239,0.04472999976953831,0.0,0.0,0.0,0.0,0.0
0.0002205896914147337,0.019667857661172843,0.003793142116811554,0.0014041923640675871,6.610696135189607e-05,6.610696135189607e-05,0.15788079574223912,0.06295985758123165,6.610696135189607e-05,0.9999374560385582,0.0,0.34417112291909135,0.0,0.33542647484479754,0.4860792833927629,0.3420555749067425,0.19271687312451996,0.2576714893248077,0.12604781607372217,0.1653260505323067,0.9986051522771761,0.4225800129426188,1.0,0.027751320192070005,0.9962102846119386,6.610696135189607e-05,0.0005005796851508793,0.012925515771610857,6.610696135189607e-05,0.06595011202604385,0.033641668331667915,0.39380030003505023,0.8910005493178222,0.6169154948630817,0.17853696242537082,0.08742858288559145,0.1522262507778755,0.36633334185834115,0.0,0.44527082308191335,0.3691117028068353,0.027309745990962732,8.172086250770255e-07,0.0,0.0348441821388704,0.0,0.016830630783166354,0.38851485272880343,0.2912708836274477,0.06143485908392467,0.03631422846398562,6.610696135189607e-05,6.610696135189607e-05,0.13135638982436842,0.11276212172759126,0.2879071414718522,0.3698710727807899,0.0929105349181749,0.0,0.0,0.0006584749728409149,0.0,0.3509077924151036,0.3287244178828357,0.8466424379353151,0.8346731322590683,0.0013948477228239563,0.5425758049185108,0.0,0.1098403089812496,0.006855800428565541,0.029291239701030147,0.002829764136189192,6.610696135189607e-05,0.16540027659707485,0.10845733108952879,0.02617562522097046,6.610696135189607e-05,0.5854860737851968,0.013213432356128357,0.38438137973736297,0.9125714171144086,0.5123472743773271,0.14692889977605503,0.6579444250932576,0.01110451137846314,0.044492389985521255,0.0,0.0,0.0,0.0,0.0
0.00024670024785755434,0.019696955397613507,0.0037994560124638317,0.0014078132539826734,6.610696135189607e-05,6.610696135189607e-05,0.157700294459195,0.06309444365915598,6.610696135189607e-05,0.9999373129411878,0.0,0.34463828850260037,0.0,0.336357055588613,0.4880319869815048,0.3433611587420126,0.19266622069766987,0.25756842642278377,0.12611365298250374,0.16552974397964412,0.9986409053907349,0.4227808943788095,1.0,0.027577223067899625,0.9981446831633085,6.610696135189607e-05,0.0004953545534195568,0.012802500215168298,6.610696135189607e-05,0.06493443304562582,0.032746050218838266,0.39195531585242926,0.9014602973949045,0.6151988520693601,0.17809909888839037,0.0881648146618278,0.15241081681676366,0.36603235979675547,0.0,0.44367992929330596,0.3672233747563643,0.02657932204966092,6.33024536641802e-07,0.0,0.03396612533795337,0.0,0.016858099924312482,0.3888891626947162,0.29106213851758445,0.061213364496333966,0.03628259416562741,6.610696135189607e-05,6.610696135189607e-05,0.131530814618938,0.11314648557171543,0.2880234691675716,0.37177185770469984,0.09324088001832861,0.0,0.0,0.0006621996911409385,0.0,0.35254271074552024,0.33089871010035693,0.8473070249678353,0.8344696229958193,0.001359094609265101,0.5432529802832371,0.0,0.11033770294019206,0.0065802257404163345,0.029312041809123106,0.002836180733475286,6.610696135189607e-05,0.1663541465308044,0.11119793586324075,0.02636163707724418,6.610696135189607e-05,0.5839691726093548,0.013029290225940116,0.3840217325906806,0.9118351853381722,0.5112321275946233,0.14527345353059878,0.6566388412579873,0.011111139263503933,0.04430948872049504,0.0,0.0,0.0,0.0,0.0
0.00022070554896524497,0.019722402492776552,0.003805016079071744,0.0014116109486242946,6.610696135189607e-05,6.610696135189607e-05,0.1575340079244163,0.06322792512299401,6.610696135189607e-05,0.9999374303397325,0.0,0.34514323161805943,0.0,0.33734093223326816,0.4898803083640174,0.34475317412571005,0.1925990190399298,0.2574973096137696,0.12615792027789444,0.1656933172253516,0.9986767560932097,0.422926103402269,1.0,0.02740656659678802,0.9991482774529337,6.610696135189607e-05,0.0004910869947281519,0.012718687538246586,6.610696135189607e-05,0.06399130788086059,0.031947992857815244,0.3899614106078214,0.9112283329826703,0.6135647741272927,0.1777147235390718,0.08885709784501236,0.15260058279104494,0.36580312104979074,0.0,0.4422098429583771,0.3654416605438783,0.025865026728865374,4.891495870806622e-07,0.0,0.03311235674489784,0.0,0.016875743965390037,0.3892370677864265,0.29084517358408146,0.06099671885269356,0.0362488640938768,6.610696135189607e-05,6.610696135189607e-05,0.13169530879918132,0.1135199083268872,0.28812923288834624,0.3736073603574447,0.09356552195880782,0.0,0.0,0.0006667378291826554,0.0,0.3541010054837777,0.33298456556092987,0.8479770529932402,0.8343061936250613,0.001323243906790302,0.5439615398528331,0.0,0.11075049847283486,0.00628902910627691,0.029339769582783115,0.0028389592302332576,6.610696135189607e-05,0.16752883563196705,0.11377228074586011,0.02652736408223185,6.610696135189607e-05,0.582514908442297,0.012827865515262578,0.38357652288406097,0.9111429021549876,0.5100584849756868,0.14364983275700913,0.65524682587429,0.011090132517915354,0.044076464281422346,0.0,0.0,0.0,0.0,0.0
0.0002467002478592728,0.019747401761947527,0.0038105651956184296,0.0014149447206644199,6.610696135189607e-05,6.610696135189607e-05,0.1573884532859264,0.06334877868400741,6.610696135189607e-05,0.9999372828847222,0.0,0.34562217075928736,0.0,0.3382604348430793,0.4915320223358083,0.3460815680236295,0.19247019476978033,0.2573661470621042,0.1261780134102439,0.16585054959962095,0.998711673557446,0.4230686970857883,1.0,0.027252584577915316,0.999636907016995,6.610696135189607e-05,0.0004531038537848225,0.012619698543977778,6.610696135189607e-05,0.0631212604475056,0.03127280123050179,0.38884897963711956,0.9209487414914215,0.6119955772735578,0.17737395383287405,0.08953953985168883,0.15279466736953862,0.3656271525912199,0.0,0.4408731815749955,0.36375986987336134,0.025173546300540656,3.770977674698497e-07,0.0,0.03228194147196144,0.0,0.016902962991314854,0.3895605677538377,0.29063415111373614,0.06078913456161441,0.03620395635856605,6.610696135189607e-05,6.610696135189607e-05,0.13184060757924726,0.1139163641694673,0.2882337262978547,0.37539017253113066,0.09387370782517643,0.0,0.0,0.0006719176321903094,0.0,0.3555721489835514,0.3349715713803089,0.8486484402892154,0.8341490733026116,0.0012883264425540754,0.5446493614422502,0.0,0.11123050797711717,0.006016762263368256,0.029364550815735475,0.0028405601551400213,6.610696135189607e-05,0.16847181690394628,0.11634263564891414,0.026688472484999767,6.610696135189607e-05,0.5811404397156877,0.012614250195311559,0.3831301675826622,0.9104604601483112,0.5089448977873821,0.1421689074407815,0.6539184319763705,0.011084474671672848,0.04390241168422555,0.0,0.0,0.0,0.0,0.0
0.0002208537076060365,0.01976872504290937,0.0038152175931757265,0.00141858147971816,6.610696135189607e-05,6.610696135189607e-05,0.15725950787504175,0.06346988231082586,6.610696135189607e-05,0.9999373973594387,0.0,0.3461372045319028,0.0,0.3392255401678768,0.4931208485350254,0.3474868108141698,0.19235192546453883,0.25727209907005943,0.12618178371140146,0.1659714001909914,0.9987464178090393,0.42316025134912205,1.0,0.02710293882448063,0.9998262754080229,6.610696135189607e-05,0.00041977052045148917,0.012518412066527181,6.610696135189607e-05,0.06230044963621105,0.030660200092523508,0.3881187857043277,0.9303547447470858,0.6104281973016591,0.17699328044539916,0.09019543989339329,0.15299819628344186,0.3654967250066725,0.0,0.43959412332026315,0.3621826351244681,0.02450095744514815,2.9004438709381446e-07,0.0,0.03147693844132724,0.0,0.01691696521350019,0.38987079713813755,0.29037801752556314,0.060621224458561586,0.03613359105019203,6.610696135189607e-05,6.610696135189607e-05,0.13190506894938078,0.11446690533642177,0.2883462930675461,0.3771852517271855,0.09425953118798408,0.0,0.0,0.0006778451106303258,0.0,0.3570003346241651,0.33686490976748557,0.8493172588434504,0.8340283097646215,0.001253582190960688,0.5453628102095507,0.0,0.1116223371140376,0.005747099723816395,0.02939213009840425,0.002842133631190717,6.610696135189607e-05,0.16954510393448421,0.11876915249190408,0.026836600303064957,6.610696135189607e-05,0.5798031978232927,0.012386550971155461,0.382609983834714,0.9098045601066067,0.5077762635486813,0.1407045813476718,0.6525131891858302,0.011053616591032885,0.043680356037986846,0.0,0.0,0.0,0.0,0.0
0.0002467002478614703,0.019788715281928968,0.0038200692787345157,0.001421466475175705,6.610696135189607e-05,6.610696135189607e-05,0.15714071385996406,0.06358568863471187,6.610696135189607e-05,0.999937252547163,0.0,0.3466227205377263,0.0,0.34012168345048166,0.4945504574092704,0.34880805291797856,0.19219357022351702,0.2571279448470525,0.12616663508837334,0.1660888100993731,0.9987800408226157,0.4232503793006372,1.0,0.026967119568504828,0.9999346569148966,6.610696135189607e-05,0.00040325446040820383,0.012421178665524472,6.610696135189607e-05,0.06152502733011484,0.0300545144520499,0.3871060707498369,0.9394610492860198,0.6088842057275764,0.17659376990710768,0.0908272320876114,0.1531976382558648,0.3653952660116046,0.0,0.4383810570867992,0.36070319495831643,0.02385107369810688,2.2258834166856096e-07,0.0,0.030696230858820128,0.0,0.016937315957811387,0.3901491334663833,0.2901087071544577,0.06046501046848057,0.036085460711379344,6.610696135189607e-05,6.610696135189607e-05,0.1319412943152891,0.11490974076489739,0.2884646271017376,0.37896643609702785,0.09468966080374987,0.0,0.0,0.0006844166059661657,0.0,0.35838597871685984,0.33865341811681793,0.8499822912135198,0.8339109673122852,0.0012199591773842423,0.5460533898405426,0.0,0.11208239462306645,0.0054831778239227535,0.029413633961596998,0.0028433803341250817,6.610696135189607e-05,0.17039737377942538,0.1211475138700388,0.027018662267182206,6.610696135189607e-05,0.5785554332249985,0.012149358175395766,0.3820938487514162,0.9091727679123885,0.5066806782936536,0.1393698599731589,0.6511919470820214,0.011039393972823925,0.04351544207781317,0.0,0.0,0.0,0.0,0.0
0.00022103170361918227,0.019806262620269875,0.003824313141143802,0.0014244239065116882,6.610696135189607e-05,6.610696135189607e-05,0.15703926596229167,0.06369977684937465,6.610696135189607e-05,0.9999373661908828,0.0,0.3471438205494836,0.0,0.3410630745470695,0.495953205460112,0.35019815636287166,0.19206125007350974,0.25703586962576136,0.12614141502675325,0.1661739154382079,0.9988132753908101,0.42329608524370804,1.0,0.02683240027358293,0.999952391825535,6.610696135189607e-05,0.0003743439065929175,0.012329420502016557,0.006031969572167587,0.06078832939389329,0.02952941877148662,0.38629391978411093,0.9483341469915735,0.6074059780081019,0.176231631101739,0.09144044612831799,0.15340225540566227,0.36530919581996346,0.0,0.4372283441023362,0.35929644671464805,0.02321943068740335,1.7045360826984387e-07,0.0,0.02993760120326379,0.0,0.01694893111374678,0.3904001368549645,0.28984898918729113,0.06029733985718653,0.036042110253528124,6.610696135189607e-05,6.610696135189607e-05,0.1319973941027724,0.11527544195630743,0.28857091823380665,0.38069205977931736,0.09511675944007576,0.0,0.0,0.0006917864858149609,0.0,0.35970808223781214,0.34036350578236824,0.8506391542858435,0.8338259141081839,0.0011867246091898831,0.5467663135530282,0.0,0.1124589885889198,0.005240733777422562,0.029436753555105645,0.002844229933518504,6.610696135189607e-05,0.1713551670901981,0.12335355957711715,0.02716820417974851,6.610696135189607e-05,0.5773255158523372,0.011901962212580683,0.3815077889087017,0.908559553871682,0.5055346700472682,0.13804581223410958,0.6498018436371283,0.011002323586341968,0.04330417787722227,0.0,0.0,0.0,0.0,0.0
0.00024670024786411045,0.019823142030912975,0.003828655481188082,0.001426886677061994,6.610696135189607e-05,6.610696135189607e-05,0.1569448489631709,0.06380370195853796,6.610696135189607e-05,0.9999372229632808,0.0,0.3476463983443335,0.0,0.34194088268059614,0.49721967281323076,0.3514893651202962,0.19190054235400741,0.25689940870621236,0.12610145086971386,0.16625939195855144,0.9988453117363986,0.4233491887427876,1.0,0.026709873452238634,0.9999396641332452,6.610696135189607e-05,0.0003735599372568888,0.012243131606906576,0.9997970712033435,0.06009169898756847,0.028949276692751966,0.3849616520849477,0.956820986381057,0.6059600671949743,0.17584444558000925,0.09200478909065199,0.15358281289989062,0.36523430167103554,0.0,0.4361260283764036,0.35797367871900637,0.0226097378828019,1.3025787559055388e-07,0.0,0.02920231780395238,0.0,0.01696766828144388,0.3906368538412108,0.2895801567037876,0.06014663123497058,0.036005143103323714,6.610696135189607e-05,6.610696135189607e-05,0.1320246084766608,0.11564649660953709,0.2886816944484802,0.38239099314886804,0.0955666598261251,0.0,0.0,0.0006997734741712264,0.0,0.36099033358089877,0.3419777179734771,0.8512888112474842,0.833740477783573,0.001154688263601435,0.54744849345326,0.0,0.11290151462857906,0.004991665404108291,0.02945501091179974,0.002811885364084467,6.610696135189607e-05,0.17212392258257322,0.12547922843931308,0.02744234088972074,6.610696135189607e-05,0.5763150317755089,0.011648939656157742,0.3809424962495322,0.907995210909348,0.5044763044195132,0.13684625204156245,0.6485106348797038,0.010983095688690235,0.043149194601304224,0.0,0.0,0.0,0.0,0.0
0.0002212197170427784,0.019838306803856693,0.0038324052037753452,0.0014640038966254887,6.610696135189607e-05,6.610696135189607e-05,0.1568581523170979,0.06380082749741843,6.610696135189607e-05,0.9999372231978162,0.0,0.3481845416155515,0.0,0.34285524384227767,0.4985488416629008,0.35283638376857457,0.19177100286265195,0.25681703037706527,0.12605563131887282,0.16631670183075922,0.9988768731468088,0.4233645851620363,1.0,0.02658975095386966,0.9999399242045593,6.610696135189607e-05,0.0003704377668264254,0.012161704691330742,0.9996667646178318,0.0594331940587463,0.02842071489280183,0.3835828832803444,0.9649634504389899,0.6046029316683168,0.1755317261604898,0.0925569384701943,0.1537673774805345,0.3651541818868701,0.0,0.4350849819185751,0.35669222613706236,0.022017120166852595,9.934415374243755e-08,0.0,0.028487338156373505,0.0,0.016979310282086803,0.39084694839422524,0.28933729179734213,0.059975918026613055,0.03596413384135085,6.610696135189607e-05,6.610696135189607e-05,0.13210409111797705,0.11594522763902954,0.28877886805739067,0.3840072294408747,0.09597546390482867,0.0,0.0,0.0007088807148494086,0.0,0.3622005495738716,0.34353922992309976,0.8519272485142746,0.833683198825087,0.0011231268531911578,0.5481480766815902,0.0,0.11325226496290149,0.004754352701877746,0.02947420905935814,0.002830930317307994,6.610696135189607e-05,0.1730191180923744,0.12747150440711477,0.027524663436334418,6.610696135189607e-05,0.5752294646333036,0.011389838890808537,0.38030826831913006,0.9074430615298057,0.5033773786771878,0.13558809573537972,0.6471636162314255,0.010943465644901357,0.042951513562772714,0.0,0.0,0.0,0.0,0.0
0.00024670024786689913,0.019853198028153097,0.0038361030099853975,0.001422375657409199,6.610696135189607e-05,6.610696135189607e-05,0.15677947077310736,0.06403231974228933,6.610696135189607e-05,0.9999372571916963,0.0,0.348715758771221,0.0,0.3436790151641517,0.4998329371072748,0.35405493448851494,0.1916086782511503,0.2566712591581286,0.12600133419988396,0.16639538579912916,0.9989100840662766,0.4234600777951991,1.0,0.026471355864358646,0.9999402314554197,6.610696135189607e-05,0.0003645930060355667,0.012084901114590303,0.9996667646158991,0.0587749259748411,0.027942408397205208,0.38227175694368626,0.9732219699738051,0.603313329948556,0.17525644177514443,0.09308203853960316,0.1539431481238917,0.3650914075049847,0.0,0.4341079352909281,0.35547549168906784,0.021445211254227055,7.562559719773825e-08,0.0,0.02779467723410728,0.0,0.016999068481249255,0.3910660801623937,0.289120408267996,0.0597736471441493,0.03593000095619044,6.610696135189607e-05,6.610696135189607e-05,0.13227167289370473,0.11627757588510397,0.2888657072144873,0.38555752503887486,0.09632065848099311,0.0,0.0,0.000716727801846673,0.0,0.3633607254241129,0.3450420396652438,0.852553454545889,0.8336045385752736,0.0010899159337234069,0.5487452449706937,0.0,0.11367678470072975,0.004535457607567763,0.02948902200238577,0.0028203562799082016,6.610696135189607e-05,0.17367002684782287,0.12943040432240965,0.027734571800782454,6.610696135189607e-05,0.5742127896808054,0.011129145012569218,0.3797071409726414,0.9069179614603968,0.5023778367119566,0.13435892758589388,0.645945065511485,0.010922661033808753,0.042811209487559725,0.0,0.0,0.0,0.0,0.0
0.00022141497478640125,0.019867335463578096,0.003839747036273243,0.0014659147134769115,6.610696135189607e-05,6.610696135189607e-05,0.15670939709851817,0.06399932724379541,6.610696135189607e-05,0.9999371956397113,0.0,0.3492669678103418,0.0,0.34459466693983426,0.5009440376133879,0.35537535679055354,0.19149836440502047,0.25660736410189156,0.12593718653728997,0.1664184705295565,0.9989389508860822,0.423402249260865,1.0,0.026348846723049085,0.9999405132233282,6.610696135189607e-05,0.00035516226390035004,0.012008973507279233,0.9999469711610612,0.058197498080904825,0.027496991381890757,0.38098626187523665,0.9809551438855051,0.6020470590829378,0.17499144528070845,0.09357261023517097,0.15409795574061225,0.3650180165949456,0.0,0.4331524424717457,0.3542883796110236,0.020888787895798268,5.745796808849534e-08,0.0,0.02712031564777568,0.0,0.017009725034148306,0.3912366657556396,0.28887039341887927,0.05962801814511703,0.03589115952679188,6.610696135189607e-05,6.610696135189607e-05,0.13230498289173043,0.11651409140964371,0.28896426081238785,0.38708666769256805,0.09667016447576297,0.0,0.0,0.0007276464865468498,0.0,0.3644684095203964,0.3464843728358906,0.8531740255669118,0.8335814720124755,0.0010610491139177993,0.5494774350913594,0.0,0.11401358196215615,0.004334324157807637,0.02950873037496319,0.0028405546727283586,6.610696135189607e-05,0.17445650473394314,0.13128393689121162,0.027802513821026945,6.610696135189607e-05,0.5731650282004416,0.010866273224494164,0.37907142243318676,0.9064273897648291,0.5013073773195535,0.13331029930511953,0.6446246432094465,0.010880783602837346,0.04261988345119418,0.0,0.0,0.0,0.0,0.0
0.00024670024786979525,0.01987949618362092,0.0038441761191449885,0.0014289573378530429,6.610696135189607e-05,6.610696135189607e-05,0.1566395553088193,0.0642030445237989,6.610696135189607e-05,0.9999372168516402,0.0,0.3498130638570641,0.0,0.3454095243637487,0.5020576147710869,0.35653857052027005,0.1913485145028947,0.2564723581224935,0.12586984912134194,0.16647487595017652,0.9989699798818474,0.4234671567084354,1.0,0.026240119470337178,0.9999407519666396,6.610696135189607e-05,0.0003397093711762685,0.01193796905041489,0.9996667646200552,0.057616454804172185,0.027102050705626952,0.3799578418471805,0.9887247404093261,0.6008472780999515,0.17472685117823702,0.09401663662282377,0.1542356549152357,0.3649584839447048,0.0,0.43226211717171725,0.35318545645552313,0.020352566595760114,4.358201205018999e-08,0.0,0.026468700324340642,0.0,0.017028712996702583,0.3914242592648112,0.288642455712461,0.059444452742926,0.035860709013426986,6.610696135189607e-05,6.610696135189607e-05,0.13244879173661805,0.11683540810269333,0.28904705104050893,0.38854787964652837,0.09698027601926834,0.0,0.0,0.0007368322148771634,0.0,0.36553094208880355,0.3478535626033737,0.853777584282898,0.8335250804678115,0.0010300201181525114,0.550064142967224,0.0,0.11442481278769745,0.004131827408274674,0.029523888507399655,0.0028273270175450827,6.610696135189607e-05,0.17506965123918125,0.13302168474623766,0.02799952335909724,6.610696135189607e-05,0.572242221174831,0.010604842253520054,0.37847980894543054,0.9059833633771762,0.5003548207210157,0.1322470690693311,0.64346142947973,0.010858426236584558,0.04248862281860978,0.0,0.0,0.0,0.0,0.0
0.0002216600218344935,0.019891414715003716,0.00385069952007501,0.0014709049051518817,6.610696135189607e-05,6.610696135189607e-05,0.1565733433996881,0.06416088824176923,6.610696135189607e-05,0.9999371557765708,0.0,0.3503723959748506,0.0,0.3463068180711245,0.5030402256428231,0.3577994058224699,0.1912466108540949,0.2564162110870959,0.12579504209764367,0.16648113893183678,0.9989972792000152,0.4233973333508892,1.0,0.02616220069224947,0.9999410108988912,6.610696135189607e-05,0.000313973882097129,0.011888814726661657,0.999959703363513,0.057069001085139855,0.026754942101873132,0.37910659198862545,0.9958261114102999,0.599654488710512,0.17445241643714443,0.09445107980073647,0.15437019743549496,0.3648925576428807,0.0,0.4313822305439955,0.35211525901617957,0.01983105636786627,3.299672953301661e-08,0.0,0.02583531553422192,0.0,0.01703768752844329,0.3915747287304275,0.2883812300069355,0.05931908768696096,0.035824959356028425,6.610696135189607e-05,6.610696135189607e-05,0.13246076630752507,0.11708145649009445,0.2891425894809864,0.3900021143867519,0.09733101118941395,0.0,0.0,0.0007488469553837417,0.0,0.36655533309997096,0.3491606877412169,0.85437390153449,0.8335188280714337,0.0010027207999848038,0.550767351114889,0.0,0.11474396446878286,0.003938098207626791,0.02954354490331326,0.002843879718374086,6.610696135189607e-05,0.17582045933565565,0.13468035267110628,0.028068777025333013,6.610696135189607e-05,0.5713073784194587,0.010343396902736215,0.3778441763985911,0.9055489201992636,0.4993229844933806,0.1313183697589123,0.6422005941775302,0.010815825501938665,0.04230784215550769,0.0,0.0,0.0,0.0,0.0
0.00024670024787342993,0.01990256733277127,0.0038587124353395173,0.001436796413754271,6.610696135189607e-05,6.610696135189607e-05,0.1565169079894855,0.06433850250861424,6.610696135189607e-05,0.9999371598767618,0.0,0.3509272789461097,0.0,0.3471060434864519,0.5040461846907225,0.3589095370489888,0.19110792425293402,0.2562993659669123,0.12572075779316072,0.1665246508025834,0.9990264764837278,0.42345688938567827,1.0,0.02607588807017465,0.9999412757201996,6.610696135189607e-05,0.000318174297900265,0.011832908185982354,0.9996667646202441,0.05659189488760206,0.026348764621305063,0.37782213060177405,0.9999547079557668,0.5984466623365269,0.17413938178410832,0.09487194404469212,0.1544972905577834,0.3648477647916857,0.0,0.43053821458273683,0.3510945287473874,0.0193293985113258,2.4936026425270068e-08,0.0,0.025218169040495994,0.0,0.017051145654172272,0.39175671395982564,0.28811484626875017,0.05916644630123418,0.035790575220486766,6.610696135189607e-05,6.610696135189607e-05,0.1325433744179368,0.1174608793069359,0.28923963113585627,0.39146874766610634,0.09769925758919615,0.0,0.0,0.0007591642147584687,0.0,0.3675619459760366,0.350424539522807,0.8549498436955135,0.8334753242613901,0.0009735235162722742,0.5513249415738257,0.0,0.11513013823209213,0.003744881829698738,0.02955625974567122,0.0028300888394781386,6.610696135189607e-05,0.1763518634273377,0.13633259576214907,0.02826186845388472,6.610696135189607e-05,0.5704773453090523,0.010084589997366824,0.3772340816805858,0.9051280559553079,0.49839666595576465,0.13034688630283325,0.6410904629510112,0.010791915188292594,0.04218156576289344,0.0,0.0,0.0,0.0,0.0
0.0002219311843449655,0.01991098666356885,0.0038690961231974026,0.0014204290821222731,6.610696135189607e-05,6.610696135189607e-05,0.1565195718974176,0.06446623056676137,6.610696135189607e-05,0.9999372819651362,0.0,0.35149197215124073,0.0,0.3479497621043722,0.5049210470948204,0.36010969287995054,0.19100807607722822,0.2562423383573687,0.12564384884520613,0.1665255365371737,0.9990524452780871,0.42339416291711995,1.0,0.026021718534530336,0.9999415843106104,6.610696135189607e-05,0.00032171773471966424,0.011792053663232795,0.9996000979482436,0.05619535636956765,0.026011091012046784,0.3771014507952644,0.9999604080169682,0.5973570527070152,0.17388076632771254,0.09527203128638798,0.1546320710132972,0.3648094707335615,0.0,0.42972222525570675,0.35007639834686316,0.01883729654441125,1.882057460673647e-08,0.0,0.024628838240580497,0.0,0.017068736292931257,0.39187559651277515,0.2879060011058627,0.05907734283140511,0.035761408371823976,6.610696135189607e-05,6.610696135189607e-05,0.1324928241643571,0.11768332092272647,0.2893561981023905,0.39281336898731506,0.0980387452498748,0.0,0.0,0.0007721865453715778,0.0,0.3685194162502491,0.35166761765654303,0.8555188546103826,0.8334744446422517,0.0009475547219128941,0.5519769988422996,0.0,0.11544231209133879,0.0035556942079272187,0.02957191042101259,0.002811155939296745,6.610696135189607e-05,0.17709188689267438,0.1379453354574574,0.02845014662248922,6.610696135189607e-05,0.5697910824266043,0.00982957830566972,0.37658851627117196,0.904727968713612,0.4974181668823307,0.12949729562624643,0.6398903071200495,0.010750282416816059,0.04201364563922518,0.0,0.0,0.0,0.0,0.0
0.0002467002478774519,0.019915867876912963,0.003847423735379969,0.0014718429605976966,6.610696135189607e-05,6.610696135189607e-05,0.15666549930637197,0.0643797345745199,6.610696135189607e-05,0.9999370431657716,0.0,0.35203323380423046,0.0,0.3486890418035995,0.5056074190840377,0.36123783521883773,0.19088349582713696,0.25612452575976946,0.1255747220216147,0.16654814296866782,0.9990761795411301,0.42335323895199095,1.0,0.026032131970406668,0.9999420097439664,7.910480163302051e-05,0.0003133669160241922,0.011776402035578296,0.9999469711626612,0.055938172738909275,0.02575146194808886,0.37796846523318345,0.9999518813601186,0.5964248003322125,0.17362993303601604,0.09564669406255111,0.15476842260962168,0.3648134179890871,0.0,0.42896349082424534,0.34910261014398664,0.018356811013016484,1.4197552109127538e-08,0.0,0.024083120982097476,0.0,0.017106099983244208,0.3919462039894418,0.28777404320934535,0.05898607412956028,0.03575448774381881,6.610696135189607e-05,6.610696135189607e-05,0.13244144582957984,0.11791307827626221,0.2895190452785761,0.3939917659949735,0.09835230153325746,0.0,0.0,0.0007869075516112531,0.0,0.3694231886889345,0.35286538357905173,0.8560684669653689,0.83345184283378,0.0009238204588698632,0.5525636400659116,0.0,0.11581960778181127,0.0033720154003831133,0.02957865436840224,0.002813873978376254,6.610696135189607e-05,0.1776605138851695,0.13973853493399374,0.028596019293130794,6.610696135189607e-05,0.569235685287463,0.009583433672814027,0.3759845316264961,0.9043533059374489,0.4965425355867788,0.12879225537526393,0.6387621647811623,0.01072982465968323,0.041907480517192196,0.0,0.0,0.0,0.0,0.0
0.00022225565707943866,0.019920738774115022,0.003860769854776831,0.0014456941434046106,6.610696135189607e-05,6.610696135189607e-05,0.15668961190002648,0.06455372651326657,6.610696135189607e-05,0.9999372152916683,0.0,0.35261672997155924,0.0,0.34939699444755,0.5064524370104646,0.36237907596547503,0.1907795920254143,0.2559957126438119,0.1255234713728122,0.16658416082054833,0.9991027529134494,0.42335430706994687,1.0,0.026048830648300096,0.9999421982239511,0.00013855216154489645,0.0003170925054753234,0.011766855423625258,0.9999373825874502,0.05569137825255468,0.025494949849810305,0.37920908693153527,0.9999431739807457,0.5955954117467713,0.17340647061653766,0.0960183478463778,0.1549246980575372,0.3648266806586581,0.0,0.4282960664254004,0.34821552192640703,0.0178886195846819,1.0702345365544557e-08,0.0,0.023571356862985837,0.0,0.0171263058989807,0.3920198971171225,0.2876424299830291,0.0588425286834767,0.03573845161409398,6.610696135189607e-05,6.610696135189607e-05,0.13252498153383765,0.11822633516183272,0.2896648036480603,0.39506090816525696,0.09865844108465026,0.0,0.0,0.000800220589110819,0.0,0.3702333725067537,0.3540295589075014,0.8565879090425059,0.8334158284771063,0.000897247086550598,0.5530743360670674,0.0,0.11609642404525357,0.0032055948906552913,0.029600231564757093,0.00282091848640276,6.610696135189607e-05,0.178278641666727,0.1411693409301526,0.02867886840411708,6.610696135189607e-05,0.5686597003359092,0.009343680087971732,0.37531835832725285,0.9039816521536223,0.4956783074949128,0.12792066174176647,0.637620924034525,0.01069096904243158,0.04175920652227965,0.0,0.0,0.0,0.0,0.0
0.0002467002478822646,0.019926728354023968,0.0038408871880866976,0.0014318009994929277,6.610696135189607e-05,6.610696135189607e-05,0.15676964371940963,0.06468026633947507,6.610696135189607e-05,0.999937185791843,0.0,0.3531692169748444,0.0,0.3500745242391775,0.5071177637861939,0.36346834802753625,0.19068090895245202,0.2558872595173384,0.1254794243810002,0.16663213894348405,0.9991266475943759,0.4233526703518723,1.0,0.026074878376238005,0.9999423789896719,0.0002490470282414107,0.0003203597980087566,0.011761223085462857,0.999946971157296,0.05542353301262333,0.025300437860532935,0.3804875312677295,0.9999486203514271,0.5948657522005939,0.17323729053911832,0.0963541944241639,0.15505433893397425,0.3647943055307594,0.0,0.42772051336314304,0.34739018038074115,0.01743592495870665,0.0,0.0,0.02308507240028031,0.0,0.017150446376361858,0.39208439427121405,0.2874314847106421,0.05873647607039492,0.03571265555846053,6.610696135189607e-05,6.610696135189607e-05,0.1325623936121066,0.1184057160610175,0.289822515761758,0.39602066909366174,0.09891654406088478,0.0,0.0,0.0008155838276733494,0.0,0.370928652711198,0.35506165953869395,0.8570846506602932,0.833367861056516,0.0008733524056241344,0.5535622572478474,0.0,0.116427361741087,0.0030329489443035908,0.02959740339328672,0.0028402270158249822,6.610696135189607e-05,0.17867880140312029,0.1425606507239773,0.028764225179214516,6.610696135189607e-05,0.5682090332455916,0.009113578705744314,0.37467694842515264,0.9036458055758361,0.4948711368268482,0.12727234685537336,0.6365316519724638,0.010669924973207066,0.041660900563226445,0.0,0.0,0.0,0.0,0.0
0.0002223010076347759,0.0199332761141758,0.0038574022824925014,0.0014243154240593046,6.610696135189607e-05,6.610696135189607e-05,0.15674461087765804,0.06478737063670639,6.610696135189607e-05,0.999937233215094,0.0,0.3537258418255779,0.0,0.3507945550112015,0.5076756060207687,0.36462355756565445,0.19061858795687,0.2558149512018116,0.12542505633050038,0.16663276708014835,0.999148791924377,0.4232362754546006,1.0,0.026097003853738567,0.9999425473134994,0.0003636771194704388,0.00032297487347427486,0.011758047869978337,0.9999338930386481,0.0551826389142091,0.02512743949365172,0.3818520259201623,0.9999665417969139,0.5942053016809393,0.17311929129948056,0.09669303898053579,0.155191608982378,0.36476147632877787,0.0,0.42721863580703856,0.34664772416026496,0.016996027217658794,0.0,0.0,0.022617644846640864,0.0,0.01716117530230311,0.3920639775032665,0.287224878364081,0.058625918097626836,0.03568495458446969,6.610696135189607e-05,6.610696135189607e-05,0.13259937773523897,0.11854375948165746,0.28998006505759,0.3969035717851394,0.0991541692624623,0.0,0.0,0.0008331928555094257,0.0,0.3715336026348964,0.3560251606608359,0.8575789164518408,0.8333672329198516,0.0008512080756230537,0.5541460796987585,0.0,0.11666120392150386,0.0028626120083325283,0.02961670770759413,0.0028240985376707713,6.610696135189607e-05,0.17921639539487064,0.1436301401123406,0.02890548077409661,6.610696135189607e-05,0.5679093453617229,0.008891126533921297,0.37400069761247917,0.9033069610194642,0.4940138360064205,0.12672972479494415,0.6353764424343455,0.010629173601195111,0.04151216397708759,0.0,0.0,0.0,0.0,0.0
0.0002467002478829373,0.019938586905858088,0.003872410752891085,0.0014212633880667349,6.610696135189607e-05,6.610696135189607e-05,0.15670256519201084,0.06484069166297045,6.610696135189607e-05,0.9999370837374784,0.0,0.35425726250693435,0.0,0.35145185076758007,0.5081977214084812,0.36568351652663805,0.19053969111600197,0.2557388629817283,0.1253672825570732,0.16665138674121951,0.999169759529202,0.4232017083616053,1.0,0.026122891396152412,0.9999427183118343,0.0004972756240906541,0.0003133669160428387,0.011756500750752649,0.9999522697111751,0.05497410880436595,0.025005488412038642,0.38345427634594254,0.9999375755775711,0.5936197155489451,0.17302921927631706,0.09701329830174248,0.15531557982636165,0.3647143745204495,0.0,0.426796792442679,0.3459923925964031,0.01657364902898528,0.0,0.0,0.022168047319101977,0.0,0.017177590806889114,0.39206864044624656,0.2869811135050976,0.058521378433468316,0.03565944680941047,6.610696135189607e-05,6.610696135189607e-05,0.13264982717833657,0.11866805990569167,0.29012956172894766,0.39770218883286135,0.09935980698970097,0.0,0.0,0.0008520482218405314,0.0,0.37205625668409564,0.35685144729824503,0.8580590684139415,0.8333486132587805,0.0008302404707980684,0.5546302443192926,0.0,0.1169530090068131,0.00271622067722033,0.029609704968088173,0.0028232587032261847,6.610696135189607e-05,0.17948335855286823,0.14465755685871626,0.0290590314723552,6.610696135189607e-05,0.5676679965991145,0.008678095618193531,0.3733537112270477,0.9029867016982576,0.49323256940605836,0.1262358558492288,0.634316483473362,0.010607259757223311,0.04141729712362356,0.0,0.0,0.0,0.0,0.0
0.00022239493278922233,0.019941869976769555,0.003853611988460365,0.00142101907740316,6.610696135189607e-05,6.610696135189607e-05,0.15675083973617723,0.06488581013009956,6.610696135189607e-05,0.999937274999987,0.0,0.35481625326520333,0.0,0.35215015537743155,0.5087709598859775,0.36678483691121183,0.190494034697948,0.25572917844420195,0.12530797802049254,0.16665170519639758,0.9991901771394693,0.4231714620110775,1.0,0.026146809508031818,0.9999428076485172,0.0006548768982420415,0.00031595926582202833,0.01175623450696832,0.9999342389575487,0.054740050421217816,0.024874769094579252,0.3847871454531092,0.9999382348296421,0.5930779075232528,0.17293013722854583,0.09729663346500726,0.15543375177779242,0.3646704939973358,0.0,0.4264205305888823,0.3454238843400061,0.016164716518055917,0.0,0.0,0.02173449161944611,0.0,0.017183525966462734,0.39206997389474074,0.2867163514318728,0.05842762505837858,0.03563623056542864,6.610696135189607e-05,6.610696135189607e-05,0.13270864748200034,0.11881512539289055,0.29026763975621733,0.39844998500223355,0.09957978137784936,0.0,0.0,0.0008720589439934812,0.0,0.37251791448061095,0.35757175543931385,0.8585273054614515,0.8333482948036024,0.0008098228605307179,0.5550940463694763,0.0,0.11715538413142779,0.0025615962188901076,0.0296026060793494,0.002825319462016215,6.610696135189607e-05,0.1799141219937916,0.14549473064512966,0.02915704142289097,6.610696135189607e-05,0.567478001576061,0.008472107474513607,0.3726738281284014,0.9027033665349927,0.49241609284477605,0.12568648717269323,0.6332151630887881,0.010567520232558848,0.04127518177647808,0.0,0.0,0.0,0.0,0.0
