0_primarytoI_spread,0_primarytoII_spread,0_primarytoIII_spread,0_primarytoIV_spread,0_primarytoV_spread,0_ItoII_spread,0_IItoIII_spread,0_IIItoIV_spread,0_IVtoV_spread,0_late_p,0_C01_coef,0_C02_coef,0_C03_coef,0_C04_coef,0_C05_coef,0_C06_coef,0_C09_coef,0_C10_coef,0_C12_coef,0_C13_coef,0_C32.0_coef,0_C32.1_coef,0_C32.2_coef,1_primarytoI_spread,1_primarytoII_spread,1_primarytoIII_spread,1_primarytoIV_spread,1_primarytoV_spread,1_ItoII_spread,1_IItoIII_spread,1_IIItoIV_spread,1_IVtoV_spread,1_late_p,1_C01_coef,1_C02_coef,1_C03_coef,1_C04_coef,1_C05_coef,1_C06_coef,1_C09_coef,1_C10_coef,1_C12_coef,1_C13_coef,1_C32.0_coef,1_C32.1_coef,1_C32.2_coef,2_primarytoI_spread,2_primarytoII_spread,2_primarytoIII_spread,2_primarytoIV_spread,2_primarytoV_spread,2_ItoII_spread,2_IItoIII_spread,2_IIItoIV_spread,2_IVtoV_spread,2_late_p,2_C01_coef,2_C02_coef,2_C03_coef,2_C04_coef,2_C05_coef,2_C06_coef,2_C09_coef,2_C10_coef,2_C12_coef,2_C13_coef,2_C32.0_coef,2_C32.1_coef,2_C32.2_coef,3_primarytoI_spread,3_primarytoII_spread,3_primarytoIII_spread,3_primarytoIV_spread,3_primarytoV_spread,3_ItoII_spread,3_IItoIII_spread,3_IIItoIV_spread,3_IVtoV_spread,3_late_p,3_C01_coef,3_C02_coef,3_C03_coef,3_C04_coef,3_C05_coef,3_C06_coef,3_C09_coef,3_C10_coef,3_C12_coef,3_C13_coef,3_C32.0_coef,3_C32.1_coef,3_C32.2_coef
0.0002064036055399,0.0175713364366845,0.0049916654068137,0.000926536644879,6.610696135189607e-05,6.610696135189607e-05,0.1428132646326737,0.0265412967396582,6.610696135189607e-05,0.9999372458761832,0.0,0.1599955418255731,0.0003430036327744,0.1307812781849878,0.0089100014433276,0.2895730896701437,0.0740372033708727,0.1878290816453437,0.1021098825197702,0.1778943782460072,0.9858742004498646,0.4761270578583069,1.0,0.0323164762883355,0.5352989603016167,0.0057053987840664,0.0022164478369987,0.0166499542890177,0.999933893038648,0.1667399871204791,0.2571394693485856,0.3042845081143296,0.3957265769554678,0.7629120540784773,0.2860893619139116,0.0548960989553,0.1584679092093436,0.4460575882291553,0.1378235316426379,0.7076026556550281,0.470343819454781,0.0195340697649563,0.0690300774016507,0.0,0.1201964905560499,0.0,0.0149284684451839,0.3351391089445794,0.2581744557840268,0.0751965234769756,0.0315137868026421,6.610696135189607e-05,6.610696135189607e-05,6.610696135189607e-05,0.0568179830560037,0.3738778798219803,0.2166285574868939,0.0944180993000866,0.0,0.0435850814842003,0.023399842449862,0.0,0.1775545494675418,0.2717651838517317,0.8783560477152733,0.753075544352342,0.0141256718385896,0.4036764515856431,0.0,0.082479141759443,0.0007331374358574,0.0162741682533196,0.0070041609934487,6.610696135189607e-05,0.2206486240209343,0.1317095102102511,0.0093515747403533,6.610696135189607e-05,0.6867190507487642,0.0204593884346287,0.4594969969604285,0.9447608974119256,0.6671657311214683,0.521632567877655,0.5726033786872183,0.0408055915065573,0.0700619150481435,0.0,0.0,1.2771154569363453e-07,0.0,0.0
6.610696135189607e-05,0.016963693508537,0.005911022904982772,0.00040579421179463555,6.610696135189607e-05,0.04060158744468479,0.19395875417684189,0.02071125596744592,6.610696135189607e-05,0.9999379011654418,0.0,0.15041399102468206,0.00032442363062086,0.12443927589854956,0.0078098211520421885,0.29570792473533913,0.0710556673137093,0.17290506530999636,0.11718646528351631,0.18608121629121663,0.9878096755447533,0.5029519264651334,1.0,0.03577566783245266,0.5620780579379411,0.007548307542136982,0.0011529079558144813,0.013974939672782577,0.9999338930386481,0.16729483997697817,0.2754132978355058,0.23224552154535272,0.3950148868437321,0.7900770890949741,0.2943623781356371,0.034608720785266944,0.19225398540578603,0.48289011051542075,0.12612119045750028,0.7110737962861958,0.47124192869505654,0.018828232628652988,0.07109317318024037,0.0,0.12288992116855706,0.0,0.016473738188898822,0.323429643641348,0.25742504207902167,0.05708928524033997,0.030746034865488624,6.610696135189607e-05,6.610696135189607e-05,0.0510853162327443,0.011718536101845303,0.3778924786006061,0.1913957650330282,0.09808714236705379,0.0,0.05706459175795213,0.02691762202340847,0.0,0.17817586303787755,0.283200893761809,0.8639853020878308,0.742825610528543,0.012190241548638393,0.3741581523663096,0.0,0.08941846028575826,0.0007874167854132979,0.023186723115058573,0.0066168476605094045,6.610696135189607e-05,0.24362432031251202,0.07925541267250356,6.610696135189607e-05,6.610696135189607e-05,0.734778539250473,0.018527145871997795,0.457136488472627,0.9650668555841122,0.6262421469377123,0.48238244630912863,0.5781708848071606,0.03969467336221732,0.0726521122331381,0.0,0.0,8.290660830998536e-08,0.0,0.0
6.610696135189607e-05,0.016828975575056984,0.00622426855555551,0.0003133669159003296,6.610696135189607e-05,0.09907493745430507,0.22702488149612932,0.017941272128449703,6.610696135189607e-05,0.9999372612887596,0.0,0.1481136295265841,0.00033703268392171036,0.1257681936213023,0.0075033086387254625,0.3082118162427813,0.07181587241556445,0.16692142286807812,0.12519935847301078,0.18695166515047187,0.9894708358185375,0.5132122079410352,1.0,0.03575150121284725,0.5743476523773426,0.008628069847981769,0.0008415595777286546,0.013155617496424845,0.9999338930386481,0.1687854834209998,0.2786791557302184,0.25375604569082444,0.39222499073759154,0.8076201626530697,0.2957316678312495,0.02805439013403029,0.2003012031156671,0.4936043487736267,0.12420535479724525,0.7081165546778807,0.46491019535065836,0.017887388047809927,0.07143262301692464,0.0,0.1287253506610749,0.0,0.016291924636415024,0.31927411650195925,0.2488231763669608,0.05618432070947593,0.031098495461020184,6.610696135189607e-05,6.610696135189607e-05,0.055728090000841224,0.005956494145098431,0.38445190260326606,0.17343570449488635,0.09710049972593017,0.0,0.06312094250228975,0.027760163579108328,0.0,0.18031409833701212,0.2903393367279593,0.8569132534791793,0.7416157118326034,0.010529114471093814,0.3580624413978899,0.0,0.08925509041377529,0.0008151692590106809,0.02453879862397141,0.006386609764566517,6.610696135189607e-05,0.23725833190229903,0.05889393640646663,6.610696135189607e-05,6.610696135189607e-05,0.7554485957756795,0.01894413285204394,0.45905420291623633,0.971608577182048,0.610809660760741,0.4711321790085395,0.5675828289599735,0.0397534745695427,0.07782904505330424,0.0,0.0,4.9710368696493174e-08,0.0,0.0
6.610696135189607e-05,0.01680307384421454,0.006433080369452955,0.0003133669159003296,6.610696135189607e-05,0.19548157072945832,0.24813946744388699,0.016909469036375798,6.610696135189607e-05,0.9999366716968178,0.0,0.1470020799928366,0.000356009443859928,0.1286131358156445,0.007380047786598977,0.31853362837496774,0.07335464385226154,0.1632915040236228,0.13003904774942088,0.18639149060951643,0.9907426708307628,0.5176036067005795,1.0,0.03565015246727013,0.5824748177296437,0.009522656733001044,0.0006411063950516487,0.012714807718665974,0.9999338930386481,0.16948938117804785,0.2772990886739428,0.2666277804821168,0.38969686883992977,0.820179578000635,0.29685613178062303,0.025717370383380532,0.20094760980783383,0.4963458746943478,0.12490125946998835,0.7041772034734686,0.45860349470727024,0.016994909246228353,0.07108004238790583,0.0,0.13590884321041963,0.0,0.016141396769652087,0.3176061891030291,0.24397479487214221,0.05620627041797117,0.03169989157886755,6.610696135189607e-05,6.610696135189607e-05,0.05749769337603441,0.002015179014454094,0.3882148395873295,0.1594025280356142,0.09499606082530143,0.0,0.06652324267363662,0.027958659434162335,0.0,0.18239851812975247,0.29465831340990384,0.8529660430043507,0.7425284670025778,0.009257299814747842,0.34648755008900095,0.0,0.08908562047067214,0.0009035091765313869,0.024790555796481664,0.00629471506970047,6.610696135189607e-05,0.2336946089166622,0.050506450691493156,6.610696135189607e-05,6.610696135189607e-05,0.7661484666679433,0.020417893963750783,0.4611457274012389,0.9739266201727595,0.603916011702885,0.4683154180848908,0.5565651121550439,0.040069634544517396,0.08344668785920312,0.0,0.0,2.9354489310474642e-08,0.0,0.0
6.610696135189607e-05,0.016800613475197738,0.0065917032461700635,0.0003133669159003296,6.610696135189607e-05,0.36637948376891416,0.2618023971265899,0.016611933552726086,6.610696135189607e-05,0.9999362435503643,0.0,0.14635000510834967,0.00037719832465533503,0.13177532897771188,0.007323305622273936,0.3266403828719551,0.0750919201345063,0.1605730616044173,0.1332339502148733,0.185885255235195,0.9916957672105655,0.5199047554541824,1.0,0.035649221107748805,0.5893939465971355,0.010268579872820158,0.0005113694068824311,0.012395108204271478,0.9999338930386481,0.17007673454479233,0.2758617726238414,0.27537807596804986,0.38708206130693384,0.8294184028544478,0.2979951543091274,0.024536211875169425,0.19953908855882307,0.4962963333107478,0.12576221735771395,0.7000851574289877,0.45329153653604015,0.016175409083140253,0.07041816677668644,0.0,0.14332980155429437,0.0,0.01595141141301112,0.31547074557105714,0.24065208438067584,0.055938157198425154,0.03235373091726544,6.610696135189607e-05,6.610696135189607e-05,0.059055580640666225,6.61069613518959e-05,0.39163630722734477,0.14809279573105386,0.09257026044192988,0.0,0.06874653535241348,0.0279462741062664,0.0,0.18437330621906667,0.2972579963026105,0.8505906407019864,0.7436965779881185,0.00830421557132704,0.3367654429915232,0.0,0.08860037563211917,0.001005828347694623,0.025078824629854796,0.006221457271507943,6.610696135189607e-05,0.23050822907137677,0.04494501832641915,6.610696135189607e-05,6.610696135189607e-05,0.7763764631855988,0.02248880141449833,0.463084580140593,0.9750865898001753,0.5999390471110516,0.4684340869607118,0.547597399770331,0.040449616217439324,0.08887740555693205,0.0,0.0,1.721810753420632e-08,0.0,0.0
6.610696135189607e-05,0.016791110006964996,0.006676534041811374,0.0003133669159003296,6.610696135189607e-05,0.7092006203524844,0.27126671203213265,0.016598675131203514,6.610696135189607e-05,0.999936069962381,0.0,0.14591687722666785,0.00040035356910641883,0.13495148016016642,0.007294880668767894,0.33310728714086735,0.07681854814516016,0.15822867112363892,0.13528887862132644,0.18548451204857236,0.9924110756738492,0.521375652113193,1.0,0.03567107030394289,0.5961299203359823,0.01089499660572753,0.00040215034317384865,0.012111872039415548,0.9999338930386481,0.1705395024054346,0.27501638855845634,0.2804200158601245,0.3844611624925354,0.8364345258896876,0.2991983456765841,0.023708994238030807,0.19771546969774498,0.49541848598256144,0.12631485953189955,0.6962157880331125,0.4490341631259093,0.01543308265484824,0.06966639140836337,0.0,0.1505230915738028,0.0,0.015727949492925532,0.31354920296903166,0.23815529479021535,0.0556390311929671,0.03285903291710444,6.610696135189607e-05,6.610696135189607e-05,0.06018403354843719,6.610696135189607e-05,0.39466062781567846,0.13858714810405662,0.09003802545998428,0.0,0.07034263380118934,0.027807735248448408,0.0,0.18613522906947574,0.29876841902303425,0.8492780387238253,0.7448490965430643,0.007588914267583383,0.32810125631300413,0.0,0.08807525914151161,0.0011047557236411405,0.02536210262960436,0.006165831720065168,6.610696135189607e-05,0.22761746838226662,0.04105538361906003,6.610696135189607e-05,6.610696135189607e-05,0.7862221103554984,0.024978326006255814,0.46484675163676376,0.9758906521928628,0.5969904163408993,0.4694788981002223,0.5405778533272331,0.04083043475225158,0.09396874672741745,0.0,0.0,1.0058567422484052e-08,0.0,0.0
6.610696135189607e-05,0.016776882929933346,0.006728934659485892,0.0003133669159003296,6.610696135189607e-05,0.9999557341268659,0.27821934967395295,0.016695823495701097,6.610696135189607e-05,0.9999359469889346,0.0,0.14563278985563627,0.00042598784808339383,0.13807747582665392,0.007284656222695756,0.33837743720291197,0.07850177589666141,0.15607136792811227,0.1365604542192099,0.18516021558061063,0.9929470832075376,0.5224148401250481,1.0,0.03570724797143962,0.6028559340902788,0.011430437017256866,0.00031336691721720066,0.011883254287162947,0.9999338930386481,0.17095437191157295,0.2747294853579761,0.28258798800276674,0.38192926629595975,0.8418008850751308,0.3003306085943028,0.023025703191542714,0.19589821004944322,0.49417985149214816,0.12658075977719008,0.6925852320765779,0.44553984459093315,0.014751621802409392,0.06890202070138705,0.0,0.1572384854501091,0.0,0.01552505707830871,0.3118396778677043,0.23623035278491775,0.055400257615399934,0.03317518499291936,6.610696135189607e-05,6.610696135189607e-05,0.06084860883883166,6.610696135189607e-05,0.39741024344791265,0.13044747829336573,0.08753360425234293,0.0,0.07155978246745066,0.027609621899471696,0.0,0.18768891069239715,0.2996862736199296,0.8486879239783807,0.7459377637180022,0.0070529167924625,0.32034667442484277,0.0,0.08755025400262599,0.0012195746241841874,0.025598643523679604,0.00612526743265099,6.610696135189607e-05,0.22496877565628637,0.03832009222855522,6.610696135189607e-05,6.610696135189607e-05,0.7957426684687033,0.027751636631503408,0.46650299729771805,0.9765483089603739,0.5944645316564522,0.47092587038568445,0.535041803019898,0.04122408133436361,0.09870251386102508,0.0,0.0,0.0,0.0,0.0
6.610696135189607e-05,0.016756936562165346,0.006765114974836796,0.0003133669159003296,6.610696135189607e-05,0.9999350150928722,0.28352175855244677,0.01680926142914797,6.610696135189607e-05,0.9999358520159648,0.0,0.1454609139863131,0.00045449297814107305,0.1411319624653556,0.007288563624436857,0.34275978013670966,0.08014177594165921,0.15407311863580353,0.13731350138663256,0.18489803890997097,0.993348552464083,0.5232421583048866,1.0,0.03574232173211328,0.6095813490228271,0.011882608654499166,0.000280033582072583,0.01174137932343892,0.9999338930386481,0.1713549494895843,0.27479472331077504,0.2837008699483007,0.37942980813342275,0.8459082568080865,0.301354238553511,0.02235273830624589,0.1941671296106836,0.4927858792113591,0.12660889678941328,0.6892031014278206,0.44261100194157005,0.014127006729206623,0.06816957470412101,0.0,0.16334617329026155,0.0,0.015308721110728759,0.3102776749870542,0.2346371087883988,0.055219472959806254,0.033427595263512536,6.610696135189607e-05,6.610696135189607e-05,0.061143094858237254,6.610696135189607e-05,0.3999631970433859,0.12343489144788602,0.0850960446154993,0.0,0.0725152374497729,0.027359600095979573,0.0,0.1890153403474452,0.30023828504016314,0.8485594918841608,0.7469323863859081,0.006651447535916945,0.3134116684048519,0.0,0.08701186404387166,0.001351063159572772,0.025822215090363233,0.006091067696378948,6.610696135189607e-05,0.222554521159186,0.03621759750703896,6.610696135189607e-05,6.610696135189607e-05,0.8048154031237524,0.030656851744027543,0.4680888028446766,0.977192768715613,0.5921856704741879,0.4725659570682245,0.5306313230738771,0.041639782283075105,0.10307759438246328,0.0,0.0,0.0,0.0,0.0
6.610696135189607e-05,0.016734204347466006,0.006796858949547579,0.0003133669159003296,6.610696135189607e-05,0.9999345705699111,0.2876576985353772,0.016913117935099618,6.610696135189607e-05,0.9999357601674354,0.0,0.14537471799241944,0.0004862421778148633,0.1440984004547062,0.007304135070855987,0.34644882993200277,0.08173872869560277,0.15223535718312314,0.13772892698640954,0.18468166666661734,0.99364825359594,0.5239723116178072,1.0,0.035787517868944484,0.6163223824709857,0.012256907877883855,0.0002433930831788514,0.011632809056639722,0.9999338930386481,0.17177293633635174,0.2753029091985334,0.28412991537585003,0.37701219536401387,0.8491666529826032,0.3022586605167626,0.021636932479863674,0.19252429615045086,0.4913946809853814,0.12645172985764522,0.6861170024864732,0.44010951721482056,0.013556807567040126,0.06750689397766305,0.0,0.1688043462094427,0.0,0.015105380139653068,0.3088315605396755,0.23327335480055242,0.055066784572966994,0.03362965629307972,6.610696135189607e-05,5.302884278772229e-05,0.06122560129303022,6.610696135189607e-05,0.40233693322102493,0.11725570404137871,0.08272432571613035,0.0,0.07326615537468116,0.027046260303260305,0.0,0.190060479694771,0.300516854589961,0.8487142654465504,0.7478114393557196,0.00635174640406002,0.30722334217275016,0.0,0.08647272984162974,0.0015124882509901896,0.02601992715543469,0.006055343798796907,6.610696135189607e-05,0.22033575166527256,0.034613652446496994,6.610696135189607e-05,6.610696135189607e-05,0.8134122039539845,0.033577642976018146,0.4696422957746877,0.9778768253423215,0.5901111480201618,0.47425492364050226,0.527099440210352,0.04208378912315305,0.10713827101209532,0.0,0.0,0.0,0.0,0.0
6.610696135189607e-05,0.016710460405139942,0.006819601686644734,0.0003133669159003296,6.610696135189607e-05,0.9999341516628456,0.2910260208471756,0.016998609508987666,6.610696135189607e-05,0.9999356982458635,0.0,0.14535226973206514,0.0005215032935043333,0.14695737254623856,0.007330447282269377,0.3495757280847435,0.08329370769019936,0.15056545918124348,0.13792884462506677,0.18450294305135886,0.9938716382319756,0.5246684110672537,1.0,0.035836063345671375,0.623061845991463,0.012598612458474573,0.00020640360608862877,0.011519651832340574,0.9999338930386481,0.1721729364838192,0.27608732656484336,0.2847088856108179,0.37472987689459514,0.8517333030105643,0.30303569371062244,0.020823805425617424,0.19094007117053974,0.48997256095427444,0.1261359900325915,0.6832865968333608,0.43791680774943786,0.013036299334713864,0.06691839589841456,0.0,0.1736199842270271,0.0,0.01492163770285546,0.3074883757173253,0.23205993788118012,0.05494904568273641,0.03379630748954667,6.610696135189607e-05,0.00038000262904316624,0.06113787478453373,6.610696135189607e-05,0.40449768380036416,0.11184237178950165,0.08043214137160376,0.0,0.07386447771672106,0.026679911580177646,0.0,0.1908579790516623,0.30060837247112154,0.8490348560402193,0.7485786610502266,0.006128361768024503,0.3017116047057193,0.0,0.08592903090922696,0.0016808729408232118,0.026182138114914193,0.006023580470430229,6.610696135189607e-05,0.21835366806067064,0.03334963819698774,6.610696135189607e-05,6.610696135189607e-05,0.8215831882585566,0.03642432519993405,0.47117989518570863,0.9786546912808782,0.5882380785665006,0.4760170801832785,0.5242882818826651,0.04256171642477761,0.11090936059819703,0.0,0.0,0.0,0.0,0.0
6.610696135189607e-05,0.016687407619876422,0.006837434836906713,0.0003133669159003296,6.610696135189607e-05,0.9999337665293601,0.2937698950160156,0.01706786932804632,6.610696135189607e-05,0.9999356480722074,0.0,0.14536609528975128,0.0005606351574674345,0.1496818930587382,0.00736560175783374,0.3522201621872898,0.08480448636387156,0.14904896918559782,0.1379821757464556,0.18434315647157215,0.9940374397765218,0.5253325754569477,1.0,0.03591702618180557,0.6297920324135894,0.012874008457049993,0.00020640360553998618,0.011449213126016284,0.9999338930386481,0.17259899880144297,0.27694535556283434,0.2850375791815111,0.372462048810887,0.8537363632834737,0.3037067942488241,0.019956711559264963,0.18942386057156707,0.4885456824296917,0.12572236414122395,0.6806607489037596,0.43596031632202553,0.012563070803537111,0.06641109756861428,0.0,0.17784656984179537,0.0,0.014758654072819921,0.30624458584344827,0.23090005341828254,0.05486634140380938,0.03394517510878571,6.610696135189607e-05,0.0009899091261416253,0.06091968404601527,6.610696135189607e-05,0.40646269896351617,0.10713132416994921,0.07823468742181972,0.0,0.07435917271077934,0.02626427836712887,0.0,0.1914599962470631,0.30058110587057274,0.8494547534500073,0.7492457459598135,0.0059625602234782155,0.29682085470125696,0.0,0.08541797177369574,0.0018505356672663092,0.026275509549782954,0.005995929179845591,6.610696135189607e-05,0.21657444116085928,0.0324082585865331,6.610696135189607e-05,6.610696135189607e-05,0.8293295627837414,0.03913231254657712,0.47269242303960496,0.9794826532832676,0.5865350736589154,0.4778244374453457,0.5220574736714862,0.04307476848530568,0.11440960862180398,0.0,0.0,0.0,0.0,0.0
6.610696135189607e-05,0.016667150689672713,0.006853273182199956,0.0003133669159003296,6.610696135189607e-05,0.9999334105423111,0.29600404151796555,0.017123527682819245,6.610696135189607e-05,0.9999356082674589,0.0,0.14540244457509657,0.0006039898882117179,0.15225431981719456,0.007408082911061838,0.35446413306543195,0.08626567217630615,0.14768050220578702,0.13793202098720916,0.18418941408233538,0.9941601718285125,0.5259783185479837,1.0,0.03597399168302143,0.6365270015454956,0.01309496243863843,0.00020640360553998615,0.011401354561936488,0.9999338930386481,0.17304500830163175,0.27796301340341834,0.2849001332435906,0.3702836606077399,0.8553806165105718,0.3042913759068617,0.019067517687447234,0.18798363849994038,0.48721058035657594,0.12524798635807444,0.678245577987785,0.43418624793703625,0.01213273135002118,0.06598749389404283,0.0,0.1815221045716378,0.0,0.014609782630188205,0.3050742305142816,0.2298086871678789,0.05478840063744198,0.03403267434837156,6.610696135189607e-05,0.0017645267810549848,0.060668135279757854,6.610696135189607e-05,0.4083531232277575,0.10296113482787984,0.07614563423719428,0.0,0.07478406519766577,0.025808082529921884,0.0,0.1918767324166043,0.30049774477435587,0.8499352476627696,0.7498230920236217,0.005839828171487507,0.2924995768803786,0.0,0.0848769323586542,0.002046503322122767,0.026359246546461042,0.005966545490510109,6.610696135189607e-05,0.21489554731532848,0.03159186788780376,6.610696135189607e-05,6.610696135189607e-05,0.8366561321225119,0.041658248661548304,0.47416054528084733,0.9803284924243411,0.5849779764851992,0.4795732542024404,0.5202878805764936,0.0436120174193046,0.11763550508282088,0.0,0.0,0.0,0.0,0.0
6.610696135189607e-05,0.016648055935532147,0.00686707298539615,0.0003133669159003296,6.610696135189607e-05,0.9999664202394345,0.2978789423865237,0.017166070231428476,6.610696135189607e-05,0.9999355705022542,0.0,0.14544495641778438,0.0006517198560665467,0.1546564325814803,0.007457083384273472,0.35634425550476073,0.08767613614252139,0.14645137116848042,0.13781230911749795,0.1840390224715279,0.9942505162104636,0.5266057610191606,1.0,0.036029510407566086,0.6432063609435128,0.013268268173116436,0.00020640360553998618,0.011374089799111592,0.9999338930386481,0.17351108752762406,0.2790918519884774,0.28477099831969993,0.3681922577691577,0.8566953324055272,0.30476518250081386,0.018103152265451297,0.18657455623904237,0.48588926522297704,0.12468342265120533,0.6760106194401111,0.43253531841971987,0.011741227263102451,0.0656407381948706,0.0,0.18469870439427974,0.0,0.014478199166123739,0.3039433224309284,0.22873261285844196,0.05470710871251062,0.03412208757958905,6.610696135189607e-05,0.0026962733619964223,0.06038801945375925,6.610696135189607e-05,0.4101185905265997,0.09929380532731549,0.0741562698886886,0.0,0.07514163846296862,0.025318920558727136,0.0,0.19213443355449433,0.3003765720085716,0.8504464636193996,0.7503202393336015,0.0057494837895364385,0.28869553458655967,0.0,0.08433746559385306,0.0022594827944349472,0.02642332930553948,0.00593786901901766,6.610696135189607e-05,0.21333425257025948,0.030861376196485525,6.610696135189607e-05,6.610696135189607e-05,0.8435704644041652,0.04401086226715732,0.47563359119271315,0.9812451278784822,0.5836273727165088,0.4813347308340224,0.518972321844034,0.04417881086287323,0.12063673840322812,0.0,0.0,0.0,0.0,0.0
6.610696135189607e-05,0.016630868255823907,0.006879376483602434,0.0003133669159003296,6.610696135189607e-05,0.999966130862213,0.29943485443957907,0.01720007937469454,6.610696135189607e-05,0.9999355424497538,0.0,0.14548105693182495,0.0007041081332105169,0.15687618631866113,0.0075114163035113245,0.3579036390827438,0.08902894345034543,0.1453443695197338,0.13763651348011757,0.1838811882126256,0.9943166721003409,0.5272086760077391,1.0,0.0360852716407513,0.6498353100927572,0.013382656202905354,0.00020640360553998615,0.011357097164433396,0.9999338930386481,0.1740258730017115,0.28030837425766075,0.28467591589654206,0.36618236302483276,0.8577213633284445,0.3051428867476511,0.017069136883056314,0.18519506593140386,0.484583522242472,0.12404384810473022,0.6739367836669068,0.43098271788672526,0.011385177058177265,0.06536361401977038,0.0,0.18743792092291228,0.0,0.014360814325168558,0.3028458661627323,0.22766996732950529,0.05462902045380379,0.03419464085306114,6.610696135189607e-05,0.0037237795693715724,0.06009088149214484,6.610696135189607e-05,0.41179313852890764,0.09608096898198805,0.07226621330514303,0.0,0.07545127269165304,0.024804489182491733,0.0,0.19226298680756784,0.30024010581758176,0.8509783094617052,0.750755197767604,0.005683327899659087,0.28535340306934853,0.0,0.08380912825969107,0.0024856888906676423,0.02646922990524848,0.005910639458433404,6.610696135189607e-05,0.2118797093700879,0.0301921933847693,6.610696135189607e-05,6.610696135189607e-05,0.8500644537441676,0.04619766768956743,0.4771098430153809,0.9822267549837331,0.582477475058282,0.483100572271525,0.518052512812526,0.04477128607517998,0.12343280677595915,0.0,0.0,0.0,0.0,0.0
6.610696135189607e-05,0.016615502033529343,0.006890384797929242,0.0003133669159003296,6.610696135189607e-05,0.9999658709105573,0.30075782426641406,0.017227041000869088,6.610696135189607e-05,0.999935517202105,0.0,0.1455028552956689,0.0007614731111513346,0.1589082692707857,0.007570123162137669,0.3591850737010373,0.09032013146716127,0.14434548641364628,0.13741535141069827,0.1837111977109782,0.9943648296885339,0.5277840337564013,1.0,0.03614183032708302,0.6564057923605057,0.013456014388045136,0.00020640360553998618,0.011348402114609269,0.9999338930386481,0.17456631617950677,0.28157138373089846,0.28464175403340525,0.3642505511077996,0.8584917894116234,0.3054369723437291,0.01597960037557602,0.183843360491574,0.4832985208148961,0.12334123552478865,0.6720030243429396,0.4295077763330474,0.011061336330262048,0.06514694059765,0.0,0.18979363962799,0.0,0.01425476308681764,0.30180304136307656,0.2266552953911819,0.054550473009338504,0.034250725694324226,6.610696135189607e-05,0.00471388801646315,0.059784328383446605,6.610696135189607e-05,0.413376834738001,0.0932761185302166,0.07047435113270617,0.0,0.07572876887837106,0.024271632970363503,0.0,0.19229200823057396,0.30010736952446027,0.8515233122590397,0.7511418616913718,0.005635170311466084,0.2824223266156087,0.0,0.08329197361177583,0.0027429788122375967,0.026500072130920642,0.005884698217505445,6.610696135189607e-05,0.2104498396252325,0.02956436805140234,6.610696135189607e-05,6.610696135189607e-05,0.8561204528849674,0.048232092058159995,0.4785858212278959,0.9832589265132726,0.5815196013592693,0.48485972305260266,0.517473690774174,0.04538483595932515,0.12603936772884608,0.0,0.0,0.0,0.0,0.0
6.610696135189607e-05,0.016601542746083844,0.006900070825019792,0.0003133669159003296,6.610696135189607e-05,0.99996563931776,0.30188169668143633,0.017248925532479375,6.610696135189607e-05,0.9999354960435878,0.0,0.14550934114913489,0.0008240356234121036,0.16075580899576722,0.00763278180847191,0.3602272739685496,0.09155019914953486,0.14344635671515826,0.13716345901223134,0.18353366486373898,0.9943996510609914,0.5283313618893271,1.0,0.0362009241737456,0.6628973910094969,0.013491607944564828,0.00020640360553998615,0.01134664253552548,0.9999338930386481,0.17513260103684916,0.2828666962561678,0.28467612568849027,0.3623961433837647,0.8590338686781674,0.3056384056508315,0.014808511519877476,0.18249008176988335,0.4820228368635568,0.12255500605313226,0.6701892326090642,0.42808944484425226,0.010766386301765418,0.06497938293730372,0.0,0.19181301215686514,0.0,0.01416211600073802,0.3008071561056413,0.22565439036055293,0.05450275455618102,0.03429350521489395,6.610696135189607e-05,0.005762971402830115,0.0594068078347867,6.610696135189607e-05,0.41486926770450255,0.09083420793790516,0.06877568916155168,0.0,0.07598115543664777,0.02372567781662411,0.0,0.19224522527527232,0.29999175503243347,0.8520701546860032,0.7514869521989573,0.005600348939008599,0.27985562595380786,0.0,0.08278222337915764,0.003011459754309888,0.026517989399479018,0.0058597487858805895,6.610696135189607e-05,0.20912179666583144,0.028951819719370973,6.610696135189607e-05,6.610696135189607e-05,0.8618052131639733,0.05013192338392742,0.4800765640384819,0.9843674528567105,0.5807729537977018,0.4866187035113472,0.5172177199783181,0.04601534296612875,0.128472443408156,0.0,0.0,0.0,0.0,0.0
6.610696135189607e-05,0.016589378748807254,0.006908681338967614,0.0003133669159003296,6.610696135189607e-05,0.9999654329734523,0.3028458380163192,0.017267104095157925,6.610696135189607e-05,0.9999354756906714,0.0,0.14549290940687537,0.0008921114866870106,0.16241576545072822,0.007698412926971002,0.36105271260782956,0.09271802538119643,0.14263469446829635,0.13688983520738587,0.18335053729161557,0.9944246902950561,0.5288503883238478,1.0,0.03626033346873059,0.6693075938444826,0.013488512637686518,0.00020886286856397257,0.011350395323895472,0.9999338930386481,0.17572105272840866,0.2841734124412187,0.2847685534966712,0.36061684852076265,0.8593775252249034,0.3057672374970928,0.01358838633726186,0.18114991813647682,0.4807708490778322,0.12170888830866265,0.6684849400152598,0.42672264807837906,0.01049805612904623,0.06485502448269687,0.0,0.19354413051650138,0.0,0.014046253220982761,0.29985204829952045,0.22467374697018017,0.05443731526065416,0.03432341702965398,6.610696135189607e-05,0.006814866146956667,0.05906973966275834,6.610696135189607e-05,0.41632686124946416,0.08871138102220949,0.06716786484505669,0.0,0.07621728444120296,0.023172453569860783,0.0,0.19213909061617054,0.2998946791660336,0.8526121086635678,0.7517944382256876,0.0055753097049439345,0.2776054811596509,0.0,0.08228141453366387,0.0032996154991673543,0.02652619205107164,0.005835060888963208,6.610696135189607e-05,0.2078366772895976,0.028351097145303834,6.610696135189607e-05,6.610696135189607e-05,0.867113764270951,0.05191109375288716,0.48157198825097525,0.9855195021760511,0.5802170319715919,0.4883582844253361,0.5172383990835079,0.046657943987373295,0.13074797828729107,0.0,0.0,0.0,0.0,0.0
6.610696135189607e-05,0.01657802536966206,0.006916213397726367,0.0003133669159003296,6.610696135189607e-05,0.9999652394353477,0.3036782086060822,0.01728163320150752,6.610696135189607e-05,0.9999354569436205,0.0,0.14545105114368098,0.0009659441482827559,0.16389170840523468,0.007766486240188553,0.3616852113119032,0.09382332644453517,0.1418988557866867,0.13659570332568033,0.18315700673916585,0.994441923680559,0.5293348967507422,1.0,0.0363294136686657,0.6756345657815973,0.013451709828126665,0.0002064036055764629,0.011358703155567699,0.9999338930386481,0.17633400989748194,0.2855069458750794,0.28487157635207866,0.3589107877396964,0.8595565782670983,0.3058215120199755,0.012325749208536536,0.17980918566615728,0.4795433593516551,0.12079981330075355,0.6668820512208957,0.42539429957434427,0.01025456566582774,0.06476955388994847,0.0,0.19502614530779047,0.0,0.013959301178706297,0.29892256393045735,0.22370771109307347,0.05435420099209979,0.03434202777473599,6.610696135189607e-05,0.007870770554886216,0.05876789161344165,6.610696135189607e-05,0.41771547956877797,0.08685192507939107,0.0656447227853822,0.0,0.07644074173771169,0.02261167672889367,0.0,0.19198282022018245,0.2998200269426734,0.8531497310084919,0.7520734393708857,0.005558076319441003,0.27563895794146726,0.0,0.08179284899251042,0.0036036556792523413,0.026528274791537056,0.005811229167870613,6.610696135189607e-05,0.20659248751955536,0.027759729408254538,6.610696135189607e-05,6.610696135189607e-05,0.8720817189068545,0.05359149665351063,0.4830827140509613,0.9867083066431807,0.5798583641908964,0.4900784776792627,0.5175149753873434,0.04731180211438671,0.13288681769629573,0.0,0.0,0.0,0.0,0.0
6.610696135189607e-05,0.01656798533480153,0.0069219811209407026,0.0003133669159003296,6.610696135189607e-05,0.9999650717056602,0.3044121927126613,0.01729411195025975,6.610696135189607e-05,0.9999354419416754,0.0,0.1453829286152594,0.001045828274835854,0.16519090983331325,0.007836665739044832,0.3621497140420179,0.09486765751236438,0.1412290753419624,0.1362834125986828,0.1829528762399787,0.9944535787985543,0.5297871945212828,1.0,0.03639578342534878,0.681872615526015,0.013381803687461025,0.00020640360553998607,0.011370718301850049,0.9999338930386481,0.17700331257243762,0.28684023569287914,0.28508311102097067,0.3572520169283843,0.8595716910174052,0.30581258343496664,0.011038361473559254,0.17847072095370992,0.47833245928169776,0.11983611481808759,0.6653594647410713,0.42409668398145667,0.010032679999514703,0.06470894003770222,0.0,0.19628857962580643,0.0,0.013884907536336392,0.29802777110304285,0.22276179528801937,0.05426438396850532,0.034351410345560385,6.610696135189607e-05,0.008944262603167248,0.05848670248761102,6.610696135189607e-05,0.4190385585635354,0.08524749557518516,0.06420549714237839,0.0,0.07666108951502025,0.022049967655472544,0.0,0.1918030463139079,0.29978225835230965,0.8536839074018026,0.7523381837223192,0.005546421201445611,0.27392422585291093,0.0,0.08130978042673496,0.003932962861669336,0.026523395568650233,0.005788530330144633,6.610696135189607e-05,0.20535153449753063,0.02716740102557795,6.610696135189607e-05,6.610696135189607e-05,0.8766910453306996,0.05518081340740975,0.48459899080739555,0.9879158102516049,0.5796772796979567,0.4917809073237849,0.5180141711398945,0.04796983143265639,0.13489198232427135,0.0,0.0,0.0,0.0,0.0
6.610696135189607e-05,0.016558913890740126,0.0069267698982989874,0.0003133669159003296,6.610696135189607e-05,0.9999649278725177,0.3050553497617703,0.01730522355128761,6.610696135189607e-05,0.9999354276741675,0.0,0.14528778786585178,0.0011319167536357384,0.1663204679301758,0.007908508990155204,0.3624609208458193,0.09585183212905338,0.14061588447727663,0.13595612973008847,0.18273877156075016,0.9944611890425927,0.5302055203948658,1.0,0.036462725971618766,0.6880162507507522,0.013269425746272582,0.00020640360553998615,0.011385763711561955,0.9999338930386481,0.17766394784748005,0.28818200906319813,0.285345151028338,0.35567858102290884,0.8594571451554731,0.30573555004509434,0.009731205658478242,0.17711741795310654,0.477135714580801,0.1188015988566985,0.6639113198947524,0.422824671315891,0.00983044054452327,0.064666222511095,0.0,0.19736441620928363,0.0,0.01381876443745597,0.297130931025049,0.2218310505082223,0.05416565378828413,0.034352475149477125,6.610696135189607e-05,0.009990119815738423,0.05823072233577338,6.610696135189607e-05,0.420330932827003,0.08385384238237117,0.06284345902522108,0.0,0.07687901812329577,0.02148959502685218,0.0,0.191608212270609,0.2997802740330785,0.8542134297253883,0.7525950059281549,0.0055388109574073235,0.27243006339585063,0.0,0.0808351948615151,0.00425908991528258,0.026513497057636247,0.005765985774492459,6.610696135189607e-05,0.20417482895371528,0.026601558163384727,6.610696135189607e-05,6.610696135189607e-05,0.881052778550543,0.05668901246215578,0.48613320306383284,0.989136877587886,0.5796830959934219,0.4934661814021917,0.5187374802974822,0.048628635705585295,0.1367791701737538,0.0,0.0,0.0,0.0,0.0
6.610696135189607e-05,0.016551150176551135,0.006930632551195096,0.0003133669159003296,6.610696135189607e-05,0.9999648063566151,0.30563138437996096,0.017314698197719885,6.610696135189607e-05,0.9999354130500353,0.0,0.1451606354000346,0.001224533003136222,0.1672828847470822,0.007981207706835252,0.3626275572702018,0.0967777852550331,0.14004911899472106,0.13561362074398578,0.18251264182357577,0.9944658831884694,0.5305915374954461,1.0,0.03657932065065054,0.6941059083695802,0.013129901997338617,0.0002133669137161116,0.011402866809508154,0.9999338930386481,0.17834555050587675,0.2894958516126801,0.2856155783761925,0.35411902208556906,0.8592293355469802,0.3056146376877229,0.008451809858493111,0.17577920271587555,0.4759682837108538,0.11774122365621939,0.6625251387227372,0.4215770347716111,0.00964610939154957,0.06463725364610325,0.0,0.19827851011712275,0.0,0.013757792793035004,0.2962831613794874,0.2209250291216362,0.054058597622216015,0.03434579540579517,6.610696135189607e-05,0.011011029371051327,0.057961893783145216,6.610696135189607e-05,0.42157608168839267,0.0826450112281611,0.06155901655791499,0.0,0.07710202278024719,0.02093427971103016,0.0,0.19141196020316045,0.2998182317079473,0.8547402698644646,0.752850104530321,0.005534116811530569,0.2711299523874312,0.0,0.08037134689209888,0.004625083469840354,0.02649883635419079,0.005743931182690011,6.610696135189607e-05,0.2029572764691997,0.02603579146485844,6.610696135189607e-05,6.610696135189607e-05,0.8850424870454401,0.05812565322485868,0.48766571035432754,0.9903236571383707,0.5798358897567951,0.49511622887128076,0.5196312190735788,0.04928511581906921,0.13855561452572046,0.0,0.0,0.0,0.0,0.0
6.610696135189607e-05,0.016543959850686834,0.006933876533789506,0.0003133669159003296,6.610696135189607e-05,0.9999646831292216,0.3061518347447354,0.017324577130225796,6.610696135189607e-05,0.9999353988627652,0.0,0.14501201558701177,0.0013236950625925155,0.1680971928884818,0.008055228260671366,0.36267409678945084,0.09765418429396201,0.13953035366715058,0.135262276818029,0.1822802690346052,0.994468435125406,0.5309535296039576,1.0,0.03666563161498284,0.7001161407471748,0.01296502646821512,0.0002419308040469519,0.011421064214917738,0.9999338930386481,0.1790815111532324,0.2907377335222042,0.28570366290487614,0.352606237581184,0.8589296896625778,0.30542714106100416,0.007191567381789942,0.17441240238621988,0.47483552051642863,0.11661016196209563,0.6611922568713907,0.420342973926242,0.00947748628071609,0.06461393908476237,0.0,0.1990410019559197,0.0,0.01369662623891146,0.29546348271692896,0.22004679426478058,0.05394571623468334,0.03433397137682855,6.610696135189607e-05,0.011999846327571086,0.05773878227092075,6.610696135189607e-05,0.42276969240652995,0.08157500778774071,0.0603500692155442,0.0,0.07732743256676557,0.020385284752328182,0.0,0.19122549957580273,0.2999103248972518,0.855260236901255,0.7531057918806324,0.005531564874594089,0.2700054684401228,0.0,0.07990382873846094,0.004991665401376458,0.026479695784883774,0.00572133568330598,6.610696135189607e-05,0.20174170463447266,0.025445768148522306,6.610696135189607e-05,6.610696135189607e-05,0.8888365982735603,0.059495302549681515,0.4892107741364398,0.9914847375556175,0.5801629721585329,0.4967239664705719,0.5207157412484535,0.04992805925884459,0.1402163475093556,0.0,0.0,0.0,0.0,0.0
6.610696135189607e-05,0.016537343374528262,0.006936464140493131,0.0003133669159003296,6.610696135189607e-05,0.9999645844047504,0.30660864875478533,0.017333432715539766,6.610696135189607e-05,0.9999353855138524,0.0,0.14483245630284777,0.0014295270322053398,0.16876051500058709,0.008129857901323232,0.3625955903880164,0.09848265212992889,0.13905022888674545,0.1349036567352831,0.1820414006016917,0.9944693766296695,0.5312864598637619,1.0,0.03674869846644564,0.7060426717327231,0.012757828598756302,0.0002800335820725831,0.011440536886117533,0.9999338930386481,0.17983243495561785,0.29194474069564225,0.2854491474439826,0.35116433145332854,0.8586537428787641,0.3051904974814139,0.005991049844856027,0.17303782630438458,0.4737627607749398,0.11543252826610824,0.6599231997519878,0.41912210556426677,0.009323574736913528,0.06459685016330327,0.0,0.19968595901071065,0.0,0.0136411021968878,0.2946637434073518,0.21920421836232593,0.05380552532901476,0.034319893566660764,6.610696135189607e-05,0.012977432039653397,0.05758982072912078,6.610696135189607e-05,0.4239072999426749,0.08053443182977373,0.05921003909671197,0.0,0.07755982302047036,0.019841936828053772,0.0,0.19103342963433775,0.3000354481199361,0.8557727685278034,0.753361749235005,0.005530623370330492,0.26902758112552755,0.0,0.07944294475111167,0.005355431501064814,0.02645887819528516,0.00569599674861329,6.610696135189607e-05,0.20057082466643855,0.024860476761832243,6.610696135189607e-05,6.610696135189607e-05,0.8924757467890023,0.06081182529146218,0.49076700711902627,0.9925794231229387,0.580641835674558,0.4982654444956833,0.5219718813458754,0.05056071848374562,0.14179221742905163,0.0,0.0,0.0,0.0,0.0
6.610696135189607e-05,0.016531401588371034,0.0069383521845360055,0.0003133669159003296,6.610696135189607e-05,0.9999645014785834,0.3070178055443518,0.017341415712182767,6.610696135189607e-05,0.999935372337411,0.0,0.14461964446549197,0.0015422341343807775,0.16927968525402454,0.008205040637276754,0.3624022394330874,0.09926686485930225,0.13860023105812802,0.13453616458837925,0.18179368537886886,0.9944690103589736,0.5315913946723275,1.0,0.03682966973377018,0.7118917934495532,0.01251530069293291,0.00031731833704716164,0.011461443000360597,0.9999338930386481,0.18059803441699848,0.2931777755376535,0.2849885034148903,0.34978490863479494,0.8584193842468387,0.3049159824192504,0.004882367421376616,0.1716702795936629,0.47274533451916173,0.11423226690418918,0.6587086588714783,0.4179097235282996,0.009182666757074546,0.06458360465030073,0.0,0.2002292898668132,0.0,0.013556076036800166,0.29388101189068594,0.21838859132169017,0.053641920311320195,0.034304806844354996,6.610696135189607e-05,0.013953588283612182,0.05750580563635488,6.610696135189607e-05,0.4250270973752635,0.07949079358017086,0.058139878848504745,0.0,0.07780253636780564,0.019307702335749757,0.0,0.19084203871988803,0.3001972227033444,0.8562811686545462,0.7536227099708304,0.00553098964102639,0.26817931546085927,0.0,0.0789947768136451,0.005716641824642891,0.026436641502641293,0.005669475018120584,6.610696135189607e-05,0.19945125197332841,0.02429804077431315,6.610696135189607e-05,6.610696135189607e-05,0.8958838812783237,0.062089822172990396,0.4923244942667529,0.9935753984442426,0.5812474987845069,0.49974192250781185,0.5233654936627234,0.05118243754933136,0.14329282271022797,0.0,0.0,0.0,0.0,0.0
6.610696135189607e-05,0.016525420329328556,0.006939473648540062,0.0003133669159003296,6.610696135189607e-05,0.9999644183385981,0.3073857371771327,0.017347798817603458,6.610696135189607e-05,0.9999353594192922,0.0,0.14437419774292534,0.0016619774801959596,0.16966382483404543,0.008280783978595172,0.362104946304273,0.1000093290878213,0.13817215019163107,0.13415659173052716,0.1815323891662729,0.9944670323330524,0.5318647665327152,1.0,0.036884864715944585,0.7176455507596333,0.01224235282250632,0.0003462061764689574,0.011483393314153042,0.9999338930386481,0.18138043157411282,0.2943958980745768,0.28449145583273316,0.34849321726372134,0.858204458974653,0.3046063116021293,0.0038872743504561992,0.17031339606920198,0.4717610546102792,0.11302067217949424,0.6575463312150831,0.4167055881687861,0.009054613887732292,0.06457811356668296,0.0,0.20068797312608264,0.0,0.013495867522624189,0.29311184446324473,0.21758249705004826,0.053462983601303755,0.034288216594727236,6.610696135189607e-05,0.014923715833089088,0.05746214998669913,6.610696135189607e-05,0.42609191491602033,0.07844889971974109,0.05713560991405161,0.0,0.07805200472734848,0.018781616364570878,0.0,0.1906474721983821,0.3003913800271972,0.8567887943817405,0.7538894972670441,0.005532967666947521,0.2674472603412022,0.0,0.07856356856218515,0.006085589622637089,0.026415396518429536,0.005644190094128444,6.610696135189607e-05,0.19831466639320683,0.02377541250186975,6.610696135189607e-05,6.610696135189607e-05,0.8990576267824484,0.06334664130560591,0.49388388074089373,0.9944507481693479,0.581970774369404,0.5011765450465548,0.5248743815162328,0.05179686749871347,0.14473088161238565,0.0,0.0,0.0,0.0,0.0
6.610696135189607e-05,0.016519357884498757,0.00694011465366748,0.0003133669159003296,6.610696135189607e-05,0.9999643640389942,0.3077345731073257,0.01735390395132335,6.610696135189607e-05,0.9999353465815116,0.0,0.14410052418453934,0.0017889958552591084,0.16992882136116857,0.008357373637894407,0.3617249863661307,0.10071219024191481,0.13776240645661705,0.13376570917935002,0.18125893724320655,0.9944640765341958,0.5321098315682244,1.0,0.03695851376807828,0.723303981617556,0.011943019900214995,0.0003843964978714122,0.01150597642060637,0.9999338930386481,0.18217759781983944,0.2955491957732454,0.2840812817069838,0.3472398999106088,0.8579640772511126,0.304254971135103,0.003015986528537387,0.16895753079220013,0.470764673401905,0.11178454659526145,0.6564186643589152,0.41550731051972195,0.008937628841625104,0.06457187639351586,0.0,0.2010752868181459,0.0,0.013447175920809231,0.2923665146458814,0.21678854652333768,0.05328832361451996,0.03426983705851593,6.610696135189607e-05,0.015886924547826163,0.057428553008313156,6.610696135189607e-05,0.4271078423529227,0.07744722617320784,0.05619231101509996,0.0,0.0783067407070956,0.01826772713835784,0.0,0.19046378338391526,0.30061667443338896,0.8572966619790249,0.7541691863632776,0.005535923465804222,0.2668148816136296,0.0,0.07814900497373423,0.006432231132456462,0.026394448325748537,0.005621446169054528,6.610696135189607e-05,0.1972934620938163,0.023297555474799767,6.610696135189607e-05,6.610696135189607e-05,0.9020604326380459,0.06458869657567959,0.49545219366525767,0.9951950176162035,0.5828069071395356,0.5026102258218428,0.5264904670386079,0.05240536201525482,0.14611360859027206,0.0,0.0,0.0,0.0,0.0
6.610696135189607e-05,0.016514041490664016,0.006940389460459168,0.0003133669159003296,6.610696135189607e-05,0.9999643134298508,0.3080579152216626,0.01735988526084351,6.610696135189607e-05,0.9999353337932659,0.0,0.14379720920718284,0.001923664394669375,0.17008197114502213,0.008433895187803034,0.3612708224423506,0.10137596295128037,0.13736530421819165,0.1333675461012223,0.1809774086227689,0.9944605366627779,0.5323339076281608,1.0,0.037031735588454955,0.7288910298415833,0.011618059059987617,0.00041977051943239426,0.01152824353200684,0.9999338930386481,0.18298011768527883,0.29672158461870846,0.28361192404000934,0.34602698979527136,0.8577440606788471,0.30389761137009413,0.002282057589742798,0.16764065612931037,0.4698222194864341,0.1105732940827288,0.6553287271086682,0.41432971698124743,0.00883047730133306,0.06456199748670483,0.0,0.20139686267044432,0.0,0.013398408235383106,0.2916478004056127,0.21601995013427622,0.05310897374795874,0.03425027241872852,6.610696135189607e-05,0.016846111395338967,0.05742603160929278,6.610696135189607e-05,0.4280777946781057,0.07644891042680747,0.05530936393212111,0.0,0.07857360538992153,0.01776514354964008,0.0,0.19029400656764595,0.3008718377739927,0.8578019765974446,0.7544605938905263,0.005539463337222121,0.2662692297013948,0.0,0.07771303066042673,0.006789560302082141,0.02637290101736686,0.005597814619706555,6.610696135189607e-05,0.19626745773081222,0.022870459884562606,6.610696135189607e-05,6.610696135189607e-05,0.9049890354867612,0.06580702889434538,0.49699581549060196,0.9957942780155878,0.5837037673357459,0.5039787417761228,0.5281558834749206,0.05300130337240555,0.14743314102656824,0.0,0.0,0.0,0.0,0.0
6.610696135189607e-05,0.016508867064886038,0.006940255236488993,0.0003133669159003296,6.610696135189607e-05,0.9999642654939588,0.30836955138511424,0.01736546762770567,6.610696135189607e-05,0.9999353211451902,0.0,0.1434624665805126,0.002065916728040108,0.1701273846860337,0.008510019500276434,0.360735010686798,0.1020036401089865,0.13697743854113584,0.13296450348194136,0.1806898891421179,0.994456568899454,0.5325395470615106,1.0,0.03710668766540381,0.734403039354401,0.011269381031718298,0.0004531038537848225,0.01158410185152359,0.9999338930386481,0.18380011470537677,0.2978644260035744,0.28294971316859147,0.3448349673045472,0.8575196955768027,0.30350853408762724,0.0016790322414203486,0.1663300802647832,0.4688918873744479,0.10935444647354474,0.6542669072862825,0.4131662609665467,0.00873240047836212,0.06454791924827188,0.0,0.20166148052927985,0.0,0.013347627188189777,0.290954331018051,0.21526897970970807,0.05292871717377396,0.03423045548806756,6.610696135189607e-05,0.01780156147648462,0.05744154143561884,6.610696135189607e-05,0.4290106162751434,0.07546677935452951,0.054480704045453826,0.0,0.07884119891210767,0.017274717143950586,0.0,0.19014101915361,0.3011492104016025,0.8583030960396965,0.7547621916096102,0.005543431100545967,0.26579897240920963,0.0,0.07730977541763864,0.007134075358646315,0.026348429873413834,0.0055751634646661555,6.610696135189607e-05,0.19525339507605766,0.02248441626583803,6.610696135189607e-05,6.610696135189607e-05,0.9077108629758552,0.06701352506866774,0.49854829528640643,0.9962550510305396,0.5847013361370755,0.505323375981325,0.5299105428396573,0.05358843345112103,0.14870709009071512,0.0,0.0,0.0,0.0,0.0
6.610696135189607e-05,0.01650419386098013,0.00693984490064053,0.0003133669159003296,6.610696135189607e-05,0.9999642273336391,0.3086611190345388,0.017370623812291947,6.610696135189607e-05,0.9999353086924849,0.0,0.1431026702632612,0.002216253529484025,0.17007991047528737,0.00858577153371708,0.3601415312749636,0.10259815391523663,0.1365991955835608,0.13255823098167951,0.18039753125418384,0.9944521969006098,0.5327292813897959,1.0,0.037181711957293744,0.7398561292091392,0.010900462116530457,0.0005197090077335285,0.01161810220319128,0.9999338930386481,0.18463323492292966,0.2988552509510437,0.2823403330908315,0.34367713336922767,0.8572873019252151,0.30311079175683964,0.0012012956517582756,0.16505623859117258,0.46798377631041904,0.10814896582185546,0.6532542168689156,0.4120254984077305,0.008642869990657944,0.06453117298681194,0.0,0.20187328168198115,0.0,0.013296426733752614,0.29028241111193775,0.21453615507772025,0.05275216126068196,0.03419999188407513,6.610696135189607e-05,0.018745450189796415,0.05747061174334477,6.610696135189607e-05,0.42990701280280513,0.07450672943536304,0.053697493172674575,0.0,0.07910204677153505,0.016797388278312383,0.0,0.18998175583995208,0.3014431866297265,0.8587988990276625,0.7550712957590042,0.005547803099390224,0.26539743692822293,0.0,0.07692732661876234,0.007449921429821243,0.026324358354298343,0.005553955498630088,6.610696135189607e-05,0.19434592750259586,0.022147591586843464,6.610696135189607e-05,6.610696135189607e-05,0.9102880315966463,0.06820596863942181,0.5000890448072246,0.9965824508187577,0.5857618041620051,0.5066330638775515,0.5317095029031809,0.05416587337589572,0.1499321193789822,0.0,0.0,0.0,0.0,0.0
6.610696135189607e-05,0.016497871334128226,0.006939082477639306,0.0003133669159003296,6.610696135189607e-05,0.9999641921326986,0.3089243892646412,0.01737539715215912,6.610696135189607e-05,0.9999353041618636,0.0,0.14271818157325886,0.0023751799352795876,0.1699474961519692,0.008660687048831495,0.35950059474186785,0.10316263373411282,0.13622750377799014,0.1321485739675229,0.1800998169849051,0.9944475057492081,0.5329016945234113,1.0,0.03725579619215872,0.7452492561777669,0.010486267354355889,0.0005815276117347836,0.011645151420933144,0.9999338930386481,0.18549320166299268,0.2998766823046573,0.28143284304882443,0.3425671332705772,0.8571721734694844,0.3027208755173605,0.0008372203146764671,0.1638339894552132,0.46717667209483243,0.10699051164185445,0.6522849592964878,0.41090997309239863,0.008561232793284357,0.06451306985704401,0.0,0.20204329551008174,0.0,0.013246217795659883,0.2895858046574776,0.21383607530781376,0.05255077655536276,0.03417475150290973,6.610696135189607e-05,0.019701333939518065,0.05756677531477604,6.610696135189607e-05,0.43078235537146714,0.0734490668750276,0.05296242833837492,0.0,0.07937008036323848,0.016329142549972465,0.0,0.18982201784980704,0.3017534190888184,0.8592901932391928,0.7553871131580508,0.005552494250791844,0.265055009966507,0.0,0.07656059822211714,0.007736207055697179,0.02630098719298798,0.0055303001835484535,6.610696135189607e-05,0.1935144986188734,0.021870774251482324,6.610696135189607e-05,6.610696135189607e-05,0.912767457836389,0.06937875965548804,0.5015985145710058,0.9967875997500439,0.5868484340295791,0.5078334983063636,0.5335088936162777,0.054730389119592354,0.15110910404079275,0.0,0.0,0.0,0.0,0.0
6.610696135189607e-05,0.016490359798243242,0.006937672197985376,0.0003133669159003296,6.610696135189607e-05,0.9999641644516559,0.3091703411757449,0.01737931643535357,6.610696135189607e-05,0.999935303495415,0.0,0.1423087335396304,0.0025431903353627027,0.16973678974947726,0.008735054852455085,0.35881810428169353,0.1036974044155804,0.1358558889418367,0.1317299485744117,0.17979025505174068,0.9944421480250856,0.533048338619424,1.0,0.037326921791356556,0.7506003276891516,0.010073453060314196,0.0006442935684898567,0.011670072344775972,0.9999338930386481,0.18635427523502732,0.3008535122350291,0.2804773009793933,0.3414767708107093,0.8571241159391221,0.30234748092910113,0.0005694787979514714,0.1626767210157626,0.46642895487977193,0.1059027559127567,0.6513486419473252,0.4098244015439445,0.008487215069207221,0.06449747023901539,0.0,0.20218608357649073,0.0,0.013196114239959039,0.28892772733080946,0.21314537243753998,0.0523408066747843,0.03415449189431917,6.610696135189607e-05,0.020663536129449354,0.057692095274671645,6.610696135189607e-05,0.43161848911800654,0.07233292804511714,0.05227748021924991,0.0,0.079646588979,0.015872950424486908,0.0,0.189671593193466,0.30208405033607566,0.8597828363563811,0.755712274709244,0.005557851974914458,0.26476557780408533,0.0,0.0762070023193677,0.008014987540536606,0.02627641902678,0.005507880986678887,6.610696135189607e-05,0.1927059097442966,0.021647606004981862,6.610696135189607e-05,6.610696135189607e-05,0.9150947557799717,0.07054295601576081,0.5030663053120186,0.9968873308666858,0.5879399002557603,0.5089630398432862,0.5352791398055498,0.05528236044362842,0.1522356591781432,0.0,0.0,0.0,0.0,0.0
6.610696135189607e-05,0.016514434310189452,0.006936117384493217,0.0003133669159003296,6.610696135189607e-05,0.9999641355933152,0.3093831248485676,0.017382875923403478,6.610696135189607e-05,0.9999351791534423,0.0,0.14188027332248554,0.002720760510671895,0.16946100435002875,0.008809256600877276,0.35810715534868703,0.10420670707785895,0.13548741097049125,0.13130605329758413,0.17947308177501012,0.9944359636319234,0.5331737146402181,1.0,0.03739786288188487,0.7558921704739316,0.00962854087125901,0.0006998041012063046,0.011693712643951025,0.9999338930386481,0.18721973994627206,0.30185870767101497,0.2795602226214628,0.34042969540107315,0.8571256144237686,0.3019702730015546,0.0003781013915623635,0.16155816996012592,0.46571132341653304,0.10485927519040689,0.6504361493831389,0.408760687258627,0.00842003093353495,0.06448103962669789,0.0,0.20230481554725385,0.0,0.013155617496424845,0.2882914651403594,0.21246474969647652,0.05212797636284719,0.03413689036075742,6.610696135189607e-05,0.02162362929736232,0.05784107571511044,6.610696135189607e-05,0.43241378778317385,0.0711684025583224,0.051637250549830684,0.0,0.07992566495711594,0.015427981191978926,0.0,0.1895328649949488,0.30243132011458573,0.8602739157688809,0.756045878598292,0.005564036368076606,0.264521469812528,0.0,0.07586413571709485,0.00826210389795981,0.02628457402532185,0.005486740763428842,6.610696135189607e-05,0.19199051415322033,0.02136473732953534,6.610696135189607e-05,6.610696135189607e-05,0.9172394488076718,0.0717059830179089,0.5045122031261292,0.9969011380977657,0.5890551607327295,0.5100514387906108,0.5370335694609061,0.05582427854405343,0.15332058165629603,0.0,0.0,0.0,0.0,0.0
6.610696135189607e-05,0.016492826854525924,0.006933631570975367,0.0003133669159003296,6.610696135189607e-05,0.999964122385511,0.30956967755575027,0.01738841084145171,6.610696135189607e-05,0.9999352731149479,0.0,0.14144543367611223,0.0029082757970444887,0.16913638332962533,0.008882548123961572,0.35737885711808026,0.10469858174239274,0.13513052894294375,0.13089197477451683,0.1791742418472998,0.9944343607091766,0.5333683126502062,1.0,0.03746571468344841,0.7611167296180665,0.009164736846217164,0.000769600184617917,0.011716310068485593,0.9999338930386481,0.18806350423802157,0.3028232314138119,0.2786840235351713,0.33941665822239103,0.8571441924937543,0.3015944201750664,0.00024563275057093746,0.1604887247643479,0.46502978676925805,0.10386029738676965,0.6495312678477486,0.40771080599889786,0.008358431422521325,0.06445641834397949,0.0,0.2023525742176168,0.0,0.013102497651091142,0.2876629212324216,0.21178476121864995,0.05192275850816011,0.03412212332703282,6.610696135189607e-05,0.02259838656846085,0.058004039820977606,6.610696135189607e-05,0.4331812947567392,0.06998927665218528,0.05103428411810265,0.0,0.08020142847168324,0.014992390400260765,0.0,0.18941342117141682,0.3027783973914353,0.8607495938029618,0.7563693398087208,0.005565639290823453,0.26427911313217695,0.0,0.07553581554228772,0.008505849251784638,0.026274471504200744,0.005467447392263139,6.610696135189607e-05,0.1913063331875384,0.021186195185086982,6.610696135189607e-05,6.610696135189607e-05,0.919232102177451,0.07286653085406052,0.5059258620307188,0.9968460914523846,0.5901734634343436,0.5110952747065197,0.5387608454951501,0.056356729238441844,0.15438026766672314,0.0,0.0,0.0,0.0,0.0
6.610696135189607e-05,0.016510781445438116,0.00693204273286729,0.0003133669159003296,6.610696135189607e-05,0.9999640948089303,0.3097838690761353,0.01739182157808247,6.610696135189607e-05,0.9999351605519806,0.0,0.1409914670729034,0.0031066585407429088,0.16876069822652448,0.008955647191568265,0.35663145300118315,0.10516085557428581,0.13476489496553443,0.13046225617767745,0.17884830529448562,0.994428487549568,0.5334653382810784,1.0,0.03753279453992083,0.7663078415044857,0.008692241150906667,0.0008346855637687577,0.011737089700310522,0.9999338930386481,0.1889131906285465,0.3037334877182148,0.2776854275296526,0.33844207703834495,0.8572208986915033,0.30123187971062987,0.00015618971015315375,0.15946928380540804,0.4643899438187519,0.10292656433431041,0.648656580157886,0.4066978974867849,0.008303102798964459,0.064435691698762,0.0,0.2024254049745697,0.0,0.013054419605137696,0.28707627704626903,0.2111377269179634,0.05170699332141363,0.03410714121014082,6.610696135189607e-05,0.02357438945268409,0.05822376208809837,6.610696135189607e-05,0.43391163767876934,0.0687546709442355,0.050471527131746435,0.0,0.0804781808445422,0.0145653116144038,0.0,0.18930626662436867,0.3031373587964469,0.8612346410233581,0.7567160030067523,0.005571512450431972,0.2641092567443518,0.0,0.07522427054330176,0.00872087104169729,0.02625898886386654,0.005448162201620199,6.610696135189607e-05,0.19071322640901042,0.02107293127642017,6.610696135189607e-05,6.610696135189607e-05,0.9212245202010038,0.07402443036426123,0.5073051260847204,0.9967371517491039,0.5912918371235254,0.512089097375276,0.5404419826645065,0.056876297643459556,0.1553998487512338,0.0,0.0,0.0,0.0,0.0
6.610696135189607e-05,0.016484775524717804,0.006929777916690492,0.0003133669159003296,6.610696135189607e-05,0.9999640775028736,0.30997728082979686,0.017395299932806602,6.610696135189607e-05,0.9999352627218232,0.0,0.14053132448703867,0.0033159025156193045,0.1683445306188522,0.00902766076849876,0.35587621625374727,0.10560838274876734,0.1344106737315235,0.13004397061874207,0.17854015479099228,0.9944258881095027,0.5336218590508137,1.0,0.037597446907487626,0.7714183813771031,0.008207360447628029,0.000923349047600496,0.011757610188337245,0.9999338930386481,0.18979320565078298,0.30452941427559316,0.2766260304400148,0.33746945610266044,0.857326000428927,0.3008664090789579,9.744853958794273e-05,0.15849465543427912,0.46378178399974884,0.10203822032828304,0.6477859872462672,0.4056977402685379,0.008252662236435043,0.06441033797946283,0.0,0.20244191485153654,0.0,0.01300810319535326,0.28649649170390834,0.21049241719636588,0.051490333844772654,0.034095698356043834,6.610696135189607e-05,0.02455275445415786,0.058449456509463225,6.610696135189607e-05,0.4346031814656343,0.06749099663327021,0.04994458024296633,0.0,0.08075195731543895,0.014147985409754543,0.0,0.18921576139521326,0.30350042672304983,0.8617033671448229,0.7570495072295449,0.005574111890497292,0.26393622609764983,0.0,0.07491973593835906,0.008913914819758584,0.026238019434662817,0.0054301207124681505,6.610696135189607e-05,0.19017275304887227,0.021008840435550194,6.610696135189607e-05,6.610696135189607e-05,0.9231894797720415,0.07518300293780274,0.5086576861910371,0.9965866489447928,0.5924088566314297,0.5130425698219978,0.5420855634179698,0.057389868609752176,0.15639115927688876,0.0,0.0,0.0,0.0,0.0
6.610696135189607e-05,0.016499678230505455,0.006928264571424385,0.0003133669159003296,6.610696135189607e-05,0.9999640499047243,0.31018181760802827,0.017397613792956238,6.610696135189607e-05,0.9999351563489212,0.0,0.14004843707811634,0.003537159501400951,0.1678837032222667,0.009098877083571998,0.35511102965496744,0.10602484741479719,0.13404445229443201,0.1296118450575392,0.1782060345038039,0.9944185311636313,0.5336804715430703,1.0,0.037658705582232395,0.7765460664366797,0.007702596999634587,0.0010175435872452976,0.011755305074189057,0.9999338930386481,0.1906518327707028,0.3052741023784314,0.2754731673751238,0.33654356399133206,0.8575314669089259,0.3005363021491282,5.976490763698966e-05,0.1575892610087729,0.4632515379489691,0.10123920842212923,0.64695470978708,0.4047419051142138,0.0082073405408814,0.0643881886797412,0.0,0.20249364393271121,0.0,0.012963144131572903,0.28592645957424545,0.2098779865357546,0.051258994101979614,0.0340847890043655,6.610696135189607e-05,0.02553196224519608,0.05870892899023061,6.610696135189607e-05,0.435289326752449,0.06613391042984448,0.049455019523963924,0.0,0.08103310361014576,0.013738699731171247,0.0,0.1891301435217588,0.30387190362942423,0.8621808144015795,0.7574057768164548,0.005581468836368726,0.2638258845242186,0.0,0.07462699440286019,0.009126248680097654,0.026214936949683545,0.005410840148624774,6.610696135189607e-05,0.18957607769510926,0.020978009956704843,6.610696135189607e-05,6.610696135189607e-05,0.9250510591157595,0.07633462266122963,0.5099602412487916,0.9964030755909621,0.5934939321588147,0.5139108852362877,0.5436497619229034,0.057890299276363945,0.15734173896193,0.0,0.0,0.0,0.0,0.0
6.610696135189607e-05,0.01650336389984148,0.0069258245251003735,0.0003133669159003296,6.610696135189607e-05,0.999964033884452,0.3103526475014939,0.017400584965098526,6.610696135189607e-05,0.9999351377398578,0.0,0.13956862933067177,0.003770405337268718,0.16740152085563123,0.009170148621771474,0.35435644502547214,0.10643199327814097,0.13369412940410696,0.12918942471433206,0.1778879059157431,0.9944142597980766,0.5338003650319638,1.0,0.037721021993962614,0.7815869057379583,0.007162031908391321,0.0011028930744311667,0.011767933345796266,0.9999338930386481,0.19153582196330288,0.3060812907764894,0.2741700437907955,0.33564160534915377,0.8578118381214396,0.3001578443500091,3.5989915742613883e-05,0.15666836688346586,0.4627343504572541,0.10042502936899397,0.64611566906569,0.40378379008933063,0.008166160790097321,0.06436425045260652,0.0,0.20249867202856445,0.0,0.012920045864346993,0.28535753422884685,0.20926807141669085,0.05102131488000853,0.034084257476369284,6.610696135189607e-05,0.026526828077855343,0.05899977021018986,6.610696135189607e-05,0.4359336914649866,0.06469129111407769,0.049001338742704154,0.0,0.08130890600497054,0.013338595682652997,0.0,0.18906820494184795,0.30425247837980207,0.8626444144955706,0.7577478436316504,0.0055857402019234195,0.26370096293947176,0.0,0.07433402593586089,0.009285665427410899,0.026189119451189864,0.00539125528253873,6.610696135189607e-05,0.1891069241378278,0.020967939535639152,6.610696135189607e-05,6.610696135189607e-05,0.927039678125292,0.07749687076448272,0.5112721875766151,0.9961936047469887,0.5946212062559324,0.5147569052383215,0.545218525605534,0.05838413271432106,0.1582696021267604,0.0,0.0,0.0,0.0,0.0
6.610696135189607e-05,0.01650408493363249,0.006923510154614225,0.0003133669159003296,6.610696135189607e-05,0.9999640198100116,0.31051055824327456,0.017403704450622327,6.610696135189607e-05,0.9999351252782037,0.0,0.13907132169465874,0.004016094431917297,0.16688130404690824,0.00924001779798474,0.35359175838280293,0.10681665804918487,0.13333969474634563,0.128764722881222,0.17756635192821463,0.9944103794210252,0.5339117190126204,1.0,0.037778498845235,0.7866128449268669,0.006626023720415155,0.0011862412896422275,0.011784811995242072,0.9999338930386481,0.19239311875555434,0.30685097184437665,0.2728946449289822,0.3347619320190515,0.8581328221495721,0.2998157271189589,2.136862179090093e-05,0.15582182519591747,0.4622676878068404,0.09969370695877579,0.6452945653513373,0.40285462189688875,0.008129030487557953,0.06434148123235264,0.0,0.20249491181107293,0.0,0.012877456571266432,0.2847914532503173,0.20866691751491329,0.050787877117800036,0.034081859410898536,6.610696135189607e-05,0.027523663827281306,0.05929772074889745,6.610696135189607e-05,0.4365679661953568,0.06320389839318075,0.04858534482815316,0.0,0.08159290068395286,0.012948828867844946,0.0,0.18901981743443855,0.30464159011751474,0.86310624663122,0.7580921668394327,0.0055896205789748325,0.26359336917630666,0.0,0.07404870478348986,0.009436969407178543,0.026161614186969235,0.005373053394582195,6.610696135189607e-05,0.18863866411890098,0.020984617034111,6.610696135189607e-05,6.610696135189607e-05,0.9290068436662848,0.07866327945724715,0.5125276063582292,0.9959625369462918,0.5957039700732215,0.5155434655273299,0.5467145346584213,0.0588689591650393,0.1591640932392509,0.0,0.0,0.0,0.0,0.0
6.610696135189607e-05,0.016502431323805238,0.006921185215870804,0.0003133669159003296,6.610696135189607e-05,0.9999640072411522,0.3106724494073579,0.017406419660382623,6.610696135189607e-05,0.9999351171110491,0.0,0.13856344400095041,0.004274833851122656,0.16633470845824627,0.009309028633298326,0.35282977924915676,0.10718268281421513,0.13298478326333774,0.12833754981844211,0.1772403893566669,0.9944062876537879,0.5340088698904836,1.0,0.03783379385071312,0.7916160978852106,0.006088005946905897,0.0012857859460051265,0.011802670381976868,0.9999338930386481,0.1932390057069602,0.3075202136293672,0.2715963051220302,0.3338973906201233,0.8584764139292134,0.2994839322667414,1.2519771096010311e-05,0.15502446538099393,0.46181863204801993,0.09901930898822431,0.6444896017180757,0.4019521943857821,0.008095962811088885,0.06432144988661374,0.0,0.2024880019228463,0.0,0.012835698286566137,0.2842665235803048,0.20807501116369703,0.05055862371559119,0.03407777752561563,6.610696135189607e-05,0.028518212361360117,0.05959807655670447,6.610696135189607e-05,0.4371697978610774,0.06168703958264923,0.04820071942832201,0.0,0.08187303928523681,0.01256919678847982,0.0,0.18898063610616958,0.305033839764408,0.863566487370469,0.7584381607567193,0.0055937123462120875,0.2635031281866701,0.0,0.07376366005572997,0.009580773560130804,0.026132263694900057,0.005355844583559112,6.610696135189607e-05,0.18818808947334148,0.021023743010001025,6.610696135189607e-05,6.610696135189607e-05,0.9309921438858344,0.07983654648813737,0.5137519043039861,0.9957126463777813,0.596767786875523,0.5163031425302019,0.5481509117626189,0.05934707936153955,0.16002918258647217,0.0,0.0,0.0,0.0,0.0
6.610696135189607e-05,0.01649845797282924,0.006919034062288012,0.0003133669159003296,6.610696135189607e-05,0.99996399112863,0.31084137675727996,0.017409107160801317,6.610696135189607e-05,0.9999351132539331,0.0,0.13804601103330857,0.004547111971321201,0.1657662270241724,0.009377100828405037,0.3520730112593289,0.10753279399310425,0.13263209804546341,0.12791163312872705,0.17691377886574705,0.9944016245534468,0.5340936237888124,1.0,0.03788824293422699,0.796598032504118,0.005551398969522844,0.0013853480551666777,0.011820782257878887,0.9999338930386481,0.1940650870414183,0.3081563308208623,0.2701770927762119,0.33305447438759356,0.8588757663094774,0.29915263457653485,7.2434231199781355e-06,0.15426120310034933,0.46140732000242707,0.09838592557829011,0.643701517193561,0.4010689751898897,0.008066354357254182,0.06430277697007401,0.0,0.20247697920893215,0.0,0.012795243781094675,0.28376203819686846,0.20750477397739311,0.050325556789470316,0.03407462713646722,6.610696135189607e-05,0.029513747579934795,0.05992297763573735,6.610696135189607e-05,0.4377387356835576,0.060108525845333084,0.04784435520103028,0.0,0.08214702395530954,0.012198212926158497,0.0,0.18894610554628785,0.3054258398389237,0.8640220125140188,0.7587834441641789,0.005598375446553123,0.26342939700225537,0.0,0.07348822401508408,0.00971749352646633,0.026101542206034698,0.0053377571417855185,6.610696135189607e-05,0.1877366005072497,0.0210804716798504,6.610696135189607e-05,6.610696135189607e-05,0.932966368348876,0.08101570784518955,0.5149569991891264,0.9954456446055588,0.5978255459201687,0.5170173662430094,0.549541063162381,0.05981958326704699,0.16087308692572327,0.0,0.0,0.0,0.0,0.0
6.610696135189607e-05,0.016492539205450265,0.006916882556238076,0.0003133669159003296,6.610696135189607e-05,0.9999639753414796,0.3110183724043456,0.017411411648303756,6.610696135189607e-05,0.9999351130172138,0.0,0.13752095682913584,0.004833575679978662,0.16518100091700372,0.009444669195651706,0.35132682422969547,0.10786881039628242,0.13228234500713218,0.1274872027434157,0.17658643836897198,0.9943961568959808,0.534164632679548,1.0,0.03794101756742961,0.801556966255931,0.005019891927496521,0.0014941429777763002,0.0118390804655067,0.9999338930386481,0.19487210011451273,0.30872108636998397,0.2687021394337017,0.33222907375956245,0.8593140964334713,0.29882138233379407,4.141348351736738e-06,0.15352862845405932,0.46101840491241103,0.0977878618751601,0.6429275993329671,0.4002037018834591,0.008039852996987028,0.06428565357053631,0.0,0.20246409299681564,0.0,0.01275569065033354,0.2832502670972119,0.20694723414758792,0.05009223974283709,0.03407295542462953,6.610696135189607e-05,0.03051210345268503,0.06026283516546319,6.610696135189607e-05,0.43829697589789623,0.05848280917871488,0.04751550244616957,0.0,0.08241451111666843,0.011836598792177688,0.0,0.18891697723528833,0.3058189111877493,0.8644729442595972,0.7591279080604917,0.005603843104019148,0.2633712743236364,0.0,0.07321769068524808,0.009848147079384896,0.026069647810065297,0.005320047123010079,6.610696135189607e-05,0.18729565867693115,0.02114939577875333,6.610696135189607e-05,6.610696135189607e-05,0.9349316633025209,0.08220309438781381,0.5161421583909006,0.9951622829716696,0.5988758595122686,0.5177003270997595,0.5508853138951445,0.06028661303546219,0.1616950419216594,0.0,0.0,0.0,0.0,0.0
6.610696135189607e-05,0.016485313746255423,0.006914233449976195,0.0003133669159003296,6.610696135189607e-05,0.9999639613506544,0.3112007756891734,0.017412996636249498,6.610696135189607e-05,0.9999351161027762,0.0,0.13698897662862944,0.005134790822411487,0.1645819826608186,0.009511869679301994,0.35059232131379986,0.1081905512676093,0.1319343506738163,0.1270620537762067,0.17625580118104534,0.9943898063786033,0.5342208046925777,1.0,0.037992298693891445,0.8064996185958975,0.0044769276861889844,0.0015888209752753415,0.011857488217575334,0.9999338930386481,0.1956790095611707,0.3093168408178497,0.2672268055113009,0.331426480079693,0.8598023991095964,0.2984897640316064,2.341244375578285e-06,0.15282343252786976,0.46065790853570565,0.09721834427965852,0.6421737705631888,0.3993607672060519,0.008016581049500291,0.064273554048482,0.0,0.2024542179227847,0.0,0.012750041001849356,0.2827577764852167,0.20640550106923036,0.04985632917772658,0.03407285158208686,6.610696135189607e-05,0.0315129786778431,0.06062153007869353,6.610696135189607e-05,0.4387961918202636,0.0568000644229526,0.04721239060154153,0.0,0.08267541472953266,0.011483958392803167,0.0,0.18888837291977228,0.3062097461229795,0.8649213651742931,0.7594706447704727,0.0056101936213967364,0.26332497738463767,0.0,0.07295110726232291,0.009973536529585502,0.026036735903822605,0.005302092714245116,6.610696135189607e-05,0.1868640775433913,0.021229251599609457,6.610696135189607e-05,6.610696135189607e-05,0.9368947354822129,0.083397536467451,0.5173088687382226,0.9948628679332129,0.599919170081779,0.5183462633921893,0.5521893344065416,0.060747305249429645,0.16249513599715237,0.0,0.0,0.0,0.0,0.0
6.610696135189607e-05,0.01647756629413477,0.006911564074878416,0.0003133669159003296,6.610696135189607e-05,0.9999639635860913,0.3113986972646875,0.017414729988476266,6.610696135189607e-05,0.9999351202605204,0.0,0.13645079529336426,0.005451312690755135,0.16397177265219967,0.0095789105212971,0.34986835243810854,0.1085006078166468,0.1315897097459896,0.1266392659668612,0.17592654970722177,0.994383121318801,0.5342691805114914,1.0,0.03803219141768159,0.8114140621893836,0.00394327286457355,0.001694264601820109,0.011875645667966747,0.9999338930386481,0.1964600551871363,0.30983335980179505,0.2658461944281723,0.3306395091464771,0.8602913447795953,0.29815774000540124,1.3095072383914094e-06,0.15214503658080528,0.4602908005826811,0.09667466605123563,0.6414217766238961,0.3985348426288249,0.007995043731416858,0.06425707976037123,0.0,0.2024421672377834,0.0,0.012724360962482684,0.28229163642769584,0.20587679565046346,0.04966424298002875,0.034075012496874744,6.610696135189607e-05,0.03252682998091674,0.060901335814005364,6.610696135189607e-05,0.43927435646449353,0.05510891268903341,0.046935380889932904,0.0,0.08293285233702735,0.011143173473267645,0.0,0.18887716320649542,0.30660630503164904,0.865365690301722,0.759816370532407,0.005616878681199025,0.26328865225072523,0.0,0.07268536739459952,0.010094177761317769,0.02600207156130686,0.005285574410590316,6.610696135189607e-05,0.18642298669491153,0.021319569586386745,6.610696135189607e-05,6.610696135189607e-05,0.9388586865046482,0.08459974253137124,0.5184560838113016,0.9945473778020065,0.6009503384299677,0.5189871154227541,0.5534569815106559,0.061200452352961725,0.16326914259353642,0.0,0.0,0.0,0.0,0.0
6.610696135189607e-05,0.01646862798580246,0.006908819618017608,0.0003133669159003296,6.610696135189607e-05,0.9999639590875,0.3115926671414685,0.017416069339749415,6.610696135189607e-05,0.9999351267014506,0.0,0.13590624983702215,0.005783572281742105,0.16335174181564646,0.009645440405549521,0.34915203101665737,0.10879945128653712,0.1312499726428088,0.12622379732695851,0.17560299025840057,0.9943759582547919,0.5343111341410391,1.0,0.03807475550472251,0.8163089511107539,0.0034348446129614067,0.0017865814442895188,0.011893474081885146,0.9999338930386481,0.19718855388432016,0.31034556395712837,0.2644663012010188,0.3298755860558437,0.8608019511908006,0.29782168597274244,7.2496498214095e-07,0.15148912935083717,0.4599388118395263,0.0961513800148694,0.6406859868417039,0.39773244129916036,0.007976480277522902,0.06424750257171669,0.0,0.2024367347167798,0.0,0.012693475825762352,0.2818411450306083,0.20536686251120514,0.04945941684546099,0.034077910701946906,6.610696135189607e-05,0.03353228452297666,0.06122287188677435,6.610696135189607e-05,0.4397369650878525,0.05338978380752257,0.046679863909070314,0.0,0.08317811178517455,0.010812217061196151,0.0,0.18886459372616485,0.3069870121427095,0.8657997223955186,0.7601495071698827,0.005624041745208194,0.2632521311421811,0.0,0.07242635699759385,0.010191575904976108,0.02596740781624758,0.005268619217271237,6.610696135189607e-05,0.18605779054967767,0.021406775130336942,6.610696135189607e-05,6.610696135189607e-05,0.9408880143376311,0.08580826500167679,0.519592200281165,0.9942157027532758,0.6019810170483418,0.5196035306937281,0.5546965889684732,0.06164996814559421,0.1640305739153214,0.0,0.0,0.0,0.0,0.0
6.610696135189607e-05,0.016458824139333875,0.006906017506489386,0.0003133669159003296,6.610696135189607e-05,0.9999639487935851,0.31178542619325667,0.01741681422233583,6.610696135189607e-05,0.9999351349054377,0.0,0.13535272346036417,0.006132099150694118,0.162720728461341,0.009711172728205998,0.348443184039568,0.10908655586985426,0.13091181423490977,0.12581305127501607,0.17528210527985866,0.9943680528394333,0.5343446621844943,1.0,0.03811623025492488,0.8212178520929333,0.0029504302282456762,0.0018860453901965982,0.011910868336763537,0.9999338930386481,0.19787090816382438,0.3107744348165266,0.2631438192005739,0.3291230509784474,0.8613045172552076,0.29750331476273634,3.9791934578918977e-07,0.15087922597679518,0.4595986335906752,0.09567642200784111,0.6399605676326396,0.39695530137712487,0.007960746552972553,0.06424330924410622,0.0,0.20243460622266485,0.0,0.012660443490239504,0.28140708682375987,0.20486088366005395,0.04925501564428079,0.03408141459559113,6.610696135189607e-05,0.034524553011209644,0.06155378533839179,6.610696135189607e-05,0.4401903840418622,0.051675128143568026,0.04644611845889798,0.0,0.0834178753031941,0.010490927488025999,0.0,0.18885558228169308,0.30735664613876457,0.8662262021720114,0.7604745854760352,0.00563194716056665,0.2632207315928409,0.0,0.07217221811137402,0.010273641547467497,0.025932276431967886,0.005253300796564616,6.610696135189607e-05,0.18572302897015805,0.021510197881883675,6.610696135189607e-05,6.610696135189607e-05,0.9429354329087504,0.08702035460122438,0.5206978433180016,0.9938675029299601,0.6029821702586697,0.5201992661930928,0.5558803939525909,0.062097294215813045,0.1647762382492008,0.0,0.0,0.0,0.0,0.0
6.610696135189607e-05,0.016448105222072393,0.006903282155130373,0.0003133669159003296,6.610696135189607e-05,0.9999639356764366,0.3119798811483983,0.01741712875596354,6.610696135189607e-05,0.9999351448837281,0.0,0.1347921072708819,0.006497349057458684,0.1620819919355445,0.00977596819032842,0.347745355950415,0.1093633974025976,0.13057588008277757,0.12540685429872994,0.17496399762969805,0.9943593979847428,0.5343725889193484,1.0,0.03815718175399373,0.8261202405238429,0.0024744909172326208,0.001982932471993645,0.011927368709157794,0.9999338930386481,0.19852924644438993,0.3111782621900119,0.26182431412510404,0.32838703877649594,0.8618130217919183,0.2971992868717764,2.167845972193098e-07,0.15031246019188074,0.45928368048417684,0.09525163212306054,0.6392448663302353,0.3962024969794711,0.007947695241824182,0.06424386346066377,0.0,0.20243347294453987,0.0,0.01262703941360763,0.2809821400471787,0.20436438796911643,0.04904843495860398,0.034085138644734086,6.610696135189607e-05,0.0355057765411766,0.06189787009206125,6.610696135189607e-05,0.4406339890674063,0.04995417630385015,0.04623154259343222,0.0,0.083652515535458,0.010177890011856055,0.0,0.1888487211279049,0.30771459961971837,0.8666454504594459,0.7607921389096381,0.005640602015257126,0.2631939381361118,0.0,0.071923035608729,0.010355211985437856,0.025896360424188924,0.005238271169480753,6.610696135189607e-05,0.18538257350662912,0.021627960778537816,6.610696135189607e-05,6.610696135189607e-05,0.9449603443339378,0.08823280190423151,0.5217770632639095,0.9935024341579441,0.6039530323371167,0.5207624613136387,0.5570030119265245,0.06254301513926225,0.16550702331803296,0.0,0.0,0.0,0.0,0.0
6.610696135189607e-05,0.01643628787508909,0.006900597989561063,0.0003133669159003296,6.610696135189607e-05,0.9999639212176644,0.3121815063412785,0.017416968985558504,6.610696135189607e-05,0.9999351568304441,0.0,0.13422782088925092,0.006879858560469085,0.161440634148653,0.009840197561690307,0.34706326708074003,0.10963003800196275,0.13024342222812582,0.12500435308740163,0.17464781258815454,0.9943500110995911,0.5343943523818918,1.0,0.03819750032908756,0.8310147434229253,0.0020480468936143973,0.002069941296646235,0.01194379916525545,0.9999338930386481,0.199108934573465,0.31155203923534824,0.260545691699401,0.3276701693028478,0.8623173004447268,0.2968959793201795,1.1724485879874204e-07,0.14977048145026914,0.45897407614695657,0.0948563836709602,0.6385373622331867,0.3954701141888493,0.007937194071469096,0.0642484667300996,0.0,0.20243332574864062,0.0,0.012593749772656843,0.2805658461153824,0.20384140880720095,0.048842757440118734,0.03408882007490398,6.610696135189607e-05,0.036562099706043336,0.06224888364246136,6.610696135189607e-05,0.44107505047076967,0.04823642873129839,0.04603423920008757,0.0,0.08387882782847719,0.0098730618482669,0.0,0.1888456768332385,0.3080631114594545,0.8670584528411293,0.7611037206817458,0.005649988900408891,0.26317232186946765,0.0,0.07167791727066244,0.010437227452043401,0.025859661872661508,0.005223962806949313,6.610696135189607e-05,0.1850436069137785,0.02175891915681971,6.610696135189607e-05,6.610696135189607e-05,0.9469539939050073,0.0894462708239749,0.522841960590482,0.9931200241946722,0.6049100565726007,0.5213126644430862,0.5580803492482999,0.06298692293161205,0.16622335212357048,0.0,0.0,0.0,0.0,0.0
6.610696135189607e-05,0.016456642563914915,0.006898234087788622,0.0003133669159003296,6.610696135189607e-05,0.9999639018822336,0.31236290301835296,0.017416056755910552,6.610696135189607e-05,0.9999350430649776,0.0,0.13366102228370813,0.0072801234082854075,0.1607985000627445,0.009903958339661437,0.34639728231399264,0.10988577252770068,0.12991450750378195,0.12460122400142436,0.1743289232707309,0.994339847349557,0.5344086113412431,1.0,0.038236447045681146,0.8359017313454277,0.0016398013813450048,0.002154210748865836,0.011959754301871711,0.9999338930386481,0.19965558416227433,0.31189740487269063,0.2593637535767615,0.3269677887281905,0.8627978124668162,0.29658923617449967,6.29567191027601e-08,0.14924530189746768,0.4586529033823878,0.09447917349679709,0.6378343854899964,0.39475580776761615,0.007929179456670812,0.06425567252271597,0.0,0.20243411975879755,0.0,0.012560645441596905,0.2801542183636035,0.20332684094775086,0.04864262749051234,0.034092087458602226,6.610696135189607e-05,0.03758620094539326,0.06259125407189817,6.610696135189607e-05,0.4415126320870489,0.04654164682802448,0.04585271331355214,0.0,0.08409626240155062,0.009576475528602359,0.0,0.18885059651564012,0.30840372945642636,0.8674695965419048,0.7614154042065531,0.005660152650442906,0.2631572688999594,0.0,0.07143255262278113,0.01051914878109047,0.025822604876993477,0.005210931819081184,6.610696135189607e-05,0.1847140207780477,0.021897407870908336,6.610696135189607e-05,6.610696135189607e-05,0.9489402132630549,0.09066054070515928,0.5238970282282401,0.9927198136349955,0.6058599356382373,0.5218666627493485,0.5591235441892103,0.06342924546666277,0.1669259552721756,0.0,0.0,0.0,0.0,0.0
6.610696135189607e-05,0.016464366400605307,0.006895370495842077,0.0003133669159003296,6.610696135189607e-05,0.9999638916848509,0.3124930343171493,0.017416444823296993,6.610696135189607e-05,0.999935020875939,0.0,0.1330999263588849,0.007697132134273694,0.16015919577938964,0.009966277432415098,0.3457464495540124,0.11013770198619374,0.12959950139196064,0.12421131764995405,0.17403226591562085,0.9943343763587923,0.5345035687632884,1.0,0.03827607481840425,0.8407611704522516,0.0012839744820047066,0.002237376348793847,0.01197577755745015,0.9999338930386481,0.20012172766768738,0.31220365573658043,0.2582168406880484,0.32627602644205406,0.8632536582749902,0.29626198662819003,3.356686082596825e-08,0.14871929591565886,0.45832364957081656,0.0940875258809978,0.6371273115430122,0.3940464091460801,0.00792337571163514,0.06426118012674759,0.0,0.2023878803388925,0.0,0.01252875513412547,0.27972800456740526,0.20281465154679204,0.04845004822339005,0.03409616312711804,6.610696135189607e-05,0.03858559514210698,0.06293101239239236,6.610696135189607e-05,0.44193631054114335,0.04487382485526567,0.0456830077694901,0.0,0.08430124639944175,0.009287607815078269,0.0,0.18886181341227903,0.3087304957463318,0.8678653066384108,0.7617065539576316,0.0056656236412076875,0.2631085508978191,0.0,0.07119302933682115,0.010593047012184218,0.0257842431886897,0.005198526520858192,6.610696135189607e-05,0.1844061425665304,0.022044652350327307,6.610696135189607e-05,6.610696135189607e-05,0.9508984526407219,0.09187251686974406,0.524955079243435,0.9923028342988655,0.6068202619055099,0.5224224651816901,0.5601660245649898,0.06387317305851513,0.16762359371562754,0.0,0.0,0.0,0.0,0.0
6.610696135189607e-05,0.016467339702783183,0.006892827591782463,0.0003133669159003296,6.610696135189607e-05,0.999963883479869,0.31261531663014114,0.017417205718924116,6.610696135189607e-05,0.999935007911481,0.0,0.13253722543378976,0.008131501817189005,0.15951853805560068,0.010027018240270361,0.3451070285505328,0.11037721675375171,0.12928701440856927,0.12382273345479573,0.1737372124199209,0.9943302828757601,0.5345969617524736,1.0,0.03831368389693204,0.8456309133222109,0.0009572704573362386,0.0023335986293529626,0.011990918290204721,0.9999338930386481,0.20054273524523245,0.3124145214498248,0.2570505896143285,0.32559373788952184,0.8636918875574071,0.2959436261634699,1.7781535113356104e-08,0.14821463560524403,0.45800353307370445,0.09370995125662164,0.636432734379075,0.39336143286728925,0.007920175932383458,0.06426878819099249,0.0,0.20234118693341166,0.0,0.01249743990613243,0.2793208534489176,0.2023170463079545,0.04826155608646009,0.03410006645500506,6.610696135189607e-05,0.039558673482957676,0.06326781980374616,6.610696135189607e-05,0.4423494457113176,0.043233680491889144,0.04552642518143228,0.0,0.08450207015752417,0.009006403518998233,0.0,0.18887609081861398,0.3090472764535944,0.8682570906128209,0.7619939993890866,0.005669717124239908,0.2630618513141148,0.0,0.0709602986879203,0.010662439758894457,0.02574566275070733,0.005186625952121867,6.610696135189607e-05,0.18411730453854397,0.022201711386251217,6.610696135189607e-05,6.610696135189607e-05,0.9528298417686332,0.09307443195070376,0.525992723221308,0.9918684804012758,0.6077647561816312,0.522963045167027,0.5611830201928456,0.06431395804855929,0.16830427627054717,0.0,0.0,0.0,0.0,0.0
6.610696135189607e-05,0.016467043480079633,0.0068905300764585745,0.0003133669159003296,6.610696135189607e-05,0.9999638728816725,0.31273997693168615,0.017418144235362674,6.610696135189607e-05,0.9999350009507854,0.0,0.131973899159881,0.00858368680702104,0.158878696769584,0.010086405594049408,0.3444811761737695,0.1106069541456932,0.12897912297300618,0.12343775403831014,0.17344463987417266,0.9943264249232586,0.5346796782822283,1.0,0.038350306452973916,0.8505082098284088,0.0006998040991996424,0.0024144111500685604,0.012005916052295187,0.9999338930386481,0.2008583647241219,0.3126053267452826,0.2558543839436026,0.32493111331708147,0.8641305655446544,0.2956299491480751,0.0,0.14772799167131537,0.45770528229691376,0.09334933075461539,0.6357509242763613,0.3926967003958633,0.007919425934661627,0.06427921709806009,0.0,0.2023006020851141,0.0,0.012466957406119116,0.2789266946397328,0.20183716853856978,0.04807147446722876,0.03410429781258986,6.610696135189607e-05,0.04051120859710186,0.06360955538420478,6.610696135189607e-05,0.4427512851890108,0.041603014853101805,0.04538210649914279,0.0,0.0846995681333048,0.008732089535025233,0.0,0.18889024082250683,0.3093530914758901,0.8686428200270282,0.7622761430277673,0.005673575076741386,0.26301971963265763,0.0,0.07073272079407567,0.010739119798834504,0.025706830078589593,0.005174243901663196,6.610696135189607e-05,0.18381200013661642,0.022367651153108115,6.610696135189607e-05,6.610696135189607e-05,0.9547064298153576,0.0942664196022438,0.5270140451929011,0.991416313192979,0.6086937434257959,0.5234762225740117,0.5621694930716152,0.06475188075543879,0.16897108515524056,0.0,0.0,0.0,0.0,0.0
6.610696135189607e-05,0.016463802687518254,0.006888312693481187,0.0003133669159003296,6.610696135189607e-05,0.9999638611007735,0.31287928701756945,0.017419063327898218,6.610696135189607e-05,0.9999349991141944,0.0,0.13141223488319356,0.009054168025792078,0.1582427645690939,0.010145085755353826,0.34387024651353115,0.11082938178105223,0.12867772446916415,0.12305696906119197,0.17315446883544952,0.9943222097274105,0.5347494504527689,1.0,0.03838557961627509,0.8553803876744435,0.0005017991476828624,0.002474314098706253,0.012021142916330062,0.9999338930386481,0.20108661201453087,0.31280727661080066,0.2547937981157531,0.32428987176753066,0.864539407893074,0.29530911800154463,0.0,0.14724588401232322,0.45738771674214707,0.09299155899841029,0.6350739427106059,0.3920465716547118,0.007921004916499925,0.06429096900550915,0.0,0.20226661193434942,0.0,0.012437135988101308,0.27854612208803586,0.20136519717865214,0.0478906321765392,0.03410850242766671,6.610696135189607e-05,0.04144301780920608,0.06393290352841782,6.610696135189607e-05,0.4431453086864889,0.04000539028382258,0.04524891378212156,0.0,0.08488992204279307,0.008465247745975464,0.0,0.18890827937142535,0.30965076857522233,0.869022026022308,0.7625545621590413,0.005677790272589563,0.2629839376128818,0.0,0.07050945979070884,0.010808435503840983,0.02566741965541979,0.005163205137434195,6.610696135189607e-05,0.18350252126416167,0.022537374584150043,6.610696135189607e-05,6.610696135189607e-05,0.9566097441700494,0.09545520182310344,0.5280297333331403,0.9909458319742079,0.6096214293757898,0.5240019497565237,0.5631381944880586,0.06518839613691656,0.16962493530090175,0.0,0.0,0.0,0.0,0.0
6.610696135189607e-05,0.016458134701341845,0.00688616417231007,0.0003133669159003296,6.610696135189607e-05,0.9999638489938377,0.3130334694294721,0.01741982754579463,6.610696135189607e-05,0.9999350013581987,0.0,0.13085044854959224,0.009543425838728147,0.15760995705071973,0.010202739809973351,0.3432731730577199,0.11104391922566681,0.12838231417654297,0.12268157455496853,0.17286738895454976,0.994317330425861,0.5348062455159972,1.0,0.03841824213548881,0.8602456650659779,0.00033078357551941963,0.0025364146592195694,0.012035423207464197,0.9999338930386481,0.2012722667232768,0.31295766737762737,0.2538736706697601,0.3236616377376556,0.8648975733239593,0.29499585408452567,0.0,0.1467831073679423,0.45704744775398964,0.09265294626208534,0.6343990408511496,0.3914157072305974,0.007924977207664418,0.06430222311896891,0.0,0.2022388577208284,0.0,0.0124079371932091,0.2781811134749463,0.20089747975720604,0.04772374793128283,0.034111462072834164,6.610696135189607e-05,0.042347980598930926,0.06422626333368381,6.610696135189607e-05,0.4435346148151887,0.03846555194212463,0.045125773573016524,0.0,0.0850754614643228,0.008205950836205535,0.0,0.18893308774343295,0.30993949483433747,0.8693934482373671,0.7628303879264813,0.0056826695741389694,0.26295489676317435,0.0,0.07029063657970556,0.010872786401845694,0.025626922666848087,0.005154065329157409,6.610696135189607e-05,0.18323968476430247,0.02271107480086098,6.610696135189607e-05,6.610696135189607e-05,0.9585090929319313,0.09663687473391605,0.5290279237928656,0.9904565741612719,0.6105314741170151,0.5245438615998316,0.5640738806801947,0.06562395217975063,0.1702624837585222,0.0,0.0,0.0,0.0,0.0
6.610696135189607e-05,0.01645033971382202,0.0068841484233581746,0.0003133669159003296,6.610696135189607e-05,0.9999638344966002,0.31320018169569264,0.017420461079335287,6.610696135189607e-05,0.999935007191382,0.0,0.1302890304847638,0.010051811505384034,0.15698139347576082,0.01025898725157631,0.34269048416428216,0.11124983248779491,0.12809374882256916,0.12231330577593325,0.1725848171617439,0.994311667551909,0.5348523300024356,1.0,0.03844847873213867,0.8651078140370421,0.00021318476310090527,0.0026249455346334,0.012048135277293912,0.9999338930386481,0.2013798426565475,0.3129485840895082,0.2528842604953447,0.32303902413443425,0.8652187726333922,0.2946881957872855,0.0,0.14633839119590483,0.4567040775003494,0.09233403428625209,0.6337286313205548,0.390802608593283,0.007931379522927495,0.0643130157055231,0.0,0.20221699909797952,0.0,0.012381162331073654,0.277827387079478,0.2004405082587657,0.04756479373700034,0.03411337014173771,6.610696135189607e-05,0.04323007330363874,0.06450259555071677,6.610696135189607e-05,0.44391543715158543,0.03697603542522342,0.045011214037774784,0.0,0.08525662907143215,0.007953422799015028,0.0,0.18896266596894568,0.310216943032155,0.8697553147011393,0.763102167132733,0.0056883324480909905,0.26293067089958483,0.0,0.07007719098819265,0.010932489801897972,0.025586266404143545,0.005145338776772374,6.610696135189607e-05,0.18299559545030689,0.0228943500296757,6.610696135189607e-05,6.610696135189607e-05,0.9603690633464916,0.09780519194138441,0.530011559690176,0.989948188494616,0.6114235862569022,0.5250835124490593,0.5649754815494658,0.06605887022270468,0.17088669955199287,0.0,0.0,0.0,0.0,0.0
6.610696135189607e-05,0.016440970961878288,0.006882195289689661,0.0003133669159003296,6.610696135189607e-05,0.9999638209879491,0.3133721581593753,0.017421017075189484,6.610696135189607e-05,0.9999350158677226,0.0,0.12972814255813153,0.010579427069806673,0.15635735385896563,0.010313679497934616,0.342121104751264,0.11144699588297825,0.1278116803242474,0.12195266708808858,0.17230711674328367,0.9943051805419179,0.5348896976813019,1.0,0.0384776797735128,0.8699750962158295,0.00010696331036034352,0.0026920823439681037,0.012060446863400093,0.9999338930386481,0.20145977328080844,0.313003704624203,0.2518700235339384,0.32243239677695734,0.8655415281855241,0.29438482098158403,0.0,0.14590865915956475,0.4563970538697077,0.09203339942468454,0.6330716218561026,0.39020727310349973,0.007940125463888845,0.06432584714595119,0.0,0.20220252912241865,0.0,0.012356356647904628,0.27748180368098857,0.20000317957890396,0.04740291234408396,0.03411571594232563,6.610696135189607e-05,0.04409800436041366,0.0647873295823595,6.610696135189607e-05,0.44428227825048905,0.03550335507757833,0.044905407343069755,0.0,0.08543524036224642,0.0077068006926741565,0.0,0.188990556306984,0.31048219856077053,0.8701072074480226,0.7633670361107652,0.005694819458082182,0.26290777319627956,0.0,0.06986874990226974,0.010988181925996297,0.025545784938185174,0.005135125013757269,6.610696135189607e-05,0.1827612023908318,0.023087494561384137,6.610696135189607e-05,6.610696135189607e-05,0.9622133734970975,0.09895511673689761,0.5309816291172148,0.9894205729301934,0.6122987466192231,0.5255824659396836,0.5658454958240515,0.06649082595393518,0.17149884801148246,0.0,0.0,0.0,0.0,0.0
6.610696135189607e-05,0.016430105141920177,0.0068802116851556785,0.0003133669159003296,6.610696135189607e-05,0.9999638079513393,0.3135545065099658,0.01742127780885539,6.610696135189607e-05,0.999935027221036,0.0,0.12916752332546072,0.011126352942661214,0.1557375601835118,0.010367253860078775,0.34156308828204557,0.11163633547835926,0.12753505835132412,0.12159878188437451,0.17203343487387457,0.9942978500382533,0.5349181638479287,1.0,0.038504536930370044,0.8748382974375805,6.610696135189606e-05,0.0027515920981586385,0.012073098373378898,0.9999338930386481,0.20144522660305714,0.3130243905886662,0.2509413631418686,0.321840310488184,0.8658335116395707,0.2940870440846263,0.0,0.14549644616968146,0.4560816612851633,0.0917539457654212,0.6324193549852974,0.3896275016547928,0.007951090618400842,0.06433924410795801,0.0,0.20219378549323952,0.0,0.012332588129168981,0.2771492154476349,0.19957303081866437,0.047249157155412426,0.034118453098371436,6.610696135189607e-05,0.044963314962416755,0.0650565968731229,6.610696135189607e-05,0.44463766383936215,0.034072565349848545,0.04480883600982107,0.0,0.08561003946040588,0.007467087747638528,0.0,0.18902293553868924,0.31073978881006326,0.8704501274972246,0.7636273210181674,0.005702149961746686,0.26288805065883175,0.0,0.06966534174412424,0.011040340419089724,0.025504743828349698,0.005092924853150898,6.610696135189607e-05,0.18253444931481447,0.02328524008140402,6.610696135189607e-05,6.610696135189607e-05,0.9642941772389668,0.10009392301058075,0.531936596580092,0.9888736470573388,0.6131559541864009,0.5260839971071194,0.5666829659525333,0.06692137399765402,0.17209765118381992,0.0,0.0,0.0,0.0,0.0
6.610696135189607e-05,0.016417827413247873,0.0068782036097187445,0.0003133669159003296,6.610696135189607e-05,0.999963796275908,0.3137464402375248,0.01742143993084653,6.610696135189607e-05,0.9999350409867421,0.0,0.12860188520944593,0.011692174366323216,0.15511591421298665,0.01041923436345053,0.34100514118487785,0.11181661494188881,0.12726082298472385,0.1212519538068073,0.1717641672223331,0.9942897027315786,0.5349392262457103,1.0,0.038528474891976326,0.8796921322441279,6.610696135189607e-05,0.0028212801490315083,0.012084786497153523,0.9999338930386481,0.20137207377762906,0.31298937685218475,0.2499876646932265,0.3212593133074957,0.8660855754591229,0.29379314879619106,0.0,0.14509338647913084,0.45580379872247034,0.0914871414110638,0.6317677797937771,0.3890531322852834,0.007964349630817885,0.06435307103829924,0.0,0.20218998029740406,0.0,0.012310120836801613,0.27682640361306843,0.19914471088237862,0.04710843963460161,0.034120287958293194,6.610696135189607e-05,0.04581358892596008,0.06530050268396867,6.610696135189607e-05,0.4449873427082447,0.03269359401371354,0.04473074846908097,0.0,0.08577636353411199,0.007240774179576928,0.0,0.18906467754486497,0.31098133109884735,0.8707836965623748,0.7638827617393676,0.005710297268421377,0.2628707934568856,0.0,0.06945434590426526,0.011086657690163483,0.02545937442936465,0.0050772726297710485,6.610696135189607e-05,0.18229587614552653,0.02347596109329895,6.610696135189607e-05,6.610696135189607e-05,0.9662992248339483,0.10122083052716359,0.5328742175252821,0.9883078256336768,0.6140143357737705,0.5265361927345023,0.5675077174040585,0.06735092771946916,0.17270471363114545,0.0,0.0,0.0,0.0,0.0
6.610696135189607e-05,0.016404555689742792,0.006876342722146861,0.0003133669159003296,6.610696135189607e-05,0.9999637851029459,0.3139435065897438,0.01742118653044253,6.610696135189607e-05,0.9999350564531444,0.0,0.1280339036936802,0.012276962777741358,0.1544946943575267,0.010470106361120796,0.34045366300836727,0.1119876058114235,0.1269878775067227,0.12091248755946979,0.17149966721596716,0.9942808216155932,0.5349546806765008,1.0,0.03855203587976728,0.8845512932212877,6.610696135189607e-05,0.0028577540033431267,0.012096407435117335,0.9999338930386481,0.20128733241742863,0.31305382129651876,0.24917265417942358,0.3206950758930015,0.8663208404479005,0.2935038713005336,0.0,0.14471091053243376,0.4555191024308144,0.0912409782819098,0.6311266760180335,0.388499782795466,0.007979942852787511,0.06436844893084995,0.0,0.20219208201418987,0.0,0.012288663623362861,0.2765141193519428,0.19873059604195564,0.046968352011922836,0.0341221730894394,6.610696135189607e-05,0.04664296137210565,0.06554052774002588,6.610696135189607e-05,0.44532856072615534,0.03134954454867443,0.044662029696919174,0.0,0.0859407287217683,0.007021807940714862,0.0,0.1891068852234554,0.3112130453346235,0.8711075695877427,0.7641318838531829,0.005719178384406786,0.2628532373093094,0.0,0.06924959938815722,0.01112730298539607,0.025414394954613534,0.005066625643535353,6.610696135189607e-05,0.18207182145191936,0.023672031195956,6.610696135189607e-05,6.610696135189607e-05,0.9682557757731549,0.10232961500342508,0.533800195308867,0.9877230372222586,0.6148536663882712,0.5269889832673499,0.568305358709723,0.06777883294708754,0.17329929436318778,0.0,0.0,0.0,0.0,0.0
6.610696135189607e-05,0.016390006514246203,0.006874546963210073,0.0003133669159003296,6.610696135189607e-05,0.9999637728316348,0.3141520920880991,0.017420786659302242,6.610696135189607e-05,0.9999350741689443,0.0,0.1274651436926204,0.012880811665189229,0.15387677497210636,0.01051976225166274,0.3399124590015977,0.11215049032725397,0.1267182168016472,0.12058053916238577,0.17124019655674694,0.9942712502361563,0.5349644417320892,1.0,0.038572859912212556,0.8894061355297004,6.610696135189607e-05,0.002905537501957372,0.012107301379713184,0.9999338930386481,0.20119907127145806,0.3130590209294602,0.24850164918159331,0.3201351148488998,0.8665066369036205,0.29322339731629765,0.0,0.14435331334841334,0.45519419612116085,0.09102201153744946,0.6304853710792212,0.38796554407633427,0.007997789954808834,0.06438224798607617,0.0,0.2021967889127631,0.0,0.012267797600703699,0.27621501834079976,0.19832101180312983,0.04684095303116087,0.034123340319911634,6.610696135189607e-05,0.04744456890156242,0.06575331283302542,6.610696135189607e-05,0.4456668678679798,0.030069263420900508,0.04460045075065595,0.0,0.0861013780228192,0.006809735677024006,0.0,0.18915713206798684,0.3114396190347505,0.8714216708828054,0.7643775554571769,0.00572874976384376,0.26283876935514777,0.0,0.06905272484189577,0.01116380706049681,0.02540302812119797,0.005059486313422969,6.610696135189607e-05,0.18187433979973194,0.023776304505808095,6.610696135189607e-05,6.610696135189607e-05,0.9699881542259154,0.10342409967547891,0.534711008240426,0.9871191883348107,0.6156685336566612,0.5274763059501524,0.5690655294609529,0.06820700652553796,0.173876620087268,0.0,0.0,0.0,0.0,0.0
6.610696135189607e-05,0.016417152145913442,0.006872457670205094,0.0003133669159003296,6.610696135189607e-05,0.9999637561978972,0.31433373630225037,0.01742039175866628,6.610696135189607e-05,0.9999349294636533,0.0,0.1269033336466496,0.013505285120445232,0.1532741726719565,0.010568158724928247,0.3393929267006254,0.11230644751543685,0.1264546146846213,0.12025760631785913,0.17098716882814338,0.9942610499349046,0.5349699069083017,1.0,0.038593438953879435,0.8942561838933885,6.610696135189607e-05,0.0029565274558028044,0.012117038643639102,0.9999338930386481,0.20110637527096656,0.3130422129756693,0.24784051928922915,0.31958112286799234,0.8666702106855353,0.29295126302210267,0.0,0.14401555800117327,0.4548753444187537,0.09082488730734006,0.6298524064237553,0.3874515053963344,0.00801794385295127,0.06439551526746316,0.0,0.2022046145958891,0.0,0.012247984796315753,0.2759297624097102,0.19792198374211964,0.04671852740250201,0.03412391783840048,6.610696135189607e-05,0.04823081704317508,0.06595874870877853,6.610696135189607e-05,0.44599643135138156,0.028835611152288602,0.0445399449943362,0.0,0.0862521037544116,0.006601979031853029,0.0,0.18920927055658568,0.3116432154757781,0.8717244498291896,0.7646173159043934,0.005738950065095383,0.2628254784958091,0.0,0.06886957516095304,0.011198156404317077,0.025375350368103188,0.005086130805059805,6.610696135189607e-05,0.1817184269179343,0.023943765006183112,6.610696135189607e-05,6.610696135189607e-05,0.9713974101691092,0.1044941781621761,0.5356054583369116,0.9864947148795548,0.6164581655724587,0.527954517824465,0.5697821859920346,0.06863187550422226,0.1744506644432663,0.0,0.0,0.0,0.0,0.0
6.610696135189607e-05,0.016385678865880663,0.006869960906716734,0.0003133669159003296,6.610696135189607e-05,0.9999637549013737,0.31447740807011115,0.01742208995610431,6.610696135189607e-05,0.99993506686789,0.0,0.12636397129843255,0.014146890429132628,0.15269489289265642,0.010614509585004775,0.33890569075014626,0.11246640967766033,0.12621260562558867,0.11995836042081492,0.17076899227754452,0.9942572505533279,0.5350830670005722,1.0,0.038615180792487915,0.8990696509480256,6.610696135189607e-05,0.003005399239323856,0.012127290515015342,0.9999338930386481,0.20100598068434208,0.3130295485983011,0.2472482820136356,0.31902794905702725,0.8668185777080754,0.2926646884380125,0.0,0.14368599255135528,0.45451310266220535,0.09062243624615875,0.6292163271962565,0.38694778058529533,0.008039918540240333,0.0644037461830436,0.0,0.20215237309639147,0.0,0.012229510109898721,0.27562544702258374,0.19753142624909553,0.04659745179938839,0.03412678509062926,6.610696135189607e-05,0.048991345656769845,0.06617462669838772,6.610696135189607e-05,0.44630734704302705,0.02764029255865667,0.04447014726465308,0.0,0.0863958309931195,0.0063930914703049365,0.0,0.1892596711319779,0.3118399450136545,0.8720017210389447,0.7648272615394119,0.005742749446672038,0.2627645599030364,0.0,0.06870496844574954,0.011229305844932216,0.025345260331580608,0.005087135467889542,6.610696135189607e-05,0.18163199910012012,0.02415912973985658,6.610696135189607e-05,6.610696135189607e-05,0.9728065252993546,0.105541129733268,0.5365011929989019,0.9858531095708674,0.6172232835628688,0.528479296282485,0.570471873003695,0.06905759199410527,0.17499966877546164,0.0,0.0,0.0,0.0,0.0
6.610696135189607e-05,0.016410422676376782,0.006868710547224393,0.0003133669159003296,6.610696135189607e-05,0.9999637381434409,0.31464556342035305,0.017421971852313617,6.610696135189607e-05,0.9999349186540072,0.0,0.12582448302869217,0.01480892029532235,0.15212582658357404,0.010659050983054036,0.33843684321917655,0.1126073897812526,0.12596669495666088,0.1196517853792758,0.17052931761187423,0.9942484873147353,0.5350844392252833,1.0,0.038631271450967765,0.9039128912546762,6.610696135189607e-05,0.0030389533459965795,0.012136885429973326,0.9999338930386481,0.2009051594738995,0.313056836903235,0.24670747032929333,0.3184910550004582,0.866947067469448,0.2924097583346569,0.0,0.14338539451459037,0.4541804447364134,0.09046191184026801,0.6286055154164207,0.38647523250907956,0.008064559485644666,0.06441728413431737,0.0,0.20216271361312652,0.0,0.012210833963884076,0.2753683250143606,0.1971666990312491,0.04647835103746852,0.03412766987132756,6.610696135189607e-05,0.049723962276756656,0.0663759046965365,6.610696135189607e-05,0.44661878700109553,0.026486691535551343,0.04440539288275306,0.0,0.08654016550495969,0.0061884434638051974,0.0,0.1893124048322474,0.3120363005401727,0.8722836551350795,0.7650533982538085,0.005751512685264763,0.26275284716159025,0.0,0.06855022263399649,0.011259864302766799,0.02531395000777481,0.005083463522673291,6.610696135189607e-05,0.18155749797149612,0.024395454011035805,6.610696135189607e-05,6.610696135189607e-05,0.9742388143958522,0.10656624099500066,0.537360365753898,0.9851910797046777,0.6179486133968759,0.5289720608167274,0.5711012449405555,0.06947468997007925,0.1755217719940869,0.0,0.0,0.0,0.0,0.0
6.610696135189607e-05,0.016416053041746394,0.006866633132443822,0.0003133669159003296,6.610696135189607e-05,0.9999637323186614,0.3147554636935298,0.01742359455033205,6.610696135189607e-05,0.9999349094338541,0.0,0.1253039035297608,0.015486807793793663,0.15157599818410916,0.01070117515331897,0.33799179421516284,0.11275414741415613,0.12574503320064429,0.11937112530001896,0.17032615948557364,0.9942453631581031,0.5351917624228888,1.0,0.03864770063103686,0.9087053534615369,6.610696135189607e-05,0.0031056200151418616,0.01214646276928886,0.9999338930386481,0.20079917654590804,0.31299667997985614,0.24612136468877707,0.31794685715541965,0.8670361954817651,0.2921341695184016,0.0,0.14307784871208432,0.4538386602012455,0.09028795479558366,0.6279771657999393,0.3859882474452043,0.008090863175803858,0.06442427635510849,0.0,0.20211330834656752,0.0,0.012193957400754393,0.2750834872906029,0.19679684945026363,0.046371199942704194,0.034129805424648635,6.610696135189607e-05,0.05043736312691593,0.06656460043987633,6.610696135189607e-05,0.4469163967708446,0.025384903577135378,0.04434203302952041,0.0,0.08667207220027845,0.005989033507247965,0.0,0.189372318876975,0.31222230893571445,0.8725380115241772,0.7652495641593179,0.005754636841896954,0.2626949292305437,0.0,0.0683896428572079,0.011285678834744519,0.02527968257028222,0.0050796927074361195,6.610696135189607e-05,0.18150058267843383,0.02464514425709772,6.610696135189607e-05,6.610696135189607e-05,0.9757063340700732,0.10757890094109948,0.5382198939223172,0.9845131922062064,0.6186740809035282,0.5294711311381876,0.5717202509892535,0.06989636790892949,0.17604441041843696,0.0,0.0,0.0,0.0,0.0
6.610696135189607e-05,0.01641720453505978,0.006865026198539668,0.0003133669159003296,6.610696135189607e-05,0.9999637288630209,0.3148599400018891,0.01742549593952636,6.610696135189607e-05,0.9999349030673952,0.0,0.12478926198650897,0.016180586159352202,0.1510353586489805,0.010740532210934186,0.3375594914717914,0.11288916518513245,0.12552760840731972,0.11909661823604267,0.17012698512532404,0.9942432684930065,0.5352901516151614,1.0,0.03866356161098326,0.9135154356096907,6.610696135189607e-05,0.003155369279064094,0.01215616560188199,0.9999338930386481,0.2006883376584698,0.3129986865420814,0.24550165826640916,0.3174110694397244,0.8671259623242823,0.29186868798129173,0.0,0.14278218580010962,0.4535427945027791,0.09012406036691954,0.627369076434955,0.3855170922943979,0.008119523509795588,0.06443466083793674,0.0,0.20207188800942782,0.0,0.01217791031545083,0.2748172646875481,0.19645068555512243,0.046259947066854414,0.034132304423129034,6.610696135189607e-05,0.05113262523740147,0.06676137981093937,6.610696135189607e-05,0.4472015942513658,0.024307049036659877,0.04428343808913752,0.0,0.08680224411473324,0.005794483376154031,0.0,0.18942835924803816,0.3124010118930337,0.8727838582541617,0.7654383540367392,0.0057567315069935,0.2626379603754109,0.0,0.0682305377679178,0.011309519904434654,0.025244775872333727,0.005024998740641494,6.610696135189607e-05,0.18143410571502097,0.024904955886800622,6.610696135189607e-05,6.610696135189607e-05,0.9776183213028954,0.10856698863905777,0.5390586119430618,0.9838194138406477,0.6193802114361767,0.5299221899101327,0.5723164481612891,0.07031339913187444,0.17655428740524876,0.0,0.0,0.0,0.0,0.0
6.610696135189607e-05,0.01641617053123106,0.006863515792018843,0.0003133669159003296,6.610696135189607e-05,0.999963724144075,0.3149743599391099,0.017427683493021724,6.610696135189607e-05,0.9999348975916001,0.0,0.12427094457186774,0.016888915015465703,0.15049311410748442,0.01077743986573027,0.3371220003602296,0.11301439410349201,0.12531009644073937,0.11882949200522568,0.16993240098986226,0.9942411520268831,0.5353747188383119,1.0,0.03867751177050137,0.918330456786813,6.610696135189607e-05,0.003197721701508001,0.012166318785130699,0.9999338930386481,0.20057566631297127,0.3130680808653233,0.24487981241145204,0.3168845863048476,0.8671852531685428,0.29160821734099934,0.0,0.14248694332278444,0.4533181307673483,0.08996375322102788,0.6267633169554166,0.3850403755262337,0.008150347457020837,0.06444670082189502,0.0,0.2020394642727533,0.0,0.012162775944685695,0.2745626588059226,0.19610943116558818,0.046159765628125723,0.03413481270710448,6.610696135189607e-05,0.0518208024129168,0.06693571953119384,6.610696135189607e-05,0.4474805613835772,0.02327024614362292,0.04424568117463118,0.0,0.08692405122782441,0.005613210238090712,0.0,0.1894927244255288,0.3125638164974075,0.8730201605377534,0.7656208981882427,0.0057588479731168814,0.26258581688893473,0.0,0.06805235017908978,0.01132941553606755,0.025201784815467792,0.005024998740641494,6.610696135189607e-05,0.18130057480128764,0.02514771851436509,6.610696135189607e-05,6.610696135189607e-05,0.9793788216818962,0.10954450068783433,0.5398751569125017,0.9831110849845343,0.6200958913419067,0.5302912191288308,0.5729142464187424,0.0707295645155626,0.17708571153561942,0.0,0.0,0.0,0.0,0.0
6.610696135189607e-05,0.01641406504911638,0.006862256936919103,0.0003133669159003296,6.610696135189607e-05,0.9999637190023867,0.3150983482447546,0.017429466127602534,6.610696135189607e-05,0.9999348923289099,0.0,0.12375466817989125,0.017611903403063185,0.14995491396848862,0.010813139694351168,0.33669399041949594,0.11313164020420333,0.12509274059239392,0.11857042850129808,0.16974311107894968,0.9942387436420458,0.5354494276469832,1.0,0.03869228326059578,0.9231437751475077,6.610696135189607e-05,0.003233637294750004,0.012176512071456801,0.9999338930386481,0.20045674250089593,0.3131162674679746,0.24439922599405264,0.31636385463427175,0.8672240888107186,0.29135374367160854,0.0,0.14221491485188978,0.4530325631731729,0.08982420782426885,0.6261672586982863,0.3845869858679494,0.008183431523386544,0.06446020554304817,0.0,0.20201492861224432,0.0,0.012148158540092147,0.2743225864363531,0.19578127781239194,0.04606051712718493,0.034137381670897124,6.610696135189607e-05,0.0524832363560076,0.06710115434371088,6.610696135189607e-05,0.4477543491850155,0.022271079802210488,0.04421014607568851,0.0,0.08704672741062615,0.005436263611856856,0.0,0.1895551912104315,0.31272578975804605,0.8732461399753154,0.7657966833780022,0.005761256357954205,0.26253564374077254,0.0,0.06791694498494386,0.011381963271428779,0.025159654550582607,0.005024998740641494,6.610696135189607e-05,0.1810912014725374,0.02538886718456312,6.610696135189607e-05,6.610696135189607e-05,0.9807608808192825,0.11050483138707096,0.5406814420728118,0.9823880965969368,0.6207834437689954,0.5307180335206191,0.5734818017562353,0.07114590988707892,0.1775944837816106,0.0,0.0,0.0,0.0,0.0
6.610696135189607e-05,0.016410612438252637,0.0068612196580223545,0.0003133669159003296,6.610696135189607e-05,0.9999637168105328,0.3152414047297809,0.017431338413038157,6.610696135189607e-05,0.9999348874872206,0.0,0.12325758406525193,0.01835248911443044,0.14944243549945171,0.010848901717723182,0.33630773470445624,0.1132467384842412,0.12489044477620492,0.11832048683614788,0.16956036800351823,0.9942359612495602,0.5355178672826741,1.0,0.03870706003890892,0.9279384612516608,6.610696135189607e-05,0.003266660579993288,0.012186463338654708,0.9999338930386481,0.20034252652363332,0.3131682083002659,0.24398857116891978,0.31584854090074127,0.867234631511759,0.29106750792704106,0.0,0.14191681607695938,0.45269244543571696,0.08965169708046569,0.6255736550996718,0.3841353426148933,0.00821866234274307,0.06447387144407278,0.0,0.201994060512763,0.0,0.012133880994149963,0.27408674361542246,0.19546497151281772,0.045966748296834614,0.03413912585397834,6.610696135189607e-05,0.05312093312691208,0.06725512871903357,6.610696135189607e-05,0.4480240311551625,0.021313441421315853,0.04417615280288139,0.0,0.08715981934052766,0.005263982464952164,0.0,0.18962141999879456,0.31289557024071984,0.873460850821109,0.765965760552409,0.005764038750439813,0.2624880722045628,0.0,0.0677678063005513,0.011427462400178128,0.025122672532753253,0.005024998740641494,6.610696135189607e-05,0.18098076494857626,0.02562644575091206,6.610696135189607e-05,6.610696135189607e-05,0.9821607708712112,0.11145192706692524,0.5414987552048256,0.9816475108855696,0.6214809290830612,0.5311946703816077,0.5740405682150781,0.07155818641729256,0.1780786423681819,0.0,0.0,0.0,0.0,0.0
6.610696135189607e-05,0.016406778177509053,0.006860136491255183,0.0003133669159003296,6.610696135189607e-05,0.9999637083505012,0.31538831446937443,0.017433177915707705,6.610696135189607e-05,0.9999348828421156,0.0,0.12276833447320896,0.019108452391411214,0.1489421975251989,0.010882997485794325,0.33593569388581146,0.11335583519776107,0.1246971342061925,0.1180790488556158,0.1693832525212136,0.9942327658818085,0.5355794800278737,1.0,0.03872031237171263,0.9327232557726257,6.610696135189607e-05,0.003297995109824758,0.012196149145488467,0.9999338930386481,0.20022574444590951,0.313224670428665,0.24362228966946917,0.31533938542583645,0.8672213351814596,0.29077947522847297,0.0,0.1416174989542634,0.45234245438430076,0.08947214024862435,0.6249868971511231,0.38369026349783747,0.008256194914474643,0.06448830716906866,0.0,0.20197806110276467,0.0,0.012120068160542834,0.27386087707934875,0.1951574340968328,0.04586508800470477,0.034140198594419566,6.610696135189607e-05,0.05373004902014308,0.06742803585599663,6.610696135189607e-05,0.44829388180061863,0.020395677407030084,0.044144115178214295,0.0,0.08726936404702815,0.005095927384069779,0.0,0.1896884739468776,0.3130625693376361,0.8736647562299096,0.7661284403097177,0.005767234118191485,0.26244245886936174,0.0,0.06762042396911215,0.011467880869960164,0.025087058935576848,0.005024998740641494,6.610696135189607e-05,0.18085442654477724,0.02586572263461123,6.610696135189607e-05,6.610696135189607e-05,0.9836058215899647,0.1123829874115103,0.5423080751201037,0.9808915476085888,0.6221709394735097,0.5316786207458352,0.5745921658655643,0.0719687937042382,0.17855003295833402,0.0,0.0,0.0,0.0,0.0
6.610696135189607e-05,0.016402675792786203,0.006859064356316285,0.0003133669159003296,6.610696135189607e-05,0.9999637009072124,0.3155383782730779,0.01743483151287529,6.610696135189607e-05,0.9999348782868895,0.0,0.12228554001852458,0.01987949251385492,0.14845315857438948,0.010915195291594267,0.3355771323946946,0.11345842260144705,0.12451146207835953,0.11784527567602714,0.16921106325192514,0.9942291791206541,0.5356366635765928,1.0,0.03873264774278543,0.9374985254930546,6.610696135189607e-05,0.0033284079545387304,0.012205478023665344,0.9999338930386481,0.20010645036614094,0.3132825575386966,0.2432849124609807,0.3148354295905574,0.8671887259844886,0.2904986082272329,0.0,0.14132597385430884,0.45199745090845594,0.0892995174303775,0.6244058803298077,0.3832519787696349,0.008295783612742443,0.06450141785916573,0.0,0.20196310998825762,0.0,0.012106688557567902,0.2736410944768567,0.19485667796708953,0.04577180020960422,0.03414079659349101,6.610696135189607e-05,0.05431874676316211,0.0675807933399903,6.610696135189607e-05,0.4485600910782353,0.019515815979330234,0.044114271809258324,0.0,0.08737912687180616,0.004931901052059595,0.0,0.18975822157780434,0.3132285619833497,0.8738589407112305,0.7662875188889091,0.005770820879345832,0.2624002264351497,0.0,0.06747536211107313,0.011510098995656992,0.02505172010889001,0.005024998740641494,6.610696135189607e-05,0.1807474499339437,0.026104413341200023,6.610696135189607e-05,6.610696135189607e-05,0.9850199921774521,0.11329545803618117,0.5431015799449842,0.9801205074861451,0.6228417406994955,0.5321554527478901,0.5751233501749279,0.07237747549094098,0.17900799716865598,0.0,0.0,0.0,0.0,0.0
6.610696135189607e-05,0.01639835672202121,0.006858005083931778,0.0003133669159003296,6.610696135189607e-05,0.9999636928766272,0.3156906470253156,0.017436376626978705,6.610696135189607e-05,0.9999348738094553,0.0,0.12180968514776444,0.020664801777521676,0.14797536748294146,0.010945568579057912,0.3352304256333826,0.11355469392978283,0.12433324963697102,0.1176194439384706,0.1690442881844867,0.9942253160989575,0.5356911472566671,1.0,0.038744254816274096,0.9422615374420591,6.610696135189607e-05,0.0033578760356083918,0.012214653506368871,0.9999338930386481,0.19998575681261638,0.3133444616096161,0.24297197662874248,0.3143365759267273,0.8671370883658538,0.2902185543731147,0.0,0.14103678158074212,0.45165210921614124,0.08912847745349108,0.6238311082203573,0.38281942439987604,0.008337496992189834,0.06451376475693135,0.0,0.20194918079973392,0.0,0.012093810288526873,0.27342701028016464,0.19456501904605467,0.045684374973435755,0.03414105055739991,6.610696135189607e-05,0.05488786460859637,0.06771947305165496,6.610696135189607e-05,0.4488216923818656,0.018672347822540243,0.04408623542176651,0.0,0.08748679191152893,0.004771926960261486,0.0,0.18982958019724103,0.3133917785807801,0.8740430590693395,0.766441947058582,0.0057746839010425,0.26235967194359905,0.0,0.06733425817547442,0.011517313818946625,0.02501772125692852,0.005024998740641494,6.610696135189607e-05,0.1807324026985526,0.026344923461447192,6.610696135189607e-05,6.610696135189607e-05,0.98654181267201,0.11419056381160596,0.5438855250573543,0.9793351982224783,0.6235010590247876,0.5326303952445394,0.5756410969131264,0.07278461765261884,0.17945554738237293,0.0,0.0,0.0,0.0,0.0
6.610696135189607e-05,0.016394375701269927,0.006856877639257583,0.0003133669159003296,6.610696135189607e-05,0.9999636847462815,0.31583198320016515,0.017437911323186745,6.610696135189607e-05,0.9999348694497322,0.0,0.12133426158530242,0.021462237715189313,0.1475017234003994,0.010973020053451726,0.33488822793141193,0.11364225676030529,0.12415678723075342,0.11740159533486522,0.1688831167001983,0.994221256259274,0.5357436746185403,1.0,0.03875274581661619,0.9469858079245954,6.610696135189607e-05,0.0033863604229238623,0.012223269640432202,0.9999338930386481,0.19985915331300716,0.3134080300195476,0.24268461023019203,0.3138468200967779,0.8670790183607375,0.2899798756455555,0.0,0.14079625079764396,0.4513445462459555,0.0890141511741334,0.6232671572682744,0.38240592741121104,0.00838139953681195,0.06452586814722351,0.0,0.20193646548102162,0.0,0.012081265089391256,0.27322240262814157,0.1942817450726599,0.045601414189322835,0.03414100415340597,6.610696135189607e-05,0.055437737804125455,0.06784781688152314,6.610696135189607e-05,0.44907807412020284,0.017863172305778097,0.044061974371751376,0.0,0.08760182274392518,0.00461584642918651,0.0,0.1899006750314664,0.31354973920716894,0.8742170051283228,0.7665910151525782,0.0057787437407259765,0.2623198599004381,0.0,0.06719919528239844,0.011527888128239372,0.024983247869618638,0.0049916654073081605,6.610696135189607e-05,0.18069363884667708,0.026596635096184332,6.610696135189607e-05,6.610696135189607e-05,0.988292858125494,0.11505780933348445,0.5446238883973907,0.9785377622848107,0.6241002030580315,0.5330665872714063,0.5760976208944546,0.07318991093995394,0.1798875461508666,0.0,0.0,0.0,0.0,0.0
6.610696135189607e-05,0.016390246781033638,0.006855720519106359,0.0003133669159003296,6.610696135189607e-05,0.9999636791913116,0.31597415144402524,0.017439579722106045,6.610696135189607e-05,0.9999348651467217,0.0,0.12085944734077318,0.02227012597152709,0.14703225882010065,0.010997959890313777,0.33454820924915885,0.11372068444168922,0.12398164485768379,0.11719220021463364,0.16872829758684857,0.9942171118189777,0.5357960094050449,1.0,0.03876020584936711,0.9516920306775873,6.610696135189607e-05,0.0034162164911620352,0.01223162823593862,0.9999338930386481,0.19973039735926876,0.313494213361031,0.2423567110557038,0.3133628602362086,0.8670037974781339,0.28974969661694655,0.0,0.14056652713804085,0.45109587890182656,0.0889197160822623,0.6227085891786923,0.3819936776512796,0.008427430851869719,0.06453762370515144,0.0,0.20192370395135745,0.0,0.012069600303937588,0.273020637024726,0.19400467115344433,0.04552653292543873,0.03414055634022131,6.610696135189607e-05,0.05597749141716737,0.06795964620839329,6.610696135189607e-05,0.449329410043869,0.017090001835717107,0.04405020103548671,0.0,0.08771033796721787,0.004468010815159699,0.0,0.18997709138224325,0.31369541392973316,0.8743803689334967,0.766734078708,0.005782888181022365,0.2622802866435976,0.0,0.06708945178574995,0.011538081156830752,0.024944760713667795,0.004991025313422362,6.610696135189607e-05,0.18059901259723782,0.026839579777063017,6.610696135189607e-05,6.610696135189607e-05,0.9897018681592507,0.11590620068614894,0.5453406550067935,0.9777298740284729,0.6246908760746407,0.5334381503927,0.5765320746685788,0.07359363499737528,0.1803292635613034,0.0,0.0,0.0,0.0,0.0
6.610696135189607e-05,0.016386066783758854,0.0068547014203978835,0.0003133669159003296,6.610696135189607e-05,0.999963679735711,0.31611539760505525,0.01744086466387265,6.610696135189607e-05,0.9999348609813117,0.0,0.120398861734433,0.023090595349004935,0.14658232920317096,0.011022481796110031,0.33424235714139106,0.11379390707059313,0.12381331280807041,0.11699063219574307,0.16857919497588358,0.9942129408995624,0.5358477818758302,1.0,0.03876747332662467,0.9563503553107564,6.610696135189607e-05,0.00344378198389001,0.0122399924318476,0.9999338930386481,0.19960062040003052,0.3135654824865497,0.24208309087411867,0.3128860886322053,0.8669238417342718,0.28952384417370713,0.0,0.14035612543773518,0.45081923978779964,0.08884704346552348,0.6221621259390785,0.3815986507397287,0.00847571065619889,0.06455024542951678,0.0,0.20191264367305806,0.0,0.012058224026978398,0.2728249883522179,0.1937396761744133,0.04545165593686239,0.034140231725035435,6.610696135189607e-05,0.056498133430459944,0.06806660570950754,6.610696135189607e-05,0.44957547535523434,0.016348029418793427,0.04404120566790503,0.0,0.08781878738527658,0.004324277145321714,0.0,0.19005257687563737,0.3138460065500631,0.8745336571480581,0.7668705595945997,0.005787059100437636,0.26223957445111173,0.0,0.06697353468179523,0.011550107114234766,0.024910680915543472,0.004991665406804253,6.610696135189607e-05,0.18056467357588668,0.027089622301275162,6.610696135189607e-05,6.610696135189607e-05,0.9910447094884407,0.11672812884693477,0.5460360884239548,0.9769094046509951,0.6252427579738172,0.5338340012707686,0.5769105993930855,0.07399139011469101,0.18074202990213778,0.0,0.0,0.0,0.0,0.0
6.610696135189607e-05,0.016381779673252418,0.006853673287001803,0.0003133669159003296,6.610696135189607e-05,0.999963675180206,0.3162559179794033,0.017442325157019056,6.610696135189607e-05,0.9999348570153378,0.0,0.1199497368347071,0.02392153748638068,0.1461489784510619,0.01104572911444584,0.3339591525204403,0.11386119464583011,0.12365190521826104,0.11679664068269116,0.16843555343942393,0.9942087358319616,0.5358981526705642,1.0,0.038774064149545526,0.960948437113532,6.610696135189607e-05,0.0034703314198846363,0.012248104757038492,0.9999338930386481,0.19947099114182507,0.31363738658430773,0.2418414524288407,0.3124180590327618,0.8668337023203297,0.289296884417214,0.0,0.14015341756630406,0.4505304408972662,0.08878409302286197,0.621626378441352,0.38121450107930804,0.008526226214414583,0.0645637120735999,0.0,0.20190292930008286,0.0,0.01204727450471194,0.272635702591944,0.19348375276059307,0.04537975539879673,0.03413965831941065,6.610696135189607e-05,0.057001497667998426,0.06816845511228842,6.610696135189607e-05,0.4498162725536544,0.015636372661409305,0.04403330201276535,0.0,0.08792224596886275,0.0041841927331175794,0.0,0.19012683134216118,0.31399556525205996,0.8746771331028942,0.7670007344869761,0.005791264168038381,0.2621989180293529,0.0,0.06686222273485665,0.01156245240018701,0.024878376128230007,0.004991665406813747,6.610696135189607e-05,0.18054142946300733,0.027346091408941713,6.610696135189607e-05,6.610696135189607e-05,0.9923433425037972,0.11752992501826096,0.5467200767353136,0.9760784625136193,0.6257753580137713,0.5342396372551703,0.5772567544566978,0.07438559557065669,0.18113802845037094,0.0,0.0,0.0,0.0,0.0
6.610696135189607e-05,0.016344122244929312,0.006852656621858751,0.0003133669159003296,6.610696135189607e-05,0.9999636722736965,0.31642329418988924,0.017444037974049142,6.610696135189607e-05,0.9999349816282209,0.0,0.11951129105294717,0.02476204702670615,0.14573180739484312,0.011067467778405676,0.3336970154460166,0.11392195961870562,0.12349743647652141,0.11661012503739732,0.1682972847496412,0.9942045134426727,0.5359468325867881,1.0,0.038779640155387075,0.9654666016891468,6.610696135189607e-05,0.0034950728795646565,0.012256004530014493,0.9999338930386481,0.19934249579157604,0.31371658616334347,0.24162237202221876,0.3119612544156999,0.8667349702193609,0.2890717402860697,0.0,0.13995697748596475,0.45024268344174034,0.08872792416770368,0.6211023082264265,0.3808399406661742,0.008578972195688312,0.06457807587491163,0.0,0.20189454435235504,0.0,0.012036722666826491,0.2724524610351122,0.19323633365194728,0.045310688700596576,0.03413889121967241,6.610696135189607e-05,0.05748819502077435,0.06826480863925734,6.610696135189607e-05,0.4500517571584515,0.014953919033534172,0.044026766846034,0.0,0.08802064873069324,0.00404776350807894,0.0,0.19019983713508773,0.31414263882936994,0.8748109027669144,0.7671246393754472,0.0057954865573273525,0.2621586230608568,0.0,0.06675603402593443,0.011574966488481553,0.024847090612503144,0.004991665406813747,6.610696135189607e-05,0.18052518188456662,0.02760632388329296,6.610696135189607e-05,6.610696135189607e-05,0.9936027722383889,0.11831111074710503,0.5473902018149491,0.9752379529732939,0.6262905663884989,0.534642085271775,0.5775750603862798,0.07477589501978016,0.18151998402793448,0.0,0.0,0.0,0.0,0.0
6.610696135189607e-05,0.01632663248711109,0.006852207496908451,0.0003133669159003296,6.610696135189607e-05,0.9999636581731539,0.31664072856108066,0.017443862397390875,6.610696135189607e-05,0.999934983119639,0.0,0.11907565325295903,0.025615946813113008,0.1453278125962789,0.01108848931718036,0.3334548982797952,0.11396750584865926,0.12334011088379318,0.11642023042538703,0.16814270409104587,0.9941947931748716,0.5359058972676332,1.0,0.038782147109336036,0.969901660064646,6.610696135189607e-05,0.003518688140010696,0.012263056731226095,0.9999338930386481,0.19921752421967417,0.3137790885067165,0.24142390238715136,0.3115215921210191,0.8666297732110928,0.2888650845944968,0.0,0.13977846379518788,0.4499593481746734,0.08870073062205362,0.6206025186375356,0.3804878707828671,0.008634255656270967,0.06459708338016094,0.0,0.20193698982689393,0.0,0.012025870281062742,0.2722969309803428,0.1930041784302871,0.045242125660448024,0.0341363638278269,6.610696135189607e-05,0.05795494772304952,0.06834885808040589,6.610696135189607e-05,0.45029068028579355,0.014299868201074862,0.04402347426306565,0.0,0.08811850187217948,0.0039149589862389695,0.0,0.19027160987647243,0.3142907970334725,0.874945513918342,0.7672602125287932,0.005805206825128368,0.26215711290547294,0.0,0.0666568812567456,0.011589194824881945,0.024817253092153487,0.004991665406813747,6.610696135189607e-05,0.18051028807786093,0.027866098597545127,6.610696135189607e-05,6.610696135189607e-05,0.9948387394188364,0.11907035858783228,0.5480357878894786,0.974384053186887,0.6267752217363537,0.5350372035219073,0.5778443710981511,0.0751583656373328,0.18188122129986725,0.0,0.0,0.0,0.0,0.0
6.610696135189607e-05,0.0163481974200077,0.006851302204244572,0.0003133669159003296,6.610696135189607e-05,0.9999636431422199,0.3168192784504314,0.01744310690431338,6.610696135189607e-05,0.9999348528398325,0.0,0.11865129789462837,0.02648054896508958,0.14494205467941582,0.01110856889780231,0.3332364209855149,0.11400896239324947,0.12319275481402442,0.1162416820653488,0.16799817593161875,0.9941844153022992,0.5358814829868349,1.0,0.0387840875897933,0.9741873182176467,6.610696135189607e-05,0.0035415207755046113,0.01226993455324964,0.9999338930386481,0.19909367155260396,0.31385447587911125,0.24124240340948136,0.3110965266257708,0.866518237208093,0.2886536016389791,0.0,0.13960027345507559,0.4496770940816326,0.08867553185260646,0.6201093128362952,0.38013742437321574,0.008691526341785896,0.06461539697982209,0.0,0.20196991213805307,0.0,0.012015529522176913,0.2721310486059535,0.19277381768204402,0.045177214893983825,0.03413357618946957,6.610696135189607e-05,0.05840699241729684,0.06842712200183007,6.610696135189607e-05,0.45052542908759363,0.01367320262823619,0.04402139308798432,0.0,0.08821024418771144,0.003785649240687335,0.0,0.19034349331126965,0.3144355089623793,0.8750667915928653,0.7673864270885592,0.005815584697700877,0.26214860487511205,0.0,0.06656102795412065,0.011602865994986153,0.02478782654038954,0.004991665406813747,6.610696135189607e-05,0.18049972328045236,0.028124984476186828,6.610696135189607e-05,6.610696135189607e-05,0.9960466332459329,0.1198085601636709,0.5486737073784083,0.9735194510349104,0.6272474276777971,0.5354286877798778,0.5780880471618786,0.07553823145918574,0.18223431185038041,0.0,0.0,0.0,0.0,0.0
6.610696135189607e-05,0.01635248179115379,0.006849641304408562,0.0003133669159003296,6.610696135189607e-05,0.9999636441232426,0.3169254258627306,0.0174440587893774,6.610696135189607e-05,0.9999348449604495,0.0,0.11824503126369651,0.02734916545040467,0.1445756494003004,0.011126560855510304,0.333038558457276,0.11405006581519357,0.1230610256737073,0.11608182867674643,0.16788245252274228,0.9941800574119966,0.5359619198380988,1.0,0.03878686874749064,0.9783047732286427,6.610696135189607e-05,0.00356372300667433,0.012277352709576167,0.9999338930386481,0.19897228786069018,0.3139591591320055,0.24107192341830824,0.310682440931294,0.8664074782095021,0.2884297648573302,0.0,0.1394138534361164,0.44940406568679575,0.08862599449765965,0.6196205803715313,0.3797828188360195,0.008750615579744462,0.0646300929702931,0.0,0.20194351722250645,0.0,0.012006211603675624,0.2719420664563472,0.19254175407209698,0.04511753903363013,0.034132262802741516,6.610696135189607e-05,0.058847058164842744,0.06847397587623896,6.610696135189607e-05,0.45075546945247696,0.01307271087886388,0.044019166713732336,0.0,0.0882937342015784,0.0036598718360915735,0.0,0.19041334084328834,0.31457354075311883,0.8751675557435091,0.7674874545069647,0.005819942588003475,0.26209456293939476,0.0,0.06646736794515418,0.011614706789020449,0.024758671120417935,0.004991665406813747,6.610696135189607e-05,0.18049766648238516,0.028383951498316125,6.610696135189607e-05,6.610696135189607e-05,0.997214072362231,0.12051981091163402,0.549306037165241,0.9726508345495953,0.6277167629620047,0.5358095016216023,0.5783354470450645,0.07591601296998676,0.1825826147371544,0.0,0.0,0.0,0.0,0.0
6.610696135189607e-05,0.016352524775673272,0.006848363767806298,0.0003133669159003296,6.610696135189607e-05,0.9999636470450884,0.3170147046575681,0.017446513223642587,6.610696135189607e-05,0.999934839914305,0.0,0.11784821570477781,0.028222659701655155,0.1442229433962311,0.011142672838563556,0.3328562341136398,0.11407784473928685,0.12293016340043128,0.11592512011799413,0.16776831622669378,0.9941771881957236,0.5360344081601025,1.0,0.03878788689167574,0.9822239974735258,6.610696135189607e-05,0.0035849315942594632,0.012284296854829724,0.9999338930386481,0.19886211635140486,0.3140771017661572,0.24091197741558054,0.3102911079651337,0.8663024795420712,0.28821987222883827,0.0,0.13923734042177713,0.4491469644745886,0.08857726892528446,0.6191595568018584,0.3794466223003606,0.008812226049906379,0.0646467716952947,0.0,0.2019219906137476,0.0,0.011996971412336254,0.27176828933095465,0.1923219359974114,0.0450645180764353,0.03413035221837167,6.610696135189607e-05,0.05926779785874908,0.06852881129755771,6.610696135189607e-05,0.4509755507737722,0.012497402611874943,0.0440193886493483,0.0,0.08837645367236933,0.0035376691453352523,0.0,0.1904779988534789,0.3147109269409616,0.8752626538320994,0.7675849120780115,0.00582281180427636,0.26204360122614995,0.0,0.0663795095656093,0.01162695954794344,0.024730735010029734,0.004991665406813747,6.610696135189607e-05,0.18049849602111978,0.028606493660311667,6.610696135189607e-05,6.610696135189607e-05,0.9983810548071285,0.12120011784605386,0.5499125234170357,0.9717773402983448,0.6281632625096224,0.5361726935415126,0.5785664969610758,0.07628459960537583,0.1829122873582466,0.0,0.0,0.0,0.0,0.0
6.610696135189607e-05,0.016350856162113403,0.006847361784300906,0.0003133669159003296,6.610696135189607e-05,0.9999636474308844,0.3171021641105382,0.017448687774029994,6.610696135189607e-05,0.9999348358193089,0.0,0.117461669784149,0.02910159256206536,0.14388624210848763,0.011157307726078208,0.33269352518129786,0.11409353651852208,0.12280231550996674,0.1157738511172195,0.16765704229947878,0.9941747430678086,0.536093429601692,1.0,0.038787547572625904,0.9858770431530361,6.610696135189607e-05,0.0036048935183273343,0.012290848810054844,0.9999338930386481,0.1987643325678331,0.3141864890574843,0.24076410195616113,0.30992961358687887,0.8662065062935261,0.2880219879375713,0.0,0.13906860870771562,0.4489039372142908,0.08852819245522615,0.6187256627457144,0.3791268099273541,0.008876241522182042,0.06466545928847649,0.0,0.20190944208161157,0.0,0.011988053189756896,0.2716067802274389,0.1921465561545821,0.04501232891601753,0.03412873331645921,6.610696135189607e-05,0.05958446828777899,0.0685822506920896,6.610696135189607e-05,0.4511805481294112,0.011946286884472348,0.04402166043543771,0.0,0.08845690506186542,0.0034190222324373574,0.0,0.1905370678974187,0.3148441495997538,0.8753499073605985,0.7676774984120447,0.005825256932191427,0.2619971283166964,0.0,0.06626167255214213,0.01163956410583269,0.024704668116450893,0.004958332073480414,6.610696135189607e-05,0.18050332163787652,0.028835990037666525,6.610696135189607e-05,6.610696135189607e-05,0.9999570796250986,0.12184720682200162,0.550494681842842,0.9708984074379347,0.6285882441219314,0.5365197328271937,0.5787782823634761,0.07664373283834487,0.18322672496292539,0.0,0.0,0.0,0.0,0.0
6.610696135189607e-05,0.016348420970472625,0.006846078133226473,0.0003133669159003296,6.610696135189607e-05,0.9999636443162275,0.3171918455572672,0.017451015439221767,6.610696135189607e-05,0.9999348319998834,0.0,0.11706984527401211,0.02997986965092459,0.1435466008729748,0.011168971000795001,0.332512472589782,0.11409270332910898,0.12266818085618582,0.11563278236862728,0.167553401229476,0.9941723846265478,0.5361411538674339,1.0,0.038786637568881524,0.9891866611763993,6.610696135189607e-05,0.003626346995988618,0.012296738932270665,0.9999338930386481,0.198680597767942,0.314315664098892,0.24056350663766407,0.3096075756735273,0.8661146225990156,0.2878340991705265,0.0,0.13889715340476502,0.44873126497392135,0.0884706975050628,0.6183188253535169,0.37881673215885503,0.008942471712047175,0.06468548194612185,0.0,0.201904867571044,0.0,0.011979942504420414,0.27145958932673975,0.19197078132222256,0.044966388961000504,0.03412691686270409,6.610696135189607e-05,0.05990810882672497,0.06862855295948066,6.610696135189607e-05,0.45137421485608636,0.01141963339245662,0.04403440993301708,0.0,0.08852834122118053,0.003306870858676694,0.0,0.19059156366450192,0.31495529174333137,0.8754247459193255,0.7677611168244021,0.0058276153734522,0.26195397856152214,0.0,0.06615534554421972,0.011650579692201329,0.024671980152892455,0.004958332072491588,6.610696135189607e-05,0.1804148896585086,0.029044694861006092,6.610696135189607e-05,6.610696135189607e-05,0.9999352009919346,0.12246574400852778,0.5510616456224444,0.9700201303490754,0.6290279045010796,0.5367928931666069,0.5790168299051552,0.07699690765287223,0.18355979524162783,0.0,0.0,0.0,0.0,0.0
6.610696135189607e-05,0.016346455587556426,0.006845352346750319,0.0003133669159003296,6.610696135189607e-05,0.9999636527326541,0.31727610614157653,0.017452797333056005,6.610696135189607e-05,0.9999348295080669,0.0,0.11666342422538377,0.0308320464375438,0.14316994815284684,0.011175048357531445,0.33222922155327084,0.11406740867394626,0.12250991867395536,0.11550066329394146,0.1674554071258178,0.9941699807875369,0.5361790932073536,1.0,0.03879652405047624,0.992094241327305,6.610696135189607e-05,0.0036453680066499774,0.012301463598101333,0.9999338930386481,0.1986204729339252,0.3144015233243819,0.24038689403015254,0.3093510434858555,0.8660723694021728,0.2876805655479372,0.0,0.13875048773570903,0.4485869737936197,0.08841795783654668,0.6179717432742692,0.37855930259567633,0.00901074229402069,0.06470654105351928,0.0,0.20190723023993895,0.0,0.011973165768407852,0.27132614051950393,0.1918051989376667,0.04491922248004454,0.03412528693474157,6.610696135189607e-05,0.060216404626818515,0.06867438755223718,6.610696135189607e-05,0.45156177077939047,0.010913875636231309,0.044049522201840774,0.0,0.08860113754642557,0.003198064787188306,0.0,0.1906380973317183,0.31506419811546643,0.8754885944120379,0.767838051820663,0.005830019212463082,0.2619136765527076,0.0,0.0660985769495814,0.011672763879740972,0.024656430092911946,0.004958332072491588,6.610696135189607e-05,0.18049143176287522,0.029225155425607028,6.610696135189607e-05,6.610696135189607e-05,0.9999369086317501,0.12301375496159594,0.5516064880248382,0.9691679535624562,0.6294784265650186,0.5370399130616604,0.5793528206101826,0.07732275072006624,0.183866580614902,0.0,0.0,0.0,0.0,0.0
6.610696135189607e-05,0.01634394527265514,0.006844612618261716,0.0003133669159003296,6.610696135189607e-05,0.9999636482386753,0.31734964306754815,0.017454965747253314,6.610696135189607e-05,0.9999348272016979,0.0,0.11626803188661608,0.03167226757689365,0.14279805410370947,0.011179190604402573,0.3319396636437705,0.1140328240124981,0.12235283216052262,0.11537833789100509,0.1673641260072745,0.994167617679581,0.5362126518109164,1.0,0.0387991673622282,0.9944600879239693,6.610696135189607e-05,0.0036627833448750436,0.012305197128355759,0.9999338930386481,0.1985758837901886,0.31447524896343576,0.2402196785502213,0.3091533724630265,0.8660574702412371,0.28752441657319766,0.0,0.13860091288940743,0.4484319817238882,0.08834927521917313,0.6176628788259486,0.3783225717187641,0.0090807113815077,0.06472678862588668,0.0,0.20191204865584247,0.0,0.011964896308189768,0.27119561015977944,0.19164138182308685,0.044874047224309856,0.03412316157008678,6.610696135189607e-05,0.060509449589591265,0.0687202240995975,6.610696135189607e-05,0.45173985574500686,0.010429481398020269,0.04406466281804896,0.0,0.08866970656327643,0.0030923935081688014,0.0,0.19067776041539572,0.31516862392091377,0.8755409507274872,0.7679090853668388,0.005832382320418995,0.26187529953324123,0.0,0.06605123108670238,0.011697504104076457,0.02464699984757011,0.004958332072491588,6.610696135189607e-05,0.18058810451233626,0.029397173302555264,6.610696135189607e-05,6.610696135189607e-05,0.9999387727369907,0.12351304836074263,0.5521428887221373,0.9683277324231063,0.6299313264436066,0.5372964341635404,0.5797110611370564,0.07762653674615759,0.18415597219979957,0.0,0.0,0.0,0.0,0.0
6.610696135189607e-05,0.01634141436692762,0.006843894457864976,0.0003133669159003296,6.610696135189607e-05,0.9999636435404462,0.31741295926839314,0.017457186599403526,6.610696135189607e-05,0.9999348249854166,0.0,0.11588372828281251,0.03250275838405506,0.1424362085335451,0.011181306606563886,0.3316587069487691,0.11398330705761518,0.12219566992940427,0.11526213636542951,0.16727453898903233,0.9941651916206892,0.5362349025946943,1.0,0.03879623260954892,0.9962954447597813,6.610696135189607e-05,0.0036788794702553073,0.012308327461322752,0.9999338930386481,0.19854547506609302,0.314539677229165,0.24005519044294166,0.3090069917006174,0.8660755096075534,0.28737644217714586,0.0,0.13845218238006915,0.44828846809052963,0.08826919780549368,0.6174009933662891,0.3781095805736631,0.009152262562768071,0.0647466282193818,0.0,0.20192302157057795,0.0,0.011956381033707844,0.2710714799109548,0.19148345940166142,0.04483083765851332,0.03412052153631886,6.610696135189607e-05,0.060784218101073276,0.06876558118104656,6.610696135189607e-05,0.4519065500206852,0.009965559101437996,0.044079825191548946,0.0,0.08873522293313171,0.002989772067488412,0.0,0.19070810860396542,0.31526543058293255,0.8755856010718024,0.7679788327915859,0.005834808379310867,0.26184207583472774,0.0,0.06601034918638037,0.011724356647547347,0.02464056516479384,0.004958332072491588,6.610696135189607e-05,0.18068574455686726,0.029560980662694705,6.610696135189607e-05,6.610696135189607e-05,0.999940415307613,0.12395893129100852,0.5526600043484926,0.967497241615945,0.630376386153254,0.5375404532354181,0.5800720952457373,0.0779075909721303,0.18442931891400013,0.0,0.0,0.0,0.0,0.0
6.610696135189607e-05,0.01633891945224136,0.006843204130402399,0.0003133669159003296,6.610696135189607e-05,0.9999636393418508,0.31746706419454024,0.017459332391348475,6.610696135189607e-05,0.9999348228492178,0.0,0.11551041025314282,0.033324485246474946,0.14208689857822818,0.011181414827327226,0.3313930263921849,0.11391665386981606,0.12203731244065665,0.11515081608893037,0.16718519042049634,0.9941627200861001,0.536245402614092,1.0,0.038789101554078186,0.9976366591105572,6.610696135189607e-05,0.003693879766800578,0.012310867976786022,0.9999338930386481,0.19852912580789447,0.31459519570013544,0.23989213058398567,0.3089043802524051,0.8661289638725789,0.28724107213839295,0.0,0.13830672052915924,0.4481649875634227,0.08818082897253683,0.6171886543542217,0.3779220843247143,0.009225147920860481,0.06476582781091093,0.0,0.2019398742410762,0.0,0.01196649961381099,0.2709563407103178,0.19133656968124976,0.04479041297915873,0.03411776240695429,6.610696135189607e-05,0.061038936478627785,0.06881008277974417,6.610696135189607e-05,0.4520382320881227,0.009521338399642223,0.04409502278188729,0.0,0.08879828093017028,0.002890184081164092,0.0,0.19072856785304576,0.31535408503958373,0.8756240359902092,0.7680489817685927,0.005837279913899935,0.26181472314483184,0.0,0.0659744289411219,0.011752966474749693,0.024636023067339988,0.004958332072491588,6.610696135189607e-05,0.1807761126838373,0.029712849363701388,6.610696135189607e-05,6.610696135189607e-05,0.9999418863246541,0.1243496977277789,0.553153494826577,0.9666755147535251,0.6308080999624424,0.537763413528086,0.5804261446352783,0.07816612392291651,0.1846865181950454,0.0,0.0,0.0,0.0,0.0
6.610696135189607e-05,0.01633677080001751,0.006842600386126717,0.0003133669159003296,6.610696135189607e-05,0.9999636467800724,0.31751657083754486,0.017461814686387318,6.610696135189607e-05,0.9999348207860107,0.0,0.11514820413938441,0.034137926772097926,0.14175179630016152,0.011179606059163353,0.3311456274257369,0.11383363829171544,0.12187808147630046,0.1150454702458198,0.16709810518241353,0.9941605729724845,0.5362480987097548,1.0,0.038773769341114,0.998548971464802,6.610696135189607e-05,0.0037079628681499126,0.012312832250792148,0.9999338930386481,0.19852269380668316,0.31464112321569754,0.2397418345197345,0.30883679430247685,0.8662172965462728,0.2871202746924272,0.0,0.13816668745094712,0.448064002155822,0.08808613730181356,0.6170203748842475,0.3777599311457858,0.009298225084732149,0.06477972975901987,0.0,0.20196019598256093,0.0,0.011965136828934018,0.27085480043977683,0.19120553775371957,0.044753938881860134,0.03411536006369308,6.610696135189607e-05,0.06127688228434024,0.06885467873260041,6.610696135189607e-05,0.4521596298227864,0.009096418480245021,0.04411114183220196,0.0,0.08886127000980762,0.0027938811814535057,0.0,0.1907452016269524,0.3154383967095614,0.875656304669448,0.7681221650585667,0.0058394270275154555,0.2617917053076843,0.0,0.06594100555173815,0.011782966539959598,0.024632696568709717,0.004958332072491588,6.610696135189607e-05,0.1808524600219276,0.029846202247000686,6.610696135189607e-05,6.610696135189607e-05,0.9999432331684651,0.12468628497348218,0.5536203793359864,0.9658620732279021,0.6312202462390837,0.5379625106035612,0.5807682352724496,0.07840078519708454,0.18492359066835232,0.0,0.0,0.0,0.0,0.0
