0_primarytoI_spread,0_primarytoII_spread,0_primarytoIII_spread,0_primarytoIV_spread,0_primarytoV_spread,0_ItoII_spread,0_IItoIII_spread,0_IIItoIV_spread,0_IVtoV_spread,0_late_p,0_C01_coef,0_C02_coef,0_C03_coef,0_C04_coef,0_C05_coef,0_C06_coef,0_C09_coef,0_C10_coef,0_C12_coef,0_C13_coef,0_C32.0_coef,0_C32.1_coef,0_C32.2_coef,1_primarytoI_spread,1_primarytoII_spread,1_primarytoIII_spread,1_primarytoIV_spread,1_primarytoV_spread,1_ItoII_spread,1_IItoIII_spread,1_IIItoIV_spread,1_IVtoV_spread,1_late_p,1_C01_coef,1_C02_coef,1_C03_coef,1_C04_coef,1_C05_coef,1_C06_coef,1_C09_coef,1_C10_coef,1_C12_coef,1_C13_coef,1_C32.0_coef,1_C32.1_coef,1_C32.2_coef,2_primarytoI_spread,2_primarytoII_spread,2_primarytoIII_spread,2_primarytoIV_spread,2_primarytoV_spread,2_ItoII_spread,2_IItoIII_spread,2_IIItoIV_spread,2_IVtoV_spread,2_late_p,2_C01_coef,2_C02_coef,2_C03_coef,2_C04_coef,2_C05_coef,2_C06_coef,2_C09_coef,2_C10_coef,2_C12_coef,2_C13_coef,2_C32.0_coef,2_C32.1_coef,2_C32.2_coef,3_primarytoI_spread,3_primarytoII_spread,3_primarytoIII_spread,3_primarytoIV_spread,3_primarytoV_spread,3_ItoII_spread,3_IItoIII_spread,3_IIItoIV_spread,3_IVtoV_spread,3_late_p,3_C01_coef,3_C02_coef,3_C03_coef,3_C04_coef,3_C05_coef,3_C06_coef,3_C09_coef,3_C10_coef,3_C12_coef,3_C13_coef,3_C32.0_coef,3_C32.1_coef,3_C32.2_coef
0.0002064036055399,0.0175713364366845,0.0049916654068137,0.000926536644879,6.610696135189607e-05,6.610696135189607e-05,0.1428132646326737,0.0265412967396582,6.610696135189607e-05,0.9999372458761832,0.0,0.1599955418255731,0.0003430036327744,0.1307812781849878,0.0089100014433276,0.2895730896701437,0.0740372033708727,0.1878290816453437,0.1021098825197702,0.1778943782460072,0.9858742004498646,0.4761270578583069,1.0,0.0323164762883355,0.5352989603016167,0.0057053987840664,0.0022164478369987,0.0166499542890177,0.999933893038648,0.1667399871204791,0.2571394693485856,0.3042845081143296,0.3957265769554678,0.7629120540784773,0.2860893619139116,0.0548960989553,0.1584679092093436,0.4460575882291553,0.1378235316426379,0.7076026556550281,0.470343819454781,0.0195340697649563,0.0690300774016507,0.0,0.1201964905560499,0.0,0.0149284684451839,0.3351391089445794,0.2581744557840268,0.0751965234769756,0.0315137868026421,6.610696135189607e-05,6.610696135189607e-05,6.610696135189607e-05,0.0568179830560037,0.3738778798219803,0.2166285574868939,0.0944180993000866,0.0,0.0435850814842003,0.023399842449862,0.0,0.1775545494675418,0.2717651838517317,0.8783560477152733,0.753075544352342,0.0141256718385896,0.4036764515856431,0.0,0.082479141759443,0.0007331374358574,0.0162741682533196,0.0070041609934487,6.610696135189607e-05,0.2206486240209343,0.1317095102102511,0.0093515747403533,6.610696135189607e-05,0.6867190507487642,0.0204593884346287,0.4594969969604285,0.9447608974119256,0.6671657311214683,0.521632567877655,0.5726033786872183,0.0408055915065573,0.0700619150481435,0.0,0.0,1.2771154569363453e-07,0.0,0.0
0.00024263420786404865,0.018580887629767527,0.005637046337937036,0.0011529079558144813,6.610696135189607e-05,6.610696135189607e-05,0.15646074325145595,0.025192591703452408,6.610696135189607e-05,0.9999365688328993,0.0,0.17182715238846416,0.00041976540204627627,0.11686074231329799,0.008695017412488812,0.2819204193109494,0.0810641586845992,0.17000388513311618,0.10917564208272085,0.16595053180137734,0.9891324070605756,0.4838152344153764,1.0,0.036707605772313766,0.5178952377048512,0.00505833207446924,0.002905050202305247,0.018079724976217206,0.9999338930386481,0.16470832707983216,0.21244316606617572,0.5170210503837895,0.42485121402000536,0.7535154662926513,0.25721524419050457,0.09546351809937476,0.1684886624993471,0.41682644876789626,0.11264656350885165,0.6914735399767358,0.49110477352014204,0.01840803766056521,0.055493551260396755,0.0,0.11478328604119106,0.0,0.015481762885930013,0.33917609524314274,0.26142635847577905,0.07846109913738196,0.03788496031304391,0.3502429927650167,0.0037875631975897864,6.610696135189607e-05,0.07174707849525695,0.37045264170346565,0.22909886553851053,0.08453381277032034,0.0,0.03623672079221008,0.020960595497223473,0.0,0.18165558326855055,0.26800087209773515,0.872416320256714,0.7785559169382259,0.010867476916131671,0.4014014795434326,0.0,0.08134757958388872,0.0008252253108393738,0.012574684519888862,0.010935251974883877,6.610696135189607e-05,0.1944408186685612,0.14937664940478085,0.00013800731338721494,6.610696135189607e-05,0.7371994183268299,0.017385668168838235,0.486423790650711,0.9041167164985789,0.6784138743951449,0.5535179383223915,0.6054330171801989,0.04580671807011446,0.07089046924900665,0.0,0.0,1.1602329276164522e-07,0.0,0.0
0.00024670024824483645,0.01934101591085096,0.006015433943517365,0.0012195746234699742,6.610696135189607e-05,6.610696135189607e-05,0.15900146447150285,0.025241788816570566,6.610696135189607e-05,0.9999359387226223,0.0,0.17795199394506694,0.0004950198399984334,0.10752255044601033,0.008281158252129698,0.27834274667122577,0.08608412901772784,0.16246858352930985,0.11632004075388923,0.1629228689875694,0.9922443400323856,0.49601278713224217,1.0,0.037111878650658695,0.5171456306984145,0.00488861958188099,0.0027998516191812873,0.017582888717743016,0.9999338930386481,0.15996173387467855,0.1921982969245401,0.5946293209000255,0.4377046718676816,0.7473957181805069,0.24945835898262436,0.10773197354983753,0.17788595111323846,0.4089509207509483,0.10386458105437256,0.6805437153136188,0.5074793525292477,0.017358658131250704,0.04441925367315934,0.0,0.10972665463477106,0.0,0.015152295259695992,0.3438277747879114,0.26213778995298664,0.07935543963299305,0.03820867544178313,0.3644777159311753,0.00041367164737644846,6.610696135189607e-05,0.06771265826386279,0.3669461147656099,0.23811890232410124,0.07550563803278298,0.0,0.031124429921565482,0.018705982173061617,0.0,0.1841271875014342,0.25990348055716367,0.86632130111486,0.7926578773392713,0.007755558582128167,0.3942605582329868,0.0,0.07806943838152755,0.0008211901704876285,0.011659535830093343,0.012025754383873656,6.610696135189607e-05,0.18797071647043417,0.15712735216433177,6.610696135189607e-05,6.610696135189607e-05,0.7593703232380784,0.014485379495391883,0.4970840090395257,0.891773006610164,0.6834670685191857,0.5640619388238604,0.6177926722744017,0.04924496816721917,0.07014858338427891,0.0,0.0,1.0138548618913193e-07,0.0,0.0
0.00024670024824483645,0.019884277750665924,0.006256960562854189,0.0012621189885241846,6.610696135189607e-05,6.610696135189607e-05,0.15955751484423542,0.02552829361096179,6.610696135189607e-05,0.9999355237558221,0.0,0.18076929931793415,0.000576632886993191,0.09953400759053124,0.007787124504108664,0.2748483538824279,0.08989145128662997,0.159375839147291,0.12166121686057231,0.1620283941737052,0.9945606641019817,0.5056246056990781,1.0,0.037298043491951434,0.5188681768894924,0.005079815216003276,0.002488475375392939,0.017351118427782402,0.9999338930386481,0.15615391653947402,0.18261561190847297,0.6576861862420504,0.4459710963363356,0.7409081286645626,0.24749241497814142,0.11141247208971729,0.1839190720086001,0.4053198455693979,0.10004389133567036,0.6710820287230875,0.5187858737014415,0.01635363354801828,0.035371406856361635,0.0,0.10525301784195698,0.0,0.01506180896028505,0.34826426257207915,0.2641045067890441,0.080532096622852,0.03892613820079927,0.35164824675045075,6.610696135189606e-05,6.610696135189607e-05,0.06480461136435473,0.36257185152024135,0.24660379186501108,0.06927657525740712,0.0,0.026826001051428662,0.01698926999492068,0.0,0.18688961361989395,0.25187010829003026,0.8619851495914094,0.8026001989699332,0.005439247298114792,0.3891223764589649,0.0,0.07655685001936238,0.0008078806536268887,0.011540103601817184,0.012477843750796597,6.610696135189607e-05,0.1851814696143463,0.16076812889704123,0.0043340159941776405,6.610696135189607e-05,0.7654491503855196,0.01248807947042639,0.5024617104465173,0.8880108950232896,0.68972091934944,0.5699037599315728,0.6251077547819018,0.05213690637038858,0.06996817886123728,0.0,0.0,8.859990344460772e-08,0.0,0.0
0.00024670024824483645,0.020313041924098486,0.0064364880993318056,0.0012640298568614172,6.610696135189607e-05,6.610696135189607e-05,0.15927724307909497,0.025889779156572448,6.610696135189607e-05,0.9999353269986756,0.0,0.18214296788146794,0.0006672309003927852,0.0925287302596438,0.00728459804466548,0.2716355963588104,0.0928954361341743,0.15868490254186304,0.12571042832433396,0.1621362012003949,0.9962270635006696,0.5131808136502661,1.0,0.03753004628254725,0.52302915659608,0.005170103101148426,0.002132314033345699,0.01733801424134273,0.9999338930386481,0.15410110023100923,0.1781951585897985,0.7225228336964598,0.44994615195822124,0.7343836306112775,0.2473583879409074,0.11254051344521271,0.18811480115164853,0.40277469775233377,0.0982467967823129,0.6628549784225563,0.5266094744236094,0.015440059091783327,0.028137877388079685,0.0,0.1014916950020902,0.0,0.01513128485941417,0.35315897458889495,0.26615118373654373,0.08176476713018997,0.03972828881306428,0.34192956492968274,6.610696135189607e-05,6.610696135189607e-05,0.06281683347815674,0.35819500410573035,0.25451482086211147,0.06475069623657892,0.0,0.02303302404973275,0.015591075725235928,0.0,0.1896988218681426,0.24457723513266957,0.8588495125838828,0.8097259214115254,0.003772858778413827,0.38532749134764377,0.0,0.07555906829996688,0.0007900994599064625,0.011543146240352437,0.012593944739058931,6.610696135189607e-05,0.18381243975009012,0.1625540338443875,0.008617089391500634,6.610696135189607e-05,0.7693058932411054,0.011101548526610968,0.5057479479410457,0.8867922556543945,0.6963234445389749,0.5743496284777648,0.6301176068588767,0.05455076357512688,0.07012838790185796,0.0,0.0,7.772091655050733e-08,0.0,0.0
0.00024670024824483645,0.02066609957187504,0.006557294775338245,0.001266540705800375,6.610696135189607e-05,6.610696135189607e-05,0.15883628064215385,0.02615785329961932,6.610696135189607e-05,0.999935215949071,0.0,0.18276405498702597,0.0007685562837608272,0.08631001205734712,0.006794890069759204,0.2687202523752054,0.0954435984283213,0.15940534505713544,0.12889388267213076,0.16279771026664755,0.9974066083974172,0.5193189895414214,1.0,0.03764763708834101,0.5265738704673104,0.005245109302474516,0.001782042415363025,0.017194431944394243,0.9999338930386481,0.1519824513731429,0.17482991436983297,0.7856102388340673,0.4535241316386544,0.7280258178040322,0.24736496282237244,0.11283692417316199,0.19118477230864978,0.4004507237302286,0.09727718648948751,0.6554869547306353,0.5319421837481183,0.01459607685879087,0.02237081550324529,0.0,0.09825475770655448,0.0,0.015280522424612593,0.35787461698131123,0.2681032752591271,0.08293160712495858,0.04040523479001265,0.3358915065150854,6.610696135189607e-05,6.610696135189607e-05,0.06136293264146295,0.354281327094366,0.261831927825038,0.06146628692562959,0.0,0.019696026962604356,0.01443930957564826,0.0,0.192411054152588,0.2381545263044092,0.8565100404690784,0.8148314742301072,0.0025933232080996003,0.3824262527520241,0.0,0.07481820217684422,0.0007748605531812893,0.011598863676811733,0.012612933866253246,6.610696135189607e-05,0.1832480381390009,0.16338934795564625,0.011847924990189674,6.610696135189607e-05,0.7720989692865194,0.010142254370929837,0.508404695264972,0.8863945195430771,0.7028091886713987,0.578315076624364,0.6340025611353072,0.05665839268845537,0.07049794489033712,0.0,0.0,6.83944832411146e-08,0.0,0.0
0.00024670024824483645,0.02091809314947861,0.0066526187716058815,0.0012695558348709993,6.610696135189607e-05,6.610696135189607e-05,0.15838406120166895,0.026335189156655045,6.610696135189607e-05,0.9999352520002975,0.0,0.1828752630142776,0.0008822079416987499,0.08070903474138469,0.00632324347990652,0.2660308483359768,0.09756194840059597,0.16080700510415452,0.1314781720178848,0.16374485479075188,0.9982310061261807,0.524347252537259,1.0,0.03768107525163219,0.5296495089019071,0.005316176126269904,0.001476696898131445,0.0170290504628146,0.9999338930386481,0.1498772114538554,0.1718981509713124,0.8461767845556749,0.4568362710346276,0.7218967289277879,0.2472506615610663,0.11286939791431462,0.19363030340916496,0.3984264299761893,0.09674712486867161,0.648783133141415,0.5354688848157461,0.013798354592864747,0.01776977549994233,0.0,0.09547192167820824,0.0,0.015476321348804948,0.36222035486306087,0.27000711267366034,0.08398082797796484,0.04104220168574508,0.33306572232350123,6.610696135189607e-05,6.610696135189607e-05,0.06022303748876905,0.3508500112457728,0.2686238382980904,0.0591579115739448,0.0,0.016782739240207907,0.013509357186226393,0.0,0.1951909927595862,0.23281908966473341,0.8547234733892505,0.8184853697093057,0.001768933539442568,0.3801808257845327,0.0,0.07423232275167438,0.0007966176091045926,0.011673975866179338,0.012615755366176892,6.610696135189607e-05,0.18301697952678742,0.16392206196032533,0.0142141013836993,6.610696135189607e-05,0.7738760444252328,0.009479432774121803,0.5107161638507114,0.8862483941439866,0.7088779226092424,0.5817409693576777,0.6372220267953516,0.058463925698402815,0.07090502041536609,0.0,0.0,6.033437685924658e-08,0.0,0.0
0.00024670024824483645,0.02113466296286371,0.006731704016306126,0.0012727972816958333,6.610696135189607e-05,6.610696135189607e-05,0.1579498685638185,0.0264168677392294,6.610696135189607e-05,0.9999352167610819,0.0,0.18263299806418892,0.0010097424028151288,0.07562222803338334,0.005873799598737012,0.2635078284656261,0.09931267663486414,0.16249242620750945,0.13363895570696463,0.16482237334841685,0.9988002939405188,0.5284522725488248,1.0,0.03766047658452071,0.532342006847854,0.005375086322806952,0.001219574627283714,0.016857010575759373,0.9999338930386481,0.14778331512099388,0.16916159815500664,0.9027312155831523,0.4599886121485884,0.7161289721535112,0.2469348777454462,0.1127142138868974,0.19562694614778736,0.39663634769958267,0.09646439147669422,0.6426561286227246,0.5376908768140048,0.013036925252839457,0.014106615533327834,0.0,0.09312258025008606,0.0,0.015664113361511998,0.3662104906703669,0.271809188383962,0.08490965581853553,0.04161117239664272,0.33235664317804126,6.610696135189607e-05,6.610696135189607e-05,0.059389693479653505,0.34789263967315337,0.27484115868200387,0.057588245480591146,0.0,0.014249561028317346,0.012767373933986711,0.0,0.1980347458121612,0.22855123262885887,0.8533241190401959,0.8210710111182553,0.0011996527476808906,0.3784251472010893,0.0,0.07375736313431881,0.0007793859622913249,0.011729664400522933,0.01261646544592601,6.610696135189607e-05,0.1831344473943809,0.16452594032661957,0.01601699359061035,6.610696135189607e-05,0.7751785547566182,0.009029869164484916,0.5128438787097738,0.8862760437102875,0.7145012647905119,0.5847224787676936,0.6400277800576797,0.05999644893025017,0.07126546434962681,0.0,0.0,5.3311800286114935e-08,0.0,0.0
0.00024670024824483645,0.02131956958778973,0.006801313276972871,0.001276109827032309,6.610696135189607e-05,6.610696135189607e-05,0.1575316963341595,0.026476586302165123,6.610696135189607e-05,0.999935158833267,0.0,0.18212829823450152,0.001152737293960093,0.07097776064971087,0.005447945805641574,0.26113140970831683,0.1007631791923769,0.16426302063729864,0.13550075738649286,0.16595971641471663,0.999190733081735,0.5319024051181784,1.0,0.0376084535009667,0.5346999628268501,0.005422863116628408,0.001018806951353967,0.01668812383212776,0.9999338930386481,0.14574758910953686,0.16648325099028063,0.9541445643434341,0.46299146841406646,0.7107988470385533,0.24646458652622313,0.11261861054057883,0.19737264035135862,0.39510889777096353,0.09637552011605101,0.6370272695886892,0.5389125852703484,0.012307904379182104,0.011192183801133527,0.0,0.09112896998942109,0.0,0.01588489756845887,0.3698042389721792,0.27347558148396595,0.08571696141334469,0.042154605905369076,0.3327556729304553,6.610696135189607e-05,6.610696135189607e-05,0.058723205209984794,0.34531209391029843,0.28046143202852664,0.05658348605231675,0.0,0.012067491361780178,0.01218818724255069,0.0,0.20091077435570598,0.22527339000604,0.852191338234325,0.8228480997841499,0.0008092197471287249,0.37696862489240046,0.0,0.07337777958991075,0.0007996514193641732,0.011796731306586629,0.012614538841550234,6.610696135189607e-05,0.18325756682471747,0.16527238521655693,0.01753052480135851,6.610696135189607e-05,0.7757614995949128,0.008739720932920055,0.5148236291869587,0.8862286521654611,0.7195821076371504,0.5872549691808442,0.6424930701756322,0.061298776863227836,0.07155100408631301,0.0,0.0,4.717113632208409e-08,0.0,0.0
0.00024670024824483645,0.02145888600254106,0.006858125647840986,0.001279355701030085,6.610696135189607e-05,6.610696135189607e-05,0.15712881275911192,0.026518689917946647,6.610696135189607e-05,0.9999351854280634,0.0,0.18145276211377126,0.001312885063202201,0.06672230712355054,0.0050475531323005895,0.2588803687145827,0.10197641695790065,0.16601198035303263,0.13713595918024718,0.16710744096155583,0.9994569806191745,0.5348710575963512,1.0,0.03753089382810902,0.5367553218141549,0.005458604302092456,0.0008393549169333909,0.016513095315861766,0.9999338930386481,0.14373037698373486,0.16396668430839303,0.9999666283192823,0.46595246851484634,0.7059393906776827,0.24584184007265764,0.11244476378579608,0.1988267949221616,0.3937495553639141,0.09636071004626684,0.6318380061610153,0.5393636135742492,0.01160600394986269,0.008876055699942499,0.0,0.0894354879979883,0.0,0.01611562478283106,0.3730501991735643,0.27501657617586367,0.0863850878542758,0.042622606909669965,0.33434281834080165,6.610696135189607e-05,6.610696135189607e-05,0.058321579012004285,0.3430859444255933,0.2854906822548384,0.0559853834000181,0.0,0.01019019819569971,0.011748166018042901,0.0,0.2037874841416431,0.22287111737091053,0.8512580368698901,0.8240165033385016,0.0005429775924283265,0.3756934544056605,0.0,0.07306483932029322,0.0007812645378546569,0.011859082621588822,0.012605840738260522,6.610696135189607e-05,0.1836016252123354,0.1661397797191195,0.018848291435341145,6.610696135189607e-05,0.7760078291180809,0.00856992706747883,0.516720014413553,0.8862423511510017,0.7242606997585881,0.5894547254857425,0.6447589212391505,0.06239809273944106,0.0717532887018076,0.0,0.0,4.178839716714279e-08,0.0,0.0
0.00024670024824483645,0.021575829092601684,0.006903389743851714,0.0012828312789911348,6.610696135189607e-05,6.610696135189607e-05,0.1567729360386632,0.02655342927360723,6.610696135189607e-05,0.9999351993537346,0.0,0.18063973051324023,0.0014920819528939104,0.06280256099535869,0.004672091499260386,0.25673974768949015,0.10299594262498585,0.16766190542026657,0.13858189230624784,0.1682148144956118,0.9996371608218806,0.5373882782408332,1.0,0.0374280890883196,0.5385525648491444,0.00548776588492723,0.0006998041009486125,0.01633665397826218,0.9999338930386481,0.14175061500437688,0.16152344956081896,0.9999600134771264,0.4691895496653797,0.7014826154447317,0.24514704567673085,0.11236663779248919,0.20013568439669532,0.3925772633895763,0.09646958343181829,0.6270172084999692,0.5392070570852959,0.010928056685913503,0.007035801316698906,0.0,0.08800791777344288,0.0,0.01634454306548743,0.37594141107543116,0.27640839180321924,0.08698839762539648,0.04305478067591318,0.33690004537788565,6.610696135189607e-05,6.610696135189607e-05,0.058090918898017874,0.34116600468867214,0.2900236182056546,0.05572231328769281,0.0,0.008586823296698276,0.011432189626494074,0.0,0.20666254571089357,0.22125549839539013,0.8504900510078386,0.8247493841876893,0.00036280212486512466,0.3746038039857239,0.0,0.07281185081519637,0.0007670124406643854,0.011912886110480372,0.012594038695286535,6.610696135189607e-05,0.18394279092167667,0.16725290694025002,0.019977852095398582,6.610696135189607e-05,0.7759315058786705,0.008493766349613706,0.5184909105223361,0.8861412802546169,0.7284749313112477,0.5913184554846692,0.6467906688786916,0.06332430316415136,0.07187553909904731,0.0,0.0,3.705325427046486e-08,0.0,0.0
0.00024670024824483645,0.021672441895674573,0.0069389154341643515,0.0012859868333624691,6.610696135189607e-05,6.610696135189607e-05,0.15644307327042992,0.02656525939765034,6.610696135189607e-05,0.9999352223592508,0.0,0.179738145815465,0.0016924525126262907,0.05918322339768859,0.004320004976180227,0.25470742431836313,0.10387144071252492,0.16920141189324783,0.1398736762071402,0.16926760524606005,0.9997585002259851,0.5395561872662792,1.0,0.03731510562984451,0.5401320492526209,0.005544002187598006,0.0006049813724177852,0.01620545912997577,0.9999338930386481,0.1398099355197829,0.1594185802970191,0.9999616015180256,0.472358119950414,0.6976217539614354,0.24449548105598948,0.11229985049700464,0.20127152322177994,0.39177135011294495,0.0966395307851724,0.6226186050746084,0.5385246998665612,0.010272335596204586,0.005575665753505943,0.0,0.08680130794803677,0.0,0.01652472449447032,0.3785023740504033,0.2776332828088233,0.08747251079067855,0.043488054666173025,0.3394522202473359,6.610696135189607e-05,6.610696135189607e-05,0.05854478485047146,0.3394581090243527,0.2938814037460528,0.055678120046971674,0.0,0.007221328257504424,0.011202796255101826,0.0,0.20941960450060268,0.2203354890857413,0.8498539881966553,0.825156729000434,0.00024146689214495196,0.373642504785684,0.0,0.07257681649641261,0.0007331374358574054,0.011951741766817141,0.012561013463409952,6.610696135189607e-05,0.18420438578191803,0.16818666421046818,0.020573773355514146,6.610696135189607e-05,0.7757388777021461,0.008496842292511825,0.5200882530815739,0.8860076969903691,0.732323925123027,0.592705848655773,0.6486530448964645,0.06409034971226399,0.0719383991544496,0.0,0.0,3.288186994572698e-08,0.0,0.0
0.00024670024824483645,0.021754712380223192,0.006968993337598174,0.0012895499326009338,6.610696135189607e-05,6.610696135189607e-05,0.15615503066532208,0.02661284234728057,6.610696135189607e-05,0.999935236259522,0.0,0.17877149059768715,0.001915893456747556,0.055823384424763166,0.003991033323916134,0.2527478872704876,0.10463521885810317,0.17060877152350698,0.14101168329956562,0.17023094642166792,0.9998398235674576,0.5414199116163089,1.0,0.037210327263723704,0.5415456831976057,0.005618394069359317,0.0005483113934729269,0.016049741070306378,0.9999338930386481,0.13789752304264324,0.15739504919472055,0.9999624231954535,0.4754883788188926,0.6942419499660899,0.24393044989844476,0.11228609297155803,0.20229052706256867,0.39120558086134205,0.09686549310982892,0.6186198533877969,0.5374344914169678,0.009642094942299223,0.004416796190790313,0.0,0.08576403360274801,0.0,0.016709907037816604,0.38080248062556343,0.27876457294029633,0.08788177090937573,0.04382389740930465,0.34177122226188855,6.610696135189607e-05,6.610696135189607e-05,0.0591544354710559,0.33792648556512894,0.2971917584065665,0.05574422708823806,0.0,0.0060636990462070595,0.011047225133333748,0.0,0.2120170984099928,0.21998796713220725,0.8493462217581351,0.8253522573875418,0.00016014722321824532,0.37281605478094315,0.0,0.07237084550642993,0.0007331374358574056,0.011982172506361195,0.012531902088586164,6.610696135189607e-05,0.18433509102467027,0.1690816408353961,0.02089371093709227,6.610696135189607e-05,0.7753149848643834,0.008566291627343632,0.52155383241563,0.8857980135716944,0.7358223894664611,0.5937561606814081,0.6503866196196835,0.06472782934410716,0.07196876992731813,0.0,0.0,2.9209324223581465e-08,0.0,0.0
0.00024670024824483645,0.02182299615738627,0.006994405931064898,0.0012930366885392228,6.610696135189607e-05,6.610696135189607e-05,0.15590345113251017,0.026595818844977158,6.610696135189607e-05,0.999935268406476,0.0,0.17777450125538566,0.002164586247220228,0.05269815872614421,0.003685147593541795,0.2508448707984157,0.1053164538097586,0.17188056448577319,0.1420090337693028,0.17109575844576996,0.999894100382802,0.5430198131400268,1.0,0.03710314804460364,0.5427684433467209,0.005706578593587681,0.0005063333401050012,0.01589552689962742,0.9999338930386481,0.1360239520133917,0.15546314623034962,0.9999628947124292,0.4785839324336412,0.6912142316155551,0.24344244992677425,0.11220115134975697,0.20313634062828828,0.3907357572331412,0.09709280821097843,0.6149604117766257,0.5360279522203122,0.009037267604768138,0.0034970434960343673,0.0,0.08486395225549713,0.0,0.01688173145894088,0.3828642504688851,0.2798163501518677,0.08822118792542734,0.0441109236037761,0.3444180176750271,6.610696135189607e-05,6.610696135189607e-05,0.05972559153085896,0.33656193639425325,0.30009701121663296,0.05583299953778598,0.0,0.005084832404720416,0.010957407714027288,0.0,0.21446934263491055,0.2201187642015546,0.8489536986259291,0.8254071980581956,0.00010587364454589145,0.37211623460447607,0.0,0.07218110668683307,0.0007331374358574056,0.012006343313139075,0.012505725545172139,6.610696135189607e-05,0.1844426489424511,0.16989458373608377,0.021114936612751257,6.610696135189607e-05,0.7748284588671757,0.008688757167811987,0.5229500492800542,0.8856342624030228,0.7390806682408472,0.5946216874592898,0.6520623209906058,0.06525379177870516,0.07197271909236007,0.0,0.0,2.5972652136785616e-08,0.0,0.0
0.00024670024824483645,0.021876693268543104,0.007015732508604448,0.0012966896432020862,6.610696135189607e-05,6.610696135189607e-05,0.15571232189980364,0.026609699867954868,6.610696135189607e-05,0.9999352915770889,0.0,0.17675669973997113,0.0024409838798734413,0.04978425638746786,0.003401079704075059,0.24899425319965832,0.10592933985893796,0.17301680434925157,0.14288403059065088,0.17186416858842404,0.9999301591233186,0.5443914168057129,1.0,0.03699260702004145,0.5438220634635308,0.0058066495300515,0.0004531038537848225,0.015746723989124824,0.9999338930386481,0.13418858151416652,0.15368477412661125,0.9999632715100742,0.48165912077944706,0.6884494247984283,0.24303724433479154,0.11210210549186753,0.20386715685439602,0.39031923122086115,0.09733230600539351,0.6115999506740387,0.5343940289450136,0.008459193728162505,0.002767324564637289,0.0,0.08407978760716137,0.0,0.017043863427014562,0.3847149960036482,0.2807815468366386,0.08851386912812503,0.04436871179498769,0.34726751751401946,6.610696135189607e-05,6.610696135189607e-05,0.06024004488409335,0.3353426146068761,0.30269667246539506,0.05591962382227651,0.0,0.004259908417609141,0.01092803489099039,0.0,0.21678449817688863,0.2206310748478705,0.8486567756811866,0.8253685068469387,6.981776086974447e-05,0.3715287955871257,0.0,0.07201196302628655,0.0007331374358574056,0.012025510532434868,0.012481726623633381,6.610696135189607e-05,0.18454338265601494,0.17070351524840732,0.0212862362522082,6.610696135189607e-05,0.7743016905120232,0.008853902736176637,0.5242864321029608,0.885456910628259,0.7420886783405269,0.5953516541840734,0.6536734407949482,0.0656862112901347,0.07195809185786434,0.0,0.0,2.3115811686780388e-08,0.0,0.0
0.00024670024824483645,0.021917777701604142,0.007033588968597019,0.0013001278059567906,6.610696135189607e-05,6.610696135189607e-05,0.15554092127558206,0.02664184446549617,6.610696135189607e-05,0.9999353231168503,0.0,0.17572518887039482,0.0027477475855154257,0.047062093457280886,0.0031376410587289176,0.24719052509587755,0.10648446446274556,0.17402114298760457,0.14365359940471756,0.1725459072417986,0.9999540420204774,0.5455620479748382,1.0,0.036877910208902624,0.5447161099952792,0.005924932943535164,0.00041977052045148917,0.015602668910253803,0.9999338930386481,0.1323808744469111,0.15191753964994645,0.9999635663016916,0.4846850096090576,0.6858703017553598,0.24265951481253994,0.11200467092704368,0.20450756134723896,0.38991075817517545,0.09759527139095418,0.6084851428688519,0.5326094500691967,0.00790864067310853,0.0021885591226359397,0.0,0.0834015792420173,0.0,0.017194294223241764,0.38640375137201244,0.2816491004349794,0.08877628999873242,0.04460414498921254,0.3502148037620987,6.610696135189607e-05,6.610696135189607e-05,0.06076825325132878,0.33424721429480175,0.3050761821376495,0.05604371195770719,0.0,0.0035660512249935643,0.010955851585897458,0.0,0.21898957268308675,0.2214393738016389,0.848437759922174,0.8252655336355654,4.5937389633991416e-05,0.37103637278314444,0.0,0.07186245007074965,0.0007331374358574056,0.012040455721554365,0.012460939031457407,6.610696135189607e-05,0.1846468033771579,0.17152361866422375,0.02145841876770599,6.610696135189607e-05,0.7737373475647936,0.009053516106990756,0.5255715843593581,0.8852475814874409,0.7448642939704866,0.5959957491801982,0.6552142035131683,0.06604081998531591,0.0719300331415599,0.0,0.0,2.0589888598502183e-08,0.0,0.0
0.00024670024824483645,0.021950943465419006,0.007048940432686136,0.0013032071787152863,6.610696135189607e-05,6.610696135189607e-05,0.15539736478914828,0.02665263444919919,6.610696135189607e-05,0.9999353563067916,0.0,0.17468854600933922,0.003087863606509174,0.04451582206560712,0.002893604609636354,0.24543650330590014,0.10699062495317804,0.17490433517110177,0.14433365973668594,0.17315191324385973,0.9999698153182855,0.5465619812201141,1.0,0.03679330564076693,0.5454916962002452,0.006061336473695606,0.0003943696053305468,0.01549660941722241,0.9999338930386481,0.13060612606058417,0.15016568225766005,0.9999637002554871,0.48757389010754276,0.6834547676519501,0.24234375987086734,0.11190946168969101,0.20507082734890608,0.38950803627305564,0.09787720509910589,0.6055986421859242,0.5307207544016224,0.0073856722153386265,0.001729793170242819,0.0,0.08281554431756731,0.0,0.01733602874553324,0.38794222953676544,0.28245995334856716,0.08900318984291751,0.04481209544173624,0.35326447162856583,6.610696135189607e-05,6.610696135189607e-05,0.06126003446772138,0.3332525109945526,0.30726456029820626,0.05615703807343324,0.0,0.0029833120586807067,0.011038456151042996,0.0,0.22108204455186972,0.22248053095410195,0.8482806680479754,0.8251182935858975,3.0166328955693853e-05,0.3706224744623186,0.0,0.07173120706475522,0.0007331374358574056,0.012051900622157037,0.012440021232714172,6.610696135189607e-05,0.18475692511746045,0.17238314980563585,0.021634189923623728,6.610696135189607e-05,0.7731634853435908,0.009280672049843619,0.5268106560463601,0.8850026747037998,0.7474300385268061,0.596559902966265,0.6566862915949939,0.06632868830902815,0.07189437947317383,0.0,0.0,1.8352758727105263e-08,0.0,0.0
0.00024670024824483645,0.021978857072355196,0.007095204424189108,0.0013061106551362583,6.610696135189607e-05,6.610696135189607e-05,0.15519095708013703,0.02667734458848207,6.610696135189607e-05,0.9999352896336587,0.0,0.17365666497283486,0.0034646083440824853,0.042132973792407956,0.0026678027179040556,0.2437380603959322,0.1074591056371539,0.17568405534774517,0.14493731587850928,0.1736905981370445,0.9999802053434914,0.5474239603225972,1.0,0.03668369172889664,0.5461767324065187,0.006184550056377653,0.00037023838773092956,0.015374975204157204,0.9999338930386481,0.12888761739254487,0.148481507469836,0.9999638447442546,0.4904797963643892,0.6811695482917304,0.24208742430267177,0.11182554710167755,0.20557270436957303,0.3891106059676079,0.09817717114752883,0.6029364354969886,0.5287604279106279,0.006890267323476311,0.0013664203776361178,0.0,0.08229821240673747,0.0,0.017465734209731052,0.38935565230900915,0.28320712125718783,0.08920860037209698,0.04498734474167009,0.3561701819595528,6.610696135189607e-05,6.610696135189607e-05,0.061752073670587736,0.3323446277487051,0.30930281094845985,0.05624748562055281,0.0,0.002494467739554862,0.011176076742733299,0.0,0.22304609911024734,0.22370533147288627,0.8481724167980145,0.8249429814853194,1.9778287663497843e-05,0.3702778272706652,0.0,0.0716104523517629,0.0006998041025240723,0.012060319899347633,0.012419772991494119,6.610696135189607e-05,0.18493242301793184,0.17332329341714114,0.021815065044278388,6.610696135189607e-05,0.7727037111846038,0.009527640759809794,0.5280084251039405,0.88470984455424,0.7497998540984642,0.5970455145717547,0.658084768456539,0.06655835975561024,0.07185018526874054,0.0,0.0,1.6368845093010523e-08,0.0,0.0
0.00024670024824483645,0.022000633732625875,0.00711798925413035,0.0013087149221518552,6.610696135189607e-05,6.610696135189607e-05,0.15506099356389064,0.02672424272585983,6.610696135189607e-05,0.9999353074169336,0.0,0.1726219016227881,0.0038805330589800004,0.03990420617382381,0.002458735720856381,0.24208812138246646,0.10789381669451552,0.1763837390782789,0.14548222642535957,0.17419211440657686,0.9999870407233132,0.5482466926369779,1.0,0.036564575863656364,0.5467607026650262,0.006323904673309592,0.00033446708784028314,0.01525238588576533,0.9999338930386481,0.12720878543597566,0.146868210265582,0.9999639815556113,0.49338486334548093,0.6789887258518021,0.241900914849247,0.11183223054436756,0.20607315857221015,0.38873230717561946,0.09853187260265357,0.6004535602741434,0.5267611030537299,0.006421995943723778,0.001078760120657593,0.0,0.0818471726698808,0.0,0.01759053780759698,0.3907129558635693,0.2838632104347779,0.08939354877914715,0.04515661229063969,0.359019033238029,6.610696135189607e-05,6.610696135189607e-05,0.062223610540933796,0.33151256168915555,0.31122002114148106,0.056326357310583774,0.0,0.0020851493137212847,0.011368992036539459,0.0,0.22490745116027536,0.22504912203372263,0.8480957776309167,0.8247291254727656,1.2944667666536834e-05,0.36990613469314126,0.0,0.07150165787338461,0.0006664707686963257,0.012061932545618943,0.012400448039646716,6.610696135189607e-05,0.1850979733173843,0.174417004709878,0.022008932376919848,6.610696135189607e-05,0.7722513412266017,0.009791253006716774,0.5291508262173812,0.8842872363966524,0.7519374859402448,0.5974399650669847,0.6593800060148799,0.06674517187106578,0.07180603583426864,0.0,0.0,1.4609020221954442e-08,0.0,0.0
0.00024670024824483645,0.022019117168912944,0.007132924792907134,0.001311061167432626,6.610696135189607e-05,6.610696135189607e-05,0.1549755124302825,0.026745207749818836,6.610696135189607e-05,0.9999353304179355,0.0,0.1715887607374707,0.004339465169849276,0.037813950673445514,0.0022653978687016693,0.24048501641374664,0.108298029860826,0.17699945133232545,0.14597483052714977,0.17464848948990006,0.999991527140981,0.5489644320527491,1.0,0.036399268859664075,0.5472211285627563,0.006476819839709531,0.0003221940585136264,0.015132314239847055,0.9999338930386481,0.12555756579166927,0.14519801448402553,0.9999640509038067,0.49630403440563936,0.6768859000820948,0.24171531130125795,0.11186290003830322,0.2065361959095104,0.38832784384396235,0.0989188471658396,0.5981052617513607,0.524753218320967,0.005979608572489208,0.0008510567625551738,0.0,0.08145793052731176,0.0,0.017710023669069007,0.3919208604218801,0.2844982520502676,0.08956715381189151,0.04531480311331169,0.3621748166192155,6.610696135189607e-05,6.610696135189607e-05,0.06271009172069957,0.3307510668849841,0.3130457909673109,0.056436833000336396,0.0,0.0017425103624810298,0.011617098726083273,0.0,0.22670025917214257,0.22648588578706352,0.848045560900361,0.8245004537475448,8.459813379885561e-06,0.3695776374199391,0.0,0.07140910893585381,0.0006506049602519162,0.012062210368112758,0.012383109496867774,6.610696135189607e-05,0.18521648089450699,0.17552551800874214,0.022200619497305688,6.610696135189607e-05,0.7717390007609727,0.01006830895059429,0.530259094960935,0.8837976347918475,0.7539073430545631,0.5977896595612527,0.6605961364204138,0.06689644921567083,0.07176144455964412,0.0,0.0,1.3045639040345029e-08,0.0,0.0
0.00024670024824483645,0.02203493925507996,0.00714356813351503,0.0013132613443306834,6.610696135189607e-05,6.610696135189607e-05,0.1549157047612979,0.02676947045407021,6.610696135189607e-05,0.9999353475696929,0.0,0.1705652406281741,0.004845328735780582,0.03585132013087537,0.0020867493259835437,0.23892703662943254,0.10867078953164383,0.1775366271892408,0.14642018761385822,0.17505992968497128,0.9999944663446176,0.5495807900252425,1.0,0.03627123860007651,0.5475901496754936,0.006635631761825101,0.00031336691603125723,0.015017140569011659,0.9999338930386481,0.12391557207034971,0.1435233114819436,0.9999640185542685,0.4991804138824705,0.6748863272399563,0.24157286317303175,0.11183250657021021,0.20691014826636103,0.3878569917240686,0.0992844356452548,0.5959103936710836,0.5227590818489333,0.005562749733984915,0.0006711848145977151,0.0,0.08113322767733461,0.0,0.017851132223094323,0.393050139527876,0.2850972482229831,0.08968615541281527,0.04545308968981283,0.36556557517681254,6.610696135189607e-05,6.610696135189607e-05,0.06313886240327417,0.33004662091986436,0.31475643269702713,0.05650605203001798,0.0,0.0014555743941453178,0.011919185406403441,0.0,0.22840086459191059,0.2279775511529866,0.8480170626521569,0.8242688855004311,5.522000036183629e-06,0.3692859822974228,0.0,0.07133442581706226,0.0006353463253366239,0.012061298020748307,0.012364555725505112,6.610696135189607e-05,0.1853854427423691,0.17659892393644958,0.022421468239661874,6.610696135189607e-05,0.7712343696061406,0.010357240063016524,0.5313558441687761,0.8833221646940091,0.7557829572086183,0.5981370735435444,0.6617885277253126,0.06701795220536208,0.07172673980883942,0.0,0.0,1.1655346159991425e-08,0.0,0.0
0.00024670024824483645,0.022048135537012934,0.007151976502212831,0.001315533578386849,6.610696135189607e-05,6.610696135189607e-05,0.15487465274038184,0.02679844671657515,6.610696135189607e-05,0.99993536210728,0.0,0.16955483411598932,0.005402646124491942,0.03400744592496642,0.00192178418752379,0.23742281763586098,0.10901806571009884,0.17800787041461003,0.14682408301870173,0.17543143865563024,0.9999963892065865,0.5501132872788634,1.0,0.03614367318763977,0.5478774561935461,0.006805629500510716,0.0002800335820725831,0.014905998218408312,0.9999338930386481,0.12230213680374612,0.1420171091113014,0.9999640653612204,0.5020306979488233,0.6729330979349112,0.24147530523155197,0.11179153921224898,0.2072436457102608,0.38736299767118504,0.09964425231993423,0.5938306684869104,0.5207619777891075,0.005169244430112884,0.0005290628244736513,0.0,0.08085119460105827,0.0,0.017967493286601004,0.3940940238972397,0.28569258239416323,0.08981941921580737,0.0455797006164393,0.36914807810148964,6.610696135189607e-05,6.610696135189607e-05,0.06354563144735932,0.3293822501917326,0.31641596497026636,0.05654781219027241,0.0,0.0012158281812038607,0.012279711897498033,0.0,0.230043341132249,0.22953774384988979,0.8480066725511853,0.8240394985198961,3.6003759937735773e-06,0.36903551812007823,0.0,0.07126130533295134,0.0006220462192975517,0.012059720059529579,0.012345956673848194,6.610696135189607e-05,0.18553156938825688,0.1776958691241182,0.022649600957167566,6.610696135189607e-05,0.7707411352869642,0.010650937094822387,0.5324220484621863,0.8828058146632591,0.7575330801835689,0.598435506243793,0.6629329300442048,0.06710792467074175,0.07169240794639277,0.0,0.0,1.0417419747579677e-08,0.0,0.0
0.00024670024824483645,0.022059064671641763,0.007158468991004088,0.0013176185590560957,6.610696135189607e-05,6.610696135189607e-05,0.15484527162602899,0.026825486024231474,6.610696135189607e-05,0.9999353751860541,0.0,0.16855564771821696,0.006015600341958291,0.032272239843606436,0.0017694578095235416,0.2359632370521252,0.10934082292678815,0.17841792403756618,0.14719349994994263,0.1757685602197759,0.9999976548583299,0.5505749807495314,1.0,0.036022920352375185,0.548098106899857,0.006986241519052622,0.00024670024873924977,0.014799161283148156,0.9999338930386481,0.12070895941460168,0.14051616170140735,0.9999641896796362,0.5048537149994107,0.6710305145715901,0.24133876702951643,0.1117439354896061,0.2075439607595998,0.3868239466977493,0.1000037867969335,0.5918490848051421,0.5187922421475637,0.004799628761423242,0.0004168245823192349,0.0,0.08061269413698248,0.0,0.018074094464593116,0.3950887544686915,0.2862091983219924,0.08995756972658718,0.04570348357271804,0.3724957585151816,6.610696135189607e-05,6.610696135189607e-05,0.06400372972756402,0.3287686755147218,0.31802235886975316,0.05664106165811219,0.0,0.0010154490691966524,0.012699317302198736,0.0,0.23163583737411503,0.23113034696129056,0.8480068712886342,0.8238146151979049,2.345141670053263e-06,0.3688123251134862,0.0,0.07119623397905368,0.0005935000193582926,0.012056997991127092,0.01232964797033376,6.610696135189607e-05,0.18571505551483405,0.1787591335737124,0.022862286381644153,6.610696135189607e-05,0.7703181054059858,0.010947126558656779,0.5334645235941544,0.8822404641684356,0.7591683503275971,0.5987072781905285,0.6640329761509413,0.06717425489395465,0.07165948685357955,0.0,0.0,0.0,0.0,0.0
0.00024670024824483645,0.02206812373405377,0.007164281291446556,0.0013194498799295189,6.610696135189607e-05,6.610696135189607e-05,0.1548338514764402,0.026851001240418334,6.610696135189607e-05,0.9999353862797875,0.0,0.16756737778876496,0.006689133162713417,0.03063795815121226,0.00162882007909257,0.2345526808191785,0.10964177935238703,0.1787780488782665,0.14753373665514205,0.17607866098611746,0.9999984739030859,0.550983425959664,1.0,0.03587162991306284,0.54825814507097,0.007175400066298097,0.0002443825421300401,0.014693531656780145,0.9999338930386481,0.1191079746395376,0.1389089371107574,0.9999641840477914,0.5077118108217262,0.669185036100557,0.24119047878613736,0.11173238247256014,0.20785024149900277,0.3862701744366813,0.10038250441387656,0.5899534620292799,0.5168514162613252,0.004452835875923511,0.00032820346544645774,0.0,0.08040902346522733,0.0,0.018174630851484026,0.39602737844924535,0.28670190346854707,0.09008935019883613,0.04581585015203571,0.37570906093391665,6.610696135189607e-05,6.610696135189607e-05,0.0644447347978678,0.3281919566099753,0.31957213062407114,0.05677863281775745,0.0,0.0008480568626908661,0.01318170136218991,0.0,0.23318426153113053,0.2327424578476297,0.8480134274689345,0.823593135548436,1.5260969140542564e-06,0.36860755057510863,0.0,0.07113796834925247,0.0005812171240134226,0.012052905362333853,0.012314690418197927,6.610696135189607e-05,0.18584222945371537,0.1798470108736375,0.023068186459054774,6.610696135189607e-05,0.769860644270705,0.011242833275371789,0.5344635106073402,0.8815784843647264,0.7606637434870941,0.5989193041220362,0.6650648147669449,0.06722049708720261,0.07162807701277861,0.0,0.0,0.0,0.0,0.0
0.00024670024824483645,0.022075002532524483,0.007169319680081904,0.0013210766161940019,6.610696135189607e-05,6.610696135189607e-05,0.15483683952691984,0.026875988768509163,6.610696135189607e-05,0.9999353957995918,0.0,0.16659681635802867,0.007427974063677149,0.02909806263929371,0.0014991041780688188,0.2331850012036957,0.10992487137359142,0.1790985717337149,0.1478487573475879,0.17636546776776776,0.9999990077522437,0.5513461994175947,1.0,0.035746040062485634,0.54837149769793,0.007363775894918937,0.00024047909060223512,0.014588986522604699,0.9999338930386481,0.11754289791818996,0.13731163114413975,0.9999640897593579,0.5105453677556833,0.6674093250677712,0.24110446754741335,0.11166942066880259,0.20809543482386478,0.38565862505253234,0.10073757509435678,0.5881593410408067,0.5149318370961701,0.004127842758539,0.0002583309196238605,0.0,0.08023937538935294,0.0,0.018276750649455813,0.3969053037745557,0.2872018794054597,0.090203277084003,0.04591403997742365,0.37908471636811697,6.610696135189607e-05,6.610696135189607e-05,0.06482842366698496,0.327634688089628,0.32105167812929336,0.05684976429814337,0.0,0.0007081131531051032,0.013727820490280672,0.0,0.23466402605677703,0.23436365568909645,0.8480233998938731,0.8233762013126084,9.922477563080068e-07,0.3684144251930523,0.0,0.07108875478482705,0.000559167554932561,0.012047800704202687,0.012297963896564908,6.610696135189607e-05,0.1860163897609258,0.18092170921720993,0.023303073624530258,6.610696135189607e-05,0.7694636617410371,0.01153899680293542,0.5354489517964146,0.8809026052675203,0.7620983893837364,0.5991144502791182,0.6660774237019476,0.06725176152882491,0.07160593548101853,0.0,0.0,0.0,0.0,0.0
0.00024670024824483645,0.02208070118861498,0.007173337774666556,0.001322640454175658,6.610696135189607e-05,6.610696135189607e-05,0.1548423641633626,0.026901268828304088,6.610696135189607e-05,0.9999354043419271,0.0,0.16564136417347097,0.008237703570861052,0.02764616449976884,0.0013794868202144882,0.2318657479072711,0.11019227418593645,0.1793825209974049,0.14813945368477094,0.1766280537311478,0.9999993553373264,0.5516663277759077,1.0,0.03562471380703471,0.5484524362686788,0.00756175298937888,0.00021336691472695384,0.014487823912433239,0.9999338930386481,0.11598620547792689,0.13582230940566145,0.9999640861313972,0.5133956975791013,0.6656873141639249,0.24107140962439483,0.11161970868068118,0.20833784257847537,0.3850229928479956,0.10109653283878783,0.5864503364701205,0.5130380304338878,0.0038236952414588336,0.00020325013544292536,0.0,0.0800963278890258,0.0,0.01837386550569825,0.3977442453171256,0.2876873454673644,0.09030406795578098,0.046010073941869074,0.382363988382412,6.610696135189607e-05,6.610696135189607e-05,0.06519900720574782,0.3271013280993295,0.32248098490787547,0.05688457514723581,0.0,0.0005913110095219552,0.014342295678646467,0.0,0.23609004576773593,0.23599431231558032,0.8480368510737702,0.8231686961334093,6.446626736291482e-07,0.36823734433506644,0.0,0.07104104263021495,0.0005520651214588955,0.012041773118406972,0.01228141406440107,6.610696135189607e-05,0.18612809342948802,0.18199035031906757,0.02354093211768342,6.610696135189607e-05,0.7690586250583699,0.01183170092819959,0.5364026510548984,0.8801425877484578,0.7634246819122338,0.5992552246531434,0.6670377192539411,0.0672673435762072,0.07158513625312689,0.0,0.0,0.0,0.0,0.0
0.00024670024824483645,0.02208476302241395,0.007176658428899279,0.0013251123535079395,6.610696135189607e-05,6.610696135189607e-05,0.15485497802965437,0.026924411085257175,6.610696135189607e-05,0.9999354090680391,0.0,0.16470342869476387,0.009123518513549781,0.02627628118308342,0.0012692515362366205,0.23058785276842342,0.11044756484513207,0.17963694621595014,0.14840964697339853,0.17687016905666617,0.9999995814490172,0.5519506026576841,1.0,0.03550419351753679,0.5484802599578236,0.007773678935396671,0.0002064036056432688,0.01438872196047784,0.9999338930386481,0.11445347041110289,0.1342789854043877,0.9999640771119552,0.5162093423751981,0.6639914032499115,0.24098115400238324,0.11153118827784557,0.2085395650237224,0.3843134156281658,0.1014399423566353,0.5847906555340671,0.5111742589818263,0.003539401969232256,0.00015983179812912733,0.0,0.07997641237878189,0.0,0.01846648591026162,0.3985553590862926,0.2881317564746022,0.09041779425831542,0.04610772635721457,0.3855512384511089,6.610696135189607e-05,6.610696135189607e-05,0.06562559612645101,0.32659086234799983,0.3238886067441087,0.056970113027303114,0.0,0.0004937552588025985,0.015027184065522071,0.0,0.23748964861154248,0.2376238496859437,0.8480509510573692,0.8229699991452047,4.185509827690499e-07,0.368072984963534,0.0,0.07099462588373266,0.0005438246340888322,0.012035021153498445,0.012266965852702115,6.610696135189607e-05,0.18623464038942053,0.18299354077560234,0.023767322603168068,6.610696135189607e-05,0.7686955389028236,0.012119990005979873,0.5373453042755498,0.8793452932086047,0.7646903985343916,0.5993901487700755,0.6679722048749414,0.0672721310092584,0.07156494511627985,0.0,0.0,0.0,0.0,0.0
0.00024670024824483645,0.02212145349732645,0.007179701187982607,0.0013271971403882588,6.610696135189607e-05,6.610696135189607e-05,0.15486223381624323,0.026947000104930008,6.610696135189607e-05,0.9999353074481545,0.0,0.16378353134619011,0.010091271782820332,0.02498255442109727,0.0011676734348053334,0.2293520986417891,0.11069126047367672,0.1798658702806858,0.14866479727485163,0.17709863372011014,0.9999997284388449,0.5522121150353768,1.0,0.035374103550432696,0.5484750794631409,0.007991532414026217,0.00020640360553998607,0.01429113978525566,0.9999338930386481,0.11293767207423315,0.13268139411440388,0.99996396197711,0.519037457248661,0.6623558789492605,0.24092750569823143,0.11142497192835382,0.20872496781395922,0.38356412002471796,0.10177020497737256,0.5832041249160508,0.509344591983673,0.0032739631143954397,0.00012563284766045176,0.0,0.07987618500796549,0.0,0.01855744782883497,0.3993351154267134,0.28861010168272244,0.09051882106107788,0.046193515314002814,0.38865904521747824,6.610696135189607e-05,6.610696135189607e-05,0.06601211767855863,0.3260822526518122,0.32524193644628935,0.05702692255446806,0.0,0.0004122834041211902,0.015785043604263416,0.0,0.23883899492247018,0.23924245926705653,0.848061239610753,0.8227757334322294,2.715611551492338e-07,0.3679116999566577,0.0,0.0709519831850514,0.000535602435139698,0.012027569253161686,0.0122506833589542,6.610696135189607e-05,0.18633244745921707,0.18397050858342584,0.024002251862064495,6.610696135189607e-05,0.7683836430402184,0.012402184604450231,0.5382620404011104,0.8784837562888259,0.7658801943608223,0.5994831629362133,0.6688776963808384,0.0672656196878023,0.0715470784685847,0.0,0.0,0.0,0.0,0.0
0.00024670024824483645,0.022135013967440047,0.007181385134235627,0.0013290001584462209,6.610696135189607e-05,6.610696135189607e-05,0.154854599470287,0.026968915942317463,6.610696135189607e-05,0.9999353150445964,0.0,0.16288522877893918,0.011146390829017439,0.02376008868246189,0.0010741277377694716,0.2281616759056378,0.11092944132616321,0.18008892589345185,0.1489175020722101,0.17733148590214476,0.999999824083848,0.5525353487426171,1.0,0.03524172578746855,0.5484186101246225,0.008212729855002494,0.00020640360553998615,0.014199364262319072,0.9999338930386481,0.11143503368257571,0.1311215469407909,0.9999638379541709,0.5218862229913425,0.660776901667791,0.24090482181384937,0.11129770798079179,0.20888904441583536,0.3827592580125085,0.10205507521667716,0.5816832941890792,0.5075305977555307,0.003026330157861666,9.871391162330307e-05,0.0,0.07976844250317282,0.0,0.01864939791597697,0.40006484915514473,0.28906463171742286,0.0906206020702617,0.04627809776852981,0.3919393530939471,6.610696135189607e-05,6.610696135189607e-05,0.06636355806625438,0.32558267510149946,0.32654477830136464,0.0570387449051012,0.0,0.0003442509519862941,0.016618700288239106,0.0,0.24013274083259395,0.24084134356765458,0.8480561677699282,0.8225698001862319,1.7591615200684826e-07,0.36769620875421005,0.0,0.07091174098944167,0.0005259507253785466,0.012019150458580468,0.01223363757052097,6.610696135189607e-05,0.18643052918097264,0.1849250327488186,0.024246845031291202,6.610696135189607e-05,0.7681221039188193,0.01267832003084439,0.5391712045021102,0.8775559011901908,0.7670066159497165,0.599547913961483,0.669783248877685,0.06725452365216375,0.07153913278336298,0.0,0.0,0.0,0.0,0.0
0.00024670024824483645,0.022142681291715594,0.007183252335602061,0.0013305205185750557,6.610696135189607e-05,6.610696135189607e-05,0.15484798227354707,0.026991025644807456,6.610696135189607e-05,0.999935322178079,0.0,0.1620012690221159,0.012295580948307095,0.022604058129110302,0.0009879801017780604,0.2270176288632036,0.11115503866260265,0.18028619759311637,0.14915251805638519,0.17754469222880626,0.999999886137058,0.552823464481855,1.0,0.0351059521382198,0.548341170322927,0.008437711512801264,0.00020640360553998618,0.014112379241338556,0.9999338930386481,0.10993969196202985,0.12955896410372564,0.999963710310767,0.5247659581495727,0.659244516494705,0.24091989768204322,0.11115855054677588,0.20904418718410503,0.38189941053818705,0.10233215431873471,0.5802328978557965,0.5057611208587004,0.002795635318015333,7.754280312321566e-05,0.0,0.07967595897166015,0.0,0.018739541769913458,0.40078852667333215,0.28951429424057235,0.09072113288632101,0.04635944589850216,0.3951565843136447,6.610696135189607e-05,6.610696135189607e-05,0.06670681424162736,0.32509675775065483,0.3278078541661826,0.057023630241262814,0.0,0.00028746043161411214,0.017531038335123594,0.0,0.24137712100966466,0.24242030903226106,0.8480518466255995,0.8223777649680705,1.138629420028299e-07,0.36750057654648477,0.0,0.07087631161070058,0.0005215619130465905,0.012010489973286052,0.012216372361804489,6.610696135189607e-05,0.18650991330287814,0.1858867299221442,0.024491772861272864,6.610696135189607e-05,0.7678797627825831,0.01294762933911241,0.5400552030545781,0.876545868504917,0.7680642942551705,0.5995815710249113,0.6706502168180617,0.0672349424719362,0.07153237251592215,0.0,0.0,0.0,0.0,0.0
0.00024670024824483645,0.02214742150254832,0.007185139018812898,0.0013319061142037347,6.610696135189607e-05,6.610696135189607e-05,0.15484436903052665,0.027013485901027257,6.610696135189607e-05,0.9999353282019343,0.0,0.16113292282610586,0.013545342919037945,0.021510552267586542,0.0009086807680859413,0.2259189427864337,0.11137182108695687,0.1804641736562472,0.14937473198622192,0.17774310116056485,0.9999999263488986,0.5530764470830106,1.0,0.03496837944938057,0.5482325572473032,0.00866701061784716,0.00020640360553998615,0.013995498576456674,0.9999338930386481,0.10846380523453161,0.12800165060930926,0.9999635996401327,0.5277167777711441,0.6577478612181162,0.24095309315213534,0.1109908092963199,0.20917621582713197,0.38096728872181357,0.10259736507683934,0.5788410770506955,0.5040301762376047,0.0025808900060578913,6.089930249170879e-05,0.0,0.07959967101161775,0.0,0.018823940339741222,0.4015102176461392,0.2899574211553447,0.09082161517258176,0.0464361962076875,0.3982914958856811,6.610696135189607e-05,6.610696135189607e-05,0.06705144533607756,0.32461915005525094,0.3290411313010615,0.056988993315135725,0.0,0.00024003446723911223,0.01852445646562341,0.0,0.2425771843363189,0.2439779883291821,0.8480443780077201,0.8221959995369434,7.365110141754154e-08,0.3673238819053717,0.0,0.07084429162185868,0.0005162520498985876,0.012001558181823193,0.012199380083278696,6.610696135189607e-05,0.18658867943071106,0.18679255984066806,0.02473930752599984,6.610696135189607e-05,0.7676880027192392,0.013211007480822231,0.540924990706623,0.8754638477846421,0.7690731974380424,0.5995995740444772,0.671483692136727,0.06720991752602869,0.07152766177696603,0.0,0.0,0.0,0.0,0.0
0.00024670024824483645,0.022149992232926713,0.0071869386282619584,0.0013331997089504103,6.610696135189607e-05,6.610696135189607e-05,0.1548426599254925,0.02703638140603428,6.610696135189607e-05,0.9999353332472307,0.0,0.1602774590642145,0.014902328189517991,0.020475352913502498,0.0008356813858707592,0.224864063140316,0.11157916808893699,0.18062356024435824,0.14958676207683688,0.17792964457815233,0.9999999523850449,0.5532972575991552,1.0,0.034829039612796035,0.5480773557023639,0.008895400994252296,0.00020640360553998618,0.013903432424686448,0.9999338930386481,0.10695959690845024,0.1264493560543499,0.9999634473139536,0.5307297436698073,0.6562916789430434,0.24100384390274357,0.1108062249324026,0.20930187273706086,0.37997815221300263,0.10285762053743666,0.5774781092029043,0.5023366398413621,0.002381207831424352,4.781061877033808e-05,0.0,0.0795435171367534,0.0,0.018906798824462234,0.40220917305180764,0.2903893166542485,0.09091793447277348,0.0465556324917876,0.40144532963525426,6.610696135189607e-05,6.610696135189607e-05,0.06727780056241126,0.32414458067443164,0.3302400981089541,0.05694485806991733,0.0,0.00020044953129117336,0.01959914573791878,0.0,0.24376279377596657,0.24551548854235763,0.8480320300917388,0.8220225448030773,4.761495508711211e-08,0.36715922526409145,0.0,0.07081409457965512,0.000509858493746452,0.011992409261991526,0.012182444131973533,6.610696135189607e-05,0.18667248029527966,0.18763986138491098,0.02498491013072766,6.610696135189607e-05,0.7675296892646092,0.013468222948002527,0.5417738389631247,0.8742914468780794,0.7700223248181455,0.5995870206632079,0.6722783163222473,0.06717992893219213,0.07152431137192207,0.0,0.0,0.0,0.0,0.0
0.00024670024824483645,0.022152100632238977,0.0071887318871812515,0.0013344016256053505,6.610696135189607e-05,6.610696135189607e-05,0.15484989629839843,0.027058235877654387,6.610696135189607e-05,0.999935337393041,0.0,0.1594348454225109,0.016373060071676243,0.019495198709147125,0.0007685011309758129,0.22385084446660306,0.11177825459215392,0.18077170935753825,0.1497930259179497,0.17811045220165506,0.9999999692349917,0.5535026909559305,1.0,0.034686516436359234,0.5479011245693621,0.00913778585341827,0.00020640360553998615,0.01381586759820771,0.9999338930386481,0.10546462425410291,0.12487201294558059,0.9999632944959891,0.5337596025553374,0.6548602115795797,0.24106692011429942,0.1106060450875367,0.20941865896947198,0.37892380612624565,0.10311303610532457,0.5761479776770073,0.5006694596973045,0.00219574414963857,3.7524844156458584e-05,0.0,0.07950373846482524,0.0,0.01898951610950288,0.40290335628591717,0.29083023492294974,0.09101921601217312,0.0466452907804748,0.4045333830116599,6.610696135189607e-05,6.610696135189607e-05,0.06757705470499292,0.3236739553336925,0.3314196723874486,0.05689239404852914,0.0,0.00016739853575270094,0.020757717353788768,0.0,0.24492717357658725,0.24703567118900546,0.8480112299324117,0.8218520229541885,3.076500834362314e-08,0.3669935705792443,0.0,0.07078795429746364,0.0005038444677637762,0.011983614056273227,0.012165572609817321,6.610696135189607e-05,0.18673622766164544,0.18853782363274338,0.02522946818331071,6.610696135189607e-05,0.7673970265497592,0.01372011603297166,0.5426058404146605,0.873020894840787,0.7709187437856282,0.5995499753889898,0.6730361194280724,0.0671465941542515,0.07152315975615184,0.0,0.0,0.0,0.0,0.0
0.00024670024824483645,0.022153381348923605,0.007190193113328669,0.0013355452499529484,6.610696135189607e-05,6.610696135189607e-05,0.1548556020064789,0.027080145343519327,6.610696135189607e-05,0.9999353412535771,0.0,0.1586058495322049,0.017964207574559077,0.01856676968927548,0.0007066933770852587,0.2228792616563601,0.11197014841746807,0.18090887201932124,0.14999268752482117,0.17828374532138888,0.9999999801320996,0.5536909939907673,1.0,0.03454269778672445,0.547695943502004,0.009387641827628114,0.00020640360553998618,0.01373458408004648,0.9999338930386481,0.1039710451396151,0.1232772413364527,0.999963147861158,0.536828358908602,0.6534528761732745,0.2411382299283113,0.11038800353389815,0.2095268797614804,0.3778011907498449,0.10336127389301972,0.5748608540961747,0.4990335256656551,0.002023591239423859,2.9446786199849366e-05,0.0,0.07947752025505625,0.0,0.019072272205233224,0.40358874786522997,0.2912643313006284,0.09112237464000757,0.0467223536383701,0.40760552295724073,6.610696135189607e-05,6.610696135189607e-05,0.0679053761360676,0.32320863186984444,0.33258038359784253,0.05683239257066825,0.0,0.00013979477635968018,0.022001282186721923,0.0,0.2460584837680397,0.24853473317515426,0.8479837212357549,0.8216868078924112,1.986790041340253e-08,0.3668314857541765,0.0,0.0707655626708753,0.0004987992212337174,0.011973987297249229,0.012148814895951177,6.610696135189607e-05,0.1867918158230865,0.18940116845116076,0.02547784042695707,6.610696135189607e-05,0.767306700990709,0.013966740228883025,0.5434235279688155,0.8716477888915428,0.7717665557728844,0.5994908336863479,0.6737594644506202,0.06711051371831751,0.0715228691398694,0.0,0.0,0.0,0.0,0.0
0.00024670024824483645,0.022153981057051696,0.007191435566361681,0.0013366276606362783,6.610696135189607e-05,6.610696135189607e-05,0.15485975687594847,0.027102169424811532,6.610696135189607e-05,0.9999353445717495,0.0,0.1577908121697605,0.01968259040273579,0.017687180008537404,0.0006498455267129034,0.22195055099180977,0.11215527943454479,0.1810366828724597,0.1501851345054931,0.178448790416868,0.9999999871751131,0.5538633521200614,1.0,0.034396985616631806,0.5474625647724283,0.009610102460315729,0.00020640360553998615,0.013657989717061787,0.9999338930386481,0.10253034920736837,0.12168926323078982,0.9999630257600849,0.5399388224852025,0.652064683316844,0.2412157572892058,0.11014708493115904,0.20962630031817556,0.3766085611521756,0.10359869949249102,0.5736172778859905,0.4974262220431843,0.001863867515074727,2.3104966347419257e-05,0.0,0.07946129252535465,0.0,0.019188040680748832,0.40426969016969194,0.2916986644127521,0.09122900764158154,0.04679238709862199,0.410634489415308,6.610696135189607e-05,6.610696135189607e-05,0.06825174829977122,0.3227256688985276,0.3337273993965899,0.05676711333091704,0.0,0.00011674036287982539,0.023330469595239232,0.0,0.2471554894552092,0.25001409673371494,0.8479509979794322,0.8215281046167846,1.282488688418232e-08,0.366675355354584,0.0,0.07074584200404822,0.0004946925742800957,0.01196398184619559,0.012131866138747163,6.610696135189607e-05,0.18683798088722994,0.190235381624302,0.02572962899043398,6.610696135189607e-05,0.7672605725148789,0.01420791728656614,0.5442263172101166,0.8701703246661052,0.7725697793104073,0.5994111237258724,0.6744507495156992,0.06707195322425553,0.07152299835064119,0.0,0.0,0.0,0.0,0.0
0.00024670024824483645,0.022154642113806442,0.007192678542187462,0.0013376732768742784,6.610696135189607e-05,6.610696135189607e-05,0.15486444165830276,0.027124439082778548,6.610696135189607e-05,0.9999353474550366,0.0,0.1569895988645,0.021534866916669882,0.016853654779655388,0.0005975699653669314,0.22106517585081725,0.11233321432537342,0.18115599167276453,0.15037207855007353,0.17860793906915817,1.0,0.554027399961931,1.0,0.03424071035615265,0.5472005857302477,0.009834887238709426,0.00020640360553998618,0.013551474335051336,0.9999338930386481,0.10108749142932173,0.12008342612376842,0.9999629154995742,0.5431661303833296,0.6506740385931512,0.24129732417579217,0.10988187340900057,0.2097145776603396,0.37534664140021184,0.10382401201564513,0.5724063595667732,0.4958397910819312,0.001715435683744702,1.812924693186634e-05,0.0,0.07945196400081385,0.0,0.01928103383361503,0.40494468861585786,0.29213934217459236,0.09133998486054119,0.046858623857415835,0.41400842385806363,6.610696135189607e-05,6.610696135189607e-05,0.06861585311043775,0.3222516797760989,0.3348846437044316,0.05670394287469138,0.0,9.748706285858156e-05,0.02474946631391837,0.0,0.24823298664732024,0.25148297526410246,0.8479124857661817,0.8213739316839099,0.0,0.3665206360372552,0.0,0.07072636798243577,0.0004531038537848225,0.011954651503916492,0.012113699931168741,6.610696135189607e-05,0.1869628502551341,0.19108347851352173,0.025971107427607436,6.610696135189607e-05,0.7673711345114812,0.014441317702417232,0.5450091340850164,0.8685832596743296,0.7733342804971465,0.5993063223205028,0.6751108121335376,0.06702743946053304,0.07152124198120177,0.0,0.0,0.0,0.0,0.0
0.00024670024824483645,0.02215476158310203,0.007193625126365847,0.0013386499009612521,6.610696135189607e-05,6.610696135189607e-05,0.15486224278751165,0.027146578640393996,6.610696135189607e-05,0.9999353500543338,0.0,0.15619172519096955,0.023527264312785318,0.01606261094608729,0.0005494574788178158,0.22022104834359582,0.11250069874751459,0.1812618781757823,0.15055386809505272,0.17876092870275448,1.0,0.5541782443117161,1.0,0.03408176116549265,0.5469103389353647,0.01005485348479332,0.00020640360553998615,0.013469199720346846,0.9999338930386481,0.09964218787380721,0.11847168528858062,0.9999627601937808,0.5464332544297279,0.6493020144208999,0.24141896059728987,0.10968672960803683,0.20987447523957733,0.3740712851979903,0.10409212515190813,0.5712057232666039,0.4942754059040444,0.0015778307328349905,1.4223287032219994e-05,0.0,0.07945640631328482,0.0,0.0193749183502193,0.40561115040070306,0.29257690593340535,0.09144846215899671,0.046934146454053374,0.41728421099945767,6.610696135189607e-05,6.610696135189607e-05,0.06895634400622118,0.3217833858143719,0.3360290316453271,0.05664520801672906,0.0,8.143509279639714e-05,0.02625695546501501,0.0,0.24931337643082285,0.2529446535787719,0.8478683011721123,0.8212248480102133,0.0,0.366365349374999,0.0,0.07071367433303033,0.00041977052045148917,0.011944437069000393,0.012095858529090424,6.610696135189607e-05,0.1870355457608289,0.19202589879483886,0.026203147595860735,6.610696135189607e-05,0.7674709615597486,0.014668953933773068,0.5457441061950116,0.8667860060791779,0.773981478721539,0.5991223018581768,0.6756868265044962,0.06698020155505864,0.0715180623414014,0.0,0.0,0.0,0.0,0.0
0.00024670024824483645,0.022154500595747615,0.007194470112651988,0.0013395860628980026,6.610696135189607e-05,6.610696135189607e-05,0.15485980547344136,0.02716845010945768,6.610696135189607e-05,0.9999353521803495,0.0,0.15540584774923652,0.02566519496940145,0.0153125859343495,0.0005052296790320312,0.2194174766679145,0.1126608315670767,0.18136116221278004,0.15073272083059475,0.17891048404753607,1.0,0.5543229202261709,1.0,0.03395506232512259,0.5465873531115203,0.010276220162727947,0.00020640360553998618,0.013391429775874906,0.9999338930386481,0.0982005987931156,0.11681144617987117,0.9999626236958907,0.5497090002593418,0.6479367587245851,0.2415462092972924,0.10947610915978802,0.21002573708701797,0.3727318785060394,0.10436627286932312,0.5700302705184198,0.49272624006799165,0.00145034830488658,1.1158981587655337e-05,0.0,0.07946880436840123,0.0,0.019434166470180755,0.4062648790643643,0.2930111393543511,0.09152493245487724,0.0469997826091626,0.42055953078472985,6.610696135189607e-05,6.610696135189607e-05,0.06931819461995958,0.32135308521306866,0.3371713097915636,0.05658410429231376,0.0,6.803043212991964e-05,0.027849388864164635,0.0,0.2503781799126325,0.2543998162500967,0.8478169308645187,0.8210783569708763,0.0,0.36620827540542794,0.0,0.0707042526661352,0.0003902153415331226,0.011933816951027786,0.012078451255053463,6.610696135189607e-05,0.1870906954679757,0.19297676138172848,0.026436142497144877,6.610696135189607e-05,0.767590027253665,0.01489193148385122,0.5464638386611573,0.8648586958708105,0.7745936465465026,0.5989135029507638,0.6762162504627623,0.06693071800187096,0.0715127814691316,0.0,0.0,0.0,0.0,0.0
0.00024670024824483645,0.022153183170131086,0.007194949665176496,0.0013406306368364369,6.610696135189607e-05,6.610696135189607e-05,0.1548467865714935,0.027193227635465844,6.610696135189607e-05,0.9999353537617475,0.0,0.15463415309353173,0.02795423264880677,0.014601599306246051,0.00046459381959587165,0.2186563347024556,0.1128146447810603,0.18145518556523285,0.15090539248883839,0.17905258740909372,1.0,0.5544538226246232,1.0,0.0338127336446287,0.5462539384292695,0.010502230725479521,0.00020640360553998615,0.013309282104261962,0.9999338930386481,0.0967651182641543,0.11520945664984128,0.9999624860906328,0.5530567116478734,0.6465871811770826,0.24167947378238208,0.10924944131581607,0.21017757766068035,0.3713484137850439,0.10464517246980805,0.5688795399017632,0.4911816273031027,0.0013325046583990063,8.752744703784221e-06,0.0,0.07947878912078432,0.0,0.019509285446718216,0.40690110883140707,0.29342349013417374,0.09162699262448414,0.047056765426377135,0.4232737828824476,6.610696135189607e-05,6.610696135189607e-05,0.06969347593840808,0.3209183504483993,0.33830341523261903,0.05651791092138618,0.0,5.684419128304501e-05,0.029518917367420346,0.0,0.2514270132208146,0.25586357410155813,0.8477621028527627,0.8209386598462025,0.0,0.36606738825459245,0.0,0.07069361891774681,0.0003836198975806936,0.011922786291076678,0.012062838293480682,6.610696135189607e-05,0.18705725751015131,0.193894307068759,0.026678952441632656,6.610696135189607e-05,0.7676864171204967,0.015109403590298442,0.5471684622027,0.8627963260353771,0.7751639788417906,0.59866807502794,0.6766984928277364,0.06687880209636193,0.07149961303010638,0.0,0.0,0.0,0.0,0.0
0.00024670024824483645,0.02215147766078956,0.007195289048228353,0.0013415458127592488,6.610696135189607e-05,6.610696135189607e-05,0.1548351327241643,0.027216160280946235,6.610696135189607e-05,0.9999353549176477,0.0,0.1538800133417518,0.030398239602134072,0.01392745027736602,0.0004272796159742832,0.21793308183994822,0.11296386742441264,0.18154708237120387,0.15107200259217296,0.17918815914251773,1.0,0.5545754026356219,1.0,0.03366284697659847,0.5458922449068819,0.010728348893733728,0.00020640360553998618,0.013226537471411717,0.9999338930386481,0.09533566169845616,0.11356342778642227,0.9999623461674005,0.5565058145270547,0.6452505618123483,0.24179361644541908,0.1089414569797954,0.21027484805315177,0.3698822814405432,0.1048880791437848,0.5677520956384925,0.48965141637055914,0.0012235704604866284,6.8646039861254966e-06,0.0,0.07949065001145728,0.0,0.019591189050954496,0.4075278711465815,0.29383053583905205,0.09172983811752923,0.04711292393720714,0.4262008684090703,6.610696135189607e-05,6.610696135189607e-05,0.07006575472975353,0.3204825307213989,0.339427872014778,0.05644959236257094,0.0,4.749600923560633e-05,0.031254646594344244,0.0,0.25246007384467734,0.2573190632705282,0.8477044269473404,0.8208049762534961,0.0,0.3659339473529209,0.0,0.07068398067276994,0.000372728122587797,0.011911912023891722,0.012045949973530127,6.610696135189607e-05,0.18703964392166605,0.19471728569100524,0.026922416793507195,6.610696135189607e-05,0.7678566882573852,0.01532156617287377,0.5478767778502581,0.8606603034180705,0.7757502056602466,0.5984357923491384,0.677178839016267,0.0668239630924175,0.07148243798770888,0.0,0.0,0.0,0.0,0.0
0.00024670024824483645,0.022149718522296663,0.00719543999734407,0.0013423805612090783,6.610696135189607e-05,6.610696135189607e-05,0.15481970004340964,0.027238589662098276,6.610696135189607e-05,0.999935355795598,0.0,0.1531387807994157,0.033001655273852785,0.013287677545855676,0.00039300419553902764,0.21724910860906368,0.11310775030587743,0.1816360883366637,0.15123314658844858,0.17931806009234996,1.0,0.5546896355366107,1.0,0.03350507771440986,0.5455077364333772,0.010951632389465803,0.00020640360553998615,0.013155617496424845,0.9999338930386481,0.09390545021319678,0.11192278738110936,0.9999621998581005,0.5600329842420321,0.643924439131823,0.24190704452061687,0.10859772248385076,0.21036484638680705,0.3683597994262745,0.10511039273965664,0.566643347562446,0.4881347132638892,0.0011228837834096053,5.383484624347014e-06,0.0,0.07950523888746126,0.0,0.019675840124883475,0.40814750492943186,0.2942431170740129,0.09183614051011771,0.047168936752728714,0.42926495575246815,6.610696135189607e-05,6.610696135189607e-05,0.07044185653210051,0.32004153236309585,0.34054720651836623,0.05638313688024582,0.0,3.968874488641098e-05,0.03305278819107844,0.0,0.25348254648353125,0.25876565238955274,0.8476439696281418,0.8206765564230257,0.0,0.36580512557592804,0.0,0.07067733602453427,0.00035477888532654914,0.011901261076586627,0.012028269374443035,6.610696135189607e-05,0.1870353165591213,0.19550520137891672,0.027165123958341683,6.610696135189607e-05,0.7680965433127757,0.015528354349810763,0.5485710377997216,0.8584006222422965,0.7763077873224509,0.598194408187108,0.6776404986512797,0.06676635564814526,0.0714635460098943,0.0,0.0,0.0,0.0,0.0
0.00024670024824483645,0.022148164520457453,0.007195345686142985,0.0013431454946237556,6.610696135189607e-05,6.610696135189607e-05,0.15479899527398647,0.027260495440590813,6.610696135189607e-05,0.9999353565667033,0.0,0.1524092771684134,0.035767993029512016,0.012680456217450042,0.000361518869132779,0.216606429996349,0.11324668401700345,0.18172265386869937,0.15138981402853932,0.17944295427066786,1.0,0.5547992311486737,1.0,0.03334438094233793,0.5451090115150725,0.011173539070643966,0.00020640360553998618,0.013063834255850433,0.9999338930386481,0.09247485899306976,0.11025503567904595,0.9999620676969738,0.5636961467415417,0.6426012692422948,0.2420267885667561,0.10823804006965498,0.21046072547711778,0.3667945331751553,0.10532353664196813,0.5655608559970735,0.4866302221316998,0.001029878816103754,4.22223646045973e-06,0.0,0.07952095847838504,0.0,0.019762094145596126,0.40876569052407963,0.2946579448686197,0.09194542894745293,0.04721901515013902,0.43239505712727283,6.610696135189607e-05,6.610696135189607e-05,0.07083458939355453,0.31959575711541216,0.3416682133684155,0.056317320401396545,0.0,3.316892099147463e-05,0.0349068293009012,0.0,0.25448533747845614,0.26020312626305464,0.8475803071553569,0.8205528234928716,0.0,0.3656798103729413,0.0,0.07067515752644851,0.0003234901359063212,0.011890811815232001,0.012010122958295556,6.610696135189607e-05,0.18705994351425836,0.19630840031824962,0.027402796253579404,6.610696135189607e-05,0.7684142892772954,0.015730517389289645,0.549246613863434,0.855993966900833,0.7768256493844407,0.5979371186548107,0.6780700333616829,0.06670712250746696,0.07144399773654617,0.0,0.0,0.0,0.0,0.0
0.00024670024824483645,0.022146474954477975,0.007195026564897109,0.001343850000691858,6.610696135189607e-05,6.610696135189607e-05,0.1547718651605756,0.02728241515020819,6.610696135189607e-05,0.9999353571796984,0.0,0.1516890616791279,0.03869961841160347,0.012103905129112452,0.00033259302393344036,0.2160061405646555,0.11338027564996543,0.181805029554487,0.15154206589028957,0.17956258038272663,1.0,0.5549026331567454,1.0,0.03318142476044823,0.5446902450331926,0.011389751106117351,0.00020640360553998615,0.012977479569006535,0.9999338930386481,0.09106494968281341,0.10857518592718497,0.999961913197703,0.5674195754291727,0.641282106698332,0.24216236712611502,0.10788770612725664,0.21058427265291044,0.36521383662025936,0.10554741208550465,0.5644809837258525,0.48513380146999685,0.0009440115429933041,3.3114121818549533e-06,0.0,0.0795404306631853,0.0,0.01984924251584471,0.40938135471205994,0.29507416112270857,0.09205492533931015,0.0472759392240829,0.4355836232979199,6.610696135189607e-05,6.610696135189607e-05,0.07121486093629002,0.319148779904992,0.3427897575642594,0.05625583574053255,0.0,2.7727402759323336e-05,0.036809664913050114,0.0,0.2554931851456799,0.2616397188900635,0.8475139225667171,0.8204341082050916,0.0,0.3655569361800694,0.0,0.07067563787376803,0.00031659069395542053,0.011879809811733468,0.011992091715132509,6.610696135189607e-05,0.1870003772045658,0.19710739161888474,0.027637551693132843,6.610696135189607e-05,0.7686915583823111,0.01592813573740859,0.5498927354542245,0.85341267546114,0.7772840948152178,0.597643905442757,0.6784464473498398,0.06664555547850215,0.07142145008545275,0.0,0.0,0.0,0.0,0.0
0.00024670024824483645,0.02214449338180183,0.007194584784731879,0.0013445163262946111,6.610696135189607e-05,6.610696135189607e-05,0.15474025690861987,0.027304271174112774,6.610696135189607e-05,0.9999353576553879,0.0,0.1509855923056773,0.041796351121117514,0.011556668036541198,0.00030604168905119664,0.21544637062452637,0.11351054485949241,0.18188597983893462,0.15169177916644586,0.17967904908810392,1.0,0.5550033764027853,1.0,0.03301879653589896,0.544244350409266,0.011598634626999199,0.00020640360553998618,0.012891894474453679,0.9999338930386481,0.08963670724231451,0.10690422436863765,0.999961764806853,0.5712775619578815,0.6399725765472151,0.24228016227536825,0.10746569822663904,0.2106605665926389,0.36357994357690443,0.10573826393009014,0.5634103156208651,0.4836465543426877,0.0008647945111668118,2.5971548231774733e-06,0.0,0.0795626206496117,0.0,0.019936907714768668,0.4099939948911001,0.29548983560738873,0.0921664922257111,0.047332155806523175,0.4387986541980345,6.610696135189607e-05,6.610696135189607e-05,0.07160017387942215,0.31870019570884306,0.34390615406424696,0.056193944561065336,0.0,2.3178244057207743e-05,0.038746719304090724,0.0,0.2564977042886347,0.2630704667553719,0.8474434263223873,0.820318353757073,0.0,0.365434002947603,0.0,0.07067676496445106,0.000313366915948146,0.0118691595841043,0.011974152805763541,6.610696135189607e-05,0.18693213292573,0.1978082542068346,0.02787576082142456,6.610696135189607e-05,0.7690103970532459,0.01612126938853802,0.5505403008578892,0.8507379506522434,0.7777595871267627,0.5973672954299537,0.6788153654453835,0.06658143523100779,0.07139699906300585,0.0,0.0,0.0,0.0,0.0
0.00024670024824483645,0.022142495725653927,0.007194042761242087,0.0013451326128398392,6.610696135189607e-05,6.610696135189607e-05,0.15470626861632267,0.027325767932724645,6.610696135189607e-05,0.9999353578095865,0.0,0.15029673912323196,0.04505781735628755,0.011037104156516944,0.0002816658617305327,0.2149270238032773,0.1136377125813743,0.18196704101860145,0.15183881015396078,0.17979218049738976,1.0,0.5551012461458529,1.0,0.03285262237462589,0.5437819599829994,0.011803837498720875,0.00020640360553998615,0.01280544215876852,0.9999338930386481,0.08822664477045941,0.10522020800797428,0.9999616066598561,0.5752242604141541,0.6386561619112988,0.24238988668693268,0.10699723563804342,0.2107166853509414,0.36191408572272216,0.10590537740098971,0.5623422245460685,0.4821552662246943,0.0007917529541828063,2.037003203748712e-06,0.0,0.07958515214226262,0.0,0.020024421333088335,0.41060698232158443,0.29591239995499324,0.09227786722565456,0.04738699464137791,0.44200722965748973,6.610696135189607e-05,6.610696135189607e-05,0.07199191800137422,0.3182489679397837,0.34503380407141554,0.05613386697514966,0.0,1.9377631326150874e-05,0.040710191763717464,0.0,0.2575055891500932,0.26450745286371646,0.8473694368918564,0.8202057824994065,0.0,0.3653136017118846,0.0,0.07067925791438616,0.0002800335820725831,0.01185966110485042,0.01195591234054285,6.610696135189607e-05,0.18693450883469756,0.19850613437236675,0.028108524862114986,6.610696135189607e-05,0.7694570207865574,0.01631003401728569,0.5511795072146858,0.847944947005669,0.7782268328612155,0.5970940566518299,0.6791675987957331,0.06651447372246404,0.07137023989298776,0.0,0.0,0.0,0.0,0.0
0.00024670024824483645,0.022140831780654333,0.007193273515073213,0.0013457077867986252,6.610696135189607e-05,6.610696135189607e-05,0.15466103437076964,0.02734747853192563,6.610696135189607e-05,0.9999353581797824,0.0,0.14961526512343692,0.04848308261671079,0.01054341130802593,0.00025927164328599326,0.2144509237341034,0.11375993824305011,0.18204408475441317,0.15198372746857017,0.1799023807286356,1.0,0.5551962063845105,1.0,0.03268196687476356,0.5433167098478052,0.011995658350259477,0.00020640360553998618,0.012717868458346172,0.9999338930386481,0.08682519416088995,0.10353530416963748,0.9999614476671752,0.5792823267107187,0.637342096293062,0.2425269975170905,0.10656318861707961,0.2108291399392508,0.3602711519252701,0.10609494352128866,0.5612834239496672,0.4806690161354128,0.0007244599618692496,1.5977415930696549e-06,0.0,0.07960833235146796,0.0,0.02011197783497584,0.41122224204156316,0.2963342617676205,0.09238967653639353,0.04744110529768543,0.44519782857342655,6.610696135189607e-05,6.610696135189607e-05,0.0723884688020606,0.3177963762768279,0.346163825191237,0.05607739956242223,0.0,1.6206126461203502e-05,0.04269384596117443,0.0,0.2585114714541087,0.2659467868903771,0.8472918125695605,0.8200960215297713,0.0,0.36519546126402147,0.0,0.07068715252250993,0.0002800335820725831,0.011849600938812543,0.011937899677577008,6.610696135189607e-05,0.1868311916234232,0.19922236143422045,0.02833438694516369,6.610696135189607e-05,0.7698277120093181,0.016494078515700904,0.5517803377970504,0.8449537287662096,0.778611242626262,0.5967757304702694,0.679454132744608,0.06644516635317396,0.07134011221979691,0.0,0.0,0.0,0.0,0.0
0.00024670024824483645,0.022138645557912933,0.0071924449213884014,0.0013462613184922984,6.610696135189607e-05,6.610696135189607e-05,0.15461344303665328,0.027369197989659384,6.610696135189607e-05,0.9999353582473767,0.0,0.14895220780141638,0.05206683710877135,0.01007474655552663,0.00023872371379262072,0.2140155837641729,0.11388124134404012,0.18212248463661343,0.15212684311897778,0.18000996723792664,1.0,0.555289320589564,1.0,0.03251085356393213,0.5428273142606227,0.01217840002266927,0.00020640360553998615,0.01266274759962477,0.9999338930386481,0.08543271340846345,0.1018525267885433,0.9999612692145645,0.5833872563227994,0.6360231416307836,0.2426386449127432,0.10604928932527305,0.21087871550504683,0.3585884310898536,0.1062465097520447,0.5602240910617512,0.47917729508065654,0.0006624938743163465,1.2532640376501573e-06,0.0,0.07963092922655707,0.0,0.02020016715338064,0.4118332967055456,0.2967590746213166,0.09250150053760621,0.047494970513625355,0.44843363994246616,6.610696135189607e-05,6.610696135189607e-05,0.07278986696745707,0.3173428348419101,0.34730234683276273,0.056020061089657666,0.0,1.3553800946233911e-05,0.04468151597626214,0.0,0.2595208326664148,0.2673923494947279,0.8472106630067059,0.8199887794980357,0.0,0.3650797501838789,0.0,0.0706951399011613,0.00024670024873924977,0.011840736872319353,0.011920319203715899,6.610696135189607e-05,0.18681736295155715,0.1998892498333652,0.02855987856457811,6.610696135189607e-05,0.7703352437203622,0.016674511536453676,0.5523890861961828,0.8418838735659556,0.7790329841384803,0.5964913292200917,0.6797379064837824,0.06637383492779386,0.07130787078800215,0.0,0.0,0.0,0.0,0.0
0.00024670024824483645,0.02213726731450594,0.007191445829294999,0.0013467653410739995,6.610696135189607e-05,6.610696135189607e-05,0.15455529393054568,0.027392747394727707,6.610696135189607e-05,0.9999353581120849,0.0,0.14829848439539348,0.05580593140636197,0.009629553493187731,0.0002198511362911309,0.2136257383615039,0.11399931632119802,0.1821996636103691,0.15226790744102348,0.18011468390547705,1.0,0.5553822332940644,1.0,0.032336142379357814,0.5423526528617276,0.01239128974652841,0.00020640360553998618,0.01258675017651608,0.9999338930386481,0.08403010611436551,0.10014098516567778,0.999961099165067,0.5875762959401142,0.6346942046491609,0.24277559877295465,0.10556354335552799,0.21097933373321037,0.35693107559438886,0.10641505186675286,0.5591978217125773,0.47768531544268084,0.0006054758054340529,9.83303225671516e-07,0.0,0.07964656905892234,0.0,0.020287436286278354,0.4124484278798239,0.29718840782879985,0.09261626699293792,0.047532861162936785,0.4515850839424177,6.610696135189607e-05,6.610696135189607e-05,0.07323477162038909,0.3168840662016921,0.34845499678020403,0.055961635032503225,0.0,1.1339468002179383e-05,0.046673611462392066,0.0,0.26050150833238495,0.2688421205882797,0.8471266167535425,0.8198843327912972,0.0,0.3649711976470132,0.0,0.07071024864164087,0.0002410377160907841,0.011831909070802367,0.011902970922813335,6.610696135189607e-05,0.1867248895889352,0.20058818320072758,0.028780654724911696,6.610696135189607e-05,0.7707772422726801,0.016850798570635,0.5529642817991486,0.83863052523811,0.7793797733055997,0.5961754618069279,0.6799592097717432,0.06630135363383961,0.07127290035867041,0.0,0.0,0.0,0.0,0.0
0.00024670024824483645,0.02213533421818541,0.007190172818595429,0.0013472340333329454,6.610696135189607e-05,6.610696135189607e-05,0.15448790662941328,0.02741586399705281,6.610696135189607e-05,0.9999353586658565,0.0,0.14766395204075378,0.05969246731208022,0.00920685229327942,0.00020253545728835898,0.2132811427574734,0.11411846277569175,0.18227725984231608,0.15240534513741416,0.1802144025737868,1.0,0.5554710549005426,1.0,0.03216209807948609,0.5418562634433012,0.012590713307266547,0.00020640360553998615,0.012504697415230085,0.9999338930386481,0.08262875850604974,0.09844781182368022,0.9999609360935092,0.5919200670035989,0.6333767376585758,0.24289354764021664,0.10500974096206127,0.21103384411424905,0.3552572714290639,0.1065476951670915,0.5581879670016437,0.476202282857945,0.0005530490039267234,7.716262607304225e-07,0.0,0.07965930150470303,0.0,0.020374751813945276,0.4130604871255374,0.29760856482195625,0.09272983471209156,0.0475744270143012,0.4547460345743045,6.610696135189607e-05,6.610696135189607e-05,0.0736684677797556,0.31642764932922557,0.3496001407037143,0.05589954076949869,0.0,9.486798898473814e-06,0.048648436711098544,0.0,0.26146539513029365,0.27028439934983084,0.8470416058586592,0.8197848257999525,0.0,0.3648696435947544,0.0,0.07072588825075526,0.00021336691474352527,0.011823155127521265,0.011886366135248046,6.610696135189607e-05,0.18669168317493684,0.20122513074743625,0.029006197077974763,6.610696135189607e-05,0.7713218813436997,0.01702312163770982,0.5535429595495309,0.8352977917258585,0.779749816793573,0.5958917564025493,0.680171162075435,0.06622817509237071,0.07123605794990809,0.0,0.0,0.0,0.0,0.0
0.00024670024824483645,0.02213359846159651,0.007188835519278965,0.0013476473220259437,6.610696135189607e-05,6.610696135189607e-05,0.1544128824721027,0.027438708732936145,6.610696135189607e-05,0.9999353589930751,0.0,0.14704053220567384,0.06371894706044025,0.008805239281400146,0.00018663320599493212,0.21298313822483245,0.11423516486194504,0.18235311353928507,0.15253938254844274,0.18030976209194463,1.0,0.5555559515535619,1.0,0.03198315191467183,0.5413578929102087,0.01278083698213856,0.00020640360553998618,0.012418044779220663,0.9999338930386481,0.08123208660097819,0.096762817979624,0.9999607537052212,0.5964047640819174,0.6320587563823128,0.24302849794873627,0.1044677704191452,0.21112406499341224,0.3536239461291711,0.10668938269616735,0.557182454874628,0.47472122525505084,0.0005048670666348887,6.055782336087186e-07,0.0,0.07966816731640229,0.0,0.020464409924478334,0.41367166464875293,0.29803109158588287,0.09284081100616678,0.0476188630989439,0.457856527288748,6.610696135189607e-05,6.610696135189607e-05,0.07409362262461704,0.3159707863353534,0.3507502498021884,0.05584056116949855,0.0,7.939683273668076e-06,0.05060432028918435,0.0,0.26242941738616765,0.27173059829378027,0.8469557503849223,0.8196896323298217,0.0,0.36477588113003595,0.0,0.07074496256995845,0.0002064036056432687,0.01181471349594429,0.011870112632666291,6.610696135189607e-05,0.18657196225613007,0.20187136650916462,0.029224619670685487,6.610696135189607e-05,0.771838428178361,0.017190993815498868,0.5540904086760914,0.8318132825204145,0.780062756041914,0.5955851003756497,0.6803274790790002,0.06615296287725929,0.07119506291188381,0.0,0.0,0.0,0.0,0.0
0.00024670024824483645,0.022131554106910926,0.007187404658322621,0.0013480422274770901,6.610696135189607e-05,6.610696135189607e-05,0.15433435913368998,0.027461638870880798,6.610696135189607e-05,0.9999353591419143,0.0,0.1464347927367969,0.06787379885564997,0.008423873482405536,0.00017203898201383666,0.21272989883969082,0.11435181895792196,0.18243092049353093,0.15267145865176435,0.18040248124618227,1.0,0.5556394016763123,1.0,0.03183520555188267,0.5408548653286827,0.012963984415749072,0.00020640360553998615,0.01233255116777746,0.9999338930386481,0.07984508339308853,0.09510349723350596,0.999960559577149,0.600922203794598,0.6307346472686183,0.2431476339817307,0.10387406252378728,0.21117528967076163,0.35199530719453087,0.10680447511931065,0.5561723425147217,0.47323603498167155,0.00046060867746286905,4.7530345796442316e-07,0.0,0.07967354398481813,0.0,0.020555953306028295,0.4142802924819873,0.2984555243399747,0.09294999327088474,0.04766586163485107,0.46101996650651056,6.610696135189607e-05,6.610696135189607e-05,0.0745128349507345,0.31551363909424646,0.35191031355104774,0.05578247796132946,0.0,6.645852665854467e-06,0.05252972331750394,0.0,0.2634004912754032,0.2731826670739784,0.8468679326707728,0.8195970434503598,0.0,0.36468705433886955,0.0,0.07076391929366664,0.00020640360553998615,0.011806785935787016,0.011854313471818511,6.610696135189607e-05,0.1864479825677477,0.20243631414647748,0.029441060104509163,6.610696135189607e-05,0.7723567292727948,0.017355039180333962,0.554635095320143,0.8282521386205628,0.780394190994167,0.5953029305059514,0.6804656260409986,0.06607534725195324,0.07115037745081904,0.0,0.0,0.0,0.0,0.0
0.00024670024824483645,0.022129952664352456,0.00718586564296561,0.0013484171206448522,6.610696135189607e-05,6.610696135189607e-05,0.1542163205587156,0.02748460772985939,6.610696135189607e-05,0.9999353663941588,0.0,0.1458474750712648,0.07214498142514336,0.008061735423546192,0.00015864350721626235,0.21252199859506307,0.11447011108073168,0.18251290427061834,0.15280204751067492,0.18049315269609814,1.0,0.5557247496866645,1.0,0.031662501458367916,0.5403543334400756,0.013133533727674836,0.00020640360553998618,0.012248477985868672,0.9999338930386481,0.07848631510846445,0.09345201517927101,0.9999603676689314,0.6055643986174651,0.629405260654753,0.24325912129416105,0.10324981966608106,0.21121354426468036,0.35040273856074877,0.10690323079583376,0.5551584199947994,0.47173944076692614,0.0004199802840775573,3.730299186888596e-07,0.0,0.07966840083108874,0.0,0.020642639744700705,0.41489238447284993,0.29891327476651497,0.09305616650584807,0.047713412058122275,0.4639740582696347,6.610696135189607e-05,6.610696135189607e-05,0.07493319074188248,0.3150472060527002,0.353082738887713,0.055727399986364466,0.0,5.56444001878348e-06,0.05441968767882372,0.0,0.26437982525726367,0.27465096793738686,0.8467779722052475,0.8195064742739832,0.0,0.36460684948224675,0.0,0.07077887977038354,0.00020640360553998618,0.01179991223098084,0.011839153703321708,6.610696135189607e-05,0.1862976695387629,0.20295507565809873,0.02964846134653702,6.610696135189607e-05,0.7729074835425017,0.017512000457533993,0.5551660036482097,0.8246051989087756,0.7807191558717547,0.5950189302532113,0.6805747706091032,0.0659916436672052,0.07109668702506863,0.0,0.0,0.0,0.0,0.0
0.00024670024824483645,0.022128573196131145,0.00718404470311976,0.0013488312917387102,6.610696135189607e-05,6.610696135189607e-05,0.1541035154203538,0.027508155266780777,6.610696135189607e-05,0.9999353672378827,0.0,0.14527582952132712,0.07651768116341733,0.007717489717172827,0.00014634408853998456,0.2123572396766669,0.11458938637612216,0.1825953906102489,0.1529325980350511,0.1805813399613369,1.0,0.5558098043308044,1.0,0.031482921293015685,0.5398501253564155,0.013298264332269206,0.00020640360553998615,0.01216467217031407,0.9999338930386481,0.07713415976168089,0.0918097279939681,0.9999601642422173,0.6103598031122354,0.6280791234953113,0.24336377111250526,0.10259470237068463,0.2112384939811273,0.34883071832104096,0.10697839308422673,0.5541506023594963,0.47024108241130724,0.0003827344196708516,2.9278915271865786e-07,0.0,0.07965770171068608,0.0,0.020731474545197942,0.4155108102679198,0.2993505585881014,0.09316188159306377,0.04775990585268214,0.46696882745215323,6.610696135189607e-05,6.610696135189607e-05,0.075359130238096,0.31458642182096963,0.35425675533408973,0.05567217465573056,0.0,4.660175792853333e-06,0.05626500502470431,0.0,0.2653532856514662,0.2761224073798531,0.846684667545278,0.8194183672495103,0.0,0.3645324939585095,0.0,0.07079997268019404,0.00020640360553998615,0.011793660713314284,0.011824622623511426,6.610696135189607e-05,0.18616153727707901,0.2034296005065303,0.029850039250393635,6.610696135189607e-05,0.7734742003272079,0.017664121170598925,0.5556882247104371,0.820887616465898,0.781039356125907,0.5947579325657147,0.6806643672391064,0.06590672561291541,0.07104111959859083,0.0,0.0,0.0,0.0,0.0
0.00024670024824483645,0.022127203219327363,0.007182265598436326,0.001349228244340074,6.610696135189607e-05,6.610696135189607e-05,0.1539910816184552,0.027531889845570146,6.610696135189607e-05,0.999935368035705,0.0,0.14472029651068935,0.08097817953408254,0.007390285248211557,0.0001350491245868326,0.21223795209403612,0.11470972193404343,0.18267962159256845,0.1530626097616701,0.18066830867385997,1.0,0.5558954994408718,1.0,0.03129799074281384,0.539341068117163,0.013457861122820412,0.00020640360553998618,0.012080410637457179,0.9999338930386481,0.07578271876097331,0.09020327710712954,0.9999599456655107,0.615267945613311,0.6267500062352478,0.24346381551846624,0.1019159055093835,0.2112551377410096,0.34728379026356876,0.10703324333931373,0.5531469350648129,0.46874117690943623,0.0003485932953689316,2.2982791358817265e-07,0.0,0.07964049325235047,0.0,0.02082053877380616,0.4161228616439499,0.29977891443937993,0.093262031681993,0.04780410431716714,0.46998201132719886,6.610696135189607e-05,6.610696135189607e-05,0.07578702753898901,0.31413185381913006,0.3554378652326204,0.0556179762797588,0.0,3.903941461080794e-06,0.058063544110888904,0.0,0.266322723442624,0.2775944024618202,0.846588796942961,0.8193314614982264,0.0,0.36446400730677775,0.0,0.0708251394316191,0.00020640360553998618,0.011788242215739087,0.0118106183437734,6.610696135189607e-05,0.18603477458262016,0.20387523687863188,0.030046968065079248,6.610696135189607e-05,0.7740455661262623,0.01781212853213182,0.5561979116910856,0.817105914956534,0.7813506730693178,0.5945176165009555,0.6807288045666502,0.06582061955851971,0.07098479903617518,0.0,0.0,0.0,0.0,0.0
0.00024670024824483645,0.02212585059468628,0.007180467832688955,0.001349617740148268,6.610696135189607e-05,6.610696135189607e-05,0.15387802714585858,0.027555904908720195,6.610696135189607e-05,0.9999353687927949,0.0,0.1441807494408143,0.08550968990119867,0.007079275207280758,0.00012467287080653098,0.21216281294177095,0.11482975900339637,0.18276397918297257,0.15319057676020106,0.18075308159878703,1.0,0.5559796152725023,1.0,0.031110631697487817,0.5388325077532297,0.013614646988117585,0.00020640360553998615,0.011995414779831085,0.9999338930386481,0.07443984532986149,0.08857997533013974,0.9999597185653764,0.6203097111320716,0.6254103159967489,0.24355983888672805,0.10122053041234498,0.2112652010850319,0.3457681055862745,0.10707289446088358,0.5521459605849272,0.4672383995476314,0.00031731124724755893,1.804201160642632e-07,0.0,0.07961704904514115,0.0,0.020876182120710036,0.4167219332920907,0.3001977175295098,0.09335075465018387,0.04784545595991631,0.47303460714426515,6.610696135189607e-05,6.610696135189607e-05,0.07621173415331105,0.31370726597179416,0.35663340061971294,0.05556566645608787,0.0,3.2715579071275268e-06,0.05981219826673935,0.0,0.2672911107112651,0.279070205857185,0.8464921119925514,0.8192467379810969,0.0,0.36440333568235667,0.0,0.07085452314276486,0.00020640360553998615,0.011783624162159969,0.01179731415377185,6.610696135189607e-05,0.18591788901049403,0.20430827775994462,0.030237415699745092,6.610696135189607e-05,0.7746138630713384,0.017956283383538125,0.5566937452163698,0.8132697796864563,0.7816522521497802,0.5942950232761796,0.6807642925973455,0.06573316970041146,0.07092741541221108,0.0,0.0,0.0,0.0,0.0
0.00024670024824483645,0.022123865377459057,0.007178408163459062,0.0013500000654457567,6.610696135189607e-05,6.610696135189607e-05,0.15375595502577408,0.027580613385637123,6.610696135189607e-05,0.9999353695246755,0.0,0.1436573772578124,0.09009516239005078,0.006783613953218856,0.0001151381909621921,0.21213223030730155,0.11494910350436859,0.18284716762226028,0.15331464737557782,0.18083350546340815,1.0,0.5560561648366689,1.0,0.030918888027045146,0.5383249560482555,0.013770865562378403,0.00020640360553998618,0.011929960687682527,0.9999338930386481,0.0730728932957901,0.08700733944264905,0.9999594723065853,0.6255052728131731,0.62408158681446,0.24365261478195072,0.10051275086797096,0.21127146710675324,0.34428491559673685,0.10709879639005679,0.5511520981271663,0.46573868027632137,0.00028870701244492684,1.4163155436719318e-07,0.0,0.0795872359892143,0.0,0.020952883281425302,0.41730598826285303,0.30059922642715514,0.09343393119252384,0.04788346204033473,0.4757347061232045,6.610696135189607e-05,6.610696135189607e-05,0.07663443632250556,0.31328448806148035,0.357819644707856,0.055510874500465476,0.0,2.7426565450393915e-06,0.06150069130885864,0.0,0.2682510248112266,0.2805433578731411,0.8463966456119772,0.8191663529050375,0.0,0.3643565991741169,0.0,0.07088980100057314,0.00020640360553998618,0.01177972503185647,0.011786016053970706,6.610696135189607e-05,0.1858165121658621,0.20473746161964693,0.03043366279498368,6.610696135189607e-05,0.7751625889018644,0.01809876847768398,0.5571791334597713,0.8093920867419783,0.7819421762834828,0.5940992549034423,0.6807689733026416,0.06564777355723855,0.0708707942282772,0.0,0.0,0.0,0.0,0.0
0.00024670024824483645,0.022122248846165222,0.007176295411516969,0.0013503531506849206,6.610696135189607e-05,6.610696135189607e-05,0.15363374648546083,0.027605631150130774,6.610696135189607e-05,0.9999353701652288,0.0,0.14315177707321658,0.09471816615183479,0.006502733331509299,0.0001063752833752068,0.21214867013998132,0.11506875277113826,0.18293268783579525,0.15343422296001055,0.18090964808470386,1.0,0.5561305636944657,1.0,0.03073758791974641,0.5378328872609455,0.01393325108203595,0.00020640360553998615,0.011855576235350183,0.9999338930386481,0.0717245924885355,0.0854167978328275,0.9999592285321623,0.630780714180502,0.622726453352858,0.2437422425089036,0.09979455722485173,0.2112693055869532,0.3428330441815979,0.10711000093140645,0.5501742859222435,0.4642342464398129,0.0002625322828515581,1.1119638055395177e-07,0.0,0.0795447052227295,0.0,0.02103474678370034,0.4178856360072352,0.3010023522916613,0.09354758247401551,0.047915188783113766,0.47858891819189114,6.610696135189607e-05,6.610696135189607e-05,0.07706357945764632,0.3128450452095566,0.3590345787288554,0.05545511475558833,0.0,2.3002692675067754e-06,0.06313715948600132,0.0,0.26919453769922086,0.28202031567225017,0.8463032447571379,0.8190902407189156,0.0,0.36432473108280483,0.0,0.07092874387795352,0.00020640360553998615,0.011776541900799601,0.011775059673548801,6.610696135189607e-05,0.18573010282476324,0.2051764648935973,0.03059012808029688,6.610696135189607e-05,0.7756973007997532,0.018238967918286508,0.5576508656622915,0.8054872766233135,0.78222566081227,0.5939234210490256,0.6807413289286122,0.06556242360739746,0.07081275005214177,0.0,0.0,0.0,0.0,0.0
0.00024670024824483645,0.022121465867584737,0.007174007296620622,0.0013504984835796606,6.610696135189607e-05,6.610696135189607e-05,0.15350623762689364,0.027627900094290867,6.610696135189607e-05,0.9999353716220074,0.0,0.1426646011305038,0.09936064582117825,0.006235772051651235,9.831937981059978e-05,0.21221199400659388,0.1151896420512886,0.18301959665653064,0.15355006777830527,0.18098185894126118,1.0,0.5562067356378664,1.0,0.03055665845325134,0.5373561963675518,0.01409551620806804,0.00020640360553998618,0.01178015239816486,0.9999338930386481,0.07038509362300625,0.08384029266783362,0.99995898503368,0.6361532788080827,0.6213806857872478,0.2438331338137502,0.09907422166931784,0.21126914546853603,0.3414271664824449,0.10711112838944753,0.5492140721894988,0.46273971476991155,0.0002386063603920371,8.731168299509223e-08,0.0,0.07949258335229657,0.0,0.021116774940460586,0.4184716761495297,0.30140819255884455,0.09362707279999667,0.04794584636037966,0.4813468066430393,6.610696135189607e-05,6.610696135189607e-05,0.07750258906537626,0.3124138028684509,0.36024507088581237,0.05539990917998807,0.0,1.9299331975189343e-06,0.06472577226401174,0.0,0.2701221712847439,0.28348990792117557,0.8462113258613028,0.8190180537470558,0.0,0.36430068100983704,0.0,0.07096754698181693,0.00020640360553998618,0.011773741604878362,0.011765039231116095,6.610696135189607e-05,0.185633735138184,0.20560353892379019,0.03076372952755013,6.610696135189607e-05,0.7762175956859524,0.018374243326939856,0.558102355875758,0.8015651325095039,0.7824931525466152,0.5937487418737327,0.6806768776039586,0.06547411447446867,0.07075078065238229,0.0,0.0,0.0,0.0,0.0
0.00024670024824483645,0.022087303375502364,0.007171667804839394,0.0013507678924952141,6.610696135189607e-05,6.610696135189607e-05,0.1533810556331567,0.02765319599215607,6.610696135189607e-05,0.9999354803486862,0.0,0.14219558094518464,0.10400213386300695,0.005981955271568486,9.091124045181669e-05,0.21231951434450239,0.11531255457299056,0.18310782639105275,0.15366225721958504,0.18105007244922236,1.0,0.556282014607947,1.0,0.03037148483051332,0.5368873893317976,0.014256723983850663,0.00020640360553998615,0.01167137286597668,0.9999338930386481,0.06904434077167458,0.082299833832167,0.9999587448912681,0.6417564215218365,0.6200309875739359,0.2439214878378934,0.09835395532766496,0.21126958403264579,0.34006353733466077,0.10710261317421668,0.5482603231169211,0.46124716297561963,0.00021673255549649724,6.855896736561498e-08,0.0,0.0794274618869048,0.0,0.02119677228899748,0.4190499102660594,0.3018034872402271,0.09371197915999172,0.04797447480181778,0.4840703345665168,6.610696135189607e-05,6.610696135189607e-05,0.07793869915394258,0.3119893643841933,0.3614647248364392,0.05534553563683003,0.0,1.6199887238586964e-06,0.06626303769349613,0.0,0.2710425822411582,0.2849600973065478,0.8461210102249185,0.8189498589918103,0.0,0.3642905235051483,0.0,0.07100800775731514,0.00020640360553998615,0.011771341497417055,0.01175616154870062,6.610696135189607e-05,0.1855374473219151,0.20602285130685255,0.030940685489969894,6.610696135189607e-05,0.776722265255802,0.018504287589624847,0.5585373955800919,0.7976439108093282,0.7827468407070619,0.5935825137313913,0.6805778724812809,0.06538454006893016,0.07068491332677986,0.0,0.0,0.0,0.0,0.0
0.00024670024824483645,0.022075204050984704,0.007169879354383944,0.0013510416871305674,6.610696135189607e-05,6.610696135189607e-05,0.15326190006698925,0.027680432155845834,6.610696135189607e-05,0.9999354799966595,0.0,0.14174011522911814,0.10862646184770246,0.005740447207821251,8.409403873939171e-05,0.2124641928053573,0.11543052493045748,0.1831766420624363,0.1537591401396504,0.18109540820244974,1.0,0.5562667226931849,1.0,0.03018114384293159,0.5364285834350192,0.014409744951066034,0.00020640360553998618,0.01158305306495666,0.9999338930386481,0.06770184336300786,0.0807592984486383,0.9999584526529665,0.6474775769265869,0.6186851105548439,0.2440198667107297,0.09765637635377734,0.21127258635478996,0.33875013166949225,0.10711803245404736,0.5472919956529363,0.45977742087685874,0.00019676119412672248,5.382813098841007e-08,0.0,0.0793855506298966,0.0,0.021286236252208202,0.4196522135786382,0.30219393418812696,0.09378051657055488,0.048015207981132665,0.4866613330752447,6.610696135189607e-05,6.610696135189607e-05,0.0783340924969614,0.3115773822994984,0.3626858126882825,0.055298894972813505,0.0,1.360618494334718e-06,0.06774575252230448,0.0,0.27198873479913555,0.28643725284335775,0.8460440986662229,0.8189045379694193,0.0,0.36434772667691856,0.0,0.07105155963255007,0.00020640360553998618,0.011769598003473832,0.011748117070995387,6.610696135189607e-05,0.18543703158732702,0.2064383649345462,0.031113414405136937,6.610696135189607e-05,0.7772403340286869,0.018629076756873652,0.5589411230873388,0.7937171617985203,0.7829856058188944,0.593420021769464,0.6804177747405953,0.0652887446174707,0.07060868421734731,0.0,0.0,0.0,0.0,0.0
0.00024670024824483645,0.022068645262247607,0.0071677391875681375,0.0013513269951135661,6.610696135189607e-05,6.610696135189607e-05,0.1531416349323217,0.027708429411998733,6.610696135189607e-05,0.9999354798231667,0.0,0.14130338440291398,0.113212302041601,0.005510779628495776,7.782127098325374e-05,0.21264609475718035,0.11555253015672773,0.18325408371478258,0.15386110323326463,0.18114825387203892,1.0,0.5562695184234242,1.0,0.02998743692505249,0.5359639914173441,0.014560980448614692,0.00020640360553998615,0.01150129596742972,0.9999338930386481,0.06638040525196369,0.07926192105560517,0.9999581738182731,0.653257633888632,0.6173192019749216,0.24410706702657767,0.09695886455278788,0.21126836211753888,0.3374650723741576,0.10711974388580663,0.5463142399535553,0.45829373504466264,0.00017851247160404927,4.2259256198325965e-08,0.0,0.07933485878877311,0.0,0.021357564489053137,0.42022707143629295,0.3025750437162302,0.0938466429994126,0.04804942690660027,0.4894129819072241,6.610696135189607e-05,6.610696135189607e-05,0.07874130500484468,0.31117989123409084,0.3639308541510168,0.05525390548827197,0.0,1.1434291933238961e-06,0.06918276931036957,0.0,0.27294087778616377,0.28792060571854866,0.8459603842951313,0.8188517038687049,0.0,0.3643956227878027,0.0,0.07109504004065076,0.00020640360553998615,0.011768074546818401,0.011761619807321523,6.610696135189607e-05,0.1853400731784359,0.20686152764489632,0.031195177016098693,6.610696135189607e-05,0.7776088880436878,0.01874994387406156,0.5593356430822364,0.7898288334056112,0.783219714824772,0.5932743370444896,0.6802341613570131,0.06519235210355313,0.07053157552200623,0.0,0.0,0.0,0.0,0.0
0.00024670024824483645,0.022064400308387577,0.0071652362446491535,0.0013514337021343728,6.610696135189607e-05,6.610696135189607e-05,0.15301388334857904,0.02773624271296216,6.610696135189607e-05,0.9999354807761014,0.0,0.1408863509441553,0.1177429885296691,0.005292437311067787,7.204744146992894e-05,0.21286798849785507,0.11567526005774871,0.18333602574387603,0.1539629977649373,0.18120316514185666,1.0,0.5562893552853343,1.0,0.029798740463503327,0.5355050436480966,0.014709909326443667,0.00020640360553998618,0.01142410651184662,0.9999338930386481,0.0650675726129469,0.07780270954998673,0.9999578906805363,0.6591657957072096,0.6159574849703413,0.24419183821473753,0.09626746438459881,0.2112644001450057,0.33622151086147734,0.10710797309114985,0.5453518174290746,0.4568162587944559,0.00016186447239278118,3.3175076433420554e-08,0.0,0.07927216059346535,0.0,0.02143308607789534,0.42078631345700424,0.3029465019290988,0.09390717197108359,0.048077284452318,0.49198605057615263,6.610696135189607e-05,6.610696135189607e-05,0.0791552208602046,0.3107883246847116,0.36517720828885547,0.05520333730106733,0.0,9.61490922222074e-07,0.07055576355019105,0.0,0.27387519307660496,0.289396826255478,0.84587513776267,0.8187968016830669,0.0,0.3644384841212004,0.0,0.07114909905609901,0.00020640360553998618,0.011768028999836446,0.011761156799100229,6.610696135189607e-05,0.18528257211830634,0.20730301994635542,0.031339421729816505,6.610696135189607e-05,0.7779442270306105,0.01886530674080325,0.5597184735400399,0.7859895470857321,0.7834422010530043,0.5931506781468616,0.6800240384109951,0.06509772943657174,0.07045088920619005,0.0,0.0,0.0,0.0,0.0
0.00024670024824483645,0.02206166363827958,0.007162643580336413,0.001351596421320191,6.610696135189607e-05,6.610696135189607e-05,0.15287892733452355,0.027763607876019916,6.610696135189607e-05,0.9999354822288545,0.0,0.14048934926740209,0.12219972663411686,0.005084756038270663,6.673036305800355e-05,0.2131274208584417,0.11579832035521233,0.18342215009554624,0.1540626023411247,0.1812574121349565,1.0,0.5563232682541343,1.0,0.02960946635697866,0.5350567272569119,0.014857684651816406,0.00020640360553998615,0.01134458688897364,0.9999338930386481,0.06376425567040062,0.07636335736548168,0.999957600865473,0.6651864182983511,0.6145932623185263,0.2442730609310074,0.09558146767717923,0.21125618813308902,0.3350163860133127,0.10707940474374421,0.5444061296821224,0.45534455870292073,0.0001466817906167148,2.60419993393004e-08,0.0,0.0791929074148022,0.0,0.02150745303662871,0.4213335329041014,0.30330881474637583,0.09399832641010121,0.04810031866806807,0.4945455354056324,6.610696135189607e-05,6.610696135189607e-05,0.0795669834384306,0.3103889340258138,0.3664310327174191,0.055152427794377484,0.0,8.090280413867067e-07,0.07187877665214101,0.0,0.27479388583217657,0.2908651833446679,0.8457907158682586,0.8187425618230442,0.0,0.3644838243310636,0.0,0.071205025255012,0.00020640360553998615,0.011768682361358546,0.011758091196254013,6.610696135189607e-05,0.18523752465192075,0.20775655392288409,0.031496345412788285,6.610696135189607e-05,0.7782550986572548,0.018975704964054693,0.560085162007213,0.7822188056887038,0.7836582468005989,0.5930381069714884,0.6797931743978142,0.06500166413048872,0.07036810785686522,0.0,0.0,0.0,0.0,0.0
0.00024670024824483645,0.022060353427239138,0.007160077101602709,0.0013516116158513692,6.610696135189607e-05,6.610696135189607e-05,0.1527407825981269,0.027786965675805513,6.610696135189607e-05,0.9999354844547523,0.0,0.14011174638062543,0.1265650497764375,0.004887083633358642,6.183134776364763e-05,0.21342086487838854,0.11592139941412355,0.18351063920472668,0.15415956903500927,0.18131001615469622,1.0,0.5563694893978942,1.0,0.029420221876112703,0.5346224422777406,0.0150053865308582,0.00020640360553998618,0.01126398578390318,0.9999338930386481,0.06243874146200804,0.07490035734426165,0.9999573133247224,0.6714047311441254,0.6132446688802096,0.24435145593159874,0.09490560586089579,0.21124525543939643,0.33384664685898047,0.10703726084765577,0.5434806912831518,0.4538875777001747,0.00013285294163622189,2.0442237077779315e-08,0.0,0.07910079296343811,0.0,0.02158123309042072,0.42188000232336864,0.3036748979642519,0.09405973070139247,0.04812372787303877,0.49703186538080474,6.610696135189607e-05,6.610696135189607e-05,0.07997713716545463,0.3099985749645016,0.36767440420590813,0.055101850187191895,0.0,6.811491878097934e-07,0.07315863905496285,0.0,0.27569463746240463,0.29231822025503496,0.8457075780233545,0.8186899634030667,0.0,0.36452971763866765,0.0,0.07126242046778342,0.00020640360553998618,0.011769785405320603,0.011754326462899731,6.610696135189607e-05,0.18519915541809456,0.2082161089879076,0.03165376117417547,6.610696135189607e-05,0.7785415777246327,0.01908092691388227,0.560434947500584,0.7785293443626667,0.7838669797780572,0.592932882738293,0.6795418742739557,0.06490327184032012,0.07028356284006369,0.0,0.0,0.0,0.0,0.0
0.00024670024824483645,0.022059469000245014,0.007157547258003087,0.0013517815363334365,6.610696135189607e-05,6.610696135189607e-05,0.1525996939012079,0.027811692393072768,6.610696135189607e-05,0.9999354867137535,0.0,0.13975276863141595,0.13082313092638537,0.004698878980434216,5.7315732845768576e-05,0.21374475764195117,0.11604577133620703,0.18360196166097162,0.15425404356223738,0.18136077894040442,1.0,0.5564229115478477,1.0,0.02922931809570789,0.5341990302265748,0.015159149708862125,0.00020640360553998615,0.011182265599293317,0.9999338930386481,0.06112330422052698,0.07347317686296376,0.9999570177440102,0.6777600680929055,0.6118864516004704,0.2444243453944941,0.09424683671051344,0.21123248871561512,0.33270247466473607,0.10698692819277579,0.5425542271722,0.45242262801006244,0.0001202560820524121,1.6044727034715412e-08,0.0,0.07899307124563516,0.0,0.021653869217109895,0.4224197521728912,0.30405357875204786,0.09411756580499216,0.04814660142870062,0.49949653854665704,6.610696135189607e-05,6.610696135189607e-05,0.08038844786206507,0.30961238019077997,0.3689319602223779,0.055052902733605594,0.0,5.73912895111822e-07,0.07440241147946167,0.0,0.27659599891881215,0.29377914793902465,0.8456257003557103,0.8186392050148685,0.0,0.3645840172065171,0.0,0.07132014882429986,0.00020640360553998615,0.011771148863808345,0.011751543233623894,6.610696135189607e-05,0.18516539251139366,0.2086956385349206,0.031814590315725186,6.610696135189607e-05,0.7787935192706599,0.01918158817715174,0.5607699832404844,0.7749300323631012,0.7840680583910555,0.5928377981229564,0.679268314165273,0.06480400257278086,0.07019626238994128,0.0,0.0,0.0,0.0,0.0
0.00024670024824483645,0.022059148574386768,0.0071548980078083215,0.0013520400979377318,6.610696135189607e-05,6.610696135189607e-05,0.15244785269036243,0.02783692290010682,6.610696135189607e-05,0.9999354901020199,0.0,0.13941196632101763,0.1349607718795855,0.004519590081279586,5.315159524782891e-05,0.21409730217119968,0.11617141898321694,0.1836944697003954,0.15434798269882868,0.1814112104698728,1.0,0.5564826683799864,1.0,0.029005292327702544,0.5337738818734511,0.015312021594340225,0.00020640360553998618,0.011100285286471182,0.9999338930386481,0.05981016024671389,0.07207665583482196,0.9999567103391445,0.6843937552286382,0.610532627380811,0.2444943567377624,0.09360542093655903,0.21121927164243212,0.33158901028939103,0.10692753069831312,0.5416372264772592,0.4509647708940258,0.00010879298734681188,1.2591874151060642e-08,0.0,0.07887188034654129,0.0,0.02172549255825514,0.4229581627344504,0.30441281292979755,0.09417088389191482,0.048168179996434544,0.5018866265143844,0.00017758170386170488,6.610696135189607e-05,0.08079595661715709,0.3092263359461573,0.3701898573841763,0.05500399563317197,0.0,4.839309356836253e-07,0.0756060781670509,0.0,0.2774870833213897,0.2952341164062702,0.8455432243138246,0.818588776938253,0.0,0.3646454512734723,0.0,0.07137920801678024,0.00020640360553998618,0.011772379419740697,0.01174929564710262,6.610696135189607e-05,0.1851396802033114,0.20917724280348002,0.031974089750884775,6.610696135189607e-05,0.7790108261258435,0.01927751523501264,0.561089681308048,0.7714338071838555,0.7842606543453526,0.5927517599483102,0.6789751671304872,0.06470427121813413,0.07010664299930856,0.0,0.0,0.0,0.0,0.0
0.00024670024824483645,0.022059062917804434,0.007152397497774116,0.0013523599465803135,6.610696135189607e-05,6.610696135189607e-05,0.15228702625734633,0.02786268077422261,6.610696135189607e-05,0.9999354939401537,0.0,0.13908729906380723,0.1389655222791321,0.004348637666186552,4.9309136569475345e-05,0.2144746661106568,0.116294939558382,0.1837838410869342,0.1544391139450691,0.1814586472823429,1.0,0.5565439051992166,1.0,0.02880315002241191,0.5333485994920601,0.015459757768852698,0.00020640360553998615,0.011018075814159738,0.9999338930386481,0.05852971527577891,0.07069400929687691,0.9999563856935998,0.6910675316365149,0.6091793594949276,0.2445581029160865,0.09296878158957668,0.21119209895847893,0.33048309190240466,0.10684649954867287,0.5407348078987022,0.44952401159946426,9.837076699402956e-05,0.0,0.0,0.07874430058239044,0.0,0.02180103846626664,0.4234892480054963,0.3047446603153875,0.09422156646664673,0.048188272711110654,0.5044443901651524,0.0004254838002147653,6.610696135189607e-05,0.0812011323548179,0.308837749098023,0.37144941360340766,0.054953492368348275,0.0,4.0835589703015377e-07,0.07676862287011478,0.0,0.27836285328355376,0.29667109951988735,0.8454625152879369,0.818541352717657,0.0,0.36471179421839295,0.0,0.07144593801627805,0.00020640360553998615,0.011773789024450792,0.011747312212975217,6.610696135189607e-05,0.1851572006610144,0.2096435611865541,0.03213199797148982,6.610696135189607e-05,0.7791764756781917,0.019371226901664693,0.561401105651758,0.7680656961312913,0.7844588550194375,0.592698976090911,0.6786788343406703,0.06460739925936211,0.0700210477937142,0.0,0.0,0.0,0.0,0.0
0.00024670024824483645,0.022059819321106473,0.007150162166579615,0.0013527060292493137,6.610696135189607e-05,6.610696135189607e-05,0.15211497153571948,0.027888794257099985,6.610696135189607e-05,0.9999354985826401,0.0,0.13878069447410007,0.14283371153516436,0.004185678581329097,4.5762284541411144e-05,0.21488194791881807,0.11641552679107801,0.18386920181598326,0.1545248313140645,0.18150048137545702,1.0,0.5566087187134087,1.0,0.028607747927997848,0.5329353574524354,0.015600548462217222,0.00020640360553998618,0.010920406687962155,0.9999338930386481,0.05724301234077142,0.06934801833194046,0.9999560744635706,0.69796153006207,0.6078399841453859,0.2446235909117519,0.09235156218262675,0.2111695164260413,0.32941163415556884,0.10675535320212419,0.5398498970311445,0.44810026592146773,8.890079590111196e-05,0.0,0.0,0.07860624856935751,0.0,0.021872579162947055,0.42401520803914305,0.3050378536819878,0.09427118500896997,0.048208164013445486,0.5068305580670845,0.0008139336867521035,6.610696135189607e-05,0.08160579481580735,0.3084519683029505,0.37270161262408535,0.05490347920378102,0.0,3.448654941323394e-07,0.07789509067778576,0.0,0.27922568389465996,0.29809691708029185,0.8453862678900343,0.818499518624543,0.0,0.3647850327172339,0.0,0.0715112782242997,0.00020640360553998618,0.01177583393443672,0.011746117780331473,6.610696135189607e-05,0.18517473575641066,0.2101066537877998,0.03228787688320332,6.610696135189607e-05,0.7793003941618906,0.019458403230528713,0.561692235410367,0.7648147262822089,0.7846444601271355,0.592647512882104,0.6783626988790578,0.06450889228311758,0.06993361518225719,0.0,0.0,0.0,0.0,0.0
0.00024670024824483645,0.02206105227720938,0.007148321517490993,0.0013530352747930855,6.610696135189607e-05,6.610696135189607e-05,0.15193903730030167,0.027914704359984346,6.610696135189607e-05,0.9999355036065272,0.0,0.13849101016004722,0.14655515363356184,0.004030255551022093,4.248649055476716e-05,0.2153136463554131,0.11653299647884457,0.18395137003459383,0.15460339393289424,0.1815353386932975,1.0,0.5566767951640335,1.0,0.02840568146461145,0.5325292408348259,0.015737739149520823,0.00020640360553998615,0.010829605888093256,0.9999338930386481,0.05595588008891705,0.06803551622008713,0.9999557309051885,0.7050230195474342,0.6065054084909312,0.24468839110143478,0.09176452626493611,0.21115190608702633,0.32838054370835285,0.10666400465917593,0.5389575567173647,0.4466808039399905,8.03016255371797e-05,0.0,0.0,0.0784578730491134,0.0,0.02193400430287594,0.4245325477192596,0.3052941847423025,0.09431477943906154,0.048234212767322815,0.509109624672091,0.0012932532675364796,6.610696135189607e-05,0.08198533143622735,0.3080813264505125,0.3739564074134776,0.05485794366778946,0.0,2.915210971117154e-07,0.07898719566137405,0.0,0.28010166414032744,0.299525970609185,0.8453163044415686,0.8184646613067025,0.0,0.3648653317868532,0.0,0.07157462711918823,0.00020640360553998615,0.0117785999059009,0.011745650987973168,6.610696135189607e-05,0.18518557478103045,0.21059239311154887,0.03243931342660322,6.610696135189607e-05,0.7793772393863986,0.019538184095591368,0.5619626550707285,0.761680320101502,0.7848175468408545,0.5925897741397184,0.678022348985411,0.0644077826634634,0.06984185541623056,0.0,0.0,0.0,0.0,0.0
0.00024670024824483645,0.022062551029780247,0.00714685606151255,0.0013533396670080443,6.610696135189607e-05,6.610696135189607e-05,0.151795790877145,0.027940014129202387,6.610696135189607e-05,0.9999355019677347,0.0,0.13821733666120273,0.15012063305760795,0.0038819344854786743,3.9459554444325666e-05,0.21576397579032905,0.11664722423552049,0.1840314519258119,0.15467542823402836,0.1815646829103759,1.0,0.5567486682397671,1.0,0.028205335751023578,0.5321332362315098,0.015875146610599154,0.00020640360553998618,0.01074014812570659,0.9999338930386481,0.05466427352786755,0.06673918225864021,0.9999553832347942,0.7123047869366181,0.6051724747260542,0.24474910073528133,0.09120418955460015,0.21113172427540283,0.32737613301499147,0.10656938378246304,0.5380669184049802,0.44526615006453296,7.249987543709087e-05,0.0,0.0,0.07829878660263934,0.0,0.021993225561189763,0.4250371586297452,0.305517237876056,0.09435303076165602,0.048256759218953955,0.5113104484714377,0.0018818169015609341,6.610696135189607e-05,0.08236174466073166,0.30768636812326605,0.3752152043980458,0.054813614569271765,0.0,2.4666203827206216e-07,0.08004382824213255,0.0,0.2809794482102681,0.30095390445428566,0.8452520718905346,0.8184353170896241,0.0,0.36495254515759357,0.0,0.07164623123872102,0.00020640360553998618,0.011781863392328907,0.011745908857147573,6.610696135189607e-05,0.18521018346740767,0.21109248642889178,0.03258894465204781,6.610696135189607e-05,0.7793770548433935,0.019612320875900095,0.5622199480342441,0.7586751773877919,0.7849860945770802,0.5925405791884317,0.6776666404272079,0.06430640914923123,0.06974849355536955,0.0,0.0,0.0,0.0,0.0
0.00024670024824483645,0.02206456289024642,0.007145499559880022,0.0013535992842553966,6.610696135189607e-05,6.610696135189607e-05,0.15163651698197508,0.027965819751221633,6.610696135189607e-05,0.9999355078476766,0.0,0.13796096805552718,0.15352675960619408,0.003740435017608049,3.666181395553701e-05,0.21623177590681983,0.11675716220282199,0.18410755406395823,0.15473185037169807,0.18157894493676424,1.0,0.5568148742244181,1.0,0.02800428816956332,0.5317502871608265,0.016014837085076592,0.00020640360553998615,0.010651106284541977,0.9999338930386481,0.05339811151751488,0.06543197345006499,0.9999550291069105,0.7197196288575445,0.6038390447651257,0.2448080786732065,0.09067313635901517,0.21111088466779748,0.32639652896792465,0.10647381497384063,0.537182090825707,0.4438593903625492,6.542580985601578e-05,0.0,0.0,0.07812846589688213,0.0,0.022050907245790848,0.4255429071451928,0.3057118444973028,0.0943907639612458,0.04827801347209151,0.513426845527452,0.0025643778432557613,6.610696135189607e-05,0.08274136809815319,0.3073102345504384,0.3764821274951844,0.054770062619136355,0.0,2.0892156311481137e-07,0.08106883310119524,0.0,0.2818575110939289,0.30238185833068565,0.845202723818446,0.8184210550632358,0.0,0.3650566598786998,0.0,0.07171591947532424,0.00020640360553998615,0.0117857859278492,0.011747147392065144,6.610696135189607e-05,0.1852537354635827,0.2116366046657834,0.032740132137639294,6.610696135189607e-05,0.7793219960781798,0.01967882773968988,0.56246089065213,0.7558001040347908,0.7851484713930313,0.5924979761169246,0.6772944091193396,0.0642032358775422,0.0696511972428069,0.0,0.0,0.0,0.0,0.0
0.00024670024824483645,0.022066738717020824,0.007144400691976029,0.0013538175425887903,6.610696135189607e-05,6.610696135189607e-05,0.15146240123273924,0.02799186128280012,6.610696135189607e-05,0.9999355143206938,0.0,0.1377210666486774,0.15677093643223644,0.0036052947158028053,3.407464193597538e-05,0.2167158047352575,0.1168643086401634,0.1841811440439956,0.15478050289469134,0.18158646546338317,1.0,0.5568838596282568,1.0,0.027803578352080326,0.5313724453293988,0.016150229151129073,0.00020640360553998618,0.010562657540971342,0.9999338930386481,0.05212552790150144,0.06415830527591633,0.9999546800464127,0.7273574418254829,0.6025248886934719,0.24486537784277926,0.0901667017655428,0.21109072563333997,0.32543965791840845,0.10637158258031926,0.5363105247321829,0.44246722004632727,5.901501499527457e-05,0.0,0.0,0.07794703028911443,0.0,0.022140808616165204,0.4260411056631972,0.3058706256384368,0.09442764841560851,0.04829750264791465,0.5154362167513163,0.0033113417380644336,6.610696135189607e-05,0.08312261096376308,0.30693200325279957,0.377736997749993,0.0547255002368053,0.0,1.7712436701024674e-07,0.08206270763112429,0.0,0.28272534523666465,0.30379926184796974,0.8451604820903134,0.8184135345366168,0.0,0.36516911008262876,0.0,0.07178642144012994,0.00020640360553998618,0.01178982647493234,0.011749050465175805,6.610696135189607e-05,0.18530783752319144,0.21217972645039646,0.03289515594439787,6.610696135189607e-05,0.7792171115388542,0.019738113556535132,0.562688055271738,0.7530623618022207,0.7853038025264902,0.5924635598085313,0.6769126126844233,0.06409982139098912,0.0695523740617075,0.0,0.0,0.0,0.0,0.0
0.00024670024824483645,0.022069789034680962,0.007143853173610293,0.0013540142130786161,6.610696135189607e-05,6.610696135189607e-05,0.15128894078734018,0.028017844919029058,6.610696135189607e-05,0.9999355210215896,0.0,0.13749712612165635,0.1598521033634825,0.003476205135844017,3.168107693125483e-05,0.2172141242308137,0.11696870897457891,0.184254064425496,0.1548236777987416,0.18159050834210785,1.0,0.5569618053807777,1.0,0.027594789858996296,0.5309976843922112,0.01628474045982299,0.00020640360553998615,0.010473242399952933,0.9999338930386481,0.05085712470155286,0.06289780523919627,0.9999543188004891,0.7351888118346722,0.6011960668539879,0.24492108560509776,0.08968791055573463,0.21107035917320985,0.32450537733262397,0.10626548848145254,0.535441102633081,0.4410746867085223,5.319913712335754e-05,0.0,0.0,0.0777519632790416,0.0,0.022205621022428387,0.4265290246385771,0.3060098091422617,0.09446074172208953,0.04831501430578832,0.5177042033723029,0.004126186738032641,6.610696135189607e-05,0.08350253463252177,0.3065755974506225,0.37901584399884825,0.05468606562913553,0.0,1.5032481528998147e-07,0.08304392214943979,0.0,0.28359797283951116,0.3052222415768623,0.8451231230641351,0.8184094916578921,0.0,0.36528623134018084,0.0,0.07185462417987583,0.00020640360553998615,0.011794244472910446,0.011750364057999462,6.610696135189607e-05,0.18536061245048255,0.21273260622491852,0.03304045969244065,6.610696135189607e-05,0.7790708605298362,0.019788089147163918,0.5628957226441104,0.7504599860807829,0.7854532853661309,0.5924190194410051,0.6765203872877338,0.06399221555282893,0.06944900728911951,0.0,0.0,0.0,0.0,0.0
0.00024670024824483645,0.02207291650106039,0.0071435147429953424,0.001354198108001525,6.610696135189607e-05,6.610696135189607e-05,0.15111182416190605,0.02804342743385572,6.610696135189607e-05,0.9999355281292652,0.0,0.1372873493123224,0.16276628701387472,0.0033527659577265445,2.9465341802517645e-05,0.217720056553324,0.1170694625071918,0.1843241455773482,0.15486183917943067,0.1815910892906137,1.0,0.5570433967372579,1.0,0.027387723106357002,0.5306239656413622,0.01641882771542688,0.00020640360553998618,0.010375945650981083,0.9999338930386481,0.04959259185799968,0.061654415265059805,0.9999539602478889,0.7432554648461782,0.5998723544729857,0.24497272091280953,0.08923491538274672,0.21104770987203322,0.323583869063171,0.1061547131161722,0.5345785827108442,0.43968772376329035,4.7931628609212533e-05,0.0,0.0,0.0775466078200631,0.0,0.022264739955836728,0.4270003566170578,0.3061175773726217,0.09452133236674039,0.04833019366087774,0.5198803332258699,0.005011864781842406,6.610696135189607e-05,0.08387503844675868,0.3062217090218223,0.3802959588411293,0.05464738871179669,0.0,1.2771696856086916e-07,0.08400229710023019,0.0,0.2844673822213544,0.3066426012335704,0.8450902291919601,0.8184089107093863,0.0,0.3654099954426791,0.0,0.07192634074265289,0.00020640360553998618,0.011798912343121762,0.011752557598346085,6.610696135189607e-05,0.18543162706772412,0.21330036197435384,0.03318778037605328,6.610696135189607e-05,0.7788709329838669,0.019831686685885017,0.5630925410630714,0.7479987976033786,0.7855993964532717,0.5923843684947963,0.6761252303305039,0.06388457256060966,0.06934552942579107,0.0,0.0,0.0,0.0,0.0
0.00024670024824483645,0.022076679233047618,0.007143417371886246,0.0013541722282949034,6.610696135189607e-05,6.610696135189607e-05,0.15093533767819658,0.02806532186215886,6.610696135189607e-05,0.999935535723194,0.0,0.13709168865470955,0.16551706265750263,0.0032347024051378524,2.7413297035457195e-05,0.2182337598727654,0.11716557987380707,0.18439070941966554,0.15489453658616614,0.18158747711967066,1.0,0.5571285907174357,1.0,0.027178604288627,0.5302523460314239,0.01655247738182279,0.00020640360553998615,0.010277678473054353,0.9999338930386481,0.04833125056653471,0.06041897612744344,0.9999535960606547,0.7515702008801166,0.598572242717116,0.24502371644394227,0.08881095895946008,0.21102694365267258,0.3226831392591851,0.1060424358349309,0.5337243802665195,0.43831507280595366,4.31668903479425e-05,0.0,0.0,0.07733452867472464,0.0,0.022321608649305817,0.4274655138370338,0.30620417064015554,0.09454874250485468,0.04834793599480768,0.5219043725878728,0.005945293725504059,6.610696135189607e-05,0.08420154376860292,0.3058876040923703,0.38155942722033515,0.0546104052940319,0.0,1.0862520747220106e-07,0.08493843024105065,0.0,0.285334776756742,0.3080538149809042,0.8450622965234859,0.8184125228803293,0.0,0.36553688060783973,0.0,0.07199896987628197,0.00020640360553998615,0.011803969739103345,0.011733566804625055,6.610696135189607e-05,0.18551088598531126,0.21388406039245722,0.033423253166940926,6.610696135189607e-05,0.7787302783238688,0.01986833006254886,0.5632741896073162,0.7456719783830372,0.7857382453169821,0.5923510172027288,0.6757238042923037,0.06377526310293148,0.06924040279347667,0.0,0.0,0.0,0.0,0.0
0.00024670024824483645,0.022080429010967215,0.007143560123080228,0.0013543894372857104,6.610696135189607e-05,6.610696135189607e-05,0.1507570118826086,0.028088091300598205,6.610696135189607e-05,0.999935543111988,0.0,0.1369070583904143,0.1681009221546876,0.0031215981501827583,2.5511374165071736e-05,0.21874679174404946,0.1172566898157188,0.18445247267870818,0.15492200456133845,0.18158011230298576,1.0,0.5572150708146664,1.0,0.02696909028786899,0.5298805841956912,0.016685223727698217,0.00020640360553998618,0.010192985065660102,0.9999338930386481,0.04710451350725452,0.059207658504214666,0.9999532273020507,0.7599146966337711,0.5972781131521586,0.2450684562879612,0.08841066614035657,0.2110032953380214,0.32179285797368423,0.10592462357139174,0.5328687260709809,0.436948878098192,3.8856703340993406e-05,0.0,0.0,0.07711283817348451,0.0,0.022377128214331278,0.427911126878471,0.30625680367676256,0.09456960191991542,0.04836592753949297,0.5239155249068651,0.006923057852361775,6.610696135189607e-05,0.08453938495912153,0.305570625309256,0.38282151072668463,0.05457971503571871,0.0,9.249660861486948e-08,0.08586635155985434,0.0,0.2862106275499144,0.30946099689443013,0.8450391387353205,0.8184198876970142,0.0,0.3656720910118492,0.0,0.07206663646291354,0.00020640360553998618,0.011808174358921444,0.011752194298444409,6.610696135189607e-05,0.18558206678878675,0.21447245775439117,0.033508436380865536,6.610696135189607e-05,0.7784111312566551,0.019900376121156724,0.5634447702859059,0.7434884117049558,0.7858750140151872,0.5923152790922963,0.6753285846845588,0.06366395656338583,0.0691376523286697,0.0,0.0,0.0,0.0,0.0
0.00024670024824483645,0.022084534697642204,0.007143904322824933,0.00135442949197866,6.610696135189607e-05,6.610696135189607e-05,0.15057627064659662,0.028112239389556266,6.610696135189607e-05,0.9999355513257177,0.0,0.1367366639553319,0.17053378546199333,0.0030134010057949706,2.3748943092439423e-05,0.2192706484164159,0.11734327301438924,0.18451010902529721,0.15494396555718598,0.18156923652603282,1.0,0.5573040663863905,1.0,0.026763372181681892,0.5295099923537219,0.016815419088151155,0.00020640360553998615,0.010117871624796021,0.9999338930386481,0.045876879656674245,0.05802313272569096,0.9999528634641104,0.7684088406379329,0.5960041688416304,0.2451168659774782,0.08803868718639059,0.21098600354202426,0.32092649566275944,0.10580598957968908,0.5320392722544633,0.43560512258469763,3.495958967735333e-05,0.0,0.0,0.07688026581178328,0.0,0.022430761182295124,0.42834291716919626,0.3062818345287366,0.09458478291402213,0.048374494104163286,0.5257957141409063,0.007926522728625107,6.610696135189607e-05,0.084897600203142,0.3052685724136796,0.38407194408658596,0.05454394969765603,0.0,7.885451507334194e-08,0.08675750078046822,0.0,0.2870630773096064,0.3108536859495534,0.8450210748531367,0.8184307634739671,0.0,0.36581566780182617,0.0,0.072142502796089,0.00020640360553998615,0.011813417969842536,0.011738349731420112,6.610696135189607e-05,0.18568777521904758,0.21506656876013452,0.03372689869970563,6.610696135189607e-05,0.7781462019276665,0.01992388707178363,0.5636025203695338,0.7414275273516161,0.7860005165976657,0.5922922546136798,0.674923362003895,0.06355437742154102,0.06903108244045185,0.0,0.0,0.0,0.0,0.0
0.00024670024824483645,0.022122308656880703,0.007144465362573624,0.001354628936592434,6.610696135189607e-05,6.610696135189607e-05,0.15038753331601118,0.028135865282181628,6.610696135189607e-05,0.9999354518950903,0.0,0.13657839008927575,0.17281088160502556,0.002909744321792815,2.2114360034386204e-05,0.21979449775439147,0.1174245810823289,0.18456407262579194,0.15495941350559386,0.18155374341542957,1.0,0.5573942718155102,1.0,0.026538905362357226,0.5291394115673175,0.016951973308974473,0.00020640360553998618,0.01002942123164565,0.9999338930386481,0.04465420446075747,0.056842271777430176,0.9999525138744354,0.7772680972084209,0.5947309046178755,0.2451611702248557,0.08768681760821824,0.21096309023242713,0.3200687569636628,0.10568029994605939,0.531232514752348,0.43426791818198834,3.143686522191848e-05,0.0,0.0,0.07663226272929187,0.0,0.022482516129422262,0.42875676777928207,0.3062863919308794,0.09459798261789198,0.04837241583708558,0.5276441850684881,0.008959121317334309,6.610696135189607e-05,0.08526794407521347,0.30497914010323296,0.3853266172998659,0.054510408497119286,0.0,6.730719542101393e-08,0.08764162954273054,0.0,0.2878994179018049,0.3122410027005675,0.8450091496291842,0.8184462565845704,0.0,0.365973465455198,0.0,0.07221455505927368,0.00020640360553998618,0.011818440408207186,0.011737666086217622,6.610696135189607e-05,0.18579176812520962,0.21567452632563855,0.03389067821083159,6.610696135189607e-05,0.7778265453393424,0.019942478082258557,0.5637500311887493,0.7395023007867563,0.7861270981385846,0.5922674991335724,0.6745252022995492,0.06344348626351824,0.06892700649165223,0.0,0.0,0.0,0.0,0.0
0.00024670024824483645,0.0221377606814086,0.007144475123977255,0.0013547489135507774,6.610696135189607e-05,6.610696135189607e-05,0.15018768772135566,0.02815802389949334,6.610696135189607e-05,0.9999354623253301,0.0,0.1364331566260716,0.17493487736060312,0.0028103768539950945,2.0598156240223574e-05,0.22032229357957275,0.11750454437554203,0.18462955345994675,0.1549806445537949,0.18155289294668575,1.0,0.5575692936220068,1.0,0.026333382597121435,0.5287494092434347,0.01708778889804945,0.00020640360553998615,0.009936435979943375,0.9999338930386481,0.04342935614110785,0.05569013343192763,0.9999521463798279,0.7863521347292257,0.5934720485236158,0.2451915112083838,0.08733035914668594,0.21093766499138442,0.3192180772220138,0.105517410245203,0.5304308903053139,0.4329329233348642,2.825247906309638e-05,0.0,0.0,0.07634806829153738,0.0,0.022536313272573463,0.4291249639599918,0.306267001326263,0.09460881342050496,0.04837474305405286,0.5297033233526423,0.010031396210937104,6.610696135189607e-05,0.08561683452605053,0.3046949338201348,0.3865724315699512,0.05447661014901124,0.0,5.7522164678420375e-08,0.08850589642967648,0.0,0.28872705445633995,0.3136071756263809,0.844991102967142,0.8184471070533142,0.0,0.36608263808645575,0.0,0.07228787170469188,0.00020640360553998615,0.011822997360304215,0.011740083510383225,6.610696135189607e-05,0.18591906692933707,0.21627512906772706,0.03404306027581385,6.610696135189607e-05,0.7774305359781466,0.019955519906433034,0.5638987220165335,0.7377347634927109,0.7862519006324559,0.5922554281920694,0.6741602961752242,0.06333751086280413,0.0688303475788081,0.0,0.0,0.0,0.0,0.0
0.00024670024824483645,0.022148501233333017,0.0071450418012597525,0.0013548471727311826,6.610696135189607e-05,6.610696135189607e-05,0.14998866389888652,0.02817987346208617,6.610696135189607e-05,0.9999354728328852,0.0,0.1362981779720904,0.1769204595568915,0.002715124329023783,1.9190899285164487e-05,0.22085541864309424,0.11757499048370115,0.18468396691588368,0.1549906667112763,0.18154084662972322,1.0,0.5577305705068214,1.0,0.026146452382061532,0.5283777265877314,0.017226831895471733,0.00020640360553998618,0.009840726710224653,0.9999338930386481,0.04221530863920174,0.05456551034317491,0.999951769370909,0.795513371931714,0.5922262465315105,0.24523076934957044,0.08701051963341729,0.2109238301346307,0.318401153895631,0.10536441951020567,0.529637831093471,0.431617338812366,2.537706194082169e-05,0.0,0.0,0.07605044338502195,0.0,0.0226194653215784,0.42951185851972595,0.30624113934898994,0.09461614801049911,0.04838020336135867,0.5314968502641259,0.011127717950003677,6.610696135189607e-05,0.08595120053113307,0.3044304431714153,0.3878142264341832,0.05444782723363466,0.0,4.923014301844552e-08,0.08935319282441415,0.0,0.28955937099045587,0.31497179899321104,0.8449839562267829,0.8184591533702767,0.0,0.3662189861081566,0.0,0.07236060076041433,0.00020640360553998618,0.011828211193322103,0.011744103766054392,6.610696135189607e-05,0.1860422681329997,0.21690219322758877,0.03422452524072394,6.610696135189607e-05,0.7769308713081959,0.01995952703430637,0.5640232254447045,0.7360690208096912,0.7863609963062025,0.5922264623806698,0.6737801618467001,0.06322780743237198,0.0687268952785392,0.0,0.0,0.0,0.0,0.0
0.00024670024824483645,0.022157774755697614,0.007146190889804111,0.0013549844386483013,6.610696135189607e-05,6.610696135189607e-05,0.1497905427241581,0.028201786326587364,6.610696135189607e-05,0.9999354833284919,0.0,0.1361752400280304,0.17876941553212364,0.0026237832432069747,1.7884497110137424e-05,0.2213896841223501,0.11764218274039406,0.1847359164993334,0.15500269921528584,0.1815321887652883,1.0,0.5578891235557182,1.0,0.025928580346197175,0.5280005846687285,0.017366526597718823,0.00020640360553998615,0.009743148340067865,0.9999338930386481,0.04102217235900823,0.0534542048783574,0.9999514018318575,0.8049134491773895,0.5909798502611707,0.24527638096460436,0.08673477593159794,0.21092370014670997,0.3176260868396828,0.10523002817418321,0.5288443584262941,0.43030639958427436,2.2779015193784985e-05,0.0,0.0,0.07574011831213248,0.0,0.022676851138065498,0.4298969520941595,0.3061952086889086,0.09461653192974835,0.048386660161507056,0.5333196295571595,0.01223537591586474,6.610696135189607e-05,0.08627168884462855,0.304180127298334,0.3890677487150671,0.054426537700779626,0.0,4.2195883307812986e-08,0.09019212617252048,0.0,0.29040199665243205,0.3163439909215621,0.8449745217695204,0.8184678112347117,0.0,0.36637075813214937,0.0,0.07242908527799305,0.00020640360553998615,0.011833998004133124,0.01174810274471594,6.610696135189607e-05,0.1861457534648282,0.2175606137402859,0.034371253743609734,6.610696135189607e-05,0.7764030618714767,0.019952401023762223,0.5641218413065857,0.7344958085362784,0.7864524744141997,0.5921639024906865,0.6733802877034667,0.06311146218087986,0.06861369299483012,0.0,0.0,0.0,0.0,0.0
0.00024670024824483645,0.022165687457127596,0.007147602371813987,0.0013551428873331901,6.610696135189607e-05,6.610696135189607e-05,0.14959522633614245,0.028224311658447004,6.610696135189607e-05,0.9999354935887012,0.0,0.13606178639398656,0.1804812318887532,0.0025360312779223364,1.6671137612484064e-05,0.22191575414831696,0.11770297267652567,0.18477973781028126,0.15501233708231862,0.18152186886951546,1.0,0.5580343497464517,1.0,0.02570658543311575,0.5276038442039748,0.017501272409166668,0.00020640360553998618,0.009644989763707309,0.9999338930386481,0.03982569346173163,0.05237257069410875,0.9999510297844474,0.8146506699393307,0.589755947692794,0.24531820424267514,0.08648063514568814,0.2109158892817973,0.3168560930726378,0.10509520966241012,0.5280618353773153,0.42901988591080986,2.0435192100200266e-05,0.0,0.0,0.0754281523768431,0.0,0.02273251959506258,0.4302693593705476,0.3061269059484394,0.09461242836754268,0.04839239308172811,0.5351687657568263,0.013350150739589825,6.610696135189607e-05,0.08658102840975489,0.3039421777044872,0.3903045580944795,0.054405922690803826,0.0,3.6215064583003187e-08,0.09100658595740448,0.0,0.29123952531086567,0.31769874645944757,0.8449672277255812,0.8184781311304845,0.0,0.3665374978767052,0.0,0.07250579175475097,0.00020640360553998618,0.011839773234301774,0.011753211447817656,6.610696135189607e-05,0.18628520739761173,0.21821201291552697,0.03451367707100634,6.610696135189607e-05,0.7758284136957632,0.019939494212726398,0.5642140866725346,0.7330381329655588,0.7865480432252158,0.5921206498323452,0.672989036189273,0.06299566663529338,0.06850162981946135,0.0,0.0,0.0,0.0,0.0
0.00024670024824483645,0.02217297220699301,0.0071492105086277645,0.001355286415532736,6.610696135189607e-05,6.610696135189607e-05,0.14940833429168576,0.02824685594650367,6.610696135189607e-05,0.9999355033956673,0.0,0.13595873623981827,0.18206783784127886,0.00245178407809579,1.554383184458572e-05,0.22243702062721077,0.11775604494658114,0.18481649313254606,0.15501825391946317,0.181508857662612,1.0,0.5581682924069251,1.0,0.02548052488729094,0.5271880958823357,0.01763511392101157,0.00020640360553998615,0.009545832625529048,0.9999338930386481,0.03863928349419425,0.05131920501574488,0.9999506472888067,0.8246898251641994,0.5885367538227868,0.24535842818350617,0.08624812499562463,0.21090438590992974,0.3160936291312288,0.10496040219589582,0.5272853892471014,0.42774963016477646,1.8321693072515658e-05,0.0,0.0,0.075113377833055,0.0,0.022786585749615125,0.4306309100914428,0.30604849364929054,0.09460281228222417,0.048396314132080225,0.5369871859770176,0.014470738031431174,6.610696135189607e-05,0.08688117666689818,0.30371459160184794,0.39154181304335545,0.05438716297419582,0.0,3.1127964647770545e-08,0.09180037877209989,0.0,0.2920788835412926,0.31904414027367467,0.8449634243874643,0.818491142337388,0.0,0.3667183297600199,0.0,0.0725858398327469,0.00020640360553998615,0.011846066367448093,0.011759055873256442,6.610696135189607e-05,0.18644771143725364,0.2188811980537264,0.034655028990624656,6.610696135189607e-05,0.7751991679375163,0.019921433133857733,0.5642956726024798,0.7316840371630965,0.7866437988840098,0.5920904482648267,0.6726025771768934,0.06287968226502484,0.06838973642900276,0.0,0.0,0.0,0.0,0.0
0.00024670024824483645,0.02217991603373281,0.00715083818937745,0.0013554229177929137,6.610696135189607e-05,6.610696135189607e-05,0.1492260652114716,0.028269522531899936,6.610696135189607e-05,0.9999355131350477,0.0,0.13586591025970773,0.1835371089646586,0.002370880428792733,1.449598447003113e-05,0.2229537472336076,0.1178005541123973,0.18484596877606602,0.15502070311069538,0.1814934561345057,1.0,0.5582937396096835,1.0,0.025285436964215383,0.5267628308503151,0.01776618249197903,0.00020640360553998618,0.009446293733287653,0.9999338930386481,0.037462391905481764,0.050280237559423895,0.9999502577701039,0.8347445045914064,0.5873244371883359,0.24539934896571122,0.08603555206925928,0.21089232590498205,0.3153438903367161,0.10482471262025758,0.5265197014802379,0.42650094639771163,1.6417180479424844e-05,0.0,0.0,0.07479576207980168,0.0,0.02283927201904105,0.4309833604931683,0.305956506454453,0.09458829924570668,0.04839857369625091,0.5387604426948202,0.015593787965226133,6.610696135189607e-05,0.08717069060778741,0.30349620107094427,0.39277732401758814,0.0543696424908397,0.0,2.6796630026388543e-08,0.09257337891801468,0.0,0.29291626547725125,0.32037491389293454,0.8449628797088252,0.8185065438654944,0.0,0.36691049831051487,0.0,0.07266867865104748,0.00020640360553998618,0.01185265964829838,0.011765559709969366,6.610696135189607e-05,0.18664618208644546,0.21955432233795935,0.03479609787104015,6.610696135189607e-05,0.7744980449962587,0.019898238794075887,0.5643650982837413,0.7304273389660821,0.7867367668695951,0.5920682347607992,0.6722215401461349,0.06276347893011357,0.06827817093328784,0.0,0.0,0.0,0.0,0.0
0.00024670024824483645,0.02218697468308698,0.007152516567647614,0.001355549585650935,6.610696135189607e-05,6.610696135189607e-05,0.1490499817413638,0.028291924471805802,6.610696135189607e-05,0.9999355228542988,0.0,0.13578469292593898,0.18489525660356165,0.0022932160773025535,1.3521700703158927e-05,0.22346560211822927,0.11783832828896164,0.1848712107302592,0.15501956864835092,0.18147553701196814,1.0,0.5584148610165298,1.0,0.025072723034600942,0.5263296147550196,0.01790222008363886,0.00020640360553998615,0.00934770135239601,0.9999338930386481,0.036297549756463626,0.049272361469426866,0.9999498899561582,0.8450580061814825,0.5861171700809242,0.2454448491180932,0.08585929719973538,0.21089426315640056,0.31463115413479614,0.1047044745823549,0.5257567821926853,0.42525504819978155,1.4701630125247328e-05,0.0,0.0,0.07446807936432076,0.0,0.02288583203490713,0.4313313763873609,0.30585625866511085,0.0945699893235898,0.04840113640412008,0.5402617964175753,0.016719011693164997,6.610696135189607e-05,0.08745622308823614,0.3032898389615828,0.39401569535490316,0.05435587411506641,0.0,2.3107593981426103e-08,0.09332945132821706,0.0,0.29376123079581085,0.3217132517529925,0.8449657297215238,0.8185244629880318,0.0,0.36711705961914937,0.0,0.07274778659065043,0.00020640360553998615,0.011860070753329647,0.011773340588704788,6.610696135189607e-05,0.18681208226124976,0.22028738518930135,0.03493823252047491,6.610696135189607e-05,0.7737587835176214,0.01986713456417262,0.5644145838409015,0.729245446196703,0.7868124976587029,0.5920258728362837,0.6718299232994158,0.0626436587225423,0.06816048931696689,0.0,0.0,0.0,0.0,0.0
0.00024670024824483645,0.02219373454267989,0.007154179111460233,0.0013556706939005952,6.610696135189607e-05,6.610696135189607e-05,0.14887685552687221,0.028314284421060085,6.610696135189607e-05,0.9999355325890722,0.0,0.1357134871072572,0.1861438975014411,0.0022185728617086595,1.2615460970601905e-05,0.2239671402121851,0.11786907807660127,0.18489115711395657,0.15501652710105523,0.1814568756732045,1.0,0.5585320346040121,1.0,0.024860806297826873,0.5258787617964544,0.01803813766162789,0.00020640360553998618,0.009282999780488856,0.9999338930386481,0.03513498716023035,0.04826261472949566,0.999949497904239,0.8554216980809491,0.5849247795836775,0.24549051895488327,0.08570581593853716,0.21089578162888262,0.3139370798793077,0.10458816925400743,0.5250085964965343,0.42402923602697934,1.315777443963157e-05,0.0,0.0,0.07413553975267811,0.0,0.02293286730183434,0.4316707500464292,0.3057418878384026,0.09454754756730392,0.04840135667825959,0.5417921603099262,0.017874631593953208,6.610696135189607e-05,0.087734422352281,0.30309037618280626,0.3952446279124677,0.0543418558325128,0.0,1.9958867088341908e-08,0.09406188534954793,0.0,0.2945985697584537,0.3230378379033524,0.8449703151245052,0.8185431243267954,0.0,0.3673324256433098,0.0,0.07283097493039574,0.00017307027171223962,0.011867733745595315,0.011781520942309552,6.610696135189607e-05,0.1870808259824857,0.2210866644451435,0.035077673244377446,6.610696135189607e-05,0.7730639594739994,0.01983059250385481,0.5644541381053467,0.7281502865600218,0.7868856255505416,0.5919884193101738,0.6714446905338075,0.06252375566841067,0.06804176895571175,0.0,0.0,0.0,0.0,0.0
0.00024670024824483645,0.022201263772480065,0.007155877236680008,0.0013557760934886857,6.610696135189607e-05,6.610696135189607e-05,0.14870234530769028,0.028336463717367474,6.610696135189607e-05,0.9999355427224652,0.0,0.13564737388834838,0.18729486083714253,0.002146855006823102,1.1771742465536651e-05,0.22446176798547768,0.11789217321339016,0.1849065556322787,0.15501073179130456,0.18143642015882175,1.0,0.558648532722958,1.0,0.024649073063864477,0.5254367348538399,0.018185507116067156,0.00020640360553998615,0.009199815779800578,0.9999338930386481,0.033983875868193916,0.0472590334449743,0.9999491639519775,0.8660829811930453,0.5837298354027559,0.24556977240865255,0.08560942863437898,0.21096422173007887,0.3132811402154092,0.10450913377846567,0.5243105811438521,0.42281501270656385,1.1769436560177013e-05,0.0,0.0,0.07379067952871414,0.0,0.02297853678157899,0.43200496393307897,0.30562028425967275,0.09452831765624828,0.04838170729675044,0.5432389243503634,0.01899998331601115,6.610696135189607e-05,0.08806547229044129,0.30289741372671164,0.3964803320234606,0.05432259512605167,0.0,1.7273597876613558e-08,0.09479268517497091,0.0,0.295391822413077,0.32435686584677254,0.8449774987721352,0.8185635798411782,0.0,0.36756078774832796,0.0,0.07292071101173407,0.00017307027171223956,0.011874552561589572,0.011790335162345636,6.610696135189607e-05,0.18727147462169128,0.22196947674538145,0.03521524686144056,6.610696135189607e-05,0.7722241122566373,0.019789832573783535,0.5644602585769475,0.7270957105284784,0.7868889059895001,0.5919144028671544,0.6710290982360566,0.06240542322968079,0.0679215658143849,0.0,0.0,0.0,0.0,0.0
0.00024670024824483645,0.02220811913295364,0.007157546507797818,0.0013558655926896239,6.610696135189607e-05,6.610696135189607e-05,0.14853168421626617,0.028358713274651805,6.610696135189607e-05,0.9999355526667981,0.0,0.13559652669578612,0.18835224417169286,0.0020780041213581874,1.0987170325617668e-05,0.22495082754067497,0.11791076984129543,0.18491929434364443,0.15500110287895577,0.18141271578033707,1.0,0.5587614901480955,1.0,0.024438890792864387,0.5249595410474096,0.018336219009732035,0.00020640360553998618,0.009111757480868463,0.9999338930386481,0.0328380864514719,0.04628374056649634,0.9999488164412009,0.8769978480757502,0.5825543706665584,0.2456314626820937,0.08551071798464392,0.21098106814242515,0.31261731167271234,0.10441090699804151,0.5236350086946822,0.4216195508458799,1.0521386150140268e-05,0.0,0.0,0.07343688305708986,0.0,0.02302255173553724,0.4323258063666567,0.30548702920944626,0.0944723947320739,0.048364005549823966,0.5446144362760249,0.020109607136772314,6.610696135189607e-05,0.08838256726672705,0.3027275375050214,0.3977014041020689,0.054298107737256567,0.0,1.4971831634957367e-08,0.09550073096717239,0.0,0.29616677934754154,0.32566131288739364,0.844988375734894,0.8185872842196629,0.0,0.36780162679481465,0.0,0.07300802910402254,0.0001730702717122395,0.011881415545080867,0.011800062075094278,6.610696135189607e-05,0.1874761573507852,0.22278947985393657,0.035363614152105996,6.610696135189607e-05,0.7713583719068319,0.01974422523137278,0.5644739028848637,0.7261370378436632,0.786940912764385,0.5918709701897896,0.6706382654612836,0.062287442116480886,0.0677998419230822,0.0,0.0,0.0,0.0,0.0
0.00024670024824483645,0.02221446277194519,0.007159184329597888,0.0013561275184667976,6.610696135189607e-05,6.610696135189607e-05,0.14836182703133738,0.02838431247597468,6.610696135189607e-05,0.9999355622341851,0.0,0.13555638841915296,0.18932133214649013,0.002011825244092809,1.025692727153345e-05,0.2254323484731324,0.1179214517364541,0.1849261350239689,0.15498734728802754,0.18138592651381538,1.0,0.5588670606288854,1.0,0.024228461763148707,0.5244569368000065,0.018489571925251084,0.00020640360553998615,0.009022310193614911,0.9999338930386481,0.03172799349423447,0.04534256742391029,0.9999484608805205,0.8879726578147905,0.5813831862944726,0.24569100177438596,0.08542092390963084,0.2109931473053083,0.31196741997517957,0.10430650928025285,0.5229672115444394,0.42043812745986414,9.399470064642866e-06,0.0,0.0,0.07307339892497396,0.0,0.02306409378115325,0.4326301195163619,0.30533628264251994,0.09443952400763805,0.048347511058480494,0.5459670777230551,0.0212264096233424,6.610696135189607e-05,0.08867690155762223,0.3025638395170747,0.3989236122228262,0.05427424240702846,0.0,1.2999975290307616e-08,0.09618649597002973,0.0,0.2969419316736488,0.3269595277271016,0.8450032532419078,0.8186140734861846,0.0,0.3680595404461407,0.0,0.07309574324283188,0.0001730702717122395,0.011888634826731512,0.011810684071070067,6.610696135189607e-05,0.1876909512425707,0.2235618122179261,0.035515663686475595,6.610696135189607e-05,0.7704693763166988,0.01969320148270116,0.5644783673994326,0.7252577439438791,0.7869950144506236,0.5918358271275193,0.6702611422466148,0.06216940504545776,0.06767620978906547,0.0,0.0,0.0,0.0,0.0
0.00024670024824483645,0.022221011935992428,0.007160785387559973,0.0013562565095787177,6.610696135189607e-05,6.610696135189607e-05,0.14815829841615696,0.02840821179405497,6.610696135189607e-05,0.9999355791308931,0.0,0.1355262141839624,0.19020987784004895,0.001948164684225476,9.576963846722742e-06,0.22590728923195966,0.1179230944293454,0.1849262249556822,0.15497108185497024,0.18135779560360135,1.0,0.5589695590483543,1.0,0.02402062350694202,0.5239356526819348,0.018640396253025635,0.00020640360553998618,0.008933907153375008,0.9999338930386481,0.030615376963714247,0.04442794963908327,0.9999481130099354,0.8992185841640902,0.580249411461632,0.24575460838191646,0.08533799770220465,0.21100777100624374,0.311340278929272,0.10419638410853244,0.5223250695424446,0.4192928688037235,8.392298437315339e-06,0.0,0.0,0.07270628823420563,0.0,0.023104554365220582,0.4329259551882113,0.3051712930540192,0.094406857618563,0.048333147023663516,0.5472657977376263,0.022333463379096596,6.610696135189607e-05,0.08895500802131415,0.302372941248008,0.4001142034154997,0.05425048972381969,0.0,1.130669305778464e-08,0.09684733178148024,0.0,0.2977011463731799,0.3282277569284933,0.8450205258465925,0.8186422043963987,0.0,0.36832415271744,0.0,0.07318509204317798,0.0001730702717122395,0.011896120236512356,0.011821010976701794,6.610696135189607e-05,0.18791558807271813,0.22433258627773944,0.03566627107284365,6.610696135189607e-05,0.7695512530064357,0.019636385122868333,0.5644686877103015,0.7244521244577464,0.7870440530028378,0.591802812325401,0.6698963266595079,0.06205068965503016,0.06755314931210099,0.0,0.0,0.0,0.0,0.0
0.00024670024824483645,0.022228210440770394,0.007162552005717758,0.0013563082998155945,6.610696135189607e-05,6.610696135189607e-05,0.1479848991836014,0.02843123169673924,6.610696135189607e-05,0.9999355889020453,0.0,0.13550623505274187,0.19102589360649028,0.0018869363561985662,8.9436419367468e-06,0.2263778758529496,0.11791477699747138,0.1849181825388511,0.15494447571512363,0.18131836283819186,1.0,0.559064522661776,1.0,0.023779517054888066,0.5233868240499582,0.018796964659358498,0.00020640360553998615,0.008813132173181698,0.9999338930386481,0.02951175645899116,0.0435324340095705,0.99994778022336,0.9113020480391458,0.5791322230110351,0.24582048834108408,0.0852671902361835,0.21102515760551105,0.3107343651984747,0.10408486690665313,0.5216995655768255,0.41817249317667965,7.488570751688791e-06,0.0,0.0,0.0723312355031461,0.0,0.02314361913379637,0.4332280478887999,0.3050204434502864,0.09437641212147536,0.04832053651833793,0.5485116600172867,0.023438978948453967,6.610696135189607e-05,0.08922917188173612,0.3021978201155904,0.4012947536426582,0.0542279194444432,0.0,0.0,0.09749001181045341,0.0,0.2984551228412201,0.32948102533662493,0.8450480357141247,0.8186816371618082,0.0,0.36860424183507795,0.0,0.07327525575247294,0.0001730702717122395,0.011904122848917578,0.011831735960303883,6.610696135189607e-05,0.1881453432434389,0.2251281928223493,0.0358159250850586,6.610696135189607e-05,0.7686037125427136,0.019573023346306815,0.5644453571617309,0.7237069161573262,0.7870879060382904,0.5917666793491352,0.6695372572403973,0.061930534584483075,0.06742829894784427,0.0,0.0,0.0,0.0,0.0
0.00024670024824483645,0.022234653776245585,0.007164162426003003,0.0013563373266356944,6.610696135189607e-05,6.610696135189607e-05,0.14781613893703874,0.02845387016084916,6.610696135189607e-05,0.9999355986940518,0.0,0.13549300685915164,0.19177086371396437,0.00182792444531442,8.35339583317892e-06,0.22683933047194935,0.11789466107794488,0.18490025723237838,0.1549181384849137,0.1812799020155366,1.0,0.5591565486733636,1.0,0.02358479802891869,0.5228002326275908,0.018905422288180897,0.00020640360553998618,0.008711990456854841,0.9999338930386481,0.028461696285326746,0.04266018673313203,0.9999473885695017,0.9231882762324602,0.5780543786307307,0.24588616094439594,0.08519932154462388,0.2110393995795948,0.3101394188876935,0.10396381952203469,0.5210691893358246,0.4171011520538277,6.6784682171363985e-06,0.0,0.0,0.0719639973931249,0.0,0.02318639422074788,0.4335214698537139,0.30485348310865473,0.0943395356934685,0.048323550389739275,0.549921042520588,0.024536312624107784,6.610696135189607e-05,0.0894369287459271,0.3020358723957875,0.4024401798345594,0.05421007934207696,0.0,0.0,0.0981058991078742,0.0,0.29922441252756615,0.33069102724259825,0.8450751830468691,0.8187200979844634,0.0,0.3688794539335115,0.0,0.07337069729727573,0.0001730702717122395,0.011911781762773258,0.011842695462185943,6.610696135189607e-05,0.18840255030269268,0.22588789224651964,0.035964975633959145,6.610696135189607e-05,0.7676078107030111,0.019505441534709907,0.5644107528543755,0.7230298147414118,0.7871326759750907,0.5917463286085991,0.669196850006016,0.06181173705866444,0.06730756347119567,0.0,0.0,0.0,0.0,0.0
0.00024670024824483645,0.02224169522959893,0.007166054698506215,0.0013563600731037713,6.610696135189607e-05,6.610696135189607e-05,0.14765855803724662,0.02847493563984393,6.610696135189607e-05,0.999935607948637,0.0,0.13548963685312257,0.19245327653654265,0.0017711792600203526,7.803248484092267e-06,0.2272953788690225,0.11786526582269917,0.18488077056641564,0.15489369008070417,0.18124492214483956,1.0,0.5592541407545341,1.0,0.02337362713513233,0.5221997729798057,0.01902151302044014,0.00020640360553998615,0.008619412569775825,0.9999338930386481,0.027423378573297942,0.04180266237043249,0.999947035832166,0.9352606089279685,0.576971727789825,0.24595874890775443,0.08516291732563752,0.21106732656366778,0.30958287742842355,0.10386233614068172,0.5204342546740491,0.41602563820079946,5.952370451184768e-06,0.0,0.0,0.07158843176017461,0.0,0.023222117132606288,0.43381124897628887,0.30469582830527997,0.09430159585694575,0.048322705019817294,0.5510102228335817,0.025615958447183746,6.610696135189607e-05,0.08966119435943812,0.30188471204915884,0.4035970891644513,0.05419918681728053,0.0,0.0,0.09871453001567773,0.0,0.3000123213994738,0.3319128742437211,0.8451003575488447,0.8187550778551604,0.0,0.3691574274852914,0.0,0.07345947237569352,0.0001730702717122395,0.01192132447177054,0.01185457906355061,6.610696135189607e-05,0.18862890761007567,0.22671130907420192,0.03614237162016484,6.610696135189607e-05,0.7665732567945228,0.019431183045723666,0.5643524274218426,0.7223838061378198,0.7871614941763119,0.5916947893074147,0.6688422849902957,0.06168815810377789,0.0671807169890638,0.0,0.0,0.0,0.0,0.0
0.00024670024824483645,0.022248690140293525,0.007167882328859862,0.0013564007813122887,6.610696135189607e-05,6.610696135189607e-05,0.14750357071669035,0.028495427360303527,6.610696135189607e-05,0.9999356174184083,0.0,0.1354946158704472,0.19306871919507448,0.0017165295226280156,7.2903115181946846e-06,0.22773798500415934,0.11782793550372747,0.18485825082025242,0.15487211648475158,0.1812141731549066,1.0,0.5593546658472816,1.0,0.02316046015183988,0.5215791647065819,0.01914152082637247,0.00020640360553998618,0.00853192302834494,0.9999338930386481,0.026396177650798686,0.04097770428582781,0.9999466937863818,0.9474861452271153,0.575899423946519,0.2460332324695091,0.08514196534434867,0.21109434716632655,0.309038684311417,0.10376619606506736,0.5198203563532449,0.4149635962289906,5.302357343529215e-06,0.0,0.0,0.0712099338982577,0.0,0.023258802015467393,0.4340967888899188,0.3045332194933719,0.09426281315955151,0.04831460151903161,0.5521194649838758,0.02667601258203251,6.610696135189607e-05,0.089897530332718,0.3017411386693119,0.4047472401512888,0.05418628214602729,0.0,0.0,0.09930651619756103,0.0,0.30078653438312336,0.33312413641232297,0.8451225811579048,0.8187858268450934,0.0,0.3694354002544607,0.0,0.07355341964767767,0.0001730702717122395,0.011930712459179276,0.01186635886852744,6.610696135189607e-05,0.18887606945072458,0.22754696409953773,0.03629555873166521,6.610696135189607e-05,0.7655119864541182,0.019353335902192133,0.5642858695140164,0.7217893154605769,0.7871891233110455,0.5916475091795037,0.6684958189307733,0.06156517375990439,0.06705401653843396,0.0,0.0,0.0,0.0,0.0
0.00024670024824483645,0.02225566878773389,0.007169737904057363,0.0013564612771689672,6.610696135189607e-05,6.610696135189607e-05,0.14735232320635583,0.028515473010742382,6.610696135189607e-05,0.9999356267737538,0.0,0.13550858017158057,0.19362418969943354,0.001663909968616706,6.811999657265966e-06,0.22816908478710202,0.11778320913384521,0.18483257605763928,0.15485196098787354,0.18118591474125745,1.0,0.5594554909536684,1.0,0.022947051448760324,0.5209383822745985,0.019266308577622238,0.00020640360553998615,0.008448636997505981,0.9999338930386481,0.02537965338381058,0.04013557157223021,0.9999463574894132,0.9599176145682747,0.5748330832034995,0.2461102061863178,0.08513090768644654,0.21111976661464887,0.3085049938934273,0.10367098354588493,0.5192325967321659,0.41391921743646004,4.72077084505891e-06,0.0,0.0,0.0708283717092094,0.0,0.02329545549079433,0.4343754879067468,0.3043350164327773,0.09422106310087504,0.0483004296067719,0.5532057114285689,0.02782087842013217,6.610696135189607e-05,0.09013661041210039,0.30160764102201876,0.4058939381976677,0.05417103795702562,0.0,0.0,0.09988267190888635,0.0,0.30154101777374076,0.3343198410264599,0.8451433182412814,0.8188140852587426,0.0,0.36971613733712216,0.0,0.07365005315224134,0.0001730702717122395,0.011940120625239307,0.011878727127188102,6.610696135189607e-05,0.18913937251868118,0.22838593611690605,0.03643949173468713,6.610696135189607e-05,0.7644386940882631,0.01927297859883291,0.564210175685076,0.7212449026141199,0.7872163234167344,0.5916055221980291,0.668159931667013,0.06144317636024806,0.06692836547944082,0.0,0.0,0.0,0.0,0.0
0.00024670024824483645,0.022262613938745963,0.007171791499212956,0.0013565134760466831,6.610696135189607e-05,6.610696135189607e-05,0.14720149696327953,0.028535668037308642,6.610696135189607e-05,0.9999356361120725,0.0,0.13553158992003,0.19412716666281526,0.0016132402083315,6.36591503012965e-06,0.2285915268554793,0.11773064916762703,0.1848025273642024,0.15482977505180923,0.18115694494802487,1.0,0.5595550957938068,1.0,0.02273339534527353,0.5202789807429703,0.019396116223935188,0.00020640360553998618,0.008369394624583288,0.9999338930386481,0.024376256688315022,0.03932729066029777,0.9999460510723606,0.9724702794148442,0.5737789979977966,0.24619192977546145,0.0851272025286008,0.21114683642471077,0.3079786124975163,0.10357486994824608,0.5186728152704694,0.4128884796581198,4.200665085908625e-06,0.0,0.0,0.07044361330639586,0.0,0.02333120344206911,0.4346409534949762,0.3041356113282363,0.09418115356906234,0.04828273851931577,0.5542846810543742,0.028934799879438925,6.610696135189607e-05,0.09038426069166264,0.3014812770077272,0.4070312908550324,0.054152689963613304,0.0,0.0,0.10044730396571848,0.0,0.3022745237369238,0.335505404972905,0.8451660242831048,0.8188430550519752,0.0,0.37000129089979744,0.0,0.07374784197727234,0.0001730702717122395,0.011949522705310056,0.0118915943345169,6.610696135189607e-05,0.1894113803913364,0.2292186323937578,0.03658497421888466,6.610696135189607e-05,0.7633187659440277,0.019189711147170906,0.5641237903408953,0.720745630808584,0.7872399233669577,0.5915677176217352,0.6678336031962746,0.06132201182497987,0.06680358800477278,0.0,0.0,0.0,0.0,0.0
0.00024670024824483645,0.022269643047702466,0.007173845225031195,0.0013565376844235492,6.610696135189607e-05,6.610696135189607e-05,0.147052831256551,0.028555365405832298,6.610696135189607e-05,0.9999356454091768,0.0,0.135563324603815,0.1945794818588044,0.001564431695723526,5.949733595254035e-06,0.2290042729561024,0.11767044937106151,0.18476787417074614,0.15480586114056435,0.18112733511701684,1.0,0.5596536441493478,1.0,0.022494577814204924,0.5195942508363608,0.019531393993118748,0.00020640360553998615,0.008260666768027102,0.9999338930386481,0.02338634487273081,0.0385410080496566,0.9999458693044605,0.9857877497081529,0.5727395606080407,0.2462789266424981,0.08512956374214678,0.2111757175854713,0.3074644647063514,0.10347762560926058,0.5181446645856551,0.4118791620400197,3.73588937647244e-06,0.0,0.0,0.07005626239987767,0.0,0.023366198452580502,0.43489846481007144,0.30395835295340384,0.09414071901906888,0.04826154458443731,0.5553576892604476,0.02995178668485702,6.610696135189607e-05,0.09066504973117823,0.30135750069813033,0.4081563799129311,0.05413104283672747,0.0,0.0,0.1009978065393262,0.0,0.3029826628707467,0.3366722785058508,0.8451904029700592,0.8188726648829832,0.0,0.3702900934507745,0.0,0.07384848362164924,0.0001730702717122395,0.0119591458045398,0.011904876875377448,6.610696135189607e-05,0.1896988488168592,0.2300524744581411,0.03672930874525603,6.610696135189607e-05,0.7621945209514712,0.019104059479028296,0.5640267059169595,0.7202909543990489,0.7872598507188052,0.5915317790207272,0.6675181014346371,0.06120222317253676,0.06668068528338347,0.0,0.0,0.0,0.0,0.0
0.00024670024824483645,0.022276098821551217,0.0071756905877439995,0.0013565881871357485,6.610696135189607e-05,6.610696135189607e-05,0.146904513981905,0.028575747929956558,6.610696135189607e-05,0.9999356544658178,0.0,0.1356014554442133,0.19498649638539942,0.001517342977273296,5.561307698677011e-06,0.22940775511214329,0.1175993112677655,0.18472281943085894,0.15478185880343373,0.1810981685887279,1.0,0.559745661115132,1.0,0.022285124645643094,0.5188752018676387,0.019655788114689272,0.00020640360553998618,0.00816395209104561,0.9999338930386481,0.022413144143757967,0.037764478486061744,0.9999456454169479,0.9990076727807342,0.5717368559872745,0.24636720607194548,0.0851294167451539,0.21120260808889285,0.30695808876566394,0.10337115443519033,0.5176194237328575,0.4109147915639364,3.3207968951870366e-06,0.0,0.0,0.06967861843811993,0.0,0.023403879803031134,0.43515080587777477,0.3037724565844023,0.09409510070361511,0.04825325685668752,0.5565586017918372,0.030950763229998474,6.610696135189607e-05,0.09086116038766784,0.30124222868981076,0.40924675502383656,0.0541123474337717,0.0,0.0,0.10152589475499797,0.0,0.3036963371614336,0.33780005704564814,0.8452148203996711,0.818901831411272,0.0,0.37057572044674814,0.0,0.07395320473298711,0.0001730702717122395,0.011968294539939466,0.011918358567982382,6.610696135189607e-05,0.1900091319841663,0.2308434925523373,0.036875005376297974,6.610696135189607e-05,0.7610144946680554,0.01901638898888897,0.5639189910500695,0.7198840868694468,0.787280048933834,0.5915104551716395,0.6672210904526664,0.061084927837943434,0.06656233195955659,0.0,0.0,0.0,0.0,0.0
0.00024670024824483645,0.02228280324962279,0.007177663282121753,0.0013566417723327481,6.610696135189607e-05,6.610696135189607e-05,0.1467629677401997,0.028595177194904176,6.610696135189607e-05,0.9999356631818429,0.0,0.13564807444195037,0.19535251068256898,0.0014719668213611812,5.198722302211815e-06,0.22980396941344,0.117519464577673,0.1846737962569884,0.1547592738197026,0.1810713985928138,1.0,0.5598383461369477,1.0,0.022055834992087263,0.5181352500833385,0.01978288659760766,0.00020640360553998615,0.008072497027385658,0.9999338930386481,0.0214667620907734,0.037006994350944185,0.9999454525852863,0.9999634155392076,0.5707447313886601,0.24646293227399696,0.08514650736814691,0.21124180247444113,0.3064816786010583,0.10327506923955278,0.5171004486106923,0.409962383770719,2.950194000219657e-06,0.0,0.0,0.06930045928299748,0.0,0.02343708541866397,0.43539970299120984,0.30359247151107843,0.09404985477013009,0.04824616134343738,0.557557035691277,0.0319287673413845,6.610696135189607e-05,0.09105487434264528,0.30113425845454006,0.41033004129755524,0.05409711079057065,0.0,0.0,0.10204304959833708,0.0,0.30441390776356675,0.33892127113243187,0.8452377759862972,0.8189286014071863,0.0,0.3708611945800548,0.0,0.07405484747071105,0.0001730702717122395,0.011978512294016306,0.011932621619371104,6.610696135189607e-05,0.19030634732226764,0.23167337778543537,0.03701935528832718,6.610696135189607e-05,0.7598295267742681,0.01892522731378469,0.5637918824934821,0.7195009819492841,0.7872862307041977,0.5914700730783025,0.6669209613470073,0.06096617904806795,0.0664425488398608,0.0,0.0,0.0,0.0,0.0
0.00024670024824483645,0.022277656427435597,0.007181189250834224,0.0013569410158568206,6.610696135189607e-05,6.610696135189607e-05,0.14688225024334148,0.028607656912213494,6.610696135189607e-05,0.9999356563507261,0.0,0.13568742075220364,0.19550270335210324,0.0014280453096620865,4.857774147665123e-06,0.22997806648859526,0.11740677863350125,0.184560628994862,0.1547391000723139,0.18104798057881547,1.0,0.5598122754338728,1.0,0.021955645250639207,0.5175186905207608,0.020086881518710846,0.00020640360553998618,0.008006128779927792,0.9999338930386481,0.020552272863714832,0.03649674981715013,0.9999458125293091,0.9999553430023304,0.5695534107994134,0.24644619605203677,0.08526457364650299,0.21117296214364217,0.30592830227691414,0.10334344278172014,0.5163630166343526,0.40857235390386487,2.619105615579501e-06,0.0,0.0,0.06909837130991532,0.0,0.023557746418124196,0.4356677702751173,0.30370292223712175,0.0940361540075637,0.048340457587968115,0.562814821379241,0.03312453943515265,6.610696135189607e-05,0.09141638674731803,0.3011598510092767,0.41157485738859395,0.05411069829907425,0.0,0.0,0.10248906306507881,0.0,0.305346661311625,0.34051177089032547,0.8452582808220706,0.8189520194211846,0.0,0.37108935325621195,0.0,0.07422030130125462,0.0001730702717122395,0.011990957295713974,0.011944434574252927,6.610696135189607e-05,0.19089613140194917,0.2328091787176809,0.03711890796258133,6.610696135189607e-05,0.7587620975433874,0.01887173181199272,0.5637556848966854,0.7192327230013937,0.7873989925466958,0.5915777768838594,0.6666784907296845,0.0608835434205212,0.06635524621094746,0.0,0.0,0.0,0.0,0.0
0.00024670024824483645,0.02227027506102228,0.007182737178419002,0.001357827423553398,6.610696135189607e-05,6.610696135189607e-05,0.14699166825313928,0.02861569473543941,6.610696135189607e-05,0.9999356551501447,0.0,0.13574792996428142,0.195552460294554,0.0013859676831909976,4.538743985638311e-06,0.23004061443342427,0.11731813291085051,0.18446383114749243,0.15481243832981748,0.18112919399181995,1.0,0.5598310297300011,1.0,0.021882553286296916,0.5170476839639501,0.0204492721737313,0.00020640360553998615,0.007944373356052192,0.9999338930386481,0.019679600395091285,0.0361470893067989,0.9999460506697752,0.9999342638645977,0.5684478433069666,0.24642254900650343,0.08544735526327002,0.2111357321211308,0.3055141093842438,0.1035017749159451,0.515669084048404,0.4070749279306482,2.324861010405244e-06,0.0,0.0,0.06903760034672343,0.0,0.023639381025487457,0.4359444187063044,0.3036725294601605,0.09400738546305003,0.04841542023728936,0.5671553566620644,0.03431672455419194,6.610696135189607e-05,0.09171401528930768,0.3012938537553086,0.41270765451676344,0.05411889954577866,0.0,0.0,0.1028062145276981,0.0,0.30619182042690396,0.3421762998665278,0.8451852368091721,0.8188708060081801,0.0,0.3711313699232755,0.0,0.07433877311776475,0.0001730702717122395,0.01199375449268397,0.011954444799592706,6.610696135189607e-05,0.19135740390835915,0.23382452946269572,0.03717261146375187,6.610696135189607e-05,0.7579350023646819,0.018844502176270036,0.5637106214834365,0.719000184442176,0.7874783001956782,0.5916751373440725,0.6664576106506306,0.060820962613841734,0.0662849410553316,0.0,0.0,0.0,0.0,0.0
0.00024670024824483645,0.022261529350839176,0.007185669934167438,0.0013590925284087299,6.610696135189607e-05,6.610696135189607e-05,0.1470897759843078,0.028621831304828538,6.610696135189607e-05,0.9999356539517561,0.0,0.13582052182980092,0.19551301260352136,0.0013454923937375332,4.240106364027091e-06,0.23000837620974898,0.11725582767891635,0.1843845020107665,0.15494261816716945,0.18127757733294364,1.0,0.5598762488633787,1.0,0.02182406241396289,0.5166868632391426,0.020837644291996256,0.00020640360553998618,0.007887309593420542,0.9999338930386481,0.018830446435251703,0.035850349371050416,0.9999462942067849,0.9999463312319188,0.567471565414965,0.2463969954248302,0.08565410922417827,0.2111283624121511,0.3052333674468498,0.10369331194534999,0.5150458105939761,0.40563295915333203,2.0634181793332105e-06,0.0,0.0,0.06907539669608351,0.0,0.023727070519680486,0.43615039102876463,0.30351516343041174,0.09395891453855229,0.04847501438252068,0.5704351213009194,0.03543830235005852,6.610696135189607e-05,0.0919022826879116,0.30148914194478393,0.4136884257624523,0.05412338879451581,0.0,0.0,0.10300673515273827,0.0,0.3069206433116182,0.34374936379071597,0.8450553184146512,0.8187224226670564,0.0,0.3710483544405377,0.0,0.0744260379706462,0.0001730702717122395,0.01199172140572058,0.011962639687916181,6.610696135189607e-05,0.1917022614968214,0.2347199253871777,0.03720885767387911,6.610696135189607e-05,0.7572941444488862,0.018840008822582723,0.5636590939508531,0.7188328781723003,0.7875261451941113,0.5917556572940479,0.666298311844901,0.06077771841548932,0.06623317504518561,0.0,0.0,0.0,0.0,0.0
0.00024670024824483645,0.0222525975874086,0.007190292158086661,0.0013605298301748042,6.610696135189607e-05,6.610696135189607e-05,0.1471992751948037,0.028627671972222782,6.610696135189607e-05,0.9999356516761746,0.0,0.13589921496741933,0.19539336736598203,0.0013064778091633855,3.960532750871183e-06,0.22989389262861284,0.1172134414241962,0.18431881889969012,0.1550954735773924,0.1814593286363764,1.0,0.5599346005826286,1.0,0.02176782423977143,0.5164164136779319,0.021252902912221167,0.00020640360553998615,0.007833959073424381,0.9999338930386481,0.017985798151329287,0.03556790540163186,0.9999464916617448,0.9999478001696218,0.5665976858140287,0.24636908402135832,0.0858718987053759,0.2111394629377905,0.3050508229453424,0.10389892233479482,0.5144790095123553,0.40428984575409715,1.830825746455625e-06,0.0,0.0,0.06918338816243629,0.0,0.023805053646142417,0.4362859756169681,0.3032906654705131,0.09387039496215502,0.04852834337054182,0.5732850494697798,0.03647252093587081,6.610696135189607e-05,0.09201991303305802,0.3017428626867411,0.4145512928099901,0.054132704204220845,0.0,0.0,0.10313866793751929,0.0,0.30756206835499783,0.3451982153067405,0.8449026955968612,0.8185406713636236,0.0,0.3708820112549352,0.0,0.07448822046034025,0.0001730702717122395,0.011986593813545963,0.011967887169154609,6.610696135189607e-05,0.19195763954981357,0.2354734479596625,0.03723464568561958,6.610696135189607e-05,0.7568184088110295,0.018851021375981186,0.5635989968070015,0.7187347339286421,0.7875540592530461,0.5918065485843875,0.6662071850365923,0.060745480708450754,0.06619312003947232,0.0,0.0,0.0,0.0,0.0
0.00024670024824483645,0.022242946746643552,0.007195855992964383,0.0013621928052561087,6.610696135189607e-05,6.610696135189607e-05,0.1473233231335425,0.028636482518894234,6.610696135189607e-05,0.999935648323305,0.0,0.13597902408634782,0.19519765178292117,0.0012687920279746225,3.6988068211853326e-06,0.22970277611858905,0.11718664415909161,0.18426415710626898,0.1552534818119052,0.1816563339405442,1.0,0.5599955927068755,1.0,0.021715138183181687,0.5162173205585214,0.021672235038016532,0.00020687069445413428,0.007782990840780086,0.9999338930386481,0.0171976137129573,0.03535869427162322,0.9999466689229066,0.9999482281440895,0.5658057115362009,0.2463330558901152,0.0860909762099444,0.21115863286449166,0.30492483682132515,0.10410796333564194,0.5139514807154739,0.4030505710047313,1.6238135577515255e-06,0.0,0.0,0.06934517169367403,0.0,0.02387301919136244,0.4363544685428389,0.303019969157873,0.09380854015002982,0.048577355016624156,0.5759710176412478,0.03746227866692249,6.610696135189607e-05,0.09208597286581026,0.3020223052626652,0.41531942613992834,0.054148291959794634,0.0,0.0,0.10322393055951364,0.0,0.3081386904702813,0.34652081403274787,0.844744894374537,0.8183436660594557,0.0,0.3706592355994505,0.0,0.07453378826676861,0.0001730702717122395,0.011978788113420184,0.01197103621223668,6.610696135189607e-05,0.19215857162425629,0.23612177756823852,0.03725987551576925,6.610696135189607e-05,0.7564720618309717,0.018874862323870784,0.5635396280637424,0.7187113720071344,0.7875725751075338,0.59184753381234,0.6661892605457691,0.06072318465515314,0.06616445785625191,0.0,0.0,0.0,0.0,0.0
0.00024670024824483645,0.02223367226102382,0.007201815874879351,0.0013636807424652802,6.610696135189607e-05,6.610696135189607e-05,0.14745395615059842,0.02864233521693082,6.610696135189607e-05,0.9999356449655357,0.0,0.13605739735349218,0.19493883842235363,0.001232335213813769,3.453824782732793e-06,0.22944928719988467,0.11717181286873125,0.1842194992039574,0.155408470042439,0.18185833672934007,1.0,0.5600596313873492,1.0,0.021666986501107887,0.5160837232040641,0.022074699497851073,0.00020771942681371128,0.007768290851002624,0.9999338930386481,0.016437982379469047,0.03515629712929721,0.9999467744802653,0.9999483848680252,0.5651252049310144,0.24629578721876796,0.08629982839739682,0.21118171648699363,0.3048450340027228,0.1043088848537608,0.5134830869563886,0.40196157580881464,1.439802242355882e-06,0.0,0.0,0.06955145729540958,0.0,0.023931697286739217,0.4363754053669479,0.3027151910567641,0.09374657787694723,0.0486220996323967,0.5783594867868455,0.03838810718388247,6.610696135189607e-05,0.0920911327588363,0.302312106061664,0.41596631153544894,0.054165585114788715,0.0,0.0,0.10327054330441034,0.0,0.30863735811880905,0.34767171458656637,0.8445900901553186,0.81814166327066,0.0,0.3703889113172414,0.0,0.07456640096633448,0.0001730702717122395,0.011969012079009472,0.01197117865150196,6.610696135189607e-05,0.19231724542515954,0.23665473701509368,0.03727934170310747,6.610696135189607e-05,0.7562315564696747,0.01890848353353667,0.5634812303129512,0.7187613331802495,0.7875859482991927,0.5918809688680842,0.6662418279463546,0.060707742056071205,0.06614721040066157,0.0,0.0,0.0,0.0,0.0
0.00024670024824483645,0.02222518899765433,0.007208046290088713,0.0013650239516302418,6.610696135189607e-05,6.610696135189607e-05,0.14759538550846363,0.028645747633629128,6.610696135189607e-05,0.9999356411664017,0.0,0.1361337512798042,0.19462931403216724,0.0011970893534530866,3.2245917587413973e-06,0.22914664930546652,0.11716839809714216,0.1841884285013741,0.15555241383440113,0.18205470518532763,1.0,0.5601250324142534,1.0,0.021622612117287922,0.5160103816401702,0.022509992665380788,0.00020907199432590627,0.0077382769217211895,0.9999338930386481,0.01565641197260748,0.03494311826185359,0.9999468861184777,0.9999494287558858,0.5645087277376591,0.2462593567760781,0.08649292310818114,0.2111983261208779,0.3047743793202692,0.10449555975315634,0.5130950180308402,0.40099276650005294,1.2763220382180107e-06,0.0,0.0,0.06977956371162776,0.0,0.024014940267709162,0.43636600238158285,0.3024185105399984,0.09369365488505642,0.048644136968686046,0.5804398424965749,0.039253037927489735,6.610696135189607e-05,0.09212546915544623,0.3026092714923477,0.41653989605325575,0.05417385342745403,0.0,0.0,0.10330418885925806,0.0,0.30903710354154523,0.3486781642137191,0.8444463098435606,0.8179452948146724,0.0,0.3700954038741189,0.0,0.07458993273202938,0.0001730702717122395,0.011958635044324265,0.011969347612961964,6.610696135189607e-05,0.19245404190103144,0.23712513772088,0.03729547138918674,6.610696135189607e-05,0.7560731386113676,0.018951376209085203,0.5634330385166636,0.7188777628596515,0.787604584525669,0.5919182072287141,0.6663577909413771,0.060699480330472344,0.06614064078485388,0.0,0.0,0.0,0.0,0.0
0.00024670024824483645,0.022216958330803633,0.007214203904452409,0.0013662476987946323,6.610696135189607e-05,6.610696135189607e-05,0.14774492704674022,0.028647855874926076,6.610696135189607e-05,0.9999356371891159,0.0,0.13620568073531497,0.19427467697537956,0.001162961213891058,3.0100913735257162e-06,0.22879915719287006,0.11717568250872168,0.1841686783214935,0.15568988529717698,0.18224856230915806,1.0,0.560192440106598,1.0,0.021575093604444203,0.5159745072976993,0.0229408575492616,0.0002112055418855863,0.007703749550547225,0.9999338930386481,0.014901193619752721,0.03473163561018935,0.9999469935973998,0.9999501499525768,0.5639480621791487,0.24622526687946641,0.08668138928623294,0.21121895155098372,0.30471974757209286,0.10467792007421432,0.5127459163029925,0.40011855099462024,1.1310331440330127e-06,0.0,0.0,0.0700299688569975,0.0,0.024069410021770824,0.43632909641831363,0.30212298392045234,0.0936399401624318,0.04867084860394791,0.5826481284996708,0.0400795395579487,6.610696135189607e-05,0.09212444079461096,0.30290059981929807,0.41705265011033493,0.054180438821640524,0.0,0.0,0.10333882275598577,0.0,0.3093843965993478,0.3495738382935976,0.844308983669679,0.8177514376908419,0.0,0.36977759103640456,0.0,0.07460091527843671,0.0001730702717122395,0.011946541850838486,0.011965394424084798,6.610696135189607e-05,0.19255193641613355,0.23753283186112914,0.03730486449688329,6.610696135189607e-05,0.7559933750342082,0.018999287710516365,0.5633886135635781,0.7190439337383876,0.7876180872351252,0.5919384195805478,0.6665229227329157,0.06069400458893801,0.06613893239028856,0.0,0.0,0.0,0.0,0.0
0.00024670024824483645,0.02220860056097539,0.007220151083868501,0.0013673495859214638,6.610696135189607e-05,6.610696135189607e-05,0.14790059801590352,0.028649415885655023,6.610696135189607e-05,0.9999356330435359,0.0,0.13626962697739534,0.1938767892306565,0.0011298576842658295,2.8093600089406702e-06,0.22840827930169297,0.11718888634568293,0.18415303586950757,0.15581511786592667,0.1824312578121245,1.0,0.5602493552554089,1.0,0.02153164111893818,0.515968975749037,0.023372326555862022,0.00020640360561121037,0.007668148609174955,0.9999338930386481,0.014160791564946956,0.03454580600642969,0.9999471067696724,0.9999509953974949,0.563458636585423,0.2461936649379076,0.0868644682241455,0.2112393711920677,0.3046715280082605,0.1048562067827394,0.5124242876758547,0.3993360160364573,1.002073081993234e-06,0.0,0.0,0.07030238477955734,0.0,0.024115306396836705,0.43627380441535557,0.3018310782714161,0.09358963692663005,0.04870212859616687,0.5846874156495708,0.040872178030257396,6.610696135189607e-05,0.09208955209515397,0.3031841321630551,0.41748872745880417,0.054180784001586754,0.0,0.0,0.10336238415884033,0.0,0.30969308205002705,0.35036706997044087,0.8441838800609913,0.8175687421878755,0.0,0.36944825996503383,0.0,0.07460729689682634,0.0001730702717122395,0.011933662553077857,0.011960849356782186,6.610696135189607e-05,0.19263621806348405,0.23789298081260787,0.03731976294908793,6.610696135189607e-05,0.7559653718762058,0.019052635955772928,0.5633559240831103,0.7192587425451981,0.7876307711236664,0.5919632784728903,0.6667355139155676,0.060693743928435386,0.06614387812359428,0.0,0.0,0.0,0.0,0.0
0.00024670024824483645,0.022200080063831337,0.007225896227269855,0.0013683620362409774,6.610696135189607e-05,6.610696135189607e-05,0.14806377959490857,0.02865010090314568,6.610696135189607e-05,0.9999356284926781,0.0,0.1363246889577352,0.193443044457276,0.0010977362107749415,2.6215332455332284e-06,0.2279805846566191,0.1172057991658589,0.18413994878265508,0.15592863174071123,0.1826021021593529,1.0,0.560294803325374,1.0,0.02149165642307212,0.5159863860542727,0.02380454733650431,0.00020761335148940772,0.007632487721549238,0.9999338930386481,0.013434138722026544,0.03435369952439821,0.9999472434235188,0.9999515538686186,0.5630332422565877,0.24612091736027797,0.08704705079967028,0.21126190867834613,0.30463173124799664,0.105034824838547,0.5121167377749999,0.3986400266504233,8.876774140974875e-07,0.0,0.0,0.07059456121441705,0.0,0.024155803536397524,0.4362108555519473,0.3015340576070594,0.09356030053878453,0.04873969204230369,0.5865689986756328,0.04162356002939275,6.610696135189607e-05,0.09206129584675365,0.303457389602506,0.4178566127865229,0.05422042630049149,0.0,0.0,0.1033736600064944,0.0,0.30997936455463504,0.3510670005332448,0.8440704805818747,0.8173978978406471,0.0,0.369110635460209,0.0,0.07460817239574562,0.0001730702717122395,0.011920261850711355,0.011956075882061745,6.610696135189607e-05,0.19270620771419364,0.2382215640366234,0.037335979095712866,6.610696135189607e-05,0.7559741340130809,0.01911014495688938,0.5633339673814954,0.7195099047430538,0.7876403551108789,0.5919919872122634,0.6669845905048339,0.06069809850450609,0.06615302403367687,0.0,0.0,0.0,0.0,0.0
0.00024670024824483645,0.022191778666648572,0.007231599729453534,0.0013691981782118948,6.610696135189607e-05,6.610696135189607e-05,0.14826766508956177,0.02864827917766862,6.610696135189607e-05,0.9999356167149953,0.0,0.13637131764805838,0.1929802518595602,0.0010665556222832074,2.445812967618061e-06,0.22752309276995036,0.11722597934975792,0.1841315385657863,0.15603321795934483,0.1827638336333007,1.0,0.5603348749346498,1.0,0.02145351280900538,0.5160288634248645,0.02423545589038207,0.0002092758541286284,0.0075969667794174335,0.9999338930386481,0.012730474899205868,0.03416315908460396,0.9999473218263134,0.9999519597018052,0.5626749747895178,0.24606130095801795,0.08722736988043435,0.21128624959528275,0.3046038580983751,0.10521166264189905,0.5118343685164018,0.3980191219320227,7.862578616251834e-07,0.0,0.0,0.07090158329918939,0.0,0.024193150739327537,0.43614172175046306,0.3012558263174367,0.09352428736520586,0.04877558713508348,0.5882900169698146,0.04233597540045877,6.610696135189607e-05,0.09199607590867723,0.3037197106430793,0.41815400973502453,0.05424872275360718,0.0,0.0,0.10337433441306196,0.0,0.31023380517109217,0.3516834942999084,0.8439659957827935,0.8172361663666993,0.0,0.36876354176616083,0.0,0.07460408781132809,0.0001730702717122395,0.011906261363361691,0.011949928941014876,6.610696135189607e-05,0.19276195034329296,0.2385231372502963,0.03735387679501516,6.610696135189607e-05,0.756017947657183,0.019171015475457638,0.5633186586403165,0.7197923782600055,0.7876471947824341,0.5920193616755954,0.6672652445881506,0.06070584696274805,0.06616584520228261,0.0,0.0,0.0,0.0,0.0
0.00024670024824483645,0.022183312930415165,0.007236954736582501,0.0013699983820217039,6.610696135189607e-05,6.610696135189607e-05,0.14845321824005916,0.028646395308843685,6.610696135189607e-05,0.9999356119581796,0.0,0.13640851671130974,0.1924909459695022,0.0010362667588470628,2.2814344712559662e-06,0.22703835106584402,0.11724863684998917,0.18412648808824134,0.1561291716486051,0.1829165196769818,1.0,0.5603667412378922,1.0,0.021417154693269307,0.5160888867363186,0.024663821259723412,0.00021167227715958542,0.00756248301541442,0.9999338930386481,0.012044914877822204,0.03401178298798746,0.9999473866917096,0.9999521851128467,0.5623779893159541,0.24601323298551092,0.08740528009384887,0.2113119101237143,0.30458512785407604,0.10538709910041259,0.5115773153420953,0.39747136469291583,6.963725271176375e-07,0.0,0.0,0.07122147480120765,0.0,0.024227360773506474,0.4360658690592269,0.3009821931955258,0.09349183648641501,0.04881321680018651,0.5898891739604357,0.0430155964941455,6.610696135189607e-05,0.09191082960056424,0.30397013171588616,0.41838783362923193,0.05426575256161394,0.0,0.0,0.10336572342451776,0.0,0.3104572211049158,0.35222028942367156,0.8438701319788678,0.8170834803230183,0.0,0.3684117839609002,0.0,0.07459549401055063,0.0001730702717122395,0.011891789031831324,0.011943380093911769,6.610696135189607e-05,0.1928053090166683,0.23878801931814334,0.03737424071205654,6.610696135189607e-05,0.7560890968946506,0.01923417705481403,0.5633124977415654,0.7201037739366489,0.7876518231174386,0.5920468672869349,0.6675745498337434,0.060716826702999785,0.06618185779517131,0.0,0.0,0.0,0.0,0.0
0.00024670024824483645,0.022175012578111507,0.007242199729688347,0.0013707498372213796,6.610696135189607e-05,6.610696135189607e-05,0.14863296194550937,0.02864405083987224,6.610696135189607e-05,0.9999356070855998,0.0,0.13643609232849402,0.1919816015345056,0.0010068348879996682,2.127698190084017e-06,0.22653324646678275,0.11727310490227177,0.18412436112644484,0.1562166013492131,0.1830590979642302,1.0,0.5603918764778001,1.0,0.021382733114704015,0.5161621983611324,0.025092927959393205,0.0002064036056181332,0.0075289189021000855,0.9999338930386481,0.011357488062259832,0.03387078336916668,0.9999474473552076,0.9999529306244258,0.5621301391129143,0.24597679001099032,0.08757774905415701,0.21133778191680883,0.3045777427771445,0.105557591501802,0.5113454272175019,0.39699927105941574,6.167326974630753e-07,0.0,0.0,0.07154898327572098,0.0,0.024258424957215495,0.435985243121143,0.3007192551850121,0.09342692552921851,0.04884996938296247,0.5913318304384384,0.04364811171809686,6.610696135189607e-05,0.0918015199720117,0.3042229864744319,0.41857073737681116,0.054270679878993755,0.0,0.0,0.10334651553630403,0.0,0.31065087643909856,0.35267591606697873,0.8437827819180894,0.8169409020357697,0.0,0.36805914024647896,0.0,0.0745833946146002,0.00013973693837890616,0.011877624746227377,0.011936316805857628,6.610696135189607e-05,0.19292491267359127,0.2390840735828495,0.03739008573864421,6.610696135189607e-05,0.7562626137679752,0.019299123510274532,0.563316437781522,0.7204406494113373,0.7876553831951915,0.5920736139883614,0.6679091620314153,0.06073059144112791,0.06620045174716066,0.0,0.0,0.0,0.0,0.0
0.00024670024824483645,0.022166504954899493,0.007247288056297554,0.0013716506544541786,6.610696135189607e-05,6.610696135189607e-05,0.1488104308254858,0.028645104212426806,6.610696135189607e-05,0.9999356018026034,0.0,0.13644636712790123,0.19145272569757832,0.0009782148170614808,1.9838101186806677e-06,0.22600639741997072,0.1172960601661759,0.18412061881788142,0.1562955820775404,0.18319156376620901,1.0,0.5604059544695849,1.0,0.021348767586249907,0.5162526687031344,0.025495983999638705,0.00020753593467154314,0.007496779969543959,0.9999338930386481,0.01070706358263645,0.03372396542974032,0.999947560475978,0.9999533467643377,0.5618983364471085,0.245927298026273,0.0877887291625206,0.21143634622624263,0.30460749648310814,0.10576504389101243,0.5111129670236741,0.39657946884024997,5.461387518047501e-07,0.0,0.0,0.07188063404601457,0.0,0.024286359465875294,0.4358995714121374,0.3004514692895781,0.0933991991269777,0.04889029394627119,0.592737083455825,0.04425337940741758,6.610696135189607e-05,0.09171618616150118,0.3044672899734858,0.41873612138347993,0.054319214851081286,0.0,0.0,0.10333343595608933,0.0,0.31084279911055446,0.3530820892490724,0.8437038717837079,0.816808436233791,0.0,0.36771341148440057,0.0,0.07457082901075421,0.00010696331036034353,0.011862602118645347,0.011930325273908346,6.610696135189607e-05,0.19301982641153884,0.23949798944222134,0.03740129327237103,6.610696135189607e-05,0.7564195619394161,0.019365542169411575,0.5633071199947445,0.7207585451399011,0.7875854389566959,0.5920570837506839,0.6682285586890169,0.06074817369959561,0.06621782309279614,0.0,0.0,0.0,0.0,0.0
0.00024670024824483645,0.02215825597833604,0.007252394480852126,0.0013723550717895008,6.610696135189607e-05,6.610696135189607e-05,0.148992557258971,0.028643451594122647,6.610696135189607e-05,0.9999355963633404,0.0,0.13644431626631504,0.19090549668494125,0.0009504122242015811,1.8492554804106122e-06,0.22546102304746138,0.11731829998381191,0.18411967776821783,0.15637045204584657,0.18331897735399658,1.0,0.5604188653650652,1.0,0.021319569586469016,0.5163539619781815,0.02590866640199542,0.0002090003860797121,0.007466978324187733,0.9999338930386481,0.010053432972819427,0.03357194644840272,0.9999476020915331,0.9999535985131908,0.5616934307930602,0.24590142028675194,0.08802041308596527,0.2115461108656997,0.3046527683380929,0.10599107253110661,0.5108937998921644,0.3961987405804631,4.836039897134793e-07,0.0,0.0,0.07221500124626198,0.0,0.024313619981536243,0.43581273075643223,0.30017674517226905,0.09337090433942288,0.048926025417129614,0.5940662018102028,0.044932574603218596,6.610696135189607e-05,0.09161128147621826,0.3046754469057833,0.4188726062466501,0.05435529505335236,0.0,0.0,0.10332453794347972,0.0,0.31101992183822913,0.35344764370336773,0.8436290643501637,0.8166810226460034,0.0,0.3673661333886728,0.0,0.07455657846203166,0.00010696331036034353,0.011846877192853726,0.011923428014634776,6.610696135189607e-05,0.19301949209936847,0.23986678681392964,0.03741340693962891,6.610696135189607e-05,0.756502892406509,0.019433962960289625,0.5632989683935807,0.7210740902290935,0.7875034769100987,0.592020844462947,0.668547904421432,0.060767978285794576,0.06623393794795138,0.0,0.0,0.0,0.0,0.0
0.00024670024824483645,0.02215004641631977,0.007257440735330552,0.0013729777691124094,6.610696135189607e-05,6.610696135189607e-05,0.14918030772033444,0.028641372123017213,6.610696135189607e-05,0.9999355910909873,0.0,0.13643775816393758,0.19034273592669188,0.0009234109312874056,1.7235868688225752e-06,0.2249025459538205,0.11734077677659241,0.18412121178620774,0.15643287682472815,0.18343157042220232,1.0,0.5604239278183861,1.0,0.021286236252208192,0.516445522614031,0.02633208458242349,0.0002110836644333178,0.007439691334621006,0.9999338930386481,0.009394076535615014,0.03342319383719164,0.9999476427210854,0.9999540757468002,0.5615175095110002,0.2458642946741418,0.08822597336859936,0.21159139652799808,0.30467518055821735,0.10619057690344695,0.5106938547875284,0.3958566372983854,4.282217332645214e-07,0.0,0.0,0.07254865042681108,0.0,0.024339226640800894,0.4357311781760728,0.2999236393526666,0.09334977073403748,0.048963273315266266,0.5953545701180379,0.04558149018652819,6.610696135189607e-05,0.09150391760363089,0.3048791138276244,0.4189806305941326,0.05437546766983023,0.0,0.0,0.1033047564129586,0.0,0.3111770279565688,0.3537731171260753,0.8435666949535385,0.8165684295777977,0.0,0.3670274217548028,0.0,0.07453698477634332,0.00010696331036034353,0.011831610589566343,0.011916412774332233,6.610696135189607e-05,0.1930239575793235,0.24015156729791856,0.037433408685981155,6.610696135189607e-05,0.7566117178556613,0.01950185989486719,0.5633224794920905,0.7214312907047088,0.7874851925407145,0.5920183394419553,0.6689068771427326,0.06078834047931035,0.06624903378933167,0.0,0.0,0.0,0.0,0.0
0.00024670024824483645,0.022141894124268514,0.007262264786454646,0.0013735380851647376,6.610696135189607e-05,6.610696135189607e-05,0.14936665481661093,0.028638486020032813,6.610696135189607e-05,0.9999355858584179,0.0,0.13642260343961102,0.18976681187276923,0.0008971484643875838,1.6061704907483304e-06,0.22433219244935135,0.11736324735132897,0.18412553435701212,0.15649026036483873,0.1835372617643424,1.0,0.5604261151890898,1.0,0.02125290291887486,0.5165370854585998,0.02674404816667618,0.00020640360560940263,0.0074140076152477245,0.9999338930386481,0.00875675842553021,0.03329571274751122,0.9999477063215023,0.999954606690713,0.5613723593116515,0.24583357692619603,0.08841176959779329,0.21162258114152252,0.3046892748469849,0.10637187391180229,0.5105202048467449,0.39555392902224645,3.791969296025951e-07,0.0,0.0,0.07288309840211875,0.0,0.02436471977845293,0.43565223558028277,0.2996833298192031,0.09333139425546648,0.04899919771029406,0.5966152683441569,0.04620001884041601,6.610696135189607e-05,0.09139222699879325,0.30507521842782914,0.4190576108111773,0.05437984996898719,0.0,0.0,0.10327528600142177,0.0,0.3113056550900801,0.3540542620981035,0.8435093604382317,0.8164627382356576,0.0,0.36669078640879155,0.0,0.07451691020757226,0.00010696331036034353,0.011816395319199799,0.011908914221451133,6.610696135189607e-05,0.19303758499909393,0.24038515478672218,0.03745392810876793,6.610696135189607e-05,0.7567366142571531,0.019570029877171193,0.5633639696652057,0.7218214185294375,0.7874802703940899,0.5920338329811026,0.6692959336388463,0.060810892711846073,0.06626627452263795,0.0,0.0,0.0,0.0,0.0
0.00024670024824483645,0.022133778420822165,0.007266963686328893,0.0013740761289757846,6.610696135189607e-05,6.610696135189607e-05,0.14955254042507274,0.028635075790539585,6.610696135189607e-05,0.9999355804379567,0.0,0.13639766651223384,0.18918164713099417,0.0008715977426264476,1.4964613366803493e-06,0.22375277700208732,0.11738465293090113,0.18413091381450908,0.15654432015435266,0.1836378036336002,1.0,0.5604248285317206,1.0,0.021227310523411588,0.5166277136745956,0.02715135068034564,0.00020726172140488793,0.00738980011451363,0.9999338930386481,0.00813461558894871,0.033158846606121645,0.9999477997753767,0.9999546596134077,0.5612486288788892,0.24576825071907582,0.08858554372030672,0.2116496392900673,0.3046985617843475,0.10654288730573835,0.5103595109802014,0.39528800399589836,3.358015881577711e-07,0.0,0.0,0.0732189469292366,0.0,0.024388935484424137,0.43557647415280354,0.29944496313266017,0.0933208209681784,0.049037080646535225,0.5978261924163996,0.046775621301817345,6.610696135189607e-05,0.09130970634907296,0.30526726766395,0.4191131277572162,0.05441610689328756,0.0,0.0,0.10324068846461724,0.0,0.3114201249775292,0.35429579705770775,0.8434553440440592,0.8163621963663998,0.0,0.3663562245390428,0.0,0.0744957162501235,0.00010696331036034353,0.011801555844194046,0.011901639660842532,6.610696135189607e-05,0.19305427383116666,0.24058587175063242,0.0374717201622711,6.610696135189607e-05,0.756868777217682,0.01963824336389465,0.5634179758754029,0.7222328091486991,0.7874787629673062,0.5920592532896987,0.6697043356921744,0.06083571111136827,0.0662852851318848,0.0,0.0,0.0,0.0,0.0
0.00024670024824483645,0.022126083999104627,0.007271637367823999,0.0013745574148653532,6.610696135189607e-05,6.610696135189607e-05,0.14973540214438957,0.02863118795528202,6.610696135189607e-05,0.9999355751661128,0.0,0.1363643047644596,0.18859340028617477,0.0008467425352797344,1.393982827639325e-06,0.22317062626130296,0.1174060523672511,0.18413963508167383,0.15659677400449276,0.18373567651796935,1.0,0.5604255845935945,1.0,0.0212003716178172,0.5167234823626237,0.02757035014109226,0.00020833553650730048,0.007378897349488339,0.9999338930386481,0.0074875670719314145,0.03301790618545267,0.9999478203169146,0.9999549252793953,0.5611521166779956,0.24572016541416278,0.08875200433775751,0.21167933515289236,0.30471455665080405,0.10670704843839754,0.5102198848853552,0.3950519106837069,2.9738644567014056e-07,0.0,0.0,0.07355043364038759,0.0,0.02441048701899505,0.4354998065353887,0.29922300288635806,0.09330827552499064,0.04906977645516555,0.5988877999262502,0.04731654097016327,6.610696135189607e-05,0.09120740308147537,0.3054506558014,0.41914230448974055,0.05443915205955985,0.0,0.0,0.1032030921407111,0.0,0.31151272685406195,0.3545036336653772,0.8434029286090615,0.8162643234820306,0.0,0.3660239817660179,0.0,0.07447143536766433,0.00010696331036034353,0.011786774368440714,0.01189390265219252,6.610696135189607e-05,0.19306053278896138,0.24076905345599098,0.037490534328702446,6.610696135189607e-05,0.7570115941147746,0.01970557883226387,0.5634763777618178,0.7226545953760678,0.7874739223118279,0.5920809572256572,0.6701223253002996,0.06086133589333172,0.0663048205692422,0.0,0.0,0.0,0.0,0.0
0.00024670024824483645,0.022085435221477934,0.007276145256346779,0.0013750188841920694,6.610696135189607e-05,6.610696135189607e-05,0.1499277458126929,0.02862732061204113,6.610696135189607e-05,0.9999356769284468,0.0,0.13632290765996227,0.188002107314502,0.0008225717329289811,1.298278257608879e-06,0.22258596452891796,0.11742853320960259,0.18415216569931514,0.15664635639208138,0.18382903969683653,1.0,0.5604264437978839,1.0,0.021173620908763388,0.5168211035565429,0.0279904302474359,0.00020984228899698337,0.00736326286735691,0.9999338930386481,0.006851202933084394,0.03287560259144555,0.9999478664131805,0.9999552781246569,0.5610619876037977,0.24568491495106082,0.08891161869718944,0.21170759858413662,0.3047270564318615,0.1068645237344827,0.5101113617766709,0.39483618559347283,2.6338672995369305e-07,0.0,0.0,0.07387299392683393,0.0,0.02443095189953014,0.43542582764052024,0.2990192722492293,0.09329926232533774,0.04909429822801302,0.599900535315877,0.04783273607922173,6.610696135189607e-05,0.09112414157374077,0.3056227001546698,0.4191646657566118,0.054446267863302825,0.0,0.0,0.10316558696333682,0.0,0.3115707206955999,0.35468617329786756,0.8433533802211887,0.8161709603031635,0.0,0.3657005622752822,0.0,0.07444701644922445,0.00010696331036034353,0.011771853132108509,0.011886112769641542,6.610696135189607e-05,0.19306999618024331,0.2409534702809339,0.037509780374089884,6.610696135189607e-05,0.7571630725406957,0.019773346639590548,0.5635459095256741,0.7230862739883086,0.7874698296829344,0.5921060583265441,0.6705495117365994,0.06088938431812662,0.06632547540934454,0.0,0.0,0.0,0.0,0.0
0.00024670024824483645,0.02206723297636203,0.0072809662808760965,0.0013754845423105595,6.610696135189607e-05,6.610696135189607e-05,0.15012467377723704,0.028625380865151078,6.610696135189607e-05,0.9999356698517197,0.0,0.13627104976692006,0.18741780760797683,0.0007990540077226545,1.2088973532866192e-06,0.22199935903160858,0.11744569233076618,0.1841463440142084,0.1566801167153022,0.1838972163135163,1.0,0.5603364379151363,1.0,0.0211458717365696,0.5169290236653096,0.02840776666916855,0.00021200135498217472,0.007346628542922896,0.9999338930386481,0.0062528006032195335,0.03273569987835558,0.9999479057607116,0.9999549726487749,0.5609903676238979,0.24567382617799002,0.08908916425104904,0.21173694610610097,0.3047407567730084,0.10704510259051415,0.5100326202256691,0.39466276220141217,2.3331323866530405e-07,0.0,0.0,0.07421714265126618,0.0,0.024449410568454996,0.4353848259078551,0.2988252527637355,0.09328910530266608,0.04911747482992895,0.6007279961832304,0.04831187481589608,6.610696135189607e-05,0.09103983099063966,0.3057924609871918,0.41916891664981526,0.054441456833092323,0.0,0.0,0.103125669012789,0.0,0.3116056613574787,0.3548494975773455,0.8433196499714591,0.8161027836864837,0.0,0.36544641943359757,0.0,0.0744240651827741,0.00010696331036034353,0.011757046692072146,0.011878772760391567,6.610696135189607e-05,0.19307743994987633,0.241088159422007,0.037531408311989624,6.610696135189607e-05,0.7573354419958895,0.019840715726286918,0.5636136672219977,0.7234930281409742,0.7874639998861763,0.5921323653168494,0.6709555383778772,0.06091602608608608,0.066341396207034,0.0,0.0,0.0,0.0,0.0
0.00024670024824483645,0.022054463772705046,0.007285117152443081,0.0013758936697934657,6.610696135189607e-05,6.610696135189607e-05,0.1503092401157963,0.02862413676016331,6.610696135189607e-05,0.9999356633164411,0.0,0.1362124220432859,0.18684065254318305,0.0007761662440683822,1.1254786665310706e-06,0.22141876664717627,0.11746565803787634,0.18414659206562384,0.15671680591641143,0.18396807666262857,1.0,0.5602603436745666,1.0,0.021121685397981604,0.51702217032897,0.028812731714494628,0.0002064036056230142,0.007331186414678699,0.9999338930386481,0.00567149401289007,0.03262012093422743,0.9999479507717157,0.9999551385011057,0.5609600175098027,0.2456733232564358,0.08924692177384422,0.2117670411454092,0.30475503976145396,0.10720660488630328,0.5099792728570844,0.39452849323276246,2.0669420273096453e-07,0.0,0.0,0.07455632243795923,0.0,0.024465968585986254,0.4353197926879894,0.2986234633910738,0.093280847688167,0.04914021193041584,0.6015231344126267,0.04876341400239164,6.610696135189607e-05,0.090941753315373,0.3059498160977263,0.4191327654548502,0.05442092110961996,0.0,0.0,0.10307826807437226,0.0,0.3116092280949983,0.3549627309511055,0.8432829873893859,0.8160319233373714,0.0,0.3651833338874742,0.0,0.07439821992069647,0.00010696331036034353,0.011742142651205191,0.011871382826038803,6.610696135189607e-05,0.19307957854224878,0.24119743643932567,0.037556695778584594,6.610696135189607e-05,0.7575093457706504,0.01990721703534718,0.5636933335906584,0.7239124256829728,0.7874567926105224,0.5921655666855072,0.6713746284665205,0.06094584101004095,0.06636218375050829,0.0,0.0,0.0,0.0,0.0
0.00024670024824483645,0.022044230392917696,0.007288930207928308,0.001376234237340404,6.610696135189607e-05,6.610696135189607e-05,0.15049037445313845,0.028622217058733468,6.610696135189607e-05,0.999935657065094,0.0,0.13614542664580978,0.18626855196373904,0.0007538836306230359,1.0476199793749843e-06,0.22084321528310125,0.11748388031563724,0.18414852251855665,0.1567499913674775,0.18403528185202156,1.0,0.5601984927560464,1.0,0.021098973241529897,0.5171042261610297,0.029210881205027274,0.00020701043835246848,0.0073169809718833245,0.9999338930386481,0.005076646505914949,0.032493581295024755,0.9999480306248953,0.9999556869395162,0.5609545227270724,0.2456336473380289,0.08939376025379489,0.21180016181511294,0.30477413831265576,0.10735686712780076,0.5099340492045558,0.39442879613381404,1.8312769441498794e-07,0.0,0.0,0.07488658425197464,0.0,0.024480004595505662,0.43524846413664126,0.29842094200624836,0.09328159190742824,0.049166801251880866,0.6022782487516428,0.049179078571479365,6.610696135189607e-05,0.0908730268290186,0.30610015300232657,0.41907386473859287,0.05443977656262232,0.0,0.0,0.10302942725931308,0.0,0.3116053026537014,0.35503828718182007,0.8432498255048281,0.8159647181479784,0.0,0.36491492299197903,0.0,0.07437087240575976,0.00010696331036034353,0.011727711175813177,0.011864428576739342,6.610696135189607e-05,0.1930779501540855,0.2413025537594514,0.037581374229435034,6.610696135189607e-05,0.7576790988056762,0.01997161253433487,0.5637811494535391,0.7243376877824661,0.787445954554264,0.5921953868080517,0.671799917589098,0.060976767826105505,0.0663843941658092,0.0,0.0,0.0,0.0,0.0
0.00024670024824483645,0.022035472045644534,0.00729265756701673,0.001376488107127991,6.610696135189607e-05,6.610696135189607e-05,0.1506761856659949,0.02861880180571483,6.610696135189607e-05,0.9999356508748984,0.0,0.1360709442877488,0.18569906738424186,0.0007322046167632982,9.749619738661863e-07,0.22027025320544077,0.11750010113318,0.18415366107935152,0.15678043368369796,0.18409990740147725,1.0,0.5601503382094444,1.0,0.021076456896562432,0.5171809113486285,0.029614512097163318,0.00020777316023508878,0.007302692623118469,0.9999338930386481,0.004486527204903237,0.032366272195864694,0.9999480603810145,0.9999559182885468,0.5609487802973202,0.2456067371434783,0.08953765971923917,0.21183277716603824,0.30479630253600054,0.1075034524103667,0.5098922323420946,0.39433188792629514,1.6226199925239255e-07,0.0,0.0,0.07520504371646794,0.0,0.024494526463409907,0.43517779893830694,0.2982526438537671,0.09327969286450685,0.049190251008458086,0.6030518161935895,0.04957878385737844,6.610696135189607e-05,0.0907876771917841,0.3062411847246815,0.41901601696136925,0.054447796549042034,0.0,0.0,0.10298228247787149,0.0,0.3115991240411235,0.3551078135155119,0.8432194040543028,0.8159000925985228,0.0,0.3646446180740877,0.0,0.07434342407340455,0.00010696331036034353,0.0117369433643736,0.0118567896030322,6.610696135189607e-05,0.19307527780411282,0.241333596121693,0.0376076336290456,6.610696135189607e-05,0.7577495236807623,0.020035202741310584,0.5638745220197309,0.724763272896519,0.7874350182171985,0.5922204400241541,0.6722262943841926,0.06100854248360199,0.06640663747884144,0.0,0.0,0.0,0.0,0.0
0.00024670024824483645,0.02202756701719729,0.007295737262783102,0.0013767648421098113,6.610696135189607e-05,6.610696135189607e-05,0.1508536456994856,0.02861559521708669,6.610696135189607e-05,0.9999356455239432,0.0,0.13599156480822241,0.18514110481869206,0.000711058562498712,9.072097721034087e-07,0.21970127283416402,0.11751619025504258,0.18416145137200926,0.15681038390676424,0.1841632017392409,1.0,0.5601122092199214,1.0,0.0210549407561092,0.5172602212882949,0.03001517440434239,0.0002088698498837532,0.007289134550106681,0.9999338930386481,0.0039062130194823285,0.03227529720517797,0.9999480868483737,0.9999559988770156,0.5609580560438616,0.24559269832427275,0.08967800306138118,0.21186209830078895,0.304824867358199,0.10764572044549853,0.5098644705722108,0.3942516915441744,1.437929737586422e-07,0.0,0.0,0.07551397047294574,0.0,0.02450901758876118,0.43511488293416967,0.29809037654426634,0.09328010698025276,0.04921494785515236,0.6038229891654031,0.0499694380406551,6.610696135189607e-05,0.09069632951094064,0.3063726319494128,0.41894510284071745,0.054440585581325605,0.0,0.0,0.10292909798570578,0.0,0.31157939053387684,0.3551570027780474,0.8431894723002621,0.815836798260759,0.0,0.36437382030713283,0.0,0.07432076387794741,0.00010696331036034353,0.011729217775133662,0.011850218082923957,6.610696135189607e-05,0.1930926197246759,0.2414532445974915,0.03762425048622662,6.610696135189607e-05,0.7578259720945173,0.020096841115420965,0.5639751512861793,0.7251808921199269,0.7874268431367123,0.5922451274463231,0.6726530067203375,0.061039948638869856,0.06642985430576892,0.0,0.0,0.0,0.0,0.0
0.00024670024824483645,0.022020409662573327,0.007298841677231667,0.0013770349805839338,6.610696135189607e-05,6.610696135189607e-05,0.1510238483117856,0.028611686625583978,6.610696135189607e-05,0.9999356405592894,0.0,0.13590700289066412,0.1845886839261638,0.0006904707736178733,8.440279302509195e-07,0.2191386216689858,0.11753227484509988,0.1841712375429548,0.15683985860012323,0.18422478602145984,1.0,0.5600817885703248,1.0,0.02103424373913483,0.5173362120530254,0.030412794447824836,0.00021044652977423602,0.007276185263093752,0.9999338930386481,0.0033418413918127427,0.03217322397966779,0.9999480954265098,0.9999560198651885,0.5609762562713864,0.24558824603839735,0.08981136970014196,0.21189303727782444,0.3048594338023762,0.10778061073224837,0.509849596902378,0.3941980051939211,1.2744422794602427e-07,0.0,0.0,0.07581218886707526,0.0,0.02452237995430141,0.4350531939449257,0.2979363068311501,0.09327927461132315,0.04923899089609814,0.6045252454233738,0.050341887412551765,6.610696135189607e-05,0.09059056858058714,0.3064963425884607,0.41886610902548393,0.054423892589464916,0.0,0.0,0.10286923244113831,0.0,0.311546054001147,0.35517766268676343,0.8431600139556489,0.8157752139785401,0.0,0.36410602256260005,0.0,0.07429809233719697,0.00010696331036034353,0.011718012727058424,0.011844185610105315,6.610696135189607e-05,0.19311231116260988,0.24158877751245725,0.037642571976229236,6.610696135189607e-05,0.7579141011251899,0.02015763470312973,0.5640808584814736,0.7255999463736942,0.7874164919485577,0.5922704897285552,0.6730807675987659,0.06107207425137517,0.06645309457636073,0.0,0.0,0.0,0.0,0.0
0.00024670024824483645,0.022013822784012413,0.007301916114009937,0.0013773020825541002,6.610696135189607e-05,6.610696135189607e-05,0.1511842210680326,0.028607802258552605,6.610696135189607e-05,0.999935635977767,0.0,0.13581715581510204,0.18404271587119353,0.000670428779512285,7.851187660839505e-07,0.21858512730367813,0.11754778319109793,0.1841820086173838,0.15686800178247384,0.18428374577471637,1.0,0.5600568836592089,1.0,0.02101465268144485,0.5174094803268284,0.030808307746093225,0.00021276373946469435,0.007264342027126138,0.9999338930386481,0.0027852434364995953,0.03207045837524865,0.9999481002046441,0.9999560685502952,0.5610140448640978,0.2455948847500357,0.08993642463899258,0.21192640656910583,0.3048979175010682,0.10790690730159513,0.5098502435557835,0.3941709092215594,1.1297078757405634e-07,0.0,0.0,0.07609996090109165,0.0,0.02453442317900642,0.4349920328117107,0.29778595151183135,0.09328068493231571,0.0492633620955988,0.6051574807904707,0.05069749949180748,6.610696135189607e-05,0.09044899696585611,0.3066138905304692,0.41876893952866,0.05439712127616498,0.0,0.0,0.10280446510540434,0.0,0.3114970822832213,0.35517088079816483,0.8431318852467385,0.8157162542252836,0.0,0.36384315543969953,0.0,0.07427459551797427,0.00010696331036034353,0.011705998103519378,0.011838379748020782,6.610696135189607e-05,0.1931289170406955,0.24171061534893115,0.03766622201957533,6.610696135189607e-05,0.7580119473261991,0.020217015607242254,0.5641908381586973,0.7260208594898139,0.7874031646513819,0.5922968322747615,0.6735079653947268,0.061104890969897324,0.06647620136289195,0.0,0.0,0.0,0.0,0.0
0.00024670024824483645,0.022007750128838103,0.007304954100699698,0.0013775319537099602,6.610696135189607e-05,6.610696135189607e-05,0.15133677902994466,0.028603352617970826,6.610696135189607e-05,0.9999356316761414,0.0,0.1357221457838197,0.18350441892166136,0.0006509203454211842,7.302035928545819e-07,0.21804239468907446,0.11756262743699668,0.18419393916623114,0.15689447729942335,0.18433975155509247,1.0,0.5600364738455589,1.0,0.020996184353917525,0.517479847501716,0.031204960929354587,0.00020640360563432215,0.007253525201234189,0.9999338930386481,0.002199529928591206,0.03195363497586455,0.999948127043865,0.9999571384218555,0.5610708568446258,0.24561429123964135,0.09005408091474437,0.21196142339982035,0.30494021296110574,0.10802546563205545,0.5098663376425803,0.39416911071211513,1.0015658089383512e-07,0.0,0.0,0.07637706413446749,0.0,0.024545193544666218,0.43493086043190626,0.29764174619823763,0.09328333084027124,0.04928893030443176,0.6057346080882015,0.051038218639436646,6.610696135189607e-05,0.09032954886125429,0.3067225204453122,0.4186542212520667,0.05435838160309242,0.0,0.0,0.10273643856892159,0.0,0.3114328049443192,0.35513779535080153,0.8431054225439958,0.8156602484449076,0.0,0.36358646201997363,0.0,0.07425034590762379,0.00010696331036034353,0.01169391261163503,0.01183250998101778,6.610696135189607e-05,0.19314213829139387,0.2418207164130433,0.037692555931271216,6.610696135189607e-05,0.7581170385117603,0.020274921903307555,0.5643051813734467,0.7264415001635942,0.7873876562547585,0.5923226182663799,0.6739321396788701,0.06113822997610393,0.06649915477085226,0.0,0.0,0.0,0.0,0.0
0.00024670024824483645,0.02200183625637341,0.007308000044017346,0.0013777618095851347,6.610696135189607e-05,6.610696135189607e-05,0.15149584668953273,0.02859855024827164,6.610696135189607e-05,0.9999356269801906,0.0,0.13562135129055924,0.18296871555434313,0.0006319401824228511,6.790114751838308e-07,0.21750400560504637,0.1175758787539778,0.18420602824038612,0.1569187773235509,0.18439232367008382,1.0,0.5600158164022442,1.0,0.020978039307819836,0.5175366050064263,0.031614431659661095,0.00020719656632103907,0.007242838941652578,0.9999338930386481,0.0016364867770897462,0.031836991058852675,0.9999482293327274,0.9999567629361783,0.5611163461876025,0.24558546624656022,0.09017710614489276,0.21199733212811792,0.3049778409170901,0.10814848599258094,0.5098685731360042,0.3941566101603076,8.880865543911013e-08,0.0,0.0,0.07664666859159096,0.0,0.024556630032276375,0.4348817504586516,0.2975076917824079,0.09329664079581389,0.04931876925823559,0.6063530584380198,0.05136006736732517,6.610696135189607e-05,0.0902714034282926,0.306830759396589,0.4185514701766513,0.05436657876617878,0.0,0.0,0.10267183159418948,0.0,0.3113828395340273,0.35511757285086776,0.8430811338677937,0.8156076763299162,0.0,0.3633375150061649,0.0,0.07422581307876024,0.00010696331036034353,0.011682101896066745,0.011827382127720743,6.610696135189607e-05,0.19315478826520474,0.24196237611763438,0.037719487988079045,6.610696135189607e-05,0.7582228046694255,0.020332183635746248,0.5644266036967018,0.7268541783007642,0.7873707276894593,0.5923496484772452,0.6743475084023728,0.0611727085759908,0.06651978874843857,0.0,0.0,0.0,0.0,0.0
0.00024670024824483645,0.02199645791207214,0.007310949533514783,0.001377952901235983,6.610696135189607e-05,6.610696135189607e-05,0.15164049323025575,0.028593938296944902,6.610696135189607e-05,0.9999356232128366,0.0,0.13551639147994507,0.18244188696209368,0.0006134601993042326,6.313104129192447e-07,0.21697744387270995,0.11758911894215358,0.18422071569911258,0.15694627455034213,0.18444790458448693,1.0,0.5600044257810566,1.0,0.02096101444818014,0.5176011650020351,0.031986329387788844,0.00020823751476445833,0.007232833493898762,0.9999338930386481,0.0011185302531342399,0.03173136543239347,0.9999482493428873,0.9999568597183064,0.5612014821985988,0.2455786607196404,0.09029100911594823,0.21203773321240085,0.3050239736631208,0.10826204146036258,0.509897569869118,0.3941720893109456,7.876104645996039e-08,0.0,0.0,0.07690869965327132,0.0,0.02456699077162546,0.4348331475732515,0.297371055786377,0.09330568503543542,0.049340901479471455,0.6068391766470849,0.05165811972570784,6.610696135189607e-05,0.09021701841357627,0.30693046199893914,0.4184105045138475,0.05435786009147002,0.0,0.0,0.10260019763441079,0.0,0.31130556205133986,0.3550662983220514,0.8430536466886114,0.8155520954155131,0.0,0.3630868745656722,0.0,0.07420059262731935,0.00010696331036034353,0.011669402275848782,0.011821571189766495,6.610696135189607e-05,0.19316200833105554,0.24206102813528343,0.03774969693369513,6.610696135189607e-05,0.7583408401448551,0.020388013287553852,0.5645470877089446,0.727267103921958,0.7873488065882949,0.5923751973920556,0.6747605146669274,0.06120774913738848,0.06654089666789054,0.0,0.0,0.0,0.0,0.0
0.00024670024824483645,0.021991432944479798,0.007300955962715557,0.001378162409799014,6.610696135189607e-05,6.610696135189607e-05,0.15178135700257572,0.028592097292615914,6.610696135189607e-05,0.9999356608858841,0.0,0.135407145225434,0.1819236411242753,0.0005954759538700133,5.868687525998211e-07,0.21646245072701184,0.11760103986081963,0.18423580681825183,0.15697173914829698,0.18450053402263492,1.0,0.5599949139799445,1.0,0.020944920755026897,0.5176619680455354,0.03235837812078632,0.00020972800198567994,0.007223987943783194,0.9999338930386481,0.0006084768427691021,0.03163081537694889,0.9999482519140666,0.9999568352671555,0.5612953581557739,0.2455834837988974,0.09039834981470711,0.21207509188095566,0.30506957473353663,0.10836909339394825,0.5099336801181031,0.3941981618893821,6.985974323381323e-08,0.0,0.0,0.07716037647489678,0.0,0.02457613183741948,0.43478279895423944,0.2972484098252022,0.09331464477485661,0.049361117317892764,0.6072956726560016,0.05194069344719232,6.610696135189607e-05,0.09009923036561931,0.30702602210137847,0.41826232546047504,0.05433889656001927,0.0,0.0,0.10253037242586503,0.0,0.31122228201336155,0.355004349502558,0.8430281909919598,0.8154994659773651,0.0,0.36284470954515874,0.0,0.07417461848838305,0.00010696331036034353,0.01165753047290424,0.011815751657605929,6.610696135189607e-05,0.19316631236098572,0.24214785975329736,0.03777948262176088,6.610696135189607e-05,0.7584630182492277,0.02044231638375113,0.5646704744156493,0.7276780090610175,0.7873294321651744,0.5923994659718458,0.6751684558790398,0.06124299800771576,0.06656168178980809,0.0,0.0,0.0,0.0,0.0
0.00024670024824483645,0.021987359494076233,0.007312247997016102,0.0013783376118773605,6.610696135189607e-05,6.610696135189607e-05,0.1518763038578453,0.028584403275002276,6.610696135189607e-05,0.9999356231947847,0.0,0.1352942327403064,0.1814294972156726,0.0005779385867658205,5.454917936940351e-07,0.21596477580424264,0.11761243297761374,0.1842462252978066,0.15699117066789617,0.18453848337901332,1.0,0.5599564884350369,1.0,0.02093009717378188,0.5177223925090726,0.0327285132760821,0.00021195833416763182,0.007216255414321245,0.9999338930386481,8.305645165871095e-05,0.03153406028829838,0.9999482524316657,0.9999572989791283,0.5614038287891081,0.24560014061053007,0.09049688579531855,0.21211272790757388,0.30511741210008964,0.10846665282734794,0.5099827373310288,0.3942443282624256,6.197433425554159e-08,0.0,0.0,0.07740055501565044,0.0,0.024583519376963858,0.4347065950338081,0.2971392232965058,0.09332275046886607,0.04938200043402265,0.607789535444154,0.05217884033891504,6.610696135189607e-05,0.089996012168744,0.30711859385874624,0.4181011619112265,0.05430949915391065,0.0,0.0,0.10246042413853768,0.0,0.31112764765065853,0.35492812898545023,0.8430087673577695,0.8154615166209868,0.0,0.36264295654931267,0.0,0.07414872654574675,0.00010696331036034353,0.011646763407884536,0.011809960075619257,6.610696135189607e-05,0.19316742521243893,0.24221564621382172,0.037803631328100176,6.610696135189607e-05,0.7585912390477044,0.020495009299665475,0.5647961274952529,0.7280736169890089,0.7873093335056602,0.5924216182695791,0.6755685713684094,0.061277182040698985,0.0665813174543175,0.0,0.0,0.0,0.0,0.0
0.00024670024824483645,0.02198266909413036,0.00730469232196162,0.0013784680392705632,6.610696135189607e-05,6.610696135189607e-05,0.1520278183510011,0.028581666389426826,6.610696135189607e-05,0.9999356532924771,0.0,0.13517766882302537,0.18093626568937188,0.0005609012071951984,5.069481266437402e-07,0.21547715551436278,0.11762284753193143,0.18426267570700877,0.1570120373172808,0.18458333505388552,1.0,0.5599535612297278,1.0,0.020915421016977097,0.5177796652051722,0.033103246616780525,0.00020640360562237608,0.007208716378779989,0.9999338930386481,6.610696135189607e-05,0.031509301074655126,0.9999483965672372,0.9999469600521758,0.5615065010471967,0.24562666053313253,0.09059392176241034,0.21214892242811936,0.30516608476263524,0.10856277545410002,0.5100349301192867,0.3942922630439675,5.498895453954214e-08,0.0,0.0,0.07762889525291708,0.0,0.024591205769430857,0.43466639832486187,0.29703770763664683,0.09333121378259336,0.04940323618079371,0.6081860515893089,0.05244127594088938,6.610696135189607e-05,0.0898971886118878,0.30719866566293885,0.4179466365539943,0.0542682499910635,0.0,0.0,0.10239149280766702,0.0,0.31102985742800504,0.35484371262620623,0.8429879076937646,0.8154166649461145,0.0,0.36241754351735517,0.0,0.07412255392190498,0.00010696331036034353,0.011634904461367992,0.01180436303611661,6.610696135189607e-05,0.19316845115882583,0.2423093150069733,0.037833200786638106,6.610696135189607e-05,0.7587168232010578,0.020546862398809068,0.5649274206527786,0.7284698125482179,0.7872901763646855,0.5924419154815711,0.6759600690315373,0.061312364920776866,0.06660134862281754,0.0,0.0,0.0,0.0,0.0
0.00024670024824483645,0.02198116087096378,0.007302461113621869,0.001378590540627458,6.610696135189607e-05,6.610696135189607e-05,0.15198269308137619,0.02858597435433926,6.610696135189607e-05,0.9999356587161051,0.0,0.13505982430584682,0.1805289642518007,0.0005440846415379998,4.7115115812359343e-07,0.2150848345721916,0.11763527774439358,0.18426493320021475,0.15702924871971727,0.18461792384910167,1.0,0.5599531753390925,1.0,0.020922960174168538,0.5179382576881496,0.03330795791875263,0.00020660422502453757,0.0072162629599957055,0.9999338930386481,6.610696135189607e-05,0.03149644011507511,0.999948310176048,0.9999456991816013,0.5621135821516745,0.24567670196893024,0.09055696488749801,0.21222250659313247,0.30527253293919104,0.1085308048831188,0.5103501153684501,0.39479199827291084,4.8807165437405264e-08,0.0,0.0,0.0778521295939803,0.0,0.02456996942158005,0.4345294300821127,0.29667015022468574,0.09336058300655369,0.049404502658924654,0.6072134849627544,0.05250281378938077,6.610696135189607e-05,0.0897250280314409,0.3072494634244191,0.41731005444651637,0.05423506589000396,0.0,0.0,0.10225840670243333,0.0,0.31067298046383346,0.3543013400307654,0.8429707024731172,0.8153820761508983,0.0,0.36219469506692714,0.0,0.07408304764784461,0.00010696331036034353,0.01162043665627691,0.011799045723895856,6.610696135189607e-05,0.19312506850745914,0.24173767547713773,0.03789930544718051,6.610696135189607e-05,0.7589034265577383,0.020576363401809166,0.565028407835219,0.7289140708607013,0.7872334087653295,0.5924685892072175,0.6763843605446895,0.06134162642332297,0.06664172849610911,0.0,0.0,0.0,0.0,0.0
