0_primarytoI_spread,0_primarytoII_spread,0_primarytoIII_spread,0_primarytoIV_spread,0_primarytoV_spread,0_ItoII_spread,0_IItoIII_spread,0_IIItoIV_spread,0_IVtoV_spread,0_late_p,0_C01_coef,0_C02_coef,0_C03_coef,0_C04_coef,0_C05_coef,0_C06_coef,0_C09_coef,0_C10_coef,0_C12_coef,0_C13_coef,1_primarytoI_spread,1_primarytoII_spread,1_primarytoIII_spread,1_primarytoIV_spread,1_primarytoV_spread,1_ItoII_spread,1_IItoIII_spread,1_IIItoIV_spread,1_IVtoV_spread,1_late_p,1_C01_coef,1_C02_coef,1_C03_coef,1_C04_coef,1_C05_coef,1_C06_coef,1_C09_coef,1_C10_coef,1_C12_coef,1_C13_coef,2_primarytoI_spread,2_primarytoII_spread,2_primarytoIII_spread,2_primarytoIV_spread,2_primarytoV_spread,2_ItoII_spread,2_IItoIII_spread,2_IIItoIV_spread,2_IVtoV_spread,2_late_p,2_C01_coef,2_C02_coef,2_C03_coef,2_C04_coef,2_C05_coef,2_C06_coef,2_C09_coef,2_C10_coef,2_C12_coef,2_C13_coef
0.0118089188656902,0.2784658860034101,0.1444232444812168,0.0483739291467662,0.0307436832282042,0.6015322931712008,0.2903694394134332,0.0756744391272202,0.094746239124151,0.3754782090336233,0.021099318150527,0.0886841119675274,0.0,0.0409766776978019,0.0158800915222495,0.0,0.0739300276749936,0.2665980096261178,0.9813403691980208,0.9453824994277268,0.0567839042166583,0.0262540026274345,0.0141742211315325,0.0039937039174447,6.610696135189607e-05,0.1712293155584608,0.0457129764003157,0.0106668186589072,6.610696135189607e-05,0.6899616940479233,0.01290498098338,0.6338443563204551,1.0,0.8653017912873523,0.5364839564364735,0.9432013595368922,0.0694999317664346,0.2164889402561701,0.0,2.8707606741286643e-06,0.0311031614865469,0.45114027158381,0.0627083970313109,0.0091547734451396,0.0193188883272538,0.9999646028863586,0.1129915173795955,0.1750561464256808,0.1591538136117053,0.3957122191770844,0.9659957008660928,0.2774715317120175,0.0,0.0937215310148457,0.447635952041277,0.0567986404631077,0.8565700405585717,0.516913050117712,0.0186596308019793,0.054614629811599
0.015694892468643376,0.2763478423988734,0.18492806616339783,0.037242169159007854,0.03800864461231366,0.32791195060491346,0.31680127483834675,0.14314733360145784,0.08746132931094333,0.3247374629701243,0.021045325835468903,0.0836704378133431,0.0,0.05032528079388432,0.015266919888354899,0.0,0.07647359943898424,0.26703187629242797,0.9854379349395392,0.9379446954997069,0.06395807488962413,0.027059302253790475,0.014871629804705707,0.004548276936689745,6.610696135189607e-05,0.15191768320433555,0.059424855467398036,0.03240644424487882,6.610696135189607e-05,0.6939137754568465,0.013513435580638377,0.6495995600757914,1.0,0.8573574875931961,0.5338831415371275,0.9170550352178921,0.0693437134130286,0.1948020615897324,0.0,2.8295760589564393e-06,0.035282034567350996,0.4443968070852853,0.06016957528058672,0.01078909403511672,0.023097326621382287,0.9999338930386481,0.10703620996147142,0.18767510872840848,0.08342429037197759,0.3964729981927432,0.9654412385838927,0.26673000211086545,0.0,0.09231723161291966,0.45084993857451766,0.08294496478210787,0.8541826871479872,0.5381660621178396,0.01456206506046073,0.06205247492423414
0.01589694307011568,0.2760486854852095,0.19198660560687084,0.03592988582289632,0.03837087932536055,0.3019977575308208,0.3291352874629771,0.14855557773628486,0.09859208619862432,0.3166106812879497,0.020624710978213365,0.07767848197649337,0.0,0.05981791426079626,0.015418921619583071,0.0,0.07848947220407135,0.2684813973945004,0.9885081961739457,0.9265480964967269,0.06460004541234644,0.027136878082212476,0.014347441425765531,0.004780592186794139,6.610696135189607e-05,0.14831938119539406,0.07395927472106076,0.041130550829610216,6.610696135189607e-05,0.6992899066932865,0.013677326375855038,0.6604739036530662,1.0,0.8515546565826154,0.5285922763043895,0.9006178385419574,0.06712473731385914,0.17345829600749313,0.0,2.6612453688807735e-06,0.03530235995745349,0.44429852181923196,0.05771666828683895,0.01137173838045135,0.022890630424217205,0.9999338930386481,0.10706191741076829,0.18424523631577744,0.07482840043089416,0.3977872754481921,0.9656979626459316,0.26184761437044046,0.0,0.08862742915658835,0.4559888020760275,0.0993821614580426,0.8543857904820695,0.5580603065980065,0.01149180382605426,0.07344924225790425
0.015860197109404183,0.27559542149757466,0.19527452465953157,0.03560220959331398,0.03883968368671856,0.2918719083323832,0.3367454282215075,0.15019322215523317,0.10179917861711665,0.31369978229058393,0.020315110268019156,0.07278399013352338,0.0,0.06826637728503328,0.01600915734816946,0.0,0.08076501578195708,0.2699600443794354,0.9908535111775596,0.912611212785876,0.06511432857767206,0.026727330378872254,0.014266392827972223,0.004930597860738275,6.610696135189607e-05,0.14718831416658243,0.0831919522005165,0.04520054033616622,6.610696135189607e-05,0.699756454199952,0.013833635133878544,0.6674592101396446,1.0,0.8475821392815394,0.524456157256952,0.8898421043913723,0.06503881973795612,0.15711902168645353,0.0,2.4997024373311787e-06,0.035228702900838585,0.44259241458793935,0.05609605000276494,0.011481575473508287,0.022743744458125048,0.9999338930386481,0.10724125392107059,0.18335952426885707,0.0722095701045806,0.39882911543701677,0.9658512545981023,0.2597567997268321,0.0,0.08415148343342735,0.45953468539487846,0.11015789560862761,0.8541961644800868,0.5729209339341111,0.009146488822440377,0.08738628751168667
0.015807328867296473,0.2758515094262527,0.19765853403070338,0.0356173535637963,0.039241957407564,0.2821061842349494,0.3456112447606714,0.15119899017672844,0.10325656916841403,0.31127451038848675,0.02006951410235354,0.06879796434786334,0.0,0.07544281085794428,0.016779269093509484,0.0,0.08314185679451985,0.2710983019224838,0.992677725123665,0.8964595577379038,0.06569118626802145,0.02626865300376688,0.013985585425681953,0.005024998740641493,6.610696135189607e-05,0.1467654768939178,0.09040156140708937,0.04724989766966858,6.610696135189607e-05,0.6992096835924867,0.01400054023345405,0.6712503683500319,1.0,0.8444859170328093,0.5208416557298123,0.8818975133226311,0.06292277403124305,0.14431973182540442,0.0,2.3445648753292224e-06,0.035178843870874235,0.4408354295713205,0.0548488278907625,0.011456402108676341,0.022501937767076624,0.9999338930386481,0.10756294250380988,0.18330188959396362,0.07182640132374522,0.3997410329526354,0.9659299456641924,0.2599516673021047,0.0,0.08007127210924649,0.4623790751766782,0.11810248667736886,0.8539353691742371,0.5845819662521119,0.007322274876334972,0.10353809769722092
0.015737476837968552,0.2758548855351587,0.19963274107588,0.0357677694672485,0.03970878670861736,0.2715502804813309,0.35541283808205254,0.15162826300860005,0.10362500941682183,0.309220229711487,0.019885905492728912,0.06556630866944482,0.0,0.08158905075217346,0.01771017015677487,0.0,0.08557683367154144,0.27199195033328444,0.994109932690611,0.8782997207312941,0.06623473873812899,0.025792917869532757,0.013755533745044212,0.005065074543563913,6.610696135189607e-05,0.1466786214372891,0.09573687209134171,0.04869782666749914,6.610696135189607e-05,0.6983482350998842,0.014115666576989434,0.6728303971970706,1.0,0.8417280757483784,0.5173288818155876,0.8756164980519632,0.06080175424769725,0.1340099930843295,0.0,2.1957901374059167e-06,0.035146633520345444,0.4390372034625487,0.053776598355919705,0.011404530441073372,0.022279707715872555,0.9999338930386481,0.10798496873667307,0.18339131720005838,0.07183049040490358,0.40071604134064637,0.9659984279302817,0.2616032941334846,0.0,0.07668287349944815,0.46496094802763754,0.12438350194803678,0.8536214120807614,0.593998056582386,0.005890067309389066,0.12169808347856846
0.015650682590217457,0.27558853747291046,0.20137967090473846,0.03604845873809171,0.040167280845162495,0.2603646762137284,0.36611334141776963,0.15160949521630201,0.10358968624507418,0.30740066397177707,0.019753236911885973,0.0628987807395118,0.0,0.086803117720533,0.018777472133693476,0.0,0.08802850217451773,0.2726404624480875,0.9952372315864672,0.8583378328683736,0.06677086625981525,0.025330316573462925,0.0135878299345609,0.00513719339558324,6.610696135189607e-05,0.14663696376545407,0.09972912387504483,0.04963907212464185,6.610696135189607e-05,0.6970117417622276,0.014177952411457275,0.6730016482930258,1.0,0.8392059796166811,0.5138802519358784,0.8704553937393914,0.058682129773955184,0.12552601851954237,0.0,2.052026656612747e-06,0.035115651105304166,0.43727262324679894,0.05280065922698617,0.011364213309917983,0.022060141906540775,0.9999338930386481,0.10845410017203869,0.18341749708519822,0.07192754120667423,0.4017905368699434,0.9660688106766567,0.26409957096746245,0.0,0.07399090266278578,0.46734227593042815,0.12954460626060854,0.8532893680515271,0.6018335190323701,0.004762768413532887,0.14166011510496979
0.015554702008639438,0.27513139494858074,0.2030005282126871,0.036368563106231475,0.04062971827975716,0.248833258578406,0.37766869166570993,0.15142822831422956,0.1033641366405968,0.30568616809890303,0.019664998053284588,0.060626531354812274,0.0,0.09117492738619798,0.019962442623867458,0.0,0.09046010436850473,0.27305500517984205,0.9961263675102152,0.8368820811927404,0.06723301704632897,0.02493140575811057,0.013437037548046668,0.005178784576383184,6.610696135189607e-05,0.14657154265362532,0.10292136490566987,0.05045719001405677,6.610696135189607e-05,0.6957841713969891,0.014200141031548949,0.6723537426474737,1.0,0.8368758587544354,0.5106028404181691,0.8660556079787611,0.0565785412482303,0.11838355056788856,0.0,1.912131298273e-06,0.035077584546036704,0.43554347087150014,0.051832775422560505,0.011291579390653962,0.021815774804748937,0.9999338930386481,0.10904444689289028,0.18351608101526834,0.07219676894328807,0.4030014862993117,0.9661348609151664,0.2670197259977141,0.0,0.07194921385936674,0.46943471695796346,0.1339443920212389,0.852961354383265,0.6085614442522694,0.0038736324897847424,0.1631160066759613
0.015491814207842724,0.2745467910699064,0.20457009031260986,0.03673800907418483,0.0411109777516527,0.2372432829186405,0.3899734113902518,0.1511417528058396,0.10297557127589001,0.3040616749704565,0.019624010059590326,0.058672210883583716,0.0,0.09478827611804516,0.02126768262070893,0.0,0.0928669837985369,0.27325551806857257,0.9968298764874396,0.8143513353563637,0.06769703762397955,0.024557375105834413,0.013341192688130428,0.005208023044369224,6.610696135189607e-05,0.14645053843125577,0.1054020756572672,0.05111613334184938,6.610696135189607e-05,0.6944420151615058,0.014190601550248524,0.6712657236421928,1.0,0.8347657303658588,0.5075083189081837,0.8622940777219475,0.054501950645213945,0.11227020328843369,0.0,1.7765248914214148e-06,0.035027756701756285,0.4337823022932098,0.050855241043229436,0.011255351138216642,0.02158243852337923,0.9999338930386481,0.10974120292188223,0.18348314063047896,0.07240872580079424,0.4043195657391825,0.9661853883901611,0.27006206547422346,0.0,0.0704459935160961,0.47122399847110735,0.13770592227805245,0.8526310655562491,0.6144742786429938,0.003170123512560377,0.18564688811874483
0.01541249436931873,0.27391054004132465,0.20608436218358447,0.037125073629480275,0.04158341551634698,0.22632755754603584,0.4028037168587323,0.15072868707963116,0.10256304589932583,0.302491186675992,0.019628539590252958,0.05697443648825843,0.0,0.09771784097979246,0.022687087785749245,0.0,0.09522601758951231,0.273247079078403,0.9973880652083896,0.7912272068809652,0.06811194336138321,0.024217282502701765,0.013275567725692968,0.0052260616760552835,6.610696135189607e-05,0.1463297398358444,0.10742339927134197,0.05169246025306681,6.610696135189607e-05,0.6931862643312493,0.014163667933591584,0.669929438505402,1.0,0.8328664578548631,0.504573085436158,0.8590104917685207,0.05244542868482114,0.10695651729010565,0.0,1.6453873336912234e-06,0.034956893644274505,0.43199092208213596,0.049868063663059646,0.01123281192203899,0.021352012629550537,0.9999338930386481,0.11057078677357167,0.18338592069073065,0.07257781552715808,0.40571009037153377,0.9662077924761554,0.2730961250063396,0.0,0.06941570116534444,0.47273982677809273,0.1409895082314793,0.8523285537256666,0.6197964036314915,0.002611934791610357,0.20877114773170113
0.015339839637268055,0.2732578039508309,0.20755347188975093,0.03753146193395414,0.04208786221238504,0.21589754880229883,0.41589475027136835,0.150343388161067,0.10200917164975948,0.30089578741019674,0.019674812728023145,0.05548406088303662,0.0,0.10003429866865536,0.024214554854043165,0.0,0.09751316584393588,0.2730416207685866,0.9978324888305987,0.7680187496711945,0.06853653235100336,0.023909508757962612,0.013228770322215899,0.005235855249095754,6.610696135189607e-05,0.14616937426918217,0.10915063509943436,0.05219235834788999,6.610696135189607e-05,0.6918572193506146,0.014129448714743722,0.6684854795399615,1.0,0.8311771369266565,0.501797252089019,0.8561273726121544,0.050411863557234086,0.10228068320211328,0.0,1.5195761863132184e-06,0.03487318777092223,0.43016068861970796,0.04886381949468913,0.011219445972602332,0.021130627380707548,0.9999338930386481,0.1115280291261696,0.18327052449032105,0.07270398545415367,0.4071641226212071,0.9661957385572332,0.2760304595770019,0.0,0.06878856440468815,0.4739881930569378,0.14387262738784556,0.85207497059883,0.6246776960293001,0.0021675111694013224,0.2319797307526192
0.015281168523789208,0.27266339621579627,0.20901852572263016,0.03794104306467211,0.0425723922373014,0.20601136578366547,0.4288589893838221,0.1499864639572866,0.10153249833364947,0.2993300226397959,0.01976126860459158,0.05417141017081653,0.0,0.1018210378820392,0.02584612197549929,0.0,0.09971219744725304,0.2726511263783554,0.9981879171518208,0.7452104643662405,0.06893502888932179,0.02363490859011829,0.01318895083084321,0.005240090180951999,6.610696135189607e-05,0.14602291555002522,0.11067455142045228,0.05262690382022102,6.610696135189607e-05,0.6905991024088676,0.014094114200185024,0.6669984675630981,1.0,0.8296682651979408,0.4991601586289094,0.8535637196794977,0.048397570668036134,0.09810755376250085,0.0,1.3995439521735595e-06,0.03477557570655926,0.42829195593750713,0.04784474880495523,0.01121167991996783,0.020916225975684277,0.9999338930386481,0.1125661730232074,0.1831357135856754,0.07280309117807555,0.4086883763707323,0.9661446171952234,0.27883012226608533,0.0,0.06851069692001999,0.4749937193955914,0.14643628032050227,0.8518902318847108,0.6292413198591437,0.0018120828481792528,0.2547881360898073
0.01523921736032983,0.2721391788668995,0.21046935622491195,0.03833947968375605,0.0430648756650698,0.1969410936020734,0.4414124553374838,0.14967429536788587,0.10102042398130495,0.2977788722854946,0.0198903110160308,0.05301606490743243,0.0,0.10315853326843497,0.027579993457335753,0.0,0.10180725784331776,0.27209900885836885,0.9984737609033356,0.7232369630481742,0.06931680865575089,0.023384750235417688,0.013188950830252592,0.0052401023408790316,6.610696135189607e-05,0.14589803375031546,0.11193108626197705,0.05299870678683908,6.610696135189607e-05,0.6892654793484202,0.014061338363646083,0.665516820068592,1.0,0.8283159601061983,0.4966504897857307,0.8512783986171015,0.046407015737583567,0.09434585968127732,0.0,1.2859506351489205e-06,0.03466564582008323,0.42636303520147006,0.046823377907512564,0.01120698763205171,0.020745330779811697,0.9999338930386481,0.11370473433027736,0.1829860001170068,0.0727063592023101,0.4102288137710424,0.9660483506203231,0.28146711502397564,0.0,0.06852550662536677,0.4757695167569335,0.14872160138289842,0.8517857264190987,0.6335551314603539,0.0015262390966644232,0.2767617510011907
0.015214628427275004,0.2717238435053143,0.21190532829716055,0.038729502544794216,0.0435199417133076,0.18872102210000002,0.4532496648231369,0.14937328016663742,0.10063926248611652,0.29625377129568226,0.020060393966484947,0.05198535476658282,0.0,0.10409003201116895,0.029398570419778686,0.0,0.10376804852784878,0.2713850292100142,0.9987050096862112,0.7024337395823017,0.06969355734643197,0.023160298091909687,0.013188950830252592,0.0052374292001706145,6.610696135189607e-05,0.14576111968330416,0.11309426406466856,0.053300326456770124,6.610696135189607e-05,0.687956959347054,0.014039466081099275,0.664079953521807,1.0,0.8271267444021102,0.4942921339832831,0.8492281772656577,0.044440867809666794,0.0909279958369871,0.0,1.1790865896431413e-06,0.0345471056997541,0.4244056460711483,0.04580015434885537,0.01120499429806913,0.02056023333276498,0.9999338930386481,0.11492658649668375,0.18282641633827337,0.07267192322620843,0.4118084531525646,0.9659001399524157,0.2839346917116101,0.0,0.06878322358672084,0.4763092955969382,0.15077182273434236,0.8517910836624845,0.6376869749529988,0.0012949903137887363,0.29756508133110854
0.015205816377822597,0.2714059319482479,0.21333479696523727,0.039107521604245216,0.043961085331466136,0.18139084983760362,0.46412758675120197,0.14913165627505567,0.10029675604461488,0.29476950278300923,0.02027304547429131,0.05107269429766381,0.0,0.10470479384426185,0.03129575675226357,0.0,0.10559283095600493,0.2705470044124738,0.9988934949015971,0.6830436201164162,0.07006046117533635,0.022957346029767737,0.013220732261956225,0.005233085122512713,6.610696135189607e-05,0.14561756797225583,0.1140775775627252,0.05354586913221459,6.610696135189607e-05,0.6865638289946673,0.014027676956951176,0.6626796706861475,1.0,0.826053204107328,0.4920452922855636,0.8473685828324525,0.04250075032546903,0.08779081627331585,0.0,1.0790429517593447e-06,0.03444185374863304,0.42240920943207033,0.04477742039879564,0.011203775315517375,0.020381361142331758,0.9999338930386481,0.11621405108146209,0.18267769184597418,0.07264610378819673,0.4133961200765335,0.9656992775687575,0.28624763501618866,0.0,0.06924200204841013,0.47665895096217276,0.1526314171675474,0.851906418718526,0.6416621793142103,0.0011065050984029672,0.316955300840632
0.015208755324777114,0.27120030423904956,0.2147545231368304,0.039466962990222364,0.04438560736597898,0.1747862380302354,0.4739056331182534,0.1489360246470586,0.09998876882686748,0.2933010552244517,0.020528065260247922,0.05025777823283072,0.0,0.10504257349502638,0.03324992765133476,0.0,0.10727985393068004,0.2696115607898043,0.9990483301724922,0.6652062185645854,0.07041955766737527,0.02277383228983692,0.013240810234332477,0.005227759181173492,6.610696135189607e-05,0.14545375369298189,0.11504069038017839,0.05372605905169543,6.610696135189607e-05,0.6852064465814443,0.014029282586960058,0.6613215465801795,1.0,0.8250977041840901,0.48989947194842454,0.8456569561184529,0.040585539592146086,0.0848839454394774,0.0,9.857254144333321e-07,0.03429657819236633,0.4203862419549863,0.04375362471229722,0.011201625811741197,0.02021300631925089,0.9999338930386481,0.11757628661425465,0.18254169952660187,0.07254317919865182,0.41502126424459346,0.965442652152792,0.2884206751869898,0.0,0.06985972232088347,0.4768506004002407,0.15434304388154702,0.8521346064771739,0.6455044937707183,0.0009516698275077968,0.33479279571000015
0.015227213646369888,0.2710994673861157,0.21616084481899367,0.03981008733478615,0.04478639428495945,0.16899557976551594,0.48256934491235476,0.14877600064705215,0.09975955501117721,0.2918775735307675,0.020827077212156528,0.04953575034664885,0.0,0.10518018698242405,0.03525350651098039,0.0,0.10882118801461985,0.26859148838571345,0.9991764932233733,0.64894993191182,0.07077768251879567,0.02260889058095891,0.013275819622800595,0.00522223536730672,6.610696135189607e-05,0.14531762536484794,0.11591906990814087,0.0538735081602655,6.610696135189607e-05,0.683794545313309,0.014044617417560351,0.660005319010092,1.0,0.824220037746085,0.48785725354713083,0.8440822540575109,0.03870177309286479,0.08217751212478032,0.0,8.990360434500176e-07,0.03416370870267694,0.4183417501954858,0.042762756514102065,0.01119759420262833,0.020060583772674105,0.9999338930386481,0.1189057859678246,0.18239637113325136,0.07236901619484946,0.4166461633766067,0.9651283053702832,0.29045893064325917,0.0,0.07059977527149103,0.4768892399418888,0.1559177459424891,0.8524770388925154,0.6492309994895062,0.0008235067766266469,0.3510491690521365
0.015255131649076934,0.2711015970988808,0.21759524884376694,0.04013823830339262,0.045161912773399704,0.1638243563813448,0.4900106063229988,0.1486386131986067,0.09960253743434139,0.2904934803668819,0.02117024200825052,0.048893056076560706,0.0,0.10515489076361317,0.03728725258558648,0.0,0.11021909342104472,0.26751673511837376,0.9992834458277565,0.6342625504950282,0.07113024279796906,0.022431111235237042,0.01332039757011971,0.005216694390911205,6.610696135189607e-05,0.14525668336569442,0.11676153534105878,0.05398191066245554,6.610696135189607e-05,0.682400131973514,0.01407182829958812,0.658731719937436,1.0,0.8234164937551964,0.4859054334456409,0.8426220890634445,0.03685180762277811,0.0796388735944167,0.0,8.186975055267068e-07,0.03403235501484031,0.41629951001123044,0.041775275087637585,0.011191530380390412,0.019919481298348335,0.9999338930386481,0.12026312362197171,0.18226629413537904,0.07214162310748853,0.418259128634645,0.9647579296921613,0.29237522398600335,0.0,0.07142861548119046,0.4768073139687726,0.15737791093655557,0.8529290989561772,0.6528443912872095,0.0007165541722434985,0.36573663080746627
0.015290952358207216,0.2712024514928172,0.21905365642954616,0.04045341936300589,0.04550836984668648,0.1591211689967491,0.4962542239108344,0.14850970900088628,0.09952989952613268,0.2891536469915173,0.02155991188135978,0.04832103722146418,0.0,0.10501431943998887,0.03933449130788108,0.0,0.11147885184158977,0.26640850729551113,0.9993733895921546,0.6210684635131948,0.07147924147527841,0.0222809340874226,0.013366338241317331,0.0052116707856290825,6.610696135189607e-05,0.14515266497228113,0.11758801452416626,0.05405591866919524,6.610696135189607e-05,0.6809481181195156,0.014111183440753898,0.6574722252123237,1.0,0.8226446111574948,0.48402122575103357,0.8412139557723785,0.03503914907067191,0.07724374576811312,0.0,7.444371889644782e-07,0.03393564463927025,0.41429038828652054,0.04080663130186804,0.011183396456174336,0.019788771531193287,0.9999338930386481,0.12161555728137098,0.18215297996913285,0.07187260675093562,0.4198100772038976,0.9643289046778863,0.2942067375662121,0.0,0.07234106940251638,0.4766442829410853,0.15878604422762155,0.8534819990877383,0.6563477469363758,0.0006266104078453826,0.3789307920496162
0.015329461637205463,0.27138877644946635,0.22053364952407037,0.04076326959902126,0.04582290125526122,0.15462256187944778,0.5014682473668695,0.14836745025601678,0.09954617451992223,0.28785950784853,0.021998473852259677,0.04781187120374218,0.0,0.10478400757245845,0.041381253263521996,0.0,0.1126133595444008,0.2653021968759322,0.9994496282086515,0.6092818074479938,0.07182259082123107,0.022149252995626322,0.013414398651737703,0.005206986399611609,6.610696135189607e-05,0.14500291812247473,0.11838167781875104,0.05409205506484307,6.610696135189607e-05,0.6794460460168179,0.014156763937173801,0.6562427317645662,1.0,0.821918286885977,0.4821865320193041,0.8398652980650866,0.03326614290301648,0.07496531600551022,0.0,6.759359941085179e-07,0.033816668261830975,0.41231754817032495,0.03986406610527139,0.011173459383256675,0.01966785465781298,0.9999338930386481,0.12295045190752896,0.18206121860796384,0.07156471744399516,0.4213419088029922,0.9638447622105665,0.29594539703169176,0.0,0.07329770554156462,0.4764322147171739,0.16013470193491341,0.8541204975525828,0.6597324871185576,0.0005503717913485296,0.39071751661601223
0.015374763251496424,0.2716443064976722,0.2220197180307927,0.04106628482740797,0.04611052733574142,0.15055049358590947,0.5057238190791744,0.14821252654642328,0.0996263299609938,0.2865810828337985,0.022487464403613038,0.04735722160303744,0.0,0.10448548044864217,0.04341042868990388,0.0,0.11362424606158857,0.26419926346592293,0.9995146575804975,0.5987629602953771,0.07216213397818974,0.02203314561951689,0.013465472853041768,0.005202990224452156,6.610696135189607e-05,0.14487251421844788,0.11915742265754663,0.054105565663979616,6.610696135189607e-05,0.6779079446510294,0.014209572313745722,0.6550587198714811,1.0,0.821243184986128,0.48043234183211425,0.838587548691675,0.031538714078807865,0.0727958289954015,0.0,6.129074576160774e-07,0.03369889488646824,0.4103786231854404,0.038935948723975454,0.011161259869219129,0.019556250960973742,0.9999338930386481,0.12427572393297333,0.18199571639523138,0.07122728313210391,0.42284625252850944,0.9633029632826412,0.2975840585254815,0.0,0.0742713345652298,0.47615722947798184,0.16141245130832513,0.8548370398596036,0.6630049075386756,0.00048534241950252683,0.40123642679716537
0.015425081192461063,0.27196704759623935,0.22352870271175238,0.04132877471536968,0.04637641469761885,0.14668398271206667,0.5091198933782095,0.1481387983459903,0.0997742135912636,0.2853668530114198,0.023030018191712683,0.04695206955913479,0.0,0.10414160857440853,0.045408530335817716,0.0,0.11452228786416589,0.2631129496823832,0.9995704835278161,0.5893835078565445,0.07249843133379541,0.021928938211177532,0.013553154752362078,0.005199597129394854,6.610696135189607e-05,0.14476076259050966,0.11980721397785818,0.05408976828478895,6.610696135189607e-05,0.6762199432275595,0.014268333573969862,0.6539225019179928,1.0,0.8206174409164709,0.47876570990255113,0.8373797170236004,0.029859709894952315,0.07072225699894255,0.0,5.549917861499912e-07,0.03358435870359998,0.40847674481324747,0.038033806404248846,0.011147028696717975,0.019453278829647768,0.9999338930386481,0.12556955903095995,0.18195271848437874,0.07087236340115831,0.42432398004438265,0.9627016482343175,0.2991254285228723,0.0,0.07524095050912046,0.4758257597616311,0.16262028297639958,0.8556180022408818,0.6661647933186743,0.00042951647218386917,0.4106159371516694
0.015478326226582921,0.2723425422268838,0.2250187700091718,0.04160607393691194,0.04665372319698983,0.1430950903029838,0.5118678403309735,0.1480089471228015,0.09982878434374305,0.28421741361465735,0.0236254633709145,0.04657832593952899,0.0,0.10373838342514147,0.04734392111800253,0.0,0.11531737928327714,0.26205113196237917,0.999618681510044,0.5810156415905818,0.07283667064561912,0.021802692123186012,0.01362425025211516,0.005197554267561181,6.610696135189607e-05,0.14475713296164258,0.12053495623196253,0.054034880273643886,6.610696135189607e-05,0.6746039906395702,0.014338317286724063,0.6528465807444153,1.0,0.8200716282470482,0.47721631753972404,0.8362293895247362,0.028230788125140557,0.06873801047595232,0.0,5.018560260141938e-07,0.03347364758687614,0.4066561991458377,0.03715041963601761,0.011132122677131163,0.019357510318045803,0.9999338930386481,0.12683408773441626,0.1819299022507994,0.07050220576408754,0.4257494348292868,0.9620362193423614,0.3005750933160558,0.0,0.0761899883278104,0.47543976134227345,0.16377061047526378,0.8564518325915823,0.6692108575616685,0.0003813184899560766,0.41898385655339204
0.01553358996648209,0.27274767937742306,0.2264992520445686,0.04187396813715791,0.046890048289850994,0.13960789186460063,0.5139586159268524,0.14785365514457227,0.0999785433407654,0.28307555978963456,0.02427569773654703,0.046241703722015484,0.0,0.10332151566534607,0.04921238250418123,0.0,0.11602807456411235,0.26102689674190693,0.9996605090589326,0.5735426560251212,0.07316920087412476,0.02169678204248211,0.013691328548953188,0.005196673507152613,6.610696135189607e-05,0.14473029331533774,0.12129672375551377,0.05397330750278587,6.610696135189607e-05,0.6729608162781079,0.014413898195244655,0.6517887569374029,1.0,0.8195364778494831,0.4757424742239714,0.8350810503855132,0.026657152849089212,0.06683745583945103,0.0,4.5323589323869307e-07,0.03336873775291924,0.4048902967368966,0.036295829929197644,0.011115078942900345,0.019265605265123786,0.9999338930386481,0.1280510885244303,0.18192875102144615,0.07014171990257902,0.42712948655547067,0.9613104040682083,0.3019695393405816,0.0,0.07714200648517075,0.47504514327184727,0.16491894961448686,0.8573147725867984,0.6721356474186421,0.00033949094106739086,0.42645689073898546
0.015556924975517748,0.27318457776714716,0.2279800996335133,0.04213812108971104,0.047103126695739864,0.13620465116714253,0.5155296596319823,0.14767816203536316,0.10017047719275242,0.2820079763273569,0.024983399625606157,0.0459398396210715,0.0,0.10290247493075312,0.05100868861168048,0.0,0.11666414341700368,0.2600499250995618,0.9996969844380712,0.566860534178097,0.07349641322052995,0.0215997310461885,0.01375682885306461,0.00519669990354378,6.610696135189607e-05,0.144712317363685,0.12207336070642781,0.05390752672320151,6.610696135189607e-05,0.6713143379261183,0.014490460286568455,0.6507661433357593,1.0,0.8190228914745178,0.4743438593855637,0.8339657582982976,0.025139858813118428,0.06500831159234423,0.0,4.087838345889237e-07,0.033271148906702706,0.40319016651194056,0.035447773540650374,0.011097273470119611,0.01921426147421627,0.9999338930386481,0.12927248824123413,0.1819774505173435,0.0696475457271031,0.4284385815448321,0.9605261400878253,0.30329401704316916,0.0,0.07807463359472916,0.4746474520027558,0.16603424170170242,0.8581959977698779,0.674941763308094,0.00030301556192875923,0.43313905703806843
0.01560322349866117,0.27363547364828117,0.22944554550035268,0.04239670745450144,0.04727903894407757,0.13242519276652645,0.5166304104600695,0.14747922409096206,0.10043292781526024,0.2809849826788199,0.02574876058028448,0.045663728284469754,0.0,0.1024749922250755,0.05272443491636439,0.0,0.11721911911715752,0.2591167494914252,0.9997288830106055,0.5608666583180967,0.07381935251481496,0.021505675219806727,0.013823173641499927,0.005197250821543399,6.610696135189607e-05,0.14472293910341444,0.12286089917012756,0.053833422003056804,6.610696135189607e-05,0.6696755326856215,0.01456831032036154,0.6497924941567778,1.0,0.8185466150936893,0.4730338115763091,0.8328937689517794,0.02368133744981066,0.06324795964781743,0.0,3.6824511296349477e-07,0.03318318440212827,0.4015727485783498,0.03465082990673188,0.011078417110379121,0.019145832459352915,0.9999338930386481,0.13040954524115528,0.18202719038319878,0.06926268977339221,0.42970361487004777,0.9596829290993539,0.30454377755875256,0.0,0.07897839268123516,0.47424175350732656,0.16710623104822064,0.8590995434330319,0.6776352908607574,0.00027111698939450774,0.4391329734367903
0.01565564865372838,0.2741017837264601,0.23088221668152514,0.04264844263886962,0.04744274128093963,0.12884779336399568,0.517379327149625,0.14726263806157916,0.10068443404251344,0.28000511982467646,0.02657395839145296,0.04541523368592283,0.0,0.10205696223658167,0.05435362659421757,0.0,0.11771188143220587,0.25823599586018897,0.9997569060740965,0.5554828499164508,0.07414091131470937,0.02141314362282604,0.013888036509990237,0.0051987124810795845,6.610696135189607e-05,0.14474960278436055,0.12365351801464541,0.053760659785456355,6.610696135189607e-05,0.6680245136241917,0.014641100545359617,0.6488534784599009,1.0,0.8180880589553688,0.47179360525470726,0.831851135746006,0.022282709830364494,0.06155018183390561,0.0,3.313207957994311e-07,0.03309823945813752,0.4000271921383363,0.03386749666482607,0.011059154323852514,0.019077667269615177,0.9999338930386481,0.13152523573942335,0.18210832810849334,0.06891650153869718,0.4309285261812091,0.9587849410631875,0.3057312878541762,0.0,0.07985497880804945,0.47385276815107513,0.16814886425399397,0.8600054087374296,0.6802138223059054,0.00024309392590351228,0.4445168187627534
0.015710525330440112,0.274571736108067,0.2323024030011584,0.042892576077065155,0.047596189673373715,0.12539762225709897,0.5177956145881929,0.1470252873901685,0.10091637290403052,0.27906577190216086,0.027461733798830112,0.04519489495166279,0.0,0.10165652620945952,0.05589530729300341,0.0,0.11815743911503675,0.2574142059131887,0.9997816133265826,0.5506336695564255,0.07445121001575833,0.021322391899445736,0.013952760021112282,0.005200963723502908,6.610696135189607e-05,0.14480274397414203,0.1244839341352582,0.053689159767584024,6.610696135189607e-05,0.6663830880971413,0.014707087067320554,0.6479433527645645,1.0,0.8176394601328211,0.4706203387612353,0.8308302947226608,0.020944025590743577,0.0599102382916717,0.0,2.9773367660530166e-07,0.03301667547833484,0.3985866906322671,0.033106233424619234,0.011039502046861957,0.01901246403902942,0.9999338930386481,0.13260069583451292,0.1822140356953802,0.06859682403932765,0.43209378863562026,0.9578311791338493,0.30686175228377266,0.0,0.08070401365771941,0.4734843539457612,0.16916970527733916,0.8608985352942197,0.6826755557951396,0.00021838667341748805,0.449366032709898
0.015766646303419243,0.2750400777639559,0.23370401148906253,0.043130174846149484,0.047739722067625834,0.12202016888213074,0.5179397550869211,0.146767250734791,0.10112791294478907,0.2781659247717423,0.02841402269194497,0.04500046390434417,0.0,0.1012734633970575,0.05734784110893798,0.0,0.11856799393333041,0.25665584008184084,0.9998034637570375,0.546255005196821,0.07475454936344128,0.021231944053485483,0.014016405556883183,0.005204018509073229,6.610696135189607e-05,0.14488106145647467,0.12530530582050065,0.05362204892605356,6.610696135189607e-05,0.664770937735678,0.014765359307229041,0.6470712739206954,1.0,0.817202755230637,0.4695216188191913,0.8298325349474314,0.019666958886034907,0.05832773325229832,0.0,2.6724789713071964e-07,0.032939990340093726,0.39720319316913405,0.03236667808617364,0.011018598578790948,0.018954243386907117,0.9999338930386481,0.13364479303274374,0.18235359318606317,0.06828989592755869,0.4332182978039403,0.956820618000826,0.30792826217496044,0.0,0.08152378137230552,0.47313054007187066,0.17016746505256866,0.8617650471806346,0.6850164266658609,0.00019653624296241546,0.45374472755528183
0.01582323034173335,0.27550966082601286,0.2350468496649396,0.043362097680085025,0.0478704583580649,0.11861635771123548,0.517950282936053,0.1464916079455267,0.10132723336639476,0.2773095496219963,0.029431401511777276,0.044830319902220736,0.0,0.1009103514953061,0.05871161266278526,0.0,0.1189478901039537,0.2559561035135624,0.9998228370900376,0.5422841862887253,0.07505003776814845,0.02114270138987743,0.014111830204562104,0.0052075737520576116,6.610696135189607e-05,0.14498292915474698,0.12600629357284143,0.05354899279233839,6.610696135189607e-05,0.6630717140476263,0.014813237741260456,0.6462306363020831,1.0,0.8167742744515034,0.468490665525987,0.82885531656484,0.01845051442800395,0.05679913938622978,0.0,2.3961675643061605e-07,0.03286718733017686,0.39587819038834976,0.03164446310486861,0.010996189351295982,0.01889957790644578,0.9999338930386481,0.13465885382199458,0.18252246698983884,0.06800781151103735,0.4343094950119633,0.9557553607469622,0.30893904379569614,0.0,0.08231537405319053,0.47279772181122776,0.17114468343515993,0.8626015954680424,0.6872447571002078,0.000177162909962372,0.4577155740945182
0.01587939362899953,0.2759790313874294,0.23636620531637892,0.04358933330247429,0.04799113686578885,0.11526391560443663,0.517747580001688,0.14619786225012976,0.10150379395861991,0.27648794453565423,0.030512427156252193,0.044672582633806586,0.0,0.10053941640142629,0.05996966258402225,0.0,0.11930527411970854,0.2553123707829262,0.9998400594351563,0.5386754251165069,0.07534413758256162,0.02105597734510705,0.014186910400276937,0.0052119974282452495,6.610696135189607e-05,0.14511078918165096,0.12674935513335128,0.05345707425177732,6.610696135189607e-05,0.6614253111362192,0.014856209929367635,0.6454298732893061,1.0,0.8163836857463764,0.46755143130125076,0.8278924266469363,0.017292533071396898,0.055323189982305405,0.0,2.1459449568770421e-07,0.032798170588940787,0.39463317201344056,0.030966513775527737,0.01097296057267208,0.018814993346317307,0.9999338930386481,0.13558453026439987,0.18268956993259877,0.06789044103459026,0.43538999479825724,0.9546313629143802,0.3098975440768873,0.0,0.08307689785219725,0.47247890611472704,0.1721075733530637,0.8634021928088946,0.6893644392347684,0.00015994056484368812,0.4613243602889974
0.015935242088609674,0.2764392581723957,0.2376509055015708,0.04380814977746218,0.04812328601848052,0.11191029286707839,0.5174039438440392,0.14589803375031546,0.10158417827024684,0.27569835818453337,0.031654982115926135,0.04453569753427237,0.0,0.10018849694745731,0.061136047678072035,0.0,0.11966050146931681,0.2547363061775518,0.9998554142302618,0.5353937276381311,0.07562787707095815,0.020969162886842502,0.014252355157782877,0.005217504246154751,6.610696135189607e-05,0.14525895096243396,0.12757087164145225,0.053376468062487484,6.610696135189607e-05,0.6598023642231485,0.01488562740629334,0.644650788508999,1.0,0.8159979850220578,0.4666675666192727,0.8269399894928965,0.01619286575592429,0.05389644084273057,0.0,1.9197488450149523e-07,0.03273223780313055,0.3934418168878542,0.030291135788037306,0.01094918937270496,0.0187571046594877,0.9999338930386481,0.1365005182426761,0.1828910473359476,0.06769470893844524,0.4364285765424429,0.9534593904777805,0.3108135139567286,0.0,0.08381351803048498,0.47219638570265515,0.17306001050710346,0.8641466327747589,0.6913672529797177,0.0001445857697381993,0.4646060803869844
0.015991215328842474,0.2768945503503359,0.2389175862771952,0.04403063206679422,0.04823916608302245,0.1084822129920155,0.5169074459982462,0.1455384124071968,0.10166579275232253,0.2749402560995887,0.0328615583315419,0.04441915582760874,0.0,0.0998598066841569,0.06222166480243197,0.0,0.12000982818426294,0.25421928325594506,0.9998691254415366,0.5323946763991203,0.07590503132421596,0.020883244652635042,0.014313067684528679,0.005223625751491064,6.610696135189607e-05,0.1454318379645107,0.12840064366848875,0.05330829341079855,6.610696135189607e-05,0.6582160808534571,0.014899778318720878,0.6438992202517972,1.0,0.8156145605080526,0.4658381138996907,0.8260049641072698,0.015150548767056689,0.052517075317641666,0.0,1.7156706354015212e-07,0.0326699641169844,0.3923212613497675,0.02962872433098769,0.010925122251840863,0.018706429050642487,0.9999338930386481,0.13739088989054302,0.18311321546043755,0.06750348810770809,0.43742622319961977,0.9522386633497373,0.311681623920594,0.0,0.08452563280779056,0.47194022129787727,0.17399503589273022,0.8648396230486803,0.6932636414264134,0.00013087455846343214,0.4676051520338162
0.016047367531298706,0.2773421921573887,0.2401301039665459,0.04424594389933728,0.04834102294926338,0.10497073310950586,0.5163776356568127,0.14517706637600483,0.10174763196254144,0.27421767731571617,0.034134267848185594,0.04432336180198704,0.0,0.09955561922353226,0.0632354407456315,0.0,0.12035474230364182,0.25375859359684844,0.9998813903562276,0.5296467452373521,0.07617429865378612,0.020797460026134695,0.014370929690100114,0.005230160502479343,6.610696135189607e-05,0.1456251490847045,0.12923473936004537,0.05325484983001123,6.610696135189607e-05,0.6566632697570042,0.01489696502033495,0.6431765283663322,1.0,0.8152310945373872,0.4650634122831788,0.8250915674188584,0.014164381360100542,0.05118410869522684,0.0,1.5318472854688626e-07,0.0326112979674692,0.39126758553158936,0.028982554146256626,0.010900756776584343,0.018659883504896047,0.9999338930386481,0.1382184140974862,0.18335619687881843,0.06732957211244216,0.43840416960421363,0.9509687671314795,0.3125001098316808,0.0,0.08521328623908052,0.47170114697118976,0.17490843258114164,0.8654808763362576,0.6950572977079248,0.00011860964377246259,0.4703531015779193
0.016103483911098837,0.2777771468556174,0.24132410758960737,0.044452547573615296,0.048432127447902776,0.10143413074850305,0.5157499398749114,0.14480489308508304,0.10181710267627687,0.27352444731617054,0.03547498889221416,0.04424863152562052,0.0,0.09927533084848561,0.06418448216621211,0.0,0.12070362081376496,0.25336106255133495,0.9998923825369072,0.5271341613607774,0.07643550263652181,0.020711269865879192,0.014426201340355976,0.005237066071523597,6.610696135189607e-05,0.1458381747536559,0.1300824011507095,0.05321495678595143,6.610696135189607e-05,0.6551380208653599,0.014876333229760298,0.6424825717868159,1.0,0.8148474702445634,0.4643404488196921,0.8242004418135523,0.013232937517436942,0.04989613561029114,0.0,1.3664973514766864e-07,0.03255541844441994,0.3902742470950745,0.028357628055983665,0.010875778186899611,0.018615809251094892,0.9999338930386481,0.1390285071953612,0.18360825229008812,0.06717537072194701,0.4393408862451592,0.9496486778780255,0.3132687966875636,0.0,0.08587719890695106,0.47147506901409575,0.17579955818644769,0.8660634416687981,0.6967428018383739,0.00010761746309286342,0.47286570198948746
0.01615991154748011,0.27820275074082856,0.24248290861804614,0.044653458127561836,0.04851496530931258,0.09784819844793026,0.5150386155263265,0.1444218867628891,0.1018702650770103,0.27286038236361354,0.036881003788925885,0.044192953225150336,0.0,0.09901800658795507,0.06507319748605576,0.0,0.12105383656204705,0.25301682862218366,0.9999022480620722,0.5248247627201925,0.07668853052542898,0.020625021488250444,0.014477166375350155,0.005244473465965569,6.610696135189607e-05,0.14603936015780003,0.13093645861307154,0.053191398074259225,6.610696135189607e-05,0.6536725832368153,0.014835743418969675,0.6418153162721884,1.0,0.8144625677861563,0.4636658582088693,0.8233307651136434,0.012354406977595713,0.04865183333349111,0.0,1.2179726342602786e-07,0.032503074677555345,0.38934167163648353,0.027745041431869837,0.010851033415417589,0.01857421296062714,0.9999338930386481,0.13981780879387645,0.18387771838273304,0.06705089552091319,0.4402432612935536,0.9482832527921045,0.31399173050266127,0.0,0.08651942562588869,0.4712609443050749,0.17666923488635655,0.8665917564603572,0.6983313380443252,9.775193792784102e-05,0.47517511548254415
0.016216611982480617,0.2786164589764875,0.24363916108666406,0.044848255505185626,0.0485909339944979,0.09423139916956307,0.5141661441701695,0.14402306489722322,0.10190075348746921,0.27221988081793114,0.03835165338367199,0.04415641167970832,0.0,0.09878483414379867,0.06590841877720453,0.0,0.12140812614734017,0.25272463429105446,0.9999111171524506,0.5226991957043438,0.07692973138249437,0.02057246289337354,0.014523160809511894,0.005252107232479869,6.610696135189607e-05,0.14619377848169327,0.13177097786789366,0.053183583640412556,6.610696135189607e-05,0.6521701861149146,0.014774223472206669,0.6411721379065041,1.0,0.8140741849619683,0.46303215809697446,0.8224817591027668,0.011526753967374364,0.04744893109847646,0.0,1.084718594136239e-07,0.03245411529813885,0.3884671361155461,0.027142735876802385,0.010826347301547986,0.018534482918291788,0.9999338930386481,0.1405873175530657,0.18416541076254722,0.06694145163968053,0.4411157797945517,0.9468741231441213,0.3146714504137877,0.0,0.08714098089423307,0.47105942312582105,0.17751824089723328,0.8670651198852855,0.6998264346104691,8.888284754933167e-05,0.47730069582379686
0.01627398777298228,0.27902007565721404,0.24475720852761143,0.045038717800803534,0.04866078264609215,0.09053148617835576,0.5132720555291854,0.14361129033114944,0.10191344848354567,0.27160499926931303,0.039887002722122374,0.04413809591792867,0.0,0.098563915728159,0.06669875840307056,0.0,0.12176816609257647,0.2524822037622679,0.9999191015323008,0.5207367967590868,0.07716251448415652,0.020510970177669376,0.014564925492378585,0.0052598650316397644,6.610696135189607e-05,0.1464032628668147,0.13258347761790965,0.05318917987827907,6.610696135189607e-05,0.6507228592172587,0.01469054064436326,0.6405855383552898,1.0,0.813728649848427,0.4624608006628071,0.8217064414895501,0.010748015681793904,0.046286899077135596,0.0,9.653540114693643e-08,0.03240893813509473,0.38763978917883835,0.026549552798415824,0.010801996628332547,0.0184967120831406,0.9999338930386481,0.14134197241372995,0.1844728206413349,0.06684965376066125,0.4419635988157848,0.9454224566335143,0.3152763657267815,0.0,0.08770743442341408,0.4708404409341223,0.17829355851044987,0.8674838182256296,0.7012308971605966,8.089846769922762e-05,0.47926310670551203
0.01633176095036928,0.27941370640212776,0.24584809947239,0.0452243583614769,0.048724782363342246,0.08675872668170805,0.5123172270167199,0.14318539124481697,0.10190772816427165,0.271014209348232,0.041485928301147765,0.04413953297443239,0.0,0.09836654306756241,0.06745008524169022,0.0,0.12213578999254399,0.2522876829400052,0.9999262993520412,0.5189222761196727,0.07738666990769016,0.02044523927688511,0.014602979838090835,0.005267831349120414,6.610696135189607e-05,0.1466414621476047,0.13342431279283767,0.053213318261269925,6.610696135189607e-05,0.649310887848586,0.014583604952074877,0.6400299604376303,1.0,0.8133961448395453,0.4619355806446769,0.8209705430313057,0.010016047603418598,0.04516485107779811,0.0,8.58542905665656e-08,0.03236593710626317,0.3868978864842616,0.02596219399320535,0.010777729767194254,0.01846065318233939,0.9999338930386481,0.14207968158467746,0.18479763138594638,0.06677680187512049,0.44277035551897065,0.9439304667467774,0.31583050658793743,0.0,0.08823731209289233,0.4706143341136329,0.1790294569686943,0.8678481624040374,0.7025474659821966,7.37006479587683e-05,0.48107763802603676
0.016390268676306254,0.27979222109776114,0.2469138183135833,0.04540623410020684,0.04878354833751024,0.0829375321654523,0.5113162005384626,0.14277733229297226,0.10188476994169045,0.27044318079902874,0.043148735292708185,0.04416088315302492,0.0,0.09819480744719837,0.06816827947732029,0.0,0.12251600455331577,0.2521442682401745,0.9999327972471569,0.5172475722433683,0.07760384511004167,0.02037642790467191,0.014636933232077126,0.005276157718613587,6.610696135189607e-05,0.1469067683431803,0.13425580357650072,0.053258386372033485,6.610696135189607e-05,0.647942527376965,0.01445421973135461,0.6395048622201018,1.0,0.8130661140396725,0.46145674139515286,0.8202621613194321,0.009329456955747904,0.044083428440967735,0.0,7.631082871022503e-08,0.032325989081914655,0.38617215275813155,0.025380802746081926,0.010753480847888606,0.018424399623042917,0.9999338930386481,0.1428090329521747,0.18514580079475523,0.06673153792657005,0.4435721054876243,0.9423970449759372,0.31633425462687337,0.0,0.08873907851312891,0.47037497912752685,0.1797378386805679,0.8681545384909363,0.7037723033188578,6.720275284308454e-05,0.48275235144580303
0.016427203386949415,0.2801619931498996,0.2479499487912145,0.04557903919741492,0.048837404703928514,0.07904121084464746,0.5102556523104205,0.14233676923405186,0.10183985923281794,0.26990650595320964,0.04487290076062286,0.04420231391482451,0.0,0.09804978504780779,0.06885880073741416,0.0,0.12290797496042519,0.25204437175672045,0.9999386698537528,0.5156940379853266,0.07781380332715498,0.020306302051391355,0.01466650744899433,0.005284586275771331,6.610696135189607e-05,0.1471893159353573,0.13509277212580592,0.05332187041550731,6.610696135189607e-05,0.6466080329181126,0.014301140183000306,0.6389956186709141,1.0,0.8127314751409328,0.46100899756606334,0.8195723805411543,0.00868538211612719,0.04303928129505138,0.0,6.778923937710424e-08,0.03228735516396654,0.3855088293575132,0.024833230082533714,0.0107284751846168,0.01838823835104757,0.9999338930386481,0.1434656658371905,0.18547777785481367,0.06670505792119065,0.44434849386163633,0.9408259590563769,0.3168020674142613,0.0,0.08921873981125944,0.4701322016965224,0.18042761945884564,0.8684066429234476,0.7049163469482282,6.133014624716921e-05,0.484305894225434
0.01647981312268606,0.2805206132459156,0.2489474333934375,0.045750574859282155,0.04888645381678672,0.07489330738020093,0.509149016569013,0.14187574664727878,0.10177306709815663,0.2693869598609445,0.04664802874221703,0.04425962879014913,0.0,0.09792600912632153,0.06951864833695034,0.0,0.12331084291090857,0.25198836406074193,0.9999439825429077,0.5142605799233482,0.07801817115239212,0.020234657780305147,0.014690117827529731,0.005293395556270495,6.610696135189607e-05,0.14745981137518657,0.13594740066311867,0.053410026185137655,6.610696135189607e-05,0.6453266844946207,0.014124835661132824,0.6385069656645825,1.0,0.8123945387814395,0.4605924933961177,0.818903191561003,0.008082377883176884,0.042032934429392065,0.0,6.019147275840875e-08,0.03225350677763886,0.3848587901474517,0.024282317212633374,0.010703741189815553,0.01835235628706341,0.9999338930386481,0.14413017441360243,0.18583189984144483,0.06670083278651659,0.4451201042763619,0.9392271355966502,0.31723340554526835,0.0,0.08967945209223893,0.469888858266932,0.18109680843899703,0.8686067792059146,0.705978701509866,5.601745709230923e-05,0.4857393598851791
0.01652562922433629,0.2808717456528954,0.24992494903208873,0.04591915135429681,0.04893128742469193,0.07076444574012529,0.5080005518920591,0.14139682566360404,0.10168864969669508,0.268888487088589,0.04847664187293694,0.044336408885192816,0.0,0.09783054234780611,0.07015830887247593,0.0,0.12372664614470076,0.2519727797237955,0.9999487964330978,0.5129341777724605,0.07821359313333935,0.020162817283408775,0.014708626724478943,0.00530207090009912,6.610696135189607e-05,0.14776509368940466,0.13679860280343228,0.053518539736643445,6.610696135189607e-05,0.6440679259531135,0.01392355468877205,0.6380258220940689,1.0,0.8120453325879179,0.4601887912561894,0.8182477280821495,0.00751751786337471,0.04105957321888314,0.0,5.341907474721804e-08,0.032219812731278274,0.3842748642207646,0.02373641814916709,0.010678838553943096,0.01831707298573746,0.9999338930386481,0.1447819609981098,0.18623095803964423,0.0667130325879079,0.44585574166286196,0.937599803438291,0.31763776902073826,0.0,0.090124125064276,0.4696528998713347,0.18175227191785054,0.8687558359919245,0.7069676470573214,5.120356690229273e-05,0.48706576880846475
0.016581747258210065,0.2812102490451272,0.2508824074678952,0.04608437068833372,0.048972784788784134,0.06654888231325597,0.5068220344397634,0.1408991866618872,0.10158747537519396,0.2684048196524866,0.05035584806668399,0.04443167767471536,0.0,0.09775980950041346,0.07078058464715442,0.0,0.12415690676348545,0.25199965391388196,0.9999531624473728,0.5117095046951221,0.07843722968146963,0.020089424789164756,0.014722865774282579,0.00531095711197562,6.610696135189607e-05,0.14808629823438924,0.1376570515024702,0.053646629363120577,6.610696135189607e-05,0.6427116052900977,0.01369905053079902,0.6375633035473721,1.0,0.8116897167755571,0.45981130014005556,0.81761065041741,0.0069893106723989415,0.04012053160850771,0.0,4.739027430861663e-08,0.03218938196958347,0.3837201368194635,0.023197437636394577,0.010640533626551789,0.018282790498304436,0.9999338930386481,0.14538758334482327,0.1866682361366181,0.06674745653185557,0.4466080462845576,0.935945101402517,0.31800501877791254,0.0,0.09055047372402951,0.46940811521279,0.18238934958259,0.8688537825641156,0.7078798144776103,4.683755262719406e-05,0.48829044791460363
0.0166409892272925,0.2815428698870753,0.2518203683317102,0.04625394969989839,0.04900996094210712,0.06236960075223994,0.5056293651068656,0.1403737391544891,0.10147083488630318,0.26793350618249523,0.05228950162906938,0.04454920388586697,0.0,0.09771986544303375,0.07139592805371622,0.0,0.12460822013209408,0.25206867999556476,0.9999571281390734,0.5105885189744385,0.07863299396547849,0.020016046775302464,0.014733865645608848,0.005321924886637058,6.610696135189607e-05,0.14846456774079766,0.13855597515969076,0.05379591618680489,6.610696135189607e-05,0.641388579596082,0.01345046739209866,0.637106950524655,1.0,0.8113126125762975,0.4594563243303896,0.8169758406813896,0.00649528550086171,0.03921095092719412,0.0,4.202298091288827e-08,0.03215772513796098,0.38318740666641343,0.022633178947549435,0.010611040087431143,0.01824783507084424,0.9999338930386481,0.14605687946020157,0.18710090916922015,0.06679425215388829,0.44734624710977666,0.9342600309788319,0.318343845589478,0.0,0.09096752198066879,0.46914774761589423,0.1830241593186104,0.8688964943670442,0.7087203690772411,4.287186092651163e-05,0.48941143900258066
0.016699935965066727,0.28186376166960775,0.2527522136956315,0.046420690111872755,0.04904480104669237,0.05816173008207702,0.5043583585895031,0.13983797090052125,0.1013389365376338,0.2674777351024103,0.0542787631901531,0.0446877569460845,0.0,0.09770304281345848,0.07200845592909633,0.0,0.12508005012543524,0.2521757951014604,0.9999607324933601,0.5095487487716633,0.07882201432207755,0.019943458891062815,0.014741544305224065,0.005332500216596161,6.610696135189607e-05,0.14884749581417878,0.1394630790993128,0.053967426788181554,6.610696135189607e-05,0.6400996718707334,0.013179692285275652,0.6366659617585214,1.0,0.8109294941507734,0.4591295658359503,0.8163575789483889,0.0060335272985622395,0.03833150616976479,0.0,3.725061042118668e-08,0.03212713677490756,0.38268697134203444,0.022079366890976424,0.010583183962407806,0.01821344657129251,0.9999338930386481,0.1467016501615373,0.18753617919522536,0.06685088466769269,0.4480713110485148,0.9325415445245713,0.3186462812953941,0.0,0.0913674630357682,0.4688619782349533,0.18364242105161108,0.8688864225760025,0.7094926987287749,3.926750663985132e-05,0.49045121397772623
0.016759705309380524,0.28218018813608137,0.2536702250057469,0.04658395125829018,0.049076569573673894,0.05390306250982925,0.5030428111842232,0.13929417706796643,0.1011956429795576,0.26703471094174563,0.05631757906274786,0.044845906511906404,0.0,0.09770688770782476,0.0726185606228468,0.0,0.125569683584755,0.25231665533240727,0.9999640109177506,0.508581984794273,0.07900511143150042,0.019871627519937606,0.014744431518451265,0.005342799610844482,6.610696135189607e-05,0.1492378119656885,0.14037630865993625,0.054162768638088846,6.610696135189607e-05,0.6388423179249938,0.012886814102077336,0.6362401298189182,1.0,0.8105431658445447,0.45882472047997885,0.8157592918750489,0.005602260684655837,0.03748145602266255,0.0,3.3010729545774284e-08,0.03209807278996114,0.3822165011516135,0.021537740537328733,0.010555687535183928,0.018179534807054858,0.9999338930386481,0.1473175255307886,0.18795128087037638,0.0669172575668051,0.44878779327661705,0.9307956068351748,0.3189139636691753,0.0,0.09174994644763063,0.46855671889717443,0.18424070812495108,0.8688280557305892,0.7102018886449303,3.598908224946887e-05,0.49141798219499755
0.016820533338391067,0.28249903565355766,0.2545723165227992,0.04674564258752149,0.04910528239206721,0.049581110423252035,0.5016993228762568,0.13874564610269957,0.10104314653561555,0.26660071956988085,0.05840018116844767,0.04502292468407808,0.0,0.0977311558551749,0.0732279373033432,0.0,0.1260758127695024,0.2524879601906732,0.9999669956731339,0.5076842292720323,0.079182327611993,0.019800420264125713,0.014742157404920861,0.005353006523734577,6.610696135189607e-05,0.14963698724948277,0.14126045442541355,0.054384893595912955,6.610696135189607e-05,0.6376257414458322,0.012571656208120138,0.6358281782831284,1.0,0.8101532034656912,0.45853682470832957,0.8151837154954842,0.005199788948358714,0.036659959567682636,0.0,2.9246609823902e-08,0.032070230005821085,0.38177133532948077,0.020978309510294602,0.010529351033707926,0.018145802722850705,0.9999338930386481,0.14792645534239018,0.18840477712883305,0.06699284651848834,0.4495154927927766,0.9290281626234322,0.31914889703279353,0.0,0.09211564067913386,0.4682352379883273,0.1848162845045158,0.8687243982821389,0.7108520802416441,3.300432686610473e-05,0.492315741481358
0.01688254350282126,0.28280641570395465,0.25547425651570893,0.04690215598019079,0.049131423697179974,0.04523614529512571,0.5003336812250124,0.13818738579621048,0.10088165065289603,0.2661779101518749,0.06053172647494309,0.04522191155122969,0.0,0.09777828046049661,0.07384435826503163,0.0,0.12660716314689038,0.252700311118419,0.9999697156981201,0.5068588724113056,0.07935306128387269,0.019729518892744997,0.014736903059012449,0.005362822750215067,6.610696135189607e-05,0.15003994247931193,0.14216725993970386,0.054625831579977024,6.610696135189607e-05,0.6364311293419168,0.012236423680339125,0.6354284416135524,1.0,0.8097594293993572,0.4582645715893367,0.8146299093122844,0.004824326845155649,0.03586576955151565,0.0,2.5906451047087404e-08,0.032042690228014654,0.38134875938139084,0.020437296474003632,0.010502847930038478,0.018111968377126367,0.9999338930386481,0.14851773315243452,0.18885492160167955,0.06707543948211107,0.4502268471458712,0.9272318498447177,0.31934964683521794,0.0,0.09246229014014622,0.46789107014563175,0.1853700906877156,0.868568510007954,0.7114339193300653,3.0284301879852404e-05,0.49314110168224334
0.016947705750743385,0.28311312004394124,0.25635460886239175,0.047057077342723616,0.049155114004330244,0.04087567766724887,0.49895392377125136,0.1376225952141418,0.10071372668868764,0.26576470496962684,0.0627008297531837,0.045439613502091206,0.0,0.09784529731575156,0.07446421958705263,0.0,0.12715466617433133,0.2529405072950816,0.9999721954503302,0.5060912414955249,0.07951921638680297,0.01965946838225759,0.014726323273548869,0.00537262073899801,6.610696135189607e-05,0.1504528517248262,0.14308239203990783,0.05485749889686415,6.610696135189607e-05,0.6352632918852512,0.011880647552684535,0.6350398419780824,1.0,0.8093624422515288,0.4580037489214832,0.81409666834624,0.0044742884410623315,0.035097969324191854,0.0,2.2944327155022926e-08,0.0320165043008942,0.3809492265852878,0.019891934230707002,0.010477494077565265,0.018078527043082323,0.9999338930386481,0.14911434390333492,0.1893178291187456,0.0671332072033559,0.45092934651738953,0.9254185226941318,0.3195205445198264,0.0,0.09279226043271951,0.46753203149146416,0.18590333165376002,0.8683710453846064,0.7119615233807266,2.780454966979162e-05,0.49390873556014797
0.0170132065991147,0.28341413334005783,0.25722310739433996,0.04717611540468246,0.04917667797675665,0.036503175303642665,0.4975149844684673,0.13713464077554977,0.10056203509228888,0.2653694409906376,0.06490492266252997,0.04567656833781322,0.0,0.097932693304514,0.07509245821072934,0.0,0.12771948789079082,0.25321064998220855,0.9999744582872799,0.505378872379367,0.07968001456849506,0.019590159023845703,0.014711797899827567,0.00538233638250433,6.610696135189607e-05,0.15087044698399263,0.14399335187427229,0.05512964021417281,6.610696135189607e-05,0.6341156316385972,0.011505660475106531,0.6346612451296405,1.0,0.80896267523702,0.4577523493552135,0.8135782965888505,0.004148070076883409,0.034355478303005706,0.0,2.0318358560614648e-08,0.03199114063675422,0.38057184531379284,0.019341200000714643,0.010440358299464776,0.018045854836837114,0.9999338930386481,0.14970804762667478,0.189873818172455,0.06722395281551478,0.45163303909671876,0.9235894168623635,0.31966218653254636,0.0,0.09310463145846594,0.4671551924340572,0.18642170341114955,0.8681324420323259,0.7124338717147858,2.5541712720090548e-05,0.4946211073022745
0.01707936212228046,0.28367200420323074,0.2580668256421076,0.04730555002088302,0.04919362351374133,0.03228558061445872,0.4960730883321174,0.13659380520269906,0.10039669915863657,0.26499882669071223,0.06714439938466048,0.04593297859379813,0.0,0.0980427946899879,0.07573153882106387,0.0,0.12830521915748686,0.25351456769229475,0.9999765256739571,0.5047264080382126,0.07983677381022058,0.019521045785225503,0.014693623409019597,0.005393322919664156,6.610696135189607e-05,0.15129820910878455,0.14490799613831287,0.055418768256496415,6.610696135189607e-05,0.6329807622941659,0.01111323586053004,0.6342961173527549,1.0,0.8085574113015386,0.4575188781419097,0.8130747945981016,0.0038442228517492905,0.033636276969880925,0.0,1.799102750456633e-08,0.031966259910379845,0.38021291851988637,0.01881705905925009,0.010407096723807808,0.01801310210469366,0.9999338930386481,0.15024598160623717,0.1903768914500674,0.06734830910210654,0.45233313704553557,0.9217423647548095,0.319770904053447,0.0,0.09339979400847354,0.4667495830370264,0.18692520540189841,0.8678505579907638,0.7128491553378243,2.347432604286781e-05,0.49527357397076
0.017145972315804017,0.2839565782006902,0.25888057677965437,0.047442702170162714,0.04920657337084055,0.027980759413712825,0.49464183797814004,0.13602710588937467,0.10021316139004784,0.26462986403195876,0.06940505001544231,0.04620728451075904,0.0,0.09817370296048408,0.07637701386220179,0.0,0.12890443626141282,0.25384026733350296,0.9999784148612455,0.5041242528614636,0.0799902987232971,0.019452832063882517,0.014670234129745694,0.005404313139692956,6.610696135189607e-05,0.15173644919713866,0.1458181941332809,0.05572809000084124,6.610696135189607e-05,0.631859378145168,0.010703245759348681,0.6339399124099034,1.0,0.8081450338630674,0.4572941156918718,0.8125906076064452,0.0035614240291222884,0.032939664702294286,0.0,1.5929086829130705e-08,0.03194186797445767,0.3798736035923027,0.018279943927552965,0.010375313678208585,0.01798000627294757,0.9999338930386481,0.1508014106226122,0.1908873485794019,0.06746681711692439,0.45303095652609954,0.919891704225209,0.3198528030793375,0.0,0.09368126317644856,0.46632887044592647,0.18740939239355486,0.8675341397094649,0.7132200679642028,2.1585138754448294e-05,0.4958757312094496
0.017213548180014766,0.284241669510232,0.25968908603343366,0.04758386242646556,0.049218668438291285,0.02366177917188006,0.4931730309909231,0.13544318311188533,0.10002287638159701,0.2642660238537186,0.07168882539875482,0.04650089567404748,0.0,0.09832549360521772,0.0770338442716672,0.0,0.12952198768039844,0.25419316386946345,0.9999801433263836,0.5035763696462519,0.08014037709160922,0.01938512194489648,0.01464403745567017,0.005415020860157912,6.610696135189607e-05,0.15218162791596485,0.1467532217582841,0.0560766275662408,6.610696135189607e-05,0.6307583783797993,0.010278257323183175,0.6335919972078953,1.0,0.8077278801746763,0.45707938226775224,0.8121245981423297,0.0032982897208834,0.032264936695824996,0.0,1.4102800342387529e-08,0.03195149099649219,0.3795578444287031,0.017738718589070425,0.010344570749438458,0.017947638332358292,0.9999338930386481,0.1513573441969544,0.1914110817701699,0.0675875935904758,0.45368667274762847,0.918032917278062,0.3199071071180572,0.0,0.09394662622010601,0.4658867734605805,0.18787540185767024,0.8671797225987181,0.7135418994347116,1.985667361636575e-05,0.4964236162509479
0.017277277159181044,0.2845315804158433,0.26049423130159943,0.047727087392792765,0.049229999686757626,0.01916387169530232,0.49167839558805126,0.13484709104457113,0.09982769752406785,0.2639111759420102,0.07399424719519003,0.0468139325389808,0.0,0.09849788878669279,0.07770329993760156,0.0,0.13016297311198288,0.2545856259586699,0.9999817267748612,0.5030993437327935,0.08028010727335812,0.019316981985050947,0.014614065966820014,0.005424974546594451,6.610696135189607e-05,0.1525973343504079,0.14764714637188733,0.056427992828783156,6.610696135189607e-05,0.6297090429315769,0.009838428063160294,0.6332422139333677,1.0,0.8073042346186909,0.456841389523355,0.8116613700777302,0.0030532355882167215,0.03160708925451969,0.0,1.2485195945963557e-08,0.031934441969694215,0.37926756097144065,0.017199984639108514,0.010314061595408389,0.017915524235552434,0.9999338930386481,0.15191053924200107,0.19194920800341422,0.06771034364842748,0.45435178757552636,0.9161673247416496,0.31994385352765153,0.0,0.09419787659461634,0.4654553105390435,0.18833862992226985,0.8667837912998004,0.7138072847868104,1.8273225138861275e-05,0.49690064378201054
0.01734416186750996,0.2848196149330646,0.26128624768637526,0.047869765262880434,0.049239260527546264,0.014783208817363742,0.49016478125337404,0.13424194565768613,0.09963026569370093,0.26356183101967406,0.07631302789869034,0.04714408946381653,0.0,0.09868691654958604,0.07838318925725198,0.0,0.13081884818362932,0.2550001116892316,0.9999831770716847,0.5026675855266606,0.08042365182107025,0.019249756836565372,0.014581215835894735,0.005434691041638618,6.610696135189607e-05,0.15301520410091812,0.14855673328214386,0.05679673507288375,6.610696135189607e-05,0.6286692585250556,0.009387831960068095,0.6329027959534878,1.0,0.8068794318685888,0.4566137563553312,0.8112160208891297,0.0028254485240975717,0.030969715485906494,0.0,1.105355147424264e-08,0.03191516404740712,0.37898701883301483,0.0166599004429994,0.01028316656091443,0.017883429802272168,0.9999338930386481,0.15246095140377552,0.1924973389502502,0.06783689629485791,0.4550226029744672,0.9142991401412416,0.31995311458269576,0.0,0.09443365158182514,0.46500305438741685,0.18878397911087025,0.8663557032922731,0.7140301728248619,1.682292831531696e-05,0.49733240341978785
0.017412726382721264,0.2851040619250437,0.26206891152166734,0.04801232162965222,0.049246839037389425,0.010548846963838638,0.48863070655377916,0.13362990681049702,0.0994312238399847,0.26321851840424115,0.07864101767678484,0.04749178422012742,0.0,0.09889357936822137,0.07907587330778783,0.0,0.13148931522869714,0.2554345721706286,0.9999845062776973,0.5022765453403469,0.0805610136180991,0.019183393431137463,0.014545896962132666,0.005444381834436786,6.610696135189607e-05,0.15345779515048477,0.1494640378867117,0.057169723774637214,6.610696135189607e-05,0.6276519643728231,0.008928797436391354,0.6325707879240178,1.0,0.8064510077248017,0.4563958254242435,0.810787061554808,0.002613743449115938,0.030351467361761975,0.0,0.0,0.03189498332969911,0.37871577020199465,0.01611761658632099,0.010251965471084819,0.017851348851162296,0.9999338930386481,0.1530102556783725,0.19305565578333467,0.06796706416070872,0.45569639925470656,0.9124301848868238,0.31993742785585483,0.0,0.09465541290697696,0.46452830126796874,0.1892129384451921,0.865896941322187,0.7142139604676094,1.549372230268512e-05,0.49772345465965306
0.01748234674245662,0.28535145901072717,0.262837901799401,0.04815321106703952,0.04925203155314898,0.006568027788825447,0.4871278382624456,0.13301347536360877,0.0992319722549474,0.2628921329073674,0.0809737325409964,0.04785652232211676,0.0,0.09911598385419967,0.07978199484921657,0.0,0.1321741130808332,0.2558872366164378,0.9999857251745857,0.5019224771692908,0.08069522090633756,0.019117134080100132,0.014508524113559657,0.00545408066680477,6.610696135189607e-05,0.15392091482978257,0.15036576222667256,0.05757407910359526,6.610696135189607e-05,0.6266440085176577,0.008463789631872836,0.6322473851478638,1.0,0.8060218369199911,0.4561900387468344,0.8103744202657203,0.002417072119194469,0.029752041063563776,0.0,0.0,0.031874417066372764,0.3784548112689613,0.015572142049260808,0.010253859370380328,0.01781903915743225,0.9999338930386481,0.15356069539868766,0.19350557181353253,0.06808654360466362,0.4563473584974839,0.9105624778271307,0.31989609253001944,0.0,0.09486217922580928,0.4640279664039491,0.18962557973427976,0.8654088147999723,0.7143607223199985,1.4274825414275643e-05,0.4980775228307092
0.01755264754532992,0.285616979141419,0.2636061269218655,0.04827629623712594,0.049256459897617046,0.0026034332329956753,0.4856187391416861,0.1324341776810507,0.09903741625347579,0.2625683279373763,0.08329333287109968,0.048238078830600065,0.0,0.09935580509529406,0.0804985652801697,0.0,0.1328670309746865,0.25636186395864247,0.9999868420498108,0.5015825377999077,0.0808276349365508,0.01905217785981748,0.014469395858243724,0.005460052826039548,6.610696135189607e-05,0.1543727836037683,0.1512652788238407,0.05798398309361518,6.610696135189607e-05,0.6256865071094484,0.007994795988919851,0.63192358583915,1.0,0.805592474622338,0.4559731542765781,0.8099874635838693,0.002234365854667358,0.029171698002055834,0.0,0.0,0.03185437247887489,0.3782183253734101,0.015056240355875659,0.01022365517560551,0.017787721342223523,0.9999338930386481,0.1540518834506527,0.19405598275519068,0.06821369387302262,0.45700466058522266,0.9087118711399805,0.31983833533024997,0.0,0.09505172028236794,0.4635282804432523,0.19001253641613067,0.8648986031706462,0.7144664380393017,1.3157950189224333e-05,0.4984174622000923
0.0176226667638596,0.28588941668531836,0.2643406128234474,0.04840587534564945,0.04925940963465178,6.610696135189633e-05,0.4841363786643803,0.1318445213215937,0.09885061077722605,0.26224709853732386,0.08559734535183765,0.04863351340780599,0.0,0.09960834402631909,0.08122338901666926,0.0,0.13356839984379812,0.2568484740199318,0.9999878670395597,0.5012782670965273,0.08095498617182548,0.01898678425641066,0.014426817435314768,0.005468416097165936,6.610696135189607e-05,0.15482089221521494,0.15215905502019544,0.05844135122495029,6.610696135189607e-05,0.6247547741197554,0.0075244303808698,0.6316098193319474,1.0,0.8051622133834198,0.45576629153616416,0.8096151308095552,0.0020648504589091178,0.02860958308557659,0.0,0.0,0.031834250318825745,0.3779820449287621,0.014533683505316254,0.01017574779460979,0.01775663674832918,0.9999338930386481,0.15455064516572742,0.19467847081814824,0.06835222676376404,0.45768103792203063,0.9068782242672926,0.3197566672602467,0.0,0.09522944259026114,0.46301031944716664,0.19038486919044487,0.8643667496972928,0.7145419428944916,1.2132960440303684e-05,0.49872173290347266
0.017694446152540257,0.28614190219654495,0.26505596214840554,0.04854672493975879,0.0492607922432202,6.610696135189607e-05,0.48263016264905495,0.1312284722328361,0.09867056064305825,0.2619332048391088,0.08788941746650815,0.04904481211013828,0.0,0.09987625327085185,0.08196619016283808,0.0,0.13428664918341157,0.25735013383564187,0.9999888093409386,0.5010237378717878,0.08108012631168406,0.018920862359630076,0.014383519536536537,0.005478937445026644,6.610696135189607e-05,0.1552675152516849,0.1530427114223409,0.0588455734780996,6.610696135189607e-05,0.6238483919504789,0.007057532350680172,0.6313058297409545,1.0,0.8047246620156995,0.4555780735590448,0.8092544235264587,0.0019076057562509017,0.02806307037520982,0.0,0.0,0.03181232913036857,0.37774570835649557,0.013993462934029694,0.010151689707717557,0.017724906032433034,0.9999338930386481,0.15507651270795692,0.19522743633432782,0.06848623186090065,0.4583507794808556,0.9050530501828117,0.31964935814890727,0.0,0.0953990847134487,0.46245573627811715,0.19074557647354132,0.8638057450603375,0.7145867957891483,1.1190659061434064e-05,0.4989762621282122
0.017759503487317408,0.2863236441831477,0.2657691350143442,0.048679155871113766,0.04926027264092558,6.610696135189607e-05,0.48111396880545243,0.1306252160040809,0.09849060110235078,0.26165412954708916,0.09015755757902372,0.04947395812514147,0.0,0.10015895323834136,0.0827324225379106,0.0,0.13502517887868018,0.2578778818306306,0.9999896761680159,0.5008075749505179,0.08120297154239522,0.01888846734207155,0.01434133371414439,0.005487560501435331,6.610696135189607e-05,0.15561508510075736,0.15388144309490476,0.05926866793177172,6.610696135189607e-05,0.6229104130440611,0.0066002469478594035,0.6310028353532215,1.0,0.8042845253526972,0.45538789279118325,0.8088992354987729,0.0017616951556652775,0.027531453113731102,0.0,0.0,0.03178854929404962,0.3775243615182051,0.013468252042918386,0.010136650625814494,0.01769299089724079,0.9999338930386481,0.15556962854599912,0.1957376727612558,0.0686071022922384,0.45900650521078584,0.9032421954731169,0.31952320652163696,0.0,0.09555652140896143,0.4618796846709061,0.19110076450122715,0.8632131259656546,0.7145906650556383,1.0323831984037232e-05,0.4991924250494822
0.017863547518042734,0.2865196171029317,0.26646365380074577,0.0488024307336995,0.04925959710129276,6.610696135189607e-05,0.47965141085547547,0.13004640511591298,0.09831448299779431,0.2613651478713816,0.09238283471405905,0.04991658832795173,0.0,0.10043971187968587,0.08351427570888889,0.0,0.13577308324388881,0.2584229453199597,0.999990472696826,0.500611121010968,0.08132273176907545,0.018848906923723242,0.014298822032139507,0.005494198120891378,6.610696135189607e-05,0.1559903960006477,0.15468744725375802,0.05970198658179151,6.610696135189607e-05,0.6220292788212161,0.006153885379403765,0.630728284501202,1.0,0.8038912181151789,0.4552060014044971,0.8086068339796756,0.0016263258155551914,0.02701409237393005,0.0,0.0,0.03176649888415363,0.37731701878189855,0.012964850536634065,0.010108815776578928,0.017661774078621344,0.9999338930386481,0.15602427911803252,0.19628174266313736,0.06872438891500991,0.45965889087548956,0.9014632799065372,0.31935512717084624,0.0,0.09566907000513526,0.46127972288661406,0.1913931660203244,0.862600590940556,0.7145629623061103,9.527303174009317e-06,0.4993888789890319
0.017945949405958502,0.28671894834197914,0.2671302390472392,0.04892704882145503,0.04925843044431576,6.610696135189607e-05,0.47824295717315823,0.12947225390287176,0.09814488952683433,0.2610923545216232,0.09456823703146239,0.05037521795987118,0.0,0.10073417575116113,0.08431279240564515,0.0,0.13653007739884956,0.25897688307860484,0.9999912058614974,0.500440418770925,0.08143529942530257,0.018805288441186705,0.014255534747087715,0.005501542127058634,6.610696135189607e-05,0.15636696254571575,0.1554629403172096,0.06013836317963957,6.610696135189607e-05,0.6212060531081594,0.0057168952831379745,0.6304648035935893,1.0,0.8035070995949106,0.4550298099257606,0.8083425791524965,0.0015008313396915386,0.02651091327905907,0.0,0.0,0.03173998814557136,0.3771500834949544,0.012442978042273184,0.010079591918511079,0.017631007588864846,0.9999338930386481,0.15650747625097336,0.1968486978949241,0.0688403863944067,0.4602944743815029,0.8997148676853997,0.31915997844653954,0.0,0.09575872465392829,0.4606573976685942,0.1916574208475035,0.8619690912614589,0.7145122036423361,8.794138502614848e-06,0.49955958122907496
0.018021865520740612,0.2868997548087579,0.26777454133974454,0.049049282167113656,0.04925613821945078,6.610696135189607e-05,0.47685288321991925,0.12890145981058468,0.09797491801311861,0.2608350986848662,0.09671598070387732,0.05084736348090655,0.0,0.10103800333069289,0.085125059439405,0.0,0.13730133118856092,0.2595485365309543,0.999991880785362,0.5003016134485331,0.08154503319645083,0.018759074577865742,0.014213845381259959,0.00550902249143215,6.610696135189607e-05,0.15674355983081553,0.15622159128956753,0.06057226058873553,6.610696135189607e-05,0.6204210326804608,0.005293748428228231,0.6302163620759166,1.0,0.8031295594185919,0.4548736336448721,0.8080949184461906,0.0013846362348557658,0.026022816591053474,0.0,0.0,0.03171588736610521,0.37697680211080675,0.011921930560074423,0.01004986930330571,0.017600535069546702,0.9999338930386481,0.15699426760344612,0.197428944805173,0.06895650580525668,0.460931931235476,0.8979902708678945,0.3189362744431769,0.0,0.0958324372507152,0.4600013069157229,0.19190508155380936,0.8613140325765833,0.7144286468779922,8.119214637944262e-06,0.4996983865514669
0.01809400582611165,0.287072235359663,0.2683923825239049,0.0491684035106467,0.04925255283545813,6.610696135189607e-05,0.47547433320497645,0.12833561259427784,0.0978043359190752,0.2605907495928479,0.09882065465504698,0.051330486619731115,0.0,0.10134893177733545,0.08594559042322329,0.0,0.13808278283357947,0.2601334104786867,0.999992502163791,0.5001899650852026,0.08165180404910016,0.018711988945348732,0.014173108701684914,0.005516370849660267,6.610696135189607e-05,0.15711371640381197,0.15696362845291775,0.060998131410090875,6.610696135189607e-05,0.619670141146951,0.004886136302342594,0.6299721394302201,1.0,0.8027543788018544,0.45472588329802915,0.8078518328726545,0.0012770234860317122,0.025548240760395722,0.0,0.0,0.03169246775300793,0.3768098472464497,0.01142975684960359,0.01001956107839846,0.017550351121158207,0.9999338930386481,0.15742500342918384,0.19798480932737722,0.06916003171753489,0.4615871141464788,0.8962932090426105,0.31869737395004866,0.0,0.09589668942081021,0.4593285262787476,0.1921481671273456,0.8606401936803888,0.7143183487609176,7.497836209010574e-06,0.4998100349147974
0.01816304321310979,0.28724376414470104,0.2689675317281615,0.049284134855920085,0.04925851814099881,6.610696135189607e-05,0.4741613500831862,0.1277811708662105,0.09759806971256399,0.26035580482971254,0.10086886331232135,0.05182141024031266,0.0,0.10166482097501339,0.08676428409370147,0.0,0.13887667856950986,0.2607321825830698,0.9999930747953222,0.500110274014297,0.0817554755761375,0.018663565529600013,0.014132074089561845,0.005523708661870598,6.610696135189607e-05,0.15747440595718284,0.15769503040713545,0.06141737714741724,6.610696135189607e-05,0.6189849700011758,0.00449496206217768,0.6297248247819468,1.0,0.8023786752813948,0.45457450049503356,0.8076074779371529,0.0011773909713858712,0.02508628603078768,0.0,0.0,0.03166908049072109,0.37663638498093643,0.010926388929499226,0.009989421457107184,0.017513408260262237,0.9999338930386481,0.15787278076747296,0.19855311910308565,0.06930242329617356,0.462238219809784,0.894636174625501,0.3184537649777406,0.0,0.09595650374359174,0.45866121541126503,0.19239252206284704,0.8599459304591043,0.7141815313861425,6.925204677801185e-06,0.49988972598570297
0.018229754517341486,0.287408013182351,0.26952625686852383,0.04939722444774102,0.04926123811126408,6.610696135189607e-05,0.4728596951968623,0.12723657756293769,0.09740208617356512,0.2601304230215724,0.1028661316843053,0.052319170721296014,0.0,0.10198386662618454,0.08758346413791837,0.0,0.13968040275432297,0.26134369488895953,0.9999936026379826,0.5000603668675496,0.0818548844969273,0.018614169052729685,0.014059274304515599,0.005530711755659576,6.610696135189607e-05,0.1578166532627156,0.15853107922599455,0.061836031146913474,6.610696135189607e-05,0.6184261188642476,0.004121928767049888,0.6294779651837981,1.0,0.8020044155143919,0.4544246252974385,0.8073641575020533,0.0010851463060452353,0.024636062383576546,0.0,0.0,0.03164590032356112,0.37647362031489845,0.010428522593610377,0.0099594549778642,0.017479410128179555,0.9999338930386481,0.15831070995040872,0.199119461628205,0.06942922804553768,0.4628801047589522,0.8930119395486448,0.31820286409490595,0.0,0.09601171785942357,0.4579919105646432,0.1926358424979467,0.8592344509396318,0.714020242727464,6.39736201732702e-06,0.4999396331324504
0.0182945987127035,0.2875589109136939,0.2700754980948972,0.049505580923892886,0.04926019208355971,6.610696135189607e-05,0.4715516071414832,0.1266993295135285,0.09721947579019057,0.2599162380522819,0.10481261522927143,0.052837360621425994,0.0,0.10233509508517857,0.08843114085242745,0.0,0.14049011995706204,0.2619668598920098,0.9999940892944654,0.5000379168339327,0.08194572436252116,0.018562976162040955,0.014008346265061698,0.0055370695649824535,6.610696135189607e-05,0.15813637336733008,0.15926633536478085,0.0622606389308466,6.610696135189607e-05,0.6178818195490909,0.0037654941824266136,0.629222000762838,1.0,0.8016010367590388,0.454247839511365,0.8071263207709858,0.0009998315843170156,0.024196458260458055,0.0,0.0,0.03162316126147967,0.3763221319966037,0.009937046570830128,0.009929819091301051,0.017446641094423586,0.9999338930386481,0.1587384701513442,0.19968229105462965,0.06954949203256879,0.46351206549518476,0.891421890588302,0.31794063861573607,0.0,0.09606386815578255,0.45732101963620747,0.19287367922901424,0.8585100484586209,0.7138366818475321,5.910705534523929e-06,0.4999620831660672
0.01835736953115285,0.2877091375296956,0.27059943029723604,0.049611591123057255,0.04925716825461184,6.610696135189607e-05,0.4702853659021864,0.1261746362028353,0.0970446463060088,0.25970969614438033,0.1067040992180105,0.05336184228250757,0.0,0.1026886840560976,0.08927931965417726,0.0,0.14130233414953836,0.2625968063692468,0.9999945380287741,0.50003925251235,0.08203478301231713,0.01851087765560315,0.013964771482593818,0.005542774180729336,6.610696135189607e-05,0.15844320051131192,0.1599530314410634,0.06266709065871405,6.610696135189607e-05,0.617354171976701,0.003428194143324413,0.628967621034628,1.0,0.8011996305841821,0.4540673677769212,0.8068906129203959,0.0009209350978598015,0.023767745046691647,0.0,0.0,0.03160132230599899,0.37618070684282756,0.009448013086007956,0.009900828031492226,0.017414552496965732,0.9999338930386481,0.159164785594844,0.20024606517657048,0.06966500168455127,0.46413395481695463,0.8898677066386651,0.3176705366828644,0.0,0.09611168535972042,0.4566533125689015,0.19310938707960418,0.8577767307526019,0.7136354485840616,5.46197122581011e-06,0.49996074748765
0.01841781326857211,0.28785623357303897,0.2711005919300398,0.04971477742460122,0.04925350183403294,6.610696135189607e-05,0.4690613578689015,0.1256641845154276,0.0968742399918748,0.2595110178326738,0.10854041796006088,0.05388807285141321,0.0,0.10303724674523815,0.0901201625145194,0.0,0.1421168641417411,0.2632338122201145,0.999994951965376,0.5000649321723687,0.08212181285372143,0.018458468498384624,0.013925277318773868,0.005548090096925541,6.610696135189607e-05,0.15874017688147968,0.16060914568472773,0.06305104612477005,6.610696135189607e-05,0.6168447182810374,0.003111047361756414,0.628716169400812,1.0,0.8008064965535706,0.4538890951657497,0.8066525145395189,0.0008479867502522717,0.023349706136597433,0.0,0.0,0.03158025122206961,0.3760491856621027,0.00898006408416372,0.009872168986816737,0.017383142793301297,0.9999338930386481,0.15955695060901798,0.2007937795265551,0.06977506182739353,0.46474451522121935,0.8883485346781828,0.31739575774777484,0.0,0.09615625670119124,0.45599074231973097,0.19334748546048114,0.8570351491080066,0.7134164816432881,5.048034624008311e-06,0.49993506782763125
0.0184756155950227,0.28800500319366257,0.2715714079584274,0.0498155867671612,0.04924953257896707,6.610696135189607e-05,0.4679064186852099,0.12517064103589082,0.09670835791171277,0.2593187886994074,0.11031449370727378,0.05441148647210911,0.0,0.1033770625662142,0.09094546601777025,0.0,0.142928634533655,0.26387303104108417,0.9999953339265194,0.5001145551633781,0.08220666102797942,0.01840602832424683,0.013888015526187503,0.005553249946039627,6.610696135189607e-05,0.1590279204416807,0.16124602950725628,0.06341512730875017,6.610696135189607e-05,0.6163554795467459,0.002814287693452144,0.6284686366108162,1.0,0.800423249161668,0.45371400842144316,0.8064118614781778,0.0007805761021470417,0.022942414505906734,0.0,0.0,0.0315600087537703,0.3759239834215012,0.008521060305158677,0.009844071831112727,0.017352250132520834,0.9999338930386481,0.15993800281416443,0.20133293518614181,0.06988146219272504,0.46534516897354067,0.8868712185992741,0.3171198769170747,0.0,0.09619968827211786,0.4553405255607867,0.1935881385218222,0.856290789364198,0.7131845544530091,4.66607348057366e-06,0.4998854448366219
0.018530730279915916,0.28815141702956515,0.2720168263327595,0.04991336068765533,0.049245725002759554,6.610696135189607e-05,0.46680987682643504,0.12469471255220713,0.09654575324911305,0.25913394668518214,0.11202617912464286,0.05493021605841376,0.0,0.1037073402400247,0.09175355062195278,0.0,0.14373705282838917,0.26451429593947184,0.9999956865236332,0.5001884325379358,0.08228921022289883,0.018353633727760284,0.013853221509856527,0.005558254359122677,6.610696135189607e-05,0.15930610801927778,0.16186495031085343,0.0637586287355392,6.610696135189607e-05,0.6158869206012029,0.0025379929424483006,0.6282252133296186,1.0,0.8000497534424829,0.4535428755992203,0.8061684549066405,0.0007183023135006236,0.022545517018524194,0.0,0.0,0.03154047129284628,0.375805462362739,0.008088086635251871,0.009816281596587335,0.017321963084821045,0.9999338930386481,0.16027744821160023,0.20184704568023215,0.06998287674586201,0.4659344518100521,0.8854358279329089,0.31684457061196775,0.0,0.09624290631749247,0.4547035737788269,0.1938315450933596,0.8555446448581102,0.7129401870420039,4.313476366707974e-06,0.49981156746206423
0.018582975375919384,0.2883002175231333,0.2724299275917322,0.05000858716795241,0.04924205327322295,6.610696135189607e-05,0.4657948040623253,0.12423858340464897,0.09638750115888553,0.2589552114874424,0.11366897168884602,0.055440664268273994,0.0,0.10402623230600846,0.09253837099019246,0.0,0.14453685772916727,0.2651524517331013,0.9999960121099697,0.5002857137842915,0.0823694759533181,0.018301332835221937,0.01382007856657598,0.005563193385703443,6.610696135189607e-05,0.15957499579704126,0.16247083980997037,0.06408442189065512,6.610696135189607e-05,0.6154399094013377,0.0022818736837295645,0.6279863583426395,1.0,0.7996860334479248,0.45337496170489305,0.8059238242326563,0.0006608077983544386,0.022158979568665034,0.0,0.0,0.03152169478401369,0.37569040993421304,0.0076503665638271235,0.00978936124701454,0.017292057140893376,0.9999338930386481,0.16063189021572927,0.20236240619178406,0.07008192225496651,0.46651467726000073,0.8840491546274244,0.31657297738908646,0.0,0.09628773424606679,0.45408666730491454,0.19407617576734365,0.8548023344724782,0.7126885686982336,3.987890030279577e-06,0.4997142862157084
0.01863257200594992,0.28844147104307843,0.27282506969707376,0.05009964600856929,0.04923899077780195,6.610696135189607e-05,0.4648199678314798,0.12383407318169999,0.09623342556595571,0.25878196889624505,0.11525038930176283,0.055943447676784205,0.0,0.10433447057087962,0.09330418804882566,0.0,0.1453319833251779,0.2657917386907264,0.9999963128599242,0.5004058380617069,0.082447386160587,0.01825085516030424,0.013789951280069379,0.005567932566919647,6.610696135189607e-05,0.15982974866249872,0.16305724321619364,0.06438812156884283,6.610696135189607e-05,0.6150091890448243,0.0020456907315839945,0.6277518785448692,1.0,0.7993317784264211,0.45321189802744505,0.805676650674633,0.0006077281604029018,0.021782109449970895,0.0,0.0,0.0315034898739407,0.37558312599829136,0.00721561801297948,0.009763150471693289,0.0172625706769205,0.9999338930386481,0.16098685066198007,0.20287717021276722,0.07017744542698581,0.46708418155853226,0.8827039199666532,0.31630467377834653,0.0,0.09633375100269928,0.45348391392372933,0.19432334932536696,0.8540602885144192,0.7124261518593027,3.6871400757638925e-06,0.49959416193829315
0.01867968934177845,0.28861217702847336,0.2732083964789561,0.05018229900378844,0.04923788928090261,6.610696135189607e-05,0.4638693573169091,0.12343514111719803,0.09608057831186266,0.2586066877530977,0.11677215458877625,0.05643710916023832,0.0,0.10462933234541351,0.09405102505329692,0.0,0.14612252936592293,0.2664311522941909,0.999996590705001,0.5005451401769613,0.08252298088939292,0.018186597215315035,0.013762875295728956,0.005572483574826179,6.610696135189607e-05,0.16011159348622,0.1636349036747762,0.0646681557721229,6.610696135189607e-05,0.6146236505124548,0.0018289296183090578,0.6275245429332411,1.0,0.7989911101148129,0.45305664506816573,0.805429047662675,0.0005587381847880741,0.021414569679574533,0.0,0.0,0.03148599764971831,0.3754843735044264,0.0068071737214157185,0.009737185218828357,0.017233707920179198,0.9999338930386481,0.16130091217613735,0.20335999579318909,0.070265945958389,0.46764149168642305,0.8813989157929147,0.31603834790652063,0.0,0.09637955753977355,0.4528923298785374,0.19457095233732502,0.853318732449289,0.7121542780262347,3.409294998926664e-06,0.4994548598230388
0.01872456161333948,0.2887637951868581,0.27356806285832724,0.050263345488703495,0.049237320550365136,6.610696135189607e-05,0.4629846402957133,0.12304912626899392,0.09593348509982891,0.25844232105289244,0.11823147583332538,0.056918303789997515,0.0,0.10491528493435748,0.09477096016148456,0.0,0.146904606562757,0.26706840053632036,0.9999968475543388,0.500707396107192,0.08259650949182328,0.018129767273099198,0.013737614295760772,0.005577208005648215,6.610696135189607e-05,0.16036022326532867,0.16420527901193496,0.06496445257033256,6.610696135189607e-05,0.6142383405307792,0.0016308194418067894,0.6272935275825691,1.0,0.7986439891690978,0.45290219859894854,0.8051603882318498,0.0005135623780041824,0.021056901881997218,0.0,0.0,0.031469060290610355,0.37538737770070835,0.006407321412931773,0.009712181051025833,0.017205129540225923,0.9999338930386481,0.16160462126150235,0.20383347326859405,0.07035177860517504,0.4681887519418244,0.8801377047248679,0.31578816862743336,0.0,0.09644072589654476,0.45232684123956685,0.19483961176815026,0.8525818310592388,0.7118746975816824,3.1524456611562035e-06,0.499292603892808
0.018764785115875753,0.2889060761603072,0.2739040776053924,0.050341006884535494,0.04923675433697291,6.610696135189607e-05,0.462162592730512,0.12267771207012598,0.09578950085835168,0.2582884945021721,0.11962921440539828,0.05738683971488104,0.0,0.10518848439904951,0.09546697155909761,0.0,0.1476769552659076,0.26770180519814424,0.999997084963921,0.5008871725161447,0.08266879165024121,0.018077970137493984,0.013714159859093076,0.00558163319454819,6.610696135189607e-05,0.1605917360855627,0.1647634685846168,0.06522056170243189,6.610696135189607e-05,0.6138948879594995,0.00145040616469824,0.6270677308997368,1.0,0.7983048027303212,0.4527517441497694,0.804893936190404,0.00047190724808217235,0.020708170135381388,0.0,0.0,0.03145275018743965,0.37529491830107525,0.006032165825172924,0.00968761450392752,0.017177046078330885,0.9999338930386481,0.16187088587769705,0.2042799933167258,0.07043299755457606,0.4687235863756549,0.8789203794299034,0.31554542938538216,0.0,0.09650671287062924,0.451781284291133,0.19510606380959614,0.8518511374860103,0.7115900246664744,2.915036078940303e-06,0.4991128274838553
0.018801515693468333,0.28904577384849306,0.2742084421540001,0.05041601739639097,0.0492361497874731,6.610696135189607e-05,0.4614228676343984,0.12232371396465498,0.09564923193565672,0.25814261645302417,0.12096121508366849,0.05784030491077449,0.0,0.10544541045021069,0.09613497657732321,0.0,0.14843484935402254,0.2683270670781759,0.9999973044171967,0.5010828464452469,0.08273696747963681,0.01802922120513134,0.013691741653273196,0.0055859137740789265,6.610696135189607e-05,0.1608036822077565,0.16530344401407826,0.06545457456013576,6.610696135189607e-05,0.6135502316637863,0.0012867825602013098,0.626852288651752,1.0,0.7979816544569093,0.452608067562131,0.8046363473671796,0.0004335166044661357,0.020368230432192637,0.0,0.0,0.03143731571483151,0.375203908669792,0.005657726523959553,0.009664013629147898,0.017149449631013364,0.9999338930386481,0.16214441253046133,0.2047223698918351,0.07051125447434989,0.4692470821440145,0.8777520023561302,0.31530740643747346,0.0,0.09657293509288012,0.4512569558605458,0.1953636526328204,0.8511316340415113,0.7113047024896315,2.6955828032757288e-06,0.49891715355475313
0.01883576805574095,0.2891764915874245,0.27449354909338625,0.05048708743809761,0.049235899485558246,6.610696135189607e-05,0.4607292644045097,0.12198637496093155,0.09551135904489418,0.2580059521473997,0.12223496367617907,0.05828017633815756,0.0,0.10568737135432167,0.096779560136019,0.0,0.14918137211132398,0.2689475127863281,0.9999975073146774,0.5012938595849931,0.08280311875280055,0.017983685209736196,0.013671967844269528,0.00559006959286322,6.610696135189607e-05,0.1610028069679075,0.1658208867377209,0.06566493981431414,6.610696135189607e-05,0.6132076626708199,0.0011389802874786816,0.626645986360931,1.0,0.7976757208831327,0.45247037718239413,0.8043851909792995,0.00039813768279341736,0.020036554111538436,0.0,0.0,0.03142278058802861,0.3751190717979047,0.005300912046507765,0.009641047890091525,0.017122504727583254,0.9999338930386481,0.16239493142745054,0.20514774250247966,0.07058457845707132,0.4697569554545351,0.8766260560363422,0.31507383730091143,0.0,0.09663690776254573,0.45075006268158685,0.19561480902070044,0.8504204902058826,0.7110159331021334,2.49268532259852e-06,0.49870614041500694
0.01886771788770524,0.2893037125648048,0.2747542679819909,0.05055458046538328,0.049235843851582126,6.610696135189607e-05,0.4600957987059571,0.12166656333101245,0.09537719169268198,0.25787657200789216,0.1234493648934817,0.058704930250825606,0.0,0.1059135140060415,0.09739803836409341,0.0,0.1499135439469673,0.26956020540656334,0.9999976949162372,0.5015178994104178,0.08286737622966796,0.017941084000705113,0.013654158709727526,0.005594121976701804,6.610696135189607e-05,0.16119146638400886,0.16631994889812074,0.0658555913281608,6.610696135189607e-05,0.6128697128867793,0.0010059280036173273,0.6264499549840618,1.0,0.7973886099553592,0.4523399386996776,0.8041415457853394,0.00036554878217378244,0.01971309047049002,0.0,0.0,0.03140907002612338,0.37503836443466043,0.004974471593126875,0.009618547833178276,0.017096314314496562,0.9999338930386481,0.1626002784393558,0.20553990702567568,0.07065248509707465,0.47025224038823016,0.875544707102901,0.3148451147651127,0.0,0.09669787603859921,0.45026202293622897,0.19585845421466067,0.8497209072708589,0.7107267041229466,2.3050837627202392e-06,0.49848210058958214
0.018897393635911128,0.28943242829337956,0.2749843723953307,0.05061947376271795,0.049235938944851294,6.610696135189607e-05,0.4595446052702387,0.12136612057368,0.09524827566100992,0.25775269631063025,0.12460006095954258,0.05911226274748815,0.0,0.10612353968068604,0.09798549751956202,0.0,0.15062623418069887,0.2701602731100732,0.999997868409035,0.5017545724771917,0.08292971827050408,0.01789993200537431,0.013637606540631867,0.005598112483682058,6.610696135189607e-05,0.16137396299719792,0.16680596573193443,0.06603163081831429,6.610696135189607e-05,0.6125415876095361,0.0008865169618243826,0.626264364494286,1.0,0.7971200272234723,0.45221625268972193,0.8039074522933203,0.0003355472315548978,0.01939789521121303,0.0,0.0,0.03139612808181091,0.37495804631129453,0.004643156522909171,0.009597147512288424,0.017070696925164403,0.9999338930386481,0.16282488040630894,0.20593101722137985,0.07071808983172549,0.47073577325117255,0.874513422078633,0.31462337275822577,0.0,0.09675643309584164,0.4497982497907161,0.19609254770667967,0.8490382185877462,0.7104418316787138,2.131590964919941e-06,0.49824542752280837
0.018925167422035694,0.2895514991803349,0.27520130923884467,0.05068012257302882,0.04923653965148716,6.610696135189607e-05,0.45902431093658297,0.12108278059485629,0.09512222691765802,0.25763702574622926,0.12569834871666236,0.05950467483711061,0.0,0.10632020123143579,0.09854905503364049,0.0,0.15132511083194805,0.27075327949659334,0.9999980288906999,0.5020033378946237,0.08299002591831636,0.01785915073960203,0.013623757530849443,0.005601948592658137,6.610696135189607e-05,0.16155198517125371,0.16727450623387613,0.06618937201092559,6.610696135189607e-05,0.6122263072491013,0.0007797433534331738,0.6260874361117348,1.0,0.7968672903021234,0.4521005559310356,0.8036793981162947,0.0003079269488979187,0.01909037659965022,0.0,0.0,0.03138367902335819,0.374883873302242,0.0043444231586606845,0.009576141939992637,0.017045893317616127,0.9999338930386481,0.16300034481656311,0.20628842948993545,0.07077774935375092,0.47120384238236346,0.8735219079299045,0.3144078890511546,0.0,0.09681250846644077,0.4493503890353238,0.19632060188370531,0.8483669622191541,0.7101563439037565,1.9711093001335266e-06,0.49799666210537624
0.01895093218653107,0.28967283111671865,0.27539050829626893,0.05073789021282794,0.049237224922634035,6.610696135189607e-05,0.45857786433548425,0.12081819897743747,0.09500164396506651,0.25752617347083157,0.12673737651325975,0.059879200273558024,0.0,0.10650257664647786,0.09908185108680438,0.0,0.1520032014144537,0.27133206217533834,0.9999981773345462,0.5022613896329511,0.08304839220919913,0.01781905301309243,0.013610821414050091,0.005605814940257182,6.610696135189607e-05,0.16172442571039963,0.16773403522195585,0.06633518933485033,6.610696135189607e-05,0.611923669655122,0.0006845225874148796,0.6259184943914763,1.0,0.7966280359549801,0.45199122206806325,0.8034569477693182,0.00028251653252623553,0.018790767104431824,0.0,0.0,0.031371880214692456,0.3748104623946049,0.004038070177560965,0.009556254486256464,0.017021624975895305,0.9999338930386481,0.16319989579331048,0.20664740208459811,0.07083565867724463,0.47165966505753215,0.8725781008993254,0.3142023053349658,0.0,0.09686938739854202,0.4489269268451324,0.19654305223068183,0.8477142820530201,0.7098771707202298,1.8226654537641187e-06,0.4977386103670489
0.018975058632787662,0.2897838818646877,0.27557055519955403,0.050791298769,0.04923839620502065,6.610696135189607e-05,0.45815163437825396,0.12056961903762319,0.0948839415557353,0.25742314172658065,0.12772958323073677,0.060238906030337866,0.0,0.10667342242161296,0.09959225239033073,0.0,0.1526672148595261,0.27190323898967306,0.999998314671697,0.5025285521312552,0.08310477263895137,0.017779720284143805,0.013600334398261372,0.005610925772006614,6.610696135189607e-05,0.16189076342452471,0.16817832210773176,0.06645944598634743,6.610696135189607e-05,0.611625219196941,0.0005998869131523603,0.625756283644989,1.0,0.796400068739795,0.45188923921649987,0.8032372838217007,0.00025913821543652616,0.018498450053666998,0.0,0.0,0.03136053261964181,0.3747435915466291,0.0037545372229656985,0.009536888962190923,0.016998101449085208,0.9999338930386481,0.16336783329929908,0.20698359490562676,0.07088876598956874,0.47210013809331797,0.8716705298561108,0.31400481032467303,0.0,0.09692650883859213,0.4485185083931694,0.19676271617829932,0.8470736469250374,0.70959831095666,1.6853283030159006e-06,0.4974714478687448
0.0189974831212188,0.28989430759994084,0.27573046799438244,0.050841221975145026,0.04923968664269624,6.610696135189607e-05,0.45777695562539544,0.12033792298628139,0.09477126463716154,0.25732515973443243,0.12867123221485896,0.060581453154608646,0.0,0.10683174236382877,0.10007562028206285,0.0,0.15331248862226302,0.2724619034923511,0.9999984417223434,0.5028017187606766,0.0831598599590538,0.017741231001788857,0.013590936879484726,0.005615107698023964,6.610696135189607e-05,0.16205311304593142,0.16861345484431578,0.06657526263971149,6.610696135189607e-05,0.6113354912712282,0.0005248419831640236,0.6256021934658721,1.0,0.7961828482515955,0.45179585504357195,0.8030204193694173,0.0002376423806494569,0.018213436804611436,0.0,0.0,0.031349812557912755,0.37467940888856094,0.0034838295608930203,0.009518125356620033,0.0169752399150206,0.9999338930386481,0.1635228568747575,0.20730311493795517,0.07093916086783003,0.4725265170817528,0.8708039258019771,0.3138163533795193,0.0,0.09698540938457582,0.4481285246743652,0.19697958063058274,0.8464498689970875,0.7093246597030374,1.558277656552529e-06,0.49719828123932347
0.019018323495264566,0.2900014130079651,0.2758737390867246,0.050888020688760166,0.049241188025858765,6.610696135189607e-05,0.4574458236011325,0.12012196114572819,0.09466276011507875,0.25723262786279305,0.12956533151652547,0.06090777271855093,0.0,0.10697846155637458,0.10053369850844258,0.0,0.1539393278077546,0.27300836881826707,0.9999985592725927,0.5030808030051339,0.0832133108290343,0.01770375425970895,0.013582853447735172,0.005619023895625251,6.610696135189607e-05,0.16221012440866608,0.16903880694940207,0.0666808505932085,6.610696135189607e-05,0.6110544569343384,0.0004584666242344164,0.625454579614981,1.0,0.7959754844268739,0.45170855758922646,0.8028070712111095,0.0002178828780141643,0.017935568048742825,0.0,0.0,0.03133962502526252,0.3746177956737088,0.0032319540934868983,0.009500033313782958,0.01695312781490811,0.9999338930386481,0.16365430583866228,0.20759948709240056,0.07098539450906678,0.47293853339175657,0.8699762018592401,0.31363764766646807,0.0,0.09704605401675147,0.447757743902331,0.19719292878889055,0.8458427893142312,0.7090560631329901,1.4407274072232658e-06,0.49691919699486614
0.019037632530306055,0.2901071243210586,0.2759984066241973,0.05093202265673381,0.04924282081675109,6.610696135189607e-05,0.45716523033283746,0.11992173751532605,0.09455904695818264,0.2571448561941536,0.13041171584867403,0.061217490845554765,0.0,0.10711363669543807,0.10096558542003779,0.0,0.15454585220392594,0.27354063463751527,0.9999986680375401,0.5033646812805734,0.08326516130751714,0.017667024750757716,0.013575702199665954,0.005622855127748617,6.610696135189607e-05,0.16236248287747787,0.16945565390141873,0.06677759517069362,6.610696135189607e-05,0.6107824299011254,0.00039989091239250933,0.6253131372193546,1.0,0.7957776535441354,0.45162613554043635,0.8025983535669788,0.0001997262804342543,0.017664742259458965,0.0,0.0,0.03132997247873146,0.3745573654792807,0.002980347338576702,0.009482891758026704,0.016931653914039592,0.9999338930386481,0.16379562291578517,0.20789104833065672,0.0710291476508939,0.473337685597734,0.8691883932389335,0.3134693719350907,0.0,0.09710870976042656,0.4474082790395259,0.1974016464330212,0.8452544215156398,0.7087946231030259,1.3319624598379979e-06,0.49663531871942657
0.019055630817672455,0.2902053948524797,0.2761143083463448,0.050972416727312966,0.04924469665108907,6.610696135189607e-05,0.45690554381854753,0.11973529921375871,0.09445882974557786,0.2570632706506331,0.13121803896567286,0.06151263917031153,0.0,0.10723879514436428,0.10137649420025907,0.0,0.15513581637204635,0.2740621510870749,0.9999987686783632,0.5036523273645919,0.08331541191519966,0.017631066302308197,0.01357017779535186,0.005626706568694131,6.610696135189607e-05,0.16250999034725055,0.16986058736172238,0.0668626964923797,6.610696135189607e-05,0.6105170890211432,0.0003483243306409726,0.6251772374415805,1.0,0.7955884794143047,0.45154902272023256,0.8023929308412553,0.00018304389729497107,0.017400553461246773,0.0,0.0,0.031320749635025506,0.37450140474855176,0.0027451918746974045,0.009466340688526862,0.016910885743518705,0.9999338930386481,0.16391699950688107,0.20815899352781816,0.07106893501735694,0.4737231951465489,0.8684336367036862,0.31331012338810793,0.0,0.09717272544133113,0.4470744830795083,0.19760706915874468,0.8446811397306587,0.7085372954516783,1.2313216367646504e-06,0.4963476726354081
0.01907231843003228,0.2903014108533787,0.27621568244161276,0.05101005458323803,0.04924659174973338,6.610696135189607e-05,0.45668273806516474,0.11956303146226495,0.09436295986283852,0.25698613428679595,0.13198319315718102,0.061792569834922303,0.0,0.10735358206254102,0.10176481232475168,0.0,0.15570702163082092,0.27457024884972187,0.9999988617942818,0.5039415613633534,0.08336425805770027,0.01759591802191082,0.013565477940488157,0.005630627717740029,6.610696135189607e-05,0.16265327464663384,0.1702567467242781,0.06693944900324278,6.610696135189607e-05,0.6102578704246927,0.0003030159656775587,0.6250471756416164,1.0,0.7954077795962304,0.4514769533909215,0.8021914613433037,0.0001677223926196563,0.01714296217722317,0.0,0.0,0.03131201515700108,0.374447488838871,0.002526697324537906,0.009450418353810462,0.016889385475606217,0.9999338930386481,0.16401814311941962,0.2084096209510323,0.07111169547260589,0.47409613066021855,0.8677137908771414,0.3131602545234614,0.0,0.09723863834122837,0.44675823428432687,0.1978085386566964,0.8441252559765594,0.7082867889730551,1.1382057182281135e-06,0.4960584386366466
0.01908774846747158,0.2903959163687691,0.2763016970092669,0.05104485009940031,0.0492493401889377,6.610696135189607e-05,0.45650101859447884,0.11940439385782783,0.0942692115110147,0.25691313139707483,0.132707376797307,0.062057311661589565,0.0,0.10745868324270973,0.10213002528687931,0.0,0.15625888712522504,0.27506441949531407,0.9999989479533147,0.5042323201143241,0.08341178061612706,0.017561519025925718,0.013561452702677713,0.0056345705592734255,6.610696135189607e-05,0.16279264800115978,0.17064543007252977,0.06700899494081516,6.610696135189607e-05,0.6100046000257752,0.0002632783309893846,0.6249222197044106,1.0,0.7952345792724542,0.4514086486174643,0.8019939473162239,0.00015365523766132114,0.016891796238302056,0.0,0.0,0.03130371934666709,0.3743938435645843,0.002340598820582132,0.009434774582226165,0.016869769706949495,0.9999338930386481,0.16407125999033856,0.20862224704930393,0.07114483434084991,0.4744542578823082,0.8670293448717036,0.3130204686339998,0.0,0.0973067374848359,0.44646132609565636,0.19800605268377613,0.8435874576371136,0.7080437842663838,1.0520466852921007e-06,0.495767679885676
0.019101872583598065,0.2904944502154715,0.27636536563668146,0.05107821414427095,0.04925176745710913,6.610696135189607e-05,0.45638464454825695,0.11926040111757372,0.09418243142843996,0.25684251967990696,0.13338530226319298,0.06230498602852545,0.0,0.1075536686891041,0.10246731539310709,0.0,0.15678573414508498,0.27553911343773396,0.9999990276768876,0.5045244002466881,0.08345813131944921,0.017527902763604265,0.013557343330103746,0.005638592935371586,6.610696135189607e-05,0.16292867017317977,0.17103068142832079,0.0670757521717856,6.610696135189607e-05,0.609758438942791,0.00022847882662756008,0.6248022055449365,1.0,0.795068228470095,0.4513424398370481,0.8018025119442982,0.0001407465886535231,0.016647113677611056,0.0,0.0,0.03129590540126442,0.374337286930316,0.0021539373167109963,0.009420042270506294,0.016850985428003534,0.9999338930386481,0.164136460493959,0.20882664900499823,0.07117529871235073,0.4748005717107533,0.8663862189101795,0.31289280842653805,0.0,0.097378102840801,0.4461902447698448,0.19819748805570184,0.8430735192662615,0.707813772884655,9.723231123147434e-07,0.49547559975331196
0.019114961377823703,0.2905859917298403,0.27642245798808435,0.051108858940070126,0.0492542213556439,6.610696135189607e-05,0.45628726849351664,0.11912884181635754,0.09410007376494982,0.25677710300134815,0.13402672354251507,0.06253843921439316,0.0,0.10764066843680282,0.1027840479531281,0.0,0.15729311792926848,0.275999500836248,0.9999991014526998,0.504818053745672,0.08350320996344082,0.017494986327322683,0.013554512568869262,0.005642519397312161,6.610696135189607e-05,0.1630610443468089,0.17140623998886637,0.06713602423242283,6.610696135189607e-05,0.6095180499806115,0.00019806500648433478,0.6246862066447595,1.0,0.7949077862391005,0.4512790894724013,0.8016157617225272,0.00012890041219584396,0.016408399172714267,0.0,0.0,0.031288376754330965,0.37428304501664067,0.0019897653074384515,0.00940574765286366,0.016832974285535807,0.9999338930386481,0.16417140414790835,0.20900405915365564,0.07120144548010837,0.4751329408619091,0.8657752114510006,0.31277535414084734,0.0,0.09745154532409661,0.44593686257447074,0.19838423827747279,0.8425779816585357,0.7075920999910378,8.985473002557726e-07,0.495181946254328
0.01912696633644907,0.29067769774237284,0.27646449777948956,0.051137457112035385,0.04925655781415097,6.610696135189607e-05,0.4562322582208467,0.11900998404537012,0.09402294588926538,0.25671488650358704,0.13462842246963505,0.06275653595009541,0.0,0.10771879936051523,0.10307723989529413,0.0,0.15777755743602614,0.2764417736444129,0.9999991697143331,0.5051109408656094,0.08354716010686561,0.017462751656820565,0.013551918659655698,0.005646451631710223,6.610696135189607e-05,0.16319023516175435,0.17177625101991847,0.0671930680538336,6.610696135189607e-05,0.609283801403289,0.000171522521987744,0.6245745056685109,1.0,0.7947534680354421,0.45121800716347293,0.8014345527774736,0.0001180337644094986,0.016175662047061796,0.0,0.0,0.03128124664453227,0.3742280609434548,0.0018159974897814521,0.009392447339724296,0.016815516626246918,0.9999338930386481,0.1642338691094262,0.20918611924367272,0.07122654617600159,0.47545386073742674,0.8652000550083772,0.3126689583813937,0.0,0.09752773260404266,0.445704752941233,0.19856544722252642,0.8421044087995644,0.7073825643085253,8.302856668976324e-07,0.4948890591343906
0.01917148871839992,0.29076469412703987,0.27651568940271215,0.05116464559216958,0.04926029567948254,6.610696135189607e-05,0.456174241115261,0.11890125280053766,0.09394913949583032,0.25664225793041856,0.13520167692489624,0.0629627583194755,0.0,0.10779022127659944,0.1033555058727368,0.0,0.15824611711131487,0.2768725543487777,0.999999232872547,0.5054023664751722,0.0835899041801445,0.017431152893362074,0.01355083087746092,0.00565024912014566,6.610696135189607e-05,0.16331607741213977,0.17213478973229848,0.06724374036065217,6.610696135189607e-05,0.609053727270957,0.00014840159466827935,0.6244665716464285,1.0,0.7946046847126134,0.45116060596948276,0.8012566513822437,0.00010806446430886408,0.01594839012354465,0.0,0.0,0.0312743786699122,0.3741779538224555,0.001652548722841649,0.009379695256137303,0.01679872446353342,0.9999338930386481,0.16428685856796035,0.20935878636054048,0.07124868507059459,0.47576116393097695,0.8646499214804355,0.31257067003409594,0.0,0.0976050940107872,0.44548388815778034,0.1987433486177563,0.8416458184243762,0.7071790555276776,7.67127452972424e-07,0.4945976335248277
0.01919265413182258,0.2908557388900694,0.2765693710234799,0.05119053535060633,0.049264544503425295,6.610696135189607e-05,0.4561296101339183,0.1188011889242566,0.0938796285040813,0.2565786213411797,0.13574782818371822,0.06316157335929663,0.0,0.10786102765675529,0.1036259099832839,0.0,0.15869924003073593,0.27728756418060896,0.9999992913131509,0.5056844578716561,0.0836296318929041,0.017399939659535468,0.013550050603516784,0.005653959476642861,6.610696135189607e-05,0.16343404707061338,0.17247042221908873,0.06728880956645046,6.610696135189607e-05,0.6088411370837685,0.00012822563678851657,0.6243602403105558,1.0,0.7944549974147648,0.4511037806272527,0.8010822931763951,9.892028779129109e-05,0.015726510332369274,0.0,0.0,0.03126394502745881,0.37413012996612266,0.0015049546265434187,0.009367392813999236,0.016782548271733904,0.9999338930386481,0.1643189771713409,0.20951172517767755,0.07126626260124135,0.476057857547774,0.8641239461794933,0.31247818633014757,0.0,0.09768397492847997,0.4452703093894634,0.19891770682360488,0.8412018396814728,0.7069859254870218,7.086868490773377e-07,0.4943155421283439
