0_primarytoI_spread,0_primarytoII_spread,0_primarytoIII_spread,0_primarytoIV_spread,0_primarytoV_spread,0_ItoII_spread,0_IItoIII_spread,0_IIItoIV_spread,0_IVtoV_spread,0_late_p,0_C01_coef,0_C02_coef,0_C03_coef,0_C04_coef,0_C05_coef,0_C06_coef,0_C09_coef,0_C10_coef,0_C12_coef,0_C13_coef,1_primarytoI_spread,1_primarytoII_spread,1_primarytoIII_spread,1_primarytoIV_spread,1_primarytoV_spread,1_ItoII_spread,1_IItoIII_spread,1_IIItoIV_spread,1_IVtoV_spread,1_late_p,1_C01_coef,1_C02_coef,1_C03_coef,1_C04_coef,1_C05_coef,1_C06_coef,1_C09_coef,1_C10_coef,1_C12_coef,1_C13_coef,2_primarytoI_spread,2_primarytoII_spread,2_primarytoIII_spread,2_primarytoIV_spread,2_primarytoV_spread,2_ItoII_spread,2_IItoIII_spread,2_IIItoIV_spread,2_IVtoV_spread,2_late_p,2_C01_coef,2_C02_coef,2_C03_coef,2_C04_coef,2_C05_coef,2_C06_coef,2_C09_coef,2_C10_coef,2_C12_coef,2_C13_coef
0.0118102081675846,0.2784464761398137,0.1444373474669277,0.0483813914232234,0.0307482719206351,0.6015752592480916,0.2903784394460733,0.0756342208215767,0.0947097509597804,0.3754715490762129,0.0214957528496167,0.0887944239893887,0.0,0.0410090698794926,0.0160619372492994,0.0,0.0742488203890501,0.2667762374993156,0.9812498922023803,0.9452832481257328,0.0567875897548928,0.0262502447246093,0.0141760855868806,0.0039934324936456,6.610696135189607e-05,0.1712576914796263,0.0457187880598585,0.0106585208716444,6.610696135189607e-05,0.6899080474817846,0.012907330534711,0.6338408284099508,1.0,0.8652883841919718,0.5364857621715323,0.943155466041164,0.069516967567288,0.2164952009817725,0.0,3.1420870619601567e-06,0.0311076897436249,0.451259837980083,0.0626234053061575,0.0091456301983797,0.0193131417668823,0.999964756120144,0.1130829639932669,0.175134786241201,0.1592351269911304,0.3957348752869282,0.9655969166156724,0.2773647476006604,0.0,0.0937025459285355,0.4474523005791683,0.0568445339588359,0.8562342120436619,0.5167285615189118,0.0187501077976195,0.0547136097872053
0.011771102664082498,0.29748366985351926,0.12985419509468402,0.06777384800355525,0.03362108408431828,0.9999427648419962,0.35495733908230215,0.010021977773074583,0.00300910270969019,0.360527396495793,0.022407138461322022,0.09835348192517432,0.0,0.037751826083444656,0.016621170791775775,0.0,0.07259371273635423,0.2684858477442341,0.9821641743826959,0.9489990594592065,0.057025916525958786,0.03002957691480875,0.01863483947110528,0.004090774742781406,6.610696135189607e-05,0.16008042288442004,0.0027864105804418556,0.006988737391639675,6.610696135189607e-05,0.6139395834541911,0.011553444344167827,0.6114249558721511,1.0,0.8512440728276451,0.6423083168815951,0.9332510959122227,0.0644478703310847,0.20540500772571502,0.0,3.4931832933937514e-06,0.029631791823775143,0.47159905162024923,0.08259768775578998,0.008918967867859407,0.021735364940981314,0.879938437201499,0.0822703071473269,0.17422766448870053,0.13973331439585898,0.3819267808624623,0.9660394171945101,0.2902215622026746,0.0,0.11100410108891029,0.34107051232662916,0.0667489040877774,0.862958416932561,0.526109144530051,0.017835825617304128,0.05099744735750015
0.012065947813528705,0.2997640770776284,0.12520408700602842,0.068388454791276,0.03290273173713705,0.9999338930386481,0.37213899497518804,0.005999956744889718,6.610696135189607e-05,0.36028522527311374,0.02332339299598397,0.10032352035176274,0.0,0.03146493557115517,0.016426863630515407,0.0,0.06802162274285091,0.2626736295662973,0.983007181898604,0.9528467186946343,0.05587237072785474,0.03079159023105055,0.01816112226032626,0.004024785071642922,6.610696135189607e-05,0.15232849617634778,2.693517304271922e-09,0.0028292445431390297,6.610696135189607e-05,0.61159956485225,0.010571830033556686,0.609471337037168,1.0,0.8473389662692179,0.7141723803415754,0.9246786529832333,0.0634499141625866,0.205279471300615,0.0,3.989450470039732e-06,0.02995425120654121,0.4711362544303425,0.08498246107460936,0.008625383851547265,0.022058149979440365,0.8450511117590674,0.07945091474266162,0.17671892436916556,0.15963785839203726,0.3822843468349723,0.9661047769704594,0.29020514261106917,0.0,0.1211960981596269,0.2694007560279092,0.0753213470167668,0.8685284630945626,0.5320468991330878,0.016992818101396023,0.047149291854895685
0.012124220479052353,0.30005987496528125,0.12353467481293487,0.0687534852307841,0.03246398335694117,0.9999338930386481,0.3758451630545904,0.004245611571170143,6.610696135189607e-05,0.3605916628271529,0.024423676119206934,0.1011737758489876,0.0,0.02600008761855807,0.01639951975241147,0.0,0.06352380983039771,0.25716774895798017,0.9838351915877446,0.9565578396946899,0.05520191316078807,0.03150174529267727,0.01793066718322192,0.004030278763244463,6.610696135189607e-05,0.14875152065709293,6.610696135189606e-05,6.610696135189633e-05,6.610696135189607e-05,0.6120242527135602,0.009667293017687956,0.609358503410841,1.0,0.8447724882119467,0.7561269477474637,0.91664555813951,0.06280188866316627,0.20554285326075578,0.0,4.554950686536803e-06,0.030201078806384063,0.4711168567964074,0.08691363212543829,0.008418070042370177,0.022023160919688728,0.805912191937522,0.07693894705761378,0.17729170456688925,0.16445607984457591,0.38224057074617646,0.9659090308631051,0.2894677207401716,0.0,0.12922742416949512,0.22747353250012484,0.08335444186049004,0.873674301506436,0.537289397781264,0.016164808412255385,0.043437605354623564
0.012113645139880183,0.29988051643276503,0.12222756496022968,0.06916810074658225,0.03230447640537572,0.9999338930386481,0.37775905768351675,0.0027353746329329904,6.610696135189607e-05,0.3610114510061988,0.025593934674779963,0.10166615008958989,0.0,0.021287541545143035,0.016649001442908148,0.0,0.0593112710971247,0.2520152303255912,0.9846215749240478,0.9599803693475679,0.05470359899718608,0.03210585026450218,0.017783840767411574,0.004115332087139056,6.610696135189607e-05,0.14625584633418812,6.610696135189607e-05,6.610696135189607e-05,6.610696135189607e-05,0.6124293186014607,0.008834392592095258,0.6100622632231768,1.0,0.8434872211001732,0.7817422538199438,0.9100176867126625,0.062392118552855404,0.20600725481985435,0.0,5.196589875508633e-06,0.030358503971370188,0.47082326242215344,0.08854245035312353,0.008303447518976282,0.022112006756497916,0.7696076192718604,0.07486097029224047,0.17740568981354132,0.16498519567834394,0.3819326779126994,0.9655716727331248,0.28827158668723335,0.0,0.1352252373546839,0.20160874473714807,0.08998231328733752,0.8782966103500199,0.5419775148545545,0.015378425075952216,0.040014434062556545
0.012091822383235482,0.2997614849763093,0.12133489901661311,0.06952137302604994,0.03218872428445903,0.9999338930386481,0.37850396927190993,0.0014400817893565091,6.610696135189607e-05,0.3613823362684309,0.026778479663589143,0.1019271008732814,0.0,0.01733114822204993,0.017098126001989376,0.0,0.05535443224072764,0.24716498270885745,0.9853561239860017,0.9630887826003663,0.054381973804767766,0.03264591781115278,0.0177263834736432,0.004150528281595856,6.610696135189607e-05,0.14462880368835218,6.610696135189607e-05,6.610696135189607e-05,6.610696135189607e-05,0.612903010372114,0.008057068671592445,0.6110752216762079,1.0,0.8429298164195712,0.7982049790975448,0.9059223803099116,0.062121375154809255,0.20649055292464796,0.0,5.923752330243529e-06,0.030461545477554298,0.47042457200555504,0.08997446713008601,0.008192868201068248,0.022195966310522973,0.7389644585073358,0.07304069382106934,0.17728558142133807,0.16520294933154397,0.38150782220249496,0.9651644516648185,0.28699767745051075,0.0,0.13973903535837884,0.18469689490046587,0.0940776196900885,0.8825241926044631,0.5463444643664945,0.014643876013998256,0.03690529364730345
0.012074333496937593,0.29972953490865556,0.12071267733086566,0.06984703500166918,0.03208607211078785,0.9999338930386481,0.3786589104041989,0.00027267245515236573,6.610696135189607e-05,0.36167491732204415,0.027976767523532738,0.10207522790362297,0.0,0.01405087790406087,0.017746531888431127,0.0,0.05164397539806256,0.24258774862145702,0.986045636461559,0.9659096387711524,0.05414371619031161,0.03310276044826958,0.017684082344129447,0.004166359052641353,6.610696135189607e-05,0.14345108006866186,6.610696135189607e-05,6.610696135189607e-05,6.610696135189607e-05,0.6133975012688121,0.007335817574210971,0.6121363641456623,1.0,0.8428809540927225,0.8091841664160297,0.9036469750266892,0.06193821213356014,0.20700872927138705,0.0,6.748453880833265e-06,0.030530450297133443,0.46995902169558823,0.09124484771946843,0.008130618755783353,0.02227652273263822,0.7149312871908142,0.07146181673139912,0.1771688112301931,0.16528226441407695,0.38103713540501855,0.9646874149022563,0.28578840795071475,0.0,0.14306816800321667,0.1730693016955392,0.09635302497331079,0.8864178124683774,0.5504035221071559,0.013954363538441006,0.03408361277496669
0.012063487169521799,0.2997698541565485,0.12027511477396689,0.07014512953875768,0.031989855883297544,0.9999338930386481,0.3785187133316101,6.610696135189606e-05,6.610696135189607e-05,0.361782714427663,0.029179403291622347,0.1021482549973303,0.0,0.011362936670750667,0.018571118835126594,0.0,0.04816110485669395,0.23826687365592816,0.9866943725985949,0.9684724325249284,0.05395448711716322,0.03349966557381962,0.017647113054943157,0.004170531712517702,6.610696135189607e-05,0.14251851632365678,6.610696135189607e-05,6.610696135189607e-05,6.610696135189607e-05,0.6138388890890328,0.006671039303300815,0.6131291554637737,1.0,0.8431182398220375,0.8166932991156743,0.9025812161807089,0.06181338215112158,0.20754201977869774,0.0,7.685864332338334e-06,0.03057895830753746,0.4694931748693146,0.09233761737722151,0.00809728542245002,0.02235428868989743,0.6962964256184229,0.07015955890075229,0.1770261815272958,0.16529349922088257,0.38058574171863674,0.9641495574050768,0.284722589538896,0.0,0.14551882350721182,0.164735582049199,0.09741878381929109,0.8900255129921845,0.5541911065653741,0.013305627401405031,0.031519881610739306
0.012060779454974139,0.2999275712383173,0.12000552167167965,0.070279165116609,0.03193806931549921,0.9999338930386481,0.3782428588043149,6.610696135189607e-05,6.610696135189607e-05,0.3618022952124377,0.030373760093936084,0.10216887889222132,0.0,0.00917190108683714,0.019561627458740113,0.0,0.04490180303070844,0.2341687495639295,0.9873078580382397,0.9708043240189981,0.053799900413628685,0.03380927715022688,0.01761492785148182,0.004167412908563852,6.610696135189607e-05,0.14184235270821466,6.610696135189607e-05,6.610696135189607e-05,6.610696135189607e-05,0.614310769617812,0.006062576562112361,0.6140300760043044,1.0,0.8435129859446244,0.8219382375129995,0.9022858549076593,0.061731876456759024,0.20807570655539503,0.0,8.751670724929322e-06,0.03061385444401118,0.46903440659070755,0.09332818650536895,0.008063952088622274,0.02243138208992418,0.6817672146384391,0.06898214863002565,0.17678627520978804,0.16528314837083413,0.3801977461844344,0.9635636633439516,0.2838010451034743,0.0,0.14731511296853847,0.1585001350282603,0.09771414509234067,0.8933663205125325,0.5577555438806756,0.01269214196176026,0.029186924310277043
0.012063168404156846,0.30012159583395065,0.11981127119469404,0.07036663904751556,0.03186474804167906,0.9999338930386481,0.37791223023086146,6.610696135189607e-05,6.610696135189607e-05,0.36180858646784575,0.03156073787222651,0.10215746980340158,0.0,0.007397335914210111,0.020694749610870828,0.0,0.04185872212560314,0.23030738830793432,0.9878913252436723,0.9729359160189732,0.05366972676729736,0.03408293723167845,0.01758341216321949,0.004162052684493917,6.610696135189607e-05,0.14125183620163081,6.610696135189607e-05,6.610696135189607e-05,6.610696135189607e-05,0.614725694966706,0.005508440818661216,0.6148094645080441,1.0,0.8439395165585686,0.8256289458681877,0.9024315257482421,0.06168562223544643,0.20858930175381676,0.0,9.964857808720221e-06,0.03063622216484959,0.4685899137601615,0.09415857674175222,0.008044356747226186,0.022499216417472958,0.6700261144598348,0.06802509529119874,0.17661853071434364,0.16523032837368848,0.379874655299848,0.9629308213091122,0.2830330656885544,0.0,0.14866314752722135,0.15367630452094147,0.09756847425175783,0.8964556556389505,0.561103309938249,0.012108674756327702,0.027054119123218114
0.012068243565294741,0.3003021467016286,0.11965574214914315,0.07044087659654107,0.03179077253587097,0.9999338930386481,0.3775599838022161,6.610696135189607e-05,6.610696135189607e-05,0.36180802827126585,0.032741655151934904,0.10211146875166162,0.0,0.005964482422304733,0.021952213472096565,0.0,0.03901798308847938,0.22668421042468007,0.9884471879302802,0.9748905204759386,0.05355958739909551,0.0343213841307572,0.017554240201541706,0.004154037579368482,6.610696135189607e-05,0.14074788965284596,6.610696135189607e-05,6.610696135189607e-05,6.610696135189607e-05,0.6150888567030625,0.0050054020180353865,0.6154868343057005,1.0,0.8443736970225901,0.8282521428871664,0.9028312215757399,0.06166498945548901,0.20907419814008604,0.0,1.1346228529078842e-05,0.03065020184768892,0.4681476213639678,0.09488510306509768,0.008026241047340685,0.022597365336743527,0.6605816781178186,0.06720131223305723,0.17650336108606132,0.1650229002299396,0.37958680059010946,0.9622529428300297,0.28240169694263784,0.0,0.14966182055510516,0.14979564364073705,0.0971687784242601,0.8993170274560317,0.5642415914352339,0.011552812069719856,0.02509813329553232
0.01207513798359006,0.30047563403039057,0.11952525748448517,0.07051024181235,0.031713267712563546,0.9999338930386481,0.3771898470017052,6.610696135189607e-05,6.610696135189607e-05,0.36180059055771685,0.0339179704995395,0.10202299563988987,0.0,0.004809066360176467,0.023324008311362058,0.0,0.036363333080158454,0.2232795795332235,0.9889769866381564,0.9766866965620666,0.0534664166984357,0.03453111404679514,0.017527370573689752,0.004144013472467247,6.610696135189607e-05,0.14032018470614335,6.610696135189607e-05,6.610696135189607e-05,6.610696135189607e-05,0.6154115926861601,0.004549634645142358,0.6160780190095396,1.0,0.8448035542867859,0.8301242974387496,0.9033657348873382,0.061664535620935323,0.20952872257674932,0.0,1.2919092352235015e-05,0.030658833667352565,0.4677299368146856,0.09552566104613452,0.008009638662427645,0.02266584735850648,0.6528149984296475,0.06648568672857598,0.17641282296723204,0.16492637279370215,0.37935612954994025,0.9615323948553182,0.2818989853505705,0.0,0.15038737935303775,0.1465516942498883,0.09663426511266178,0.9019721312989062,0.5671916978900272,0.011023013361843687,0.02330038434558114
0.01208316206971856,0.30063619125654295,0.11941618614303666,0.07057463989194539,0.031641711094718646,0.9999338930386481,0.37681330032428595,6.610696135189607e-05,6.610696135189607e-05,0.3617883943330473,0.03509032180388024,0.10190674728993315,0.0,0.003877984611432922,0.024802317286746558,0.0,0.033885326568089756,0.22008061279018645,0.9894821187521081,0.9783396847739478,0.053385908709128786,0.034713820984481586,0.01750228913282947,0.00413245275002965,6.610696135189607e-05,0.1399515740848009,6.610696135189607e-05,6.610696135189607e-05,6.610696135189607e-05,0.6157042023342734,0.004137007784756854,0.6165892480336874,1.0,0.8452134985125437,0.8314458844910723,0.9039537467236123,0.06167849078962543,0.2099481965006305,0.0,1.4709927940731773e-05,0.030662978467685658,0.467323150783271,0.09608606850554327,0.00799370381852845,0.02272743844167967,0.6463319551852501,0.06586803755129983,0.176342228074557,0.1648424666892253,0.37917230584386397,0.9607726704113629,0.2815040046763794,0.0,0.15090851687602333,0.14375179822218115,0.0960462532763877,0.9044361826422849,0.569971190709183,0.010517881247891912,0.021645605298111426
0.012092080472843122,0.30078719779797297,0.11932518622081494,0.07063575566938289,0.031573914279480184,0.9999338930386481,0.37643260798464184,6.610696135189607e-05,6.610696135189607e-05,0.3617714438203446,0.03625897421013261,0.10176961241117932,0.0,0.0031278620917531887,0.026380613142843266,0.0,0.03157318132171105,0.2170724817374007,0.9899637894116962,0.9798627790627046,0.053315721153450964,0.03487358217335064,0.017478787050668684,0.004119597805709635,6.610696135189607e-05,0.13963008222577628,6.610696135189607e-05,6.610696135189607e-05,6.610696135189607e-05,0.6159758510928701,0.0037634751316460487,0.6170286748174373,1.0,0.8455962141435266,0.8323548418259411,0.9045466233600761,0.06170194504261918,0.2103319272245465,0.0,1.674909778337357e-05,0.030663833717919392,0.46693114333919333,0.09657616732395197,0.007978156476697796,0.02278379533573823,0.6408455451204239,0.06533619493214585,0.17628716482731027,0.1647608118714487,0.379026315565803,0.9599775506582213,0.2812017127713834,0.0,0.15127592376472024,0.14126454503121572,0.09545337663992397,0.9067248736356698,0.5725955910380528,0.01003621058830383,0.0201204718395121
0.012101701316619815,0.3009295501953095,0.11924979791138741,0.07069430565073931,0.03150938030899085,0.9999338930386481,0.3760507568432839,6.610696135189607e-05,6.610696135189607e-05,0.3617502836471404,0.03742423492208748,0.10161641381379433,0.0,0.0025235207431991173,0.028053061137739435,0.0,0.029416499163732998,0.21424139383816587,0.9904231666620438,0.9812678353139701,0.0532538151325932,0.03501371269348001,0.017456609427236387,0.004105601201378037,6.610696135189607e-05,0.13934500543969539,6.610696135189607e-05,6.610696135189607e-05,6.610696135189607e-05,0.6162348779580185,0.003425245439959586,0.6174054708718142,1.0,0.8459492653354079,0.832948245667388,0.9051166103845272,0.06173123839947223,0.21068138843042625,0.0,1.9071228002609324e-05,0.030662378998963027,0.46655546157486877,0.09700494033877222,0.007962852889540037,0.022835828376752045,0.6361588598417075,0.0648794020053526,0.17624504306968364,0.16468262394627792,0.3789108810630495,0.959150519637953,0.28097811531439154,0.0,0.15152721392139293,0.13899869319487257,0.09488338961547285,0.9088522624367947,0.5750772177314079,0.009576833337956201,0.018713093458027255
0.012111862173971302,0.30106374779416367,0.11918770634274325,0.07075074619249168,0.03144790056488856,0.9999338930386481,0.37567022341076484,6.610696135189607e-05,6.610696135189607e-05,0.36172573019787413,0.03858633173685787,0.10145106782540594,0.0,0.0020365505269477596,0.029814098280584112,0.0,0.027405365710555997,0.21157466677443476,0.9908613487264738,0.9825653804443304,0.05319849824554702,0.03513706161029436,0.017435483367137756,0.0040572430845610755,6.610696135189607e-05,0.13908392461936167,6.610696135189607e-05,6.610696135189607e-05,6.610696135189607e-05,0.6166664040677219,0.00311883479344122,0.6177282600268014,1.0,0.8462726452937482,0.8332957458800173,0.9056489616074908,0.06176358270366107,0.21099891923098163,0.0,2.1715795773870554e-05,0.03065936195986508,0.4661970431738076,0.09737946827236107,0.007947686014116596,0.02288402598716795,0.6321256370510849,0.0644896283904803,0.17621422821257265,0.16460961636736418,0.37882023335299936,0.9582948334697009,0.2808206721477927,0.0,0.15169080417930408,0.1368901558393986,0.09435103839250925,0.9108310515857829,0.5774264139945836,0.009138651273526224,0.017412903759895713
0.01212280330620992,0.30118111144271165,0.119130460774764,0.0708111600613724,0.03138874972208627,0.9999338930386481,0.3753091809598857,6.610696135189607e-05,6.610696135189607e-05,0.3617011566310821,0.03974542484323391,0.1013088283325078,0.0,0.001643925157668809,0.03170843408517155,0.0,0.02553058450393852,0.20905792759101693,0.9912793681535202,0.9837647770075627,0.05313696075818529,0.03524195928506632,0.01741223815886313,0.004030689102701598,6.610696135189607e-05,0.1387898528257703,6.610696135189607e-05,6.610696135189607e-05,6.610696135189607e-05,0.6170775357583134,0.00284136841994984,0.6179806787600869,1.0,0.8465819875204316,0.8333856104010607,0.9061201886005155,0.06179633726323653,0.21130714964800626,0.0,2.4728416112045856e-05,0.030656149669546624,0.46585616444404604,0.09770686433184833,0.007936276874963172,0.022928818840442202,0.628703339768638,0.06416121053671896,0.17619031164680873,0.16450277308866496,0.3787511927867365,0.9574132067368163,0.2807104929074053,0.0,0.15177408732189965,0.13490595551376774,0.09387981139948454,0.912673078232825,0.5796349227609768,0.008720631846479733,0.01621049457632527
0.012133963956506014,0.30129294925266004,0.11908316766064916,0.07086626287434002,0.031332940923392553,0.9999338930386481,0.37494690819569504,6.610696135189607e-05,6.610696135189607e-05,0.3616759276774467,0.0408993527583458,0.10116581485435042,0.0,0.001327435221248106,0.03369946506368021,0.0,0.023782871213711355,0.20668130414660482,0.9916780237306247,0.9848741702961918,0.053080894345875256,0.03533434360833576,0.017388917420297294,0.004010140051475472,6.610696135189607e-05,0.1385452704849337,6.610696135189607e-05,6.610696135189607e-05,6.610696135189607e-05,0.617439987276355,0.0025898325782872183,0.6181952469787043,1.0,0.8468588171503044,0.833309198542397,0.906544188451796,0.061828459414915826,0.21158860524774237,0.0,2.816021615725373e-05,0.030652662981214367,0.46553593913244984,0.09799113164808868,0.007923075125246348,0.022970631555868263,0.6256936475414647,0.06388406255440057,0.17617240558706854,0.16441941415072459,0.37869840544740163,0.956510814663367,0.2806389381669453,0.0,0.15181374762844752,0.13299133639392274,0.09345581154820402,0.9143886693713729,0.5817300906056528,0.008321976269375284,0.015097669487650942
0.012145219917003435,0.30139759221101375,0.11904522570842964,0.0709188534244078,0.031279953664674356,0.9999338930386481,0.3745826114413445,6.610696135189607e-05,6.610696135189607e-05,0.36165070321541176,0.04204907205174475,0.10101897708321836,0.0,0.0010722464689719984,0.03577087750916654,0.0,0.022154136049219682,0.20443758352937277,0.9920583460516432,0.9859012163977399,0.05303163057054997,0.035409043383533886,0.017366623272028432,0.0039912302541273755,6.610696135189607e-05,0.13831809822714805,6.610696135189607e-05,6.610696135189607e-05,6.610696135189607e-05,0.6178121542756962,0.0023615157392089846,0.6183810698004399,1.0,0.8471042401644471,0.833109456938088,0.906925727831458,0.06185929553862104,0.21184269966376906,0.0,3.206982979425751e-05,0.030648536138806897,0.46523278255540007,0.09823902556501071,0.007908782798407636,0.02300929741561637,0.6230032712766349,0.06365084320835109,0.17616275559760763,0.1643541346244506,0.37865913692871633,0.9555894122090463,0.28059995311634167,0.0,0.151823513366581,0.13111966555274546,0.09307427216854205,0.9159865684121593,0.5837197168068582,0.007941653948356728,0.014066713772465891
0.012156561302954996,0.3014954389137088,0.11901474556070862,0.07096964460782376,0.03122953422010362,0.9999338930386481,0.3742177279507075,6.610696135189607e-05,6.610696135189607e-05,0.3616257775395885,0.0431949401821204,0.10087016257935352,0.0,0.0008664237337564709,0.03791280786422312,0.0,0.0206365561870744,0.20231841259324032,0.9924212472080994,0.9868526649600751,0.0529860321300319,0.035472283654787704,0.017344871943271122,0.003994973011969459,6.610696135189607e-05,0.13810821431289488,6.610696135189607e-05,6.610696135189607e-05,6.610696135189607e-05,0.6180693619080883,0.0021540955931557194,0.6185348825129798,1.0,0.8473142173182064,0.8328043405303661,0.9072623178950949,0.06188747519867892,0.21206912728194957,0.0,3.652369367457333e-05,0.030643908827978895,0.4649483262378478,0.09845445303856871,0.00789385620397373,0.023045066751380426,0.6206680321491765,0.06345577174976103,0.17616039472508746,0.16430180350630771,0.3786300233198512,0.9546509642247238,0.2805949549076666,0.0,0.15181935894803714,0.12928285160541073,0.0927376821049051,0.9174759686142466,0.58561246012481,0.007578752791900615,0.013110811346250415
0.012167677171299764,0.30159281301450763,0.1189954413743727,0.07101464086274988,0.031181948357846122,0.9999338930386481,0.37384231224745135,6.610696135189607e-05,6.610696135189607e-05,0.36159970485073756,0.04433710808630475,0.10069920729956335,0.0,0.000700377532772266,0.04007446153537536,0.0,0.019222693827425356,0.2003175782259615,0.9927675795056677,0.987734577077617,0.052950978319436445,0.03552934750795488,0.017325407643282484,0.00398014034350218,6.610696135189607e-05,0.1379420843471362,6.610696135189607e-05,6.610696135189607e-05,6.610696135189607e-05,0.6183639675760824,0.0019654090539382237,0.6186775372913011,1.0,0.8474835695130976,0.8324614855159139,0.907568697668667,0.06191307695284899,0.2122578210329236,0.0,4.1597132158392074e-05,0.030638682610519167,0.46468021779814056,0.09864125312692597,0.007876106197559912,0.02307825204652142,0.61855336835958,0.0632927512599135,0.17616621686053907,0.1642865359030832,0.37860863579582393,0.9536974828597571,0.28062325540913546,0.0,0.15181605295413023,0.12746405294871083,0.092431302331333,0.9188642292197257,0.5874246007411149,0.00723242049433231,0.01222382579022466
0.012178926627200845,0.3016807454368894,0.11898041989792683,0.07106148302872325,0.031136613743321547,0.9999338930386481,0.37347559284207643,6.610696135189607e-05,6.610696135189607e-05,0.3615738754554755,0.045477123737242484,0.10052972121282451,0.0,0.0005663106092458154,0.04228065920053798,0.0,0.017905845309615177,0.19842713697416903,0.9930982339088489,0.9885525120602707,0.052915981780614144,0.03557888483090793,0.0173063403612931,0.003959018653234851,6.610696135189607e-05,0.13777264508066028,6.610696135189607e-05,6.610696135189607e-05,6.610696135189607e-05,0.618706612358307,0.0017937154495373214,0.6187925495590252,1.0,0.8476321747566631,0.832047037570584,0.9078359376220433,0.061935231361825355,0.2124274511745945,0.0,4.737714484269556e-05,0.030633532300247297,0.4644252904661557,0.09880432310321391,0.007859731863290679,0.023109044605088627,0.616710354279207,0.06315929081137744,0.17617861387945222,0.16426464689822998,0.3785947816959925,0.9527291608132202,0.2806777292281503,0.0,0.1518015146340911,0.12567230322887804,0.09216406237795673,0.9201589233285594,0.5891454118512365,0.006901766091151124,0.01140011079488654
0.0121902945868781,0.3017611810206255,0.11896818179060711,0.07110804884267562,0.031093927940911707,0.9999338930386481,0.3731190095341043,6.610696135189607e-05,6.610696135189607e-05,0.3615485439635989,0.04661369245127351,0.10036846656854642,0.0,0.000458016214321101,0.04453484377228572,0.0,0.016679339799294562,0.19663821789961916,0.9934138731668296,0.9893112640415475,0.052879801481435805,0.035622079575106665,0.017286794618296627,0.003929915760024206,6.610696135189607e-05,0.13758810554717507,6.610696135189607e-05,6.610696135189607e-05,6.610696135189607e-05,0.6190873119433785,0.0016374371955510656,0.6188813148019746,1.0,0.8477651634453067,0.831561436406272,0.9080655776492218,0.06195357988245304,0.21258412460520937,0.0,5.3962781396116854e-05,0.030628842084232062,0.4641851475323396,0.09894544808414338,0.007844159116318338,0.023137945845312844,0.6150951603563652,0.06305203430736786,0.17619403486776483,0.16423995821199694,0.3785875605912001,0.9517488703531755,0.280750218629479,0.0,0.1517768203403722,0.12390371982144234,0.09193442235077817,0.9213670803182524,0.5907776574951714,0.006586126833170362,0.010634773177056437
0.012201817973312237,0.30183317205303306,0.118957286739976,0.07115488004601245,0.031053185649379297,0.9999338930386481,0.37277373073202336,6.610696135189607e-05,6.610696135189607e-05,0.36152502373145734,0.047745871174455785,0.10022360752132506,0.0,0.0003705102607670215,0.046845146657341,0.0,0.01553706155757477,0.19494359761534588,0.9937151698160531,0.9900152390019786,0.052842026934687265,0.03569359675441327,0.017266820861400408,0.003887125698282998,6.610696135189607e-05,0.13729799431457718,6.610696135189607e-05,6.610696135189607e-05,6.610696135189607e-05,0.6194825227076255,0.0014951581147984122,0.6189437064380122,1.0,0.8478860455006548,0.8309999142484715,0.9082574240814941,0.0619680311787057,0.21273259122060426,0.0,6.146763194557578e-05,0.030625087217772066,0.46395977215743744,0.09906720612283379,0.007829595849717142,0.023165000698881524,0.6136828583542727,0.06296750512454304,0.17621130171095337,0.16420971001758608,0.37858687764236326,0.9507589707107458,0.28083268604066275,0.0,0.15174344423857816,0.12215493909418748,0.09174257591850583,0.9224949072637195,0.5923238111640499,0.006284830183946916,0.009923293366075784
0.012213614290852265,0.3018913928892135,0.11894572471386816,0.0712033846092662,0.030999071100927825,0.9999338930386481,0.3724401206999989,6.610696135189607e-05,6.610696135189607e-05,0.36151553823628463,0.048872562133032545,0.10010641972206119,0.0,0.00029974223415296213,0.0492316870806625,0.0,0.014473385926937104,0.1933374217062552,0.9940027558835812,0.9906684273609063,0.05280071045213109,0.03574524183308254,0.01724560759296295,0.0038671742179185765,6.610696135189607e-05,0.1370290137647302,6.610696135189607e-05,6.610696135189607e-05,6.610696135189607e-05,0.6198580078926459,0.001365674630297549,0.619004969222633,1.0,0.848034832228602,0.8303749795082506,0.9084321089554421,0.06197933138518859,0.2128868202888669,0.0,7.001993017897299e-05,0.030623481007552005,0.4637375361155785,0.09917449508595327,0.007816974458880237,0.023190765097730156,0.6125279554032045,0.06290500997614874,0.17622771213584068,0.16416236446977656,0.37859238135593415,0.9497617632366699,0.2808886110553058,0.0,0.15166542553724502,0.12039333341108692,0.09156789104455786,0.9235472826878743,0.5937757580048779,0.005997244116418725,0.009261552708914683
0.012224742057372968,0.30194314479021406,0.11893320723725666,0.0712440536392265,0.030960873404011418,0.9999338930386481,0.3721372373634691,6.610696135189607e-05,6.610696135189607e-05,0.3615003751218001,0.04999279549038812,0.09999061070814015,0.0,0.00024255861094253097,0.05163614138872396,0.0,0.013482340286813119,0.19181493189244095,0.994277200270281,0.9912745298013832,0.05276362408979133,0.03578889602555138,0.01722476996842577,0.003858922741318379,6.610696135189607e-05,0.13679139826546552,6.610696135189607e-05,6.610696135189607e-05,6.610696135189607e-05,0.6201768736039317,0.0012476535772080642,0.6190644632441004,1.0,0.8481709205583796,0.8297419378643179,0.9085943389122262,0.061986898037779646,0.21302466840207998,0.0,7.976334709616022e-05,0.03062141004903833,0.4635315691819568,0.09926472160387735,0.007802091199752468,0.02321600512741839,0.6114800299091023,0.0628592485699743,0.1762460425692924,0.16414782664063418,0.3786010898447345,0.9487595509324038,0.28094492604775945,0.0,0.15158652083067786,0.11862192074695815,0.09140566108777377,0.9245307616754073,0.5951603997054791,0.005722799729719008,0.008645706851520609
0.012235628863270913,0.30199793553881177,0.11892498027164726,0.07128206925810847,0.03092661997742181,0.9999338930386481,0.3718114435360979,6.610696135189607e-05,6.610696135189607e-05,0.3614859065415369,0.05110639113155361,0.09987088396922839,0.0,0.00019634341376436782,0.05402092518015422,0.0,0.012559360666299344,0.19037383263127777,0.9945391155069665,0.9918367479748935,0.05273234837259292,0.03582842272338053,0.017205493872108228,0.0038319734891124856,6.610696135189607e-05,0.13658530622078655,6.610696135189607e-05,6.610696135189607e-05,6.610696135189607e-05,0.6205698831475039,0.001139983771278225,0.6191251908735069,1.0,0.8482867252472123,0.8291321787038695,0.9087477950251609,0.06199163652282968,0.21314188687737434,0.0,9.0861863251307e-05,0.030618902671574556,0.46334001060080493,0.09934112527891455,0.007785443898050855,0.023238568412908642,0.6104794692206517,0.06282683150000412,0.17627032750197047,0.16415457857088617,0.37861189132357675,0.9477536250971682,0.28100392515726463,0.0,0.15151693133902336,0.11684689611597637,0.0912522049748391,0.925449002810871,0.5964842804913478,0.005460884493033538,0.008072390161855188
0.012246663894534528,0.3020450168626447,0.11891952744801625,0.07132273143826455,0.030893953177949986,0.9999338930386481,0.3714878171665916,6.610696135189607e-05,6.610696135189607e-05,0.36147271119759816,0.05221398136541649,0.09977072589330906,0.0,0.00015896849467081204,0.056424810866027963,0.0,0.011699994810864131,0.18900837398337275,0.9947891961288585,0.9923581402432751,0.0526976861903266,0.03586244216086608,0.0171859613016877,0.0038055034698053986,6.610696135189607e-05,0.13636500291914633,6.610696135189607e-05,6.610696135189607e-05,6.610696135189607e-05,0.6210000367679364,0.0010417634320332612,0.6191670956187821,1.0,0.8483948789991412,0.828490243172303,0.9088797752630374,0.0619933147299289,0.21325481230294718,0.0,0.00010350629201138183,0.030616788868893,0.46315966069488473,0.09940647111115007,0.007770392600876238,0.02325946905960358,0.6095985806297572,0.06280777180595812,0.17629752554478392,0.16414868430783583,0.37862524065911923,0.9467442552025502,0.2810621784879088,0.0,0.15144615250618795,0.11508494596166903,0.09112022473696256,0.926306690459207,0.5977368137136801,0.0052108038711415,0.007538353464713511
0.01225770193686749,0.3020883254353033,0.11891696032569823,0.07136208332144442,0.03086299118769191,0.9999338930386481,0.3711662177012963,6.610696135189607e-05,6.610696135189607e-05,0.36146046486964123,0.05331379900441863,0.09968835657274504,0.0,0.00012873592021031986,0.058838685442754855,0.0,0.010899791939671334,0.18771292984027466,0.9950279417488909,0.9928413143149555,0.05266164031545327,0.03589274629016484,0.017165876615019185,0.003778786862380071,6.610696135189607e-05,0.1361339157760559,6.610696135189607e-05,6.610696135189607e-05,6.610696135189607e-05,0.6214549496492366,0.0009521409527824561,0.6191951172462473,1.0,0.8484931774664878,0.8278255245410712,0.9089929931201868,0.06199225042365561,0.21336286040846036,0.0,0.00011791283235856382,0.030615335603019565,0.4629919503135389,0.09946078332567176,0.007755542257569454,0.023279188106798788,0.6088063214265677,0.062800307678643,0.17632541432517182,0.1641445427705276,0.37864053400354963,0.9457340600427989,0.28111652618100763,0.0,0.1513780866133019,0.11333579001617404,0.09100700687981327,0.9271079576366731,0.598924209751265,0.004972058251109096,0.0070407728526860535
0.012268689367652876,0.30212774738572273,0.11891673313951374,0.0714002861314701,0.030833589029337007,0.9999338930386481,0.37084763525568626,6.610696135189607e-05,6.610696135189607e-05,0.361449423174449,0.05440526669871479,0.09962351087231801,0.0,0.00010427548219297694,0.06125541472357551,0.0,0.01015470883775977,0.18648393537536123,0.9952558787415581,0.9932886907270141,0.05262477279086741,0.03592019271777676,0.017145351815660244,0.003751838021750817,6.610696135189607e-05,0.1358949561572932,6.610696135189607e-05,6.610696135189607e-05,6.610696135189607e-05,0.6219291066729525,0.0008703420039774116,0.6192122002611672,1.0,0.8485815926285337,0.8271446976027478,0.9090895840367462,0.06198882507372229,0.2134659581975052,0.0,0.00013432760016002967,0.030614496536546073,0.4628354530558715,0.09950552419916131,0.007740811291421579,0.023297681338307907,0.6080956163887726,0.06280264752867151,0.1763545606496707,0.16414374041852664,0.3786575733158264,0.9447243912973078,0.28116428886651473,0.0,0.15131413188927328,0.11159988767367673,0.09091041596325376,0.9278564660885179,0.6000501064271336,0.004744121258441877,0.00657698167282593
0.012279600102227521,0.30216347199192706,0.11891836667882394,0.07143732804416521,0.030805663569269642,0.9999338930386481,0.3705324674060956,6.610696135189607e-05,6.610696135189607e-05,0.36143975861204725,0.055487824387477236,0.09957609822832307,0.0,8.448044723185316e-05,0.06366836412586144,0.0,0.009460963799053713,0.18531799613220898,0.9954735031276752,0.9937024318806054,0.05258734483258648,0.03594531588617964,0.017124498087226013,0.003724749336403493,6.610696135189607e-05,0.1356498539344142,6.610696135189607e-05,6.610696135189607e-05,6.610696135189607e-05,0.6224183477595622,0.0007956641836785877,0.6192204233708671,1.0,0.8486609639702326,0.8264535046706415,0.9091716731280134,0.061983336732099895,0.21356425413971375,0.0,0.0001530308144560969,0.03061419848971621,0.4626891843463106,0.09954185750884571,0.007726170367720731,0.023315009125875717,0.6074602993071287,0.06281335012027804,0.17638487276123258,0.16414632229915,0.37867608757244897,0.9437165114288442,0.2812034784008099,0.0,0.15125455558253562,0.10987813120349704,0.09082832687198664,0.9285556994688464,0.6011177497280773,0.004526496872324733,0.006144537304938575
0.012290417215091344,0.30219576762127176,0.11892155295333497,0.07147318526487995,0.03077914022981645,0.9999338930386481,0.3702208309409621,6.610696135189607e-05,6.610696135189607e-05,0.3614315637289452,0.05656091652388535,0.09954600813276474,0.0,6.845717319388821e-05,0.06607122078175018,0.0,0.00881502503885341,0.18421189120363043,0.9956812867026497,0.9940844642371284,0.05254953003880352,0.03596851068423813,0.017103417298817505,0.003697628510276025,6.610696135189607e-05,0.1354009559539678,6.610696135189607e-05,6.610696135189607e-05,6.610696135189607e-05,0.6229186067099641,0.0007274711984785639,0.6192213394148047,1.0,0.8487323313752303,0.825757024665602,0.90924121065188,0.061976047006541184,0.21365798836875532,0.0,0.00017434156994117897,0.030614386649824733,0.46255242678582,0.09957077029923,0.007711615463592639,0.023331246917463952,0.6068910234620364,0.06283118371626109,0.17641624213616894,0.16415216692132337,0.3786958258267684,0.9427116122776361,0.28123265245243056,0.0,0.15119921145157578,0.10817175455264785,0.09075878934812003,0.9292089279546054,0.6021301204276143,0.004318713297350358,0.005741194192930462
0.012301126206251048,0.3022249483088945,0.11892611302472648,0.0715078374536931,0.030753951710084427,0.9999338930386481,0.3699127185793851,6.610696135189607e-05,6.610696135189607e-05,0.36142486109025435,0.05762399656143793,0.0995330429447053,0.0,5.5483988310267694e-05,0.06845797091324549,0.0,0.00821359728224737,0.1831625776616059,0.9958796787927588,0.9944364923005643,0.05251149363527859,0.03599007477437646,0.0170822115648316,0.00367058391227094,6.610696135189607e-05,0.13514951846535592,6.610696135189607e-05,6.610696135189607e-05,6.610696135189607e-05,0.6234266521516861,0.0006651855543652082,0.6192161757191365,1.0,0.8487967460473906,0.82505979022692,0.9092999494373382,0.06196720485718369,0.2137474842152897,0.0,0.00019862327953993453,0.030615012547725782,0.46242461177476174,0.09959312300367609,0.007697147947094359,0.02334646713037429,0.6063790025450128,0.06285508156813285,0.1764485847885974,0.1641611478360975,0.37871656192297976,0.9417108178841969,0.28125078133615816,0.0,0.15114776996429916,0.1064822388598346,0.09070005056266188,0.929819197860569,0.6030899381231044,0.004120321207241185,0.005364884419895751
0.012311714723240564,0.3022513641659288,0.1189319494187947,0.07154127402966856,0.03073003831407242,0.9999338930386481,0.36960807932560513,6.610696135189607e-05,6.610696135189607e-05,0.36141961564595604,0.05867653462932047,0.09953689760594381,0.0,4.497795945329222e-05,0.07082292436912126,0.0,0.007653607978454778,0.18216719509587348,0.9960691073864355,0.9947600087850718,0.052473359346371914,0.03601026086386554,0.017060970603617536,0.003643717277511063,6.610696135189607e-05,0.13489606125691483,6.610696135189607e-05,6.610696135189607e-05,6.610696135189607e-05,0.623939978110705,0.0006082834186632067,0.6192059222517057,1.0,0.8488551511917751,0.8243658338121747,0.9093494148510517,0.06195704469053056,0.21383306300542954,0.0,0.00022628973874098932,0.030616034821094335,0.4623052552081527,0.09960966539945026,0.007682770434599639,0.023360736279431464,0.6059171425799335,0.062884121912021,0.17648184121693483,0.16417315550643938,0.3787380879049642,0.9407151819520163,0.2812571801423505,0.0,0.1510998708487717,0.10481124181870405,0.09065058514894828,0.9303893473310146,0.603999741898697,0.003930892613564525,0.005013701476187302
0.012322172432471957,0.30227539019412775,0.11893902299854119,0.07157340370331126,0.03070734587258295,0.9999338930386481,0.36930681939778515,6.610696135189607e-05,6.610696135189607e-05,0.3614158101927846,0.059718024787016835,0.0995571544162992,0.0,3.6468077855639156e-05,0.07316074559722975,0.0,0.007132193636913658,0.18122306070981645,0.9962499801909485,0.9950563020575528,0.0524685440488641,0.036029717161122646,0.017040032789003772,0.0036171792439823785,6.610696135189607e-05,0.13463567496784856,6.610696135189607e-05,6.610696135189607e-05,6.610696135189607e-05,0.6242937391631748,0.0005562896589003787,0.6191914214921181,1.0,0.8489083688361752,0.8236787543063868,0.9093909292929274,0.06194578629809806,0.21391501507780863,0.0,0.0002578120184817864,0.030617419665837566,0.4621939092857317,0.09962105674084953,0.007668486288578856,0.023374115602743196,0.6055003754252566,0.06291750954870931,0.17651596726495256,0.164188093128331,0.37876021171921265,0.9397256855540828,0.2812514240915826,0.0,0.15105516308596922,0.10316050009638347,0.09060907070707262,0.9309220200649883,0.604861924212375,0.0037500198090515123,0.0046858859239654795
0.012332289437446953,0.30229652327944934,0.11894730879445606,0.07160406798307273,0.0306857345913913,0.9999338930386481,0.3690078798320821,6.610696135189607e-05,6.610696135189607e-05,0.36141384774412744,0.06074799595371323,0.09959684083465374,0.0,2.9575085211530083e-05,0.0754714139322822,0.0,0.006646719447027527,0.1803310479371996,0.9964226859816875,0.9953264879983512,0.05244212495901248,0.036051305948954136,0.017021338747750536,0.0035915456758103172,6.610696135189607e-05,0.13442696511702407,6.610696135189607e-05,6.610696135189607e-05,6.610696135189607e-05,0.6246849860529601,0.0005087803988910868,0.6191615365428572,1.0,0.8489514495621503,0.8229853387109404,0.9094173572564378,0.061931714828863914,0.21398384187721564,0.0,0.00029370004585798796,0.030617713514151604,0.4620885644419182,0.09962724574083565,0.0076542029257167105,0.02338649803163526,0.6052975814721158,0.06295404616129288,0.1765511176261883,0.16420651997971072,0.3787829748137601,0.9387432236473957,0.28124162262248914,0.0,0.15101897535263814,0.10154324735677751,0.09058264274356218,0.9314215657241085,0.6056851101855848,0.0035773140183124907,0.004379811955790798
0.012342375974213223,0.3023160291417679,0.1189566365364389,0.07163888494824862,0.03066534927246247,0.9999338930386481,0.36871497657189817,6.610696135189607e-05,6.610696135189607e-05,0.36140959752787893,0.06176601873253402,0.099650435333143,0.0,2.3988368765014887e-05,0.07774224108340105,0.0,0.006194658590981852,0.1794850902243826,0.9965875917378835,0.9955714337459343,0.0524123186689901,0.03607067744157262,0.017002907734199768,0.003566349526684151,6.610696135189607e-05,0.13420962971959008,6.610696135189607e-05,6.610696135189607e-05,6.610696135189607e-05,0.6251080553357347,0.0004653650685798779,0.6191344545500994,1.0,0.8489969589140307,0.8223089842060808,0.9094406165670461,0.06191741331689519,0.2140518099544896,0.0,0.00033457826355902615,0.030618906730516995,0.46198807698616995,0.09962934496506416,0.007673341333591323,0.02339790639401232,0.6050922713256424,0.06300605726858272,0.17650131008983413,0.16418063049597864,0.37878855225517555,0.9377686161988861,0.28121511011675754,0.0,0.15097905271720433,0.09994877471051822,0.09055938343295383,0.931887928092123,0.6064630998211278,0.003412408262116547,0.004093987990506717
0.012352478267220525,0.30233590607233135,0.11897358798337854,0.07166343770573799,0.030646071452831325,0.9999338930386481,0.3684412032082973,6.610696135189607e-05,6.610696135189607e-05,0.3614045411340668,0.06275008782219388,0.09971117927676813,0.0,1.9459874937214003e-05,0.07996666991677794,0.0,0.005773305938391528,0.17867917650500587,0.9967448909025505,0.9957917740324125,0.05237964003782889,0.03609008383711262,0.016984249464132028,0.0035398867593834167,6.610696135189607e-05,0.13397607448341398,6.610696135189607e-05,6.610696135189607e-05,6.610696135189607e-05,0.6255554773179403,0.0004256749685807828,0.6191114445568994,1.0,0.8490471108298551,0.8216476206476133,0.9094656778573259,0.06190135562533964,0.21412323418949075,0.0,0.00038114109266373415,0.030621693649117786,0.46191056604868863,0.09962655281748595,0.007668197469292383,0.023409646449982786,0.6048113676526833,0.06305104017970435,0.17651967137617142,0.16416459768813024,0.37880319898911896,0.9368242372092254,0.28117737616633254,0.0,0.15093342929520775,0.0983857094356088,0.09053432214267414,0.9323253384362689,0.6071975893055034,0.003255109097449514,0.0038270848749237915
0.01236235891399308,0.3023535817812212,0.11898618002607599,0.07169025926558349,0.030628166669994215,0.9999338930386481,0.3681720641617097,6.610696135189607e-05,6.610696135189607e-05,0.36140226313191626,0.06371655037308781,0.09978564440899818,0.0,1.578914648534891e-05,0.08214726096298165,0.0,0.005380920033370611,0.17791680096623597,0.9968950371506137,0.9959880848209484,0.05234531333345839,0.0361080756902024,0.01696549904989022,0.003514534700388056,6.610696135189607e-05,0.13373822642251543,6.610696135189607e-05,6.610696135189607e-05,6.610696135189607e-05,0.6260152985499268,0.0003893972672170981,0.6190892195238455,1.0,0.8490972232417777,0.821004018360147,0.9094867859570602,0.061886187285144875,0.21419541368363842,0.0,0.00043417558057997713,0.030624520252490572,0.4618336620085281,0.09962270015995521,0.007657373335357417,0.023420581408698408,0.6045453892548003,0.06309648872568265,0.1765532248127191,0.1641712172828796,0.3788222481697252,0.9358940523596951,0.2811251360671564,0.0,0.15088698761173694,0.09684872067687132,0.09051321404293973,0.9327328926814845,0.6078877853501257,0.0031049628493862937,0.003577739598471695
0.012372003686157318,0.302370977300298,0.11899804746368096,0.07171689803316587,0.03061110395134764,0.9999338930386481,0.36790174921945396,6.610696135189607e-05,6.610696135189607e-05,0.36140228847600225,0.06466830718981166,0.09987358949079476,0.0,1.281304023537106e-05,0.0842800259448431,0.0,0.005015510722726258,0.1771946463346575,0.9970383787786161,0.9961606569831134,0.052310470067354675,0.03612521595140841,0.01694670735690393,0.0034901937589441106,6.610696135189607e-05,0.13350049394878702,6.610696135189607e-05,6.610696135189607e-05,6.610696135189607e-05,0.6264797512599108,0.0003562304679969636,0.6190663579554693,1.0,0.8491445542896274,0.8203823235828137,0.9095043267910984,0.06187166540815082,0.21426616768166715,0.0,0.0004945764308348408,0.030627308979014306,0.46175933810836967,0.09961645964504766,0.007644937798921902,0.02343058293663023,0.604296958271038,0.06314345613427902,0.17658926919523021,0.16418881709649602,0.3788434774365908,0.9349754623421914,0.28106005255373606,0.0,0.1508426326701372,0.09533765047234322,0.09049567320890156,0.933112823869123,0.6085391859836753,0.002961621221383899,0.0033447665860517647
0.012381426815302054,0.3023881833741765,0.11901124056656584,0.07174263155944005,0.030594466012017586,0.9999466189033309,0.36763014051597115,6.610696135189607e-05,6.610696135189607e-05,0.36140418983645456,0.06560604480114418,0.09997402667074132,0.0,1.0399643033627768e-05,0.08636141861312804,0.0,0.004675210762057973,0.17651039645799646,0.9971752391649019,0.9963095844039738,0.052275484711724385,0.0361416798533387,0.01692802987324068,0.003466315696303584,6.610696135189607e-05,0.13326458184147477,6.610696135189607e-05,6.610696135189607e-05,6.610696135189607e-05,0.626945692376702,0.0003259020014076414,0.61904276851741,1.0,0.849188582630337,0.8197848906263744,0.9095192060566581,0.06185756840019299,0.2143347696736549,0.0,0.000563360640276138,0.03063013133336079,0.46168878466024305,0.09960771997030059,0.007632091376817223,0.023439837603617116,0.6040666015834354,0.06319175209983749,0.1766259498365446,0.16421190658262264,0.37886567952783706,0.9340680531974481,0.28098320481184863,0.0,0.1508010177266293,0.09385369076049756,0.09048079394334184,0.933467220837749,0.6091548338683487,0.002824760835098081,0.0031270549557500926
0.012390648009190715,0.30240523930116814,0.11902618170980023,0.07176742048322478,0.030578703219346057,0.9999464159844739,0.3673587192423649,6.610696135189607e-05,6.610696135189607e-05,0.36140737440110365,0.06652988968371118,0.10008622919914158,0.0,8.442199802453528e-06,0.08839029805915902,0.0,0.004358277119412418,0.17586215661747906,0.9973059172458913,0.9964347421095175,0.05224040364865482,0.036157542893771724,0.016909515860404702,0.0034438920419186643,6.610696135189607e-05,0.13303089010588595,6.610696135189607e-05,6.610696135189607e-05,6.610696135189607e-05,0.6274049392083435,0.00029816545944425036,0.6190182485285812,1.0,0.8492296991625496,0.8192112116059123,0.9095317841305647,0.06184377405085876,0.21440128718928783,0.0,0.0006416838203743111,0.030633015903570992,0.46162266210824937,0.09959672254813802,0.007619238194097271,0.02344849001207799,0.6038540069547541,0.0632411032112293,0.17666303378788484,0.1642380437899954,0.3788882738620828,0.9331719448568446,0.28089552227227726,0.0,0.15076185863764796,0.09239849033492871,0.09046821586943532,0.9337979488297289,0.6097365561932332,0.0026940827541086093,0.002923574070108179
0.012399654639911209,0.30242317312391864,0.11904340207101256,0.07179106335513674,0.030563896149779442,0.99994619913507,0.36708762354278623,6.610696135189607e-05,6.610696135189607e-05,0.36141121575307356,0.06743971774680763,0.1002083000478386,0.0,6.854300053331796e-06,0.09036208692136209,0.0,0.00406308807360909,0.1752482428918588,0.9974306922012527,0.9965357711636742,0.052205640286175144,0.036172996100747305,0.01688963528969136,0.003422103245779346,6.610696135189607e-05,0.1328015517667358,6.610696135189607e-05,6.610696135189607e-05,6.610696135189607e-05,0.6278658112633648,0.000272796116544827,0.6189939147357514,1.0,0.8492679176597032,0.8186646920893526,0.9095429825337623,0.06183031031240202,0.21446535685993193,0.0,0.0007308579608230534,0.030635925949254492,0.46156121926743887,0.09958370179027774,0.007606376554585191,0.023456584119046147,0.6036568932181394,0.06329118178954585,0.1767005733219424,0.16426755473098745,0.3789109429710347,0.9322874861366476,0.28079778521641013,0.0,0.15072522804024344,0.09097322098928519,0.09045701746623767,0.934106601613989,0.6102864002482092,0.0025693077987472912,0.002733370875502798
0.012408833096442154,0.30244220324393445,0.11906339005369083,0.07181388578076345,0.03055003164718645,0.9999460036816303,0.36681718786646506,6.610696135189607e-05,6.610696135189607e-05,0.36141506700238774,0.06833549183717592,0.10033977910570493,0.0,5.566042880948124e-06,0.09227664953749187,0.0,0.003788139710557036,0.1746674889129923,0.9975498314000456,0.9966120693901599,0.05217070572034149,0.03618784112879594,0.016871219916851834,0.0034010515926182865,6.610696135189607e-05,0.13257519844098317,6.610696135189607e-05,6.610696135189607e-05,6.610696135189607e-05,0.6283160920804829,0.0002495881505803531,0.618969364880789,1.0,0.8493027472153472,0.8181440919669003,0.9095530593145726,0.06181722931147448,0.21452707695530154,0.0,0.0008323723825632116,0.030638927860945627,0.46150379961039584,0.09956930455580001,0.00759360151943635,0.02346415549624324,0.6034749772977587,0.06334148445510364,0.1767381689414025,0.1642994518485927,0.3789335199303376,0.9314149200122437,0.280690856013506,0.0,0.15069168674177189,0.08957925849560794,0.0904469406854273,0.9343946309779685,0.6108054341317062,0.002450168599954399,0.0025555582272769528
0.012418121997068045,0.30246344228906646,0.11908589989418064,0.07183607901756407,0.030537142067870945,0.9999458509363586,0.3665484052620953,6.610696135189607e-05,6.610696135189607e-05,0.3614184589939403,0.06921712236154653,0.10047942098564461,0.0,4.520630345724946e-06,0.0941325661995139,0.0,0.003532027933481727,0.17411793820060634,0.9976635932870901,0.9966627720612601,0.0521360872133569,0.03620234670557295,0.016853541938076273,0.0033807836324621144,6.610696135189607e-05,0.13235404365038367,6.610696135189607e-05,6.610696135189607e-05,6.610696135189607e-05,0.6287535314365629,0.00022835721762574218,0.6189453516207258,1.0,0.8493355972590768,0.8176498744533706,0.909562109790229,0.06180454534281679,0.21458693516210806,0.0,0.0009479175472903415,0.030642034222598737,0.4614511037411511,0.099553238470908,0.007580954322794443,0.023471246235582565,0.6033052535683233,0.06339199072459721,0.17677642113637493,0.1643335122712047,0.37895582290680313,0.9305545204208278,0.2805752273936295,0.0,0.15065988211057746,0.08821755934711557,0.09043789020977097,0.9346634267237015,0.6112951266372856,0.002336406712909872,0.0023893103914495914
0.012427265008668888,0.30248740091970516,0.11911126151125762,0.07185774770813287,0.030525234390892407,0.999945690014198,0.3662814125652341,6.610696135189607e-05,6.610696135189607e-05,0.3614212882097852,0.07008462169457562,0.1006261958698992,0.0,3.6721283236081776e-06,0.0959289339516955,0.0,0.003293450977221325,0.1735981160276284,0.9977722236742516,0.9966867314463699,0.05210186048111243,0.03621658376236385,0.01683640416933368,0.0033613281751999503,6.610696135189607e-05,0.13213911174459606,6.610696135189607e-05,6.610696135189607e-05,6.610696135189607e-05,0.6291771468131483,0.0002089341248589794,0.6189223348353322,1.0,0.849367079135478,0.8171821809404533,0.9095702915236551,0.0617923450030754,0.21464526558334862,0.0,0.0010794098034101669,0.03064522234445715,0.46140277973208343,0.09953575423004364,0.007568428864659093,0.02347789352755438,0.6031467701673294,0.06344261121370044,0.17681524900532375,0.16436966163041836,0.3789778367664169,0.9297064441805654,0.2804514692947686,0.0,0.15062924873619835,0.08688888510785135,0.09042970847634495,0.9349142040197033,0.6117566183890231,0.0022277763257484433,0.00223385875022
0.012436223118029962,0.30251455913574404,0.11913971394992508,0.07187898932686135,0.030514299886665246,0.9999455206419477,0.3660158867873063,6.610696135189607e-05,6.610696135189607e-05,0.3614234654500254,0.07093800094072474,0.10077906385384018,0.0,2.98332892237808e-06,0.09766508913314778,0.0,0.0030711954065666745,0.17310667070969726,0.9978759519464703,0.9966824878650322,0.052068027059130946,0.03623058721717325,0.01681975070106657,0.0033427021050106477,6.610696135189607e-05,0.13193099606898676,6.610696135189607e-05,6.610696135189607e-05,6.610696135189607e-05,0.6295862454831085,0.0001911640656510675,0.6189006731289426,1.0,0.8493975031769727,0.8167411284546081,0.9095778033533983,0.0617807073532178,0.2147023288570944,0.0,0.00122902089567701,0.03064848836674465,0.46135850246191923,0.09951703414675042,0.007556022420952678,0.023484126954260588,0.6029977692283892,0.06349321423549044,0.1768545635994171,0.1644078625101667,0.3789995721653256,0.9288708349936242,0.28032026301721724,0.0,0.15059951349410491,0.08559378241224416,0.09042219664660163,0.9351480972402155,0.6121910004332084,0.0021240480535297287,0.002088491239290822
0.012444989933356961,0.3025454349148261,0.11917155173447881,0.07189991133764552,0.03050433312025981,0.9999453423407484,0.36575131679497735,6.610696135189607e-05,6.610696135189607e-05,0.36142489980274517,0.07177730283686688,0.10093699795648078,0.0,2.424081317801543e-06,0.09934061846533776,0.0,0.002864131801935694,0.17264232719034964,0.9979749965072977,0.9966482457878708,0.052034550177312996,0.03628126907649321,0.01680389383200645,0.003324965295613019,6.610696135189607e-05,0.13163615596986553,6.610696135189607e-05,6.610696135189607e-05,6.610696135189607e-05,0.6298510799897505,0.00017490552641610544,0.6188806678633341,1.0,0.8494270574632322,0.8163267676420971,0.9095848406439581,0.06176969655826595,0.21475834247090234,0.0,0.0013992092467976082,0.030651821575772214,0.46131798906822313,0.09949722706220689,0.007543733859428339,0.023489972489732603,0.6028562197886653,0.06354366291996759,0.1768943029307624,0.16444806089730002,0.37902104163654127,0.928047791636717,0.2801823341801851,0.0,0.15057051845545,0.08433261389256518,0.09041515935604193,0.9353661716397983,0.612599330338748,0.002025003492702282,0.0019525449653315786
0.012453651104801752,0.3025780066248466,0.11920834177153972,0.07192082648931351,0.030495373536570673,0.9999451582471128,0.36549101779825716,6.610696135189607e-05,6.610696135189607e-05,0.3614256050484668,0.07260260878405145,0.10109690012095225,0.0,1.9697012763929826e-06,0.10094864044488797,0.0,0.0026712214773011514,0.17220478342062445,0.9980695659793007,0.9965818568983933,0.052004633702109455,0.03631906310389041,0.016789574792233156,0.0033080736521282866,6.610696135189607e-05,0.13140793254437438,6.610696135189607e-05,6.610696135189607e-05,6.610696135189607e-05,0.6301184682965704,0.00016003432259777375,0.6188932384894403,1.0,0.8494921352260678,0.8159682255569035,0.9096132246148486,0.06176022008961576,0.21481949063714645,0.0,0.0015927413640941072,0.030656416280850033,0.46127026585429026,0.09947914590717279,0.007531851896774214,0.023495860512588524,0.6027961812534465,0.06359556852146833,0.17693344961491533,0.16448644756138725,0.37904308159379285,0.9272373568933507,0.2800098613896075,0.0,0.15050589507265577,0.0830831339982086,0.0903867753851514,0.9355685584330831,0.6129757259422292,0.0019304340206992895,0.0018254017375126004
0.012461987713088585,0.3026174191679718,0.11924790665848768,0.0719416527414305,0.03048746309852575,0.999944961181597,0.36523073422831864,6.610696135189607e-05,6.610696135189607e-05,0.3614251609794963,0.07341318665013315,0.10126109801106431,0.0,1.6006935750453765e-06,0.10249456503240575,0.0,0.00249144672557422,0.17179174898263583,0.9981598458926815,0.9964807562071396,0.051975111301114735,0.03635101237668973,0.016776294224302685,0.003292145958894721,6.610696135189607e-05,0.13120836716944126,6.610696135189607e-05,6.610696135189607e-05,6.610696135189607e-05,0.6303856738646151,0.0001464254390406294,0.6189124673152623,1.0,0.8495670048053152,0.8156467280056923,0.9096486157527964,0.06175092996165481,0.21488100883012534,0.0,0.0018127462057975882,0.030660266524220624,0.4612294278114554,0.09945907832755811,0.007520084991947873,0.023501487129333688,0.6027081055510961,0.06364795363589806,0.17697329029463035,0.1645261429621017,0.37906507748254925,0.9264403879108263,0.2798264346736735,0.0,0.15043139450110976,0.08185870696190206,0.09035138424720357,0.935757623312771,0.6133272421872389,0.0018401541073185049,0.0017064975870628373
0.012470137082497851,0.30266305424898204,0.11929180623600306,0.07196255674979003,0.030480626875673936,0.9999447548816813,0.36496912613831317,6.610696135189607e-05,6.610696135189607e-05,0.36142343849602226,0.07420936008752566,0.10142898834667217,0.0,1.301021041414969e-06,0.10397971706974143,0.0,0.0023239075175708287,0.17140195029644079,0.9982460338537217,0.9963419479511079,0.05194551498022455,0.03637947332286213,0.01676378923300779,0.0032771174433177622,6.610696135189607e-05,0.13102560141000827,6.610696135189607e-05,6.610696135189607e-05,6.610696135189607e-05,0.6306481715124753,0.00013397174513067877,0.6189325934196284,1.0,0.8496429521691986,0.8153559785790406,0.909685925706145,0.06174230619082789,0.21494313884795951,0.0,0.0020627638053313494,0.030663825260798225,0.4611943596407421,0.09943742798248617,0.007508380140335809,0.023506773353503846,0.6025999290675752,0.06370054751629782,0.17704728351213864,0.16456861768881223,0.37908192342395913,0.9256566681673437,0.2796384182336995,0.0,0.15035574680975997,0.08066430435121777,0.09031407429385492,0.9359337862916013,0.6136549108555996,0.0017539661462782922,0.0015952882435608141
0.012478147797732984,0.3027155486872493,0.11934105548333324,0.07198312115155668,0.03047489617631234,0.9999445376757999,0.36470534897090373,6.610696135189607e-05,6.610696135189607e-05,0.3614205951461429,0.07499224934368753,0.1015990940085108,0.0,1.0576401803534358e-06,0.10540401794339865,0.0,0.0021677465706720833,0.1710352403630976,0.9983283117023432,0.9961619552387576,0.05191577367795543,0.036405683073172705,0.016751997038508538,0.003262908291542912,6.610696135189607e-05,0.13085544280119238,6.610696135189607e-05,6.610696135189607e-05,6.610696135189607e-05,0.6309026087666921,0.0001225743271871598,0.618952511102018,1.0,0.8497170518458502,0.8150928259702216,0.909722266285209,0.06173436766558474,0.21500551118983652,0.0,0.0023467799573661232,0.03066745482569475,0.4611666176959075,0.09941432624589029,0.007496116189719231,0.02351187325509469,0.6024920482216501,0.06375641193271772,0.17709506538483125,0.16461447080715885,0.3790997357138301,0.9248851763291253,0.2794483948894713,0.0,0.15028189051396945,0.07950315608637977,0.09027773371479093,0.9360978857637432,0.613959248447066,0.001671688297656794,0.0014912648038762355
0.012485964568964262,0.30277492987259047,0.11939560791057739,0.07200467183406732,0.030470203835515682,0.9999443062700575,0.36443802815781956,6.610696135189607e-05,6.610696135189607e-05,0.36141642326061973,0.07576196569186282,0.10177061850000285,0.0,8.599277586393066e-07,0.10676913903008775,0.0,0.002022205265606278,0.17068983915871455,0.9984068621330668,0.9959367627199317,0.051885649164097145,0.03643007995285133,0.01674057785442935,0.0032495237734448093,6.610696135189607e-05,0.13069561233513705,6.610696135189607e-05,6.610696135189607e-05,6.610696135189607e-05,0.6311469706776782,0.00011214443986825874,0.618972726545874,1.0,0.8497876844752522,0.8148556648438253,0.9097573548170691,0.06172765791340679,0.21506863477050148,0.0,0.0026692757331375308,0.030671040575332528,0.4611416879267982,0.09938952034365588,0.007484357736098853,0.023516603698588573,0.6023748589301082,0.06381210815956377,0.17713966553823804,0.16466271932081272,0.3791187556904056,0.9241258898682689,0.27925665495412316,0.0,0.15021145559698917,0.07837519612608693,0.09024264518293093,0.9362501368209869,0.614241526070784,0.0015931378669331267,0.0013939615469307177
0.012493618185842086,0.3028424384522293,0.11945674299192566,0.07202686690232211,0.0304665972640594,0.9999440597266532,0.3641660757722012,6.610696135189607e-05,6.610696135189607e-05,0.3614106611464646,0.07651854570014995,0.10194240868397896,0.0,6.992832562298116e-07,0.10807610658797004,0.0,0.0018865549692720935,0.1703647347761866,0.9984818513710187,0.9956617783745205,0.051855041002763246,0.03645304147946603,0.016729531221454604,0.003236871029503966,6.610696135189607e-05,0.13054547078438128,6.610696135189607e-05,6.610696135189607e-05,6.610696135189607e-05,0.6313810017453515,0.00010259976193972216,0.6189933676058443,1.0,0.8498544380555222,0.8146429702204763,0.9097907951916916,0.06172210317781155,0.21513237552899436,0.0,0.003035279191525314,0.03067460591943558,0.46111930143579377,0.09936365087713701,0.007472814534472448,0.023520983149448785,0.6022472700382273,0.0638671324743627,0.1771834971281255,0.16471205481167092,0.37913851286679995,0.9233788545379104,0.27906422371017664,0.0,0.15014486266122157,0.07728092319155366,0.09020920480830846,0.9363913418529164,0.614502889694819,0.0015181486289813056,0.0013029424339542047
0.012501127547217581,0.3029192350494766,0.11952515487248105,0.07204992306471229,0.03046413260778041,0.9999437964054835,0.3638882608235803,6.610696135189607e-05,6.610696135189607e-05,0.3614030922156222,0.0772622961922302,0.10211340105946527,0.0,5.687323032892355e-07,0.10932596182575684,0.0,0.0017601161877004458,0.17005903755627083,0.9985534392324654,0.9953317800284852,0.05182379671934946,0.0364747164104613,0.016718814332448748,0.00322491502695741,6.610696135189607e-05,0.1304047945439915,6.610696135189607e-05,6.610696135189607e-05,6.610696135189607e-05,0.6315855579335762,9.386495628808016e-05,0.6190149484332383,1.0,0.8499174752047949,0.8144537018893959,0.9098224837214073,0.06171764695437857,0.21519681318041745,0.0,0.0034504207034787866,0.03067817835286417,0.46109925407698504,0.09933702131747994,0.007461403405433572,0.023525058856173592,0.6021095920708723,0.06392129365656017,0.17717113886553357,0.16476146357920904,0.37916679084320803,0.9226438388514817,0.2788716505072964,0.0,0.15008195606290187,0.07622033628484727,0.09017751627859272,0.936522236857921,0.6147441492633118,0.0014465607675345376,0.0012177992680360357
0.012508468340303126,0.3030060502018177,0.11960132631408299,0.07207510330811304,0.030462813004340252,0.9999435138143801,0.3636031237056543,6.610696135189607e-05,6.610696135189607e-05,0.36139315414455647,0.07799230566856248,0.10228321078262412,0.0,4.626071255447458e-07,0.11052155339608737,0.0,0.0016422806933309704,0.16977030016282046,0.9986217845369936,0.9949408342939193,0.05179231038444103,0.03649554102577864,0.016708373844235364,0.003213676371313726,6.610696135189607e-05,0.13027546052801106,6.610696135189607e-05,6.610696135189607e-05,6.610696135189607e-05,0.6317953509363374,8.587182360644093e-05,0.6190374401012902,1.0,0.8499759407749423,0.8142863453321595,0.9098526780645024,0.06171464283147146,0.21526229858744292,0.0,0.003921009328048306,0.03068159648492391,0.4610772182641218,0.09931013609402363,0.007451166094014372,0.023528593410033417,0.6019402957435844,0.06396889268706303,0.1772052889710293,0.16480989259016582,0.3791931956115846,0.9219218225078311,0.27867934911608566,0.0,0.15002359661793221,0.07519210127175323,0.09014732193549752,0.9366430764751975,0.6149674012497366,0.001378215463006446,0.0011381563780323688
0.012515727516785896,0.3031049628557779,0.1196872489519686,0.07210071831054322,0.030462827167553393,0.9999432127510282,0.3633100620913423,6.610696135189607e-05,6.610696135189607e-05,0.36138088506916016,0.07870954138931316,0.10245007967186781,0.0,3.763317131436734e-07,0.1116619725775294,0.0,0.0015324304149859766,0.16949916791928035,0.9986870246318851,0.9944823259693525,0.05175936828168506,0.03651490522627934,0.016698202346967644,0.0032029923815241985,6.610696135189607e-05,0.1301546303257354,6.610696135189607e-05,6.610696135189607e-05,6.610696135189607e-05,0.6319696347872482,7.855634938042152e-05,0.6190617852250071,1.0,0.8500318728809956,0.8141411514129758,0.9098815736042698,0.061712384772435826,0.2153289524874897,0.0,0.004454021658399398,0.03068499560470596,0.46105840403175163,0.09928387490438831,0.007440268108368721,0.023531968600898023,0.6017611967616214,0.06401567174355471,0.17724610108036792,0.16485908760267137,0.3792167356274237,0.9212119022613064,0.27848813510312515,0.0,0.1499677507872913,0.07419687600949476,0.09011842639573021,0.9367551848125782,0.6151718795932299,0.001312975368114923,0.0010636523722481405
0.012522925100041814,0.30321685745406507,0.11978295086490034,0.07212800799123231,0.03046420722245317,0.9999428892921112,0.3630062467739481,6.610696135189607e-05,6.610696135189607e-05,0.36136663482879183,0.0794150950599823,0.10261323776008376,0.0,3.06183739290369e-07,0.11274864155358781,0.0,0.001430014941064787,0.16924479398655143,0.9987493018799228,0.9939487770833114,0.05172615511641919,0.03653371935378505,0.01668855714765527,0.0031929765641116868,6.610696135189607e-05,0.13004675732539614,6.610696135189607e-05,6.610696135189607e-05,6.610696135189607e-05,0.6321446200380427,7.186050043618208e-05,0.6190880701743791,1.0,0.8500845343225601,0.8140166544676215,0.9099076931843717,0.061710947035942314,0.21539636885100139,0.0,0.005057269890644147,0.03068868713995202,0.4610434825849152,0.09925753955254342,0.007429247852078151,0.02353519574098321,0.6015753463647343,0.06406186429769499,0.17728888329997666,0.16491077698921824,0.3792389799286792,0.9205130444395815,0.2782986920655372,0.0,0.14991515949370054,0.0732347039787907,0.09009230681562834,0.9368590380229929,0.6153588371624472,0.001250698120077183,0.0009939530260444237
0.012530002580965802,0.3033427991523295,0.11988964336599027,0.0721572291985262,0.03046699345724191,0.9999425398080131,0.3626894002605847,6.610696135189607e-05,6.610696135189607e-05,0.36135026115830227,0.08010971880669224,0.10277170829961632,0.0,2.4913787644039365e-07,0.1137818095263015,0.0,0.001334525953179714,0.16900643353416267,0.9988087513326666,0.993331944697195,0.051691161092980685,0.03655103471771405,0.0166790740336594,0.0031835654532498636,6.610696135189607e-05,0.1299484604049614,6.610696135189607e-05,6.610696135189607e-05,6.610696135189607e-05,0.6323051297420483,6.57319814392138e-05,0.619118035180879,1.0,0.850135213397027,0.8139141342781793,0.9099325165814132,0.061710523043940584,0.21546587299066422,0.0,0.0057393089055050904,0.03069239634642739,0.4610306941554649,0.099230852575729,0.00741821527340829,0.023538250287585945,0.6013788100377329,0.0641076637647883,0.17733247481757475,0.1649648733472406,0.37926007362285963,0.9198245492118685,0.2781102565195046,0.0,0.1498645374650966,0.07230405619551923,0.0900674834185868,0.9369549510028797,0.6155276934751732,0.0011912486673334647,0.0009287463972998975
0.012537007474314101,0.30348460499283114,0.12000876738603501,0.0721887151263294,0.03047128526255717,0.9999421610334518,0.362356812371808,6.610696135189607e-05,6.610696135189607e-05,0.3613316235339853,0.08079405608848451,0.10292473503092853,0.0,2.0274072952056408e-07,0.11476261802284302,0.0,0.0012454880167390215,0.16878319597153224,0.9988655016047319,0.9926226670551698,0.051654515737476536,0.03656713069516805,0.016669801497540115,0.00317473798426795,6.610696135189607e-05,0.12986096585677553,6.610696135189607e-05,6.610696135189607e-05,6.610696135189607e-05,0.6324468745553397,6.012251219823345e-05,0.6191515076662348,1.0,0.8501831969564686,0.813832969107651,0.9099555733071315,0.06171108366581779,0.2155375770899265,0.0,0.006509590830489411,0.030696265617786257,0.4610204248546473,0.09920375528518002,0.007407228000072369,0.023541126602561357,0.6011679061831574,0.06415288365340707,0.1773764904324189,0.16502093907814988,0.3792806346709115,0.9191458213993172,0.27792375730283664,0.0,0.14981660030280192,0.07140441286950597,0.09004442669286845,0.9370434283174432,0.6156792269385413,0.0011344983952680996,0.0008677421143408088
0.012543953647854517,0.30366034761402155,0.12014248361053623,0.07222331267127684,0.03047740531913006,0.9999417274510392,0.3620013144384467,6.610696135189607e-05,6.610696135189607e-05,0.36130220171263266,0.08146881072430448,0.10307152665802201,0.0,1.649991116227346e-07,0.11569204276936267,0.0,0.001162459760265816,0.16857427211156562,0.9989196758551567,0.9918108723332522,0.05161611750968607,0.036582091797234276,0.016660779672428863,0.0031664743269569796,6.610696135189607e-05,0.1297854001635394,6.610696135189607e-05,6.610696135189607e-05,6.610696135189607e-05,0.6325697546650525,5.498803019347973e-05,0.6191888157775727,1.0,0.8502283889527591,0.8137728845125133,0.9099766391088774,0.06171268542829087,0.2156118993244745,0.0,0.007378459407920483,0.030700305703837028,0.4610123316303392,0.09917620850915493,0.007396292001439351,0.023543820235594926,0.60093843962415,0.06419736431499655,0.17742068393717486,0.16507867070418997,0.3793010805792943,0.918476201245502,0.27773965756440533,0.0,0.14977144604812936,0.07053507271812413,0.09002336089112256,0.9371248548114434,0.6158138285639598,0.001080324144843293,0.0008106682588274138
0.012551066519428314,0.3038452114433328,0.12029482058477739,0.07226147600539586,0.03048548184352432,0.9999412928448946,0.36162975475285103,6.610696135189607e-05,6.610696135189607e-05,0.36127222454693614,0.08213539105481228,0.10321043893031336,0.0,1.3429429582544513e-07,0.11656955639455728,0.0,0.0010850285541404536,0.16837893755860248,0.9989714073619883,0.9908854001540613,0.05157563538272112,0.03659573307368994,0.01665206955222263,0.0031587942962252144,6.610696135189607e-05,0.12972279340528647,6.610696135189607e-05,6.610696135189607e-05,6.610696135189607e-05,0.6326733171102278,5.028835467229738e-05,0.6192315996894506,1.0,0.8502709016440789,0.8137355257189107,0.9099956744659802,0.061715374340080606,0.2156901444381347,0.0,0.008357338331699602,0.03070453721761235,0.4610051274571566,0.09914824654944397,0.007385461399585653,0.023546375149967935,0.6006904499509309,0.06424089207640674,0.1774646834544678,0.16513769740327308,0.37932185600437873,0.9178143205905154,0.27755796138023603,0.0,0.1497289640616253,0.06969491788653208,0.0900043255340198,0.9371995971057789,0.6159309180032628,0.0010285926380116778,0.0007572615142390385
0.012558135268613638,0.30404986502558484,0.12046353287607901,0.07230281781385367,0.03049538130976629,0.9999408115183672,0.361235167843059,6.610696135189607e-05,6.610696135189607e-05,0.3612408502283474,0.08279405152351052,0.10334124127845304,0.0,1.0931083706863322e-07,0.11739678209011567,0.0,0.0010128128443022712,0.16819630811069064,0.9990207932611341,0.9898343835841379,0.05153279102629493,0.036608239569915414,0.016643521121256562,0.0031516298996964185,6.610696135189607e-05,0.12967328215892202,6.610696135189607e-05,6.610696135189607e-05,6.610696135189607e-05,0.632757294503741,4.598641104563183e-05,0.6192790482527054,1.0,0.850310679898666,0.8137197736886044,0.9100125860454511,0.061719085729022995,0.2157720445076121,0.0,0.009458321037803056,0.030708889131486575,0.4610001854072029,0.09911965383565448,0.007375497633082813,0.023548714522080964,0.6004135481431122,0.06428380717445083,0.17750627740669667,0.1651970309999969,0.37934249315973123,0.9171599620654438,0.2773797104688415,0.0,0.14968921079049696,0.06888344422128002,0.08998741395454886,0.9372681014266747,0.6160316473816972,0.0009792067388658299,0.0007072953780589985
0.012565177680534547,0.30427736955702295,0.12065081903605783,0.07234766988033674,0.030507240278952498,0.9999402824716588,0.36081333324530024,6.610696135189607e-05,6.610696135189607e-05,0.36120742055325733,0.08344496616445761,0.10346311345301246,0.0,8.898012864146871e-08,0.11817450561476021,0.0,0.0009454559702549716,0.1680256204330792,0.9990679389985283,0.9886450633161529,0.051487193014777305,0.03661949763647279,0.016635143119735112,0.003144930155284025,6.610696135189607e-05,0.12963732521114732,6.610696135189607e-05,6.610696135189607e-05,6.610696135189607e-05,0.6328211859207236,4.20484863703637e-05,0.6193317074488017,1.0,0.8503479828006072,0.8137255841394774,0.9100275071655743,0.06172389551541835,0.21585844769470983,0.0,0.010694388507394684,0.030713444045582818,0.46099721956363443,0.09909053409362735,0.007365799892659001,0.023550895813263906,0.6001046054826152,0.06432574645266037,0.1775472288323513,0.16525671297058442,0.3793632981681904,0.916512985349172,0.27720517909818576,0.0,0.14965192821926424,0.06809991024576244,0.08997249283442563,0.9373306485143267,0.616115931872211,0.0009320610014717405,0.0006605481764524739
0.012572225751044464,0.3045305149279699,0.120858904391558,0.07239664519374238,0.03052124495564629,0.9999397013825801,0.3603600605800089,6.610696135189607e-05,6.610696135189607e-05,0.3611714040377379,0.08408890145920864,0.10357530605419804,0.0,7.243384243587083e-08,0.11890346971583846,0.0,0.0008826268189432535,0.16786620001532526,0.9991129469905038,0.9873039013425206,0.051438457470744346,0.03662941264985557,0.016626437164688476,0.003138953349058258,6.610696135189607e-05,0.12961554579815004,6.610696135189607e-05,6.610696135189607e-05,6.610696135189607e-05,0.6328655880811893,3.8443721475354345e-05,0.6193900527317246,1.0,0.8503828180980113,0.813753062693774,0.9100403132345875,0.06172987200969464,0.2159500977678036,0.0,0.012079286513214814,0.030718220983447245,0.4609959089132917,0.0990609608653917,0.007356202408516575,0.023552929794180263,0.599760102331775,0.06436657115883311,0.17758786351791528,0.16531735568715353,0.37938446522524266,0.915872654819316,0.27703464121407734,0.0,0.1496171094681463,0.06734346759038755,0.0899596867654125,0.9373875011713622,0.6161837022168711,0.0008870530094962564,0.0006168121442646818
0.012579308428910923,0.304812224036867,0.12109038707994292,0.07245020842432247,0.03053759553120154,0.9999390638273997,0.3598706873897736,6.610696135189607e-05,6.610696135189607e-05,0.36113227195431513,0.08472681846028175,0.10367677040196986,0.0,5.8966494139705504e-08,0.11958325196021036,0.0,0.0008240171623004382,0.16771746919466762,0.9991559155699958,0.9857967238232509,0.051386167327138584,0.036637869924912914,0.016617673702759725,0.00310562001514186,6.610696135189607e-05,0.1296060526978372,6.610696135189607e-05,6.610696135189607e-05,6.610696135189607e-05,0.633046427952747,3.514375880390767e-05,0.6194547603305544,1.0,0.8504146440237327,0.8138035630752228,0.91005105159978,0.061737083248194935,0.21604748942229185,0.0,0.013627382949860656,0.030723228985140134,0.4609959207229642,0.09903103253654483,0.0073466094908563985,0.023554813385234945,0.5993756807005466,0.06440610623353488,0.1776280711360827,0.16537961820048608,0.3794061278087045,0.9152380377809144,0.27686846926747577,0.0,0.14958529700977322,0.06661318496456685,0.0899489484002201,0.9374388995895047,0.6162350413830405,0.0008440844300041964,0.0005758932268884694
0.012587641038551492,0.30511047799144286,0.12133738581463406,0.07251836803218015,0.030555522891456816,0.9999382785333455,0.3593643379793122,6.610696135189607e-05,6.610696135189607e-05,0.36109344607659205,0.08535982095560266,0.10380382662032428,0.0,4.8000765795742305e-08,0.1203422839557006,0.0,0.0007693481754473487,0.16757717596812166,0.999196938999751,0.9841086045189021,0.05131999301227572,0.03664109221488584,0.016606572354810775,0.0031056200151418608,6.610696135189607e-05,0.12956194954545755,6.610696135189607e-05,6.610696135189607e-05,6.610696135189607e-05,0.6331079158139735,3.212588407155265e-05,0.6194945209324547,1.0,0.850455362432791,0.8137480474348087,0.9100401637240023,0.06174421108724157,0.21616826874450323,0.0,0.015353786274472633,0.030729326755664487,0.46099750898322983,0.09900136999336553,0.007340027132643577,0.02355658601908618,0.5989762860512723,0.06444571568935371,0.17766555733538603,0.16540777398655454,0.37943027984733557,0.9146080531603258,0.276701652447221,0.0,0.14954458956644326,0.06590966860949077,0.0899598362759977,0.9374864407373111,0.6162545552873752,0.0008030610002489092,0.0005376092066252214
0.012595188988973478,0.3054540804553079,0.12161850033240751,0.072581314526209,0.030577242595800486,0.9999375189560282,0.35879155300274523,6.610696135189607e-05,6.610696135189607e-05,0.3610503881192001,0.08598517965129178,0.10390533520979744,0.0,3.9076220020161074e-08,0.12100680548797746,0.0,0.0007183338560600306,0.16744405684396038,0.9992360905865018,0.9822251917170891,0.051257063126684876,0.036644568057865444,0.016595605500902794,0.0031056200151418608,6.610696135189607e-05,0.1295634339923945,6.610696135189607e-05,6.610696135189607e-05,6.610696135189607e-05,0.6331036525630093,2.9363141506480277e-05,0.6195599923257171,1.0,0.8504814478088767,0.8137726294140758,0.9100354983324337,0.06175328104785373,0.2162873439928627,0.0,0.017273006342532628,0.030735477120289564,0.46100278265029093,0.09896962174890318,0.007330364585848915,0.023558278495601034,0.5984841662220375,0.0644828964095679,0.17770006662546284,0.1654694933108477,0.3794540890185546,0.9139854572072017,0.2765346724644855,0.0,0.1495185131149033,0.06522056509794667,0.08996450166756637,0.9375283850960863,0.616268599163177,0.0007639094134981887,0.0005018019403783147
0.012602584665933255,0.30583609717656035,0.12193393869536764,0.07265035100700443,0.03060193009365792,0.999936691137818,0.35816127132042214,6.610696135189607e-05,6.610696135189607e-05,0.3610025501592156,0.08660824119869288,0.10398498874793768,0.0,3.1812048804039424e-08,0.1215880793863812,0.0,0.0006707401970676208,0.16732113894502257,0.999273477428168,0.9801320381243543,0.05119242318460559,0.03664725114522513,0.016585567288057348,0.0030722866818085276,6.610696135189607e-05,0.12959701085562222,6.610696135189607e-05,6.610696135189607e-05,6.610696135189607e-05,0.633234371206772,2.6833300370322516e-05,0.6196426304271149,1.0,0.8504982295915204,0.813861395580528,0.9100336804007345,0.061764146110205725,0.21640813325757183,0.0,0.019399661829113297,0.030741473143482856,0.4610071849497372,0.09893829445887337,0.007320240035690095,0.023559497468225922,0.5979468383745351,0.06451756249885376,0.17773710208336124,0.165539581061641,0.3794781097658415,0.9133649255009368,0.27637238082494753,0.0,0.14950173859643076,0.06455052503309083,0.08996631959926552,0.9375651136927267,0.6162707277974055,0.000726522571832083,0.00046830004653239626
0.012611522809989062,0.3062415813775114,0.12227219241709873,0.07273777311581427,0.03062803950255302,0.9999356767201816,0.357502628278536,6.610696135189607e-05,6.610696135189607e-05,0.36095403751050936,0.087230687370794,0.10408901695004451,0.0,2.589588280716192e-08,0.12225061686481306,0.0,0.000626341703212389,0.16720552040658448,0.9993091806350243,0.9778146786789003,0.051112677623390126,0.0366446410495914,0.01657359704771287,0.0030722866813141137,6.610696135189607e-05,0.12959745284222696,6.610696135189607e-05,6.610696135189607e-05,6.610696135189607e-05,0.6332416642589033,2.451942988060525e-05,0.6196998718622185,1.0,0.8505239367095493,0.8138455461639043,0.9100092535082743,0.06177494582076498,0.2165541553350926,0.0,0.02174836502052729,0.030748584898068986,0.4610124238974467,0.09890759359592832,0.007313561573506096,0.023560610867018182,0.5973924313748024,0.06455211337644952,0.17777209051928963,0.16557034355512532,0.3795049075709232,0.9127447931993254,0.27621111118773695,0.0,0.1494760373945679,0.06390383697128268,0.08999074649172566,0.9375987124760227,0.6162403242583229,0.0006908193649756735,0.00043695630057232675
0.012619835483650433,0.3067011919455337,0.12265209334909476,0.07282129974714145,0.03065781053965738,0.9999346724192669,0.3567642688170856,6.610696135189607e-05,6.610696135189607e-05,0.3609005459881266,0.08784934113403427,0.104164800046131,0.0,2.107983306796503e-08,0.12281703889159962,0.0,0.0005849039952089051,0.1670951567396165,0.9993432603174007,0.9752609835722007,0.05103425066498615,0.036642339562144285,0.016561867592857195,0.003072286681314115,6.610696135189607e-05,0.12964517554721958,6.610696135189607e-05,6.610696135189607e-05,6.610696135189607e-05,0.6331846638548725,2.2401058296458018e-05,0.619784444638559,1.0,0.8505354876905229,0.81391443315236,0.9099905494560627,0.06178776674546886,0.216700774390009,0.0,0.024331371342611055,0.03075582875612783,0.4610213254865136,0.09887454487149891,0.007303793044478967,0.023561764728013253,0.5967357412505502,0.06458426835773282,0.1778038055227313,0.16563444828655102,0.37953157178485647,0.9121282578076693,0.27605075531531004,0.0,0.149464491229644,0.06326852795604032,0.09000945054393729,0.9376273292593222,0.6162040688703745,0.0006567396825992938,0.0004076450851881916
0.012628132892109005,0.3072081756750718,0.12307363774000633,0.07291229176056696,0.030690896359549687,0.999933580959449,0.3559549822859234,6.610696135189607e-05,6.610696135189607e-05,0.3608410362756805,0.08846996658911921,0.1042155255118107,0.0,1.715903905006544e-08,0.12329836320611717,0.0,0.0005462377261613279,0.16699308066250534,0.9993758090600136,0.9724601977879065,0.05095287614508379,0.03663925371673111,0.01655106638906654,0.0030722866813141145,6.610696135189607e-05,0.12972803075503858,6.610696135189607e-05,6.610696135189607e-05,6.610696135189607e-05,0.6330828602166265,2.0461235985635495e-05,0.6198885654962938,1.0,0.8505384362542909,0.8140526125699593,0.9099746170364046,0.06180255183141041,0.21685186217585922,0.0,0.02715957546870583,0.030763036322741272,0.46102916980063324,0.09884171462195487,0.007293514846978426,0.023562529245091356,0.5960187557636037,0.06461395614949014,0.17783818188900705,0.16570749730363962,0.3795586955622005,0.9115095721748951,0.2758959089918955,0.0,0.14946154658667,0.06264902422392353,0.09002538296359539,0.9376512104424283,0.6161550571616354,0.0006241909399864524,0.0003802267433876282
0.012636691979651152,0.3077646130616801,0.1235378655393832,0.07301151395784126,0.03072750412462629,0.9999657270183928,0.35507639063084107,6.610696135189607e-05,6.610696135189607e-05,0.36077440802280764,0.08909452572263435,0.10424225596675334,0.0,1.3966563524872451e-08,0.12370354794576628,0.0,0.000510154231690452,0.1668984031351362,0.9994068968538317,0.9694039113791668,0.05086696315213103,0.036635248405140305,0.0165410491201512,0.003072286681314115,6.610696135189607e-05,0.1298372100172968,6.610696135189607e-05,6.610696135189607e-05,6.610696135189607e-05,0.6329415388217936,1.86848550412499e-05,0.6200085108085271,1.0,0.8505365189696422,0.8142485510971047,0.9099595926445774,0.06181907655337046,0.21701086176615172,0.0,0.03024150586263471,0.030770429376247244,0.4610371808767848,0.09880852195385659,0.00728299061608236,0.023563189332066338,0.5952384506355232,0.06464189624671755,0.1778735527384317,0.16578484248822717,0.3795864106586119,0.9108867894223245,0.2757492332247196,0.0,0.1494634670637942,0.06204790095712908,0.09004040735542262,0.9376707692149391,0.616090735098712,0.0005931031461683278,0.0003545827581984897
0.01264564766271474,0.30837216818599555,0.12404729995276915,0.07311941070259448,0.03076777380450136,0.999964444560439,0.35412486635382967,6.610696135189607e-05,6.610696135189607e-05,0.3607000062785078,0.08972476350902212,0.1042453257747665,0.0,1.1366904683503052e-08,0.1240393035940576,0.0,0.0004764784978581345,0.16681027643820856,0.9994365897940212,0.9660869449045142,0.05077584738744341,0.03663042832368059,0.01653169000754501,0.0030722866813141145,6.610696135189607e-05,0.12996844677874453,6.610696135189607e-05,6.610696135189607e-05,6.610696135189607e-05,0.6327674263294677,1.705824768609814e-05,0.6201428262358084,1.0,0.8505318086446289,0.8144942756730575,0.9099440640466856,0.06183728011482168,0.2171803015788109,0.0,0.033582452525265864,0.030778176605267566,0.4610458442299837,0.09877460949550822,0.007272313589146894,0.02356381141741038,0.5943909491337366,0.06466841015574532,0.17790959541579004,0.1658655599916089,0.37961505165204923,0.9102581782432918,0.2756118479894252,0.0,0.14946817998846657,0.06146642073288485,0.09005593595331442,0.9376862413873202,0.6160094219829805,0.0005634102059788696,0.0003306025702197962
0.012655083055689,0.3090321274077321,0.12460362278511061,0.07323619046163973,0.030811773484262537,0.9999630594528205,0.35309776068507676,6.610696135189607e-05,6.610696135189607e-05,0.36061719837059414,0.09036239744908102,0.10422479250527898,0.0,0.0,0.12431062698642975,0.0,0.000445047968498376,0.16672802897221622,0.9994649496188465,0.9625081031144185,0.05067909499455012,0.03662485027585406,0.016522857111844067,0.003072286681314115,6.610696135189607e-05,0.1301188486333229,6.610696135189607e-05,6.610696135189607e-05,6.610696135189607e-05,0.6325655988394006,1.5568948680189284e-05,0.6202911402179172,1.0,0.8505256407937215,0.8147844600520789,0.9099272506453859,0.061857157644591515,0.21736212586514372,0.0,0.037183713542136385,0.030786339416604032,0.4610552000294376,0.09873973895069589,0.007261495776549204,0.023564409571147967,0.5934751380503612,0.06469376696414852,0.1779462600018204,0.16594947962979426,0.3796448394917542,0.9096220336022388,0.2754840672768038,0.0,0.1494743592062785,0.06090491296149139,0.09007274935461411,0.9376977943869101,0.6159098451626401,0.0005350503811535774,0.0003081833434451616
0.01266506771678202,0.30974494204668823,0.12520686074315807,0.07336188773844939,0.030859509408681447,0.999961574093307,0.3519958580698199,6.610696135189607e-05,6.610696135189607e-05,0.36052576550183,0.09100913061196071,0.10418058780439866,0.0,0.0,0.12452140195605804,0.0,0.0004157115046652966,0.166651159554197,0.9994920347428257,0.9586709367593382,0.05057652654581123,0.03661860877393962,0.016514467195724216,0.003038953347980781,6.610696135189607e-05,0.13028295766371992,6.610696135189607e-05,6.610696135189607e-05,6.610696135189607e-05,0.6325286871484248,1.420557202177596e-05,0.6204534869038777,1.0,0.8505187787350676,0.8151154493096978,0.9099087328622524,0.061878704867765054,0.2175577206556367,0.0,0.0410418342285863,0.03079494600360481,0.46106517864874874,0.09870374307504513,0.007250525915516394,0.023564993245373658,0.5924892375227858,0.0647181855794241,0.17798360392187038,0.16603667496570734,0.3796759317498194,0.9089766638160175,0.27536592529172366,0.0,0.14948122126493238,0.06036314873424414,0.09009126713774762,0.9377055836275696,0.6157911197901663,0.0005079652571743589,0.0002872290120754956
0.012677102928263084,0.31049083312609166,0.12584345814946646,0.07351435253578072,0.03090982031320362,0.9999598857233714,0.3508519384830207,6.610696135189607e-05,6.610696135189607e-05,0.36042665450653844,0.0916666171196962,0.1041582244740959,0.0,0.0,0.12483271553716623,0.0,0.0003883335929994076,0.16657742759380686,0.9995179001373381,0.9545836570763019,0.05045643399317669,0.03660742254467212,0.016503727346952927,0.003036067645153667,6.610696135189607e-05,0.13040034362658706,6.610696135189607e-05,6.610696135189607e-05,6.610696135189607e-05,0.6324025816351,1.295921692577725e-05,0.6205906723970845,1.0,0.8505262207174789,0.8153254969684716,0.9098653917837346,0.061900249144605284,0.21778835808178507,0.0,0.04514869484039704,0.030804994113362957,0.4610760498479687,0.09866730055069088,0.007243005394978214,0.023565624706443678,0.5914657734863744,0.06474358758379167,0.17801888449286876,0.1660842399146635,0.3797107197334006,0.9083204236633781,0.2752511031288196,0.0,0.1494737792825212,0.05984178749436217,0.09013460821626541,0.9377114172623953,0.6156342143244081,0.00048209986266187644,0.0002676480833010735
0.012689163455947321,0.31129904051533225,0.12653116655815572,0.07366009574186032,0.030964753489901575,0.9999581944685466,0.349615421222109,6.610696135189607e-05,6.610696135189607e-05,0.36032024579493227,0.0923308184354955,0.10410804606974822,0.0,0.0,0.12507345932306893,0.0,0.00036277224994649176,0.16650403060682198,0.9995425816035185,0.9502621306743404,0.05033548644001361,0.0365970356239976,0.016486415082704244,0.0030326579584079223,6.610696135189607e-05,0.13054810737822314,6.610696135189607e-05,6.610696135189607e-05,6.610696135189607e-05,0.6322768495008187,1.1819086321193803e-05,0.6207542480844924,1.0,0.850524028493584,0.8155989339708322,0.9098244649281084,0.06192372317216526,0.21802875356220106,0.0,0.049488501631230884,0.030815473093844158,0.46109053275565015,0.09862780058070043,0.007232499750502605,0.023566386560171033,0.5903307208922591,0.06476779813659297,0.17804997690005497,0.16616301573172224,0.37974636272090456,0.9076573624781833,0.2751377058457594,0.0,0.14947597150641606,0.059327606706098886,0.09017553507189158,0.9377135045778883,0.615467215830977,0.0004574183964815393,0.00024936769442874277
0.012701670907368932,0.31215252424865886,0.12726659969858695,0.07381288817284937,0.03103864444833303,0.9999564236928022,0.3483046656569671,6.610696135189607e-05,6.610696135189607e-05,0.3601964990818663,0.09300770079317762,0.10403491926727729,0.0,0.0,0.12525518989944942,0.0,0.0003389141863009722,0.16643696983643116,0.9995661439826775,0.9457281055763882,0.05020924026189507,0.0365857348656315,0.016498251014036985,0.003030065106116475,6.610696135189607e-05,0.1307113015164254,6.610696135189607e-05,6.610696135189607e-05,6.610696135189607e-05,0.6319975867877704,1.0775828387158847e-05,0.6209356508105737,1.0,0.8505119650104904,0.8159222044384213,0.9097848313184154,0.06194904434196538,0.21827926772542744,0.0,0.0540395950142846,0.030826057818308543,0.46110156470402147,0.09858914339682166,0.007221503710643497,0.02356677180940541,0.5891309851735921,0.06478935051454027,0.17808268303493116,0.16624970817044094,0.379783157401726,0.9069815233784352,0.27502942992214907,0.0,0.14948803498950958,0.05882260566212923,0.09021516868158468,0.9377120414717337,0.6152837624381414,0.0004338560173224552,0.0002322994093272275
0.01271486332235081,0.31306248747415777,0.1280429762343136,0.07397492200474688,0.0311040108761605,0.9999545971421164,0.34693027195425424,6.610696135189607e-05,6.610696135189607e-05,0.36006445932406683,0.09369604290945249,0.10393656701003591,0.0,0.0,0.1253609246221414,0.0,0.00031664838412701844,0.16636894085751633,0.9995886306676444,0.9410075206042849,0.05008538793101319,0.03657825298073702,0.01649772529687422,0.0030287405855252314,6.610696135189607e-05,0.13091324686546105,6.610696135189607e-05,6.610696135189607e-05,6.610696135189607e-05,0.6316708495442259,9.822673612729093e-06,0.6211429594593015,1.0,0.8505136165954119,0.8163117435269256,0.9097452431585192,0.06197577470435621,0.21854648930647289,0.0,0.05877610465871711,0.03083699017414419,0.4611221838130172,0.09854368831793589,0.007210326016204276,0.02356619926000407,0.5878621580253027,0.06481375301771189,0.17812566420897114,0.16633750772974246,0.37981970370694496,0.9062941344169348,0.27492047353066257,0.0,0.14948638340458809,0.05832733185093305,0.09025475684148072,0.9377075769115167,0.6150845698360108,0.0004113693323556872,0.00021637473699796466
0.012728593601769329,0.3140099301645683,0.1288275952030013,0.07414094836031593,0.031170750606128936,0.9999526885858095,0.3455706913158965,6.610696135189607e-05,6.610696135189607e-05,0.35993132060479377,0.09440022061533977,0.1038134373890342,0.0,0.0,0.12540192593651867,0.0,0.00029586763595939697,0.16630545797757326,0.9996100881983304,0.9361338475026799,0.049959802200594414,0.03657300818229382,0.016492315498586728,0.003028766146953305,6.610696135189607e-05,0.13113205114802892,6.610696135189607e-05,6.610696135189607e-05,6.610696135189607e-05,0.6313630700435303,8.951351531586832e-06,0.6213677781213629,1.0,0.8505179004418392,0.8167536509282959,0.9097064437594162,0.06200443519732178,0.2188261814805071,0.0,0.06366463331794955,0.030847987300034622,0.4611392528734729,0.09849835280579973,0.007198653253439705,0.023566453608263784,0.5865576391205127,0.06483943288961523,0.17816846277693582,0.16643403715293653,0.3798583203260368,0.9055908280331286,0.27481878448960295,0.0,0.14948209955816086,0.05784442313518545,0.09029355624058376,0.9376996971667189,0.6148683605419196,0.0003899118016695426,0.00020151917937051765
0.01274261248826849,0.31498312294009295,0.1296607937448659,0.0743113541734423,0.031240564200533543,0.9999507277149889,0.3441194649914268,6.610696135189607e-05,6.610696135189607e-05,0.3597920749136467,0.09512083422223162,0.10366579719828815,0.0,0.0,0.12538060544831026,0.0,0.000276470245247416,0.1662474300965882,0.999630556475937,0.9311486055853089,0.049827639710063105,0.036568879795632045,0.01648478862578545,0.0030299669054473354,6.610696135189607e-05,0.13135230417313218,6.610696135189607e-05,6.610696135189607e-05,6.610696135189607e-05,0.631084989371856,8.154775766695808e-06,0.621607795464571,1.0,0.8505228917821858,0.8172457290410899,0.9096719855721405,0.06203479486513781,0.21911687983178832,0.0,0.0686637285882483,0.030858881780861252,0.4611518859221419,0.0984529862200688,0.007186567634107956,0.023566913261744697,0.5852111012438855,0.06486429065966534,0.1781779353705624,0.1665368402614484,0.37990298183414234,0.9048710110020017,0.2747264073371409,0.0,0.1494771082178143,0.057373665510599844,0.0903280144278596,0.9376887348896148,0.6146356900716234,0.0003694435240629307,0.00018766582644277625
0.012723727704029263,0.3159763901775721,0.1305271505290734,0.07448380424367759,0.031311172101291224,0.9999487301330878,0.3425990877343498,6.610696135189607e-05,6.610696135189607e-05,0.35967179900187823,0.09585717699076454,0.10349433561850868,0.0,0.0,0.12530059609931402,0.0,0.0002583655970200405,0.1661942257999077,0.9996500715439942,0.926093176059827,0.04969478917286226,0.03656582326566238,0.01647554387411803,0.003032294067925543,6.610696135189607e-05,0.1315633544163894,6.610696135189607e-05,6.610696135189607e-05,6.610696135189607e-05,0.6308205884544366,7.426659215364524e-06,0.6218622993504885,1.0,0.8505277780655291,0.8177856137066339,0.9096439521840105,0.062066718959495094,0.21941768650941082,0.0,0.07373206845985902,0.030869871057483178,0.46116087234634706,0.09840759905621922,0.007174686282170555,0.023567273694465752,0.5837972009484331,0.0648852505197513,0.17821523689277585,0.16664507729177222,0.37994680107430534,0.9041353963500202,0.2746433650310028,0.0,0.14947222193447085,0.05691379019405213,0.0903560478159895,0.9376749154434849,0.6143880876906814,0.0003499284560057772,0.0001747554803139936
0.012732028402686283,0.31698121209477237,0.1314166774769637,0.07465544460793602,0.031381647229581894,0.9999466762311199,0.3410246996621246,6.610696135189607e-05,6.610696135189607e-05,0.35953455575009746,0.09660509332038777,0.10329357398759549,0.0,0.0,0.12515591496845252,0.0,0.00024145289891527812,0.16615085885149816,0.9996685884015356,0.9210091290948781,0.04956258404856092,0.03656494545151166,0.016466612109275854,0.003036020812337968,6.610696135189607e-05,0.13177979960358713,6.610696135189607e-05,6.610696135189607e-05,6.610696135189607e-05,0.6305559621628963,6.761492230235066e-06,0.6221298131888897,1.0,0.8505321211894227,0.818377120249578,0.9096213276475537,0.062099332685537335,0.21972652455449973,0.0,0.07882812548549092,0.030883296842383362,0.46117041919028756,0.09836295481462753,0.007161993952821299,0.023567937387678446,0.5823625762663371,0.06490615937291382,0.17825727123563134,0.16676223539317825,0.3799887596539566,0.903388145187382,0.27457661282351475,0.0,0.14946787881057738,0.05646696478196953,0.09037867235244638,0.9376592144155473,0.6141226165940021,0.00033141159846443983,0.00016274541963098762
0.012745376677575939,0.3180021251001283,0.13233064993240728,0.07482820178290382,0.03145282908330048,0.9999451641174111,0.33942267495923,6.610696135189607e-05,6.610696135189607e-05,0.35938305587593283,0.09736971666337975,0.10306964130394858,0.0,0.0,0.12495872716194219,0.0,0.000225663126219979,0.16611593514941908,0.9996862164815641,0.9159468863014605,0.04942959635544283,0.03656592064800723,0.01645833346354857,0.0030389533469049605,6.610696135189607e-05,0.13198384597270563,6.610696135189607e-05,6.610696135189607e-05,6.610696135189607e-05,0.630310964052677,6.1537241905520596e-06,0.6224073164775039,1.0,0.8505377700483466,0.8190074993696427,0.9096047396948036,0.06213236171681924,0.22003928052739152,0.0,0.08390155111124833,0.030895117359894468,0.4611800116742786,0.09831800225021661,0.007148995827288008,0.023568804526824076,0.580903315445431,0.06492696128737206,0.1783041330366388,0.1668860450697665,0.3800292223290549,0.9026241296124298,0.27452304221854756,0.0,0.14946222995165337,0.05603377346841512,0.09039526030519644,0.9376419751569608,0.6138447843231893,0.00031378351843592563,0.00015156258729124534
0.012760204063206548,0.3190302149486905,0.13325870975798193,0.07500145740051224,0.03152398448099523,0.999943893761847,0.3378124158183101,6.610696135189607e-05,6.610696135189607e-05,0.3592192467746014,0.09815176028834334,0.10282605326265724,0.0,0.0,0.12472114506527075,0.0,0.00021092211779151528,0.16608880708687845,0.9997030002032403,0.910950722075835,0.049297351799574854,0.03656900323582757,0.016450982112255267,0.003038953346991955,6.610696135189607e-05,0.1321742112367346,6.610696135189607e-05,6.610696135189607e-05,6.610696135189607e-05,0.630101420222682,5.598719247843571e-06,0.6226923901176366,1.0,0.8505470764145378,0.819664394684866,0.9095934558917994,0.062165727334925765,0.2203562807952779,0.0,0.08890812556987246,0.030906590202954325,0.46118974559026843,0.09827237348985206,0.007135941268983251,0.023569904444228337,0.5794629017167573,0.0649482263222734,0.1783548810534859,0.16701427522919612,0.38006851265853986,0.9018426409924089,0.27448155661970625,0.0,0.1494529235854623,0.05561446024986335,0.09040654410820055,0.9376233505472827,0.6135549121178436,0.00029699979675962973,0.00014115235429249862
0.012775772673880404,0.3200548791965524,0.1341903707363091,0.0751745024193775,0.03159429607799893,0.9999426383237806,0.3362117797598267,6.610696135189607e-05,6.610696135189607e-05,0.35904542804436074,0.09895089540377167,0.10256864491374419,0.0,0.0,0.12446292094660065,0.0,0.00019715997552905107,0.16606937902034974,0.9997189726329013,0.9060625664587106,0.04916619080270672,0.03657398568770157,0.016444523288198447,0.0030389533469919543,6.610696135189607e-05,0.13234527208909536,6.610696135189607e-05,6.610696135189607e-05,6.610696135189607e-05,0.6299190564145987,5.0922473170646605e-06,0.6229803263039875,1.0,0.8505626548070115,0.8203282954166444,0.9095855989827251,0.06219913311882136,0.2206780410961913,0.0,0.09380596917732219,0.03091804428540438,0.46119949169339136,0.09822599114544818,0.007123128327584651,0.02357128775345413,0.578055410904433,0.06497052135686543,0.17840895546773528,0.16714364579219665,0.3801071138779361,0.9010440123489113,0.2744510287822683,0.0,0.1494373451929884,0.055208783636754986,0.09041440101727496,0.9376037069056496,0.613252579883459,0.0002810273670986325,0.00013146436396718023
0.012791715501604066,0.32106849006933486,0.13511757087761267,0.07534470903046112,0.03166318409059623,0.9999414135280759,0.33463261897819124,6.610696135189607e-05,6.610696135189607e-05,0.35886344408150617,0.09976597424621535,0.10229868036198418,0.0,0.0,0.1241866424830578,0.0,0.000184310893589492,0.16605770497164082,0.9997341636637536,0.9013208497108943,0.04903772266761106,0.03658109349765692,0.016439121833042757,0.0030389533469919543,6.610696135189607e-05,0.13249874155387337,6.610696135189607e-05,6.610696135189607e-05,6.610696135189607e-05,0.6297600199797196,4.630337157504679e-06,0.6232707762076936,1.0,0.8505845306107983,0.8209977991259089,0.9095817982689736,0.062232419778392854,0.22100210606901446,0.0,0.09855669902106451,0.030929445994190816,0.46120935887922704,0.09817864930172193,0.007110316866624691,0.023572966569074382,0.57668464659511,0.06499407602036447,0.17846611087380884,0.167276755623999,0.3801451075398799,0.9002293954166272,0.27443054343032225,0.0,0.1494154693892017,0.05481555839103341,0.09041820173102649,0.9375832693280176,0.6129401889593447,0.0002658363362464575,0.00012245126804122294
0.012807829208641005,0.32206319465805644,0.13603277711036357,0.0755106498430253,0.031730048595817024,0.9999402286191511,0.33308656325325003,6.610696135189607e-05,6.610696135189607e-05,0.3586750520174789,0.10059595427763807,0.10201788139863073,0.0,0.0,0.1238953723103259,0.0,0.0001723137733649974,0.16605420949017877,0.9997486029455984,0.8967591753960544,0.04891313639619937,0.036590388839395444,0.016468350397396816,0.0030722866808197006,6.610696135189607e-05,0.13264192670644592,6.610696135189607e-05,6.610696135189607e-05,6.610696135189607e-05,0.6292436796706968,4.209300044027621e-06,0.6235624823251595,1.0,0.8506128993237461,0.8216706250498533,0.9095825184443851,0.062265415971567345,0.2213259793517377,0.0,0.10312675691550129,0.030940687889644592,0.4612190863781394,0.09813040561103989,0.007097494536751507,0.02357491130086013,0.5753587635880607,0.06501904883950077,0.17852668782166686,0.16741391558907984,0.38018249382786906,0.8993998364223179,0.27441963627620974,0.0,0.14938710067625394,0.054434002639820823,0.09041748155561492,0.9375622702550677,0.6126198111580835,0.00025139705440162095,0.00011406768844431133
0.012822289083235537,0.32306035376811926,0.13693367952671717,0.07565911180476058,0.031795982397610244,0.9999391658540919,0.33156665164479504,6.610696135189607e-05,6.610696135189607e-05,0.3584750215387083,0.10143956787093283,0.10167567289747019,0.0,0.0,0.123415463330649,0.0,0.0001611078946256417,0.16605311104614404,0.9997623195432582,0.8924027130652786,0.048813316167282086,0.03661130792524154,0.016461466451723014,0.0030722866813141137,6.610696135189607e-05,0.13286715975286795,6.610696135189607e-05,6.610696135189607e-05,6.610696135189607e-05,0.6289697403877162,3.825830247455856e-06,0.6239031409362911,1.0,0.8506565831821831,0.8225203852378978,0.9096076002119032,0.06229951389240435,0.2216328237276983,0.0,0.10749101389929834,0.030950863059505163,0.4612386739173022,0.09807317531347166,0.007100434341651183,0.023576989357533534,0.5740909202718933,0.06505630127434965,0.17855205128366547,0.16756925082168722,0.38020627406656915,0.8985566062988197,0.27442118616623873,0.0,0.149343416817817,0.05406415143145316,0.09039239978809681,0.93753937821297,0.6123140652261576,0.0002376804567417798,0.00010627303542300497
0.012837588546179092,0.3240055287150315,0.13781994826413815,0.07580962228100664,0.03185764047452137,0.9999380794322361,0.3301225115879905,6.610696135189607e-05,6.610696135189607e-05,0.3582706463815461,0.10228524329142141,0.10133460943363215,0.0,0.0,0.1229660723467338,0.0,0.00015064078342969238,0.16606683358161342,0.9997753451734009,0.8882771286520104,0.04870756398781398,0.03663094875751534,0.016463861496465143,0.003072286681314115,6.610696135189607e-05,0.13302833763044916,6.610696135189607e-05,6.610696135189607e-05,6.610696135189607e-05,0.6287464359770256,3.4764315328199807e-06,0.6242228528880903,1.0,0.8507126013073898,0.823315687455162,0.9096370331018758,0.0623326475700547,0.2219435372677698,0.0,0.11162385135530115,0.03096067804681337,0.4612512441281682,0.098022767712252,0.007093024757916492,0.023579884245535688,0.5728657273569256,0.06508915704963718,0.1786139114686153,0.1676953131227106,0.3802368966942766,0.8977112802770458,0.2744425376782776,0.0,0.14928739869261018,0.05371824019810418,0.09036296689812415,0.9375167116465156,0.6119896291506168,0.00022465482659904244,9.901999268851918e-05
0.012853003417093419,0.3249152254538317,0.13866823397072214,0.0759557993968748,0.03191613774713113,0.9999370550016857,0.32874803866188523,6.610696135189607e-05,6.610696135189607e-05,0.35806438535699364,0.10313778395997872,0.10099318242108925,0.0,0.0,0.12253738852436902,0.0,0.0001408634503067872,0.1660898484576649,0.9997877009032071,0.8843951059044816,0.04860520886846879,0.0366519212602286,0.01647055268724019,0.0031056200151418608,6.610696135189607e-05,0.1331600094049969,6.610696135189607e-05,6.610696135189607e-05,6.610696135189607e-05,0.6283558810461747,3.1583999625606407e-06,0.624529999227431,1.0,0.85078014486113,0.8240722659597304,0.9096685653286746,0.06236510289588093,0.2222529861230347,0.0,0.11551261933294717,0.03097048383736171,0.4612632791696165,0.09797105954698997,0.0070829770661435905,0.02358332700896452,0.5717179809734809,0.0651232463762821,0.17868476061995187,0.1678330515842306,0.3802693098936857,0.8968590576400588,0.27447681835147975,0.0,0.14921985513886998,0.053390345515900564,0.09033143467132546,0.9374940336538122,0.6116571654193004,0.0002122990967928694,9.227476257135371e-05
0.012866785505673793,0.3258066922983212,0.1394928315549675,0.07608202529888983,0.03193906773793486,0.9999361413985011,0.32739849583299235,6.610696135189607e-05,6.610696135189607e-05,0.3578748334247341,0.1039978851933808,0.10060740872804959,0.0,0.0,0.12196929791854563,0.0,0.000131729098216686,0.16612307823271724,0.9997994166780836,0.880765791294756,0.04851989599598635,0.03667884299436081,0.016484828467190422,0.0031056200151418608,6.610696135189607e-05,0.1333344860190257,6.610696135189607e-05,6.610696135189607e-05,6.610696135189607e-05,0.628053301377297,2.868786503166412e-06,0.624866039196838,1.0,0.8508435321881014,0.8249540210959877,0.9097236458783553,0.06239832378785958,0.22253685931454525,0.0,0.11914820617040682,0.030979036876988424,0.4612739685926293,0.09791718933625529,0.007068931200475262,0.023586806083038477,0.5706166940494976,0.06515797120649029,0.17876236924463232,0.16802064756611784,0.3802998342128768,0.895999246020116,0.27452655207511234,0.0,0.1491564678118987,0.053076680985466515,0.0902763541216447,0.9374699471139237,0.6113400624527376,0.00020058332191639946,8.600253483725487e-05
0.012880287259458308,0.3266281494600984,0.1402606171202855,0.07620738591461193,0.031985081826552096,0.9999352242004815,0.3261519341590373,6.610696135189607e-05,6.610696135189607e-05,0.35768441801717027,0.10487557635477393,0.10022159320865685,0.0,0.0,0.12144951065275278,0.0,0.00012319340437003202,0.1661670172352952,0.9998105278871321,0.8773940207645808,0.0484363734911244,0.0367055932444435,0.016503271755385573,0.0031056200151418608,6.610696135189607e-05,0.13347528200159786,6.610696135189607e-05,6.610696135189607e-05,6.610696135189607e-05,0.6277679021947107,2.605441557226845e-06,0.6251759441756586,1.0,0.8509288168522406,0.825761570912187,0.9097755415450604,0.06243015373321786,0.22282045360664932,0.0,0.12252581664910303,0.030987213896897785,0.461278768380266,0.09786351729944186,0.007057631729649165,0.02359236658716823,0.5696565866993211,0.06519656793849646,0.17884839151012405,0.1681911562384494,0.3803316176892868,0.8951218182036689,0.2746024626156846,0.0,0.14907118314775938,0.052788918435060235,0.09022445845493966,0.9374466528624121,0.6110125291580555,0.0001894721128679069,8.016258631611546e-05
0.012893600593439017,0.3274069987529478,0.14098582394342724,0.07632595798850086,0.032030349195145066,0.9999343751068558,0.32498959386610504,6.610696135189607e-05,6.610696135189607e-05,0.35749227271495576,0.10575939461935109,0.09984203543097052,0.0,0.0,0.12096708731186838,0.0,0.00011521831312416194,0.16621767363589257,0.9998210549829523,0.8742783660523019,0.04835875447576471,0.036733760626831424,0.01649145726903878,0.0031421781231505954,6.610696135189607e-05,0.13359715224242952,6.610696135189607e-05,6.610696135189607e-05,6.610696135189607e-05,0.6274623633887718,2.3661475240284736e-06,0.6254680562598947,1.0,0.8510308184910218,0.8265117577344782,0.9098258888976078,0.06246045558728597,0.2231000436760697,0.0,0.12564690586883343,0.03099522487905869,0.46128752101492104,0.0978073684659206,0.007046793686833974,0.0235967952427948,0.5687588981276396,0.06523904348398644,0.17890381573117645,0.16835054539181551,0.38036804518286516,0.894238239233125,0.2746899083091349,0.0,0.14896918150897825,0.05252115495365351,0.09017411110239212,0.9374243260995899,0.6106822826880377,0.00017894501704771856,7.472807886471237e-05
0.01290535772275852,0.3281583453929008,0.14170018149264113,0.07642275819761277,0.03207379716895461,0.999933647128769,0.3238481584036655,6.610696135189607e-05,6.610696135189607e-05,0.3572947918135575,0.10664539154676529,0.0994293711073366,0.0,0.0,0.12036601520404795,0.0,0.00010776795561973409,0.16628432215837577,0.9998310246433069,0.8714164846099547,0.04829170713483921,0.036762882291820446,0.016495655404330404,0.00316214420909529,6.610696135189607e-05,0.13373810521399299,6.610696135189607e-05,6.610696135189607e-05,6.610696135189607e-05,0.6271616847984248,2.1482375078031764e-06,0.6257776609450386,1.0,0.8511062660769277,0.8273665086320833,0.9099013621097289,0.06249128204079079,0.2233440330116071,0.0,0.12851384412390796,0.03100155316659949,0.4612838049734373,0.09775573478709726,0.007032846551914953,0.02360090366667094,0.5678791263893815,0.06527466043764268,0.17897865993505965,0.16855476099942604,0.3804013128183662,0.8933524602157269,0.2747929679476248,0.0,0.14889373392307223,0.05226747616386884,0.0900986378902711,0.9374009500035895,0.6103716448300172,0.00016897535669310976,6.967126613736635e-05
0.01291684351894006,0.32886965521343525,0.14237721321203814,0.07651787767087391,0.03211345890817148,0.9999662914020406,0.32278078541810457,6.610696135189607e-05,6.610696135189607e-05,0.35709447877731143,0.10753690407595755,0.09900943361716096,0.0,0.0,0.119742811536935,0.0,0.0001008071611422772,0.16636423709235756,0.9998404656487905,0.8687946742220124,0.04823081574422344,0.03679220722282493,0.01650724781119367,0.0031768050286314943,6.610696135189607e-05,0.13387268661039703,6.610696135189607e-05,6.610696135189607e-05,6.610696135189607e-05,0.6268608191816061,1.950029239777405e-06,0.6260760948165711,1.0,0.8511837337349085,0.8282195799302094,0.9099828387656665,0.06252019355042474,0.22357094206985337,0.0,0.13114036292903966,0.03100744810050979,0.46128031157178445,0.0977042590952903,0.007020016611585494,0.02360483532211495,0.5670876151672087,0.0653097260004916,0.17906411731201385,0.16875050342814438,0.38043207033075066,0.8924611458948026,0.27491447156626797,0.0,0.14881626626509145,0.052037608532855606,0.0900171612343334,0.9373789992884329,0.610064820837789,0.0001595343512095697,6.496284894798496e-05
0.01292810611364895,0.32954207489628995,0.14301321875069847,0.07660813441769532,0.032149725048690535,0.9999656567588981,0.32179669602608135,6.610696135189607e-05,6.610696135189607e-05,0.3568934256730171,0.10843099326682346,0.09858950426004286,0.0,0.0,0.11912597506387508,0.0,9.430264328458156e-05,0.1664538482904193,0.9998494015087594,0.8663994334508601,0.04817591865431393,0.036821673166370195,0.01651923898212396,0.003189461196463873,6.610696135189607e-05,0.133998461715043,6.610696135189607e-05,6.610696135189607e-05,6.610696135189607e-05,0.6265753798024266,1.7698943624335988e-06,0.6263591070074118,1.0,0.851269866331293,0.8290412137782822,0.9100645142879482,0.06254699823457634,0.22378650468069064,0.0,0.13353998836316183,0.031013148838627047,0.4612788515451627,0.09765166489594632,0.007007964239879595,0.023609122928227047,0.5663789979578787,0.06534661383395636,0.1791538639080225,0.16894068269721224,0.3804612780880205,0.8915672368388141,0.27505138873254525,0.0,0.14873013366870702,0.05183281115784271,0.08993548571205176,0.9373586991221391,0.6097596470288901,0.00015059849124054048,6.0578185978090704e-05
0.01293907032601602,0.3301751583881755,0.14357513510675307,0.07669113646960579,0.03218224811766874,0.9999650702737727,0.32097180821228316,6.610696135189607e-05,6.610696135189607e-05,0.35669927264814966,0.1093254468711463,0.09817305126642495,0.0,0.0,0.1185254797417604,0.0,8.822398761121493e-05,0.16655255492163726,0.9998578560517232,0.8642174988620486,0.0481261635277689,0.03685062329756339,0.016531530390517545,0.0032012536037549087,6.610696135189607e-05,0.13411426136249027,6.610696135189607e-05,6.610696135189607e-05,6.610696135189607e-05,0.6263041118714058,1.6062504033989821e-06,0.6266261351587,1.0,0.8513622514710372,0.8298223751136902,0.910144857376883,0.06257190253353138,0.2239912824697024,0.0,0.1357260070681704,0.031018557298486595,0.46127736845518225,0.0975985813746948,0.006996402156301629,0.02361364370850516,0.5657456905981559,0.06538514700486389,0.17924548213803038,0.1691286047917868,0.38048977004883655,0.8906729468784503,0.2752008135748751,0.0,0.14863774852896278,0.05165214514454944,0.08985514262311703,0.9373398734788574,0.6094561626086604,0.00014214394827683532,5.6494069781063135e-05
0.012949508323551295,0.33076300582509804,0.1441073057278293,0.07676774642209415,0.03221163813712257,0.9999645475264218,0.3201932207475678,6.610696135189607e-05,6.610696135189607e-05,0.3565108272033256,0.110218038789188,0.09776200984665068,0.0,0.0,0.1179434491758219,0.0,8.254265794487305e-05,0.1666597067500543,0.9998658532942523,0.8622385513615295,0.04808139383199737,0.0368788009519787,0.01654434680422801,0.003212530463755132,6.610696135189607e-05,0.13422148230086298,6.610696135189607e-05,6.610696135189607e-05,6.610696135189607e-05,0.6260448772928303,1.457627619469235e-06,0.6268769781065091,1.0,0.851458105004372,0.8305621264245784,0.9102233052520025,0.0625949690305607,0.22418457769625005,0.0,0.13770875997930151,0.031023616707149326,0.4612744210305872,0.09754538748433868,0.0069852099110271505,0.023618288923993456,0.5651790492179258,0.06542397057715987,0.17937150845920935,0.16931578136105396,0.38051316253790385,0.8897805035831925,0.27536101204684027,0.0,0.14854189499562795,0.051494424399599725,0.08977669474799754,0.9373224883114945,0.6091557155536956,0.0001341467057477642,5.2688659168969755e-05
0.012959483718622907,0.33131263034746117,0.14460705522465592,0.07683680357895349,0.03223790272600058,0.9999640687434718,0.3194674061664955,6.610696135189607e-05,6.610696135189607e-05,0.3563279707896077,0.1111079548029714,0.09735721053589859,0.0,0.0,0.11738017168280157,0.0,7.72314536931864e-05,0.16677569781565085,0.999873415045945,0.8604469878701784,0.04804151878325885,0.03690605106531018,0.016557317811910454,0.0032234693041446973,6.610696135189607e-05,0.13432249503160043,6.610696135189607e-05,6.610696135189607e-05,6.610696135189607e-05,0.6257953876684311,1.322666850275366e-06,0.6271124152830195,1.0,0.8515559014720875,0.8312606523773961,0.9102990205766577,0.06261586375651691,0.22436523220375776,0.0,0.13950386993373645,0.03102846371308767,0.46127370515386135,0.09749186633571055,0.0069738171204165676,0.023623081316129318,0.5646819925719039,0.06546644702012458,0.17947149377172886,0.16950294081307665,0.38053728669809983,0.8888907225301783,0.27553037418108184,0.0,0.1484440985279125,0.051359175939802285,0.08970097942334238,0.93730690478979,0.6088590699805914,0.00012658495405508028,4.914219608502598e-05
