0_primarytoI_spread,0_primarytoII_spread,0_primarytoIII_spread,0_primarytoIV_spread,0_primarytoV_spread,0_ItoII_spread,0_IItoIII_spread,0_IIItoIV_spread,0_IVtoV_spread,0_late_p,0_C01_coef,0_C02_coef,0_C03_coef,0_C04_coef,0_C05_coef,0_C06_coef,0_C09_coef,0_C10_coef,0_C12_coef,0_C13_coef,1_primarytoI_spread,1_primarytoII_spread,1_primarytoIII_spread,1_primarytoIV_spread,1_primarytoV_spread,1_ItoII_spread,1_IItoIII_spread,1_IIItoIV_spread,1_IVtoV_spread,1_late_p,1_C01_coef,1_C02_coef,1_C03_coef,1_C04_coef,1_C05_coef,1_C06_coef,1_C09_coef,1_C10_coef,1_C12_coef,1_C13_coef,2_primarytoI_spread,2_primarytoII_spread,2_primarytoIII_spread,2_primarytoIV_spread,2_primarytoV_spread,2_ItoII_spread,2_IItoIII_spread,2_IIItoIV_spread,2_IVtoV_spread,2_late_p,2_C01_coef,2_C02_coef,2_C03_coef,2_C04_coef,2_C05_coef,2_C06_coef,2_C09_coef,2_C10_coef,2_C12_coef,2_C13_coef
0.0118102081675846,0.2784464761398137,0.1444373474669277,0.0483813914232234,0.0307482719206351,0.6015752592480916,0.2903784394460733,0.0756342208215767,0.0947097509597804,0.3754715490762129,0.0214957528496167,0.0887944239893887,0.0,0.0410090698794926,0.0160619372492994,0.0,0.0742488203890501,0.2667762374993156,0.9812498922023803,0.9452832481257328,0.0567875897548928,0.0262502447246093,0.0141760855868806,0.0039934324936456,6.610696135189607e-05,0.1712576914796263,0.0457187880598585,0.0106585208716444,6.610696135189607e-05,0.6899080474817846,0.012907330534711,0.6338408284099508,1.0,0.8652883841919718,0.5364857621715323,0.943155466041164,0.069516967567288,0.2164952009817725,0.0,3.1420870619601567e-06,0.0311076897436249,0.451259837980083,0.0626234053061575,0.0091456301983797,0.0193131417668823,0.999964756120144,0.1130829639932669,0.175134786241201,0.1592351269911304,0.3957348752869282,0.9655969166156724,0.2773647476006604,0.0,0.0937025459285355,0.4474523005791683,0.0568445339588359,0.8562342120436619,0.5167285615189118,0.0187501077976195,0.0547136097872053
0.012509716536377332,0.25322660818208154,0.1343079844313285,0.04742188082985366,0.02662270905869795,0.999936851617114,0.2367552669273851,0.04403263663848202,0.07204172368349768,0.40065580338000123,0.021744242968728712,0.09259647425120116,0.0,0.04785996387150458,0.018969875434485858,0.0,0.07445415632334787,0.2714702510339616,0.9802711211205192,0.9496597421227772,0.05708457113369564,0.02825711589108305,0.014587923417218724,0.004201550160756912,0.00010696331036034353,0.1311516475506616,0.06257445916723622,0.03611355694507898,6.610696135189607e-05,0.6609183486198218,0.013545939114868313,0.6036120412595268,1.0,0.8651187822963943,0.5249640560962626,0.9377830803214814,0.07833753861638916,0.2205822425338237,0.0,3.2661203324884365e-06,0.03187772203050155,0.43285048725879255,0.06418093054491673,0.007690079134335632,0.015448853681799674,0.8773065324793831,0.10945885699514167,0.1643237102789572,0.20885478246527756,0.40654790686293046,0.964709817916403,0.30379148448927196,0.0,0.08702125383210116,0.4560660684692516,0.062216919678518626,0.847208305060263,0.5079475064322148,0.01972887887948083,0.05033699175689035
0.012455431305427409,0.2477380960484442,0.13201952550109983,0.047193715261357363,0.026501281176554557,0.9999594240674706,0.22083852446050214,0.03792764536862182,0.06029059894403669,0.40962921307763894,0.022142287513147698,0.09617428187490978,0.0,0.05428877551054414,0.022342171258757298,0.0,0.0750675187523891,0.276009378256266,0.979580912113729,0.9544178397460631,0.05706207782334126,0.028990561053729862,0.014141869862430996,0.004273551017734334,0.0001730702717122395,0.12568712046464303,0.0708144791301633,0.050735670908828995,6.610696135189607e-05,0.6524096869132017,0.01319449351639462,0.5835258880122207,1.0,0.8642786792737713,0.5126690517806496,0.940779444262633,0.08229084683295841,0.21670797172337886,0.0,3.1768303578545556e-06,0.03196083234714693,0.43172846221745104,0.06555302644611845,0.0072723959050313945,0.01511722254692901,0.8117019415045927,0.10684108087734015,0.16559844441110244,0.233125785745956,0.40902107428099543,0.9646632189704577,0.32029983011286955,0.0,0.0814325452156846,0.46498877696059315,0.05922055573736693,0.8426416344146525,0.5072826500203551,0.020419087886270986,0.04557898342357909
0.012380887624936554,0.24585577647607212,0.13129929359934547,0.04694402761183427,0.026285633842875106,0.9999555069968181,0.21554265927326033,0.036121383842608906,0.05590457597420049,0.4127417002071566,0.022747799998141915,0.09859957655747932,0.0,0.05919827793192241,0.026204599486090545,0.0,0.0757638426892473,0.2788929828941351,0.9788574248699465,0.9588106481972775,0.057121091496439506,0.029030274811211922,0.013755929158654267,0.0043493902932911725,0.00024670024715272735,0.12599896762314297,0.07528137144707873,0.0575962364636674,6.610696135189607e-05,0.6496531028775955,0.012582495162372424,0.5724092835030343,1.0,0.8648050731339003,0.504500201367549,0.9453129289971871,0.08537248805173113,0.21387494861261877,0.0,3.065138432166535e-06,0.032005990906967006,0.4319048762158708,0.06658804737664678,0.007015730783000733,0.014824615167898843,0.7524298881194487,0.10435723213310656,0.16583284094804351,0.2448147952859063,0.4103326816916844,0.9646697048394857,0.3289911399394863,0.0,0.0759966489341773,0.4692951991463604,0.054687071002812906,0.8388636692590216,0.5072320684932462,0.02114257513005342,0.04118628666429041
0.012292470820399878,0.24430612543700522,0.13089750400429687,0.046820138505146276,0.026229999066228797,0.9999519091110775,0.21167797262918556,0.034908326812378966,0.05359360490354951,0.41501111215109043,0.02349015844959561,0.10030610208051653,0.0,0.06294464379074068,0.030606788601295818,0.0,0.0765208802834719,0.28112324902061575,0.9781003787220209,0.9627890138490056,0.05725997199825421,0.029009202924199697,0.013373196700323628,0.0043465126452336515,0.0003133669159003296,0.12773190628231218,0.07877433817485023,0.061627518808876125,6.610696135189607e-05,0.6478303160385065,0.01184034992679262,0.5661735515608987,1.0,0.8657606174613953,0.49847723417968953,0.9494188086981883,0.0879258340185563,0.21198465095346647,0.0,2.9456108116600184e-06,0.03203469537689011,0.4326776142115709,0.0675154014081201,0.006835580788505583,0.014659790221907495,0.6980835756476327,0.10200230703422397,0.16570366804025802,0.2503412032137917,0.4110982142209025,0.9646694916236118,0.3335203463585849,0.0,0.07129473874786406,0.4709159772190146,0.05058119130181169,0.8355532856979718,0.5068921000259178,0.02189962127797905,0.03720804054018277
0.01222123454079813,0.24318771911427461,0.13065927629768262,0.046749774595292885,0.0261736793392017,0.9999492221324241,0.20889401722602816,0.03407540267299857,0.05240423663449021,0.41662733366745286,0.024323461249385198,0.1017343920078885,0.0,0.06582569574070789,0.03565411622624474,0.0,0.07733620884490323,0.2829337789551041,0.9772972085028702,0.9663608566672847,0.05735302920550754,0.028992123683047665,0.013057772553497165,0.004323034208745564,0.0003962288095502782,0.12972805533892215,0.08162218207943746,0.06440908344681348,6.610696135189607e-05,0.6465375890249838,0.011029931648163798,0.56261789607183,1.0,0.8669256361563791,0.4936323131343448,0.9528962143266497,0.09010827468194492,0.21092096550207198,0.0,2.8214890444941066e-06,0.03206130863486255,0.4338146862491288,0.0684367179409114,0.0067418829610456955,0.014549360235920725,0.6486722319531562,0.09978288331795669,0.16539346880102807,0.25328485425494973,0.4114589052344278,0.964646607102451,0.3356477119202816,0.0,0.06724866810291304,0.4707135706394104,0.047103785673350274,0.8325555164731518,0.506145255542824,0.022702791497129848,0.03363632184367087
0.01216925130612863,0.24240312079105536,0.13049624601232135,0.046697810764591056,0.026095244529010617,0.9999473176548438,0.20686699864188846,0.0335200137368918,0.05180030395237831,0.41779341446052715,0.025209759606024867,0.10296557530933068,0.0,0.06798368251236639,0.0413852623158579,0.0,0.07817953674368312,0.28444289347073737,0.9764516970778242,0.9695665993731688,0.05739791363276416,0.029003956263219773,0.012789944736920316,0.00425554191007919,0.000511592214660892,0.13162211437177274,0.0839872327435236,0.06669506802288276,6.610696135189607e-05,0.6456831638668807,0.010196088633470294,0.5607819558880285,1.0,0.8682612680897077,0.489506015576233,0.9558192122055101,0.09204495336707123,0.21052803989297292,0.0,2.6961475429758592e-06,0.03209773197873744,0.43520544305721104,0.0693552145113388,0.006680979155755428,0.014466739252949584,0.6042619639089601,0.09766377221104905,0.1650768289824371,0.25515024246478935,0.41154229785135815,0.9645941517605049,0.3362524688026409,0.0,0.06375504939792592,0.4691087221079091,0.04418078779448986,0.8297755098892456,0.5050290666362898,0.023548302922175794,0.030430704479288223
0.01213059674701532,0.24183975323189408,0.13036623196703176,0.04666712674522984,0.02599224462135052,0.9999459673959119,0.20540302490662232,0.0330909655879595,0.051518386057161226,0.41866854095475065,0.02613740263177086,0.10403162059300274,0.0,0.06949600694787046,0.04785240063526788,0.0,0.07904543268317049,0.2857304938909366,0.9755703226796989,0.9724510212732436,0.05739739097166565,0.029049358764476358,0.012596561808022978,0.004204636862973339,0.0006285508321598226,0.13336299967118154,0.08589072861726997,0.06843282921514215,6.610696135189607e-05,0.6448855405584468,0.009367570342454511,0.5601547264187073,1.0,0.8697885777596164,0.48576865033406946,0.9583007950101903,0.09382532494571463,0.21067353066623473,0.0,2.5716404225561893e-06,0.03214320319917629,0.436787401950126,0.07023971563886618,0.006636153143113634,0.014393418722805713,0.5644194507682809,0.09568515899897297,0.1648001705299906,0.2565748075329684,0.4114456452264508,0.9644950270257746,0.33581365298828997,0.0,0.060715415292513134,0.46637894903066274,0.04169920498980975,0.8271292423711148,0.5035959754428287,0.024429677320301112,0.027546407086333928
0.012099928743919143,0.24141294116771908,0.13024988376046667,0.046650485965716554,0.025888091923090512,0.999945406643161,0.20434052026349422,0.03274653859602255,0.05138920910842974,0.419352831333923,0.027103058988307605,0.10494497672106219,0.0,0.07052298100215372,0.05502424381497637,0.0,0.07992561314759673,0.2868656085104039,0.9746571098947086,0.9750518258714357,0.057372815017946,0.02912856203415002,0.012414731243728565,0.004167233699317574,0.0007331374358574054,0.13491347949594018,0.08756786930599877,0.06983744629431025,6.610696135189607e-05,0.6442409501507379,0.008570753396617396,0.5603338431873822,1.0,0.8714164450974767,0.48234513010736774,0.9604296759308472,0.0955112079285983,0.2112064950745951,0.0,2.4494625659247512e-06,0.032197441110989246,0.4385133605273026,0.07107586925953781,0.0065987046567962315,0.01433303514177212,0.5291216926893806,0.09385506404652921,0.16459482672101686,0.2578216093209134,0.41122348536770303,0.964326187615075,0.3347211800915556,0.0,0.058060573900369554,0.46263062607765587,0.03957032406915279,0.824563178923805,0.501927896415001,0.02534289010529146,0.024945724665998426
0.012073585627573729,0.24105723752651864,0.13014964867433368,0.04664139172944364,0.025793300569610777,0.9999450086574301,0.2035365108983248,0.0324543118671024,0.051319419688704425,0.4199156415308302,0.02810752894492612,0.10575678570199246,0.0,0.07122328132544838,0.06286004953992583,0.0,0.08081903891424377,0.2879018918803952,0.9737138163464513,0.9774002732399398,0.05732940762221183,0.029236745837297382,0.012245217597175036,0.004084278667909125,0.0008855065318981707,0.13626696626315368,0.08906278225702109,0.0711810850015873,6.610696135189607e-05,0.6436873482584491,0.007819517529817096,0.5609766209387651,1.0,0.8730500681655118,0.47912457133239444,0.9622867281060579,0.09713906213546836,0.212008428269748,0.0,2.3305575924901454e-06,0.03225724655307057,0.44032984298809713,0.07186273558636806,0.006560274750599444,0.014286028250776168,0.497795129977676,0.09214477900176107,0.16446491578222164,0.259002352459493,0.41093095443734023,0.9640729535252568,0.3332665933592425,0.0,0.0557266505090399,0.4580153791276798,0.03771327189394211,0.8220418989502879,0.5000896798498567,0.026286183653548772,0.02259739620246766
0.012050136775982542,0.24075931496987538,0.13005351672910934,0.04665902927372735,0.02567654888168481,0.9999446256600936,0.20292117244642602,0.03210857795459255,0.05132929023731379,0.4204083854569307,0.029156172149796235,0.10644984944897855,0.0,0.07154415945044204,0.071365499746375,0.0,0.0817319145238508,0.28883480795501065,0.9727404162581575,0.979522676141061,0.05727079798984234,0.02936550032843156,0.012107492761543557,0.004015281216366645,0.001030873382251201,0.1375247029924816,0.09030049543553895,0.07227825870728943,6.610696135189607e-05,0.6431476378315244,0.0071173506324537965,0.5620766307439081,1.0,0.8748121520978105,0.47592575894852723,0.9639296500130224,0.0987451156653437,0.2130485158161275,0.0,2.215200946839008e-06,0.03231879765091898,0.44225230808458255,0.07260931687996641,0.006526878230869152,0.014229934543400071,0.46942716393039063,0.09058467879196394,0.1643804909728554,0.2601747123028469,0.41057999409127777,0.96372647721775,0.33147351980711337,0.0,0.053643688451747475,0.45270874130509786,0.03607034998697759,0.8195229698108055,0.4981166762288618,0.02725958374184249,0.020475108657992198
0.012027802390809804,0.24048354723435683,0.1299595945408068,0.046694996263568635,0.025563784623025262,0.999944356692989,0.20243248642533354,0.03177479953637085,0.051351074500527984,0.42084656092354655,0.030250968708081062,0.10705136775857961,0.0,0.07160405437752197,0.0804383037978853,0.0,0.08266159824889233,0.28968792703187507,0.9717365017501358,0.9814422665229314,0.05720476395799653,0.029511247273628114,0.011991419565770604,0.003972088808657331,0.001186241289642228,0.1386713580708062,0.0913825416088974,0.07312209468016552,6.610696135189607e-05,0.6424160509113174,0.006469433747137643,0.5634463073388116,1.0,0.8766197045383994,0.47278327091839134,0.9654008836827623,0.10034658012739521,0.21424985946697522,0.0,2.103764239006981e-06,0.03238265104267989,0.4442536970111343,0.07329823871221208,0.006494769089485832,0.014180971098387727,0.4437541179894871,0.0891270105429131,0.1643600831350839,0.2613546026464881,0.4102081802610187,0.9632795975447813,0.3295023249026087,0.0,0.05177624108407867,0.44677842528372336,0.034599116317237694,0.8169918216237124,0.49606221350114965,0.028263498249864134,0.01855562971282951
0.012006422476399735,0.24023751339825547,0.12987995711513337,0.04673367066524157,0.02544946875256566,0.9999441517938464,0.2020185752463915,0.03145972337405685,0.05139939622115471,0.4212406920669906,0.031396171734047594,0.10753293328792458,0.0,0.07144342860687129,0.08993523682159764,0.0,0.08360059098359528,0.2904698596059709,0.9707011605572269,0.9831791712917665,0.057139863260101335,0.029670758772826506,0.0118963829657287,0.0038930273535756777,0.0013325950817431311,0.13970913582668362,0.09229686823067472,0.07395115472281212,6.610696135189607e-05,0.6418347114687843,0.005877223728518943,0.5650456791796271,1.0,0.8784625042159685,0.46973123752202905,0.9667259923026712,0.10196274592541751,0.21556149997954838,0.0,1.996398870941426e-06,0.03244805069137765,0.44633375651603824,0.0739421918217795,0.006424457420797452,0.014133135515970048,0.42019055366393965,0.0877661472908746,0.1644919277645588,0.2626867963090034,0.40984643177604224,0.9627266045374334,0.32742138753244837,0.0,0.050094067177160286,0.44033352565637335,0.033274007697328835,0.8144366630909872,0.4939686404144808,0.029298839442773124,0.016818832309362583
0.011984368381231531,0.23998526630861208,0.1297950018569742,0.04679515419989306,0.025373274655796578,0.9999439897837249,0.20169707587816277,0.03110855042622031,0.05136760686603794,0.42158224904027825,0.032618165765920124,0.10798733570593413,0.0,0.07112894370999577,0.09978301468448526,0.0,0.08457130692400283,0.2912015269985258,0.9696341723374516,0.9847528994760052,0.05706815913084261,0.029833206035933493,0.011816195714821495,0.0038418113168439765,0.001481466549646576,0.14069916445383748,0.09313713439677443,0.07455835277963994,6.610696135189607e-05,0.6411371897293254,0.005339492332895822,0.566711353710257,1.0,0.8803042396016294,0.46673462460215726,0.9679376337936226,0.10358854314800132,0.21695661084342605,0.0,1.8931646146822076e-06,0.03251170000739461,0.4484583278516812,0.07454200530864623,0.006404528568237077,0.014056625717008496,0.3986851719067598,0.08651660518227228,0.16451790999522908,0.2640657620362876,0.40948611052823236,0.9620423419011841,0.32530131058380884,0.0,0.048566816688374835,0.4334823607133575,0.03206236620637741,0.8118401499279959,0.4918418621580482,0.03036582766254837,0.015245207359380128
0.011963167514010359,0.2397579487151773,0.12973105952769584,0.0468504179693739,0.02528491481440851,0.9999438566421363,0.2014202387169424,0.030777196150373637,0.051348399793007204,0.42189862021981933,0.033888313321064026,0.10838489777352477,0.0,0.07069456635788209,0.10978139740147926,0.0,0.08556274068808387,0.29188581443416584,0.9685308067179279,0.9861756477020799,0.05700001557056617,0.030012981074214462,0.011749391629854103,0.003780418540942099,0.0016397343714071497,0.14161344019436656,0.09387590174250741,0.07510762442163776,6.610696135189607e-05,0.6403408552327264,0.004853163759230009,0.5684463662072001,1.0,0.8821337742593641,0.46384235144188335,0.9690489298631497,0.10523093811981221,0.21840267957195839,0.0,1.794165559260247e-06,0.03257508630322153,0.4506377606118699,0.0750901155953141,0.006367334611452353,0.014003995635342804,0.3786182492667705,0.08535705058690578,0.16464048617676938,0.2653664008721252,0.40912810005917766,0.9612585229197059,0.32316873601927504,0.0,0.047171659382753826,0.42637625115663746,0.030951070136850337,0.8092063211921039,0.4897115059938758,0.031469193282072136,0.013822558132360852
0.011961215007876832,0.23954141765626305,0.12967112549812324,0.04691380264857002,0.02518578192328703,0.9999437186988238,0.20118702908919964,0.030433209669780005,0.051355592672005984,0.4221777123363862,0.03522251227419894,0.10873340616624304,0.0,0.07013568002951356,0.11981518963352356,0.0,0.08657392931311063,0.2925175484677015,0.9673923114239972,0.9874639540932166,0.0569344723234039,0.030195203070838835,0.011698101306858213,0.0037179122272508495,0.001772000650319617,0.1425070500960245,0.09455095645558834,0.07556771159543453,6.610696135189607e-05,0.6396263527019078,0.004414592228963779,0.5702419711864593,1.0,0.8839812199901111,0.46107186862204547,0.9700795836672992,0.10689329985621757,0.21989517092486643,0.0,1.699337558316722e-06,0.032637353827373754,0.4528610861581085,0.07560197682042102,0.006308353487558756,0.013957294666580976,0.35974172425565343,0.08427253951903639,0.1648582409827499,0.26674707795782665,0.40879083653759624,0.9603628954968373,0.3210246226472977,0.0,0.045883099980375375,0.41911294174443103,0.029920416332700876,0.8065327708306718,0.4875872806074321,0.03260768857600286,0.012534346569225054
0.011946089112873634,0.23931926063546316,0.12961032397732908,0.046987308333745696,0.025094696413396882,0.9999436239940719,0.2010024246877243,0.03006388945959902,0.05134106442411156,0.4224532140174893,0.036639668064708496,0.10908882984738148,0.0,0.06953359732297218,0.12975231836498213,0.0,0.08761139027645364,0.29312161844751083,0.9662221728806069,0.9886317459332681,0.05689990463988651,0.0303780042277645,0.01165488184972874,0.00365837855891578,0.0019193787254996324,0.14333279474414223,0.09517191848228557,0.0759475177787558,6.610696135189607e-05,0.6386997365120153,0.00402085548155531,0.5719836928771818,1.0,0.8857762825812533,0.4584658897694003,0.9710460511884289,0.10856331381709898,0.2214009995874556,0.0,1.6086557649531221e-06,0.03269414989878635,0.4551017160356212,0.07607801916914747,0.0062585257322323815,0.013921023562905505,0.3420713296225451,0.08326258667053218,0.16508019848756467,0.2681260423439886,0.4084605335078386,0.9593394764537362,0.3189274772754368,0.0,0.04469012009577452,0.4117817918656177,0.028953948811571137,0.8038252959064474,0.48547738196503354,0.033777827119393165,0.011366645410967
0.011928103564139763,0.23910463148151312,0.1295454056343082,0.047064960060064734,0.02500020535532258,0.9999435200600353,0.20084817852109046,0.029684869337388505,0.051325544460411314,0.4227181928402709,0.03813610744480474,0.10942711119650182,0.0,0.06885988497823102,0.1394751276335565,0.0,0.08866518868003542,0.2936804902673244,0.9650165978441151,0.9896899629271939,0.0568473139675133,0.03056389320893355,0.011625135787279705,0.0036014977282126477,0.0020456322801340157,0.1441882684705491,0.09575150903635493,0.07625766869321329,6.610696135189607e-05,0.6378755967733933,0.003667434400138026,0.5737147567185303,1.0,0.8875600447899356,0.45601319253798633,0.9719503384177514,0.11023930822268627,0.2229125580708427,0.0,1.5218102742300916e-06,0.03274982887808183,0.4573776486606059,0.07652294156495063,0.006222990851902532,0.013882755916192351,0.3254023671817754,0.08235314153928874,0.16529446861837452,0.26949714800063823,0.40812403992121904,0.9581964581550573,0.31685813208496777,0.0,0.04358007023183336,0.40451167982845726,0.028049661582248673,0.8010955030972783,0.48340695166183295,0.03498340215588488,0.010308515262531806
0.011909232259776336,0.2388827571035767,0.12947834284241047,0.04713933670614987,0.02491575609084593,0.9999434111945953,0.20072121553604413,0.029333402150609575,0.0512763653597855,0.4229708281467919,0.039703817581496166,0.109768923699173,0.0,0.06816202100778916,0.14886474654439988,0.0,0.08973190296818528,0.29419669321951264,0.9637749560142868,0.9906490127156843,0.05679122774292344,0.030750943135580477,0.011602152764047425,0.003547106314663732,0.00216340663506906,0.14499835918851545,0.09629114972206637,0.0765039038999074,6.610696135189607e-05,0.6371244505643228,0.0033507772843618306,0.5753906261507146,1.0,0.8892998393531382,0.45376781431955876,0.9728084798098597,0.11191593533630928,0.22442315484780115,0.0,1.438874439730915e-06,0.03280531027348584,0.45966958036034317,0.07692670879210589,0.006177698809833715,0.013851035045407653,0.3095152834667241,0.08149515760176892,0.1655718608478053,0.2708991209564674,0.40781389116777306,0.956945405134142,0.31484045015011247,0.0,0.04253813963907273,0.39736743913604133,0.02719152019014028,0.7983521616955055,0.4813801519326862,0.03622504398571322,0.00934954840987606
0.011889985895396383,0.23865923258469263,0.12941138699216134,0.047210684708358666,0.024837743412553792,0.9999432894335283,0.20061948305835223,0.028976522761669888,0.051206279079806835,0.4232158472830104,0.041351055967902985,0.11012403921638673,0.0,0.06745411021832746,0.1578403024466391,0.0,0.09081397935644483,0.2946795846723562,0.9624967321311226,0.9915184474387859,0.05673265934320892,0.03093688464833949,0.011585330708009824,0.0034966488426205187,0.002277267813551654,0.1457225005175598,0.09680102947319193,0.07668565398302733,6.610696135189607e-05,0.6364273210893495,0.003067343259593887,0.5770041834530203,1.0,0.8909908212254452,0.451738145868011,0.9736275770349455,0.11358751915959006,0.22592260196720948,0.0,1.3597390151605854e-06,0.03285920165890898,0.4619700326555598,0.07730308526731128,0.0061274957409208995,0.013822072314463968,0.29427422108970175,0.08068662808833847,0.16588209877696672,0.2723473293235861,0.4075269745754013,0.9555816007725031,0.31287177733059307,0.0,0.04155506855622742,0.39042155168535,0.02637242296505443,0.7955985014839652,0.47939781336043436,0.037503267868877324,0.008480192822198886
0.011870717751198745,0.23843628729539182,0.12934256435008853,0.047282518333111166,0.02476358443164101,0.999943159649901,0.2005383424728068,0.028614067637028038,0.05111988002648234,0.4234525318482174,0.04308167408183171,0.11049135462007689,0.0,0.06673899222606167,0.16633823943613743,0.0,0.0919099863417997,0.2951323303167812,0.9611814085618585,0.9923067796692779,0.05667187254681186,0.03112085513000341,0.011574163994253206,0.0034504663014382157,0.002377723147975995,0.1464290522132117,0.09727769847785507,0.0768226507728418,6.610696135189607e-05,0.6357868735769224,0.0028136915084291184,0.5785633459683749,1.0,0.892637211076791,0.4499233456691678,0.9744113927937837,0.1152502183191445,0.22740430259865832,0.0,1.2842966404694979e-06,0.0329119748544747,0.46427926252427854,0.07765530589217398,0.006074323232668446,0.013793982686263518,0.27957124859239346,0.0799222817833509,0.16622200986804256,0.27383923370694907,0.40726173844430424,0.9541046344097391,0.3109452994115482,0.0,0.04062379669714747,0.3837384148946948,0.02558860720621625,0.7928397953390558,0.4774633670845605,0.038818591438141516,0.007691936034081629
0.011851326176706402,0.23821078368196796,0.129273244971151,0.04735395642617205,0.02469658265113618,0.9999430203571106,0.20047591039614004,0.028248010366149795,0.051008600424974085,0.42368084505802384,0.044898049115481196,0.11087940144535913,0.0,0.0660375892330602,0.17431314168995718,0.0,0.09301982123378719,0.29556236571700434,0.9598288359289766,0.9930216924161472,0.05660994876105904,0.03130061951457259,0.011566809237374668,0.0034084445970227624,0.0024721605271022006,0.14709804111396357,0.09773000633174989,0.0769058443120179,6.610696135189607e-05,0.6351877462653901,0.002586736950851807,0.5800531904507462,1.0,0.8942244643045693,0.44832880529768104,0.9751650501736585,0.11689808732835628,0.22886122601437114,0.0,1.2124663979079145e-06,0.03296342673920529,0.4665897044390103,0.07798519837981431,0.006018648104812078,0.01376883594576666,0.2653342488003607,0.07919902250121681,0.1665883033389658,0.27536663702873726,0.4070167641808173,0.952515213933667,0.30906740810389466,0.0,0.0397379464623705,0.37735805301236186,0.02483494982634154,0.7900820914378565,0.4755764082686246,0.04017116407102337,0.006977095117454825
0.011831949681937081,0.23798589665084366,0.12920430098355112,0.04742499113217917,0.02463439113429645,0.9999428659762294,0.20042848760609472,0.02787391648765411,0.050878248895178946,0.4239010828847379,0.046801194392682585,0.11128630695624951,0.0,0.06535245128086073,0.181741153089062,0.0,0.09414123101699222,0.29597105287537884,0.9584386365108483,0.9936700354222616,0.05654741105446146,0.03147544054905723,0.011563199037490854,0.0033703404099388705,0.0025590808013973665,0.1477015812141827,0.09815817041202544,0.07694706401465759,6.610696135189607e-05,0.6346477012568699,0.002383541772838183,0.5814790753541058,1.0,0.8957549954176336,0.44694444422715185,0.9758904224195698,0.11852753386848461,0.230290232096772,0.0,1.1441355620076506e-06,0.03301380883341955,0.4689030328176047,0.07829457041098797,0.005960760945955084,0.013744850859318087,0.25146793991088895,0.07851291934114862,0.1669791679590456,0.2769327868588827,0.40675810330617534,0.9508152638344792,0.30723461768964466,0.0,0.03889255330150568,0.3713144026837861,0.024109577580430235,0.7873312351145232,0.47373871502784914,0.041561363489151695,0.006328820442176384
0.011812799144927295,0.23779587032199948,0.12913942627188685,0.04749731934056937,0.024577820898506953,0.999942684417984,0.20038890129459477,0.027493566358024305,0.05072964224852057,0.42409011385237066,0.048790601063311026,0.11171219377555221,0.0,0.06468916709068624,0.18861483637989543,0.0,0.09527285894859289,0.29636376213204074,0.957010975676341,0.9942580039440841,0.05648412129544394,0.031612453946243214,0.011562883552797623,0.0033358113492496845,0.0026679609089074806,0.14839114614893784,0.09857532695006167,0.0769576847169511,6.610696135189607e-05,0.6341078757346266,0.002201319282022042,0.5828413742750441,1.0,0.8972263648889163,0.44575680944616447,0.9765889262052285,0.12013199664931623,0.23168340986095673,0.0,1.0791903977088793e-06,0.033064156512550125,0.471226617861191,0.07858827393001232,0.005901181212592873,0.0137225588984863,0.2379812306510962,0.07786112151058572,0.16740025270343098,0.27854775247263164,0.40652833012489903,0.9490080796546669,0.30544643194940374,0.0,0.03808446802039749,0.3656283541739401,0.0234110737947715,0.7845951444020909,0.47195282800700267,0.04298902432365909,0.005740916865518122
0.011794046582125114,0.23760084175237256,0.1290803980786906,0.04757209740569941,0.024515490742266242,0.9999424920843862,0.2003581497122242,0.027105459219827432,0.05059167369041281,0.42427595821231734,0.050867252869467305,0.11212548343475692,0.0,0.0640059686807765,0.19494487634529012,0.0,0.09640663460968109,0.2967252635172703,0.9555477800078818,0.9947915117405416,0.05642188914497959,0.03175545716324051,0.011570355731477992,0.0033047059668805654,0.002755272695800709,0.14904930576399997,0.09896233952778713,0.0769173369337932,6.610696135189607e-05,0.6335871390411384,0.0020375583502340827,0.5841818085383036,1.0,0.8986689638815493,0.44472063697539505,0.9772468938763829,0.12172386433699867,0.23305571851068538,0.0,1.0175357336016665e-06,0.03311286841752531,0.47357387558930686,0.07883057050857493,0.005839627346378662,0.013694273263428352,0.22447633242206444,0.07730292149186394,0.1678584567679674,0.2802346410177941,0.40636138625620993,0.9470951887802986,0.30369270802693954,0.0,0.037325067437674234,0.36033448667931484,0.022753106123617115,0.7818695010533202,0.47021901797204435,0.044452219992118264,0.005207470723724843
0.011774796357795006,0.23739211776140465,0.12902435849473073,0.04764584355418462,0.024460855371131216,0.9999422992770206,0.20033688116651854,0.02671157758714791,0.050423977585658405,0.42445659494612253,0.05303535704750145,0.11254311227987675,0.0,0.06333701234655444,0.20074254112300557,0.0,0.09754767340175524,0.2970681344328211,0.9540495550966288,0.9952756181299999,0.056358726974829895,0.03189851856642615,0.011581247488742152,0.003276776222433623,0.002833572203625979,0.14966110059377327,0.09932672253147493,0.076827482039415,6.610696135189607e-05,0.6330802602025629,0.00189068561661188,0.5854715950003999,1.0,0.900057963385131,0.443861623504666,0.9778735007057271,0.12329749207502438,0.2344034105742924,0.0,9.59063297412968e-07,0.033159981613891006,0.475909326769196,0.07905351186732892,0.005775891260937866,0.013669689512250434,0.2111834416744633,0.07677078036818806,0.16833148145924048,0.2819316491048519,0.4062075221409033,0.9450739573358866,0.3019852927197233,0.0,0.03660502426831453,0.35539583537232844,0.02212649929427291,0.7791548345232204,0.4685284549928866,0.04595044490337118,0.004723422806702668
0.011755436861871362,0.23718074112573395,0.12897181662515628,0.047719842470842,0.024411754114247192,0.999942096886286,0.2003262639368743,0.026345154738275454,0.050236291585743095,0.42462396700976496,0.05529279507422034,0.11296710453613135,0.0,0.06268946072243631,0.20602920491695448,0.0,0.09869405648271959,0.29739518981422575,0.9525158525144842,0.9957147607923684,0.056296105192375295,0.03204037085782694,0.01159435329517616,0.003251695445432924,0.002894490685763572,0.15023439065118638,0.09967477660727941,0.07672388733726025,6.610696135189607e-05,0.6326467490343355,0.0017587827038338772,0.5867065738454341,1.0,0.9013916903916344,0.443167180144532,0.9784727764988146,0.12484545900885585,0.235720235480157,0.0,9.036373458303425e-07,0.03320667851455914,0.4782439133310166,0.0792614102087979,0.005710689678674842,0.013647212587346393,0.1981327376502079,0.07626469858587044,0.16882514530432613,0.283661262521467,0.4060671348005137,0.9429484222219457,0.3003263216184345,0.0,0.03591884888592938,0.35080361493851353,0.021527223501185373,0.7764604845084245,0.4668845747056173,0.047484147485515715,0.004284335570285696
0.011735941327716843,0.23696627710171814,0.1289236675016872,0.047788321233391676,0.02437105797162742,0.9999418851574101,0.20032748887911547,0.025959979746852543,0.0500213986701179,0.4247874413841143,0.057636667861669065,0.11340651784690213,0.0,0.062084832684374404,0.21083059669176968,0.0,0.09984649698237419,0.29771413614087,0.9509474776550326,0.9961130714907562,0.056232462178610346,0.03217878231969143,0.011606924434185385,0.003228954828361916,0.0029600695789342726,0.1507655046055142,0.10001489404188464,0.07660993719264823,6.610696135189607e-05,0.6322088488957873,0.0016402973780551536,0.5878715592451691,1.0,0.9026532869665687,0.44263077019267083,0.9790499217241286,0.12636151778567045,0.2370000497277824,0.0,8.511463162845266e-07,0.03325307954151651,0.4805712826968487,0.07945357587947617,0.005644061001218639,0.013628454334600568,0.18529342092409695,0.07578636386528903,0.16933232127965947,0.2854227992390198,0.4059401163459569,0.9407230347602757,0.2987219229079287,0.0,0.03526188034905693,0.34653863311555955,0.020950078275871326,0.7737919852319554,0.46528581413134756,0.0490525223449674,0.003886077362927534
0.011683179135689262,0.23674828697703465,0.1288742670557194,0.04785760091313349,0.024330230177128414,0.9999416570033159,0.2003335526953269,0.02555974917739955,0.04979584268027401,0.4249853221381703,0.0600633757372777,0.11384994707351904,0.0,0.061503063601577895,0.21518244446201282,0.0,0.10100127480028037,0.29801985291594,0.9493446176387368,0.9964743053538409,0.05616968575482601,0.032313088704436325,0.011620914616961927,0.0032083175785654074,0.0030257782773982144,0.15127622244918637,0.10033944189521171,0.0764876830623683,6.610696135189607e-05,0.631773513269212,0.0015336161410122407,0.5889939327895101,1.0,0.9038663902616665,0.44222382747712025,0.9796052897209202,0.1278480357726642,0.2382486649062181,0.0,8.014577044934868e-07,0.03329965019328331,0.4829007767051304,0.07963113428359526,0.005576758568045001,0.013608427824415788,0.1725391288236625,0.07533324440277875,0.1698600724431038,0.28723880242062116,0.40582805499843544,0.9384030081217101,0.2971561201369709,0.0,0.03463054613675564,0.3425937280608669,0.020394710279079853,0.7711506894270554,0.46373148217784194,0.05065538236126318,0.0035248931884547113
0.011653364778144113,0.23652302915402762,0.12881770498122105,0.04792652226542727,0.024289557888723327,0.9999413942969013,0.2003312807056505,0.02514677374803849,0.04955382806768113,0.4251664061178333,0.06256635016686544,0.11428504909895457,0.0,0.060930271166992504,0.21911443067760056,0.0,0.10215586740569288,0.2982989617577656,0.9476985957399451,0.9968018533662264,0.05611079484835069,0.032443284368976935,0.011637373069547798,0.0031893285262382847,0.0031056200151418608,0.15179976185278005,0.10066361164579553,0.07635416231775927,6.610696135189607e-05,0.6312243145621287,0.0014374207420486114,0.5900893246494248,1.0,0.9050465901736793,0.44193242020812745,0.9801394995892644,0.12930718827681406,0.23947560420133013,0.0,7.54435359893407e-07,0.03335267547194807,0.4852371997967924,0.07979626176217458,0.005508557046296412,0.013554343039512062,0.1598278164877131,0.07490122409615523,0.17040300187412302,0.2892320885885908,0.405760494564301,0.9359962290910859,0.2956256262516207,0.0,0.03402313865932805,0.33895314911427193,0.019860500410735654,0.7685369443174931,0.46222543404090427,0.052301404260054904,0.0031973921984137345
0.01162931471928799,0.2363030272929845,0.12876852287907975,0.047997261120490686,0.024253244979152155,0.9999411064266114,0.2003364785505447,0.02472174709063752,0.049292397216438785,0.42533455123441316,0.06514261965731241,0.11470932713618245,0.0,0.06034195000968536,0.22266385130884228,0.0,0.10331826455965067,0.29856584222192256,0.9460158774624686,0.9970988326920498,0.05605277574245793,0.03256789681094714,0.011658714869241497,0.0031719672573919575,0.003173483650165232,0.15232358735416932,0.10096223607152358,0.0762050521490874,6.610696135189607e-05,0.6306730998854164,0.0013503691344950277,0.5911826617796058,1.0,0.9062186739045963,0.44172047625733973,0.9806487853999754,0.13074510972171538,0.24068206623060898,0.0,7.099098196833547e-07,0.033401854096558097,0.4875798976048484,0.07994396477003314,0.005439848562101969,0.013521706874252264,0.14693616846605168,0.07449605104552094,0.1709648596717119,0.29113226531402847,0.40570530906813257,0.9335070112081926,0.29410801108421175,0.0,0.033439376085718314,0.33561567243381796,0.0193512146000246,0.765936625718634,0.46075209154746855,0.05398412253753141,0.0029004573981305476
0.011607239234157823,0.23610131083660937,0.12872689079609184,0.0480745731579832,0.02421789802726216,0.9999408179477527,0.20034910463032182,0.024277852787954718,0.04902716265341756,0.4254739205331145,0.06778936185916658,0.11512768138182185,0.0,0.05976068625340398,0.22586035497880164,0.0,0.10448142678821283,0.29881853559839555,0.9442998161519988,0.9973681490479324,0.05599609941073074,0.03268928911092914,0.011682168686654053,0.0031560637910489193,0.0032298740711158873,0.15283654682527248,0.10124847770288983,0.07604275588130484,6.610696135189607e-05,0.6301565660207172,0.0012716245844868674,0.5922451196679498,1.0,0.9073605354994009,0.44160031239869224,0.9811364094111464,0.13215830655369748,0.24186635821613142,0.0,6.678072073367177e-07,0.03345016601059513,0.4899307020317791,0.08007615722797927,0.005371267032760586,0.013496543897767211,0.13404143011144706,0.0741175567813101,0.17154142442099254,0.2930663572553699,0.405657713365653,0.9309390135563466,0.2926271989502284,0.0,0.03287877824719518,0.33253933262250607,0.018863590588853535,0.7633602666580898,0.45931510618547305,0.05570018384800128,0.002631183144860281
0.011585931979372691,0.2358725111323227,0.1286937433934948,0.0481517198971777,0.024185186749729384,0.9999405530179514,0.2003778056142363,0.023833381059981104,0.048751760467221614,0.42561573769935235,0.0705028936235724,0.11554379761754761,0.0,0.05920146278744812,0.22873404282433835,0.0,0.10564318173053264,0.29905988262083505,0.9425535454175045,0.9976124291489056,0.05593954658177151,0.032806768739489116,0.011705899972919999,0.003141312923624766,0.0032803142020395135,0.15330801212991538,0.10152813199960921,0.0758740465038512,6.610696135189607e-05,0.6296875542940658,0.0012003999400510945,0.5932665219607787,1.0,0.9084592089383562,0.4415722381343196,0.9816055404273579,0.13354488859937227,0.24302744071847504,0.0,6.280499135201257e-07,0.03349885103270912,0.49230274826033016,0.0801935506356259,0.0053030269205753666,0.013475614460331088,0.12107957056567462,0.07376559737785143,0.17213325098673837,0.2949873942597095,0.4056119466069647,0.9282967064363765,0.29118968042167376,0.0,0.03233932827419573,0.329693719041342,0.01839445957264203,0.760811929670095,0.45791267666068997,0.05744645458249558,0.0023869428011808473
0.011564746654675445,0.23568352025404057,0.12866407123853604,0.048228332731344865,0.02415500627573519,0.9999402401974964,0.20040943547725434,0.023386054155147884,0.04846655059791759,0.42572132554181596,0.07327626113218262,0.11595955677213209,0.0,0.058668683700997926,0.23131790789226025,0.0,0.10680251310391276,0.29929029494380843,0.9407765541812474,0.9978338817496718,0.055882052872347106,0.03292046766237005,0.0117288685315345,0.0031056200151418616,0.0033271680806982364,0.15376322372246548,0.10179539865901595,0.0757813658040275,6.610696135189607e-05,0.6293518649068447,0.0011359443262313322,0.5942453555521439,1.0,0.9095117151502327,0.44162078505210256,0.982057744378861,0.134905008590412,0.24416271779132578,0.0,5.905019964201464e-07,0.033547729512181275,0.49467543034334377,0.08029579859168895,0.0052357806289418775,0.01345671942848522,0.10819875553390391,0.0734414448196115,0.1727390820730935,0.29692206054329306,0.4055774441191583,0.925587794541586,0.289795087675724,0.0,0.03181960114876946,0.3270613070556373,0.01794225562113905,0.7582924783056753,0.45654698726486576,0.05922344581875261,0.0021655277483317945
0.011543657053278322,0.23546631260873865,0.12863729336920243,0.04831342683275264,0.02412629660003591,0.9999399151457903,0.20047024453282125,0.022915664168884846,0.04816434839418356,0.4258271006848197,0.07610345692028417,0.11641240854413627,0.0,0.05815843101217346,0.23368072251034275,0.0,0.10796777387046848,0.29951100166907535,0.938974108066077,0.9980347670267217,0.05582175080572348,0.03302897543416042,0.011751087636162151,0.0030722866818085276,0.003371869683703093,0.15419344454728504,0.102047828075852,0.07567530537400975,6.610696135189607e-05,0.6290821201830048,0.001077514362739535,0.5951538018212196,1.0,0.9105264690945217,0.44170531188413814,0.9824966364851593,0.13623492637460932,0.24528581807879585,0.0,5.550894456755914e-07,0.033595956069622866,0.4970397971079976,0.08038343222903778,0.005171334649789617,0.013438861247217078,0.09533582238482394,0.07314478367955098,0.17335239233205035,0.29888864289269296,0.40555548055330354,0.9228190287169763,0.2884337896346442,0.0,0.03131509989330484,0.3246139656055191,0.017503363514840678,0.7557972997549223,0.45520318025212875,0.06102589193392304,0.0019646778838326774
0.011522741785463196,0.23524189872121584,0.12860882784932995,0.04840070882205521,0.024098813922363498,0.9999395684337458,0.2005502846816731,0.022433981260946066,0.047851233463280816,0.42593008306123814,0.07897342044995011,0.11689432271895842,0.0,0.05766875008484337,0.23584035543215118,0.0,0.10913435724675331,0.2997175142846859,0.9371445289516855,0.9982168446246632,0.05576142333556377,0.033133339027277386,0.011771968985344307,0.0030722866813141137,0.003414883113533508,0.15460271442073967,0.10229380950747582,0.0754494380384895,6.610696135189607e-05,0.6287026281500669,0.001024483808795534,0.5960037801011685,1.0,0.9115057799776505,0.44182103749520085,0.9829225454636619,0.13753402617215466,0.24639066944346727,0.0,5.216838304297869e-07,0.03364374870029231,0.49940866526207944,0.08045420718238408,0.0051088024818269,0.013421351085302232,0.08240278064656231,0.07287572731714684,0.17397396122450898,0.3008377581251853,0.4055458779088658,0.9200020957412544,0.28710189717987317,0.0,0.030825469937506105,0.322338607072648,0.01707745453633812,0.753331616581092,0.4538918162718469,0.06285547104831449,0.0017826336915063433
0.011502253080944477,0.23502744338270792,0.12858934531191923,0.04847600969696428,0.02407367513302792,0.999939253334399,0.2006168155203656,0.021978843558537707,0.04754901213014073,0.4260232683033807,0.08187686510117029,0.11734052620831877,0.0,0.05720152775691951,0.23775873900742917,0.0,0.11028629366972535,0.2999130712898191,0.9352891482962351,0.9983818461522851,0.05569475666701348,0.03323617495816252,0.011792743775361133,0.0030389533479807814,0.003456523018868743,0.1549942499114663,0.10252774524888854,0.07535288673765093,6.610696135189607e-05,0.6284734591949444,0.0009763967072935375,0.5968591853481326,1.0,0.9124450018934215,0.44201452713310174,0.9833322881355245,0.1388119190219578,0.2474630606983465,0.0,4.901778352396203e-07,0.03369284444566188,0.5017854089332111,0.08050904188215671,0.005024998740641492,0.013404301752975897,0.0693851206632622,0.07262642910730525,0.17466614499982602,0.3028772252666526,0.4055630038888281,0.9171467381915361,0.2858002884435486,0.0,0.030353470349658997,0.32022673385946915,0.01666771186447543,0.7509017873083169,0.4526238680118344,0.0647108517037649,0.001617663669879678
0.011481214051880328,0.2348005264311845,0.12856247019914807,0.04856410521758064,0.024048267957046,0.999938879188228,0.20069736051172332,0.021486629450295475,0.04723302805288654,0.42611967954066277,0.08483356864138836,0.11782395935793352,0.0,0.05674937271560255,0.23952657832316887,0.0,0.11144508763358972,0.30010224264311314,0.9334128860210316,0.9985314861701067,0.0556389015206135,0.03333536940550507,0.01181312179895205,0.0030206901136936772,0.0034971584465904367,0.1553535117559623,0.10275000639410564,0.07519745692658614,6.610696135189607e-05,0.6281754366297144,0.0009327184921480172,0.5976568853176742,1.0,0.9133560018573197,0.4422176088774434,0.983730052884569,0.14006221699802593,0.24852361534092526,0.0,4.604866639825732e-07,0.033741233171444236,0.5041599028754727,0.08055190498632664,0.0049441189410800454,0.013386343644832948,0.05626217265179209,0.07240325908105118,0.17535829626016822,0.30495981557692187,0.40559653552110125,0.9142337128664636,0.2845191553243922,0.0,0.029894625427077777,0.3182558127993877,0.01626994711543095,0.7484926953683844,0.4513741420159616,0.0665871139789684,0.0014680533432293189
0.011460102041959349,0.2345778180344125,0.12853622361027905,0.04865217242339882,0.02402377612927597,0.9999385131290639,0.2007740937182318,0.02095663178075125,0.04691358367876801,0.42621537716862073,0.08783204493978285,0.1183136438547844,0.0,0.056312361695065406,0.24113328657627195,0.0,0.112601315452069,0.30028318154812766,0.9315157371554209,0.9986671354569201,0.055580531581433605,0.0334320789865293,0.01183367331285874,0.0030019666196327744,0.003536953031845856,0.15571309684895318,0.10296535346162264,0.07505007394888528,6.610696135189607e-05,0.627875739682756,0.0008930457778852406,0.5984268223814825,1.0,0.9142372352432113,0.44244896499310615,0.9841140113974969,0.14128654698679355,0.24956052505911624,0.0,4.324890202724747e-07,0.033789668938652546,0.5065404007889551,0.0805795661611725,0.004863160589460327,0.013366346936597315,0.043056950747969246,0.07220477146319505,0.17606113341784405,0.3070677158210625,0.4056479047273151,0.9112749092823319,0.2832595337637331,0.0,0.029450403061723255,0.316417748430622,0.015885988602503082,0.7461121375611375,0.45015629339275615,0.06848426284457906,0.0013324320540596092
0.011438906628735087,0.2343534011925775,0.12851123135602677,0.048745304181673506,0.023999894373008587,0.9999381305557796,0.2008487955971239,0.02043667391707811,0.04658927360044317,0.4263004429968242,0.09086623514547705,0.11881030177356262,0.0,0.05588804969731211,0.24259615968212475,0.0,0.11375527270182742,0.30045610360511427,0.9296001342375371,0.998790115385105,0.0555227425862918,0.03352531662979387,0.011854333188510568,0.0029829603133971405,0.0035761547398318804,0.15606371100440244,0.10317216412835763,0.0749088800990763,6.610696135189607e-05,0.6275758897934273,0.0008570093284890876,0.5991712563281879,1.0,0.9150924796874699,0.44270510010407077,0.9844849816118096,0.1424875482056821,0.25057946397257747,0.0,4.0610714744214374e-07,0.033838286068820646,0.5089250989773355,0.08059268005693757,0.004781235444542618,0.013345611784086145,0.029719594125926896,0.0720300274317244,0.1767860919100205,0.30918905425151394,0.40571757698058447,0.9082767555260338,0.28201844189824954,0.0,0.029019470615217997,0.31469874021380456,0.015515018388190385,0.7437571790924905,0.4489644324223083,0.07039986576246296,0.0012094785077476056
0.011417005472294621,0.23413082506863894,0.12848917945865304,0.048837417456575334,0.023976926152310105,0.9999377345637979,0.20092403951266646,0.019921071948631436,0.04626353222576384,0.4263769491289009,0.09393023408454611,0.11931433940812623,0.0,0.055473500385983615,0.24393249865565197,0.0,0.11490651333503682,0.3006198748890436,0.9276688084753094,0.9989016077460302,0.05546590058061904,0.033615402363763085,0.011875286263208428,0.002963558316161426,0.0036148409338458607,0.1564068032757338,0.10337155586758523,0.07476933544334753,6.610696135189607e-05,0.6272759969452073,0.0008242753028792283,0.5998896519422685,1.0,0.9159249693239874,0.44298006085123304,0.9848432222861065,0.14366597634695968,0.2515820277493433,0.0,3.812531920719132e-07,0.03388686759163592,0.5113161118139646,0.08059133004002833,0.004697184686298133,0.013324707903143513,0.016247374768429267,0.07187964531979071,0.17751186481622702,0.3113286186165664,0.4058077996523666,0.9052454906125746,0.28079600864960524,0.0,0.028601530290028966,0.3130874404931151,0.015156777713893453,0.7414275103180035,0.44779809736161313,0.07233119152469056,0.0010980110007777436
0.011393541324994044,0.23390925060447862,0.1284680604369765,0.048929378260073354,0.023954500221160437,0.9999373268375933,0.2010002730446345,0.01940703403277729,0.04593818928012215,0.42644730527801195,0.09701981910651375,0.11982611197779314,0.0,0.05506677779985862,0.2451579488574228,0.0,0.11605522372790666,0.30077479153352915,0.9257250843725892,0.9990026984841133,0.05540982543517392,0.03370227524859935,0.011896495549802738,0.002943929034962207,0.0036529859327400264,0.15674326960823365,0.10356329027536697,0.07463265934674539,6.610696135189607e-05,0.6269764345368087,0.0007945630295044887,0.6005829368181957,1.0,0.9167368793093108,0.4432701493401177,0.9851891005884171,0.14482309997601972,0.2525697960618984,0.0,3.5784381431884194e-07,0.033935463709435336,0.5137124434416238,0.08057577402345827,0.004643913913356184,0.013303384753914979,0.0026305909668546054,0.07176210700961057,0.17816724534752004,0.31337245858790014,0.4058970685893946,0.9021856178639818,0.27959095120401106,0.0,0.02819634289083056,0.3115719018024595,0.014810899411582914,0.7391216762960736,0.44665541240457246,0.07427491562741081,0.0009969436720724475
0.011369975807926487,0.23368737038782708,0.12845586839547077,0.04901009216399901,0.02393204521793884,0.9999369099716903,0.2010904383522849,0.01889373530299973,0.0456052851402809,0.42651093515244387,0.1000864582430839,0.1203345459049975,0.0,0.05466661872451149,0.2462852017752189,0.0,0.11719317680208985,0.3009143246299796,0.9237715274334289,0.9990943267034094,0.055355945640779204,0.033754319626598736,0.011918105808720974,0.00292288300232392,0.003690566927825915,0.15716472837642964,0.103750830505954,0.07450388672199067,6.610696135189607e-05,0.6267868063490853,0.0007676014329420183,0.6012539848122139,1.0,0.9175316661755955,0.44357557033161293,0.9855238459260612,0.1459610153476406,0.2535461143832841,0.0,3.3579895263539646e-07,0.03395068260510538,0.5161100189399767,0.08054083907513662,0.004572062890555849,0.01328213170746484,6.610696135189633e-05,0.07166614526361274,0.17889850531357013,0.3154168671221802,0.40594630771060597,0.8991459403239741,0.27841146928278854,0.0,0.02780171509989311,0.3101392278931683,0.014476154073938798,0.7368458078502695,0.4455395609867364,0.07622847256657102,0.0009053374976379723
0.011349071021596158,0.23346498805371155,0.12844423008674488,0.049096106293510626,0.023910723122763027,0.9999359802651989,0.2011811517520442,0.018378352750877285,0.04527792500720466,0.4265730194929519,0.10315263131241581,0.12084812668834383,0.0,0.05428158893876362,0.24732428802455866,0.0,0.11831809176932183,0.30103687770061555,0.9218114269454503,0.9991773121688122,0.05531374485315999,0.03381217090255666,0.01194337223341117,0.002901962690821247,0.003727318318737722,0.15746226450560882,0.10393827908693944,0.07434902980498,6.610696135189607e-05,0.626607238046438,0.0007447923698878303,0.6019125607131521,1.0,0.9182904254432178,0.4438779857928335,0.9858404339257053,0.14708701381286868,0.2544984511651248,0.0,3.1503529448108e-07,0.0339868008268251,0.5184078622806393,0.0804983545042602,0.004490209317174283,0.01326240155071335,6.610696135189607e-05,0.07159414632832219,0.17972235908409012,0.31754684012917456,0.4059867506101685,0.8961025763176964,0.27723931259850393,0.0,0.0274279856180186,0.3087977261826078,0.014159566074294687,0.7345948944178095,0.4444646711342597,0.07818857305454974,0.0008223727958932714
0.011327135983989933,0.23325276308609413,0.12842808152795746,0.049185339065989674,0.023889380413541928,0.9999349218675264,0.2012663104540079,0.017874230188004346,0.044954502258882305,0.42663062673052377,0.10622268450357489,0.12137095579281768,0.0,0.05390442922053126,0.24828343267395703,0.0,0.11942913126240215,0.3011489398406994,0.9198481610538496,0.9992525017545564,0.05527128285358544,0.03387548570021353,0.011969867421674035,0.0028811847961798674,0.0037627567471739706,0.15767401929413433,0.10410927397830848,0.07417719934004553,6.610696135189607e-05,0.6264291220524035,0.0007258593592985248,0.6025498266926421,1.0,0.9190229953643713,0.44417029693579735,0.9861399322521929,0.1481773529667656,0.25540868200116407,0.0,2.954723489177544e-07,0.03402571316351727,0.52063145874592,0.0804451371792881,0.004421307138099662,0.013243319330218783,6.610696135189607e-05,0.07155765806412663,0.18049737062738638,0.3196563693182136,0.40603354073267006,0.8930514561371266,0.2760792175145402,0.0,0.027072575415097493,0.30754627039024574,0.013860067747807122,0.7323935157708323,0.4434423781581365,0.08015183894615038,0.0007472027730947241
0.011305042767052654,0.23304713510403685,0.12841335598965575,0.049269208029901056,0.023867911552178385,0.9999338460042346,0.20135321361840383,0.017338240603079508,0.0446296898839003,0.42669026793740206,0.10926609888807798,0.12189657089402227,0.0,0.05353038284413838,0.24916854508553712,0.0,0.12052007788306791,0.30124509334314536,0.9178864194498991,0.9993206405670282,0.05526237095879981,0.03394427869143352,0.011996716596686654,0.0028598405301336585,0.003796969835290466,0.1578388880003385,0.10425612317140141,0.07400854867230079,6.610696135189607e-05,0.6260967965426512,0.0007103869168374811,0.6031638646561436,1.0,0.9197383490894584,0.4444598045750603,0.9864251126842642,0.14922557550161497,0.25628129735531874,0.0,2.7705018610662715e-07,0.03406566032750917,0.5228052772878347,0.08037657245300589,0.004354456817463335,0.013225005614905744,6.610696135189607e-05,0.07155162373598067,0.18126364717873547,0.3217200840748038,0.4060919595324574,0.8900235141950845,0.2749395644498342,0.0,0.026731268066403212,0.30637165033940267,0.013574887315735714,0.7302543466153171,0.44247360930153595,0.08211358055010085,0.0006790823827857473
0.011282547882563684,0.23283929161866349,0.12839636641085542,0.04935636628676728,0.023846442247026197,0.9999660980375105,0.20144471627684274,0.01681836640147851,0.044306117405100036,0.4267430590598611,0.11227403031348969,0.12243073300383386,0.0,0.05316357597371038,0.24999537595014068,0.0,0.12159311801219343,0.30133356855758686,0.9159294599849959,0.9993824076273682,0.05523219751601406,0.0340185821872291,0.012024797512925348,0.002838264742599285,0.003830156781889612,0.15802293472204734,0.10439307974577514,0.07385754477325215,6.610696135189607e-05,0.625792757418868,0.0006980946219193045,0.6037446289841991,1.0,0.9204344825964907,0.44473879593006765,0.9866964541250577,0.1502250258322552,0.2571111343606109,0.0,2.596789539420914e-07,0.03410412707326741,0.5249308642927096,0.08029385498589316,0.00429158679462103,0.013222284164655483,6.610696135189607e-05,0.07157773271061231,0.18203506008775175,0.3236590767514103,0.4061489796664678,0.887027875064591,0.273824638011967,0.0,0.026401941429798896,0.3052658281197916,0.013303545874942304,0.7281818561555514,0.44155529708180213,0.08407054001500419,0.0006173326936779573
0.011260622833729878,0.23263391409302123,0.12837970844235932,0.04944059781955042,0.023821725385035908,0.9999649794729056,0.20154148718196807,0.01631230036421861,0.043997628423558005,0.4267889948190111,0.11523487101377257,0.12296492906762523,0.0,0.0527971039753849,0.2507660674498522,0.0,0.12263971255107911,0.3014010261441027,0.9139806132967584,0.9994384108635196,0.055199934065710804,0.034094417739897624,0.012052673938589893,0.0028492061748488216,0.003841236246381148,0.15817949206685328,0.10452117496118896,0.07359254915860698,6.610696135189607e-05,0.6254662946089841,0.0006887422619856351,0.604304342786414,1.0,0.921123172388023,0.4450253593313337,0.9869582431860892,0.15118353882939098,0.2579157921147909,0.0,2.4332445568296123e-07,0.034143398249853345,0.5270169886215332,0.08019836183971957,0.004200306130492354,0.013188950830747006,6.610696135189607e-05,0.07161983922986995,0.1828782702039878,0.3258136227187842,0.4062581216951022,0.8840763867242418,0.27273072814596083,0.0,0.02607972363659213,0.3042085732188141,0.013041756813910791,0.7261767486195299,0.44068318174110643,0.08601938670324166,0.0005613458120247525
0.011238262523564984,0.23243860512903922,0.1283629374017214,0.04951697955306126,0.02381302938411202,0.9999639085747187,0.20160598084043818,0.01582273914497968,0.04368426495719612,0.4268311758834271,0.11818479293694237,0.12346161797375858,0.0,0.052469469567733844,0.2514170205353847,0.0,0.12366769399999326,0.30148178616933624,0.9120438718740352,0.9994892045898257,0.05516627922761807,0.03416644882095205,0.012077112086429292,0.0028479228971652853,0.003872812855444812,0.15829805581273843,0.10464937031922598,0.07338828887386166,6.610696135189607e-05,0.6250926269664191,0.0006822590577276067,0.6048772098244117,1.0,0.9217625255035573,0.4453723451270455,0.9872095475760925,0.1521047070508094,0.2586709289560859,0.0,2.2794014704479292e-07,0.03418346442770632,0.5290420658738535,0.08008781807155582,0.00413346325897274,0.013188950830252592,6.610696135189607e-05,0.0717023658418455,0.18365324495493018,0.32776638929209667,0.4063489165752876,0.88113294800533,0.2716611722018298,0.0,0.0257680049287087,0.30321063433756984,0.012790452423907571,0.7242275989491973,0.43984728487457786,0.0879561281259648,0.0005105674700272107
0.011216621181386733,0.2322529638774958,0.12835685255678964,0.04958830750857858,0.023792112344704592,0.9999627816977545,0.20165826261302477,0.015349714324058048,0.04339691833849469,0.42686304604046893,0.12107865298803028,0.12392443566153495,0.0,0.052142640770299856,0.2520005387130425,0.0,0.12466168407930314,0.30154438741405265,0.9101243735135126,0.9995352938362903,0.05513575980291436,0.03424094615325969,0.012103103478182213,0.0028390802951435657,0.0038857774946980516,0.15841499032374015,0.10475703402277647,0.07321923939220333,6.610696135189607e-05,0.624808279733277,0.0006783654291878971,0.6054478986322211,1.0,0.9223933637251385,0.4457283960394416,0.9874509474878389,0.15299052004515729,0.25940086231632603,0.0,2.1347452511014257e-07,0.03422295457489293,0.531041167620509,0.07996571385333953,0.004048395989237831,0.013155617496424845,6.610696135189607e-05,0.0718000736633878,0.1844744768290977,0.3298484777916685,0.4064851957205101,0.8782429815827818,0.2706276657062439,0.0,0.02546399550456173,0.30227106524751585,0.012549052512161115,0.7223477958755395,0.4390547502696213,0.08987562648648738,0.000464492689184705
0.011194543771212206,0.23206152342950848,0.12834548581746003,0.0496636091227719,0.02378284645483111,0.9999616330115475,0.20171042182808785,0.014864675702580035,0.043090225387891236,0.42689459636757116,0.12394290644064163,0.12439624376215512,0.0,0.05184307582174852,0.2525314777199337,0.0,0.1256475442571564,0.3016172432385573,0.9082275057806509,0.9995771321245975,0.05510309367651354,0.03431184704888038,0.012126775434607702,0.002826476875899618,0.003917069789843425,0.15850658112495877,0.10485609855096356,0.07307070266022754,6.610696135189607e-05,0.6244878528121564,0.0006770524671190662,0.6059822636696036,1.0,0.9229904590277529,0.446085598761145,0.9876844581308847,0.1538384057375461,0.260102707528585,0.0,1.998794904016671e-07,0.03426174585996987,0.5329833932080255,0.07982964964615653,0.004000498259983569,0.013155617496424845,6.610696135189607e-05,0.07193889232167446,0.1852305830501705,0.3316383202039976,0.4065878982619551,0.8753800410922393,0.26962149256824136,0.0,0.025166465150498647,0.3013829235189214,0.01231554186911528,0.7205140500052974,0.4382800492328577,0.09177249421934908,0.00042266799591208316
0.011173709582242671,0.23187622560213206,0.12834423202443723,0.04973094148295995,0.023761612141153462,0.9999604461972864,0.20177458693833802,0.014401077248883174,0.042803880958436846,0.426913728335793,0.12671433337918422,0.12485229613409332,0.0,0.05153767530580819,0.2530317345311553,0.0,0.12659977500552907,0.30166581159977635,0.906352862809604,0.9996150989119355,0.055073885365921935,0.03438529754303742,0.012151749046104684,0.002801983049316772,0.003955003249027293,0.15859944593190575,0.10493399558990586,0.07296619480179761,6.610696135189607e-05,0.6241675023402941,0.0006781304657427946,0.6064966478921089,1.0,0.9235894084908686,0.4464285465009134,0.9879104093428379,0.15465328226951125,0.26079046319246857,0.0,1.871029029807533e-07,0.034299794231345576,0.5349081531227816,0.07968026392522577,0.0039371057294429355,0.013122284163091512,6.610696135189607e-05,0.07209378841117908,0.18600576652903245,0.33352590453397457,0.406731560949259,0.872607536155073,0.2686510559737978,0.0,0.024872916203323228,0.3005397189679313,0.0120895906571621,0.7187469427249596,0.43754372520775514,0.09364713719039594,0.00038471398516156367
0.011153046703247108,0.23169030548408404,0.12833431281164917,0.04980451858686158,0.023743670270313367,0.9999592179132023,0.2018572061907298,0.013924456068432095,0.042517677921454645,0.42693339784492,0.12942101803180378,0.12532300307957486,0.0,0.05121268991935026,0.2535265385852988,0.0,0.12754010025682336,0.30170484468474573,0.9045054410116522,0.999649562973271,0.05504531345310224,0.03444185374863304,0.012178510047761451,0.0027827430787483913,0.003990868067893456,0.1587340188881257,0.10499713796204954,0.07284070301435229,6.610696135189607e-05,0.6238730638301441,0.0006815786395185782,0.6069883060602722,1.0,0.9242038218724914,0.44673241801712493,0.988128349359857,0.15544042852189655,0.2614707178395223,0.0,1.7509063709997823e-07,0.03433556158903506,0.536790651535408,0.07951862743063594,0.0038680339328399363,0.013114098636088044,6.610696135189607e-05,0.07227301273081413,0.1867914219248064,0.3352872105947844,0.4068797360127589,0.8698974033286777,0.26768869086015296,0.0,0.02458348820815836,0.29974104339757623,0.011871650640142957,0.7170194712212802,0.436824437475732,0.09549455898834777,0.0003502619360918597
0.011132768186267551,0.23151126609537678,0.12831845293093314,0.04988246650877466,0.023721111569854646,0.9999579858221184,0.20193713893425497,0.01344293308375276,0.04225926542094846,0.4269500016891536,0.1320727756272364,0.12579624128926942,0.0,0.05087881321531098,0.25400577519935413,0.0,0.12845708660852231,0.30172771778826557,0.9026872545510144,0.9996808606316557,0.0550180000665723,0.03451874441117326,0.01220587737739451,0.0027662671680029846,0.003995568400241158,0.158798956889487,0.10504763535374896,0.0726996036032245,6.610696135189607e-05,0.6236426915957751,0.000687422847097907,0.607447791268704,1.0,0.9248169931713519,0.4470128327436411,0.9883364143807737,0.15619824831069906,0.26213390095934797,0.0,1.6380080128601525e-07,0.034369774575739614,0.5386442110204873,0.07934716093344156,0.003810599729536269,0.013099672008242486,6.610696135189607e-05,0.07247540866202039,0.18752228771533944,0.3370162284333814,0.40703392242343056,0.8672398015256657,0.26675596744202656,0.0,0.024304193613337133,0.2989813920570048,0.011663585619226337,0.7153446650807787,0.4361383812523866,0.09731274544898562,0.00031897556754299555
0.011112820127560482,0.23132131931237093,0.12830449903198493,0.049955566086963936,0.023708830655435865,0.9999567669610318,0.20202756201147332,0.012980196619420433,0.04198238373991318,0.4269598532595159,0.13465065807813892,0.12628274756849797,0.0,0.05058139588003073,0.2544543506902896,0.0,0.12935794986205934,0.3017544330642329,0.9009022090446847,0.9997092883501708,0.054989049166044496,0.034590632791171375,0.012228839538807703,0.0027508972507009756,0.004005828285486877,0.15883899000732563,0.10509612231513334,0.07256971484422549,6.610696135189607e-05,0.6234365784769356,0.0006958065360533829,0.6078674552792177,1.0,0.9253925059024996,0.44731662457685223,0.988541626622984,0.15692325033369378,0.26277307924864357,0.0,1.5320134418171205e-07,0.034403505140771284,0.5404419319950715,0.07916429118156726,0.0037517123403631837,0.013090568686982523,6.610696135189607e-05,0.0726981326232694,0.1883029189694016,0.3386689203178559,0.40718922221906195,0.8646535353858077,0.26584979715228435,0.0,0.024026098217469715,0.29822902473285823,0.011458373377016079,0.7137187998042469,0.4354724876871236,0.09909779095531539,0.00029055844848507856
0.011093488782315381,0.23113661616931033,0.128291225468519,0.0500244981106766,0.023697591461473946,0.9999555359669615,0.20211635916921716,0.012525866642049339,0.04171424822424494,0.4269659380183232,0.13715496662840598,0.1267766035181283,0.0,0.050310174515443055,0.2548787476740793,0.0,0.13023978122904545,0.3017810838935994,0.8991487621265485,0.9997351049462078,0.05496058241011439,0.03466011357440843,0.01225065894645523,0.0027362631605216793,0.0040174484463601,0.1588693238825685,0.10513762107584068,0.07244408367227834,6.610696135189607e-05,0.6232384257513015,0.0007066944155872419,0.6082547502660544,1.0,0.9259396146856025,0.44762016820817213,0.9887427885552341,0.15761518906430733,0.26338672544631037,0.0,1.4324947266456755e-07,0.03444185374863304,0.5422038230084079,0.0789722477259468,0.003693087362918372,0.013080854955175981,6.610696135189607e-05,0.07294222442579831,0.1890578020545817,0.3402817040903721,0.4073447034355577,0.8621383389560068,0.26496864621581734,0.0,0.02375021079895445,0.2975010841177486,0.011257211444765866,0.7121450297066473,0.43483219066009027,0.10085123787345147,0.00026475180431965924
0.011074214519582126,0.2309565007543439,0.12827736888591168,0.050092057386148026,0.02368680693749409,0.9999542929428675,0.20220055803604858,0.012081062236964205,0.04145770383382616,0.4269692594219159,0.13958655827984962,0.1272747073710449,0.0,0.05005907235740152,0.2552833571360686,0.0,0.1311037154456871,0.3018089134156278,0.8974303350484745,0.9997585607578675,0.05493205904141258,0.03472707120829584,0.012271449109907212,0.0027222760535103798,0.004029472321521365,0.15888621633196798,0.1051681688449081,0.07232574240428348,6.610696135189607e-05,0.6230427422484867,0.0007201039956689799,0.6086160763550436,1.0,0.9264639255781555,0.44791708230691507,0.9889393916843324,0.15827619558911862,0.26397537715209207,0.0,1.3390808528130504e-07,0.03447518708196637,0.5439270505917732,0.07877180694417521,0.0036360686278428035,0.013070601344034581,6.610696135189607e-05,0.07320482995727921,0.18980068106864323,0.34184671472142897,0.4075084035528078,0.8596933377244814,0.2641092162739116,0.0,0.02347700206444299,0.29679956055701634,0.011060608315667535,0.7106200889651942,0.43421570943228005,0.10256966495152549,0.0002413053340472272
0.011055738955044045,0.23077985843863827,0.1282638175018838,0.05015744165799354,0.0236763198755596,0.9999530460224919,0.20227976574798762,0.011646900719567555,0.04121169409693814,0.4269697557630041,0.14194398129832697,0.1277741200062942,0.0,0.04982443673990065,0.25566956340075797,0.0,0.1319487956142233,0.30183621557550705,0.8957491280129674,0.9997798768516921,0.054905278957926074,0.03479212760953912,0.01229146486236909,0.002708791724091024,0.004041973579018238,0.15890049884367247,0.10519077430802004,0.07221351315879262,6.610696135189607e-05,0.6228425057823964,0.0007361381877856512,0.608956177679215,1.0,0.9269689871203675,0.4482064480402729,0.9891312680578632,0.1589096421046375,0.2645424170784911,0.0,1.2514274672745008e-07,0.03450233189637867,0.545609118106987,0.07856258048161012,0.0035811604884398917,0.013061461634493766,6.610696135189607e-05,0.07348494973999328,0.19053002643120726,0.34334694435468877,0.4076823828805366,0.8573198805138874,0.26326970231449087,0.0,0.02320657613973187,0.2961239885589692,0.010868731942136743,0.7091415622811392,0.4336213673460019,0.10425087198703266,0.00021999800556115676
0.011038421028117935,0.2306064376597382,0.12825115069442483,0.050220372136162386,0.023665627219185328,0.9999517964186595,0.20235468741090634,0.011224268859420046,0.04097693453270207,0.4269670007487668,0.14422605059920524,0.12827226565158142,0.0,0.049603214257791337,0.25603939924411956,0.0,0.13277341179161384,0.3018612338478246,0.8941073540809309,0.9997992533590407,0.05488101932878009,0.034855697833744474,0.012310975224973366,0.002695779127681499,0.004054387002396046,0.15891877242344754,0.10520889988495126,0.07210658542827891,6.610696135189607e-05,0.6226362691811791,0.0007549321305454981,0.6092784817117793,1.0,0.9274579915936388,0.44848816103611444,0.9893184990370824,0.1595182614636252,0.2650907512458681,0.0,1.1691972082908544e-07,0.03453176739094629,0.547251613189335,0.07834519410169212,0.003528783730257886,0.013051253558176762,6.610696135189607e-05,0.07378094589983238,0.191245000473352,0.34479068612919245,0.40785996127665647,0.8550190172702493,0.26244925263663926,0.0,0.022938794148569825,0.29547243971976606,0.010681500962917695,0.7077083267447609,0.43304801490630734,0.10589264591906915,0.00020062972123851094
0.01100705013881937,0.23043539990793782,0.12823794131803146,0.050280114036660245,0.02365519412381705,0.9999505470020816,0.20242584924744209,0.010814359577846431,0.04075176658397913,0.42697887740321305,0.14643207457386032,0.1287680918886576,0.0,0.049393704431236,0.2563954890376263,0.0,0.13357831037363568,0.30188589130658205,0.8925074088628239,0.9998168734204961,0.05485789201890172,0.03491781731059546,0.012329935859621277,0.002683261543555352,0.004099924738285222,0.15893712635585405,0.1052241730650701,0.0720055902003702,6.610696135189607e-05,0.6222640868559144,0.0007765927538257418,0.6095833216617363,1.0,0.9279324622265414,0.4487603984587659,0.989501007812608,0.16010230093074287,0.26561960652238037,0.0,1.0920687669659191e-07,0.03456052474597873,0.5488558893265112,0.07812063302233815,0.003479188075036918,0.013040876235895527,6.610696135189607e-05,0.07409178508371025,0.1919477902041278,0.3461728315885141,0.40804058337907406,0.8527913326723139,0.26164858644960604,0.0,0.022673833342222654,0.2948441125036078,0.010498992187392052,0.7063193886956215,0.4324945021710376,0.10749259113717609,0.0001830173726272671
0.010984410464559792,0.23027832664874479,0.12822148431378458,0.05033780357961619,0.02363346159412406,0.9999492757625807,0.20248192052020483,0.010413157201441703,0.04056321174910587,0.426984136714827,0.14855628579206168,0.1292318244875517,0.0,0.049138877692600044,0.2567452177959051,0.0,0.134353217598469,0.30188387067057126,0.8909426158447773,0.9998328963915396,0.0548426093254484,0.034981690666118115,0.012354656801818823,0.002671386879249345,0.004131044107456786,0.15899795089646207,0.10523016149322922,0.0718986992892977,6.610696135189607e-05,0.6218662309987593,0.0008011543875399772,0.6099165816570574,1.0,0.9284476107371696,0.4490033698123438,0.9896757908344617,0.16067364937949333,0.2661479507912967,0.0,1.0196900685656952e-07,0.03459332403352914,0.5504395137285979,0.07792669010897547,0.0034322725816109305,0.013024216442133169,6.610696135189607e-05,0.07435508576696279,0.19261526986870803,0.3474780817233928,0.40822652428656,0.8506425598203984,0.260851593855391,0.0,0.02241351157023034,0.2942514123917511,0.010324209165538308,0.7049731330220377,0.4319681785381319,0.10905738415522274,0.00016700163945351584
0.010964495056506164,0.23012432217473877,0.1282034261269757,0.05039301751843749,0.023614423218808318,0.9999480351941591,0.20254261739694485,0.010026245643977524,0.040378449826847206,0.4269847694592405,0.15060377593469515,0.12967669792264921,0.0,0.048866649936608574,0.25708171601771485,0.0,0.13510383778576207,0.3018735666922511,0.8894223458516933,0.9998474835231537,0.05482809804672345,0.03504556280910388,0.012380657808090058,0.002660314533925588,0.004155865985155907,0.15905714635665957,0.10523302441983004,0.07178761851164601,6.610696135189607e-05,0.6214676102410852,0.0008288737901908617,0.6102523181679961,1.0,0.9289756797656186,0.44924107563376575,0.9898443018191365,0.16123100321215933,0.2666671369599627,0.0,9.517891860272423e-08,0.03462307366293007,0.551977775877663,0.07772500740821855,0.0033883008292356132,0.013010144940827768,6.610696135189607e-05,0.07463495072350607,0.19326911694162024,0.34871216693409335,0.40842137048019217,0.848567350275114,0.26007098390935474,0.0,0.022157670297772904,0.29367720834851946,0.010155698180863447,0.7036651590020786,0.4314592963477862,0.11057765414830661,0.00015242129792777929
0.010946078921752936,0.22997378684760428,0.12818572171805218,0.05044517269696881,0.023597752404036453,0.9999468112736912,0.20260682128577415,0.009654704336932725,0.0401974430559285,0.42698035360260905,0.15257423853868152,0.13010619371338517,0.0,0.04859052242582507,0.25740181226971687,0.0,0.13583024017066345,0.30185869978735186,0.8879483562954866,0.9998607666577458,0.05481448779300124,0.03511002085730973,0.012406679167050082,0.0026499980036115804,0.004176977856395128,0.1591104309798219,0.10523354503337402,0.07167427693110547,6.610696135189607e-05,0.6210746495127617,0.0008599994129276461,0.6105797597942542,1.0,0.9295034371639971,0.449480406844951,0.9900075046094459,0.16177102285625078,0.2671727132264788,0.0,8.881231949043481e-08,0.03465025676102861,0.5534834694219772,0.0775151848972773,0.0033473294783953837,0.012998009760136096,6.610696135189607e-05,0.07492972527716153,0.19390655954348535,0.3498769278166265,0.40861819231324026,0.8465657620483908,0.25931404649236073,0.0,0.02190604041017788,0.2931177808853322,0.009992495390554154,0.7023987369730859,0.43096858698616936,0.11205164370451336,0.00013914452993466468
0.010928745139008936,0.22982642475180307,0.1281695329575929,0.050494123946311864,0.023582839461159334,0.9999457769293371,0.20267378272293302,0.00929899397951913,0.04005520625734612,0.42696817790234687,0.15446815204288267,0.13052125996217198,0.0,0.04831743445484796,0.2577053860617174,0.0,0.13653316459961143,0.30184180647663345,0.8865217792014906,0.9998728649803372,0.05480166908075546,0.03517456332811791,0.012432272983475776,0.002640389063250416,0.004195707444369667,0.1591577630181719,0.10523248780551711,0.07155653211415257,6.610696135189607e-05,0.620689980117232,0.0008948107618959656,0.6108974898995215,1.0,0.93002454957312,0.4497238071730064,0.9901661980753589,0.16229395960221257,0.2676638582684543,0.0,8.284548645635842e-08,0.03467560126738149,0.5549543027935324,0.07729848095503235,0.003309415983737716,0.012987168071017682,6.610696135189607e-05,0.07523806925170827,0.19452803397190827,0.3509781684791161,0.40881615626605905,0.8446370371952214,0.25858125013830646,0.0,0.021658015972032058,0.29257080676527625,0.009833801924641087,0.7011728757981761,0.43049433525491215,0.11347822079850949,0.00012705217417634522
0.010912303934967298,0.22968413923630043,0.12815586490201147,0.05054014380869061,0.023568045407003517,0.9999450360592664,0.20274307886938034,0.008974223138281926,0.03989872461966703,0.42694965086308195,0.15628522741542206,0.13092250587321144,0.0,0.04805096846847102,0.25799381506339425,0.0,0.13721312604940925,0.30182619904098734,0.8851440291302162,0.999883887884946,0.05478951714559176,0.03523884765357603,0.012457280879507067,0.0025981664752784137,0.004212722073490773,0.15919366133944676,0.10522168611266762,0.07156181296863351,6.610696135189607e-05,0.6204641403299834,0.0009336028554454451,0.6112058771679371,1.0,0.930535939718079,0.4499707050293454,0.9903208923692741,0.16280006885726958,0.2681399389881752,0.0,7.725539464962255e-08,0.034699448751627546,0.556390206757854,0.07707546763919186,0.0032744034666843677,0.01297712818675326,6.610696135189607e-05,0.07555905055183605,0.19513240499372264,0.3519892247644316,0.4090151476267236,0.8427811697291325,0.2578716169588514,0.0,0.02141309181344994,0.29203547990726036,0.009679107630725912,0.6999868050933212,0.43003386197083754,0.11485597086978387,0.0001160348596593513
0.01089645612731817,0.22953058609751217,0.12813295601027538,0.05059386121793096,0.02355376477689057,0.9999442515364976,0.20284389202714193,0.008626134158601365,0.03972695651648693,0.4269364286959248,0.15802650496919524,0.1313860995843672,0.0,0.047789425734771684,0.2583314847602722,0.0,0.137887706773233,0.3018096528378725,0.8838158155107242,0.9998939331190425,0.05477449440447292,0.0353024471553944,0.012480782799026348,0.0025734061656528537,0.004228497157473508,0.15921481753604022,0.10520322347515948,0.07150054361939648,6.610696135189607e-05,0.6202376207879965,0.0009767111482719259,0.611437282685212,1.0,0.931042321089124,0.4501668858020166,0.9904740751711026,0.16328156831030025,0.26861445110265036,0.0,7.202010481971117e-08,0.03472028192695974,0.5577900404816069,0.0768471503333683,0.0032433454146708687,0.012968080741861237,6.610696135189607e-05,0.07589125552087629,0.1957141772603711,0.35295004394232427,0.4092128240752571,0.8409967838825329,0.2571766177304209,0.0,0.021168253176104386,0.29150162943771124,0.00952592482889733,0.6988307249164668,0.4295758960594771,0.11618418448927582,0.00010599486085276443
0.010881691048088483,0.2293811461815216,0.12810814921880362,0.0506444046333108,0.02354114694445482,0.9999434951309547,0.20294965612816673,0.008256730235000719,0.0395607995587633,0.4269275553632945,0.15968939636300353,0.13186198362265233,0.0,0.04753541504468635,0.2586745939695877,0.0,0.1385445089732116,0.301790109600769,0.8825317871960388,0.999903083456043,0.054759936331209784,0.03536112597086134,0.012502481422596324,0.0025535943540716285,0.004231156626640117,0.15923210483838848,0.10518093377720616,0.07142662250231546,6.610696135189607e-05,0.6200794303735054,0.0010244891729428358,0.6116459157547491,1.0,0.9315399041603517,0.45035254018044557,0.9906251229656193,0.1637443594207406,0.26907564845882787,0.0,6.711788118777819e-08,0.03474024163457968,0.5591580953916934,0.07661298154326351,0.0032147827106308487,0.012959537223047648,6.610696135189607e-05,0.07623264135553087,0.19628363117634398,0.3538751709658236,0.4094083096636593,0.8392861144640537,0.2564921006225985,0.0,0.02092468079496199,0.2909728658499668,0.009374877034380691,0.6977111316060478,0.42913424194040317,0.11746821280396125,9.684942607596124e-05
0.010867487158999687,0.22922991805997567,0.128083131220656,0.050694485460981396,0.02353333496794881,0.9999427592612996,0.2030538880402165,0.007918528884090476,0.03939157376985582,0.4269134793974775,0.16127801452069915,0.13234677136135267,0.0,0.04731196068619391,0.25900980050320355,0.0,0.13918525488062247,0.3017781999750441,0.8812907924430349,0.999911420672449,0.054743939459421416,0.035413457843182346,0.012520656936744659,0.0025365491472761864,0.0042362239900375605,0.15923853510505523,0.10516114435244955,0.07135345898524667,6.610696135189607e-05,0.6199478274996914,0.0010774033051874994,0.6118247473848494,1.0,0.9320047335747024,0.4505401391612254,0.9907742959356112,0.16418627605745698,0.26951439376049025,0.0,6.253089525369303e-08,0.034758915691705215,0.5604900595123226,0.07637412578675695,0.003188560269547642,0.012953316106504251,6.610696135189607e-05,0.07658209354233486,0.1968510343494509,0.35474170534957816,0.4095993145536077,0.8376445821741134,0.255828481253798,0.0,0.02068330573910371,0.290450060335571,0.009225704064388806,0.6966284690619206,0.42870740626446574,0.11870920755696512,8.85167966557557e-05
0.010854099172969476,0.2290847315569809,0.12806202697890978,0.050738318304460225,0.023526490927216398,0.9999420321819968,0.20315112782835018,0.0076063319406128,0.03923157727645444,0.426895633096681,0.16279236738930142,0.13283112416015455,0.0,0.047113372018846675,0.2593365168858093,0.0,0.13980734700684866,0.3017705860926905,0.8800920228480164,0.9999190180039897,0.05472802012559268,0.03546205120785707,0.012536777367597878,0.002521026422961773,0.004241585982050448,0.15923982130864092,0.10514201407047245,0.07128115927899041,6.610696135189607e-05,0.6198333852512384,0.0011358537132019702,0.6119821360666522,1.0,0.9324411642227171,0.4507218414628075,0.9909206647181736,0.16460903416231046,0.2699313914513549,0.0,5.824010633457376e-08,0.03477664579156681,0.5617923962927223,0.0761319020636277,0.0031643473119541514,0.012946925692324012,6.610696135189607e-05,0.07693926514269754,0.19739938336126117,0.35556656330170455,0.40978628559421737,0.8360717788974966,0.2551867397731933,0.0,0.020445463758436314,0.28994164165138314,0.009079335281826332,0.6955836188308409,0.42829802245595466,0.11990797715198369,8.092375590395016e-05
0.010841459002152944,0.2289444156484281,0.12804408551484053,0.0507766114225347,0.02352031476325664,0.9999413152041026,0.203240897791077,0.0073161723986481,0.03907985217990488,0.4268761320436608,0.16423557862027077,0.13331061932878482,0.0,0.046936644716544226,0.25965550462857934,0.0,0.14041117374880088,0.30176787003891015,0.8789368005539684,0.9999259441541244,0.05471244939909408,0.035507684833303355,0.012551401430219543,0.002506902197540029,0.004246750515357288,0.15923694830541144,0.10512199353904564,0.07121075093207783,6.610696135189607e-05,0.6197300559144721,0.0012003148144002752,0.6121238994280421,1.0,0.9328517842156341,0.450896218409681,0.9910638559278787,0.16501490265523572,0.27032865540302414,0.0,5.4227943956798464e-08,0.034793426967072154,0.563064391224389,0.07588698167407232,0.003142258492545001,0.012940439167623188,6.610696135189607e-05,0.07730289689613587,0.19793084044679166,0.3563477954951934,0.40997027517600215,0.834564106565329,0.2545654812431731,0.0,0.02021157106782171,0.2894482769617397,0.008936144072121299,0.6945739235959634,0.4279034745580657,0.12106319944603164,7.40016179316986e-05
0.010829499676473,0.22880827955280988,0.1280287077623266,0.05080988734678575,0.02351476482572773,0.9999406101924035,0.20332326776195386,0.007045531520354601,0.038935415872172904,0.4268560796772078,0.16561035100764063,0.13378189620944667,0.0,0.04677964049590208,0.25996680459288213,0.0,0.14099700171918986,0.30177050310499515,0.8778257497916347,0.999932260953809,0.0546974138334137,0.035550955394508324,0.012564853261285399,0.002494216336242586,0.0042515510112121286,0.15923051680219577,0.10510070085982127,0.07114151468894829,6.610696135189607e-05,0.6196331448440697,0.0012713121105794507,0.6122538030391125,1.0,0.933238568214256,0.45106345690521926,0.9912036646499613,0.16540533122281234,0.2707075739501158,0.0,5.047770827174228e-08,0.034809222964328,0.5643066669818574,0.0756397992639364,0.0031056200151418608,0.012934147121201237,6.610696135189607e-05,0.0776673894317559,0.198492083996946,0.3571500870576124,0.4101623081063291,0.8331183368817799,0.25396430075144083,0.0,0.019981791289841875,0.28896973850189855,0.008796335350038618,0.6935976670579977,0.4275219229448891,0.12217425020836524,6.768856848267727e-05
0.01081784652929573,0.2286781892394996,0.12800985318085217,0.050844904672876584,0.02351046796339604,0.9999399163937878,0.2033849320436756,0.006775860410629718,0.03880864024701521,0.42684041662112665,0.16694726051364386,0.13424989479210164,0.0,0.04664052778367503,0.26026969847546094,0.0,0.14157051893474165,0.3017825788192064,0.8767598875624338,0.9999380255414966,0.05468282254492408,0.035591600199945485,0.012577417106696234,0.0024828686070631338,0.004255921385078228,0.15921948635350236,0.10508074408105805,0.07107259921939163,6.610696135189607e-05,0.6195393179613327,0.0013494352930571774,0.6123735122143859,1.0,0.9336025916204831,0.45122272431786054,0.991339705901198,0.16578052500785348,0.27106813478935426,0.0,4.697354538436517e-08,0.03482436996864317,0.5655162036702406,0.07539288131674184,0.0030722866818085276,0.01292779545299568,6.610696135189607e-05,0.07803706828479956,0.19903102845991202,0.35793998335571214,0.410351941810456,0.831703304193299,0.25337659299351245,0.0,0.019756880595841863,0.2885075772066786,0.008660294098801964,0.6926489560574048,0.42714928639143934,0.12324011243756613,6.192748495799277e-05
0.010806620693193937,0.22855290237491724,0.12799302904697724,0.05087863519670869,0.023506036801794,0.9999392342199037,0.20342926979284817,0.006515285604356555,0.03869027963422683,0.42682554684409246,0.16824013383959005,0.13471155557647405,0.0,0.046517513006677995,0.26056252052918627,0.0,0.14213030229914836,0.3018017122759099,0.875738904943627,0.9999432882224809,0.05466907089318805,0.035630466731206276,0.012589260732933781,0.0024667416395228892,0.0042598258304248305,0.15920482359181667,0.10505842568491394,0.07102621560569874,6.610696135189607e-05,0.6194726294128081,0.0014352890676857827,0.6124842267616802,1.0,0.9339456567571426,0.4513762434380584,0.99147192655076,0.16614109351152426,0.2714122186351155,0.0,4.3701031394832896e-08,0.034838944686461884,0.5666986390060906,0.0751446550956705,0.0030382989062598398,0.012921360377684906,6.610696135189607e-05,0.07840984564382922,0.19956125593211121,0.3586981479959459,0.4105418828171896,0.8303245770927241,0.2528042176618458,0.0,0.01953683023617951,0.2880612360327553,0.008528073449240005,0.6917286041893274,0.42678606908897465,0.12426109505637292,5.666807648777619e-05
0.010795798267796461,0.2284629860342374,0.12797777398092486,0.05091416797849135,0.023502062593760528,0.99993853123267,0.20345749865158277,0.006254025346255462,0.038577904488971554,0.4267868371856533,0.16949209410800112,0.1351803275524698,0.0,0.046408407368907494,0.26085637509388615,0.0,0.14268008588839817,0.3018271906583059,0.8747624673416144,0.9999480945582002,0.05465551306894953,0.03570098194538863,0.012600165009444454,0.0024732751641110746,0.004263423018331791,0.15910048941450186,0.1050319433375372,0.07090167089312782,6.610696135189607e-05,0.6192137336961656,0.0015295557676760266,0.6125747384255555,1.0,0.9342704312027025,0.45151566488497324,0.9916006210883673,0.16648664387842135,0.27174366485368795,0.0,4.064613130992322e-08,0.03485258941220844,0.5678563641563629,0.07489539542761033,0.003013627683083661,0.012915045314772118,6.610696135189607e-05,0.07878783289644745,0.20005665699685637,0.3593945278697097,0.4107262149193648,0.8289783501243229,0.2522449340219746,0.0,0.019321161428390046,0.2876279600211406,0.008399378911632702,0.6908332702331805,0.42642914448800623,0.12523753265838553,5.186479566846252e-05
0.01078613831693599,0.2283629694620901,0.1279794198742672,0.05093865609539212,0.02349939924757513,0.9999379100620269,0.20347129289502963,0.006030006568090057,0.038478726347458685,0.42674667976926856,0.17069264931970188,0.13559197880473445,0.0,0.04630539525896509,0.2611049909123224,0.0,0.14320755226169515,0.3018591786205178,0.8738336429150515,0.9999524875952176,0.05464655673407715,0.03575579443228519,0.012611964097638269,0.0024718483019601847,0.004266831348092295,0.15905324597602516,0.10500453528532279,0.07082083419321956,6.610696135189607e-05,0.6189814601624782,0.0016329651915265484,0.6127307228912301,1.0,0.9345928129596353,0.4517088222609455,0.9917286093511438,0.16683031464557987,0.2720681859222282,0.0,3.779788671724016e-08,0.034868703335426035,0.568975668664991,0.07464641479436944,0.0029883874448727423,0.012909299132129494,6.610696135189607e-05,0.07916863123564857,0.20054761866042337,0.3600496006626375,0.4109163748638745,0.8276743854887716,0.2516772983040354,0.0,0.01910179178139974,0.28718618682673214,0.008271390648856224,0.689962133092725,0.42607263545725405,0.12616635708494844,4.747460689568616e-05
0.010776680009538832,0.228266407932847,0.12798298587877824,0.050959710402543996,0.023496673771668197,0.9999372870490149,0.20347943529011214,0.005820344075734591,0.03838558863517935,0.4267081727253474,0.1718445230263985,0.1359770642079767,0.0,0.046212556591455706,0.26133559757925756,0.0,0.1437174750309506,0.30189764367958316,0.8729497543257201,0.9999565032107482,0.05463825605088138,0.03580394036722005,0.012624101086941087,0.002466305750527604,0.004270128477826221,0.1590264630122309,0.10497667511746465,0.07075712706821156,6.610696135189607e-05,0.6188163886882138,0.001746227373291823,0.6128927582038147,1.0,0.9349044560241441,0.45190743792997623,0.9918542589445969,0.1671628389207083,0.2723789175757121,0.0,3.514197481099118e-08,0.03488247914062003,0.5700792672351839,0.07439474273418391,0.0029636631596688546,0.012903688530677304,6.610696135189607e-05,0.0795533665848085,0.20102714205521663,0.3606684480874471,0.4111094147941453,0.8264092496003097,0.25113017758820855,0.0,0.01888298738440023,0.2867569644907662,0.008145741055403147,0.6891196860483412,0.4257234387447048,0.12705024567428,4.34616472769988e-05
0.010767556575041417,0.22817097658192473,0.1279854452470652,0.0509799826006454,0.023493766966056817,0.9999366676610217,0.20348553910901523,0.0056178084113286866,0.03829685316751752,0.4266711248164877,0.17295131604799502,0.13634816813109457,0.0,0.04612884131948841,0.26155945881342907,0.0,0.14421322424736938,0.3019418450015536,0.8721097609675433,0.9999601747453118,0.05462906740023978,0.035846895156140285,0.012602700535967503,0.0024548487564211205,0.004273154565946251,0.1589937406605942,0.10504860788295528,0.07072886847920144,6.610696135189607e-05,0.6188098659974229,0.0018702752771458707,0.6130474890550076,1.0,0.9352052697813314,0.4520997722500613,0.9919774475370626,0.16748613302513402,0.27267984753245283,0.0,3.266591551110534e-08,0.03489405051400255,0.5711670738662498,0.07414012971977443,0.002939716662240047,0.012898267595962349,6.610696135189607e-05,0.07994157778800862,0.20149652746483762,0.36126124195335635,0.41130343850793727,0.8251784086748591,0.2506043428138978,0.0,0.01866588889918015,0.2863407689365097,0.008022552462937399,0.6883006427274967,0.42537830746599353,0.12789023903245664,3.97925887726045e-05
0.010758826665690469,0.22806741315621978,0.12799647580950696,0.051000613701305285,0.023491353912032283,0.9999360172680838,0.20346631499841303,0.005413728826568153,0.03820847423188299,0.42663960664296885,0.17401554128787353,0.13673843246942424,0.0,0.04607417339949255,0.2618189468856656,0.0,0.14470298159883957,0.30199355894827157,0.8713119035339822,0.9999635322021229,0.05461576094879522,0.03588510495922291,0.012598131267559492,0.002437490965005907,0.004274848808363964,0.15895465642999523,0.10506650226131604,0.07073622089143446,6.610696135189607e-05,0.6188469850792733,0.002005668681897168,0.613159775990099,1.0,0.9354742370651419,0.4522435183451803,0.9920985989035361,0.1677983078418687,0.27297551766914924,0.0,3.035843562423042e-08,0.034903245854632975,0.5722347551570283,0.07388567503907977,0.0029165955369638355,0.012893035992806463,6.610696135189607e-05,0.08032639588899311,0.20195420578737994,0.36183108640362033,0.41149974721785676,0.8239787900302293,0.2501017915404768,0.0,0.01845158953536553,0.28593753476915423,0.007901401096463881,0.6874987105592918,0.42503092338257914,0.12868809646601778,3.643743944151589e-05
0.010750821954459849,0.2279642439995299,0.12800370051337306,0.051024036776356044,0.023489022966433355,0.9999353765939651,0.20345088613383383,0.005206717211925349,0.03811995675156895,0.4266097563787003,0.1750372543382072,0.13714964494265156,0.0,0.046035212277739955,0.26210050959316067,0.0,0.1451861804816048,0.3020480483780395,0.8705520166708044,0.9999666020337387,0.05460206883702147,0.035919419061355935,0.012599472267997599,0.0024137472107966912,0.004275866928434232,0.15890588762645189,0.10505642362873052,0.07075541767357435,6.610696135189607e-05,0.6189267215267132,0.0021535895655995963,0.6132374141321334,1.0,0.9357250032182548,0.4523589916388477,0.9922180010964878,0.16809959306791672,0.27326572772914004,0.0,2.820888620982603e-08,0.03491102545336867,0.5732936231106164,0.0736298828785414,0.002894246270958495,0.012888047308842104,6.610696135189607e-05,0.08071092597790722,0.20240285740225109,0.362381519529927,0.41169489751275495,0.8228091560961932,0.2496129409252151,0.0,0.01823978450400528,0.28554049876799165,0.007781998903512171,0.6867142264504785,0.4246862238928205,0.12944798332919566,3.336975737507882e-05
0.010743521536542748,0.22786032364910758,0.12800500527211578,0.051051332502106236,0.023486737932965122,0.9999347407493926,0.20344817008984847,0.00499459387019496,0.03803125442960648,0.4265818559645799,0.1760186829830206,0.13759137653139536,0.0,0.0460059257419676,0.2624059347882137,0.0,0.1456654405353178,0.3021042308684099,0.8698280827273966,0.9999694091465128,0.054588035847038426,0.035950738102202444,0.012603057350508744,0.002416329236735903,0.004276480757297515,0.1588541478697167,0.10503664440058438,0.0706703333164582,6.610696135189607e-05,0.6189070791779886,0.0023152291091985454,0.613276866332115,1.0,0.935963647515625,0.452448199476262,0.9923355427757512,0.1683902380607258,0.27355148908026533,0.0,2.6206757336210776e-08,0.03491753385798202,0.5743473761782036,0.07337408782464816,0.002872532170325027,0.012883303490138921,6.610696135189607e-05,0.08109423630659321,0.20284326492129973,0.3629137472528516,0.41188898455478007,0.8216660879077808,0.2491317571364897,0.0,0.018030426742407422,0.2851458657355243,0.0076644572242488,0.6859443214039563,0.4243442800513247,0.1301719172726034,3.056464672989903e-05
0.010737047499097584,0.22777050290703055,0.12801089913577057,0.051069442796541305,0.02348576597936476,0.9999341700284525,0.20342984860639424,0.00481181743434813,0.03795871399010665,0.42654881279295914,0.17696151020047282,0.13799212802962285,0.0,0.04598587786758336,0.26267710118944204,0.0,0.14612604813685257,0.3021627621298466,0.8691376359821161,0.9999719761409569,0.05457672765034478,0.03597966421735359,0.012608124473887957,0.0024107806810331743,0.00427678237661829,0.15880421076107135,0.1050123596782117,0.07061374913743136,6.610696135189607e-05,0.6188843575559246,0.00249175610170698,0.613346337399531,1.0,0.9361884356955603,0.45256224830934133,0.9924495570033283,0.16867885507939098,0.2738213064914301,0.0,2.434220303145918e-08,0.03492437323883821,0.5753989727757742,0.07311779259024438,0.002850330088838676,0.012878733275506617,6.610696135189607e-05,0.0814764809018952,0.2032779832094081,0.3634346019494636,0.4120847792406442,0.8205467336978203,0.24866153457084614,0.0,0.017825686436856357,0.28476065050121663,0.007550442996671757,0.6851950967837565,0.42401593137872334,0.13086236401788387,2.7999516840047137e-05
0.01073091140207852,0.227684295585369,0.12801767158924598,0.05108594299392462,0.023484714589926074,0.999933602108855,0.20340747734398668,0.004645769916497799,0.03789113726033692,0.4265143421804003,0.1778720949808113,0.13837841917211224,0.0,0.045973446645261144,0.26293653791210986,0.0,0.1465762005384879,0.30222681581947025,0.8684839296060743,0.9999743253201214,0.05456612126034674,0.03600735522060628,0.01261458524225777,0.0023983735915759355,0.0042769684661529165,0.15875539488893367,0.10498284652540094,0.07057853951000535,6.610696135189607e-05,0.6188814636870296,0.002684456158052067,0.6134171489608781,1.0,0.9364013155683643,0.4526804588683102,0.9925601350075102,0.16896416244683585,0.2740822547046814,0.0,2.2606377246864962e-08,0.03493024816666251,0.5764482093547844,0.07286220942735905,0.002828297213896692,0.012874222349898766,6.610696135189607e-05,0.08185780201919927,0.20370437860672228,0.36392825067352835,0.412283855399226,0.8194434488611366,0.24820443186700974,0.0,0.01762523778637456,0.28438300321958004,0.007439864992489824,0.6844596370146763,0.42369092947584835,0.13151607039392563,2.5652073501352334e-05
0.010725121392912346,0.2275986561417941,0.12802224829690748,0.05110290376402801,0.023483538940635047,0.9999663687088064,0.20338809148008102,0.004478545980423741,0.03782549136377511,0.4264818687468938,0.1787520727619042,0.1387682036059706,0.0,0.04596567041471838,0.2631984616180228,0.0,0.14702030560817342,0.3022951872766379,0.8678661973703898,0.9999764757315776,0.054555659057288305,0.036033878107384607,0.012621896124099452,0.0023793436995837914,0.004277070688500313,0.15870373760246767,0.10494716893423224,0.07056178499367056,6.610696135189607e-05,0.6189143720533342,0.002894678421724926,0.6134745159320188,1.0,0.9366058829643289,0.45279159497754007,0.9926676130761323,0.16924581367590188,0.27433950904377347,0.0,2.099073075909912e-08,0.03493487146635468,0.5774983783705538,0.0726065668840238,0.002839899874547639,0.012869633611540912,6.610696135189607e-05,0.08224690282666575,0.2040279659463055,0.36427068568324655,0.412465890560953,0.818353248816371,0.24775728046201057,0.0,0.017428446620952817,0.2840099434044372,0.007332386923867702,0.6837338807159247,0.4233653036795886,0.13213380262961016,2.350327769169222e-05
0.01072036345379799,0.22750605683077346,0.12803433320172028,0.05111018798582076,0.023480404105943233,0.9999658104891551,0.20340551289141445,0.004340568727802458,0.03773357527277496,0.4264428155436602,0.17954621290210593,0.1391596541572036,0.0,0.04596058222435908,0.2634746550583035,0.0,0.14744987294949594,0.30235892001712655,0.8672799555785763,0.999978443450442,0.05454524476300392,0.03606038049298311,0.012629483354323193,0.002352272859580328,0.004277027750966636,0.15864858551226133,0.10489900433662687,0.07056949565805944,6.610696135189607e-05,0.6190014913021772,0.003123811202516503,0.6135112095332242,1.0,0.9368059801241573,0.45289161216304774,0.9927728382489336,0.1695258036904811,0.27459879156510647,0.0,1.948716562196481e-08,0.034937312702069775,0.5785620057382944,0.07234610104953315,0.0028424608340872457,0.012865675561527451,6.610696135189607e-05,0.08263114294016288,0.2043787250589929,0.3645762634440384,0.41265760743552327,0.8173299758953776,0.24732913630957226,0.0,0.017233437651483687,0.2836337327786488,0.007227161751066411,0.6830243233600231,0.42304228841776703,0.13272004442142377,2.1537062392447797e-05
0.01071624569136398,0.22740810353795862,0.12803798157094018,0.051118932472945584,0.02347868204490421,0.9999652487635322,0.20345046015323395,0.004200881807887065,0.0376393878902148,0.42640792810170774,0.18028651778177954,0.139575173514811,0.0,0.04595692492805611,0.26377941104142266,0.0,0.14787492611612496,0.30242295270659253,0.8667229607554884,0.9999802439758465,0.05453363615995751,0.036085280306824896,0.012637027464122408,0.0023503363390254923,0.004276873435820563,0.15858919639899904,0.10485145851888467,0.07048054282794955,6.610696135189607e-05,0.6190068420773612,0.0033735236722107235,0.6135173010531689,1.0,0.9370032526817778,0.4529688608231392,0.9928761925571912,0.16980434208435857,0.27486093966574326,0.0,1.8087546709742886e-08,0.03493744303734884,0.5796337129537205,0.0720854438558448,0.0028401066972772613,0.012862459585532003,6.610696135189607e-05,0.08301213938656014,0.20473885940947406,0.36491300656836795,0.4128560699058154,0.8163399585460097,0.24690752543202008,0.0,0.017039822390166135,0.28325172813543814,0.00712380744280884,0.6823207317995165,0.4227161076276642,0.1332770392445116,1.9737936606838416e-05
0.010712715511361728,0.22732070855739703,0.12804197241551796,0.051120048053452216,0.0234785901142924,0.9999647567192621,0.20348278811940823,0.004084580757441464,0.037561887939937845,0.42637286418347,0.18098756104462768,0.13994946792705115,0.0,0.04595683204606519,0.26405776339102144,0.0,0.14828393619974428,0.30248984125717054,0.8661924530675826,0.9999818915188963,0.054523878668386754,0.03610837798513832,0.012645164442499558,0.00234063060437676,0.004276421839466419,0.15852968119263774,0.10480530928549572,0.07041917424422438,6.610696135189607e-05,0.6189877480138309,0.0036453863166907878,0.6135580075266838,1.0,0.9371935117282555,0.45307002215993586,0.9929764437761766,0.17008874192980117,0.2751137787162344,0.0,1.678471384855351e-08,0.03493726509662258,0.5807153219481098,0.0718249269853864,0.002833735377323046,0.012859163335176263,6.610696135189607e-05,0.08339018910634141,0.20510207847735695,0.36526787225948054,0.4130614068588151,0.8153670526386815,0.24649252454626508,0.0,0.01684965622567939,0.2828722144490427,0.007023556223823474,0.6816273218704545,0.422396380026595,0.1338075469324173,1.8091696389920627e-05
0.010709294706662152,0.227234752413309,0.1280440753744735,0.0511217266989651,0.023478523070483637,0.9999642701765514,0.203507412615376,0.003971024283140172,0.0374903566842196,0.4263426950075282,0.18166168639163827,0.140311700283736,0.0,0.04596030180817956,0.2643305743213673,0.0,0.14868599618630562,0.3025627727076449,0.8656914935794555,0.9999834001851482,0.054515210287567416,0.03613120554838447,0.012654755459127183,0.0023501977496928634,0.004275972833633429,0.15847731804758966,0.10476339350218955,0.07028669397217224,6.610696135189607e-05,0.6189235714892819,0.003941043117205762,0.6136023288971113,1.0,0.9373767928053149,0.45317422432543675,0.993073585835297,0.17037606927092572,0.27536268087634824,0.0,1.5572423484195493e-08,0.034936146733012444,0.5818089492205822,0.07156617563947007,0.0028251191206168074,0.012855679778713928,6.610696135189607e-05,0.08373209910638314,0.20545836378601334,0.3656070130705764,0.41329185034680926,0.814397270491156,0.24608597081915268,0.0,0.01666290538650549,0.282495201353196,0.006926414164702941,0.6809379345427687,0.4220745464160069,0.13430850642054448,1.6584242428318403e-05
0.010705966510185514,0.22715997108961541,0.12805346448369823,0.0511161374881256,0.023479084349698302,0.9999638404262899,0.20351390347165774,0.0038802258474175807,0.03743511222673634,0.42630744868783976,0.1823185911456546,0.14061440354495414,0.0,0.045966855333657616,0.26456147819851006,0.0,0.14907421788595665,0.30264703570321144,0.8652211556880942,0.9999847821805238,0.05450723972566348,0.03615159470314176,0.012665636624046009,0.002327715068639735,0.004275426748674475,0.1584223946872808,0.10472529041947402,0.07026489191561572,6.610696135189607e-05,0.6189606789066375,0.004262258364265801,0.6136958999960601,1.0,0.9375523393339142,0.45331390929973103,0.9931671957294479,0.17067390134034935,0.2756042071906212,0.0,1.4444592712603768e-08,0.03493365084466424,0.5829145132199418,0.07131783974162814,0.0028143665907327127,0.01285185916959734,6.610696135189607e-05,0.08407462046705654,0.20580518467943157,0.36593542344780955,0.41352543964588395,0.8134191504900796,0.24568969645898575,0.0,0.016480805332428104,0.2821246125017589,0.006832804270552062,0.680251880773694,0.4217487571061674,0.13477884431190576,1.5203374883555615e-05
0.010702541123527382,0.2270773017116038,0.12805329572762178,0.051120739475150875,0.02347840893834089,0.9999633675649575,0.20353127238333624,0.0037671960699162984,0.03737315640985721,0.42627851148295676,0.1829591532401219,0.1409484175758342,0.0,0.045973133530204886,0.2648187581205406,0.0,0.14946667223811935,0.30273799450382277,0.8647815528343533,0.9999860488043552,0.05449735438450268,0.03617145902353344,0.012677234853239417,0.002336582742617293,0.0042750363833102024,0.15836998524813659,0.10468757351276238,0.07012121110766266,6.610696135189607e-05,0.6188930272659641,0.004610735886639117,0.6137514723952172,1.0,0.9377253841781523,0.453427382949711,0.9932584852586203,0.1709735003638424,0.27585451429846347,0.0,1.3395853351309333e-08,0.03492902128061197,0.5840408205967376,0.07107235062021178,0.002803338406599828,0.012848131077529818,6.610696135189607e-05,0.08441575344855654,0.20614615683047488,0.3662448141566726,0.4137641524383124,0.8124301108732389,0.2453001100289486,0.0,0.016301482291642837,0.28175385892974836,0.00674151474137971,0.6795598273980382,0.42140749119771376,0.13521844716564665,1.393779979156706e-05
0.010699446577227668,0.22700803283042054,0.1280580079606132,0.051117394359040225,0.023478745377808172,0.9999413724581352,0.2035232092850252,0.0036779402508970277,0.037327810726517176,0.4262448405065192,0.18358041355354107,0.14122730379159218,0.0,0.045979667417244775,0.2650339313807914,0.0,0.14984394662128958,0.30283225562972604,0.8643670241362595,0.999987209363062,0.0544897516132081,0.03618986040676469,0.012689943790533093,0.0023383971190838394,0.00427468721173146,0.15832034734349668,0.10465031911320352,0.07000035903845976,6.610696135189607e-05,0.6188215814455909,0.004987991472639982,0.6138551618927016,1.0,0.9378936753321214,0.4535763093063835,0.9933461935584398,0.1712848059805513,0.27609992497313784,0.0,1.2420750750177202e-08,0.03492467426019219,0.58519547457539,0.07082632928722861,0.002790820690654815,0.012844655809249683,6.610696135189607e-05,0.08475486293676711,0.2064860974157349,0.36655867804526215,0.4140111238910751,0.811431594973819,0.24491753431570623,0.0,0.016126657250633853,0.2813897593128252,0.006653806441560198,0.6788712473981592,0.42106781939713617,0.13563297586374048,1.2778216187338119e-05
0.010696264883361669,0.22694247345945479,0.12806551579699826,0.05111322332786597,0.023478606711349312,0.9999355322630175,0.2035021092988584,0.003594737723298583,0.03728740622154451,0.42621012709003175,0.18418799437763644,0.14147821223537385,0.0,0.0459859775795924,0.2652299232173771,0.0,0.15021398121697266,0.30293243195726827,0.8639809304909236,0.9999882735224863,0.05448213229481187,0.03620751751200896,0.012704455098721557,0.002336873222872437,0.004274514845550312,0.15827353854298554,0.1046113344452185,0.06988455731651123,6.610696135189607e-05,0.6187554216251366,0.005395684199901629,0.6139775548206036,1.0,0.9380580188567884,0.453740305238593,0.9934305006662202,0.17160664627742347,0.2763469368793855,0.0,1.1514452764307658e-08,0.034919276287215154,0.5863812965001398,0.07058061169895927,0.0027732671361438573,0.012841278319348965,6.610696135189607e-05,0.08509109766126811,0.20683490993792208,0.3668735513865018,0.4142712886210612,0.8104163214224619,0.24454423294402264,0.0,0.015956003563619155,0.28102977154402997,0.0065694993337798435,0.6781793725056039,0.42072063116334635,0.13601906950907633,1.171496306091591e-05
0.010692973100854562,0.22687952422015786,0.12807208564391714,0.051111624313838505,0.023478260844917706,0.999963153610481,0.2034704013521592,0.003507721411969739,0.03725367724827952,0.4261756180871132,0.18479026300683915,0.14171455543385317,0.0,0.04598999835259255,0.2654153160886623,0.0,0.15058097244310742,0.3030379038686195,0.8636225812938042,0.9999892495647094,0.054474131870231625,0.03622406073312898,0.012720615355513505,0.0023337479110198205,0.004274558655064552,0.15822662667747872,0.10457007230464989,0.06975086688677772,6.610696135189607e-05,0.6186991187065559,0.005835453246624603,0.6141091032709972,1.0,0.9382207205924915,0.4539126462110222,0.9935115568572077,0.17193952166833273,0.2765994175223189,0.0,1.0672363600562611e-08,0.034912765821050566,0.5876028667584028,0.07033447190962508,0.0027596424077825535,0.012838014534068215,6.610696135189607e-05,0.08542682589131022,0.20716768588717074,0.3671669566597116,0.41454059357580364,0.8093742837465363,0.24417634129514962,0.0,0.01578928105491601,0.2806720377003156,0.006488443142792333,0.6774795058885599,0.4203626786090617,0.1363774187061958,1.0739762927061543e-05
0.010689756070166806,0.22681817692701992,0.1280802087957091,0.05111049177351001,0.023477109656777326,0.9999576540979476,0.2034358960752897,0.0034226138296150083,0.03722041253885715,0.4261385244137279,0.18537870909967377,0.14193887100908797,0.0,0.04598978572033068,0.26559355486598574,0.0,0.15094423026316667,0.30314568656023244,0.8632901698998308,0.999990154746624,0.0544655562464389,0.03627607634675312,0.012738251899244286,0.002329745104827847,0.0042748557674787855,0.15808160330169602,0.10451668161884552,0.06963241688840574,6.610696135189607e-05,0.6185300034548191,0.0063088587625185185,0.6142474082754503,1.0,0.9383841019359083,0.4540926512607972,0.9935894118618815,0.17228507884367797,0.2768604745096635,0.0,0.0,0.03490498387413361,0.5888683087948168,0.07008606639866231,0.0027484259078806,0.012834876543243808,6.610696135189607e-05,0.08576159879309744,0.2074919299544419,0.367430330016597,0.414821194008481,0.8083124321378077,0.24381372071546167,0.0,0.01562611234376114,0.28031379387321714,0.006410588138118454,0.6767706908931554,0.4199938389301041,0.13670983010016927,9.845253375974225e-06
0.010686945774986403,0.22675355075573156,0.12809064670974202,0.05110896365112152,0.023475769963990027,0.9999423794049848,0.2034078000306945,0.003340611419113289,0.037186603898511805,0.42609816457585215,0.18595068723491193,0.1421503011149384,0.0,0.045976578664297545,0.2657646029563924,0.0,0.15130618372493093,0.3032550682288301,0.8629820493021213,0.9999909752746557,0.05445860970191962,0.036314376486306074,0.012758117513886497,0.0023109051600953582,0.0042753934640764844,0.1579848566150197,0.10445486838817332,0.0695577423165057,6.610696135189607e-05,0.6184466846376978,0.006817335399649189,0.6144235755482177,1.0,0.938565276011508,0.45430564543072466,0.99366752844397,0.17264932569714192,0.27714231100182113,0.0,0.0,0.03489791859181644,0.5901708634436282,0.06983745652145561,0.00273890746290522,0.012832273423423,6.610696135189607e-05,0.08609679963404088,0.20780830945679069,0.3676715530752604,0.4151168296152214,0.8072319773654388,0.24342612333684385,0.0,0.015458145324194327,0.27992975161288297,0.0063324715560299834,0.6760444905779271,0.41960262076934884,0.13701795069787867,9.024725344299591e-06
0.01068401803909395,0.22668615318829904,0.1280955287853766,0.051112849895504714,0.02347346523931428,0.999962781812758,0.20339652311813913,0.0032467039417531777,0.037146372109447476,0.4260578385674489,0.18650370342532077,0.14238898361100277,0.0,0.04595327470633477,0.2659598824472928,0.0,0.15167257835977457,0.30336413909799814,0.8626953017103391,0.9999917278862903,0.054449576390018545,0.03634558378874275,0.012779626652464448,0.002297222869470608,0.004276206905756255,0.15790463169914512,0.10438679252078521,0.06944858612399546,6.610696135189607e-05,0.6183872696450199,0.0073620631817678805,0.6145792457176947,1.0,0.9387586923909284,0.45450809009846105,0.9937451550855596,0.1730251223464722,0.27744130989737087,0.0,0.0,0.03488795639105129,0.5915307839580343,0.0695849301892355,0.0027309110586480187,0.012829817724364475,6.610696135189607e-05,0.08643159784430152,0.2081189678964609,0.36789336081437113,0.41542677960107505,0.8061342333929113,0.24303177067130252,0.0,0.015288032902736826,0.27953202745424616,0.006254844914440423,0.6753022992937533,0.41919455100463104,0.13730469828966083,8.272113709712076e-06
0.010681345402288264,0.22662055412108342,0.12809871367855954,0.051116907060503036,0.023471039365082765,0.999961834866739,0.20339219969831626,0.0031542979248805805,0.037108117799791195,0.4260147426772117,0.18703732379869087,0.1426352075232628,0.0,0.04592114857389318,0.26616352492787865,0.0,0.15203879842026427,0.3034714519639396,0.8624268952958661,0.9999924180700107,0.054439462043313784,0.03637154206007716,0.012802594671430289,0.002286221018497654,0.004277204472362554,0.15783083457907818,0.10431564425289674,0.0693152680872868,6.610696135189607e-05,0.6183404770818403,0.00794443074796147,0.6147315651827395,1.0,0.9389610850247071,0.4547118260858063,0.993821513092432,0.17341693771604255,0.27775323492652676,0.0,0.0,0.03487611638782317,0.5929547017210984,0.06932757436510413,0.0027237036284521246,0.012827464506314976,6.610696135189607e-05,0.0867659444391156,0.2084269284992889,0.36810635457381674,0.415751571357307,0.8050182454533477,0.24263322729399767,0.0,0.015117766401399677,0.27912464898631506,0.006178486907567896,0.6745442638636931,0.4187753131095337,0.1375731047041339,7.581929989238399e-06
0.010678925095786366,0.22655733443385642,0.12810230770848743,0.05111965299456634,0.023468482473435727,0.9999394367520344,0.20339031526722584,0.0030675505641399392,0.03707276514955044,0.4259685066059553,0.1875539930226805,0.14287948890029284,0.0,0.04588151619183096,0.2663685745083076,0.0,0.15240380411071186,0.303578126185015,0.8621765197065427,0.9999930510644589,0.05442825933395167,0.03639366718775707,0.012827181197070612,0.002276764716686354,0.004278370532089629,0.1577611837577659,0.10424254739813983,0.06916280706474418,6.610696135189607e-05,0.6183004377555786,0.008565675647027721,0.614888155728488,1.0,0.9391697687108903,0.4549222256636801,0.9938960528970893,0.17382787211271314,0.27807676887389204,0.0,0.0,0.0348626537498181,0.5944475494983744,0.06906550468489771,0.0027170270010891556,0.012825111441190168,6.610696135189607e-05,0.0871002643825487,0.20873294672720497,0.36830621614395515,0.4160923392282903,0.8038803313302918,0.24223235537121918,0.0,0.01494871509727869,0.27870919982801223,0.006103947102910683,0.673768323776575,0.41834510494109295,0.1378234802934572,6.948935541103755e-06
0.010676699567668844,0.22649627690595908,0.12810685486039752,0.05112071327791185,0.02346579074008437,0.9999571347788094,0.20338893458553867,0.0029873145957865685,0.03704044311858877,0.4259190984693983,0.1880562058043653,0.14311656958247163,0.0,0.04583501052353937,0.26657147952264076,0.0,0.15276751440338718,0.3036851505536334,0.8619442378959516,0.9999936316905933,0.05441597086834216,0.03641286747439725,0.012853526608346058,0.0022682914068815176,0.004279736929897208,0.15769494359361977,0.10416752399786854,0.06899343327074649,6.610696135189607e-05,0.6182641027883512,0.009226854022674464,0.6150534459643356,1.0,0.9393832498338746,0.45514257838039596,0.9939684116130217,0.1742604449023854,0.2784123365035245,0.0,0.0,0.03484768625996187,0.596014264627738,0.06879848669607823,0.0027107977439493115,0.012822772323579038,6.610696135189607e-05,0.08743504423015563,0.20903746046233987,0.3684919019674488,0.4164504209799591,0.8027169401729602,0.24182998445319276,0.0,0.01478173964258609,0.27828594209696333,0.006031588386978314,0.6729720406942274,0.41790251294284203,0.13805576210404838,6.368309406743201e-06
0.010674606795082555,0.22643708255814213,0.12811243050056645,0.051120107605755936,0.023462917248851935,0.9999636029316494,0.20338734971268435,0.002913357792433451,0.037010928728398694,0.4258667086601756,0.18854608509640358,0.14334323001830573,0.0,0.045781745946111445,0.2667703970792323,0.0,0.15313021647469618,0.3037933284873755,0.8617301216856369,0.9999941643587189,0.05440257774964034,0.03642971077171505,0.012881773371513331,0.0022605099805239745,0.004281337734277516,0.15763179475014125,0.10409024512193725,0.06880802111828119,6.610696135189607e-05,0.6182298337730597,0.009928842038028398,0.6152304769413305,1.0,0.9396008779616791,0.45537516187517435,0.9940383452990718,0.1747167811315857,0.27876098767539914,0.0,0.0,0.03483126474658987,0.5976599818124125,0.06852610081885085,0.0027049818172240623,0.01282046067823438,6.610696135189607e-05,0.08777077013526907,0.20934085672487346,0.3686632591502788,0.4168272046307134,0.8015250728655681,0.24142629304036373,0.0,0.014617376092209526,0.2778544410455935,0.005961654700928205,0.6721530023937181,0.4174456838372254,0.13826987831436308,5.8356412811235455e-06
0.010672595023481656,0.22637957438435313,0.1281189740842185,0.05111795792127354,0.02345980515233067,0.9995054738006461,0.20338486344577075,0.002845166362748739,0.03698391419768313,0.42581226341340095,0.18902556112716576,0.14355741719220128,0.0,0.04572148453271372,0.266964304909605,0.0,0.15349229006488557,0.30390318436829256,0.8615341139678959,0.9999946530924992,0.05438801131130169,0.03644456743813683,0.012912042146211512,0.0022532587574509654,0.0042832081061683625,0.1575719420646568,0.10401030941958027,0.06859900140486312,6.610696135189607e-05,0.6181981287568833,0.010672292265295435,0.6154214416430875,1.0,0.9398225522589031,0.4556217145323106,0.9941056824146776,0.17519875125363005,0.27912398924575593,0.0,0.0,0.03481342802012062,0.5993903542662763,0.06824778386957459,0.0026995565359907445,0.012818185894609126,6.610696135189607e-05,0.08810800093720872,0.20964353603404934,0.36882055567615696,0.41722403175329387,0.8003021466075388,0.24102114116471118,0.0,0.014455963208383178,0.27741398055808436,0.005894317585322441,0.6713089586814843,0.41697282638595157,0.1384658860321041,5.346907500711325e-06
0.010670614093644252,0.22632379804369682,0.1281264118682317,0.051114376828687295,0.023456358534777035,0.9972937811051076,0.20337919727213488,0.002782255102701555,0.03695895390798842,0.4257583419938792,0.18949699795698777,0.1437581129442851,0.0,0.04565359828544729,0.2671523883548299,0.0,0.15385396225908526,0.3040145114583186,0.8613558616745115,0.9999951015528006,0.054372044535561895,0.03645765769270771,0.01294443366483955,0.002246443080956802,0.0042853880099845325,0.157516651554491,0.10392740485892323,0.06836931150521035,6.610696135189607e-05,0.6181681165917823,0.011457494805535482,0.6156275778333478,1.0,0.940048709689579,0.4558837723538544,0.9941702389047478,0.17570822424762766,0.27950307404422076,0.0,0.0,0.034794249418749125,0.6012125464059109,0.06796279470519179,0.002694500208483225,0.012815954961913054,6.610696135189607e-05,0.08844761611089726,0.20994642707801625,0.36896334608403014,0.41764205584010333,0.7990455072374768,0.24061430922236715,0.0,0.01429769202497373,0.2769638392913157,0.005829761095252262,0.6704378134932871,0.41648241449746065,0.13864413832548855,4.89844719946952e-06
0.010668609020385115,0.22627001117007084,0.12813500914586767,0.05110928775344295,0.023452400626067918,0.9941417997538893,0.20336698745618237,0.002724023982658115,0.03693589284673156,0.42570280954009887,0.18996441769443748,0.14394611908153387,0.0,0.04557747366382651,0.267333657062379,0.0,0.1542151062870349,0.3041256973404835,0.8611943667523567,0.9999955130563828,0.054354320412137266,0.03646920253563031,0.01297882171564401,0.002239938012102594,0.004287930158123182,0.15746999637946907,0.10384301240746004,0.06815622746506855,6.610696135189607e-05,0.6181319744157545,0.012283957304986704,0.6158484725121308,1.0,0.940279828542842,0.456162737717407,0.9942318833581552,0.1762471893024843,0.2799004782599385,0.0,0.0,0.03477396958235208,0.60313555836373,0.06767010028457088,0.0026897789581643637,0.012813788513767016,6.610696135189607e-05,0.08879137781290246,0.21025018146721952,0.36909240284316497,0.41808263323000194,0.7977516250005758,0.2402054084063353,0.0,0.014142697793331521,0.27650360522021405,0.005768116641844858,0.6695377044104809,0.4159738243995779,0.1388056332476433,4.486943617230147e-06
0.010666529396459895,0.22621768293880984,0.12814555334685188,0.051102741158980586,0.023447931842817217,0.9904633755177819,0.20334723804432617,0.0026696163260785033,0.03691479012696582,0.42564460922442865,0.19043078150637122,0.14412199421764274,0.0,0.045493314936999894,0.2675084745177943,0.0,0.1545762812442373,0.3042364411393423,0.8610491905859979,0.9999958906790943,0.054335104536921114,0.03647935503417411,0.013015007426652124,0.002233620089529317,0.004290878081131566,0.15743204407315356,0.1037585130993649,0.06790571975555879,6.610696135189607e-05,0.6180982366657936,0.013151067324672736,0.6160851808939535,1.0,0.940515538776993,0.4564595330375166,0.994290797073383,0.17681748718438423,0.28031732313045105,0.0,0.0,0.03475271189335855,0.605161524650296,0.06736880724900907,0.0026853469286300825,0.012811706783256079,6.610696135189607e-05,0.08914059229970894,0.21054361881921085,0.36921326295670526,0.4185505020749598,0.7964181511689561,0.23979282488840375,0.0,0.013991146286007053,0.2760319924446892,0.005709202926617021,0.6686062315713784,0.4154462357302066,0.138950809414002,4.109320905679827e-06
0.010664275501534627,0.22616689090994788,0.12815764674754723,0.05109545046468373,0.02344289775038398,0.9865735057464892,0.20332118620200357,0.002619434755733238,0.03689562863459942,0.425582026839204,0.19089768416216168,0.14428546296014008,0.0,0.04540002795257916,0.2676774989692293,0.0,0.15493765185795597,0.304345756992519,0.8609201215849097,0.9999962372416715,0.05431399050019815,0.0364879280754274,0.01305328930405299,0.0022275688555408357,0.004294255118306727,0.15740079707896792,0.10367133797496345,0.06763366801603359,6.610696135189607e-05,0.618067322084181,0.014058253149607207,0.6163384848420588,1.0,0.9407569741537772,0.456774825981267,0.9943467764561437,0.17742085028977123,0.2807557652670796,0.0,0.0,0.03473028905715102,0.6072978655890038,0.06705784408667036,0.002681218880532407,0.012809665820021823,6.610696135189607e-05,0.08949539549806684,0.21084639616459133,0.36931934699015967,0.41904450257061066,0.7950440626882311,0.23937605219780106,0.0,0.0138429978936436,0.2755476750495037,0.005653223543856338,0.6676414978522728,0.4148984777404014,0.13907987841509026,3.762758328422144e-06
0.010661861442310159,0.22611807808445394,0.12817174439076456,0.05108693651131647,0.023437342024717325,0.9826263906242404,0.20329073223956468,0.002572590864307004,0.036878459440373046,0.4255143407579738,0.191366786640358,0.14443570515766865,0.0,0.045296785765485306,0.2678408964127727,0.0,0.15529954549753947,0.3044538275014691,0.8608067533039386,0.999996555322889,0.0542909433894125,0.036494980677846504,0.013093240879252108,0.0022217764931155653,0.004298097254306901,0.15737576549073282,0.10358334400344293,0.06737664180933202,6.610696135189607e-05,0.6180339887498948,0.01500487159750793,0.6166099323422087,1.0,0.9410049421502894,0.4571094471532131,0.9943997007241759,0.1780588355441578,0.2812169936369295,0.0,0.0,0.03470679183131347,0.6095850237575399,0.06673626794424702,0.0026773294453687818,0.012807794149074505,6.610696135189607e-05,0.0898562249014226,0.2111538342670404,0.3694118896224778,0.41955453872167736,0.793628341762134,0.23895436250012259,0.0,0.01369827208422531,0.2750496564340142,0.005600299275824084,0.6666416189583028,0.4143291788616014,0.1391932466960614,3.4446771109851425e-06
0.010659404916189781,0.22606930054410995,0.1281885456303339,0.051077409925181574,0.0234313442961777,0.9786530933017781,0.203257644086353,0.0025146012956624277,0.03686352538645955,0.42544461916126947,0.1918414249267001,0.14457256876770286,0.0,0.04518400961362548,0.26799987948531023,0.0,0.15566400757003362,0.3045622392255815,0.8607094731999467,0.9999968472849305,0.054266005519491775,0.03650027636406904,0.013122284162166315,0.0022162038877966777,0.004302412270095468,0.15735501900126228,0.10353426755316547,0.06709734478070913,6.610696135189607e-05,0.6180339887498948,0.01599071569165806,0.6169029083924785,1.0,0.9412588393017198,0.45746507710006074,0.9944497331897201,0.1787360558505289,0.2817028093211403,0.0,0.0,0.03468275524602893,0.611987557177467,0.06640448437818088,0.002673665715708885,0.012806048496005073,6.610696135189607e-05,0.09021684604655289,0.21146507902397763,0.3694995821648933,0.4201003575607578,0.7921678593816419,0.23852452283981856,0.0,0.01355715108465473,0.2745350434146289,0.005550266810279894,0.6655999365794376,0.41373495145327827,0.13929052680005322,3.152715069426883e-06
0.010656732348390069,0.22601889017756138,0.12821113414523386,0.051068679838264734,0.02342478187936455,0.9746052979994532,0.2032124184642352,0.0024627013433281696,0.036849465946419996,0.425369051264804,0.19232403290748518,0.14470260014508562,0.0,0.0450690234164902,0.26816637218833994,0.0,0.15603291485007445,0.30467278523461405,0.8606271228097199,0.9999971152682717,0.054237683991696255,0.03650398335531689,0.013188950830252592,0.002210831013931778,0.004306888708056242,0.15734889302833024,0.10337716356441701,0.0667948203568017,6.610696135189607e-05,0.6179450062981641,0.017013324725240753,0.6172080846879799,1.0,0.9415111686580931,0.4578282942600104,0.9944967898201881,0.1794502924047407,0.28221362336134026,0.0,0.0,0.0346573090104354,0.6144955189797192,0.06606358191719888,0.002670167362071855,0.012804060153730494,6.610696135189607e-05,0.09057626348970013,0.2117915118791314,0.3695655550013185,0.4206855783729295,0.7906626423672741,0.2380893151669345,0.0,0.01341980792541667,0.2740053335516497,0.005503210179811868,0.6645167927451848,0.4131135914040457,0.1393728771902801,2.884731728243154e-06
0.010653940554706209,0.22598085957813932,0.12822504757979467,0.051059583442153625,0.02341729887245282,0.97095311435158,0.2031936660950448,0.0024176918935135644,0.03683872814570835,0.42528082977338216,0.19281143905318304,0.14480470030610476,0.0,0.04492865815472482,0.26830420701776847,0.0,0.15639863737005794,0.30478110991568086,0.860558538252071,0.9999973612238774,0.054210629325202625,0.03650733051535418,0.013231285253678388,0.002205625177076403,0.004312661345457992,0.15734523670071665,0.10329639312603035,0.06646569720713771,6.610696135189607e-05,0.6179057320035717,0.01807519313342918,0.6175477034673729,1.0,0.941785373433136,0.45823614756953196,0.99454061471688,0.18020251467854465,0.282746995839082,0.0,0.0,0.03463104788027261,0.6171800029511271,0.0657093136859665,0.002666709602601236,0.012802140443214576,6.610696135189607e-05,0.09097487531316835,0.21211332109359124,0.36962093441939015,0.42127327275609355,0.7891133678133878,0.23764759622652232,0.0,0.013285968412139202,0.27345964541269957,0.005459385283119957,0.6633988479513974,0.4124718942452371,0.13944146174792907,2.638776122564328e-06
0.010650882388341582,0.22593903521814268,0.12824279941520697,0.0510494991311386,0.023409651353381064,0.9673461507529989,0.20316072560259898,0.0023767226892547075,0.03683178523780844,0.42518993581930814,0.19330433443668082,0.14489415753093152,0.0,0.04477869191822624,0.26844419038552547,0.0,0.15676751800726732,0.30488923618133745,0.8605051481089302,0.9999975870137887,0.05417985563187778,0.03650970090877801,0.01327915840001187,0.002200813618831984,0.00431889397626233,0.1573515635465176,0.10319959067185246,0.06609771893535492,6.610696135189607e-05,0.6178769557757613,0.01917286120352524,0.6179086778099866,1.0,0.9420656415149462,0.45865931857547737,0.9945810611244519,0.18099612716651062,0.28330706207202105,0.0,0.0,0.034604600797360524,0.6199879412659035,0.06533538923461356,0.002663423814778934,0.012800548744692625,6.610696135189607e-05,0.0913721598105311,0.21244325911003048,0.3696761445222211,0.42190713940984204,0.7875228043597939,0.23719716465908192,0.0,0.013155666566827531,0.2728964910389972,0.005418938875548122,0.662236354826222,0.41180370174664155,0.13949485189106978,2.4129862112726007e-06
0.01064750263843123,0.2259004705685278,0.12826404616580023,0.05103839931533248,0.023401163080178776,0.9638631716991211,0.2031276714192356,0.00233949664990212,0.03682770516251845,0.42509149767751475,0.19380506626758287,0.14496771690562943,0.0,0.04461581265343293,0.2685824026943828,0.0,0.1571390903930531,0.30499914415269697,0.8604674980629318,0.9999977942857533,0.05414613329826586,0.0365107587125714,0.013328768196826697,0.0021963595792357624,0.004325639996442494,0.157360546158481,0.10310234754691551,0.06573844134382029,6.610696135189607e-05,0.6178519416933532,0.020305335369727267,0.6182922847540038,1.0,0.9423553387390986,0.4591023124094009,0.9946180217357794,0.18182919573036363,0.2838930272552483,0.0,0.0,0.03457676214796943,0.6229458263299064,0.06491374917266468,0.0026602833175173976,0.012798563628384533,6.610696135189607e-05,0.09182566789330764,0.21278213544881605,0.36973597068945924,0.4225818032415119,0.7858895983626899,0.2367399983403668,0.0,0.013028848607468458,0.2723152848962163,0.005381978264220581,0.6610317138765833,0.4111078285920548,0.1395325019370682,2.2057142466925546e-06
0.01064397877185683,0.22586425482305286,0.12828967879186914,0.0510268027125236,0.023392144273185575,0.9604305635905095,0.2030935838047346,0.002305713987697938,0.03682780123375628,0.424983991416502,0.1943168794851126,0.145025004157446,0.0,0.044440367743372775,0.26872077406744405,0.0,0.1575151983142448,0.30511266257541503,0.8604470615656866,0.9999979845595339,0.05410994736869279,0.03651057529161178,0.013376426775871827,0.002192199218706417,0.004366303588783938,0.15737738275275084,0.10301721388981994,0.06537510186584886,6.610696135189607e-05,0.6176832428446734,0.021471685932357317,0.6186991774659051,1.0,0.942653855772599,0.45956530574325694,0.994651681437637,0.18270120109149296,0.28450368794649883,0.0,0.0,0.03454778938550791,0.6260611948902618,0.0645009068552128,0.0026572616380568024,0.012796784207015502,6.610696135189607e-05,0.09224556087001802,0.21311410371332518,0.36976116165331335,0.42329265552684464,0.7842114345825302,0.23627581837664885,0.0,0.012905776484028231,0.271713920189299,0.005348318562363007,0.6597836005942622,0.4103836494780862,0.13955293843431338,2.0154404660994093e-06
0.010640862853191168,0.225844755908346,0.1283200899116192,0.051016684133223515,0.023370314298142666,0.9569533083577201,0.20305311053656222,0.002270306692686464,0.03686132932668545,0.4248681311825763,0.19483999879452032,0.1450420212928757,0.0,0.04420202205621771,0.2688718673812639,0.0,0.1578835208195107,0.30520695936161896,0.8604435102420692,0.9999981592186926,0.05407559794631789,0.03651217694471355,0.013429017921350215,0.0021884369061178906,0.004390968529533551,0.15743614120831456,0.10292946433217476,0.06499896233066649,6.610696135189607e-05,0.6175222015565641,0.02266628049815749,0.6191670626470661,1.0,0.9430098706281974,0.4600229335995566,0.994680352610739,0.183623656600411,0.28515601453074463,0.0,0.0,0.034518580690363426,0.6293533977134652,0.06407569299917748,0.002654301485303304,0.01278919043039861,6.610696135189607e-05,0.0927018762099612,0.21344656202953408,0.3697887811831033,0.4240253325035249,0.7824937207073221,0.2357909160600582,0.0,0.012788107315584843,0.2711051990191796,0.005319647389261062,0.6584928225800784,0.4096370261076364,0.1395564897579308,1.84078130732914e-06
0.010637236184156289,0.22582605857049465,0.12834879018827455,0.05100627742998405,0.02335087270106775,0.9535946657529252,0.20300834128213924,0.0022380331943147955,0.03689242010710804,0.4247467020069736,0.19537511870430746,0.14503361461361233,0.0,0.04393091830552651,0.26902583609743214,0.0,0.15824985398171362,0.30529419373261635,0.8604594673852137,0.9999983196014042,0.05403876709002443,0.03651418724850381,0.013483876208186153,0.002185156622886391,0.004410027704300086,0.15750541631832482,0.10283730144275333,0.06460924740699643,6.610696135189607e-05,0.6173854062247641,0.0238894771553233,0.6196713088479182,1.0,0.943394006865707,0.4605028739925281,0.9947048616740338,0.1845925242461624,0.2858413586186048,0.0,0.0,0.03448882966156543,0.6328152054390302,0.06362453591281884,0.00265142569410877,0.012784641117998742,6.610696135189607e-05,0.09316140226057457,0.2137881394889305,0.36979942807548283,0.4248029336787459,0.7807354041403692,0.23529507653846954,0.0,0.012675074828766538,0.2704712899100398,0.005295138325966187,0.657157621772124,0.40886444764877894,0.13954053261478627,1.6803985958039585e-06
0.010633133669027775,0.22580895526816758,0.12838103290946853,0.0509952056693551,0.023332959219599235,0.9504046970824204,0.2029677259595592,0.0022092600475596626,0.03692203672581923,0.42461566611358836,0.1959248407490561,0.14500517384624925,0.0,0.04364012264343488,0.2691801968415064,0.0,0.15861764217804933,0.305383099422946,0.8604960817591318,0.9999984668640272,0.053998420932860954,0.036515899009155466,0.013574090934516551,0.0021821985596990625,0.004426610063453122,0.15758432759486618,0.10264694025870039,0.0641910315546236,6.610696135189607e-05,0.6171542043432873,0.025140890803855995,0.6202011867130711,1.0,0.9437934246184251,0.46101059904916825,0.9947257180912894,0.18560442549445286,0.28655491611485084,0.0,0.0,0.03447518708266314,0.6364526394604686,0.06315634103601216,0.002648611374541374,0.012781744152348829,6.610696135189607e-05,0.09363385367583331,0.21413166769713937,0.36979155244338074,0.42560041610844523,0.7789342684470879,0.23479363944067963,0.0,0.012566452738140048,0.2698092041093254,0.005274281908710566,0.6557779323274978,0.40806198446220315,0.13950391824086814,1.5331359728820783e-06
0.010626902733777213,0.22580724641883626,0.12840205053162965,0.050984934142873806,0.023315497901646977,0.9477191072715356,0.20296205636947207,0.00218713512233576,0.036955534700692544,0.4244706393373304,0.1964837105053005,0.1449415048900198,0.0,0.04331598012067046,0.269303732798127,0.0,0.15898310350741215,0.30547551480936636,0.8605530001520434,0.999998602073288,0.053955952657469296,0.036518575512549174,0.013647123109520778,0.002179667080187857,0.004443171784833718,0.1576426470620282,0.10250368030260575,0.0637461788944733,6.610696135189607e-05,0.6169575192760103,0.026421972649895112,0.6207676139037251,1.0,0.9442217026537714,0.4615734974055664,0.9947424207947783,0.18665564880038388,0.2872869911771077,0.0,0.0,0.03444185374863304,0.6402775432201184,0.06266677248016196,0.002645769804095387,0.012779631238816359,6.610696135189607e-05,0.0941249077080214,0.21447809441053378,0.369766260846074,0.42645116133795363,0.7770943168448043,0.2342908812062551,0.0,0.012462317225558227,0.2691227697963066,0.005257579205221763,0.654361247692204,0.407237494013526,0.13944699984795667,1.397926712106253e-06
0.010621564474098568,0.22580505128422615,0.1284251030214414,0.05097389391163569,0.023297889571165818,0.9454315377589634,0.2029618792290617,0.0021689037209896246,0.036992075623329644,0.42431599903306316,0.1970511576315316,0.14485264101875275,0.0,0.0429723103933038,0.2694171665375599,0.0,0.1593482661167223,0.30557106781967697,0.8606305354996344,0.9999987261864678,0.05391249695250399,0.03652225686603743,0.013715825650186947,0.0021777019105228045,0.004459768696212033,0.15772194770024947,0.10238047392040937,0.06329348186799681,6.610696135189607e-05,0.616789581344026,0.027731553014830688,0.6213639587889476,1.0,0.9446654961516431,0.46217043991633955,0.9947552436086599,0.18775065040073569,0.2880468593036355,0.0,0.0,0.03440206220335292,0.6442848685036104,0.062153698638985615,0.002642951304546148,0.0127776563418538,6.610696135189607e-05,0.09463096394130188,0.21482120933061116,0.36971868187591517,0.427355438939069,0.7752172893536378,0.23378340019229973,0.0,0.012362193455053093,0.26841239354610047,0.005244756391340158,0.6529010834825422,0.40638207287668765,0.13936946450036558,1.2738135322518167e-06
0.010616964258578802,0.22580450915661093,0.12845162818431424,0.05096230794123216,0.02327998870964904,0.9434628353865152,0.2029637347292149,0.0021542045094016028,0.037032375087093505,0.4241510404381974,0.19762595796410268,0.14474192048990087,0.0,0.042614122221613815,0.26952766814584095,0.0,0.15971333856851336,0.3056710601367933,0.8607286188690734,0.9999988400757274,0.053866803232057114,0.03652570814697989,0.013783917077477528,0.0021762158328746894,0.004476586646011574,0.1578174697691031,0.10226683213206943,0.06283571913314273,6.610696135189607e-05,0.6166459214677608,0.029067401795953372,0.621988931548415,1.0,0.9451202368167719,0.4627939283094011,0.9947646534488291,0.18888887344252087,0.2888348436770479,0.0,0.0,0.03436785481501103,0.6484859362359645,0.06161676197347885,0.0026402723723398924,0.012775730233001869,6.610696135189607e-05,0.09515065446830753,0.21516122207734226,0.3696524666192788,0.428298834766955,0.7733066402399439,0.23326914796168416,0.0,0.012265640961614201,0.267678403544758,0.005235346551170892,0.6513977879889657,0.4054940961861589,0.13927138113092663,1.159924272679787e-06
0.010611863140035137,0.22580984085781236,0.12848125225612902,0.050950546991314336,0.023261841414494045,0.9417485945532225,0.20296877345528772,0.0021433782746483727,0.037078186799089495,0.42397527200244006,0.1982075679430574,0.1446109972036132,0.0,0.042243213922753264,0.2696389664370304,0.0,0.160079557420738,0.30577898598480463,0.8608483376462179,0.9999989445639055,0.05381680589364538,0.03652831222034162,0.01385254235365579,0.002175143213914898,0.004493752515765053,0.15791301733549845,0.10215420535819342,0.06237200280029923,6.610696135189607e-05,0.6165224343852244,0.030425898908994053,0.6226398140065652,1.0,0.9455840730302439,0.46343875854700795,0.9947707516910328,0.19006696166004314,0.289646670536469,0.0,0.0,0.034334055035835156,0.6528908268985654,0.06105701220220185,0.002637725340967805,0.012773837695203148,6.610696135189607e-05,0.09568357868514886,0.21549881830396647,0.3695694335050177,0.4292816674515055,0.7713665331479486,0.23274918878982162,0.0,0.0121727130470029,0.2669222750159616,0.005229248308967243,0.6498534809192188,0.4045743434787264,0.139151662353782,1.0554360945420794e-06
0.010606367878705768,0.2258221527588192,0.12851303952602872,0.05093867362394447,0.02324332242324267,0.940302193055419,0.20297851591518798,0.0021367519691489084,0.03713019788445042,0.4237884571062997,0.19879445857312353,0.14445964724840116,0.0,0.041859918873597045,0.2697512171642516,0.0,0.1604465796181393,0.30589554591656887,0.8609902075680879,0.9999990404003567,0.05376315237790004,0.036530209953803884,0.013922227010053351,0.0021744451088889856,0.004511364334033236,0.1580102125446186,0.10203869782830792,0.06190173971549473,6.610696135189607e-05,0.6164133602051592,0.03180445355450955,0.6233166296167818,1.0,0.9460566118562946,0.4641042340189478,0.9947735603630745,0.191283896910607,0.29048108117080756,0.0,0.0,0.0343004172480041,0.6575080909024942,0.06047414745637841,0.0026352775828026483,0.012771926692823034,6.610696135189607e-05,0.09622991288384197,0.21583282488187427,0.36946802581270954,0.4303042413045503,0.7694010878723669,0.2322237231348171,0.0,0.012083469270108307,0.26614454881680066,0.0052264396369255195,0.6482695234712537,0.4036233729126236,0.13900979243191217,9.59599643307316e-07
0.010600549594798983,0.22584196349778293,0.12854624314748797,0.05092676809773235,0.02322436467850154,0.9391601400997713,0.20299461348895373,0.002134657673242492,0.037188991498774276,0.42359056347922136,0.19938524058109755,0.14428761601391746,0.0,0.041464022241696825,0.26986427813632086,0.0,0.16081396679610377,0.30602149446614835,0.8611550370883458,0.999999128275481,0.0537062053820656,0.03653154600418123,0.013993224036611822,0.002174107782365992,0.00452950451107383,0.15811076172012903,0.1019184962325279,0.06142513355432105,6.610696135189607e-05,0.6163141235396224,0.03320053101414938,0.6240197075570666,1.0,0.9465380489208839,0.4647902930088591,0.9947730631701528,0.19253878095875493,0.29133688050295853,0.0,0.0,0.0342669193814801,0.6623453840840996,0.05986629765991882,0.0026329132726623933,0.012769973366383025,6.610696135189607e-05,0.09679207797830663,0.21616271327577505,0.3693480327431268,0.4313667697033041,0.7674142284047532,0.23169267642901598,0.0,0.011997928837419292,0.2653454288548201,0.0052269368298471725,0.6466472522451413,0.402641625030893,0.13884496291165416,8.717245189902785e-07
0.010594448137241133,0.22586969909535587,0.12858030506625204,0.05091490355020042,0.02320491833288824,0.9383217393950858,0.2030184192243387,0.0021374386326154992,0.037255136706462195,0.423381796561897,0.199978474873595,0.14409466485994496,0.0,0.04105504483913297,0.26997797398627815,0.0,0.16118119999442568,0.3061576000606514,0.8613437876825434,0.9999992088237911,0.05364624037290338,0.036532504181712784,0.014098982756729751,0.0021740532748445195,0.004548306218012983,0.158224345126155,0.10169228927910166,0.06092915311379312,6.610696135189607e-05,0.6161038509376142,0.0346115470090244,0.6247493232892747,1.0,0.9470288606417911,0.46549690420467993,0.9947692245053446,0.1938305011188295,0.2922127359886966,0.0,0.0,0.03423318262475152,0.6674098153120885,0.05923315408719852,0.0026306197839723777,0.012767973952895407,6.610696135189607e-05,0.09736974202745984,0.21648675074422108,0.3692080192345415,0.4324697949865829,0.7654099781173807,0.23115601185078044,0.0,0.011916094519075911,0.2645251218090418,0.005230775494655399,0.6449882988867448,0.40162966395065197,0.13865621231745665,7.911762088733915e-07
0.010588073315215994,0.22591500203544315,0.1286022496168897,0.05090436967412057,0.023184425076265565,0.9383218372981881,0.20308387326583102,0.0021482481707302678,0.03733049601833797,0.42315749491667054,0.20056751421440655,0.14386365693808184,0.0,0.04061419607526579,0.270060799764639,0.0,0.1615405198239412,0.30630067810667877,0.8615574553158207,0.9999992826275592,0.05358769501469706,0.03653477520168495,0.014188307340670229,0.00217441008488953,0.004568857653077701,0.15834441749677752,0.10151302733682804,0.06041614198767825,6.610696135189607e-05,0.6159078744046216,0.03604086453937287,0.6255212342734056,1.0,0.9475478277963503,0.466254322409687,0.9947615873848953,0.19516060075398958,0.29310566251415937,0.0,0.0,0.03420168335031123,0.6727178358839039,0.05857261948308812,0.0026283935411667543,0.012765966112297914,6.610696135189607e-05,0.09796689036701339,0.2168030711564384,0.3690459804205704,0.4336116549077385,0.7633916212462206,0.23061510878851263,0.0,0.011837976128383967,0.263684877825674,0.00523841261510469,0.6432988794220692,0.40059365937916186,0.13844254468417933,7.173724408297939e-07
0.010581150856313386,0.2259665760516279,0.1286251277284596,0.05089397882909728,0.023163171617940945,0.9388409682300314,0.20316132147162477,0.002164951565805122,0.037415781842988605,0.4229239426947752,0.20115457947728396,0.14360579780284072,0.0,0.04015127460784812,0.27013769892130357,0.0,0.16189743468825274,0.3064565106576853,0.8617999062207066,0.9999993502410899,0.05352598398607631,0.03653812455390674,0.01427294572214804,0.002175393421152373,0.00458918137027031,0.15847070780358105,0.10134890109172254,0.059904309915843064,6.610696135189607e-05,0.6157344911309993,0.03748234040840056,0.6263239360172442,1.0,0.948085075931226,0.46703600405677254,0.9947499279866482,0.19652618734542904,0.2940156993940986,0.0,0.0,0.0341691971889478,0.6782658726797803,0.0578926921722741,0.002626214031305872,0.01276393909393879,6.610696135189607e-05,0.09856835728286192,0.21710482851134663,0.36885435632047603,0.4347974735112368,0.7613630801143154,0.2300702661799151,0.0,0.011763649460925866,0.2628262970219239,0.005250072013351803,0.6415763779663183,0.399527789948216,0.1382000937792935,6.497589101344604e-07
0.01057398289361971,0.22602480910588846,0.12864925732011373,0.050883413294036006,0.02314157081683595,0.939762054008707,0.20324596480855497,0.0021877261312457778,0.03750972751512312,0.42268182407315325,0.2017373178620863,0.1433242842031842,0.0,0.03967146219439607,0.2702138617330226,0.0,0.16225188425102863,0.3066261191882971,0.8620711978797194,0.9999994121466328,0.05346113861081099,0.036542176304400195,0.014356176500926557,0.0021769403644367915,0.00461454802017393,0.1586021881132168,0.10118954074547211,0.05939892012196975,6.610696135189607e-05,0.6155565348597858,0.0389318788874966,0.6271545620502065,1.0,0.94863561633667,0.4678369785236593,0.9947345010176993,0.197925095751602,0.29494212477169285,0.0,0.0,0.03413691464326902,0.6840582761389937,0.05716526441588474,0.0026241498700729188,0.012761852620244856,6.610696135189607e-05,0.09921498952655043,0.21740670150677205,0.3686533148237306,0.4360250448811091,0.7593308032504171,0.22952115374660942,0.0,0.011692921468933911,0.26194915974331817,0.00526549898230063,0.6398230199973695,0.39843175604000997,0.13792880212028058,5.878533672450092e-07
0.010566688577908863,0.22609284845575753,0.12867564513278612,0.05087310099365073,0.023117815428993868,0.9410202794017136,0.20333524230330233,0.0022161863900145417,0.03761714625101149,0.42243075251840995,0.2023150056012019,0.14301738481240822,0.0,0.03916992757236199,0.2702934758459251,0.0,0.16260228220178355,0.30680731616088686,0.8623721547043438,0.9999994687901276,0.05339406139906291,0.03654720686216176,0.014441543314491392,0.002178991918769454,0.0046427741766866155,0.15874283094518246,0.10102427612344726,0.05888753628420168,6.610696135189607e-05,0.6153650789522646,0.040384872105381456,0.6280165818714514,1.0,0.9492041127218268,0.46865178270356067,0.9947152780418327,0.1993553177241764,0.29588454540772213,0.0,0.0,0.034104795817139995,0.690103957016601,0.05642814906449956,0.0026221295769658184,0.012759209794874736,6.610696135189607e-05,0.09984788307316825,0.21768349958428496,0.36841499244054526,0.43729300234015545,0.7573001222934166,0.22896603331614052,0.0,0.011625959705811175,0.26105474145051427,0.005284721958167334,0.6380424000740401,0.39730813843139096,0.13762784529565614,5.312098724482848e-07
0.010559311759649732,0.22617269973192264,0.1287016749810645,0.05086340014832922,0.023092163043967547,0.9426985951678379,0.20343487875770863,0.0022512647799228075,0.03773789569108342,0.42217039673552537,0.20288575559332522,0.14268331093004644,0.0,0.038643360733024136,0.2703748942957143,0.0,0.16294588465356566,0.3069988158467488,0.8627039498778811,0.9999995205863632,0.053325090145387395,0.03655342947538914,0.014528141674423688,0.002181569067112028,0.004672885438226166,0.15889384811072446,0.10085586857855,0.05837636346305437,6.610696135189607e-05,0.6151601116519418,0.041837583437171325,0.6289117154926496,1.0,0.949793840405698,0.46948178503366594,0.9946921511127814,0.2008160841379056,0.2968426956402419,0.0,0.0,0.03407300986649164,0.6964039293838054,0.05565057904640475,0.002586880706109349,0.012756386307370374,0.018041407722717496,0.10050959062164563,0.2180561729188317,0.3683073716143429,0.4385784395092663,0.7552766609695034,0.22840497357730402,0.0,0.011562798861277824,0.2601433206706198,0.005307848887218531,0.6362380312085287,0.39615848851300933,0.13729605012211887,4.794136367550832e-07
0.01055202345312914,0.22626967809509327,0.12871945040755164,0.05086729876734252,0.02306732751246472,0.9433138099127527,0.20350925949231727,0.0022605515449598463,0.03790509835990579,0.4219148770638443,0.20350648020884018,0.14233939677337507,0.0,0.03809090039585039,0.2704552029858,0.0,0.1632928395081408,0.30720833586946855,0.8630726844093477,0.999999567928488,0.0532580934883652,0.03655812343807396,0.014618401990058974,0.002185035502566535,0.004704100350301543,0.15900032052812377,0.10068360794879314,0.05785998471759786,6.610696135189607e-05,0.6149613298660497,0.04330820682446741,0.6298400803328069,1.0,0.950404547716371,0.47032610177131895,0.9946645662972499,0.20230340388791118,0.2978088408687303,0.0,0.0,0.034039504474247737,0.7029436506430159,0.05486664989383585,0.002567808170565773,0.012753726098610078,0.05920127714576644,0.10117163516534192,0.2183687213660765,0.36815149276398806,0.43985063590671786,0.7531853129666923,0.22782052289381804,0.0,0.011504551887778644,0.25921869524288105,0.005335433702750114,0.634403756603948,0.3949828232618011,0.13692731559065227,4.3207151203009805e-07
0.01054569083239727,0.2263806391497929,0.12874391536545493,0.05087272246116529,0.023038934937634713,0.9424971542107657,0.20357711978632534,0.0022766352645905165,0.03808113560669583,0.4216543371550209,0.2041326267173679,0.1419776099204635,0.0,0.037512640542060376,0.270528159048312,0.0,0.1636303624743109,0.30742613102972766,0.8634777387498466,0.9999996111466948,0.053193167768177174,0.03656387954331734,0.014711524418180688,0.002188617646746556,0.0047023239314442486,0.15906249086314622,0.10049883495750297,0.05731359681062452,6.610696135189607e-05,0.6149453233877772,0.04480481414441875,0.6307985786529352,1.0,0.9510358530765309,0.4711919363454022,0.9946322572012515,0.20381497226128412,0.2987808244922253,0.0,0.0,0.03400344216237487,0.7097313548580707,0.05404916322656251,0.002555044041905432,0.01275142627329708,0.13091566424966655,0.10186689399428522,0.2186726576520195,0.367943057581036,0.4411167770050802,0.7510625591382133,0.22722381142660125,0.0,0.011451506381408686,0.25827990460628575,0.005367742798748523,0.632554665264405,0.39379304447804714,0.13652226125015343,3.888533052655527e-07
0.010539886082471452,0.2264930343316515,0.1287716504786599,0.050874556050141885,0.023020880069532648,0.940495874175164,0.2036564107813054,0.0023101091587485805,0.03823219142146529,0.4213870986231559,0.2047451620188864,0.14161866317505326,0.0,0.03695519606013575,0.2705822737426813,0.0,0.1639647103490197,0.307672326655232,0.8639184359379632,0.9999996505485149,0.05312406414195898,0.036567634893103135,0.014801595625537048,0.002192181016600252,0.004715538264088129,0.15905250092653733,0.1003101076972973,0.05679801092506036,6.610696135189607e-05,0.6149707637314078,0.04633731623271564,0.6317507214551938,1.0,0.9516429740969088,0.47210397454642555,0.9945967426452724,0.2053410552006184,0.29974259722059304,0.0,0.0,0.03396358746813761,0.7167462948833347,0.05318940217547533,0.0025451995358111343,0.012755732244982517,0.24678908772557395,0.10260641945516474,0.21898912374699475,0.3677202916073671,0.44237541865825264,0.748917521748398,0.22663061536975296,0.0,0.011401829842955494,0.25731375171089316,0.005403257354727548,0.630694234450362,0.39258507612417504,0.13608156406203678,3.4945148512295386e-07
0.010535273098971561,0.2266209501297192,0.12880467844165697,0.05087435226836066,0.02299971825471664,0.9372924976127863,0.20373515800607936,0.002355434430923995,0.038391850681995396,0.4211157622742155,0.20532946091551157,0.14125156014916845,0.0,0.03639809517639784,0.27062704295352563,0.0,0.1642854096921356,0.3079301179182386,0.8643894534857449,0.9999996864073002,0.053055030465272136,0.03657163149646388,0.014891640586630778,0.0021956176140567603,0.004734826346843599,0.15899856100220291,0.10010889871195386,0.05625477646764874,6.610696135189607e-05,0.6150297807778408,0.047900453441318123,0.6327153032213934,1.0,0.9522457497435155,0.47303697872573625,0.9945575615372877,0.20688147526321374,0.30069778725597757,0.0,0.0,0.03395469368112871,0.723988124576343,0.05228488228963431,0.0025374348218877036,0.012759400446321314,0.42996076083936763,0.10339996378968476,0.21931656529874569,0.36753460748186784,0.4435893964238021,0.7467700856431703,0.22603313662943825,0.0,0.011356155080086701,0.2563359783207381,0.005442438462712274,0.6288331150446507,0.39137209482578383,0.13561054651425514,3.135926998364037e-07
0.010527890738129417,0.226769282301488,0.12884043613851767,0.0508736275468378,0.022976044314853717,0.9329613874367395,0.2038098862842358,0.0024114419095122267,0.03856352049810873,0.4208447532991742,0.20588144284977436,0.1408748703855195,0.0,0.03583081645465894,0.2706711389694037,0.0,0.16459308010393411,0.30820037388210575,0.8648924954674715,0.9999997190118689,0.05298037021271202,0.03657554391078196,0.014982122792492532,0.002199209778444743,0.004757092002340341,0.15886159662432792,0.0998783936743066,0.055694756659695865,6.610696135189607e-05,0.6151189135944738,0.04948201737943271,0.6336903945250016,1.0,0.9528539308888739,0.47397785953219473,0.9945130415152796,0.20842730829875356,0.3016385793638109,0.0,0.0,0.03392119217272479,0.7313817542019349,0.05133135123356107,0.002530938597602901,0.012762898167005996,0.7270746095773576,0.10425925835708444,0.21965975342907332,0.3673791938621751,0.4448235261733922,0.7446365397707929,0.2254347350894789,0.0,0.011315252656467208,0.25535100149840156,0.005486958484720312,0.6269796115973123,0.3901610467540833,0.1351075045325285,2.8098813114977885e-07
0.010521193121268672,0.22693157498618427,0.12887623551983637,0.050872049714913575,0.02295006448244795,0.9284315416522018,0.20387738805388073,0.0024764209072602626,0.03874259965008783,0.4205736780170645,0.20638717074517085,0.1404834377437612,0.0,0.03524834181027397,0.2707088754576889,0.0,0.16487742208520104,0.30846813937583545,0.865422385823387,0.9999997486086484,0.05290806162686179,0.03658182267600279,0.015074687066813012,0.0022030704621045396,0.004780910504163022,0.15870946608997522,0.09961987036164767,0.05516887279433084,6.610696135189607e-05,0.6152092314545121,0.05107305744427269,0.6346817933216317,1.0,0.9534726817541006,0.47493549933836127,0.9944627509007363,0.2099799441539927,0.302573722586589,0.0,0.0,0.033882944163746494,0.7388033694018934,0.05035114921388506,0.0025251342458773676,0.012766365036260621,0.9999338930386481,0.10514273623286799,0.2199648914705867,0.36718182972365004,0.4462812146620015,0.7425397718105564,0.2248347689346072,0.0,0.011278976435625494,0.2543556252039499,0.005537249099263698,0.6251426337608063,0.38895813803757556,0.13457761417661304,2.5139135160371596e-07
0.010512366979269345,0.22711157556506092,0.12890039267777642,0.050867284799493456,0.022921453078500822,0.9279847011853479,0.20393905506510657,0.002561798339711029,0.03892676942852054,0.42028350923749336,0.20682819878991202,0.14007729116298664,0.0,0.03464950301500562,0.2707453574547809,0.0,0.16513262515234464,0.3087316222282095,0.8659734974318333,0.9999997754657198,0.052823646077809414,0.03659745634779507,0.015160434311580855,0.0022072133340754357,0.004806023561040184,0.15870592535870212,0.09935525782469554,0.05464578377623253,6.610696135189607e-05,0.6152379364291647,0.052590336385068805,0.6356689408478143,1.0,0.9541043981802293,0.4758928914771325,0.994407683876323,0.21151866522048401,0.30350665813185046,0.0,0.0,0.03384987739522253,0.7462463394297828,0.049307157440318765,0.0025192643799424653,0.01276646040261662,0.9999338930386481,0.10606341861665727,0.22016952872560652,0.36684201310663617,0.44802624424232773,0.7405814648250192,0.22425376798919902,0.0,0.01124609880476508,0.2533617510680866,0.005592316123677044,0.6233487096271714,0.38776171963993994,0.1340265025681667,2.245342801134254e-07
0.010500875086551592,0.22730519414274003,0.12891802780648032,0.0508596930920613,0.02289214197733256,0.9344213171580638,0.20401063952016607,0.002649146049632168,0.039124336705249355,0.41996122304111894,0.20720943720464358,0.1396557115930148,0.0,0.03403398380475737,0.27079753064052453,0.0,0.16536591070350218,0.30900360992591885,0.8665525988727907,0.9999997998511971,0.052722813002502554,0.03662367549439419,0.01523596440637455,0.0022121517274935115,0.004832874457378878,0.15893426925480778,0.09911101539645316,0.05417765004599774,6.610696135189607e-05,0.6151419009597308,0.053953034490938426,0.6366419665891573,1.0,0.9547526211999381,0.4768243835350835,0.9943496068810167,0.21302608928094072,0.30444738640192315,0.0,0.0,0.03382734010031316,0.7539484046814008,0.048227849572741906,0.00251335765094106,0.012761949547848286,0.9999338930386481,0.10695215442712731,0.22024578076658155,0.36631657652613886,0.44970186167044857,0.738837528304418,0.223702321817828,0.0,0.011213394995304502,0.252378085824392,0.005650393118983338,0.6216080000155572,0.38654900367215794,0.13344740112720932,2.0014880289511612e-07
0.010489844447296002,0.227500920560736,0.12895094701259324,0.05085940347238314,0.022865671928741407,0.9431518519978518,0.20412602805773453,0.0027458966754715635,0.03935279532135967,0.4196195886422454,0.2075645932908653,0.13921440626075274,0.0,0.033403637374631506,0.2708712474465293,0.0,0.1655923812611326,0.3093017404508486,0.8671744057433444,0.9999998219635945,0.05262890389447542,0.036648233130080185,0.015310400081168582,0.0022182672775584358,0.0048612113198540806,0.15916292898607295,0.09888914260876573,0.053746096129316065,6.610696135189607e-05,0.6149960962621643,0.0552086279420346,0.6376341403975438,1.0,0.9554164325618721,0.477742917826898,0.9942898893931031,0.21451845184109009,0.3053889035346994,0.0,0.0,0.033808050469717174,0.761853625909722,0.04716031621406102,0.0025089700498306567,0.01275711950965129,0.9999338930386481,0.10780640052035512,0.22027579174482317,0.36575242866906454,0.45131790370980224,0.7372267787671001,0.2231514533417035,0.0,0.011179930063496367,0.25138583472657267,0.005710110606896843,0.6198891668977773,0.3853093560144521,0.13282559425665563,1.7803640555518518e-07
0.010480665521281532,0.22770856374155374,0.128987716103054,0.05086254773105393,0.022839800991669934,0.9527024935353052,0.20428802316629974,0.0028558904744546655,0.039603807411269246,0.41926506101635164,0.20790046932833178,0.13875050454809115,0.0,0.03276084218775871,0.27095961577666716,0.0,0.16580913888357246,0.30962591933709216,0.8678367371824419,0.9999998419640272,0.05254015752822364,0.03667405861018664,0.015383454774423095,0.0022252524215158184,0.004890211041461534,0.15939192976856897,0.09868504244853227,0.05333565671779897,6.610696135189607e-05,0.6148276483988085,0.05638133615973866,0.6386417266455566,1.0,0.9560918934297191,0.4786446634035285,0.9942285411928852,0.21599269022827308,0.30631473164682377,0.0,0.0,0.033790070500949614,0.7699271698189416,0.046111276058375096,0.0025055591908694137,0.012752185151293383,0.9999338930386481,0.10861835334508232,0.22026671883203502,0.3651647338584636,0.4528788380755253,0.7357181945119295,0.22260776880635225,0.0,0.01114726438252213,0.2503957208198044,0.005771458807114782,0.6181981708881544,0.384059349016084,0.13216326281755805,1.5803597277944208e-07
0.010473750349304424,0.22792876823357633,0.12902374145863685,0.05086713877539779,0.022814060187576996,0.9625161832072069,0.20449173491788045,0.0029802623281849176,0.039874043680578806,0.41890339733775334,0.2082240569857701,0.1382644772517206,0.0,0.0321070925408905,0.2710577577830971,0.0,0.1660146710721294,0.3099767526811251,0.8685395699339234,0.9999998600128277,0.05248838427052548,0.03670218492691722,0.015455369087312034,0.002232988887587558,0.004919586744375801,0.15961612252316013,0.09849677786494974,0.052941287674075396,6.610696135189607e-05,0.6145087552899858,0.05748605999705612,0.6396630327415319,1.0,0.9567769750204628,0.4795313109573669,0.9941658803590099,0.21744740120992304,0.30721829377677085,0.0,0.0,0.033772605799350555,0.7781667382728235,0.045081442125040234,0.002502858778555174,0.012747629875373612,0.9999338930386481,0.10939820785289005,0.22022588881309332,0.3645695649479196,0.45437365562029786,0.7342898830171738,0.2220724900067474,0.0,0.011115932438646765,0.24941093125953606,0.005834119640990122,0.6165379277179476,0.38280495354210403,0.13146043006607658,1.3998717229775843e-07
0.010468690664718311,0.22815831745406528,0.12905585507544595,0.05087180082209016,0.022788323621097468,0.9725501499339437,0.20472961481483481,0.003119446246001971,0.040157862218252474,0.41854172191160555,0.20854005556118163,0.13776414508466348,0.0,0.03144701489027197,0.2711700116963558,0.0,0.16621246317738902,0.3103615898956318,0.8692822899721036,0.9999998762630389,0.05241666705263729,0.03673493651343881,0.015494175419252685,0.0022415710834643946,0.004949413185969726,0.15988788882511212,0.09843182542488142,0.05257677648635046,6.610696135189607e-05,0.6143489347177291,0.05853050688352793,0.6406871155989766,1.0,0.9574661786823062,0.48039454487687205,0.9941015413216127,0.21887479540202273,0.30808499210712437,0.0,0.0,0.03375392279481613,0.7865284537423719,0.04406943057156777,0.0025006958719403015,0.012743687765830587,0.9999338930386481,0.1101191119116158,0.22016194470454445,0.36397527789437645,0.45583555388239133,0.7329294375552904,0.22154873931635993,0.0,0.011086806427421826,0.24843544342677218,0.005898458678387305,0.6149127414205883,0.3815534179972439,0.13071771002789642,1.237369611128737e-07
0.010466289010732412,0.22838922323114227,0.12909911683909278,0.050874621174852995,0.022762376474398233,0.9819448852390679,0.20496708902924055,0.003269606443933563,0.04045191000269145,0.41818603603460625,0.2088605230769193,0.13725987893017041,0.0,0.030791571973732106,0.27131536819456337,0.0,0.1664073270204173,0.31077842942595574,0.8700656966366317,0.9999998908610421,0.05233971083288806,0.03676631152772058,0.015549153122078215,0.0022506450219239296,0.004991665406187044,0.16014281283905227,0.09833542600699635,0.05226415971964449,6.610696135189607e-05,0.6141893819013708,0.05951855529022026,0.6417136044026032,1.0,0.9581496819284002,0.48122159264182734,0.9940375860545573,0.22027856197316414,0.30893017725436195,0.0,0.0,0.03373398244001419,0.7950017901587475,0.043084012057192964,0.002498894052004843,0.012740041324397792,0.9999338930386481,0.11081484650493764,0.2200710152879097,0.3633833343781589,0.4572268584500543,0.7316209216328604,0.2210265166672264,0.0,0.011058746097867753,0.24746303916360926,0.005962413945442675,0.6133141110064185,0.38029139331968237,0.12993430336336828,1.0913895787922803e-07
0.010466565647872458,0.22860406338069714,0.1291342689044332,0.05087667987994057,0.022731241466636628,0.9912891853228775,0.2052243099123579,0.0034318118385343052,0.04073241075750825,0.417862130460029,0.2091776863324943,0.13673536115622065,0.0,0.030118689867955916,0.2714710976336111,0.0,0.16658403479657577,0.3112078114370064,0.8708842879430785,0.9999999039402391,0.05226453409604689,0.036798578268931535,0.015609237639389466,0.0022598327911800974,0.005024998740641494,0.16039683669980095,0.09822495941386564,0.051933930389707984,6.610696135189607e-05,0.6140567590080039,0.060454711780393716,0.6427598419457534,1.0,0.9588485985705701,0.482026435279155,0.9939746086636836,0.22166244904023497,0.30975576582600856,0.0,0.0,0.03371486946504942,0.8035736750971892,0.04211630833814308,0.0024973910814208053,0.012735427238648804,0.9999338930386481,0.11145406942411785,0.2199634736190637,0.36282298939851215,0.45858110157031473,0.730367601887112,0.22050479689802588,0.0,0.011032711561473976,0.24650246708723395,0.006025391336316467,0.6117535161631893,0.37903642273698496,0.12911571205692146,9.605976097809405e-08
0.01046876975285108,0.2288472202876034,0.1291600647952195,0.05087682358961057,0.022702126948685897,0.9999611072964226,0.20550629398519793,0.003606168369462716,0.04103261984576934,0.4175356453856302,0.20949247640823335,0.1361987378975201,0.0,0.02943817554100709,0.27162778801060733,0.0,0.16674515964458764,0.3116571171702095,0.8717355573713261,0.9999999156281422,0.05219035622308555,0.036831768565657674,0.015670136415212022,0.0022691778926590958,0.005024998740641494,0.16063413898289394,0.09811689155270402,0.0516015371719555,6.610696135189607e-05,0.6140946505172957,0.06134589061342866,0.6438036540393096,1.0,0.959553120820697,0.48281647973632086,0.9939130289690216,0.22301889157844187,0.3105516686310752,0.0,0.0,0.033694338123018745,0.8122408320112425,0.041176900429788096,0.0024962722188948522,0.012732661075072524,0.9999338930386481,0.1120727574079077,0.21983294992190763,0.36229731134084975,0.45985784510458344,0.729161632978338,0.21999760806317029,0.0,0.011008703638295937,0.2455557322530718,0.006086971030978408,0.6102359487769705,0.3777912141987153,0.12826444262867387,8.437185788859092e-08
0.010472377001817829,0.22909203504922582,0.12917642148483227,0.05087456234374799,0.022684317328946133,0.9999495149867609,0.20580078722837575,0.0037974088359332067,0.04131342716116717,0.41722979289832285,0.209800842423514,0.13567074442052543,0.0,0.028788624715395127,0.2717688132288441,0.0,0.16690107022153894,0.31214841721856373,0.8726204792032468,0.9999999260512304,0.05211279934566052,0.03686251429519406,0.015726122558721387,0.002278702745340174,0.005081468470311072,0.16084545848148524,0.09801768473119057,0.05127852937181017,6.610696135189607e-05,0.6139669559902677,0.06220262708121973,0.6448185786342175,1.0,0.9602266903448684,0.4836215792627065,0.9938554402398462,0.22434351690896379,0.3113066674968433,0.0,0.0,0.03367427807227285,0.8210040993659893,0.04025662131677036,0.0024954433897045685,0.012735578557890913,0.9999338930386481,0.11265796986437614,0.21969712601811894,0.36177857778211464,0.46106683493183337,0.7279965304952662,0.219510676945257,0.0,0.010984684939736474,0.2446096075084494,0.006144559760153805,0.6087554128694973,0.37654491528459294,0.12737952079675313,7.394876951465352e-08
0.010477751401864119,0.22936523263337438,0.12919511018146027,0.05087219212806341,0.022648940438785268,0.9999379680904394,0.20606992700485016,0.0039929715733433395,0.041640027254064085,0.41692986496964185,0.21011327809098634,0.13512613575071303,0.0,0.028105408029645146,0.27191304109797965,0.0,0.1670284968050284,0.3126267629234419,0.8735275309341092,0.999999935319238,0.052040305559482705,0.03689784594674149,0.015783587372867804,0.0022882344836192927,0.005080928764299861,0.16111128312131093,0.09792518832792306,0.0509690267494731,6.610696135189607e-05,0.6140270235435328,0.06299853438122767,0.6458487323231302,1.0,0.9609307452709965,0.4843879466054458,0.9937982568778336,0.22564880090155626,0.31204966524675326,0.0,0.0,0.03365935521904672,0.8298483758249672,0.03936303370048973,0.002494600860858577,0.012731104041577873,0.9999338930386481,0.11319685896446038,0.21954405596582585,0.36128983193509895,0.462234349373502,0.7268881875277861,0.2190251319261568,0.0,0.010963846699358381,0.24369901229657448,0.00620174312216636,0.6073227022934153,0.37532357182980475,0.1264724690658908,6.468076199835455e-08
0.01048315867439366,0.22962977638525425,0.12921160441427865,0.050866395962445896,0.022628772629619504,0.9999650334608071,0.2063459339252033,0.004201637102302323,0.041933524357528736,0.4166366935180351,0.21043705419284597,0.13460114120489167,0.0,0.027452281036698816,0.27204175380589307,0.0,0.16715192814715357,0.313141655004671,0.8744640389028044,0.9999999435471462,0.051963526005252635,0.036895989158845226,0.01583481980557404,0.002297817846142466,0.00509316925739066,0.16142982165022962,0.09785997860482978,0.050678382938616096,6.610696135189607e-05,0.6142013396752621,0.06375586803645589,0.6468416297478211,1.0,0.9616047668308764,0.48516898709483197,0.9937458554700276,0.22692334713109819,0.3127579503161807,0.0,0.0,0.03364396147565487,0.8387376143144674,0.03849834983384439,0.0024938015317596024,0.012734985000497493,0.9999338930386481,0.11370748859021898,0.21937964670165555,0.36078801429243346,0.46333893218955663,0.7258070777706982,0.2185572290472873,0.0,0.010942952132424839,0.24278925909927507,0.0062541445299724545,0.6059247247217482,0.37410039467914835,0.1255359610971956,5.6452853857512994e-08
0.01048968018471597,0.22990606955708381,0.1292271206799885,0.050858946457487834,0.022608419380284638,0.9999406716036997,0.206607387065637,0.004418429636772201,0.04222943383660138,0.41635068118724605,0.21075936120834973,0.13408893094205437,0.0,0.0268216201799352,0.2721639802137875,0.0,0.16725988927635072,0.31367441894203546,0.8754209884422576,0.9999999508306584,0.05188731579211372,0.036906512759873784,0.01588183600725749,0.0023074383964412203,0.0051417873487954215,0.1616921158256081,0.09780704888485134,0.050397652982649845,6.610696135189607e-05,0.6142391316048303,0.06447069182233904,0.6477789215746875,1.0,0.9622492223870903,0.4859114479914044,0.993695062981879,0.22815615316017596,0.3134192801184463,0.0,0.0,0.03362768270667562,0.8476866041102225,0.03765538367412776,0.0024929167835620264,0.012737742612743725,0.9999338930386481,0.11418995163647061,0.21920622164728654,0.36031670499630863,0.46438061754151655,0.7247699469693112,0.21813214748325813,0.0,0.010929157432974523,0.2419245717948081,0.0063049370181209605,0.6045839575634733,0.37290630093951826,0.12457901155774237,4.9169341571875394e-08
0.01049823521645934,0.23019436564296136,0.12924730172124244,0.050852341429674604,0.02257676735326288,0.9999640639224778,0.20685057816707472,0.004637348643129097,0.04255373178050143,0.4160728006663587,0.2110861492783121,0.13356553117234066,0.0,0.026170477298942587,0.2722923097719689,0.0,0.1673443418602866,0.3141966979508544,0.8763988537310818,0.9999999572636016,0.05181756191470118,0.0369253140013747,0.015930519437730693,0.002330946875207407,0.005171440043569821,0.16195618214911006,0.09776059322953055,0.05008988054325662,6.610696135189607e-05,0.6142353506993741,0.06514033017855922,0.6487247669668643,1.0,0.9629078087463608,0.4866100473869654,0.9936447484577915,0.22936598417047832,0.3140651081620321,0.0,0.0,0.03361352854493745,0.8566670629409024,0.036838469809955865,0.0024919431975129226,0.012735604890421961,0.9999338930386481,0.11464614972658109,0.21902387815345079,0.35988168669890686,0.46536707996817345,0.7237735205431287,0.217709701860795,0.0,0.01092171395469663,0.24109764284106575,0.00635525154220847,0.603289673969235,0.3717381938871135,0.12360114626891813,4.273639846336849e-08
0.010507969161965842,0.23048881172494898,0.12927230590735267,0.05083836734451086,0.02251593521472459,0.9999646635425786,0.20706599292005246,0.004866790059782212,0.04296325582957362,0.4158302604568627,0.21141722248306602,0.13300636517335485,0.0,0.025519359958240662,0.27238923407126403,0.0,0.1674055034613808,0.31472562769202844,0.8773989148140112,0.9999999629331086,0.05175054377400566,0.03694775674708784,0.015977912968948762,0.002348342285599861,0.005195074432047426,0.16220653298168827,0.09772391880417317,0.04977930932163979,6.610696135189607e-05,0.6142738752593564,0.06577430796366107,0.6496958717151816,1.0,0.9635615198234903,0.4873192558845104,0.9935963289684154,0.2305530348262275,0.3146829799386406,0.0,0.0,0.03360041054265284,0.86564751549059,0.036041683559546685,0.0024907729697326,0.012736542474895073,0.9999338930386481,0.11508305559206607,0.21883821879543722,0.3594650876495843,0.4662994476239797,0.7228084695532729,0.21729776311146357,0.0,0.010919120218269183,0.24029151004422558,0.006403671031584545,0.6020414617123917,0.3705913923693309,0.12260108518598878,3.706689140572265e-08
0.010518500381461078,0.23077421550811122,0.129289887803657,0.05082244832989248,0.022478683492207028,0.9999652459792925,0.20728045700892164,0.005112403311473981,0.043307329714426725,0.4155905550932191,0.21176229245418265,0.1324357631557051,0.0,0.024868440428079744,0.27248257182120583,0.0,0.16744759184763847,0.3152641882597673,0.8784253567291508,0.9999999679207692,0.05168389484255801,0.03697188175335651,0.016023874190410993,0.002347738368298603,0.005218124759554171,0.16243944564708676,0.09768655494502201,0.04956043801427987,6.610696135189607e-05,0.6144098811003869,0.06637550473602788,0.6506620208183347,1.0,0.964211749693964,0.4880197246166023,0.9935503915409817,0.23171269172706938,0.31527987255922196,0.0,0.0,0.033587095644630624,0.8746174164569023,0.03526692723499673,0.0024897095316900007,0.012743855032297958,0.9999338930386481,0.11553184079992668,0.2186544903535548,0.35903342202529087,0.4671389547959981,0.7218622028097895,0.21690221602596027,0.0,0.010919809877956283,0.2394977035621919,0.0064496084590183154,0.6008397164252922,0.36945593918101066,0.12157464327084924,3.207923088112667e-08
0.010529909123117812,0.231050483365328,0.12929752759304575,0.05081279090204004,0.02244770961243996,0.999965782367148,0.20749781799244524,0.005345300278104338,0.043621180436490534,0.41536161552944306,0.21210438985688257,0.131905473012015,0.0,0.024222750882910975,0.27259941351721034,0.0,0.1674809039075112,0.3158030318284098,0.8794667857354863,0.9999999722948529,0.05161797069567026,0.03699855123391202,0.016067808774501646,0.002355088439949216,0.005239061520122879,0.16265660195757414,0.09764589548433936,0.04932836421133212,6.610696135189607e-05,0.6145651169568093,0.06694446935552693,0.6515777928930819,1.0,0.964855031070192,0.48868198143096364,0.9935087823254665,0.2328363770114394,0.3158572244911545,0.0,0.0,0.03357414999324455,0.8835584091437333,0.03451711993022233,0.002488985243509472,0.012751151571237464,0.9999338930386481,0.11594144438842699,0.21847490985004508,0.3586573760719624,0.46793079334915,0.7209511407875906,0.2165167340949031,0.0,0.010922218046897034,0.23871860505182607,0.006491217674533496,0.5996827190810494,0.36833974368043576,0.12053321426451365,2.770514706199209e-08
0.010542371469272489,0.2313277427176812,0.12930655993508236,0.05080205496787714,0.022420171958390574,0.9999663224076248,0.20771208561601734,0.005581528093178528,0.043924517254965184,0.4151383810056398,0.21244027555828743,0.13139092124082505,0.0,0.02358574213582934,0.2727155893546057,0.0,0.16750276926811591,0.3163444793168508,0.88051792497442,0.9999999761202996,0.05155347202522662,0.0370257333376072,0.016109723958340903,0.0023696473469191166,0.005258468500851032,0.1628573039110791,0.09761423492236988,0.04908226183961967,6.610696135189607e-05,0.6147158274082148,0.06748368747664858,0.6524711193031383,1.0,0.9654880980007156,0.48932733722601224,0.9934719815601447,0.23392639037966753,0.3164081960050812,0.0,0.0,0.03356135424315811,0.8924592056509,0.03379334432888698,0.00248814112986385,0.012757807782351029,0.9999338930386481,0.11632176908199683,0.21829183881615283,0.35832643833395006,0.4686746969366542,0.720076036965064,0.21613795945603664,0.0,0.010926159863455123,0.23795707341938208,0.006528018439855296,0.5985708403522165,0.36724732467806814,0.11948207502557995,2.3879700438955485e-08
0.010555914533985482,0.23160950576568143,0.12931924520751104,0.05078745304813371,0.022394932100393374,0.9999335326059614,0.20791610542833583,0.005829264787087005,0.044224844054845995,0.41491952951066446,0.21276886682031257,0.1308725755175115,0.0,0.02295974664745806,0.27281444287581963,0.0,0.1675106337010385,0.3168895886582719,0.8815766313891593,0.9999999794577481,0.05149096010023399,0.03705303778526591,0.01614974413620072,0.0023580611047261876,0.005276837093433408,0.16304246293266916,0.09758342391993632,0.04892912090691578,6.610696135189607e-05,0.6149902431346894,0.06799534717296439,0.6533581937140878,1.0,0.9661083949398864,0.4899678437964184,0.9934399891980934,0.234984720164283,0.316930075885142,0.0,0.0,0.033548960103448155,0.901309312411005,0.033097215235397937,0.0024871622539988218,0.012764048752486793,0.9999338930386481,0.1166733466323715,0.2181044559364698,0.35802369442145626,0.46937238351838134,0.7192357860067231,0.21576923076840077,0.0,0.010931858412655551,0.23721771332776204,0.006560010801906627,0.5975046461346785,0.3661803354565861,0.11842336861084067,2.0542251935185734e-08
0.010570161077579644,0.23187845929751996,0.1293237411700914,0.050783067525553116,0.022369925082699922,0.999934017036368,0.20813942173959196,0.006050503508304423,0.0445042495572177,0.4147136259689211,0.21309453192252392,0.1304223682647127,0.0,0.022344434717493696,0.2729510472157846,0.0,0.16752308461601845,0.3174370328024841,0.8826423006833696,0.9999999823628388,0.05142810916133918,0.03708027347169965,0.016187634382792592,0.0023534388837022253,0.005294362931547884,0.16321160384608388,0.09755436171863127,0.048757238824007725,6.610696135189607e-05,0.615289803972765,0.0684808706722075,0.6541723011704313,1.0,0.9667176340501069,0.49055418154256336,0.9934142996042167,0.23600253451520606,0.31743553937628777,0.0,0.0,0.03353496220933122,0.9100961260271125,0.032396971266237966,0.002486593850510025,0.012769988811845446,0.9999338930386481,0.11702143662736718,0.21793111499844436,0.35776446646529947,0.4700427247362928,0.7184245974052685,0.21540533056485597,0.0,0.01093793123239943,0.23649477124165205,0.006585700395783354,0.5964743808687756,0.3651274278212282,0.11735769931663048,1.7637161132842784e-08
0.01058550915256109,0.23214547045838763,0.12932663956192403,0.05078058992932831,0.022346124579517804,0.9999345066700668,0.2083724303819025,0.006265235984187652,0.044777953540902894,0.41451358204180483,0.21341522822076991,0.13001313354066732,0.0,0.021740136528731125,0.2731024035195522,0.0,0.16753448381389335,0.3179861342732699,0.8837098791781387,0.999999984884988,0.05136681247303653,0.03710639590971724,0.016223125036413488,0.0023544791169825595,0.005311075141390056,0.1633669362800297,0.09753489476412461,0.048573942005070495,6.610696135189607e-05,0.6155906639705346,0.06894151531594732,0.6549432762110544,1.0,0.9673151533834815,0.4911079623394116,0.9933949310762499,0.23698251351468616,0.31791856432031795,0.0,0.0,0.03352010934111573,0.9188112485248487,0.03173202764825102,0.0024858041903598645,0.012775858604277848,0.9999338930386481,0.11734190778986055,0.21774642574106054,0.3575227984035245,0.47066327083249804,0.7176432564632828,0.21504359024827824,0.0,0.010944710087787404,0.23578963414103618,0.006605068923750135,0.5954830026714205,0.3640953014064122,0.11629012082186133,1.5115011980203242e-08
0.01060193117948859,0.23241301402294934,0.12932825354104474,0.05077674687329045,0.022323532249383812,0.9999349972737241,0.20860032222637356,0.006483624400994463,0.045051001171215854,0.4143197114792804,0.21372798146474797,0.12962556022059418,0.0,0.021147882612575664,0.2732525284416744,0.0,0.16754010068965006,0.31853444082494137,0.8847763331563482,0.9999999870695402,0.051308254605448134,0.03713178379223832,0.016256337972899347,0.0023607966590620446,0.005327112214451709,0.16351538761989123,0.09752219222404362,0.04838299561366581,6.610696135189607e-05,0.6158763052962044,0.06937837194674357,0.6556887139378031,1.0,0.9678995756355415,0.4916422093571633,0.9933815996385961,0.23792739509126243,0.31837609778960163,0.0,0.0,0.03350552127189478,0.9274313052171143,0.03108855340392456,0.0024847952910108167,0.012781690844232151,0.9999338930386481,0.11764755171672757,0.21756366334336624,0.3573073254416428,0.47123794381476886,0.7168936465885085,0.21468572584160261,0.0,0.010952541751882785,0.23510526220116224,0.006618400361403907,0.5945325042190875,0.36308946138545695,0.11522366684365185,1.2930459862800948e-08
0.010619168206506291,0.23268177288244316,0.1293317289087252,0.05076939368840173,0.022301928176552778,0.9999354860249527,0.20881507836736032,0.006708497485161574,0.0453245166366214,0.4141323154982504,0.21403303091271755,0.129244870150366,0.0,0.020568571754934765,0.27339106172955735,0.0,0.16753776998946387,0.31908263443488366,0.8858410933952625,0.9999999889576738,0.05125282244433879,0.037156678112383226,0.016287981778812806,0.0023723631654554824,0.005342618550641366,0.16366007558735302,0.0975169466114096,0.04818467189131364,6.610696135189607e-05,0.616133250974836,0.06979244559162223,0.6564196064832803,1.0,0.9684696798011767,0.4921650791032803,0.9933739657750598,0.23883874258913837,0.3188064810145671,0.0,0.0,0.03349130819304849,0.9359020842936149,0.030466403145103262,0.00248358070008989,0.012787444657848566,0.9999338930386481,0.11793988879468464,0.2173837783911524,0.35711268944714347,0.4717734405078905,0.7161745234956602,0.2143355233663537,0.0,0.010961748443888501,0.2344438591671624,0.006626034224940252,0.5936234874213977,0.3621108845505492,0.11415890660473751,1.104232616853214e-08
0.0106370044509384,0.23295253820183762,0.1293385848014279,0.05075764049776646,0.022281149196197385,0.9999359720894677,0.20901145902503543,0.006943440490549659,0.04559867420395752,0.4139505145659056,0.21433054274274488,0.12885796424857285,0.0,0.02000272774237964,0.2735094386510896,0.0,0.16752526185424554,0.31963108506471977,0.8869036810401622,1.0,0.051200369644449184,0.037181472740688976,0.01631854670961727,0.0023893499534460225,0.005357740390632783,0.16380338050977153,0.09751966719765644,0.04797828908188468,6.610696135189607e-05,0.6163519724930285,0.07018425461174728,0.657143892828746,1.0,0.9690246704907143,0.49268243204209106,0.9933716288908754,0.23971649641899856,0.31920863393288207,0.0,0.0,0.03347739510888489,0.9442226160657858,0.02986417381032318,0.0024822442033106723,0.012793119071065093,0.9999338930386481,0.11821993584971636,0.2172067892620924,0.35693341587889005,0.47227096199166013,0.7154852026455079,0.21399814292268127,0.0,0.010972601766906101,0.2338081293068193,0.006628371109124619,0.592758241726756,0.36116028100239816,0.11309631895983788,0.0
0.010655321653851432,0.2332256393988855,0.1293502271414256,0.0507407123760087,0.022261134615255047,0.9999364557177121,0.2091870028190178,0.0071907979371487905,0.045873762942788075,0.4137733324909391,0.21462096299345443,0.12845256430663146,0.0,0.019450470929025215,0.2736000546938483,0.0,0.16750078779292196,0.3201799671941354,0.8879640442758495,1.0,0.05115100083599177,0.037206234880318094,0.01634845128802928,0.0024119564040834714,0.005372607655509226,0.1639472215011093,0.097531304494298,0.047762761776040503,6.610696135189607e-05,0.6165246652683202,0.07055481698724547,0.6578695543206114,1.0,0.9695642203867556,0.4932000986332304,0.9933741798937508,0.2405626209659031,0.31958301066259437,0.0,0.0,0.03346392949470152,0.9523291941559628,0.029282787357698896,0.0024805721123459575,0.012798711633670846,0.9999338930386481,0.11848877485819803,0.21703415020484673,0.3567701458285475,0.4727373503219992,0.7148242200193001,0.21367788137275717,0.0,0.010985308684219226,0.23319984667292135,0.006625820106249264,0.591936591241175,0.36023702214327036,0.11203595572415054,0.0
0.010673986171449242,0.23350227665700102,0.12936747944119956,0.05071814243680163,0.022241825410897826,0.999936936649624,0.20933901613501285,0.007451747623248106,0.046149956355354876,0.41359948926337964,0.21490459201815093,0.12801744301533932,0.0,0.01891169852420704,0.27365623566348185,0.0,0.16746223438786742,0.3207290973066654,0.8890220152713616,1.0,0.05110485484979799,0.03723125977838437,0.01637805913062744,0.0024069996780573676,0.005387250515025821,0.1640865438337439,0.09754136306432255,0.047647351723530386,6.610696135189607e-05,0.6167894073533241,0.07090444665497293,0.6586026711492237,1.0,0.9700882335667831,0.49372235496864686,0.9933811487710673,0.24137700345004715,0.31992938752972505,0.0,0.0,0.03345078921933063,0.9601598224433721,0.02872244545908422,0.0024779205485875753,0.01280415467235236,0.9999338930386481,0.11874728883033449,0.21686747988849298,0.3566235741409462,0.4731783067049816,0.7141909613268761,0.21337988583543702,0.0,0.011000067909009904,0.23262140936787137,0.006618851228932658,0.5911607621620855,0.3593415151636095,0.11097798472863842,0.0
0.010692586887502416,0.23376475972790658,0.12937766812009305,0.05070588243451413,0.022221838819635124,0.9999373594458473,0.20950046900428287,0.007683644606532237,0.04640609895735666,0.4134363009026164,0.21518715115094392,0.12763039359653372,0.0,0.018384753955131318,0.27373958019908934,0.0,0.16742898727596345,0.32127603779095837,0.8900776173272127,1.0,0.051059471139474656,0.03725664481994805,0.016407003065088507,0.0024090812457555526,0.005401587955915083,0.16421658500556566,0.09755048771070322,0.0475123171556467,6.610696135189607e-05,0.6170483226963559,0.07123274188851492,0.6592710410088108,1.0,0.9705998691352486,0.4941949997534668,0.9933938356060014,0.24214778721615543,0.3202610357632991,0.0,0.0,0.033435734739556744,0.9676311566349322,0.02819049555357405,0.002474984359276946,0.012809443222057527,0.9999338930386481,0.11898906662803804,0.2167039393613033,0.35648896678661235,0.47359823997641887,0.7135801069605412,0.2130985653946555,0.0,0.011015376909620032,0.2320654200474439,0.006606164393998641,0.5904232255078812,0.3584629264457426,0.10992238267278726,0.0
0.010711593273452096,0.23402445906007843,0.12938558832677502,0.050695742427867035,0.022202614859286905,0.9999377825904904,0.20965684201055804,0.007906607900188451,0.04665708819472536,0.41327739238030736,0.21546297879520354,0.1272659767605727,0.0,0.01786898560536383,0.2738274313197309,0.0,0.16739277554660992,0.3218154532355271,0.8911242749082973,1.0,0.05101673388233718,0.03728187615615592,0.01640124597746122,0.002416960445278604,0.005415446667776296,0.16432982131248947,0.09766085044409711,0.047373312387417266,6.610696135189607e-05,0.6173958751150235,0.07153881438568944,0.6599036906071846,1.0,0.9710997171866773,0.49463934095774725,0.9934118761364734,0.242875385176064,0.32057111051206727,0.0,0.0,0.03342031336307774,0.9746577040437037,0.027680111078122776,0.002471129241894466,0.012814478646051623,0.9999338930386481,0.11922240373812175,0.216548713662447,0.3563851053623738,0.47399947146382193,0.7129982068191071,0.21283033263224269,0.0,0.011031297207958882,0.23153322772252177,0.006588123863526567,0.5897318392773261,0.35761343625240555,0.10887572509170271,0.0
0.010730913930183326,0.23427533417311605,0.12940951792316704,0.05068337686876763,0.022184352607156604,0.999938139660062,0.20976426368503182,0.00812661364769818,0.046907048639569356,0.41312385460413575,0.21573993418469034,0.12692133620224583,0.0,0.01737352658123658,0.2739380328490404,0.0,0.16735976384427986,0.32235082055957553,0.8921603664037576,1.0,0.05097342218861177,0.03730542924878098,0.016419955856402747,0.0024299188034227425,0.005428222098082496,0.164434265455715,0.09770057469270992,0.04722764133042157,6.610696135189607e-05,0.6176685946972712,0.07181623673403927,0.6605041413243411,1.0,0.9715785546695846,0.49503691113835663,0.9934353289804083,0.24355404768753167,0.32085663430133854,0.0,0.0,0.03340381522238245,0.9810829599582208,0.02719409949626332,0.002465998578413211,0.012818903347289521,0.9999338930386481,0.11944763941816922,0.2164077158933204,0.3563052552763962,0.4743868950676753,0.7124438290812704,0.21257452247341313,0.0,0.011047918749178794,0.23102505601260298,0.006564671019591654,0.5890861884681886,0.356792545139086,0.10783963359624243,0.0
0.010750646428005198,0.23453494111642967,0.1294344174366745,0.050669158123254836,0.022167046287553782,0.9999385301087279,0.2098591251149639,0.008351355340817322,0.04715737075911639,0.41296600052034865,0.216010178912519,0.1265712300508129,0.0,0.016891926203925756,0.2740314852385254,0.0,0.16731736565614053,0.32287749275981076,0.8931833095817521,1.0,0.05093459674835941,0.03732891408088177,0.016453234241117047,0.0024474527881942023,0.0054407985342957,0.16453416733777756,0.09769663725513508,0.04706693873251496,6.610696135189607e-05,0.6178302091730685,0.07206914570211971,0.661089400603675,1.0,0.9720423175698041,0.49542423210748393,0.993463604139303,0.24418411467868212,0.3211126294472764,0.0,0.0,0.03338763892144742,0.9866836144541782,0.02673737195694739,0.0024592328629439884,0.012822453976151683,0.9999338930386481,0.11966629354897504,0.21627987313904518,0.35624365830656407,0.4747722065747138,0.7119206753853613,0.212339369345512,0.0,0.011065756226270169,0.23054428265399077,0.006536395860697001,0.5884985196651774,0.3560098777929128,0.10681669041824794,0.0
0.010770517724095135,0.23480738361090142,0.1294592785099207,0.05065317098160353,0.022150778824386763,0.9999389426404408,0.20994829342847268,0.008616413909955569,0.047411324682255465,0.412793608236584,0.21627180936486512,0.1262003812147336,0.0,0.016420050766802814,0.2740882425740506,0.0,0.16725966868085315,0.32339549368298515,0.8941939822210072,1.0,0.050901578609470165,0.037354185716325684,0.016464699877976694,0.0024686068655696597,0.005453636187950441,0.16462672817940202,0.0977579890061305,0.046869072798102346,6.610696135189607e-05,0.6179856225301745,0.0722969926478274,0.6616657974436883,1.0,0.9724947557958066,0.4958154873376473,0.9934955112894587,0.24476003711664862,0.32133412801714994,0.0,0.0,0.033371621777655146,0.9912720048810078,0.026313561488771797,0.002483797045111672,0.012824438677013529,0.9999338930386481,0.11988244739889158,0.21606157839251405,0.356046350260793,0.47513507304419766,0.7114311979873075,0.21213382134157824,0.0,0.011085193437390619,0.23009627008830205,0.006504488710541285,0.5879802942024983,0.3552703782998649,0.10580601777899282,0.0
0.010791096096468082,0.23508184956009473,0.12951136000845795,0.05061845711831263,0.02213411840446961,0.9999393142444634,0.2100332265454614,0.008905266713302246,0.0476322342883531,0.41260570345353875,0.2164798598772049,0.1257948534928314,0.0,0.015962043488718734,0.27413258657244144,0.0,0.16718224155785258,0.32390144183732966,0.8951934917757738,1.0,0.05087185281179161,0.03738177934687177,0.01649658735944668,0.0024620508621335632,0.005466306941274216,0.16471279429512822,0.09774790928430582,0.04679063994092699,6.610696135189607e-05,0.6181530180268938,0.0724927575391339,0.6622296070063344,1.0,0.9729327600039165,0.4961915692052802,0.9935302813685993,0.24527465127163697,0.32152336954350536,0.0,0.0,0.033353265414521945,0.9947337639661791,0.02592084624679181,0.002474234867578287,0.012826400868764484,0.9999338930386481,0.12009203633244407,0.2159536234890151,0.35599822157722044,0.47553235058908794,0.7110273825836613,0.21197553950083428,0.0,0.011105196507364832,0.22967584422227838,0.006469718631400693,0.5875431071705104,0.3545751886191649,0.10480650822422624,0.0
0.010811356159582789,0.2353559102413877,0.12954270848122898,0.05060428085945517,0.022119854316609684,0.9999396630917724,0.21013208080797122,0.009135765085697897,0.04785618645803442,0.4124195558789311,0.21669988298545628,0.125437424080571,0.0,0.015512194373299345,0.2742018312273084,0.0,0.1671101052723384,0.32439878845219766,0.8961808332750938,1.0,0.05084573746604888,0.03741075440122463,0.016507970741010406,0.0024636696386050455,0.005479230083890756,0.16477688653254033,0.09779169612715344,0.04669758695732034,6.610696135189607e-05,0.6183265032753155,0.07266033494085174,0.6627178769261319,1.0,0.9733629083175527,0.496511728820399,0.9935690235540884,0.2457125405192179,0.32168467948509444,0.0,0.0,0.033332541649941656,0.997053674520614,0.0255640708905402,0.0024648187797958734,0.012827176902612999,0.9999338930386481,0.1202961906131766,0.21584818639433578,0.3559826520420171,0.47593076809043666,0.710639782073692,0.2118446989932971,0.0,0.011124897309148056,0.22928643995229264,0.006430976445911648,0.5871773542084437,0.3539165320627079,0.10381916672490618,0.0
0.010831769054585948,0.2356271193238805,0.1295820060577915,0.0505982635609429,0.022106345482188632,0.999939976216306,0.2102029264747215,0.009327567961978155,0.04808333679195739,0.4122297311367635,0.21692543940032377,0.12511016198042244,0.0,0.015074816257504791,0.27429044372923356,0.0,0.16704182458933456,0.32488587216844356,0.8971519578314844,1.0,0.05082275088721804,0.03743993215542545,0.016529714828548633,0.00247135701508906,0.005491694326030698,0.16482762911267743,0.09780195039145108,0.0465954957302605,6.610696135189607e-05,0.6184149706245237,0.07279194995306654,0.6631533117079966,1.0,0.9737807127071164,0.49678135972489174,0.9936113782521047,0.24607216969916934,0.3218123078214236,0.0,0.0,0.03331057337244631,0.998454108040825,0.02523631471538314,0.0024872103379441233,0.01282607600559401,0.9999338930386481,0.12049674009580603,0.2156499436937473,0.3558225614929962,0.4762866074620921,0.7102826106466097,0.21173652631158094,0.0,0.01114447103537874,0.2289281965458747,0.006388621747895327,0.5868860057114961,0.35330182001013277,0.10284804216851562,0.0
