0_primarytoI_spread,0_primarytoII_spread,0_primarytoIII_spread,0_primarytoIV_spread,0_primarytoV_spread,0_ItoII_spread,0_IItoIII_spread,0_IIItoIV_spread,0_IVtoV_spread,0_late_p,0_C01_coef,0_C02_coef,0_C03_coef,0_C04_coef,0_C05_coef,0_C06_coef,0_C09_coef,0_C10_coef,0_C12_coef,0_C13_coef,1_primarytoI_spread,1_primarytoII_spread,1_primarytoIII_spread,1_primarytoIV_spread,1_primarytoV_spread,1_ItoII_spread,1_IItoIII_spread,1_IIItoIV_spread,1_IVtoV_spread,1_late_p,1_C01_coef,1_C02_coef,1_C03_coef,1_C04_coef,1_C05_coef,1_C06_coef,1_C09_coef,1_C10_coef,1_C12_coef,1_C13_coef,2_primarytoI_spread,2_primarytoII_spread,2_primarytoIII_spread,2_primarytoIV_spread,2_primarytoV_spread,2_ItoII_spread,2_IItoIII_spread,2_IIItoIV_spread,2_IVtoV_spread,2_late_p,2_C01_coef,2_C02_coef,2_C03_coef,2_C04_coef,2_C05_coef,2_C06_coef,2_C09_coef,2_C10_coef,2_C12_coef,2_C13_coef
0.0118102081675846,0.2784464761398137,0.1444373474669277,0.0483813914232234,0.0307482719206351,0.6015752592480916,0.2903784394460733,0.0756342208215767,0.0947097509597804,0.3754715490762129,0.0214957528496167,0.0887944239893887,0.0,0.0410090698794926,0.0160619372492994,0.0,0.0742488203890501,0.2667762374993156,0.9812498922023803,0.9452832481257328,0.0567875897548928,0.0262502447246093,0.0141760855868806,0.0039934324936456,6.610696135189607e-05,0.1712576914796263,0.0457187880598585,0.0106585208716444,6.610696135189607e-05,0.6899080474817846,0.012907330534711,0.6338408284099508,1.0,0.8652883841919718,0.5364857621715323,0.943155466041164,0.069516967567288,0.2164952009817725,0.0,3.1420870619601567e-06,0.0311076897436249,0.451259837980083,0.0626234053061575,0.0091456301983797,0.0193131417668823,0.999964756120144,0.1130829639932669,0.175134786241201,0.1592351269911304,0.3957348752869282,0.9655969166156724,0.2773647476006604,0.0,0.0937025459285355,0.4474523005791683,0.0568445339588359,0.8562342120436619,0.5167285615189118,0.0187501077976195,0.0547136097872053
0.011249748653832761,0.27593960482485286,0.133202419850583,0.052834467127341946,0.03467710683301264,0.246828832927355,0.31569251881161453,0.03513445893023195,0.07634489297419426,0.3957929375889294,0.019442718402406422,0.09234117198820449,0.0,0.04427359688557221,0.018269187636871183,0.0,0.07935928191332381,0.2589679628162244,0.982682218096351,0.946798210587744,0.05664301859086928,0.02982760878469147,0.013080708379402917,0.007721458258259106,6.610696135189607e-05,0.15474542082047194,0.05066827288880368,0.011202551709363589,6.610696135189607e-05,0.6927311359870453,0.013749274805463766,0.608874381897562,1.0,0.8466236692612724,0.5366021918207164,0.9375953094122481,0.07270825991142386,0.20487511466448297,0.0,3.0257495877913203e-06,0.03063005502866926,0.4373958868382289,0.05558614294469886,0.011468918469683823,0.019682557734484147,0.9192638715113313,0.13508397210774586,0.14640010093529715,0.027403799225431052,0.4167644349144819,0.9668080067921299,0.2987844461142335,0.0,0.10910273385315546,0.4451286205424125,0.06240469058775192,0.8479324581752524,0.5361569225192926,0.017317781903648993,0.05319876366266822
0.011094903716932168,0.27358087180211105,0.1330359308253511,0.05303389135039417,0.03571838703665329,0.22307810196431885,0.3131159117809366,0.03365843134269723,0.08605900871415033,0.398168262590462,0.01686570172808852,0.08913829296530185,0.0,0.045090184481654326,0.01759209697808146,0.0,0.08322769911501669,0.2529954194505884,0.983724887974678,0.9470912126815683,0.056717617191544084,0.031205461427173564,0.012732514670082894,0.008548966395820033,6.610696135189607e-05,0.15144431005499018,0.04887072118537919,0.014139003083947168,6.610696135189607e-05,0.6836164648027191,0.01431548762578183,0.6018214717248039,1.0,0.8385452357168356,0.5448246881964669,0.9385851533280181,0.07407670551943096,0.19950145278357645,0.0,2.9912439772810244e-06,0.0307603354896004,0.4348114032704464,0.05372577023384643,0.011003015777457022,0.0188657917167907,0.9427347560037282,0.13922206781676438,0.14703298560304895,0.013725745865735467,0.4182880380605484,0.9688188106461296,0.30904023530989416,0.0,0.11636457980151,0.43758321482545154,0.061414846671981986,0.8426955953655524,0.5475031277658351,0.016275112025321906,0.05290579607445448
0.011032335385338569,0.2724134630956851,0.1333743867933012,0.05314608415482519,0.03573159863769043,0.22466519394544376,0.3102404746002202,0.03324346370007885,0.08948359616776946,0.39977040080203724,0.014586735023536824,0.08552598658803481,0.0,0.045420432142330394,0.016583200499664975,0.0,0.08745198373103924,0.24894254509200767,0.9846431963870194,0.9470318598667203,0.05688958743780514,0.03152756570661412,0.0125946038493685,0.008899689977775072,6.610696135189607e-05,0.15058041389578783,0.04745459089516284,0.015200861783264283,6.610696135189607e-05,0.6789509247696979,0.014698459427682989,0.5990241857148879,1.0,0.8338699763345088,0.5522724062045787,0.9407134356951737,0.07451302009033593,0.19560622413780562,0.0,2.9579653853915566e-06,0.030824343666862788,0.4343875712472791,0.05283010341575265,0.010757830049780615,0.0184558640795652,0.9536594070669352,0.14089513174248994,0.1467174436117885,0.00945598698243728,0.4183647966556761,0.9707148055487802,0.3154498276970774,0.0,0.12070959152316091,0.43114439329575627,0.05928656430482622,0.8380349961786248,0.5554512307701868,0.015356803612980644,0.05296518216789424
0.010975859455624425,0.27152250913587694,0.13366250196993487,0.05309873205643042,0.03573404916177729,0.2288897949037288,0.30826227141881923,0.03336361135847879,0.09043427116991504,0.40088246242034153,0.012627906341039795,0.08215916940820357,0.0,0.04554242650696449,0.015584929667061572,0.0,0.0918578938461395,0.2458378612134008,0.9854942818723474,0.9468639261874731,0.05714927259152142,0.031638411058121395,0.012646657698437426,0.009124177659654557,6.610696135189607e-05,0.15093306696436423,0.0464785634028591,0.015638168411536445,6.610696135189607e-05,0.6743611795230652,0.014990250359867924,0.5976520229191132,1.0,0.8305869813234891,0.5576489537433393,0.9427264753078274,0.07454330442817983,0.19273557401201855,0.0,2.9237521074568263e-06,0.030843911365752808,0.434352921849775,0.05200486988606153,0.010638276537132382,0.01836747157166305,0.9611705568752328,0.14232550591885065,0.1465676505946571,0.007463178047144973,0.41829150084055,0.9723818432990923,0.32018880767268315,0.0,0.12387059216954646,0.426766116589599,0.05727352469217266,0.8335988017256807,0.5614265647745807,0.01450571812765254,0.05313315006041957
0.010934316484074228,0.270843389190631,0.13382227992215978,0.052947699472086926,0.03574930652407721,0.23246925412364927,0.30700752586556035,0.03373720817144451,0.09055628835578798,0.4016404000225585,0.010944327454369285,0.07904527489810187,0.0,0.045501919248805485,0.014633465408464837,0.0,0.09629974275979104,0.24322884131499467,0.9862858491034656,0.9466441652173098,0.05746419411796846,0.03166672210540135,0.012771108631431697,0.00927503097689089,6.610696135189607e-05,0.15181997652756135,0.04586253937864854,0.015887474953878693,6.610696135189607e-05,0.6701650599029264,0.015241646166596854,0.5971294317810132,1.0,0.8281987126545857,0.5615769086425761,0.9444437232006381,0.07435767215954918,0.19062290089421471,0.0,2.8884403989009893e-06,0.030861843874309257,0.4346808136345323,0.05120723932142741,0.010574546095030455,0.01831463110411806,0.9666271333068567,0.14365075891908852,0.14662167230454068,0.006684951435225188,0.4181765108740503,0.9738140263790338,0.3238252933208849,0.0,0.12629936809660885,0.42378962594895897,0.05555627679936195,0.8293425850806597,0.5661482577907906,0.013714150896534416,0.05335294634229135
0.010895992437855006,0.2703004808811436,0.1338941505326079,0.05274849820145525,0.03579614246171249,0.23554836369179472,0.30626859926924666,0.03423332193008468,0.0903305983021083,0.4021766661074527,0.009495706075578,0.07620968276344824,0.0,0.04537291213541706,0.013734614823839924,0.0,0.10075869110859809,0.2409894315578221,0.9870254750574728,0.9464027618899729,0.05778460904110751,0.0316528579530851,0.012918621404541752,0.009364240142566075,6.610696135189607e-05,0.15289372989184513,0.04551384553374631,0.016124707217109097,6.610696135189607e-05,0.6665447682055544,0.015478410034887775,0.5971176664957653,1.0,0.8264042777438882,0.5645217044473843,0.9458399472267278,0.0740619047533286,0.1890560621594445,0.0,2.851190325875266e-06,0.030880818641246897,0.4352053827535383,0.050416500580902926,0.01052724066312367,0.018251883357331064,0.9712169579876084,0.1448732082337999,0.1468401224565876,0.006505228436412696,0.418095474631649,0.9750258838895343,0.3266726507407865,0.0,0.1282228101206947,0.4217436807287759,0.0541600527732722,0.8251794041380733,0.5699545062827334,0.012974524942527151,0.05359438691970132
0.010860236498920997,0.2698479705231606,0.13390861809765914,0.05253159314052263,0.03586880376710674,0.23830478031860292,0.30587069908590725,0.03477645831468542,0.08993658735006449,0.402578189041787,0.008247993890635158,0.07366759366155488,0.0,0.04520594421944494,0.012891248904350693,0.0,0.1052385363712962,0.2390695170365751,0.9877180169202069,0.9461500188911972,0.05803003413047486,0.031612788065775256,0.013067064376680771,0.009460484640085868,6.610696135189607e-05,0.15396678803078553,0.04535401058377596,0.01621003560207245,6.610696135189607e-05,0.6635650658590979,0.01571587565326684,0.5973898551924092,1.0,0.8250214773162672,0.5667694095958778,0.9469387901913683,0.07371443878374652,0.1878899417320371,0.0,2.811832567759049e-06,0.030900632054686725,0.43582952713770506,0.04963646930138907,0.010502057591151104,0.018175617774263898,0.9757347063143497,0.14604277794459358,0.14709574432420094,0.00660563076368092,0.4180339927998729,0.976036130456098,0.32894255114603593,0.0,0.12977257846428797,0.4203393414997714,0.053061209808631694,0.8210470248449573,0.5730405412313878,0.012281983079793064,0.05384716927623502
0.010828074159161651,0.26946478062578416,0.13388534958561052,0.05230535526538807,0.03595886899314228,0.24082828844423626,0.305673885689361,0.035348733064670665,0.08947346951970077,0.4028956842422941,0.007171202660267563,0.07138623869484233,0.0,0.04503114455104841,0.012091591857704368,0.0,0.10973327935329374,0.23743372456363335,0.9883671364574239,0.9458895701712206,0.05826956667044694,0.03155670205587277,0.013217844321181874,0.009548417218107542,6.610696135189607e-05,0.15491680394419,0.045272511815390284,0.016217507081101232,6.610696135189607e-05,0.6609012798947608,0.01595984446446167,0.5978346447091403,1.0,0.8239378124877716,0.5685663618922162,0.9477708929130192,0.07334838569134873,0.1870187039664032,0.0,2.7711290523191844e-06,0.03092568988920886,0.4365292738226105,0.04885643369545932,0.010482863234283608,0.018090087540477397,0.9800737364263983,0.14716101747748297,0.14739527172958056,0.0068338632380659904,0.41799334119260445,0.9768689528752708,0.3307791165960174,0.0,0.13103104296117998,0.4193420462500794,0.052229107086980794,0.8169183349553575,0.5755475714699635,0.011632863542576059,0.05410765869972709
0.01079894147927557,0.26912972204971053,0.1338374283493185,0.05207526627091516,0.03605810517397341,0.24325853410558826,0.3055986348450912,0.035933390940699104,0.08898038189349258,0.40316249206023425,0.006241068777204197,0.06934768423908638,0.0,0.04487330801545564,0.011332327903849259,0.0,0.11424141887391735,0.23606752518548083,0.9889765364865828,0.9456250319137719,0.05845642438095119,0.03149455485796492,0.01333537063309597,0.009627706242675173,6.610696135189607e-05,0.1557888050491978,0.04532466602228025,0.01615672555631025,6.610696135189607e-05,0.6587574156941239,0.01621479388410784,0.5983558136923208,1.0,0.8230492656394897,0.5700427931264218,0.9483518641827122,0.0729773109169616,0.18635424594279543,0.0,2.729144797311305e-06,0.030953777200318482,0.43728757436294124,0.04807713219537167,0.010466427932787946,0.017998668446621614,0.9851076793789553,0.14823579979601598,0.1476922058396363,0.007107637610151421,0.4179738078408898,0.977544137338688,0.33229650206859285,0.0,0.13207742634505465,0.4186248789697289,0.051648135817287756,0.812781270209121,0.5775782288717237,0.01102346351341716,0.0543722389414308
0.0107728326297638,0.26882248098125555,0.13377677654574444,0.05184428319961766,0.03616120842352805,0.245600839468641,0.30558187749171806,0.03652071799744654,0.08847889855939473,0.4034010366377023,0.005437153155067032,0.06754084629681338,0.0,0.044743639980086646,0.010613034948963611,0.0,0.11875956074995254,0.23495695507629105,0.9895495596278735,0.9453591352727955,0.05861038065312437,0.031457075429487155,0.013436509953321648,0.009697436190182459,6.610696135189607e-05,0.15643372669854178,0.04541919048195359,0.016051509485121757,6.610696135189607e-05,0.6569227399607972,0.016483625750991385,0.5988966834256298,1.0,0.8223157749052991,0.5712809137548874,0.9487144865323857,0.07261621161598804,0.18585277467725025,0.0,2.6863191376586506e-06,0.030985502715338533,0.4380867653883192,0.047306280244865606,0.010436889910221868,0.017904014211980065,0.9906957808103759,0.14924200498924045,0.14807852651767572,0.007383705047287178,0.4179811051356427,0.9780792210939416,0.33356247027755676,0.0,0.13294058511461432,0.41810605129614903,0.05128551346761433,0.8086242276340594,0.5791902702464587,0.01045044037212651,0.05463817840806689
0.010749212741650171,0.26853426659925356,0.1337046500416777,0.05161400763873563,0.036302769931753,0.24792491978461995,0.3056144180766612,0.037106467082234376,0.08787254761166281,0.40359838805996895,0.0047424413580328915,0.06594985700664585,0.0,0.04464467776061798,0.009933416574373835,0.0,0.1232836199503638,0.23409034361337952,0.990089115718422,0.945094483319948,0.058739974334313064,0.031401235472156314,0.013561715001728718,0.00975995886927332,6.610696135189607e-05,0.15700493612640132,0.04542680323716239,0.015906991247299267,6.610696135189607e-05,0.65529490610579,0.016769649818038596,0.5994490006387122,1.0,0.8217314689022426,0.5723747697288949,0.9488969972351416,0.07227161341800058,0.18548289891916525,0.0,2.6428340190180644e-06,0.031021273727686066,0.4389133306183388,0.046551083101187635,0.010416815042194726,0.017808129802834426,0.9973504055172682,0.15020210717076232,0.14844968224506594,0.007644462235022792,0.41799406052794924,0.9784879088239286,0.33460114235464194,0.0,0.13362385333713944,0.41769181369673125,0.05110300276485834,0.8044447666316356,0.5804267574674553,0.009910884281578075,0.05490287384603296
0.010728037581105663,0.26828196490324996,0.1336209355261761,0.05138606586672918,0.036424038993677674,0.2501676957116699,0.30567511721182883,0.03768567455531741,0.08733397190734099,0.40378216345210033,0.004140842827864168,0.06454629628564439,0.0,0.04458168207860676,0.009289732375588876,0.0,0.1278034393133508,0.23343811341171383,0.9905971951202568,0.9448291911762388,0.05888746107672505,0.03133696537559996,0.013660336611052546,0.009814497855225656,6.610696135189607e-05,0.15748808543752046,0.045486647330915286,0.01571229042137092,6.610696135189607e-05,0.6538051129095994,0.01707702637609441,0.5999898521775369,1.0,0.8212417024638773,0.5733242648974033,0.9489071764898952,0.07194776327892273,0.18521527865337026,0.0,2.599007237433125e-06,0.03107643117845668,0.4397999945365325,0.045802262925271134,0.010401536356197049,0.017687159624574903,0.9999460276472392,0.1511603102174386,0.1488213505119698,0.007985266449131986,0.4180132643430167,0.9787821307960414,0.3354638515368188,0.0,0.13417661545751597,0.41738600272700793,0.051092823510104794,0.8002487974077265,0.5813466079349159,0.009402804879743229,0.05516820981652384
0.010707596352036695,0.26803772146314575,0.13352437403055228,0.05118948865012761,0.03654482062681503,0.2523882485060963,0.305753786605785,0.03816917149959965,0.08678904750836768,0.40396016647137833,0.003619329280498517,0.06333001793237249,0.0,0.044568894658982616,0.008682520468664362,0.0,0.132324548638855,0.2330064678338362,0.9910767056446329,0.9445683591688782,0.05898813361098911,0.03126694870551177,0.013746723208800887,0.009863343676280157,6.610696135189607e-05,0.15794671150627337,0.04555271139666041,0.015483778605213556,6.610696135189607e-05,0.6525841542653732,0.017390285738267963,0.6004688420046211,1.0,0.8207938538232799,0.5741248965922744,0.9487425851625483,0.07163923389413906,0.18501220540441404,0.0,2.554584969000449e-06,0.03112260063801162,0.44072775388539875,0.04505174178114357,0.010388851791783043,0.017578726024831612,0.9999442628970483,0.15204768745767688,0.1491980085648881,0.008251567072677497,0.4180694048451428,0.9789903849812335,0.33620114006300633,0.0,0.13463725151773748,0.41719258293906125,0.05125741483745168,0.7960362174670059,0.5819813267617499,0.008923294355367106,0.05542908624615283
0.010689650957490835,0.26780310730092466,0.13342338015726446,0.05097996581085757,0.036657955452048245,0.254669395763144,0.3058356723079569,0.03867891364691411,0.08627275320281262,0.4041391259846144,0.003167040139860443,0.06228199173652963,0.0,0.044595662746435415,0.008111163289075102,0.0,0.1368317424185364,0.23276896054598997,0.991529101333414,0.9443125239265483,0.059081758774701135,0.031187763624776432,0.013825742047723619,0.009905275114051251,6.610696135189607e-05,0.15835059990966008,0.04561852108739624,0.015229697329028943,6.610696135189607e-05,0.6515096504647183,0.017705242558885323,0.6009004582622895,1.0,0.8203931529266816,0.5748193103716135,0.9484237925043195,0.07135479024706416,0.184880260640543,0.0,2.5100147073107876e-06,0.031171202118367793,0.44169546545311755,0.0443163653793198,0.010376905870975787,0.01747310988182239,0.9999451749703561,0.15290426688119216,0.14957045420970977,0.008479297023203563,0.41812185734751817,0.9791277173012543,0.33681755000118085,0.0,0.13501118432688297,0.41706952633931144,0.05157620749568047,0.7918134673343995,0.5823507788134671,0.008470898666586039,0.05568496605874443
0.01067338607520848,0.267573622247139,0.13330855971116068,0.05076308972296374,0.03676505164472379,0.2569577237345263,0.30591751153107805,0.039202928963698536,0.08581368880756482,0.404323892371338,0.0027744889866247882,0.06138750269331957,0.0,0.044661204623754364,0.007574336609932917,0.0,0.14131526734638158,0.2327149137953691,0.9919565242909907,0.9440656578628916,0.05915667019855995,0.031100926383396302,0.013899186388278492,0.009942209928364129,6.610696135189607e-05,0.15871668305237396,0.045676901745950446,0.014951117082849257,6.610696135189607e-05,0.6505958427261427,0.018023615268551937,0.6012813847583987,1.0,0.8200203105110846,0.575420398520057,0.947957139251948,0.07109546876179167,0.18480270340040977,0.0,2.4652525404738816e-06,0.031223192747274548,0.44270175578891663,0.04359189191269902,0.010366915723274493,0.01736898534700232,0.9999462021238769,0.15372955634649793,0.1499433976187145,0.008676313235674289,0.4181702196617516,0.9792018957448233,0.33733111254828174,0.0,0.13531848486516102,0.41700526487001005,0.05204286074805199,0.7875892638918268,0.5824823828042212,0.008043475709009318,0.055931876884567855
0.010658433169256614,0.2673476553934747,0.1331798504014014,0.05054086228770515,0.03686538042867995,0.2592347796917268,0.30599656515719426,0.039734865564796926,0.08534936353978935,0.4045214534632142,0.0024335052572076934,0.060631772750705346,0.0,0.04476234368214367,0.00707028093888039,0.0,0.14576719524643514,0.2328340369423788,0.9923608314625814,0.9438310071572864,0.0592185887828787,0.03100594123258642,0.013967867441371537,0.009974368497897592,6.610696135189607e-05,0.15903539211382572,0.04572409242645671,0.014648421600024853,6.610696135189607e-05,0.6498182933224914,0.018346528443317262,0.6016153907367309,1.0,0.8196691091160873,0.5759382476467397,0.947350702971989,0.07086280445401624,0.18477042634011964,0.0,2.4203526240374713e-06,0.031278143594463376,0.44374626041230897,0.04287803630861547,0.010358730610667454,0.017265713347816725,0.9999478374147558,0.15452599599374534,0.15031821821581337,0.00884232989666615,0.41821396831175567,0.979219966299475,0.33775283651256377,0.0,0.13556854720176897,0.4169914714143799,0.052649297028011056,0.7833700002995486,0.5823955367175015,0.007639168537418621,0.056166572490089606
0.010644473859066732,0.26712194090320457,0.13303568100445104,0.05031456533005625,0.03692796550565506,0.26148555889511255,0.30605735479936225,0.04026155052903145,0.08499172665570824,0.4047352707504458,0.002137077235583155,0.06000258083474403,0.0,0.04489641065010501,0.006597533415546861,0.0,0.15018126798004985,0.23311498777853776,0.9927437351610628,0.9436116023371329,0.05926955772730515,0.030903393312491166,0.01403237210524384,0.010002151069027179,6.610696135189607e-05,0.1593119816034918,0.04575901882264943,0.014321837205402362,6.610696135189607e-05,0.6491542926678704,0.018675137389634795,0.6019030896772366,1.0,0.8193319629688097,0.5763788499673034,0.9466093289557432,0.0706572023216053,0.18477507290342313,0.0,2.3753339828261402e-06,0.03133572779470668,0.44482756387334177,0.04217417323506036,0.010352170061312449,0.017163558577377995,0.9999495664886199,0.1552960982413154,0.15069539247316815,0.008984855568434022,0.41825283728408963,0.979187785374782,0.33809432948801943,0.0,0.13577162638108525,0.41702361661714976,0.05339067104425677,0.7791615296983448,0.5821099393180391,0.007256264838937122,0.0563860223288843
0.010631255127372376,0.26689143905615015,0.13287489313487355,0.05008569505558665,0.037008559879533734,0.26376673636829023,0.30612424998306303,0.04079288859791524,0.08458532335839986,0.4049646511429259,0.0018793025068169612,0.0594880155559479,0.0,0.04506023306361046,0.006154923553794423,0.0,0.15454938998352083,0.2335533779836065,0.9931070561283913,0.9434139860683949,0.05931138501597418,0.03079285177182159,0.01412634991612238,0.010026086765240923,6.610696135189607e-05,0.15955965190539353,0.04568581976396362,0.013981886655182775,6.610696135189607e-05,0.6484651336687405,0.019010438060589212,0.6021444323970917,1.0,0.8190014149837407,0.5767487512260903,0.9457368789987034,0.07047779086271845,0.18480713880100208,0.0,2.330022470526868e-06,0.03139559512611458,0.4459417476670826,0.04151368968666348,0.010346810260859563,0.01706568495141635,0.999951387587507,0.15598201036084383,0.15106014074755775,0.009093029540852513,0.41828514577588943,0.9791102594325938,0.3383675520469605,0.0,0.1359383519526489,0.4170963252201153,0.0542631210012966,0.7749728191537607,0.5816394832153915,0.006892943871608608,0.05658368390913457
0.010618943495959562,0.2666690162449867,0.13268869507639536,0.049855286524489374,0.03708997678002299,0.2660211637920434,0.30620794661306333,0.04132520108152058,0.08417923999503277,0.40520339776740893,0.0016546921032313082,0.059065371629074485,0.0,0.04524564402753641,0.005739403837075196,0.0,0.15886047821863541,0.23412224176904928,0.9934517939812463,0.943237343952973,0.05935054391770352,0.030676876998463692,0.01419576957979317,0.01004719933445558,6.610696135189607e-05,0.15979339103861587,0.04566469067005759,0.013609995537949338,6.610696135189607e-05,0.6478707391750476,0.019354591810819055,0.6023584672694127,1.0,0.8186747475292002,0.5770611410091807,0.9447353335739085,0.07032651949574141,0.18486947165604328,0.0,2.2846080256236694e-06,0.0314581537668564,0.44709750017927125,0.040851616850402714,0.010343110281337673,0.016967441005335815,0.9999533459154729,0.15666604660127342,0.15143197166276626,0.009187347935486851,0.4183121666069563,0.9789907160859497,0.33857616110151295,0.0,0.13607960844326333,0.4171994551537442,0.05526466642609157,0.7708130022856231,0.5810082865749074,0.006548206018753678,0.056760371439001464
0.010607224136013562,0.2664440745525975,0.13249203614177457,0.04962303644265252,0.03716877471359939,0.2682589469902553,0.30628077019313615,0.04185618388290687,0.08378430488343123,0.4054535052166278,0.0014588387826724135,0.058734707266766745,0.0,0.045454255472232,0.005350221035156018,0.0,0.16311566915763476,0.23481767929277877,0.993779198631257,0.9430835127438871,0.059382436093324276,0.03055520962068905,0.014255176963612568,0.010065799308096432,6.610696135189607e-05,0.16000361188397774,0.04565825327394909,0.013215818997140364,6.610696135189607e-05,0.6473594618970188,0.019706964954838566,0.6025339476620266,1.0,0.8183476865556025,0.5773198128022445,0.9436061128247275,0.0702027949915014,0.18495489103798324,0.0,2.239079610147256e-06,0.031522163146159826,0.44828465336773193,0.040194655107136115,0.010340619413081563,0.016868227425031336,0.9999553909293578,0.15733810124949743,0.15180655749211291,0.009266650057340061,0.4183391070307582,0.978834196262489,0.3387313450712066,0.0,0.13619805797216544,0.41732996616259943,0.0563938871752725,0.7666815358508638,0.580227429669238,0.0062208013687429795,0.05691424817650269
0.010596082395022847,0.2662178740079844,0.13228672198359095,0.04938942152428382,0.03724412001651711,0.27051854502936323,0.30633734389766276,0.04238321136245113,0.08340327629974156,0.40571448134205546,0.0012879028296918016,0.0584904050019064,0.0,0.045684509558400095,0.004986047782475569,0.0,0.16731301971181528,0.2356310192943859,0.9940902988351001,0.9429533705088186,0.059407565435738656,0.03042789355452412,0.014309172006800173,0.010081836318435265,6.610696135189607e-05,0.16018919444733043,0.045653271522774104,0.012801889393443204,6.610696135189607e-05,0.646915706628438,0.020067744451846784,0.6026709715854544,1.0,0.8180192712383654,0.5775297210214895,0.9423526927532387,0.07010563101486968,0.18505896769882677,0.0,2.193464470193422e-06,0.031587534576947185,0.4494999699572251,0.039550108488608245,0.010339169207195737,0.016770959883237912,0.9999575280309424,0.15798393257219923,0.15218628628733785,0.009323133298772742,0.4183633414623155,0.9786443527184614,0.3388386234126393,0.0,0.13629621920323456,0.417484231196035,0.05764730724676128,0.7625813492733151,0.5793100130067873,0.005909701164899809,0.05704443602671125
0.01058553224108562,0.2659922185527964,0.13207286620177155,0.04915809961101643,0.03731485834644392,0.2727366212414607,0.306380666249618,0.04289708750689479,0.08304036963693524,0.405984268659263,0.0011385637013966766,0.05832490683047755,0.0,0.04593364225393426,0.0046454823230591,0.0,0.17144832220589046,0.23655226643358393,0.9943860519106144,0.9428481354479252,0.05942684582146389,0.03029445431735695,0.01435942035954877,0.010095442586062368,6.610696135189607e-05,0.160355235617154,0.04564613291627763,0.012368823734415776,6.610696135189607e-05,0.6465278830027121,0.020437155707699016,0.6027722950442573,1.0,0.8176891630163818,0.5776952660396079,0.9409786262918114,0.07003426767365792,0.18517886320311314,0.0,2.147798349662139e-06,0.03165424192253227,0.45074303531690435,0.03891870986426639,0.010338636389943319,0.016674966539325837,0.9999597600539364,0.15860343813000902,0.15257477545416226,0.009361483049612606,0.41838395047250454,0.9784242805909044,0.3389027981252652,0.0,0.13637719472968393,0.41765925163733314,0.05902137370818862,0.7585174101204516,0.578268870363303,0.005613948089385634,0.057149716753725134
0.010575526219757434,0.26576867408043414,0.13185095012782272,0.04892880873058853,0.03738096037732134,0.2749372700934314,0.30641302200219955,0.04339913782878606,0.08269437976609503,0.4062615355604105,0.001007962095786346,0.05823098634048152,0.0,0.04619909817221065,0.004327162389709734,0.0,0.17551767298592255,0.23757150575476205,0.9946673219314869,0.9427686857200971,0.05944103138649496,0.030154720558739308,0.01440750226161276,0.010106812613251755,6.610696135189607e-05,0.16050611492538866,0.04563358947851822,0.011883809556673508,6.610696135189607e-05,0.6461897220473447,0.020815374729051424,0.6028399514362021,1.0,0.8173559003679483,0.5778198367851229,0.939486582861573,0.06998795021920941,0.18531224610919975,0.0,2.102124305385606e-06,0.031722200764664,0.4520129427377292,0.038300800378517345,0.010338805071757814,0.016576091512599624,0.9999620866445526,0.15919632470345568,0.15296665426888753,0.009399918569700226,0.41840538582225134,0.9781766631751623,0.3389290622233164,0.0,0.13644500145984112,0.41785300082516735,0.06051341713842698,0.754494376794868,0.5771162481360382,0.005332678068513162,0.05722921215559747
0.010566014640185126,0.2655475590327222,0.1316206518709749,0.048701527811693825,0.037444110099794925,0.2771236012262515,0.30643713798330713,0.04389081290359233,0.08236033153000187,0.4065451731992235,0.0008936233607474337,0.058202276167532464,0.0,0.04647872799626355,0.004029720912532135,0.0,0.1795202433673221,0.2386797597482137,0.9949349286249384,0.9427155611295954,0.059450174531236286,0.030008119595770794,0.014452873981417279,0.01011668806855788,6.610696135189607e-05,0.16064216982051008,0.04561658325791803,0.011396845770811776,6.610696135189607e-05,0.6458828581273035,0.02120282717092689,0.602873981738366,1.0,0.8170186174066644,0.5779053334147354,0.9378730352065171,0.06996582580750561,0.185457570613502,0.0,2.0564997670123085e-06,0.0317913470874162,0.453306825775423,0.03768719411408623,0.01033983988565843,0.01649016109540272,0.9999645287240947,0.1597813461503922,0.15334769098044662,0.0093741100478194,0.4184201871594098,0.9779035494683257,0.3389237420941014,0.0,0.13650265459707206,0.4180649456727325,0.06212696479348288,0.7505139308251723,0.5758626696382844,0.005065071375061662,0.05728238237063755
0.01055711060402349,0.26532966636635447,0.13141870689685997,0.048477756155210334,0.03749998782112523,0.27930839951524306,0.306369748676707,0.044370897755585614,0.08205112431602993,0.4068262058484325,0.0007934325127305454,0.05822954162376823,0.0,0.04676838553577466,0.0037519643569801668,0.0,0.18344800956396404,0.23986587139296695,0.9951896377753009,0.9426900245885046,0.05945586854661999,0.02985571752357986,0.014496172151203536,0.010124639947256335,6.610696135189607e-05,0.16077060720533115,0.04559585142145009,0.010885010784696982,6.610696135189607e-05,0.6456068148223739,0.021599730899769548,0.6028796740454218,1.0,0.8166749437344618,0.5779576831920631,0.9361454675372527,0.06996742937299276,0.1856137282216994,0.0,2.010972178357062e-06,0.03186140101185785,0.45462749711122485,0.0370886831619371,0.010341940386997941,0.01641501116981191,0.9999337433657246,0.16034132710551538,0.1537384604291069,0.00929350770723423,0.41842163932622645,0.9776068365874999,0.33889078433081005,0.0,0.13655667072976346,0.4182903524509568,0.06385453246274726,0.7465845610630433,0.5745204003853337,0.0048103622246990765,0.05730796443931705
0.010548960863997283,0.26512210959524873,0.13119824052109685,0.048257491883946485,0.037547516158457334,0.28144731996741806,0.30633421609713296,0.044841218653114794,0.08177278768273975,0.4071091277163294,0.0007055528464765305,0.058304383525080855,0.0,0.047063871606319696,0.003492720243054524,0.0,0.1872910594919418,0.24111781541267396,0.9954321166896904,0.9426929666385468,0.05945818107243293,0.029694680790745026,0.01453681568085282,0.01013106018512183,6.610696135189607e-05,0.16090118841250137,0.04557580296590627,0.010348593106112202,6.610696135189607e-05,0.6453671549662179,0.022006095242847298,0.6028610941388249,1.0,0.8163261020968925,0.5779817245785349,0.9343073182791114,0.0699933045548433,0.1857810922225339,0.0,1.9656706386180267e-06,0.03193235479624899,0.455975266667388,0.03650662501585734,0.010344700333140326,0.016326495182125214,0.9999363738099122,0.16087366257711927,0.15413024724703767,0.009258958771334284,0.4184295350696212,0.9772883519106762,0.3388345223360943,0.0,0.13661002629678778,0.41852555517841056,0.06569268172088855,0.7427156359532149,0.5731010923647921,0.0045678833103094995,0.057305067690814546
0.010541219904765094,0.2649174054345635,0.13096337944768766,0.04803948460563717,0.03759512965482556,0.2835695596174078,0.3063148096492268,0.04530304999384179,0.08149998402296711,0.4073965355349229,0.0006283771317966591,0.0584248656724107,0.0,0.047367134349183625,0.0032507659596301883,0.0,0.19105750893429396,0.24243292836177974,0.9956630759811953,0.9427245211965356,0.059456650244814065,0.029527845301254383,0.014575007882420648,0.010136231609004913,6.610696135189607e-05,0.16102085881117242,0.04555381404248614,0.009786788147534578,6.610696135189607e-05,0.6451468179578822,0.022421656042922167,0.6028126897371652,1.0,0.8159644481613099,0.5779728930048227,0.9323565552561051,0.07004227323875922,0.18595622985233456,0.0,1.9206043856865397e-06,0.03197042898044893,0.457329823870676,0.03590488691067638,0.010347932042218726,0.016234320326757375,0.9999391322567214,0.1614336065274236,0.15453789001159424,0.00923043009498807,0.41848395871001975,0.9769499668252811,0.33876244459042415,0.0,0.1366684174895066,0.4187763410355472,0.06764344474389494,0.7389002178269468,0.5716108417858857,0.004336924018804664,0.05727355819907878
0.010535899115364369,0.26471044966894375,0.13072303994793358,0.04782383837158967,0.03764155949514908,0.2858230434307798,0.3062917280050038,0.045721553287230716,0.0812331095159427,0.4077261311642988,0.0005605310211849518,0.05858754923680966,0.0,0.047675874100046776,0.0030249078436391727,0.0,0.19474423318348183,0.24379354379416568,0.9958828994113833,0.9427824825327988,0.0594596172301679,0.029354734570214158,0.014613268879370502,0.010142077850993593,6.610696135189607e-05,0.1611757397395613,0.04553615526507854,0.009197749428867068,6.610696135189607e-05,0.6449145232079333,0.022852597034035266,0.6027462394866951,1.0,0.8155885979439705,0.5779650512534116,0.9303025197804097,0.0701148847924029,0.18614457320117392,0.0,1.8758287819177352e-06,0.032034514517146326,0.45869224874111103,0.03532379981126524,0.010350826016140834,0.01614208549598788,0.9999421702977974,0.16194885518146798,0.1549375139215395,0.009196398217266788,0.4185332638938679,0.9765868719447798,0.3386662112764952,0.0,0.13673552795598268,0.41901004090294924,0.06969748021959034,0.7351408820241153,0.5700618830046605,0.004117100588616668,0.05721564163841925
0.010529386743637566,0.264496227859693,0.13046746132866577,0.04761396901853008,0.03768356313335206,0.2879943416458412,0.30625439586027403,0.046141297588755514,0.08097264657687929,0.40804598415467813,0.0005008216654839398,0.05878858192901256,0.0,0.047990336099446564,0.0028141134066239186,0.0,0.1983576270759524,0.24520215732473985,0.9960922458035482,0.9428673652094568,0.05945696682325329,0.029174838857052368,0.01464956372973985,0.010148876329309985,6.610696135189607e-05,0.1613177269868523,0.04548438670136087,0.008589772996749867,6.610696135189607e-05,0.6446880128276057,0.02329310610729556,0.6026494414592876,1.0,0.8151963650997706,0.5779290788076533,0.9281398059038436,0.07020660708766709,0.1863375673874951,0.0,1.8314343094012607e-06,0.032102481272559824,0.46007176640394676,0.03476584959618917,0.010354115333400988,0.016050362827275302,0.9999451298073003,0.162420515377943,0.15533941047807512,0.009153825286744414,0.4185759516409759,0.9762060722272204,0.33856197661169984,0.0,0.1368132988007828,0.41925680778572266,0.07186019409615643,0.7314357658363805,0.568460275287765,0.003907754196451803,0.057130803356233835
0.01052274152098482,0.264290106189153,0.13020933455689024,0.04740606640917676,0.037723494773882066,0.2901001948842024,0.30621513000279627,0.0465594401253379,0.08072470610945799,0.40835877638924484,0.0004481963702919136,0.05902244880045535,0.0,0.04830992175742222,0.002617388895487032,0.0,0.2018979884436338,0.24665429236885222,0.996291674455277,0.942979283897906,0.0594508982714296,0.028989036630901042,0.014684050353672025,0.010121179066076647,6.610696135189607e-05,0.16144341089356445,0.045475010312406125,0.008050384893101923,6.610696135189607e-05,0.6445887399736172,0.023741111333611682,0.602520493791849,1.0,0.8147839430574524,0.5778619732489411,0.9258716435385421,0.07031518131573816,0.18653102650822578,0.0,1.787343858093994e-06,0.03217272784804244,0.46147499394102415,0.03423438268728738,0.0103572825815122,0.01596036860199973,0.9999493926585262,0.1628519017227946,0.1557353010743207,0.009102777036323745,0.41861685944272015,0.9758106922960964,0.33845705740769566,0.0,0.1369061351851254,0.419520637855572,0.07412835646145786,0.7277868302406281,0.566814681122922,0.003708325544723004,0.057018928758235894
0.010516198431725179,0.2640904960664687,0.12994600031660483,0.04720280937804309,0.03776081326082768,0.29214329633700753,0.3061809066155285,0.046968197608783416,0.08048495279628565,0.4086674712767277,0.000401743038218356,0.05929492853981302,0.0,0.04862747802622702,0.002434997913621191,0.0,0.20536439536526527,0.24813976936505436,0.9964816814399993,0.9431181015217618,0.059435683639783965,0.02879585655963339,0.014714129244832525,0.010141543176207295,6.610696135189607e-05,0.16154502133996354,0.04545586467422435,0.007348440122896833,6.610696135189607e-05,0.6443805869422531,0.024198727480070084,0.6023568677851578,1.0,0.8143737841914099,0.5777185435358656,0.9235156183333746,0.07044534653951187,0.1867381208529522,0.0,1.7435547379081232e-06,0.03224374539612388,0.462892376884114,0.03369324276742824,0.010365343146245527,0.01587194356394277,0.999954410761912,0.16330112132337873,0.1561306394583733,0.009036305128065112,0.4186609852996008,0.9753995294817116,0.33834820367502916,0.0,0.13699873778236304,0.4198464585505132,0.07648438166662541,0.7241902580952229,0.5651221097819935,0.0035183185600007535,0.05688015492350032
0.010510125250278647,0.26389917793257633,0.12968543202811889,0.04699968261282566,0.037796081385538964,0.29415525677232135,0.30613498399229333,0.04737645377260795,0.08026453833327966,0.4089713048070962,0.0003606964073745151,0.05958438014304525,0.0,0.04894846563356881,0.0022641668639349784,0.0,0.2087580706406136,0.24965831675695652,0.9966627017827602,0.943283199298303,0.059423835827546206,0.028598712874890988,0.014743618492921606,0.010150768439224887,6.610696135189607e-05,0.16165887158194453,0.0454315452416838,0.006629950419385801,6.610696135189607e-05,0.6441419273483946,0.024663077248815446,0.602173963892977,1.0,0.8139378038275668,0.577581747459612,0.92105376030307,0.07059005994913639,0.18693732099674626,0.0,1.7002401790668358e-06,0.03231649522064786,0.46433166336920856,0.033163748963758836,0.010369101109054002,0.015785336489810193,0.9999594648761314,0.163729545951266,0.15654207769685424,0.008967613443274536,0.41870744377630414,0.9749762263438101,0.33824165596397787,0.0,0.1371137305388645,0.4201540856764531,0.0789462396969301,0.7206518694102501,0.5634043622462973,0.003337298217239811,0.05671510046151803
0.010504301174879745,0.26371398398532137,0.12942516040056082,0.046799542660667444,0.03782842857090055,0.2961570015953357,0.30608379713845996,0.04777767571229473,0.08005502181760599,0.4092716204748103,0.0003243925207993871,0.0598911693307359,0.0,0.049269599799298035,0.0021045788989171132,0.0,0.21208064729971596,0.25120330844737365,0.9968351959009124,0.9434744884064029,0.05941150818584832,0.02836359510289707,0.01477240482186686,0.010122909766223964,6.610696135189607e-05,0.16185742993703792,0.04539969404350864,0.005989165303120554,6.610696135189607e-05,0.644148141961284,0.0251351438108786,0.6019701000313608,1.0,0.8134842290763384,0.5774352462241275,0.918488397527322,0.07075052951341894,0.1871364244073377,0.0,1.6574241524978766e-06,0.03238990180657838,0.4657852094166462,0.03264522112167272,0.010373014708953032,0.015700382422669672,0.9999646296804119,0.16414106898813613,0.15695911646003555,0.008889443638670589,0.41875935343052256,0.974540463668322,0.3381387306379034,0.0,0.1372461711243636,0.42046017487695536,0.08151160247267791,0.717168823186865,0.5616602671452886,0.0031648040990875544,0.056523854169444616
0.010498583025128697,0.263535132788407,0.12916252928550204,0.04660484093243143,0.03785802957705636,0.2981059450865508,0.30603039975012214,0.048164968908475235,0.07985212962412135,0.4095699259483173,0.0002922395372647232,0.06022526625831278,0.0,0.04959160965847247,0.001956594743924304,0.0,0.21533195547402703,0.2527665950678042,0.9969995596874002,0.9436914895764447,0.05938783951721042,0.02813258817172124,0.01479810918551848,0.010140727561659409,6.610696135189607e-05,0.16198124058780994,0.04536113625852815,0.005213768733031581,6.610696135189607e-05,0.6440145744397799,0.025616670788744904,0.6017067056582828,1.0,0.8129900615332695,0.5771952989336521,0.9158130352102613,0.07092985377176395,0.1873406267690002,0.0,1.6150495637742282e-06,0.03246174574195409,0.4672577781425221,0.03213339843647199,0.010381280943700158,0.015617066745609766,0.9999366102538302,0.16453529385357152,0.15736591167335434,0.008781214186417216,0.41881593449128296,0.9740910896739904,0.33806802808340436,0.0,0.1374183288082581,0.4208481063224237,0.08418696478973878,0.7137381907542091,0.5598927781631957,0.0030004403125998714,0.0563068953739916
0.010493549168915369,0.2633630684119284,0.12890251083566573,0.04640629079276038,0.03788564092392656,0.3000381317586609,0.30596837247773634,0.04856337386895582,0.07967228556517074,0.4098651832906159,0.0002637256497130985,0.060564494357825426,0.0,0.04991312102570972,0.0018180247984598812,0.0,0.21851272103630082,0.2543487354180517,0.9971561480464378,0.9439334928273735,0.05936813164933663,0.0279043529041926,0.014823279273682587,0.010146270880558396,6.610696135189607e-05,0.16209965390263759,0.04531932661457402,0.00440098304761481,6.610696135189607e-05,0.6438308084676851,0.026105130141498734,0.6014239701360956,1.0,0.8124607719199728,0.5769597156500356,0.9130303264408355,0.07112314569430092,0.1875369805119873,0.0,1.5732869450210227e-06,0.03253575899000595,0.46874652154873436,0.03163086383112965,0.010385460138238047,0.015535768270667093,0.9999419574307314,0.16491298140579363,0.15778468523520228,0.008676526135863304,0.41887685473308994,0.9736311442087882,0.33801153550607893,0.0,0.13762610705431755,0.42122225955150455,0.08696967355916452,0.7103641332693983,0.558114284069961,0.0028438519535621772,0.05606493388568154
0.01048870363004633,0.263195321511392,0.12864252720189223,0.04621322321476289,0.03791026026874748,0.30194375187090683,0.3059041702768821,0.048948630720474215,0.07950058333563922,0.4101572587455541,0.00023841247454545655,0.06091040944045536,0.0,0.05022931262961437,0.001688628151295519,0.0,0.22162586161770137,0.2559444880595168,0.9973053608880413,0.9442004677049975,0.05934771916167433,0.027672928401741216,0.014847820788016752,0.010148546527718736,6.610696135189607e-05,0.16221845500708512,0.045267267151795534,0.003601707910247799,6.610696135189607e-05,0.6436153235050599,0.026601830973775057,0.6011253825560935,1.0,0.8119176288562757,0.5767160626124558,0.9101458760641836,0.0713310336598179,0.18773456525296628,0.0,1.5321430530013952e-06,0.03261083502969829,0.47024452902685665,0.031138258786511046,0.010390332353761909,0.01548947053780147,0.9999338930386481,0.16528275230656805,0.15821385788249603,0.0084239912143172,0.4189158684803217,0.9731597565516795,0.3379642080034512,0.0,0.13785305851410992,0.4215953092362486,0.08985412393581642,0.7070431047224807,0.556320946687517,0.0026946391119586975,0.055798000151949495
0.0104843259894085,0.2630347468194743,0.12838652400392425,0.04602688976761244,0.03792038866458987,0.3038091255831069,0.3058369167018098,0.04931920492389037,0.0793742462968849,0.4104446950891885,0.0002159139675810187,0.06125272091078181,0.0,0.050532479236657483,0.0015679793262719209,0.0,0.22465013774081993,0.2575406323889195,0.997447512504897,0.9444938941009776,0.05932731345667359,0.027436972240928212,0.014872293326563143,0.010147966530411797,6.610696135189607e-05,0.16235104278189327,0.045208791604913715,0.0027516882921113377,6.610696135189607e-05,0.6434071996533245,0.02710651121103052,0.600820044363768,1.0,0.8113664777038612,0.5764658282802718,0.9071855303727732,0.07155442181016779,0.18793697557713474,0.0,1.4916343893314639e-06,0.03268658663335935,0.4717653712596737,0.03069083935282009,0.010395519908014801,0.015425225556125868,0.9999338930386481,0.16558061482484104,0.1586202813909935,0.008245940446076997,0.4189656314397241,0.9726775748213885,0.3379272347254502,0.0,0.13810104305948134,0.4219661923934563,0.09281446962722682,0.7037954404490122,0.5545223920339458,0.0025524874951029595,0.055504614264633004
0.01048011463199369,0.26287999873514245,0.1281249023171064,0.04584511083322505,0.037931968980558714,0.30564514576400165,0.30578142603677533,0.04968039035387499,0.07924875922407412,0.41072850820044876,0.00019587285519348903,0.06159391342782618,0.0,0.05082604914941823,0.001455524763061003,0.0,0.22759691033838164,0.259138112039806,0.9975829487625845,0.944812595872438,0.05930351174667447,0.027193352597326102,0.014894291499688832,0.010146699328857183,6.610696135189607e-05,0.16248508738567444,0.04514552750749104,0.0019033550758848477,6.610696135189607e-05,0.6431973609968297,0.027617839722565523,0.6005000119930479,1.0,0.8108041660187993,0.5761988696632312,0.9041468889951677,0.07179409263517299,0.1881452037905364,0.0,1.4517637717055238e-06,0.03276269732433275,0.4732928894045561,0.03024657651369499,0.01040155328083835,0.01535671426525733,0.9999338930386481,0.1658746713487362,0.1590307852638974,0.008085683580953785,0.419031516122982,0.972186287422241,0.3379060745791259,0.0,0.13836978483178242,0.4223456055737078,0.09585311100483232,0.7006089970264454,0.5527166841696576,0.0024170512374154826,0.0551859523637902
0.01047597522605148,0.262730337524736,0.12786257422631117,0.045666930400115685,0.037944692970222724,0.3074464754264311,0.3057254394675001,0.050031952776686185,0.0791238099904892,0.4110087101394806,0.00017799655158781317,0.06193491702084922,0.0,0.0511130374006994,0.0013507216477786617,0.0,0.2304725764159522,0.26073487829868774,0.9977119442871505,0.9451547016689118,0.05927722661703177,0.02694487027702184,0.014915425902670705,0.010143745525464262,6.610696135189607e-05,0.1626155259062977,0.045072557709885816,0.0010010070402806854,6.610696135189607e-05,0.6429934725256341,0.02813559007443764,0.6001610582974609,1.0,0.8102229755476449,0.5759089935622133,0.9010414613056815,0.07204862247230094,0.18835716397890462,0.0,1.412555241499887e-06,0.03283894281872758,0.47482676585150285,0.02980478581186283,0.010407739244697367,0.015287386702436161,0.9999338930386481,0.16616329389052373,0.15944214391021067,0.007931198300647327,0.41911237160330567,0.9716864133739745,0.33790402468168995,0.0,0.13866398705165567,0.4227402847900082,0.09895853869431852,0.6974788011117469,0.5509079577224077,0.002288055712849513,0.05484388577584676
0.01047192827405291,0.2625860580480875,0.12760186956298947,0.045492731461230916,0.037957269084841316,0.30921291064683354,0.3056654452468393,0.050373966419861395,0.07900156196257391,0.4112842085852995,0.00016203020455440913,0.06227503877916387,0.0,0.05139293586038165,0.0012530761120834839,0.0,0.23328096363454306,0.2623274105582839,0.9978347667484563,0.9455186215128071,0.05924741678361101,0.026688085434954552,0.014935776397564274,0.010140126143627486,6.610696135189607e-05,0.16274484435427217,0.044985836764193717,9.055647588536919e-05,6.610696135189607e-05,0.6427936400056136,0.02866063756879633,0.5998024533126616,1.0,0.809625850347862,0.5755963560204805,0.8978668546453841,0.07231696637330921,0.1885734025931912,0.0,1.3740462434918498e-06,0.032915679554600896,0.47636716443694127,0.029365787523113217,0.01041434954813385,0.015218472596388283,0.9999338930386481,0.16644740134109262,0.15985916826645513,0.007775963176796933,0.4192070762213912,0.9711773322266493,0.3379225079081745,0.0,0.13898121379175635,0.423150567867436,0.10213314535461596,0.6944020699921477,0.5490991868485249,0.002165233251543694,0.05448000444094944
0.01046796535564473,0.2624478538269643,0.12734420548607817,0.045322349937535734,0.037969067997011184,0.31094151763742256,0.3055994427259379,0.05070632262063408,0.07888454062314824,0.41155435351385633,0.00014775159209865686,0.06261317548883952,0.0,0.051666832746040496,0.00116211044056573,0.0,0.23602437137102406,0.2639127825580646,0.9979516739801052,0.9459030283081163,0.05921478286908824,0.026419985285087592,0.014955705096700436,0.0101356983399635,6.610696135189607e-05,0.16288315920851823,0.04488528871231144,6.610696135189607e-05,6.610696135189607e-05,0.6424347397793776,0.029192998555118505,0.5994227963482278,1.0,0.8090071839087812,0.5752586051928208,0.8946320958551002,0.0725981071956476,0.18879267857463905,0.0,1.3362617184961172e-06,0.03299277552746116,0.47791586069270003,0.0289307368513408,0.010421002237005518,0.01515121337696455,0.9999338930386481,0.16672402001541145,0.16027750600648655,0.007616816838656586,0.4193140312348283,0.9706592498527828,0.3379640281629327,0.0,0.13932598334517832,0.4235792843666136,0.10536790414489983,0.6913775214333283,0.5472945388672964,0.002048326019894801,0.05409563543016519
0.010463953733288529,0.26231324686373414,0.1270953238135681,0.04515462708288527,0.03797914946644399,0.31261280223269866,0.3055162164010776,0.0510244498866903,0.07877835178929328,0.4118214696240328,0.00013497834294703113,0.062954033244369,0.0,0.05195018679848054,0.001077432548383078,0.0,0.2387052034896798,0.2654969062334266,0.9980629197412758,0.9463067977247166,0.05920096404895623,0.02618029121458544,0.014982654990812605,0.010119541207439199,6.610696135189607e-05,0.16306448994196343,0.04481448122073705,6.610696135189607e-05,6.610696135189607e-05,0.6420476077872546,0.029722938165315318,0.5990578196517143,1.0,0.8083140666164291,0.5749012680218104,0.8916365147148778,0.07289023424685892,0.18900079859450333,0.0,1.2990062868469903e-06,0.03306351268939596,0.47946251981435545,0.028499831792889906,0.010424581206299731,0.015087065706898495,0.9999338930386481,0.166975882866947,0.160594142734561,0.007481290986117446,0.41942419992882735,0.9701420834917377,0.33798814710391667,0.0,0.1397357465850903,0.4240212994298066,0.10836348528512219,0.6884045622634613,0.5455022951720702,0.0019370802587242053,0.053691903268996546
0.010460780494033425,0.2621812329824904,0.12685269562085358,0.04499513487954531,0.03798615643984795,0.31429492189873304,0.30543293038095476,0.05133465055693332,0.0786715593668055,0.4120800649038472,0.00012353758243058153,0.0632985123214018,0.0,0.052225227775242904,0.0009988260738140213,0.0,0.24132609836576946,0.26707400017007427,0.9981687847941716,0.9467278418262511,0.05919260018888904,0.025926877180515607,0.015011390773489874,0.010102272903672748,6.610696135189607e-05,0.16334819262169345,0.04477802789754839,6.610696135189607e-05,6.610696135189607e-05,0.6417616789362235,0.030254494338400675,0.598735049128075,1.0,0.8076212714447872,0.5745732717166676,0.888895895405107,0.07319221693966342,0.1892072856827629,0.0,1.262261998643025e-06,0.03312899263800598,0.4809917724908101,0.02808256159070019,0.010431177371340509,0.015024957439472759,0.9999338930386481,0.16720942488831758,0.16086971334121414,0.0073478729968035165,0.4195331388067475,0.9696219680791688,0.3379664385505233,0.0,0.14015350077996996,0.4244279022095183,0.11110410459489295,0.6854816846945672,0.5437187141471629,0.0018312152058283888,0.05327089591175026
0.010458359822900354,0.2620589215670462,0.1266136519874963,0.04480756080928095,0.03799151357770223,0.31594637113130997,0.3053381959016688,0.05172961127124727,0.07858091371958442,0.4123405753040702,0.00011326845751879684,0.06364577943312716,0.0,0.05249183344910387,0.0009258952307279219,0.0,0.24388288843210812,0.2686378843158824,0.9982694865565558,0.9471641337053727,0.05918465459300074,0.025667282820025526,0.015039536778222744,0.01008519822735437,6.610696135189607e-05,0.1636789506993281,0.044778375229865594,6.610696135189607e-05,6.610696135189607e-05,0.6415655909342763,0.030787056661796625,0.5984253335076235,1.0,0.806914681874272,0.5742558147225881,0.8863617900033421,0.07350146319774922,0.18940432821344427,0.0,1.2260480205348462e-06,0.03318888654974077,0.48251918853838605,0.027676268167850307,0.010438962078712035,0.014965030946373954,0.9999338930386481,0.16742435885828116,0.16112151403140423,0.007213979028770005,0.4196377164511786,0.9690996748806846,0.33792888705924934,0.0,0.14059348467662416,0.4248182900466839,0.11363820999665784,0.6826156483701427,0.5419577874706732,0.0017305134434441784,0.052834640246606814
0.010456499110142826,0.26193863904101716,0.12637407355497213,0.04463776234389651,0.0379954540332626,0.3176067635255817,0.3052471114178015,0.05208183771351871,0.07849124843017001,0.4125946573037084,0.00010403359287453791,0.06399312345887027,0.0,0.052750367062217314,0.0008581615716354794,0.0,0.24638189903090615,0.270192782209478,0.9983653279473702,0.9476171084748742,0.0591757750757377,0.02540530632496066,0.015066259034990153,0.0100690778045985,6.610696135189607e-05,0.16403288123415924,0.04481237285048699,6.610696135189607e-05,6.610696135189607e-05,0.6414444705849893,0.03132124656156772,0.5981244392633203,1.0,0.8061961254856048,0.5739477176824049,0.883999824032588,0.07381701927776367,0.18958926946952387,0.0,1.1903902812013385e-06,0.03324479515703709,0.484047159991753,0.027281592701361053,0.010448090146429534,0.014907024562313633,0.9999338930386481,0.16762243187117662,0.16135293689462935,0.007080714154386885,0.41973621928414506,0.9685747198455578,0.3378824372778095,0.0,0.14105350745217785,0.4251941207459597,0.11600017596741202,0.6798010816913301,0.5402179483209982,0.0016346720526297816,0.05238170113484456
0.010455179155335911,0.26182407493293375,0.1261379084107138,0.044479531129200695,0.037997974442566855,0.31926879072308745,0.305159908904627,0.0524080955136608,0.0784050578718045,0.41283968483048955,9.571471666569529e-05,0.06433946443266723,0.0,0.052997949986487825,0.000795292691652721,0.0,0.2488202707645136,0.27173296228831917,0.9984564792356714,0.9480844027132792,0.05916550137233794,0.025177109747480577,0.015091086565345895,0.010053411630257697,6.610696135189607e-05,0.1643139837172589,0.04487158319757541,6.610696135189607e-05,6.610696135189607e-05,0.641277788350684,0.03185727010055962,0.5978295411262144,1.0,0.8054725624670491,0.5736490796797102,0.8817837775033364,0.07413845309074835,0.18976323085573135,0.0,1.155316167726228e-06,0.03329771337190594,0.48557697185116533,0.02689815213465643,0.010469330966542043,0.01485103290359587,0.9999338930386481,0.16780653082599117,0.16153163667834042,0.00694674674325611,0.419821551477021,0.9680470151827747,0.33783099444111836,0.0,0.14152948754646302,0.425555627628637,0.11821622249666369,0.6770412761447381,0.5385038068559496,0.0015435207643285699,0.051914441970553095
0.010454475025572252,0.2617136449789827,0.12590740750800752,0.04432841724223265,0.037999468176314846,0.3209381099933086,0.3050809651308344,0.0527208079325929,0.07832539754124375,0.4130746371175564,8.820393966658468e-05,0.06468338424011444,0.0,0.05322705055544654,0.0007369536990964882,0.0,0.2511977027391585,0.2732549369362816,0.9985431000025982,0.9485641251420528,0.059154485205559174,0.024946071287680834,0.015114834818397125,0.01003688667708196,6.610696135189607e-05,0.16462751325702485,0.0449466409297496,6.610696135189607e-05,6.610696135189607e-05,0.6411841725843884,0.03239585224323147,0.5975721007554344,1.0,0.8047982235100002,0.5733726082421531,0.8797389104286159,0.07446628146071572,0.18993890287010057,0.0,1.120856030279173e-06,0.033350465968517706,0.4870986868459564,0.026529170055256932,0.010480805924108163,0.01479738281543441,0.9999338930386481,0.16797893932303995,0.16173457893974763,0.006809444553436793,0.41990449361695287,0.9675159438171019,0.33774451500445113,0.0,0.14197472593455326,0.4258904380587505,0.1202610895713842,0.6743360158001258,0.5368061601936178,0.001456899997401861,0.05143475400191696
0.010454037999288644,0.26161096684451124,0.12567976293141989,0.04418430611669024,0.03799987309953142,0.3225774259381792,0.30500047802867225,0.053019756712400924,0.07825011165489706,0.41330179109412846,8.141497262081373e-05,0.06502484158747429,0.0,0.053442371229014886,0.0006828538396085693,0.0,0.2535124369460785,0.27475630688330743,0.9986253900214616,0.9490547761673166,0.05914057889543859,0.02472085462220719,0.015136956843554391,0.010021412333496245,6.610696135189607e-05,0.16493902066015811,0.045037242112836766,6.610696135189607e-05,6.610696135189607e-05,0.641132232587312,0.03293568396320193,0.5973330900735137,1.0,0.8041494225193477,0.5731235341307855,0.8778295853592261,0.07479896479541119,0.19011202397683002,0.0,1.0870261078284474e-06,0.033400640110234726,0.48861805916848106,0.02617082834867646,0.010489531942474477,0.014745775256125405,0.9999338930386481,0.16813945761220558,0.1619374687071275,0.006670126745904455,0.4199857519216418,0.9669829010641773,0.337642068339012,0.0,0.14240820625163744,0.426193612029606,0.12217041464077392,0.6716885982585103,0.5351316691398627,0.0013746099785384566,0.05094413680657556
0.010453934789791532,0.26151410310200235,0.12545689964292372,0.04404604272956106,0.03799930171369049,0.3241947405223453,0.30492446933448564,0.05330738401158813,0.07817968972950523,0.41352001103279257,7.527001357418753e-05,0.06536269712711779,0.0,0.05364482889710923,0.0006326939823962877,0.0,0.25576494415931844,0.27623549539809616,0.9987035418503495,0.9495553103786318,0.059124429044812375,0.024502074622939577,0.015157737741840246,0.01000669216114846,6.610696135189607e-05,0.16524667902305867,0.04510788495984547,6.610696135189607e-05,6.610696135189607e-05,0.6411274863933695,0.03347682136479588,0.5971123623664377,1.0,0.803525565497577,0.5729044097730396,0.8760410705833143,0.07513645428814607,0.1902841903578705,0.0,1.0538567013804524e-06,0.033449823261216725,0.4901336623785988,0.02582293463770346,0.010497325398530447,0.014695872072439725,0.9999338930386481,0.16828957450010798,0.16213395093836083,0.006531159045545439,0.4200646186845885,0.9664479086216299,0.33752494050644455,0.0,0.14282960560531371,0.4264628962445642,0.12395892941668576,0.6690986015525355,0.5334803142440333,0.0012964581496505171,0.05044363576466683
0.010454109850906546,0.26142302631660896,0.12523859266330925,0.04391510250903797,0.03799800387454771,0.325788574410589,0.3048530444441344,0.05357963482992557,0.07811309293975767,0.41372894378783986,6.969953365840867e-05,0.0656963320937815,0.0,0.053836241601074836,0.0005861959546647,0.0,0.2579562341840436,0.27769172316061264,0.9987777309341476,0.9500644837397395,0.05910485141838278,0.024290025086351513,0.015177691440906489,0.009992159661880927,6.610696135189607e-05,0.1655410377512535,0.04520112102344587,6.610696135189607e-05,6.610696135189607e-05,0.6411425088578552,0.034018574198034286,0.5969078840111347,1.0,0.8029246467102833,0.5727116357523118,0.8743630756567169,0.07547800573618112,0.19045687858151222,0.0,1.0213550579176111e-06,0.03349849698310741,0.49166744556366226,0.02548520949584979,0.010504871035772148,0.014647659068018449,0.9999338930386481,0.1684302777304399,0.16232190198830215,0.006393204827100508,0.42013228578064665,0.9659117262683073,0.3373957838950838,0.0,0.14323911168864192,0.4267021682930235,0.1256369243432831,0.6665657600797753,0.5318513982578751,0.0012222690658524682,0.049934494905202596
0.010454529241112603,0.26133637072212756,0.12502475770508606,0.04378605736415455,0.03799619000709318,0.3273571645279979,0.3047849556923788,0.05385142836059437,0.07805157390657255,0.41393102230951456,6.464260216917117e-05,0.06602486496271005,0.0,0.05401650758892621,0.0005431019644426603,0.0,0.26008840076945067,0.279123535667295,0.9988481244235138,0.9505811291033401,0.05908297819203944,0.02408485176920342,0.015196502428950645,0.009977933638428554,6.610696135189607e-05,0.165827784519588,0.04531003793099473,6.610696135189607e-05,6.610696135189607e-05,0.6411764206429231,0.03456220518047911,0.5967227040747695,1.0,0.8023502885854333,0.5725432219172283,0.8727837476600477,0.07582553585930628,0.19063312718514602,0.0,9.895486142544815e-07,0.03354645811838183,0.493189162179053,0.025157422308135745,0.010512415145762852,0.014601283640755037,0.9999338930386481,0.16856450168665857,0.16250516223035916,0.006255276851663597,0.4202013073290852,0.9653731522173518,0.3372524309625204,0.0,0.14363320382564052,0.4269136761183291,0.12721625233995223,0.6640860633712431,0.5302433371475591,0.0011518755764862482,0.04941788134804564
0.010455096238533981,0.2612548548332816,0.12481453087617675,0.043659373398372475,0.037993725600361766,0.32889161411959067,0.30471700593088935,0.054118493204972876,0.07799450890706733,0.4141274080447205,6.004401977989018e-05,0.0663476228561147,0.0,0.054186646229700326,0.0005031608082792115,0.0,0.2621617641150549,0.280530015842248,0.9989148865548796,0.9511042686008665,0.0590591608277987,0.023887140615332612,0.015214190384458792,0.009963963316174404,6.610696135189607e-05,0.16610678272378673,0.045429444501304275,6.610696135189607e-05,6.610696135189607e-05,0.6412266426778066,0.03510689426995494,0.5965545197255306,1.0,0.801802444620826,0.5723944196678853,0.8712936920033237,0.07617781248425085,0.19081195390152744,0.0,9.58450225001288e-07,0.03359300865374157,0.49470298366728993,0.024837765654655293,0.010519965861960568,0.014556695296244005,0.9999338930386481,0.1686920679563942,0.1626817657878712,0.006125644539575781,0.4202715509738236,0.9648330617102652,0.3370978574183546,0.0,0.1440109091494737,0.4271024195238355,0.1287063079966763,0.6616604234006943,0.5286580302562245,0.0010851134451203793,0.04889477294890848
0.010455779620824073,0.2611774231525988,0.12460843640347362,0.043535621253342024,0.03799046697525662,0.33039451633961,0.3046478853002657,0.05437712560852248,0.0779397176108115,0.414318879308956,5.58556935188497e-05,0.06666420623589828,0.0,0.05434766363557147,0.0004661429024881478,0.0,0.2641775720223438,0.2819100195284803,0.998978178342786,0.9516330867087812,0.05903359549189987,0.02369627432499713,0.015230996146809063,0.009950230917127096,6.610696135189607e-05,0.1663795316703319,0.04555651566930634,6.610696135189607e-05,6.610696135189607e-05,0.6412922989399982,0.03565245277446652,0.5964033764319661,1.0,0.8012814756253587,0.5722647745996818,0.8698866063120394,0.07653424695548096,0.1909937189238861,0.0,9.280700233979563e-07,0.0336381715280521,0.49621006927644906,0.024525876316402666,0.0105279640781115,0.014513731657516918,0.9999338930386481,0.16881376065806702,0.16285127311939035,0.005994810001959434,0.42034295592574494,0.9642916915320147,0.33693241733213575,0.0,0.14437086073906996,0.42726908249783,0.13011339368796057,0.6592881810221752,0.5270962615476336,0.0010218216572140365,0.048365985221195375
0.010456582775870684,0.2611035490866807,0.12440661563891565,0.043415395075428444,0.03798661745697327,0.33186899979033185,0.30457721301296475,0.054628574037830314,0.07788860539296481,0.4145051492530412,5.203516030598769e-05,0.06697436856259585,0.0,0.054500706833919915,0.0004318347035117894,0.0,0.2661371455024788,0.2832634247362694,0.9990381523774584,0.9521667673395067,0.05900634471322863,0.023510151143510682,0.015247037466856692,0.009936621628584155,6.610696135189607e-05,0.16665044894600714,0.04568968842525435,6.610696135189607e-05,6.610696135189607e-05,0.6413780297584315,0.0361987809082735,0.5962685236969572,1.0,0.8007864820129273,0.5721525885006895,0.8685562214418863,0.07689442621639937,0.19117881152018454,0.0,8.984143675244912e-07,0.033681994919977004,0.497711052328775,0.02422112273524674,0.010536122420092248,0.0144724748682955,0.9999338930386481,0.1689303827080691,0.16301518850057142,0.005864692857107226,0.42041522597450887,0.9637491839314205,0.336757107740447,0.0,0.14471281115315276,0.4274155767957987,0.13144377855811368,0.6569684282811218,0.5255577637435461,0.0009618476225415803,0.0478323342461258
0.010457502195933516,0.2610333874099297,0.12420929587455656,0.04329855538684095,0.03798214859898378,0.3333146636707774,0.30450479049184503,0.05487352633133417,0.07784087755816972,0.4146860470690747,4.8544846071868424e-05,0.06727792632556327,0.0,0.054647001173191545,0.0004000399543496494,0.0,0.2680415832786089,0.28458970897187347,0.9990949555594366,0.9527044511270711,0.05897061311261181,0.023329140804911698,0.01526232143186928,0.009923072979194432,6.610696135189607e-05,0.16691812014475216,0.045828211496842845,6.610696135189607e-05,6.610696135189607e-05,0.6415118248064002,0.03674577572553469,0.5961474533640204,1.0,0.8003138351474866,0.5720552673801155,0.8672941972823476,0.07725801400665684,0.19136699143954838,0.0,8.69487146927497e-07,0.033724447692335506,0.4992071678369358,0.023922781530053186,0.010544326819469835,0.014432846755613751,0.9999338930386481,0.1690426590158202,0.16317396619613195,0.00573588499275935,0.42048825481825935,0.9632056794283934,0.33657462031041635,0.0,0.14503916367932188,0.42754469266553485,0.13270580271765242,0.6547004027147343,0.5240432995885782,0.0009050444405633724,0.0472946793857819
0.010458564906025177,0.2609669448298053,0.12401667687256217,0.04318124560998033,0.037977139482633086,0.33472486858124323,0.3044293959705932,0.055155675417234956,0.07779975832139795,0.41485574172844064,4.5351467425716236e-05,0.06757412078617776,0.0,0.05478641835768188,0.0003705737077879719,0.0,0.26989185419693923,0.28588754504836983,0.9991487306840552,0.953245352673024,0.05893966530849637,0.02315309104050531,0.015276623938653552,0.009909327316698552,6.610696135189607e-05,0.1671690603107854,0.04596991423155793,6.610696135189607e-05,6.610696135189607e-05,0.6416437759284742,0.037293784783817854,0.5960406811770601,1.0,0.7998652237699281,0.5719709861068858,0.8660972284697205,0.07762565295956793,0.19156031687325728,0.0,8.413086087859004e-07,0.033765962035612176,0.500699378390435,0.0236302583885751,0.010563237112733746,0.014394868220523011,0.9999338930386481,0.16915298271257548,0.16329197054517197,0.005609425300836475,0.42055572557684884,0.9626608637487565,0.3363851980367621,0.0,0.14534835787239006,0.42765844018532634,0.13390277153027952,0.6524824928434929,0.522552138078373,0.0008512693159447601,0.04675380601836723
0.010459872253959952,0.26090644186243483,0.12382996673941417,0.04306886585965345,0.03797228137210307,0.3361134537908001,0.30435759421054204,0.05540057739661159,0.07775920715364253,0.4150206744108756,4.2422767603749106e-05,0.0678632084991042,0.0,0.05492073212994033,0.0003432665028327702,0.0,0.2716909697108489,0.28715825285770047,0.9991996155053279,0.9537888194973783,0.058908537122040125,0.022982785054344652,0.015290634053544187,0.009894605597091804,6.610696135189607e-05,0.1674150647016729,0.04611487690667119,6.610696135189607e-05,6.610696135189607e-05,0.6417844652138323,0.03784226131643122,0.5959444427294075,1.0,0.7994365924479329,0.571881262217453,0.8649592060852335,0.07799624198431687,0.19175607664095434,0.0,8.138512429985483e-07,0.0338065446956592,0.5021909278566138,0.023343522613487405,0.010574729101204626,0.01435840245066135,0.9999338930386481,0.16926063394882562,0.16342424902640362,0.005482760076914983,0.4206257923625638,0.962115315915965,0.33619234877148824,0.0,0.1456426754221268,0.42777547127971427,0.1350407939147666,0.6503127883048343,0.5210856705013451,0.0008003844946721186,0.04621036665137874
0.0104612162551227,0.26084842087797877,0.12364743961822221,0.042955607729133795,0.037966812282422005,0.3374747292377612,0.30428289607438674,0.05564675529511475,0.07772254357643715,0.4151836925347982,3.973506883259037e-05,0.0681456099018915,0.0,0.05505012309758929,0.0003179674153372739,0.0,0.27343989022181475,0.28840173089863136,0.9992477441664518,0.9543341317289779,0.05887632811495512,0.022817460287938195,0.015304071771593037,0.009880534878373813,6.610696135189607e-05,0.16765740614005464,0.0462617735494702,6.610696135189607e-05,6.610696135189607e-05,0.6419274656940052,0.038391640055673415,0.595860587328289,1.0,0.7990273918335808,0.5718069802540137,0.863874185602836,0.07836995902442638,0.19195551543699688,0.0,7.871172912028651e-07,0.033845940411957744,0.5036766095044232,0.02306142584667243,0.010584437797026778,0.01432334044005143,0.9999338930386481,0.16936588441231165,0.16356387763799263,0.005357642417893281,0.4206986300801248,0.961568624875494,0.3359938027698195,0.0,0.1459224850688299,0.42787505233064915,0.13612581439716404,0.6481901507537589,0.5196427536643718,0.0007522558335482402,0.045665081153730955
0.010462570125163244,0.2607920146197309,0.12346849788878285,0.042843524859756454,0.03796076263685984,0.33880773816211807,0.3042046991198312,0.05589000941324587,0.0776886539409724,0.415344738388459,3.726558859665187e-05,0.06842107913650827,0.0,0.05517554264681238,0.00029452473522197277,0.0,0.27514078851824,0.2896190199597991,0.9992932481530908,0.9548809125110255,0.05881004725184793,0.02265680676624589,0.015316913195071651,0.009866856574732775,6.610696135189607e-05,0.16790372821248728,0.04641073241370264,6.610696135189607e-05,6.610696135189607e-05,0.6422241972900907,0.03894178123257609,0.5957887791910225,1.0,0.7986357034592654,0.5717500286195616,0.8628377098370145,0.07874621999183276,0.1921580152784109,0.0,7.611023524978383e-07,0.03388421175598115,0.505157158242217,0.022816700949402677,0.010593174897711369,0.014289906873603344,0.9999338930386481,0.1694138716612818,0.16368498051572564,0.005201947485052074,0.4207736021670469,0.9610209531788273,0.3357901416724693,0.0,0.14618875389392222,0.4279554466452164,0.1371622901629856,0.6461129914899273,0.5182229647617901,0.0007067518469091355,0.04511832638662204
0.010464314711723509,0.2607400081322629,0.12329010151914108,0.04273411655491702,0.037954596798936195,0.34008990665063943,0.3041310332513889,0.05612993763329502,0.07766400029471342,0.41550229173234593,3.4989478299963167e-05,0.06868516779619376,0.0,0.05529273911952779,0.0002727836677610426,0.0,0.2767912071731425,0.2908075033747206,0.9993362515402947,0.95542883195502,0.0587651104675122,0.022472866990972805,0.015326227241844348,0.00985203552760829,6.610696135189607e-05,0.1681610834587487,0.046564245941154755,6.610696135189607e-05,6.610696135189607e-05,0.6425736139576821,0.03949149422190648,0.5957345586625258,1.0,0.7982763266480979,0.5717024892821798,0.861860354473558,0.07912987036527312,0.19237390412510563,0.0,7.358779558292016e-07,0.03392287718331843,0.5066353837354016,0.022571519837066477,0.01060194191281599,0.014258185463170422,0.9999338930386481,0.16946777349468226,0.16380098804882665,0.00506454687311182,0.4208486449640333,0.9604735162997936,0.3355802735412805,0.0,0.14643093423237435,0.4280247270500592,0.13813964552644203,0.6440789224615844,0.5168185925001737,0.0006637484597053454,0.04457043216702415
0.010465940767864662,0.2606918632986994,0.12311538025862497,0.04262698828103398,0.03794742536827702,0.3413517681009775,0.30405272804906847,0.05636497847867447,0.07763945989086239,0.41565677555450165,3.288947204754184e-05,0.06894277949606391,0.0,0.055412720203444434,0.00025264237575594277,0.0,0.2783946658858482,0.29197148720185134,0.9993768768845176,0.955977456383019,0.05872228522575474,0.022311104873952145,0.015334513062574615,0.009837309650080152,6.610696135189607e-05,0.1683661443256539,0.04672431469280203,6.610696135189607e-05,6.610696135189607e-05,0.6428404545231182,0.04003915328448619,0.5956587704295053,1.0,0.7978899361048144,0.5716341850062039,0.8608838059852686,0.07951596977309358,0.19258289345566673,0.0,7.113628276542726e-07,0.033958485921954516,0.5081215061936482,0.022324775111964238,0.010610737440945773,0.014228373353123392,0.9999338930386481,0.1695236658632108,0.1639158127508305,0.0049326086674108816,0.4209230242643978,0.9599279572434662,0.3353984500744308,0.0,0.14669734369174114,0.42811317261804016,0.1391161940147314,0.6420893643410582,0.5154456193424819,0.00062312311548235,0.04402183225415337
0.010467725158649884,0.26064237132325735,0.12294635584517408,0.04252240029132868,0.03793948275235539,0.3426104648703118,0.30397384986870307,0.05659421484690511,0.07761597144446675,0.41580774205658094,3.095087249270197e-05,0.06919311340820275,0.0,0.05552753620733176,0.00023398652946815171,0.0,0.2799548915949507,0.29311093775043245,0.9994152399008759,0.956526465339513,0.05868140799445356,0.022165180211205924,0.015343089444630205,0.009823131743999658,6.610696135189607e-05,0.16855144561035262,0.04688218192637371,6.610696135189607e-05,6.610696135189607e-05,0.6430407751731796,0.04058751627191819,0.5955967101877034,1.0,0.7975222238309134,0.5715811741698112,0.8599435437583596,0.07990542506012983,0.19279473974549333,0.0,6.875456778643001e-07,0.033960914743705106,0.5095881798550355,0.022078223251498257,0.010619457260154,0.014199871388784138,0.9999338930386481,0.16958376257858046,0.1640285305099848,0.004803986847597932,0.42103468890534046,0.9593815328555891,0.3352101764040938,0.0,0.14695023996175488,0.4281848393007206,0.14005645624164043,0.6401396833449194,0.5140943225040742,0.0005847600991241632,0.04347284711480913
0.010471663757746608,0.2605906620721924,0.12278218976255688,0.042454157643162425,0.037931134256573656,0.34402523039391386,0.3039089335763856,0.0567288900407947,0.07758502018207084,0.41593997910707664,2.9158179568756777e-05,0.06943518653697667,0.0,0.05563351440380965,0.00021669977162901483,0.0,0.2814626860774119,0.2942119612827063,0.9994514203850725,0.9570740836927285,0.058648384534546565,0.02203294658582078,0.015353015724831245,0.009810065538120648,6.610696135189607e-05,0.16877074319511542,0.04704896745314416,6.610696135189607e-05,6.610696135189607e-05,0.6431709697262376,0.04114159571543228,0.5955675076370625,1.0,0.7971861453535665,0.5715839210500185,0.8590673306911891,0.08030025485521303,0.19301970565116583,0.0,6.644158435857845e-07,0.03398792142149463,0.5110387269915826,0.021831810698719253,0.010627703249759361,0.014173028794077017,0.9999338930386481,0.16964749272795646,0.164133630687995,0.00467633680346546,0.4211390738942553,0.958829246104999,0.33499730582596093,0.0,0.14718034024262389,0.42819937917835244,0.1409326693088109,0.638237059067375,0.5127683330661278,0.00054857961492749,0.04292525189142798
0.01047468022375943,0.2605490790187424,0.12262841922797611,0.04237580154629526,0.03792286598517964,0.3453228194203588,0.3038442079801585,0.056896099644370715,0.0775595143545373,0.4160639629633989,2.7500058876528562e-05,0.06967184936812629,0.0,0.05573056886635437,0.00020070941376766098,0.0,0.2829208941334437,0.2952792825819946,0.9994855284042355,0.9576188008137485,0.05861366561681295,0.021879446764160208,0.015363683133595039,0.009797161241122069,6.610696135189607e-05,0.1690544679330965,0.04721820209998414,6.610696135189607e-05,6.610696135189607e-05,0.6433685385220338,0.04169593815868658,0.5955582926991775,1.0,0.7968854741836535,0.5716130488576217,0.8582495585121707,0.08069635493887997,0.19325099498157483,0.0,6.419457164170394e-07,0.0340177850270713,0.512483617663116,0.02158194684846059,0.010635280150640669,0.014147843037516612,0.9999338930386481,0.16972511201315368,0.1642456991251403,0.004549540427122102,0.4212397860523308,0.9582765617824369,0.33476985793269615,0.0,0.14738395694999212,0.42818624172861075,0.1417504414878294,0.6363827509276764,0.5114697224364305,0.0005144715957644771,0.04238055724053513
0.010477203912767376,0.26051472907027023,0.12247986262531046,0.042292652397995685,0.037914826410826157,0.3465317959278282,0.3037743533907919,0.057078665168639776,0.07753774212016022,0.4161840147673101,2.596469411313508e-05,0.06990250079933287,0.0,0.05582775281426185,0.0001859073509974887,0.0,0.2843336846164625,0.2963171306611042,0.9995176775088275,0.9581608415490969,0.0585774532795057,0.021747704340320074,0.015374318755098537,0.00978467110409071,6.610696135189607e-05,0.16927777558635876,0.04739199999828239,6.610696135189607e-05,6.610696135189607e-05,0.6434993046986561,0.04224937776254157,0.5955380514239417,1.0,0.7965701949334294,0.57163336038455,0.85743865167221,0.08109306862662613,0.1934784742430248,0.0,6.201437723655833e-07,0.034046471681817056,0.5139355473549229,0.02133816753337533,0.010642650575759681,0.0141239152056024,0.9999338930386481,0.1697929880655711,0.16435538841910677,0.004427829889962049,0.4213377674659593,0.9577246575433452,0.33455944777672547,0.0,0.14760205225230874,0.4281807322644526,0.14256134832779002,0.6345732467569114,0.510204395095871,0.00048232249117247203,0.04183853830713085
0.010479676811937198,0.2604805568046062,0.12233586976170396,0.04220776476144515,0.037906716598984314,0.347708706679132,0.30370497512255606,0.05726734846351253,0.0775180648272718,0.4163011980526419,2.4541397771001522e-05,0.0701252969933958,0.0,0.05591866898555268,0.00017219877860405385,0.0,0.28570627511532903,0.2973278354243591,0.9995479726617319,0.9587003947450795,0.05854143822173072,0.02161982342833877,0.015385015874187863,0.009772708267337369,6.610696135189607e-05,0.16950332181125521,0.04756405676289737,6.610696135189607e-05,6.610696135189607e-05,0.6436165514944299,0.04280342736729386,0.5955369674158618,1.0,0.7962817619906147,0.5716710642476743,0.8566683685643767,0.08149211822508884,0.19371147253222032,0.0,5.990094883015411e-07,0.03407613395817625,0.5153801381034628,0.021103468747475904,0.010650286198758213,0.01406786301484961,0.9999338930386481,0.16985003779047314,0.16445622495082898,0.004450110450913705,0.4214660835440748,0.9571720312349351,0.33433773559074237,0.0,0.14779956902383268,0.42815673697372153,0.1433316314356233,0.6328016066595822,0.5089606920434206,0.00045202733826805845,0.0412990062454322
0.010481722349683793,0.26044842385091577,0.1221896671644894,0.04212073196316047,0.03791054438877592,0.348849468215483,0.3036317935441749,0.05746008398458706,0.07746405344247263,0.41641753080343935,2.321968943086823e-05,0.07035021258632898,0.0,0.05601353343830425,0.00015949155929974486,0.0,0.2870619311792805,0.29832189804820053,0.9995765080825507,0.9592351988747374,0.05850435192501879,0.021492361805189604,0.015395211880441125,0.009761158747480205,6.610696135189607e-05,0.1697284784304309,0.04773187204008469,6.610696135189607e-05,6.610696135189607e-05,0.643726410064053,0.0433565664308922,0.5955415469247337,1.0,0.7960067643284244,0.5717126212610222,0.855926418928756,0.08189137759750753,0.1939467522270271,0.0,5.785255162075923e-07,0.03410533596481999,0.5168061646363507,0.020873355094298846,0.010657910861174085,0.014032791867122087,0.9999338930386481,0.16990125711015583,0.1645554845771257,0.00439562937185529,0.4215913151341751,0.9566202138796769,0.3341082404889372,0.0,0.1479797022332713,0.4281278871796781,0.144073581071244,0.6310466912232119,0.5077313497247724,0.0004234919174492631,0.04076422259974649
0.010483724708628047,0.2604200689383525,0.1220482222996897,0.042034753758364636,0.03791011486569108,0.3499449679541721,0.30355225086871873,0.05765127299860512,0.07742073393719676,0.4165301707625115,2.199004566360499e-05,0.07057051513838504,0.0,0.056108320659928844,0.00014771096458270517,0.0,0.28838595790903937,0.29929061019833453,0.9996033703105169,0.9597656220287476,0.058467614759913286,0.02136744440795065,0.015405370872545456,0.009749753116668453,6.610696135189607e-05,0.16995643999380888,0.0478993963352456,6.610696135189607e-05,6.610696135189607e-05,0.6438314778228893,0.043908158363080915,0.5955505621492033,1.0,0.7957413637781237,0.5717576089096912,0.8552094026207828,0.08229050818969971,0.19418449591590492,0.0,5.58692201157045e-07,0.03413397832606226,0.5182326938867234,0.020616806826716606,0.010665866215515334,0.01400469024029935,0.9999338930386481,0.17000123509213946,0.16466713335414654,0.0043180939882154715,0.4217125185032439,0.9560698515912555,0.3338789227124117,0.0,0.14815031556194747,0.4280946801257262,0.1447905973792172,0.629323533901261,0.5065248938857605,0.0003966296894830336,0.04023381927905122
0.010485696721953259,0.2603920686107184,0.12191419023867116,0.0419504947318803,0.037906356174577244,0.3510200141143702,0.30346536704873395,0.057838975514454785,0.07738701585805663,0.41663989935799217,2.084715433895555e-05,0.07078527257246747,0.0,0.05620220342485982,0.00013679410914894436,0.0,0.2896777837140687,0.3002354742935262,0.9996286527526962,0.9602923714840049,0.05843105479228036,0.021244976658621722,0.015416811496803169,0.0097384393217088,6.610696135189607e-05,0.17018603430760632,0.04806307180862512,6.610696135189607e-05,6.610696135189607e-05,0.6439352224679207,0.044461694945658346,0.5955661673408651,1.0,0.795484751001875,0.5718107163845769,0.8545164154759489,0.08268890393323587,0.1944237565093131,0.0,5.394917172673657e-07,0.03416202570587923,0.5196616506024828,0.02037152456105933,0.010673682786621069,0.01398055285051162,0.9999338930386481,0.17008751825236226,0.16477426678769494,0.00423116038677603,0.4218297180705271,0.9555174579000026,0.33364856008666754,0.0,0.14831304557326513,0.4280524895062742,0.14548358452405113,0.6276333123526954,0.5053407691971606,0.0003713472473038113,0.039707089024277824
0.010487692982141169,0.2603653959162608,0.1217837906079246,0.04186822764896771,0.037900513534293974,0.3520733422483069,0.3033792836514205,0.058056164630344805,0.07736215018678437,0.4167394106237296,1.978308005299035e-05,0.07099279708743879,0.0,0.05629397162121311,0.00012667779171357795,0.0,0.2909356137021265,0.3011559314574288,0.9996524387769352,0.9608155912099,0.058394517487604936,0.02112483799932806,0.015428105583073082,0.009727309003134496,6.610696135189607e-05,0.17041692599426495,0.04822831925231959,6.610696135189607e-05,6.610696135189607e-05,0.6440374088807975,0.04501614143830245,0.5955891354890722,1.0,0.795237030051101,0.5718721829029051,0.8538466241775599,0.08308737300084781,0.19466514056774514,0.0,5.209074986501528e-07,0.03418971478921806,0.5210925903139543,0.020133173518889554,0.010681449830072815,0.013958815735164911,0.9999338930386481,0.17016704672109573,0.16487767508220233,0.004140698790670563,0.42194453042952407,0.9549640754816445,0.33341806742348895,0.0,0.1484689983276859,0.4280011393053814,0.1461533758224402,0.6259770132970258,0.5041789279748261,0.0003475612230648389,0.03918388788260137
0.01048985686976305,0.26034277138188255,0.12165732567372425,0.041783193802824636,0.03789405961892076,0.35309952813533,0.30329785330403414,0.058255734804535476,0.07734019410625188,0.41683890030510157,1.8790855087080388e-05,0.07119224362597873,0.0,0.05638256388095897,0.00011730549389104558,0.0,0.2921602548563863,0.3020522694810557,0.9996748117702674,0.9613352399965582,0.05835790348664745,0.02100687813146705,0.015439167108884447,0.009716373798189534,6.610696135189607e-05,0.17064866231780354,0.048396192903984246,6.610696135189607e-05,6.610696135189607e-05,0.6441391694931418,0.04557094958585548,0.5956193338164494,1.0,0.7949979568252208,0.5719413271630249,0.8531986219174595,0.0834862503520043,0.1949081492777483,0.0,5.029193680180427e-07,0.03421554182816031,0.5225247488647738,0.019895490006970426,0.010689005081229249,0.013938746604249649,0.9999338930386481,0.17024983003947097,0.1649727957196803,0.0040456845520174985,0.4220609869689731,0.9544102595590575,0.333188422557572,0.0,0.14861947929382027,0.427941367343084,0.14680137808254043,0.6243534947916094,0.503039581241196,0.0003251882297325854,0.03866425708407377
0.010492049596404244,0.2603194609339356,0.12153296679973578,0.04170181245704853,0.037886865046529584,0.3541166757006586,0.3032177112057025,0.058443195922506026,0.07732127623161848,0.4169377765167882,1.7864835212946317e-05,0.07138381273766731,0.0,0.056468717055177454,0.00010862044547063399,0.0,0.2933532448500416,0.30292634188800555,0.9996958465193369,0.9618515092646048,0.05832131016072298,0.020890751195261292,0.015450042928304089,0.009705750794727075,6.610696135189607e-05,0.17088302688747084,0.048566092751025296,6.610696135189607e-05,6.610696135189607e-05,0.6442396269545693,0.04612660093559962,0.5956572238956553,1.0,0.7947664758749071,0.5720192572476972,0.8525717834474547,0.08388606137243249,0.19515345863656233,0.0,4.855150288698278e-07,0.03424179773588061,0.5239566736087276,0.019658099015318165,0.010696890802342901,0.013919906658806575,0.9999338930386481,0.17033497071823037,0.1650703303660985,0.0039509295010944495,0.4221770868847954,0.9538555342291875,0.33295896336667746,0.0,0.1487648070699154,0.42787212230683214,0.14742821655254532,0.622760693777526,0.5019201994754321,0.0003041534806631109,0.038148005220366266
0.010494127133767121,0.2602963090699937,0.12141123718819737,0.041623588862984534,0.03787911997725327,0.3551124399819305,0.30313795125159887,0.05862165704218123,0.07730375230856443,0.4170352663193524,1.6999777682004888e-05,0.07156808577299441,0.0,0.05655261923759555,0.00010057326715511058,0.0,0.2945155224818793,0.30377892541928403,0.9997156135315781,0.962364134978443,0.0582844578428668,0.020776262512327913,0.015460847596065924,0.009695240793642382,6.610696135189607e-05,0.1711178344248041,0.04873760150601649,6.610696135189607e-05,6.610696135189607e-05,0.6443397864222727,0.04668291723833366,0.5957008400596132,1.0,0.794541680088779,0.5721030336784539,0.851963411357531,0.08428658198804495,0.195400358126517,0.0,4.6867791190228033e-07,0.034267391849819195,0.5253896423061117,0.019420739865923485,0.010704720207772437,0.013902069211788312,0.9999338930386481,0.1704229019663212,0.16516969308951787,0.003857452854941029,0.4222934396299533,0.9533000829839844,0.33273107416739234,0.0,0.14890570067362538,0.427796393054391,0.1480365886424691,0.6211978955300759,0.500820716454199,0.0002843864684218769,0.03763539634364511
0.010496139470556954,0.26027360980128283,0.12129235324020107,0.041548089302486116,0.03787106469444149,0.356088547742169,0.30305835008432574,0.05879296270470954,0.07728697403626543,0.4171307865732316,1.6190898006608587e-05,0.07174547194975044,0.0,0.05663426034156528,9.31179705465882e-05,0.0,0.29564793019858887,0.30461021413229683,0.9997341806280118,0.9628728359246835,0.05824745316912981,0.02069648723532996,0.015471553321137527,0.00968498620857494,6.610696135189607e-05,0.17127068412766724,0.04890586745671864,6.610696135189607e-05,6.610696135189607e-05,0.6443254045676187,0.04724004215454422,0.5957494649694219,1.0,0.7943229330777134,0.5721921400153979,0.8513715497088064,0.08468790965515792,0.1956488286479663,0.0,4.5239334205544555e-07,0.034292136512361036,0.5268237271109171,0.019183032058724847,0.010712437157627205,0.013885112576206522,0.9999338930386481,0.1705139766085274,0.16527027809612438,0.0037656798260766755,0.4224107698593213,0.9527437669474492,0.33250506308082767,0.0,0.14904280658072128,0.4277147420140556,0.1486284502911937,0.6196641601462531,0.4997409572197369,0.00026581937198824564,0.0371267116819745
0.010498204198548302,0.2602486231890679,0.12117701625551991,0.04147506054328721,0.03786286913905277,0.35706149958943123,0.30298228757349666,0.05895812615075387,0.07727054528680483,0.41722371334258973,1.543419802181703e-05,0.07191572823493246,0.0,0.05670645837817301,8.621204880327027e-05,0.0,0.2967528500669776,0.3054205213242245,0.9997516129688774,0.9633773674189784,0.05821114322562482,0.020610912307058322,0.015483017789456335,0.009675128166928153,6.610696135189607e-05,0.17146224696813112,0.049062708285407666,6.610696135189607e-05,6.610696135189607e-05,0.6443327345619939,0.047799601404863494,0.5958366397418277,1.0,0.794162449253769,0.5723186432010453,0.8508497386636784,0.08509083130542777,0.19591030626935912,0.0,4.366468234688116e-07,0.034318368221838945,0.52824551108436,0.018948060813476244,0.010720364294233925,0.013869291981192874,0.9999338930386481,0.17061208724176613,0.16537078039693826,0.0036745218144372126,0.4225311676308952,0.9521849643971148,0.33224763202324,0.0,0.14913109236805802,0.4275951447501514,0.14915026133632156,0.6181563186275947,0.4986691724064164,0.00024838703112261174,0.03662219593419813
0.010500065608116973,0.26022655579183557,0.12106326603038561,0.04140416973371492,0.037854609039368395,0.3579984169333615,0.30290514791398115,0.059118156422959076,0.07725464587832678,0.41731419051449575,1.4725141996731178e-05,0.07208008726192594,0.0,0.05677703788364851,7.981491056527833e-05,0.0,0.2978286340266627,0.3062094776103585,0.9997679715190412,0.9638773295691467,0.05817428746434031,0.020523670572692356,0.015461328174878318,0.009665247429806479,6.610696135189607e-05,0.17166390811318047,0.04931616062416187,6.610696135189607e-05,6.610696135189607e-05,0.6444935776047235,0.048359037497089065,0.5959346609691458,1.0,0.794020127379437,0.5724572458847954,0.8503664603210289,0.08549364116086876,0.19617686477628452,0.0,4.214201299052433e-07,0.034343275867220274,0.529668272738867,0.01871208672156227,0.010728143998377751,0.013854329885851892,0.9999338930386481,0.1707145875254347,0.16547133031787004,0.003586068527925008,0.42265388842977814,0.9516262373609142,0.3319852517689282,0.0,0.14920283473691448,0.42746293920463935,0.14963353967897106,0.6166777248124685,0.49761365761335696,0.00023202848095877078,0.03612224901072336
0.010501740498503437,0.2602011941209136,0.12095956855144549,0.04133458454750777,0.03784600650833807,0.3589152623233259,0.30280953405720407,0.059271435911294315,0.07723983789839386,0.4174039910302879,1.4062227639338383e-05,0.07225083780642243,0.0,0.05685132624908358,7.390654956232019e-05,0.0,0.29887931934920814,0.30698617584384097,0.9997833171201598,0.9643726867128647,0.058098566098166174,0.020433796311109555,0.015493736660964187,0.009654800600528118,6.610696135189607e-05,0.17186596826171704,0.049408969705551524,6.610696135189607e-05,6.610696135189607e-05,0.6446764835444131,0.04891690386708387,0.5960285778251101,1.0,0.7938866872669925,0.5726049727628986,0.8499176349707153,0.08589727541922558,0.19644307635317237,0.0,4.0668513267277156e-07,0.034366093432246586,0.5310905311981027,0.01848030791580354,0.01073566442229888,0.013840166147426964,0.9999338930386481,0.17081150872274437,0.16556739385735916,0.003500965116266557,0.4227773233856415,0.9510690339052769,0.3317205843684675,0.0,0.14926198648392386,0.4273211206875391,0.15008236502928468,0.6152234052315663,0.49657074780298666,0.00021668287984027808,0.035626906602002635
0.010503817165095358,0.26018577354761124,0.12084947851166492,0.04130155250410239,0.03783803915375167,0.35980965508547047,0.30274606294540446,0.059333844296593,0.07721210065309593,0.4174753608195823,1.3437943835778602e-05,0.07240385082718201,0.0,0.05691868147166161,6.842027811594706e-05,0.0,0.2998964845947427,0.3077289513779861,0.9997977051167427,0.9648630477444009,0.05804979698771037,0.020343966185405155,0.015476237619538894,0.009643174836189669,6.610696135189607e-05,0.1720245403390268,0.049635786545179195,6.610696135189607e-05,6.610696135189607e-05,0.6449623104363933,0.04947947041120921,0.5961373161539918,1.0,0.7937686710728696,0.5727430768502344,0.8494906899916,0.0863058402026512,0.19672389378777388,0.0,3.9250105784421034e-07,0.03439114231551123,0.5325232167294955,0.018241573592928755,0.01074369531883866,0.013826477774895278,0.9999338930386481,0.1709208982296402,0.16566872760022758,0.0034175151903887984,0.42289976056780587,0.9505070916449551,0.3314588330188261,0.0,0.14931264745546882,0.4271885028716496,0.15050931000839993,0.6137976752026061,0.49554715483424,0.0002022948832573113,0.035136559754541254
0.01050567528869694,0.2601713020231069,0.12075603290750475,0.041255655321542226,0.03783047836920445,0.3606913472584588,0.3026661929265889,0.05942966144315038,0.07719044836494707,0.4175424524453281,1.2853125780772259e-05,0.07256348349601945,0.0,0.056987424988814095,6.335937831717441e-05,0.0,0.30088392121081353,0.30845234888364825,0.999811186443839,0.9653470902223975,0.05799929035717296,0.020253172100650307,0.015475682367174191,0.009630486096407223,6.610696135189607e-05,0.17218125923466668,0.04981130936955023,6.610696135189607e-05,6.610696135189607e-05,0.6452188524878759,0.050041642499046544,0.5962322023580688,1.0,0.7936510380721351,0.572877619665062,0.8490803110937063,0.08671689103305796,0.197004221863154,0.0,3.787915664577724e-07,0.03440852041454754,0.5339562007406843,0.018005054465170447,0.01075069634641568,0.013813690966082712,0.9999338930386481,0.1710273740455079,0.1657695736185046,0.0033347024535090443,0.42302907983699467,0.9499455043751727,0.3312043141459117,0.0,0.1493615369390509,0.42705902095662085,0.15091968890629373,0.6123991877561284,0.49454342925319766,0.00018881355616100237,0.03465253098603603
0.01050804352837374,0.2601601172593953,0.12066521183485336,0.04120447822961647,0.0378232119430026,0.36157774351799454,0.30258871123740005,0.05954295587973137,0.07717232834835289,0.41760593907476756,1.2303619156012758e-05,0.07272108632854966,0.0,0.05705499901228818,5.8680369923815586e-05,0.0,0.30184062742395534,0.3091513127152258,0.999823812938093,0.9658249491987021,0.05795103948923538,0.02016315035793486,0.015480526400500986,0.009618075057333935,6.610696135189607e-05,0.17234985829543567,0.04997161191306593,6.610696135189607e-05,6.610696135189607e-05,0.6454378245555422,0.05060578057580025,0.5963263270221216,1.0,0.793532231845252,0.5730143120078309,0.8486793116533119,0.08713102368860622,0.19728735990556037,0.0,3.6555548390499644e-07,0.03444185374863304,0.5353947879181983,0.017767251319003353,0.01075805570421409,0.013801591859435278,0.9999338930386481,0.17113783630707233,0.16587001536402907,0.0032588434206182564,0.4231450756647073,0.9493819158050437,0.3309525866493287,0.0,0.14941276914245977,0.42692700762224517,0.15132068834668808,0.6110283488874384,0.49356132737921393,0.00017618706190707545,0.034174685245813984
0.010509462529077971,0.26015216650516937,0.12057555898624948,0.04115072796690827,0.037816264621396006,0.3623740229390837,0.3025139887181036,0.05966465361422091,0.07715366245212986,0.4176686477683103,1.178675833566117e-05,0.07287487760122514,0.0,0.057122362758083946,5.4351563575338824e-05,0.0,0.3027750992939785,0.3098340243110172,0.9998356409191771,0.9662974951664238,0.05790143042059518,0.02007663279880859,0.0154872676467356,0.009605929890611483,6.610696135189607e-05,0.17249981782690313,0.05011972550175031,6.610696135189607e-05,6.610696135189607e-05,0.6456224592694405,0.05116923201771699,0.5964174405833372,1.0,0.7934122572091655,0.5731385284949485,0.8482779780155644,0.08754585412989216,0.1975688497530981,0.0,3.527772193762714e-07,0.03447518708196637,0.53684257499488,0.017561297444847194,0.010765581090648907,0.013790159812380768,0.9999338930386481,0.17120133219490016,0.1659554735921664,0.0031849301607360055,0.4232567087399058,0.9488189812239474,0.3307076818154377,0.0,0.14946538003275053,0.4268071199414761,0.1517220219844356,0.6096790465761294,0.4925971259358847,0.00016435908082292207,0.03370215205635682
0.010510635410743988,0.2601457904700132,0.1204837896697182,0.0410958954376886,0.0378094959641004,0.36312885736250816,0.3024462591927917,0.059790131842661444,0.07713592196506253,0.41773121593209556,1.1298777748407897e-05,0.07302230108549396,0.0,0.05718809119425592,5.0343511500523756e-05,0.0,0.3036871466968877,0.31049970925562653,0.9998467168516415,0.9667648197316314,0.05785221259862977,0.01999325074505025,0.015493413032366486,0.009594099240679478,6.610696135189607e-05,0.1726440740997986,0.05026351324587843,6.610696135189607e-05,6.610696135189607e-05,0.6457782092564042,0.051729177500602214,0.5965113281534666,1.0,0.7932970193739631,0.5732567751736841,0.8478819675739518,0.08796289190899485,0.19785243863649005,0.0,3.404471446295466e-07,0.034484446550239696,0.5382851787410375,0.01734917065681468,0.010773345688962412,0.013778806137692641,0.9999338930386481,0.17127656284118306,0.1660410084670577,0.0031143025755873324,0.42339492242805493,0.9482595237216493,0.33046637076103935,0.0,0.1495148894317809,0.4266928813148154,0.15211803242604818,0.6083499613941175,0.4916478521078835,0.00015328314835849193,0.033234839821224035
0.010513185833270055,0.26013662753883826,0.12039295893729433,0.04104106394041754,0.037802773051097825,0.3639727359482599,0.3023805896069024,0.059916412723887834,0.07711990673141134,0.41779240342497004,1.0837599193880183e-05,0.07316325820190551,0.0,0.05725088512891349,4.663079726973826e-05,0.0,0.3045718766526433,0.31114023174380256,0.9998570806594046,0.9672265472638706,0.05780803024771982,0.019912707706961904,0.015500458473356784,0.009582855231974706,6.610696135189607e-05,0.17282043350442627,0.05041125895766415,6.610696135189607e-05,6.610696135189607e-05,0.6459006034456571,0.052291115176403315,0.5966175082871948,1.0,0.7931874500110654,0.5733977290269673,0.8475044199672426,0.08838393582345397,0.1981438943841668,0.0,3.2855108016918823e-07,0.03450380284670783,0.5397223117090497,0.017130399057197827,0.010780842892692738,0.013767866685503137,0.9999338930386481,0.1713613600307028,0.16612313229942074,0.0030450735065074832,0.42353618212808053,0.9476980472244028,0.3302192335108997,0.0,0.14956166486002112,0.42655564017576303,0.15249558003275748,0.6070441875239028,0.4907158738720307,0.00014291934059545966,0.03277312418504925
0.010515325146542276,0.2601278988134515,0.1203046207971303,0.04098697509840635,0.0377961579214498,0.3647785313154572,0.30231500725397925,0.060042273737674394,0.07710345446347917,0.4178524606104223,1.040176765354856e-05,0.07329923455559599,0.0,0.05731199023854832,4.319227098488775e-05,0.0,0.30543538138796783,0.31176272190303644,0.9998667782116519,0.9676831725159243,0.05776405287852619,0.01983444919499743,0.01550826360907658,0.009572118809031641,6.610696135189607e-05,0.17299906846028182,0.05055918665560268,6.610696135189607e-05,6.610696135189607e-05,0.6459993738761239,0.052853503288387345,0.5967297146555615,1.0,0.7930828450577582,0.5735480224309141,0.847140109705526,0.08880602831062737,0.19843755726894782,0.0,3.1706702892302063e-07,0.03452361306407886,0.5411603388329999,0.0169059323340029,0.010788344185740593,0.013757344505944376,0.9999338930386481,0.17145619848179425,0.16620654963136647,0.0029780567190986155,0.42368004075297333,0.9471360949439591,0.32997105078884265,0.0,0.14960516470369362,0.42640878529810106,0.152859890294474,0.6057585903014049,0.48979972082801576,0.00013322178834808252,0.032316510417046834
0.010517255576233123,0.26011978040202804,0.12021870326566532,0.04093367420438622,0.0377896798004923,0.365557095448914,0.30224875317621075,0.0601665156418146,0.07708644584585908,0.4179111868024277,9.989682391424187e-06,0.07343023265013499,0.0,0.05737146196864041,4.000723944360282e-05,0.0,0.30627899043681106,0.3123679688817997,0.9998758493547009,0.9681345837617018,0.05768737269880147,0.01975822188919024,0.01551643942173032,0.009561593378022275,6.610696135189607e-05,0.1731867343940304,0.0507065919928593,6.610696135189607e-05,6.610696135189607e-05,0.6462389607444252,0.05341679784057869,0.5968473039581712,1.0,0.7929834638834983,0.5737051990541031,0.846787710485018,0.08922878451968116,0.19873318009804983,0.0,3.0598404524881307e-07,0.03454330206830398,0.542600956105893,0.01667563006319472,0.010795809199281832,0.01374724136429205,0.9999338930386481,0.17156145548953053,0.16629249511828875,0.0029136610651351045,0.42382653540304055,0.9465732124770299,0.3297224633916938,0.0,0.14964507414786127,0.42625479370645336,0.15321228951498203,0.6044922250435079,0.48889885102015046,0.0001241506452990981,0.03186511025425298
0.010519219307617919,0.26011337251613886,0.12013536911330025,0.04088211905238365,0.037783538861232195,0.3662878686021424,0.30218176116963646,0.060287017476702044,0.07706840512654042,0.4179677315953296,9.599584106949007e-06,0.07355343207135655,0.0,0.05742547789479911,3.705528145076926e-05,0.0,0.3071012561294215,0.31295128404857553,0.9998843318450896,0.9685807465443848,0.057633590112215076,0.01968303479855412,0.015523294660767682,0.009549916232655026,6.610696135189607e-05,0.17331999886477437,0.050846174011553884,6.610696135189607e-05,6.610696135189607e-05,0.646426255298689,0.05398415493675086,0.5969756335828836,1.0,0.7929041541431036,0.5738628529109786,0.8464599884992104,0.08965656751532405,0.19903993245945173,0.0,2.9532152015916917e-07,0.0345642138957485,0.544049904402374,0.016438680241305275,0.010803465963861579,0.013737613116262721,0.9999338930386481,0.17167793607049267,0.16638131228438371,0.0028516660608100403,0.423973741541114,0.9460062454791421,0.32947093434575986,0.0,0.1496703679620973,0.42610009180757064,0.15354001150078952,0.6032421763552545,0.4880087834919727,0.00011566815491037216,0.031418958134095065
0.010520910733345636,0.26010724707272675,0.12005533314313263,0.040832664554743055,0.03777753343730093,0.36702128713432514,0.3021137732261647,0.06040187816297871,0.07704925223853405,0.4180217633112451,9.230349122337317e-06,0.07367317905329976,0.0,0.05747912538776697,3.432179605334293e-05,0.0,0.3079061398170103,0.31351947802313734,0.9998922616402404,0.9690216862763312,0.05757914466851024,0.01961040105061278,0.015530703383567906,0.009538366690933133,6.610696135189607e-05,0.17346424745657976,0.05098060835033603,6.610696135189607e-05,6.610696135189607e-05,0.6465926223803986,0.05455337593942176,0.5971035608044929,1.0,0.792827033645194,0.5740183538104903,0.846141280790222,0.09008489477102237,0.1993471650891002,0.0,2.850376135830072e-07,0.03458440548192806,0.5455057514500894,0.01619981104737302,0.010811240784460099,0.013728412439309131,0.9999338930386481,0.1717990252829382,0.16647086294924215,0.0027920489467680135,0.4241227103128805,0.9454373937114559,0.32922326014220743,0.0,0.14969384096703903,0.42594732439345634,0.153858719209778,0.6020089654119672,0.4871333568877625,0.00010773835975966645,0.030978028686055165
0.010522552235725825,0.2601017080097549,0.11997786199744034,0.04078493962070961,0.03777170291967911,0.367739613413169,0.30204628567632397,0.060512548908985365,0.07702951647901236,0.4180733170886131,8.880559309689935e-06,0.07378914256916717,0.0,0.05753170259132107,3.179034181186177e-05,0.0,0.3086936099960102,0.314071786559296,0.9998996719828879,0.9694573007893824,0.05752422450068323,0.019539740115858895,0.015538482592981769,0.009526986408551215,6.610696135189607e-05,0.17361163320026532,0.051111736373146054,6.610696135189607e-05,6.610696135189607e-05,0.6467482319238671,0.055124680532607676,0.5972352603992621,1.0,0.7927549051409147,0.5741779191670783,0.8458340046107767,0.09051447011638161,0.19965713648318478,0.0,2.751219922515484e-07,0.034604385036561026,0.5469674323857607,0.015959015619623408,0.010818999160986104,0.013719624165785165,0.9999338930386481,0.1719243913258473,0.16656118554385646,0.0027349496251777203,0.42427429299827996,0.9448664389080826,0.3289755970315707,0.0,0.1497133922677642,0.42579029049110984,0.1541659953892233,0.6007919198876082,0.48627107695751925,0.00010032801711218345,0.030542424088625373
0.010524150648714842,0.26009703188250266,0.1199026281341959,0.040738685954223405,0.03776605449320709,0.3684417310254619,0.3019797093021659,0.06061987287997066,0.07700924726669149,0.41812243490712186,8.54890817455951e-06,0.0739012881489279,0.0,0.05758304040730081,2.9445835893250816e-05,0.0,0.3094640075791091,0.31460816886205206,0.9999065946310526,0.969887564792561,0.05746929663955392,0.01947087522937779,0.015546450966998214,0.009515732597102353,6.610696135189607e-05,0.17375934660668008,0.051240380909124195,6.610696135189607e-05,6.610696135189607e-05,0.646895138407706,0.05569802147887247,0.5973713902248609,1.0,0.792688262297463,0.5743424762647632,0.8455383230832719,0.09094551704658936,0.1999704280119504,0.0,2.6556322992828555e-07,0.0346241302605811,0.5484351732898215,0.015715907134276466,0.010826701809463157,0.013711214852333889,0.9999338930386481,0.17205408100080488,0.16665213301158927,0.002680407748869599,0.42442886704970645,0.9442934296129529,0.32872732162621127,0.0,0.14972869729523622,0.42562807789934354,0.15446167691672807,0.5995904753743015,0.4854214031259977,9.34053689474553e-05,0.030112169644209024
0.010525705122291763,0.2600932024765594,0.11982955255775106,0.04069374147422661,0.037760598532136876,0.3691287998820224,0.3019141432628588,0.060724336627430577,0.07698841828169803,0.4181691876835482,8.234208478499925e-06,0.07400975340993632,0.0,0.057633156260687546,2.727441512980572e-05,0.0,0.3102179251852155,0.31512895187251605,0.9999130597107155,0.9703124884653261,0.05741432148722441,0.019403712023177394,0.015554545279700294,0.009504590559312067,6.610696135189607e-05,0.17390714825951306,0.051367000645543524,6.610696135189607e-05,6.610696135189607e-05,0.6470347115462065,0.05627337371511655,0.5975118644965702,1.0,0.7926269434928788,0.5745120483689969,0.8452538218211864,0.09137811023037837,0.2002871117052213,0.0,2.5634945902420295e-07,0.03464359908856799,0.5498985110566916,0.01547045900294368,0.010834314727942903,0.013703123887807875,0.9999338930386481,0.17218873178609542,0.16674384657815625,0.0026284891013792153,0.4245903130866495,0.943718392076405,0.3284783820934934,0.0,0.14973990024643363,0.4254606772158732,0.15474617817881364,0.5984039645844061,0.4845839364222626,8.694028928450618e-05,0.02968725518521481
0.010527201932062961,0.2600907344826802,0.1197585919962604,0.04064999809443678,0.03775532826145476,0.3697983988777692,0.30184868713117363,0.06082615218531353,0.0769669550120307,0.4182134699820966,7.935320565841585e-06,0.07411470861065902,0.0,0.057682100725542286,2.5263224503252355e-05,0.0,0.31095526978659394,0.31563425230954484,0.9999190956504912,0.9707320663887095,0.05735934506488284,0.019338320418872183,0.015562711676046804,0.00949353844657435,6.610696135189607e-05,0.1740544619760442,0.05149135894405288,6.610696135189607e-05,6.610696135189607e-05,0.6471676740214902,0.056849855059883096,0.5976552707964394,1.0,0.7925703747437712,0.574685049726851,0.8449798045484156,0.09181146553329214,0.2006063560425688,0.0,2.4746899740028786e-07,0.03466258854094573,0.551371834941612,0.015221903458552321,0.010841843520122211,0.013695348603529705,0.9999338930386481,0.17232712475749706,0.16683513347637033,0.0025793552427023866,0.42475393820115054,0.9431422096195511,0.3282300205929016,0.0,0.1497475245306865,0.42528968704864584,0.1550201954515844,0.597233264680114,0.48375939164788645,8.090434950878579e-05,0.029267686142293168
0.010528677785978543,0.260088864078341,0.11968997912919761,0.04060743506361271,0.03775027386333867,0.37045569258810446,0.30178441396038425,0.06092562133362462,0.07694485904620228,0.41825535240298634,7.651283404170954e-06,0.07421630023941436,0.0,0.05772983599406638,2.340044627325058e-05,0.0,0.31167728031175235,0.3161247082914456,0.999924729436481,0.9711463634844151,0.057304279486892026,0.01927443986104426,0.015570979643533477,0.009482592404415069,6.610696135189607e-05,0.17420162930232835,0.0516144625796595,6.610696135189607e-05,6.610696135189607e-05,0.6472947778842557,0.05742814567780098,0.5978027994810097,1.0,0.792518903302242,0.5748629417963127,0.8447163900037679,0.09224614986869337,0.20092882127800038,0.0,2.3891073281253506e-07,0.034681317781349204,0.552853705327217,0.01497059784053651,0.010849351130674152,0.013687890718494296,0.9999338930386481,0.17246987232804267,0.16692670609274127,0.0025326799935059905,0.4249200127558732,0.9425642030387948,0.32798090027957594,0.0,0.14975126070369166,0.425113657757414,0.1552836099962321,0.5960765698195543,0.48294647043055394,7.527056351894284e-05,0.02885339760485211
0.010530127591337087,0.26008768203999133,0.1196233890848555,0.040565961263129315,0.03774544148802118,0.3711004243053286,0.3017215591974438,0.061022918867426224,0.07692218297376063,0.41829498184626035,7.381163456034773e-06,0.07431466199004215,0.0,0.05777637989567131,2.1675106419126666e-05,0.0,0.3123845916714674,0.31660067426419636,0.9999299863219521,0.9715553960226372,0.057249087209090666,0.01921198516914162,0.015579291825980926,0.009471739207631493,6.610696135189607e-05,0.17434877823629785,0.051737651728808974,6.610696135189607e-05,6.610696135189607e-05,0.6474164026651533,0.058008450351113114,0.597954416498249,1.0,0.7924723138769606,0.5750456054670874,0.8444630487275455,0.09268238450200368,0.20125456868378763,0.0,2.3066361956883736e-07,0.03469979110707984,0.5543439893269544,0.014716362033900346,0.010856833168767113,0.013680740586794625,0.9999338930386481,0.1726171091121181,0.16701874538917214,0.0024883569670726513,0.4250887835906492,0.9419841684854309,0.32773092151170885,0.0,0.14975130622736807,0.42493271942649347,0.15553695127245443,0.5949330238265289,0.4821447570520159,7.001367804788974e-05,0.028444373313743256
0.010531546787140533,0.26008718260202474,0.1195586827057833,0.04052551472126085,0.03774082422006525,0.3717325791914482,0.30166006335072154,0.06111816153372619,0.07689892138161329,0.418332505261357,7.124092089920099e-06,0.07440993736359196,0.0,0.057821742914661606,2.0077045968076053e-05,0.0,0.3130778025821571,0.31706254904026293,0.9999348901414226,0.9719591983781076,0.057193770852904266,0.019150882688371514,0.015587617283058077,0.009460974875785831,6.610696135189607e-05,0.17449610752299652,0.05186053813978744,6.610696135189607e-05,6.610696135189607e-05,0.6475334754850689,0.05859090057764943,0.5981099950441278,1.0,0.7924304422101297,0.5752328261825088,0.8442192022526858,0.09312031405863432,0.2015835572188597,0.0,2.2271699280292312e-07,0.03471799642253492,0.5558428685705988,0.01445899138256121,0.010864288609713928,0.013673882672283255,0.9999338930386481,0.17276890117265956,0.1671113455225323,0.0024463389462761596,0.4252604016580616,0.9414019753302606,0.32748006759228027,0.0,0.14974781487520877,0.42474709677152317,0.15578079774731424,0.5938018833592086,0.48135389374087745,6.51098585774284e-05,0.028040578904899617
0.01053293416155491,0.2600873353213463,0.11949579395076859,0.040486045237211284,0.03773641473729687,0.37235247506446933,0.3015998504519588,0.06121143668664551,0.07687505500314515,0.41836803413399354,6.879263311819691e-06,0.07450228038027115,0.0,0.05786596081869349,1.8596863165303613e-05,0.0,0.31375749618336973,0.31751076535201206,0.9999394633583918,0.9723578142719984,0.057138298500452246,0.01912438903745327,0.015595881111343518,0.009450434649339656,6.610696135189607e-05,0.1745604074398673,0.0519774224142285,6.610696135189607e-05,6.610696135189607e-05,0.6475281794774881,0.059175576800274306,0.5982693739245467,1.0,0.7923930787645392,0.5754244526123498,0.8439844126424716,0.0935600258221102,0.20191573296888274,0.0,2.1506042576090545e-07,0.03473592917396259,0.5573506833435501,0.01419830463308208,0.01087171655403452,0.013667301548294885,0.9999338930386481,0.1729253657263015,0.16720453659960297,0.00240658384012232,0.4254349412182542,0.9408175439364139,0.3272283456951821,0.0,0.14974096041676713,0.4245569505244849,0.15601558735752838,0.59268247799452,0.48057350167910523,6.053664160816425e-05,0.027641970667575864
0.010534380402900268,0.2600848842062233,0.11943521566272226,0.04044756339503624,0.03773222462551281,0.37297713485844475,0.30154452380211694,0.06130268392173194,0.07685042178008109,0.41840144395487594,6.646152406812999e-06,0.07459115090536826,0.0,0.05790135274107648,1.722594167046153e-05,0.0,0.31442591068046694,0.31794569650790044,0.9999437271238255,0.9727512928004028,0.057083337204471604,0.019092229858192897,0.015604996502100801,0.009440259686384286,6.610696135189607e-05,0.1746616237110403,0.05207784212504012,6.610696135189607e-05,6.610696135189607e-05,0.6475435229388085,0.05976481909756753,0.5984677222711043,1.0,0.7924162289813936,0.5756537729471626,0.8438178122674372,0.09400262728879373,0.20226369761570404,0.0,2.0768376470349867e-07,0.03475597845183401,0.5588536774478771,0.013937667962693766,0.010879473691687984,0.013661350392920274,0.9999338930386481,0.1730906103494885,0.16729740079157263,0.002367678503887242,0.42561447839850397,0.9402285347500257,0.3269411268235274,0.0,0.1496824182775299,0.42432900111116706,0.15618218773256282,0.5915714620307393,0.4797906058763956,5.627287617447759e-05,0.02724849951583251
0.010535607214713642,0.26008512505240455,0.11937476347669411,0.04040989216110799,0.03772822893634298,0.37357159422629826,0.3014889957950692,0.06139220278683142,0.07682534808056253,0.418433258272086,6.4237911564976224e-06,0.07467768699862964,0.0,0.0579364186815472,1.595607296224654e-05,0.0,0.31508076978735,0.3183671646758765,0.9999477009484231,0.97313953144752,0.05702764794747766,0.019058572992447363,0.015614278223403937,0.009430136899311443,6.610696135189607e-05,0.17477401380636795,0.0521708047666442,6.610696135189607e-05,6.610696135189607e-05,0.6475751186098974,0.0603551657591715,0.5986759689887203,1.0,0.7924567671708771,0.5758940549947287,0.843684945680693,0.09444609482732154,0.2026187288479329,0.0,2.0057504903628972e-07,0.03477506629242565,0.5603656972224115,0.013673538826715941,0.0108871670696959,0.0136557856454173,0.9999338930386481,0.17326150303445406,0.16739008239580078,0.002331594350953127,0.4257979562330111,0.939638410449672,0.3266463440126501,0.0,0.14960681414757568,0.42408998893230904,0.156315054319307,0.5904731353853284,0.4790141064761907,5.229905157684008e-05,0.02686026797743101
0.010536765973924807,0.260086460955164,0.11931567638955796,0.04037301164894848,0.03772437725577907,0.3741491530894774,0.301432754749602,0.06148009235919285,0.07679954947946922,0.41846348948697065,6.2115031771461e-06,0.07476205037522202,0.0,0.05797298943693843,1.4779754881281674e-05,0.0,0.3157227154427646,0.318775610461909,0.9999514038270203,0.9735227068214757,0.05697126723129818,0.019024527988728855,0.015623569182207352,0.00941999479163173,6.610696135189607e-05,0.17488976534470532,0.05226012426042557,6.610696135189607e-05,6.610696135189607e-05,0.647618692756419,0.06094704087761538,0.5988881846994213,1.0,0.7925030736375682,0.5761401003630623,0.843572455782636,0.09489094632590156,0.20297908377639376,0.0,1.9372576517116063e-07,0.03479347625086028,0.5618882211337519,0.013401411366677081,0.010894866723440397,0.013650451714742327,0.9999338930386481,0.17344432573921334,0.1674851930207316,0.0022983304999493917,0.4259845663650788,0.9390467476192075,0.3263497649253567,0.0,0.14952393692549337,0.4238451198820564,0.15642754421736413,0.5893863382313339,0.47824530576169727,4.8596172979740686e-05,0.026477099452759136
0.010537890849967894,0.26008832517447245,0.11925856310004393,0.040336903001165644,0.03772071211815373,0.3747151546368933,0.30137566548830774,0.06156631627730572,0.07677289625547394,0.4184921409396741,6.008759890741615e-06,0.07484448155373695,0.0,0.058011268251686954,1.369013080938449e-05,0.0,0.31635259332282073,0.3191715699214081,0.9999548534670436,0.9739009214362778,0.056914187146160276,0.0189905169262881,0.01563291824345563,0.00940979459669163,6.610696135189607e-05,0.1750059299768603,0.05234659956725596,6.610696135189607e-05,6.610696135189607e-05,0.6476714273527799,0.061541336789873495,0.5991025865240623,1.0,0.7925516705989758,0.5763898856786551,0.843473369535262,0.09533738463664398,0.20334358009896664,0.0,1.8712692313156848e-07,0.03481144371964247,0.5634221164326614,0.013125098062731178,0.010902542025234049,0.01364535965087563,0.9999338930386481,0.17363268207109,0.1675811544491888,0.002267569516051445,0.42617387077875396,0.9384526544502357,0.32605293192220064,0.0,0.14943706114933722,0.42359642419053545,0.15652663046473797,0.5883100220405353,0.47748484997962526,4.51465329563818e-05,0.026098891436799002
0.010538992293896508,0.2600907236148623,0.11920323117548388,0.04030157150652734,0.03771723404139366,0.3752704294291402,0.3013186138105283,0.06165089600445832,0.07674548365542382,0.4185191762501123,5.8149895022506655e-06,0.07492501829043859,0.0,0.05805089865684372,1.2680825724319326e-05,0.0,0.3169709068024514,0.3195553673175723,0.9999580664163595,0.974274249247735,0.05688976165741003,0.018956914121992924,0.015642395236170614,0.009399677850333412,6.610696135189607e-05,0.1751143800892227,0.05243099557156897,6.610696135189607e-05,6.610696135189607e-05,0.6475683000398225,0.062138179940613006,0.5993186396119614,1.0,0.7926017574022123,0.576642243444682,0.8433838413643655,0.09578565946123506,0.20371164765037827,0.0,1.807697127843772e-07,0.03482911409937618,0.5649678250386475,0.012844291658552059,0.010910225820469289,0.013640477421119568,0.9999338930386481,0.17382690466932457,0.16767806930481757,0.0022391071970110543,0.4263657305295623,0.9378560050698848,0.3257563420976,0.0,0.14934734394094393,0.4233450757295937,0.15661615863563455,0.5872434337363136,0.47673298503204947,4.193358364050155e-05,0.025725569982552286
0.010539904346523115,0.2600922298083694,0.11914946856186688,0.04026686513851751,0.037713737277455535,0.3758452505499908,0.3012621839011866,0.06173355388780757,0.07671761029474732,0.4185450817380445,5.629879915987861e-06,0.07500681736185992,0.0,0.05809546292946664,1.1746417152088072e-05,0.0,0.3175811408119073,0.31993304259135225,0.9999610582084623,0.9746427613652808,0.05684359507121017,0.01892461197345956,0.01565368800830597,0.00939094035880718,6.610696135189607e-05,0.1752796981751723,0.052520917419563495,6.610696135189607e-05,6.610696135189607e-05,0.6475012271365904,0.06273465146420512,0.5995311925301704,1.0,0.7926386652312658,0.5769033785623077,0.8432887676331141,0.09623113251733299,0.20407375437952668,0.0,1.746269623224364e-07,0.0348450322623888,0.5665202408587844,0.012592532901377311,0.010917256770150527,0.013635966576314454,0.9999338930386481,0.17397456628929045,0.16775803864030434,0.0022134883254209896,0.42656295561390045,0.9372597186558789,0.3254619901079698,0.0,0.1492658718392675,0.42308487502054026,0.1567112323668859,0.5861877266707598,0.4759932030291212,3.8941791537705327e-05,0.025357064007756877
0.01054101027091855,0.2600952480182717,0.11909433638302797,0.040232954908332744,0.03771033502356905,0.3763873567048724,0.3012118270280794,0.06181548306350636,0.07668984185464646,0.4185696069377469,5.452241951377336e-06,0.07508485859158176,0.0,0.05813912813210561,1.0880418049502716e-05,0.0,0.3181788152678754,0.3202974236222208,0.9999638432124955,0.975006500639388,0.056793891499145474,0.018892190988174247,0.015663363838219233,0.009382389591070281,6.610696135189607e-05,0.1754374942523137,0.052619323543524534,6.610696135189607e-05,6.610696135189607e-05,0.6474622475598562,0.06333011304780335,0.5997504758983403,1.0,0.7926802243974868,0.5771736868286433,0.8432020600054709,0.09667945998974345,0.2044411175993891,0.0,1.6870734654769763e-07,0.03486099941541517,0.568078779658151,0.012311041690491567,0.010923887823713185,0.013631266157728065,0.9999338930386481,0.17416697700790038,0.16785249045862685,0.0021904690592432375,0.42676479176449644,0.9366644347102453,0.32516466551007794,0.0,0.14918064747040763,0.42281543275330713,0.156797939994529,0.5851417247423811,0.47526145877839004,3.615678750445159e-05,0.024993330653265478
0.010542081965809564,0.26009841019520835,0.1190417423066429,0.040199729998991136,0.037707236428227424,0.3769182792103303,0.30115974204009904,0.06189595126032924,0.07666069826436255,0.41859304505743106,5.2821293167944685e-06,0.07516069868471878,0.0,0.058182469376889645,1.007805309857596e-05,0.0,0.31876630603971234,0.32065046612216525,0.9999664353992724,0.9753655800086144,0.05674209804240306,0.018859855993001256,0.01567326087064249,0.00937367638275928,6.610696135189607e-05,0.17558789740916136,0.0527162682401317,6.610696135189607e-05,6.610696135189607e-05,0.6474459246277617,0.0639285390545899,0.5999725518948152,1.0,0.7927248830778987,0.577448026311932,0.8431212877766358,0.09712953549769718,0.20481140173248677,0.0,1.6300366243986764e-07,0.034876756234070584,0.5696482074855025,0.012034333026619437,0.010930125933978286,0.013626867150909779,0.9999338930386481,0.1743493042915932,0.16794394259731843,0.0021692076486836956,0.426969831848265,0.9360661788160933,0.32486674942046606,0.0,0.14909264754521168,0.4225418956349694,0.15687871222336425,0.5841041584625905,0.474538132145348,3.3564600727546225e-05,0.024634256987723216
0.010543138121195556,0.26010242026589464,0.11899037091553255,0.040167256109805136,0.03770430789901453,0.37743761699385275,0.3011089775698682,0.06197500428510774,0.07663084212236687,0.41861490457560424,5.118955736375016e-06,0.0752340275244563,0.0,0.058225047849381505,9.334640587813044e-06,0.0,0.31934336474481795,0.3209920673653057,0.9999688475468038,0.9757200506988992,0.0566887685944669,0.01882773624118447,0.01568245335851687,0.009364790449819823,6.610696135189607e-05,0.17573222942356664,0.052813829183979595,6.610696135189607e-05,6.610696135189607e-05,0.6474459977218837,0.0645287199059348,0.6001963813572677,1.0,0.7927725928799824,0.5777233288926101,0.8430458354432885,0.0975817791724963,0.2051846894284653,0.0,1.5750890470882672e-07,0.034892338626509575,0.571228916860137,0.011753435215911733,0.010936426972939632,0.013622603375642134,0.9999338930386481,0.1745362216988478,0.16803521890107317,0.002149865461465748,0.42717757917687954,0.9354661611383288,0.324569591118276,0.0,0.1490023592706362,0.42226733646680203,0.1569541645567116,0.5830748560826858,0.4738232432062291,3.115245319615782e-05,0.024279791792196085
0.010544174691343533,0.2601070434660384,0.11894053397248545,0.040135523871033085,0.03770159352751526,0.3779472974616923,0.3010591561781899,0.06205267086269976,0.07660027476237329,0.418635219397938,4.962345716536722e-06,0.07530523021908844,0.0,0.05826688800535305,8.645928281898445e-06,0.0,0.31991055674614977,0.32132285642341224,0.999971091686959,0.9760699892942114,0.05663416940012644,0.018795885888681092,0.01569115413405695,0.009355719741966327,6.610696135189607e-05,0.17587151301160533,0.052910636374176194,6.610696135189607e-05,6.610696135189607e-05,0.6474592290729456,0.06513080650712935,0.6004213277583059,1.0,0.7928229757141049,0.5779984226863224,0.8429752212267648,0.0980361973586663,0.2055606889022592,0.0,1.522156520260847e-07,0.034907814567862565,0.572821760607669,0.01146831571424673,0.010942816569798237,0.013585165379683914,0.9999338930386481,0.17472301837143647,0.16812225079010906,0.0022748060476878913,0.42741880564020074,0.9348642311471541,0.3242734420226056,0.0,0.1489101362805421,0.42199293138539573,0.15702477877323517,0.582053245895184,0.47311645467432867,2.890831304104788e-05,0.023929858490136575
0.010544973165424546,0.2601135574903995,0.11888770333798925,0.040102714605465016,0.037710450851493396,0.37844820603043294,0.301004708609844,0.06213138447954068,0.07653463466852665,0.4186554579413031,4.8119735571074905e-06,0.07538459864786184,0.0,0.058315772937728126,8.007568414519303e-06,0.0,0.32048915067254763,0.3216531543967117,0.999973179110381,0.976414170011118,0.056577393697584986,0.018762751152345093,0.015699178398215604,0.00934650599508411,6.610696135189607e-05,0.17600039122148578,0.053001420792604025,6.610696135189607e-05,6.610696135189607e-05,0.6474788275225791,0.06573506605275094,0.6006409316519074,1.0,0.7928709045954948,0.5782664179514423,0.8429021049115255,0.09849159402835433,0.20593810873061766,0.0,1.4711645309584006e-07,0.03492326154028954,0.5744115486001211,0.011176497453323265,0.010949186040397182,0.013568007098658045,0.9999338930386481,0.1749150255812747,0.16821209338171086,0.002318430090150582,0.4276580271656027,0.934260121973692,0.32397446970023086,0.0,0.1488133224667771,0.42172557448014325,0.1570978950884745,0.581019255299098,0.47240873687267065,2.682088961899249e-05,0.023585682872428945
0.01054581181936157,0.260122679942266,0.11883895463690444,0.04007082451275348,0.03771538152618718,0.37892819479138584,0.30094555599826456,0.06220854403143906,0.07647830755885868,0.4186725159998327,4.66737964288111e-06,0.07546514805188938,0.0,0.05836613255196109,7.4159420013837015e-06,0.0,0.32106329120610944,0.3219734306618445,0.999975120087181,0.9767531245330864,0.05652018994184293,0.018729937717223973,0.015707127287331996,0.009337010192500834,6.610696135189607e-05,0.17612644756686188,0.05308872695889575,6.610696135189607e-05,6.610696135189607e-05,0.6475048100474546,0.06634078768214537,0.6008570881165531,1.0,0.7929181872909037,0.5785293097208487,0.8428285964586762,0.09894763660984812,0.20631789248703697,0.0,1.4220812047573252e-07,0.03493884414189211,0.5760176249193018,0.010879777018742072,0.010955573395309023,0.013557400986394052,0.9999338930386481,0.1751131653456528,0.1683010026171931,0.0023355673436525693,0.427893390139673,0.9336545449382118,0.3236777638315574,0.0,0.14871568015713524,0.42146327433715,0.15717140354132372,0.5799890721840424,0.47170867685111856,2.487991281893065e-05,0.02324673325879316
0.010546711083595303,0.2601326211751368,0.11879344639983414,0.04004004616469738,0.03771732127436536,0.3794015571006862,0.3008878788167126,0.06228445667811866,0.0764308677602716,0.4186868778861976,4.528315175987864e-06,0.07554460732869371,0.0,0.058415902474600684,6.867818038577891e-06,0.0,0.32162934684855526,0.3222834987802541,0.9999769247994386,0.9770875169960769,0.05646251898953814,0.018697526553065943,0.01571483936200734,0.009360691179014023,6.610696135189607e-05,0.1762536320651997,0.05317540623205187,6.610696135189607e-05,6.610696135189607e-05,0.6473509268372603,0.06694846501680521,0.601073104898997,1.0,0.7929667860209999,0.5787915448866179,0.842757705089169,0.09940480023334429,0.2067002333342237,0.0,1.374827957395388e-07,0.03495452442875865,0.5776411845841418,0.010577865756716362,0.010962092665441625,0.013549845370964488,0.9999338930386481,0.17531873199751477,0.16839055761201663,0.002340917794444103,0.42812613426503293,0.9330470066680189,0.3233822877723092,0.0,0.1486173115043994,0.42120158729534357,0.15724229491083097,0.5789658529181004,0.47101626788552214,2.3075200561385583e-05,0.022912345521127434
0.010547800771130308,0.2601444654562958,0.11875169000494021,0.04000735361176497,0.03771776944471448,0.37986849296716413,0.30082830848700903,0.06236550371782435,0.07639549415232103,0.4186986254749255,4.39473994719095e-06,0.0756070266282752,0.0,0.05846912415468704,6.356691547245849e-06,0.0,0.32218630871244913,0.3225884383179916,0.9999786025466916,0.9774176674283263,0.05641488246214475,0.018645923048645537,0.01572504046715054,0.009360452213260512,6.610696135189607e-05,0.17647450613099996,0.05324430333812587,6.610696135189607e-05,6.610696135189607e-05,0.6472958795817197,0.06755264017403242,0.6013062877624813,1.0,0.7929974353455328,0.5791013916981897,0.842698343934627,0.09985847388521883,0.20707112029271998,0.0,1.329394126414679e-07,0.034970343699179694,0.5792857773486847,0.010303029782000981,0.010964294302098195,0.013544113190829926,0.9999338930386481,0.17547932850443115,0.1684620539521749,0.0023488002928568103,0.4283590956104314,0.9324429650860204,0.3230866856092435,0.0,0.14853344049978018,0.42089225161026295,0.15730165606537305,0.5779552174023321,0.4703404413892885,2.1397453308377518e-05,0.022582199632261112
0.010548763040909459,0.26015766083890657,0.11870801872957495,0.03997669687224638,0.03771685592380519,0.38032403677590226,0.3007778326689322,0.062444951249294146,0.07635864132145193,0.41870912562915297,4.2658873449103384e-06,0.07566452218691261,0.0,0.058524943843967496,5.882592541973947e-06,0.0,0.3227329939175678,0.3228840718380832,0.9999801622309697,0.9777439076414868,0.056366069634084796,0.018602107820514108,0.015733704824346908,0.00935492759107223,6.610696135189607e-05,0.1766660061242266,0.05334172476346688,6.610696135189607e-05,6.610696135189607e-05,0.6472362601619761,0.06815374662277979,0.6015191446705044,1.0,0.7929948623303432,0.5793908791204171,0.8426022122115939,0.10031321109327203,0.20743807339074996,0.0,1.285635965679736e-07,0.03498363700418983,0.5809483229036645,0.010018442139487896,0.010968410400920394,0.013538802226381414,0.9999338930386481,0.1756509645953889,0.16853478669060187,0.002352343832450107,0.4285938763770763,0.9318419874898753,0.32281633314258307,0.0,0.1484801938256893,0.420603238287041,0.15739778778840605,0.5769537949891601,0.46967785477116697,1.9837769030220093e-05,0.022255963794916657
0.010549836338973549,0.26016870403764225,0.11866469991880847,0.039947223236658454,0.03771580830166251,0.3807893312561505,0.30073446094459677,0.06252217427727202,0.07632186086446954,0.4187188640662693,4.1416402683997126e-06,0.0757193551642419,0.0,0.058576259745648764,5.443443945074161e-06,0.0,0.3232705745460862,0.323169846637981,0.9999816117929722,0.9780663506088226,0.056316380503015545,0.018562571220495382,0.015741597483622676,0.009347866300198612,6.610696135189607e-05,0.17684270627308274,0.05344921374537597,6.610696135189607e-05,6.610696135189607e-05,0.6471826215357369,0.06875728442171403,0.6017314110247408,1.0,0.7929957222450275,0.5796712294493583,0.842496504010801,0.1007710772895541,0.20780861116627578,0.0,1.243485110202405e-07,0.03499720734394645,0.5826198065002591,0.009723789912122418,0.010973632618971491,0.01353405381943967,0.9999338930386481,0.1758359609757717,0.16861120712799055,0.002352222781401124,0.4288311256374614,0.9312385739380176,0.32254923381101724,0.0,0.14842801800932376,0.4203233271066967,0.15750349598919897,0.5759583481643598,0.4690215421957433,1.8388207027828014e-05,0.021933525042666366
0.010550894987757645,0.2601790958364994,0.11862218543780455,0.03991864509254978,0.037714716901457,0.38125236954209685,0.30069521014454004,0.06259725267172798,0.07628547509333503,0.4187278883639524,4.021820763750402e-06,0.07577257717350508,0.0,0.058622376916633245,5.036864494640397e-06,0.0,0.32379921338508805,0.32344637790278424,0.9999829585940413,0.9783849553772038,0.05626542689320945,0.018526181009837876,0.01574912085693799,0.00934016583356409,6.610696135189607e-05,0.17700805234365352,0.05355912681452828,6.610696135189607e-05,6.610696135189607e-05,0.6471382036840456,0.0693639105802488,0.6019471714855137,1.0,0.7930077065435824,0.5799476265783965,0.8423930112268401,0.10123138867286742,0.2081829641794825,0.0,1.2028709457385886e-07,0.0350109106187828,0.5843018355197958,0.009424081844005477,0.010979287559445479,0.013529780542905698,0.9999338930386481,0.17602696825165415,0.16868913529628005,0.0023502252090910427,0.4290703953637523,0.9306320675989875,0.3222802513409812,0.0,0.14836991653978437,0.42004733655710896,0.15760698877315998,0.5749693979420446,0.46837065791773325,1.704140595869647e-05,0.021614924335701644
0.010551924082234196,0.2601894748898835,0.11858045613561624,0.0398908796137813,0.03771361149026528,0.3816756961233222,0.3006587583211317,0.06267045488123575,0.07624926836066578,0.4187362231983223,3.906193080986571e-06,0.07582453793882518,0.0,0.05866385682510627,4.660513570732853e-06,0.0,0.32431895781302456,0.32371408585818884,0.9999842095978203,0.9786997270980671,0.05621319652442043,0.018492442146334408,0.01575625361329283,0.009332117761809892,6.610696135189607e-05,0.17716340289571267,0.05366866980008585,6.610696135189607e-05,6.610696135189607e-05,0.6471034214732722,0.06997313592909879,0.6021675262072514,1.0,0.7930317406717541,0.5802234223548955,0.8422976456980327,0.1016938490452744,0.20856117376098374,0.0,1.1637339621174405e-07,0.03502469041999523,0.585995816336674,0.009122668967480338,0.01098379364555227,0.013525889737781287,0.9999338930386481,0.17621907888426958,0.16877117762193242,0.0023474137467032015,0.4293122439483556,0.9300229578778202,0.32200793585392345,0.0,0.14830440250313964,0.4197719171315337,0.15770235430196727,0.573987193141701,0.46772474038082745,1.579040217970393e-05,0.021300156528536732
0.01055290561738045,0.26020014694032545,0.11853935873122787,0.03986397129684602,0.0377125190133524,0.3821200200803986,0.3006245314621166,0.06274168580236474,0.07621291491710949,0.418743594663783,3.794530315756679e-06,0.075875355815524,0.0,0.058701424734976346,4.312190898427973e-06,0.0,0.3248297951823847,0.32397326964075274,0.999985371379748,0.9790106831763615,0.05615976098682479,0.0184610733451553,0.015762876025604403,0.009323950206462784,6.610696135189607e-05,0.17731087695797293,0.05377665767024446,6.610696135189607e-05,6.610696135189607e-05,0.6470761839832823,0.0705842591234697,0.6023925976857258,1.0,0.7930669268553239,0.580502213726482,0.8422130149074204,0.10215835810264055,0.20894322179381353,0.0,1.1260194042415877e-07,0.03503849364016353,0.587702053592833,0.008819547768175687,0.010989387872758669,0.013522318745346127,0.9999338930386481,0.17641261120223367,0.1688486670582501,0.0023447575175854526,0.4295558835440531,0.9294119463462145,0.32173204649875015,0.0,0.1482316484096998,0.41949347408261956,0.1577869850925796,0.5730118467149748,0.46708350856543374,1.462862025203806e-05,0.020989204221698025
0.010553874137473997,0.2602110538733365,0.11849909013060111,0.03983772929221757,0.037711504733359553,0.3825601542106627,0.30059206554489587,0.06281159408222642,0.07617653133850467,0.4187500529587099,3.6865916435927154e-06,0.07592518525442851,0.0,0.05873587541192085,3.989834409000771e-06,0.0,0.3253319280494252,0.3242242238242831,0.9999864500585783,0.9793178891191724,0.05610526838652972,0.018431936265943822,0.01576900727843935,0.009315564681955268,6.610696135189607e-05,0.17745106871396463,0.05388220093553796,6.610696135189607e-05,6.610696135189607e-05,0.6470563771468195,0.07119673464868746,0.6026221371449599,1.0,0.7931122682575665,0.5807826348791902,0.8421408267499745,0.10262491736763507,0.20932911619676423,0.0,1.0896735193633566e-07,0.0350523389771819,0.589421409768677,0.008514712630806017,0.010995318213616701,0.013519012276947417,0.9999338930386481,0.1766077915900788,0.16892399012453177,0.002342724279667424,0.42980125607756703,0.9287995787596689,0.3214526776006116,0.0,0.1481518563305126,0.41921337528640085,0.15785917325002546,0.5720431545829398,0.4664466599789526,1.354994142167102e-05,0.0206820019134757
0.01055482431810332,0.2602222729068009,0.1184596263071282,0.03981209155780155,0.0377105838598088,0.3829929293785137,0.30056101069648905,0.0628803437645434,0.07613991447291474,0.41875564184901914,3.582166978682277e-06,0.07597419496038275,0.0,0.05876783910524576,3.691535249771545e-06,0.0,0.3258255226316562,0.32446716373893986,0.9999874513674212,0.9796213938808837,0.056049759865473954,0.018404897869184353,0.01577464556123316,0.009307010097857352,6.610696135189607e-05,0.17758447783488154,0.05398463274104641,6.610696135189607e-05,6.610696135189607e-05,0.6470435421039905,0.07181024122416696,0.602855867174263,1.0,0.7931668942032725,0.581065019251931,0.8420816130745774,0.10309351837570568,0.20971881657362737,0.0,1.0546445264889588e-07,0.035066228492856566,0.5911541644792312,0.008204851954607973,0.011001445787412243,0.013515910481170913,0.9999338930386481,0.17684305682319906,0.16899778586104508,0.0023419133596800385,0.43002564416212546,0.9281861766088544,0.3211699378653542,0.0,0.14806526669148173,0.41893128921281925,0.15791838692542265,0.5710809589926382,0.4658140196874328,1.25486325788644e-05,0.020378500654663723
0.010555739253344009,0.260233359655529,0.11841903020075091,0.03978707330622085,0.037710050790257875,0.3834147762629705,0.3005224269419917,0.0629485451284095,0.07610305441023861,0.41876297478115926,3.480959463940381e-06,0.07602209085794784,0.0,0.0587980755028673,3.4154868382641308e-06,0.0,0.3263066990830304,0.32469947820062806,0.9999883806094442,0.9799211367695675,0.05599381483376342,0.018380413379623105,0.015779786510506,0.009298382267977929,6.610696135189607e-05,0.17774617221260344,0.05407647138812652,6.610696135189607e-05,6.610696135189607e-05,0.6470215351880803,0.07242239942486228,0.6030942196782707,1.0,0.793230038466744,0.5813517393429849,0.8420379923008244,0.10356340362304241,0.21011145430804154,0.0,1.0208826144029266e-07,0.03508100732186239,0.5928964043534941,0.007887042418809347,0.011008161865538343,0.013513258991001975,0.9999338930386481,0.17701742246515825,0.16908294562807843,0.0023397612143556262,0.4302936375032346,0.9275741196156738,0.32088368946378154,0.0,0.14797188603038872,0.41864484517017686,0.15796200769917554,0.5701298972939272,0.4651890674913305,1.1619390555810218e-05,0.020078761142171078
0.01055655287416731,0.2602450214921449,0.11838509185011158,0.0397620847621186,0.037708969556922975,0.3838237639728787,0.30049638898125275,0.06301408399548816,0.07606566119130523,0.4187662026740257,3.3831405036786944e-06,0.07607057034569954,0.0,0.05882714859047893,3.160126498311869e-06,0.0,0.32678614553161606,0.32492911341369396,0.9999892429972785,0.9802175191051626,0.05593696499616769,0.01835664203359981,0.015785509508844525,0.00928963667785105,6.610696135189607e-05,0.17787432671020667,0.05417550146571879,6.610696135189607e-05,6.610696135189607e-05,0.6470064385006921,0.073038904572476,0.6033364204323597,1.0,0.793301054521188,0.5816409075674529,0.8420047418094506,0.1040359240583603,0.21050911747845952,0.0,9.883451675797294e-08,0.035093954843281476,0.5946597943473855,0.007573930794200691,0.01101393536730652,0.01351042265546294,0.9999338930386481,0.17721973065360863,0.16915345160698908,0.002340713861181651,0.4305501774230193,0.9269577122870203,0.3205930092219408,0.0,0.14787179688833307,0.4183559323060488,0.15799525819054944,0.5691779304100236,0.4645617691078465,1.0757002721448852e-05,0.01978238206032059
0.010557490752058734,0.26025755651062654,0.1183481325128672,0.03973836086276056,0.03770837121975997,0.3842356492142629,0.30047113625885086,0.06307911485661384,0.07602773120079374,0.4187684417450727,3.2883102086120826e-06,0.07611800644777639,0.0,0.058854709537273814,2.9238384452233523e-06,0.0,0.3272566080041804,0.32514980331268384,0.999990042986018,0.9805102195278593,0.05587972839041055,0.018334837573562895,0.01579011019784219,0.00928094450918837,6.610696135189607e-05,0.17794674315985978,0.05427099456366461,6.610696135189607e-05,6.610696135189607e-05,0.6470283557659418,0.07365646677513893,0.6035818744827715,1.0,0.7933780500424721,0.5819334207226794,0.8419818797669436,0.10451088366142745,0.210910473196439,0.0,9.56988810813591e-08,0.0351075196725759,0.5964362195756906,0.007273366410546259,0.011019951215276292,0.013507978952342143,0.9999338930386481,0.1774101423743293,0.16921478302264703,0.002342838728288827,0.4308023439259123,0.9263402449146525,0.3203001190694522,0.0,0.14776724042025408,0.4180636554388754,0.15801812023305642,0.5682325083343921,0.46393972349087714,9.957013981941203e-06,0.019489684773259606
0.010558404808458393,0.2602704500910286,0.11831028718158365,0.03971508232144104,0.03770795177285075,0.3846467839310218,0.3004455785184879,0.06314394252071369,0.07598972887036493,0.4187703198775203,3.1961740747108137e-06,0.07616441873863442,0.0,0.058880890299399816,2.705220692558257e-06,0.0,0.3277178076169782,0.3253625526357404,0.9999907849938554,0.9807994044949342,0.05581979742714078,0.018315430710099632,0.015793079805214737,0.00927187372930103,6.610696135189607e-05,0.17805219285444887,0.0543600504454298,6.610696135189607e-05,6.610696135189607e-05,0.64704556350578,0.0742719614305832,0.6038283072023786,1.0,0.7934620964068481,0.5822226824064108,0.841969959278061,0.10498716364418338,0.21131339470201,0.0,9.267486834026908e-08,0.035121890449415855,0.5982235837373332,0.00696943831577841,0.011026299905130868,0.013505652163723047,0.9999338930386481,0.1776092623464049,0.1692751140244678,0.0023460307356294426,0.43105102673318807,0.9257248423953421,0.320007274058987,0.0,0.1476570132937521,0.41777461237289654,0.15803004072193907,0.5672950287388385,0.4633240526622496,9.215006144568074e-06,0.019200502830197443
0.010559248234998793,0.2602834578518129,0.11827339570305818,0.039692143865575624,0.03770772022922026,0.38500484836740684,0.30041765420876165,0.0632080762305261,0.07595123954185251,0.4187727212104008,3.1066358224384553e-06,0.07621032146270194,0.0,0.0589061923105492,2.5029773792226716e-06,0.0,0.3281699690161715,0.3255674826389798,0.9999914731256645,0.9810851693332696,0.055761423335534806,0.018297694336117873,0.0157956532112397,0.00926274847420509,6.610696135189607e-05,0.17815769959811184,0.05444181080751694,6.610696135189607e-05,6.610696135189607e-05,0.6470552462055714,0.0748860811671761,0.6040785184702209,1.0,0.7935540538240766,0.5825152545539255,0.8419722560184024,0.10546523964721484,0.21171991841995622,0.0,8.97592820460279e-08,0.035136420989395886,0.6000221680231927,0.006661058189056461,0.011032893468133341,0.01350351346344328,0.9999338930386481,0.17781813936080645,0.1693365102765525,0.002349931323542646,0.43129719371923314,0.9251108121970014,0.3197111600670772,0.0,0.14753975386537416,0.4174822424686952,0.15802774398159758,0.5663647913366138,0.46271259894106403,8.526874335498471e-06,0.018914740907448324
0.010560004630166417,0.2602966622171936,0.11823746914653296,0.03966949724565788,0.037707595853242674,0.38538116788399956,0.30038697578328133,0.06327119987890449,0.07591239541065736,0.4187754816872642,3.0195930144056154e-06,0.0762560621596954,0.0,0.05893148768830438,2.315890289756971e-06,0.0,0.3286131559558598,0.32576506883086204,0.9999921111676701,0.9813675303497991,0.055694756667013484,0.01828152219373577,0.01579806303842501,0.009253634144313204,6.610696135189607e-05,0.1782653157047008,0.054517242851493695,6.610696135189607e-05,6.610696135189607e-05,0.647103431107595,0.07549867055194152,0.6043315021187518,1.0,0.7936514394577788,0.5828113276426152,0.8419868314698269,0.10594437841528057,0.21212892867323774,0.0,8.694765674066079e-08,0.035150998669822194,0.6018318652461387,0.006379198468005601,0.011039172057110906,0.013501794971765107,0.9999338930386481,0.17795333878930295,0.16938473782213212,0.002354367442303207,0.4315678241617419,0.9244983098550441,0.3194124357215528,0.0,0.14741707285391684,0.41718635646709507,0.15801316853017305,0.5654424656288597,0.4621060024959002,7.888832329975836e-06,0.018632382702544196
0.010560794272236896,0.2603112150357607,0.11820321299024338,0.03964722925731717,0.0377072354001318,0.38574366468630855,0.3003659256600106,0.06333291134988346,0.07587351685899464,0.418775746252387,2.9348301004181333e-06,0.07630060100847569,0.0,0.058955368345154795,2.1428011945725074e-06,0.0,0.3290498488029848,0.325956343988977,0.9999927026967481,0.9816466918703912,0.055636174178714616,0.018265301235524813,0.015798851371853318,0.00924422533121314,6.610696135189607e-05,0.17835498013426618,0.05459680837551184,6.610696135189607e-05,6.610696135189607e-05,0.6471238103119491,0.07611046189030643,0.6045874194927753,1.0,0.793757625197868,0.5831058946053965,0.8420133415607537,0.10642708560668651,0.21254382285686096,0.0,8.42383560260315e-08,0.03516502796088833,0.603656030062671,0.0060919017366846285,0.011045245630384637,0.013499804778372168,0.9999338930386481,0.17811678217984195,0.16942533953740183,0.002361547051737096,0.4318324158637486,0.9238866032795932,0.31911197949874903,0.0,0.14728700645697723,0.4168919625934089,0.1579866584392463,0.5645230655903287,0.46149983315416204,7.297303251903061e-06,0.01835322389125272
0.010561569758377111,0.2603260173814416,0.11816790699245822,0.039625786189534745,0.037707229118527225,0.386110600759721,0.30034378563024705,0.06339398189517902,0.0758339514649817,0.4187757857906744,2.852275698592437e-06,0.0763451737727487,0.0,0.05897983757163659,1.9827019807636774e-06,0.0,0.3294781022445818,0.3261408923257014,0.9999932509621213,0.9819225549570668,0.0555749591020389,0.018250153634590153,0.015799202819739903,0.009235053351574776,6.610696135189607e-05,0.17845449008455352,0.05467263930699015,6.610696135189607e-05,6.610696135189607e-05,0.6471486671189174,0.07672028070738293,0.6048426890415948,1.0,0.7938641633490596,0.5834016120049236,0.8420457671855441,0.10691089245018828,0.2129595629007802,0.0,8.162485959099435e-08,0.03517896650822826,0.6054870754466282,0.00579718222929471,0.011051659475991793,0.013497920728838183,0.9999338930386481,0.1782971374824428,0.16946734051904286,0.0023697209256253,0.4320945256023201,0.9232768670169185,0.31881213718565643,0.0,0.1471559990793038,0.4165964052930957,0.15795423281445586,0.5636110053052299,0.4608995447735184,6.749037878662467e-06,0.01807736341807366
0.010562328792427047,0.26034110412061734,0.11813333672301302,0.03960471765199585,0.037707440776266477,0.3864658406151844,0.30031806891765334,0.06345438828732823,0.07579385449655933,0.4187760859710032,2.771845224882188e-06,0.07638949169488589,0.0,0.05900451386188442,1.8346056651428528e-06,0.0,0.3298973177877046,0.32631806412445963,0.9999937590484359,0.9821951788248101,0.05551333338696475,0.018235972345598497,0.015799412372293643,0.009225883044660745,6.610696135189607e-05,0.17855134099979467,0.05474278292779289,6.610696135189607e-05,6.610696135189607e-05,0.647179276455541,0.0773283861357187,0.6050989019456305,1.0,0.7939731339137817,0.5836992922562156,0.8420860171434745,0.10739542308494125,0.21337658936700368,0.0,7.910424146383973e-08,0.035192988734488236,0.6073229676890082,0.005502673845765066,0.011058105935172743,0.013496211819870834,0.9999338930386481,0.17847965902819,0.1695080486889638,0.002378781440691945,0.43235597979913787,0.9226688420190564,0.31851160635948367,0.0,0.14702235222433396,0.41629887313811925,0.15791398285652547,0.5627072591273541,0.46030534650853666,6.240951564136979e-06,0.01780474207094848
0.010563047335910852,0.26035666183142353,0.11809972216619344,0.0395839792481211,0.03770776049734221,0.38680632709436014,0.3002894343199763,0.06351391558412936,0.07575341610403846,0.4187765348851589,2.693428523410026e-06,0.07643343610320923,0.0,0.05902937714145338,1.6976080373812604e-06,0.0,0.33030722355047404,0.32648792491978185,0.9999942298239549,0.9824646195261807,0.05545138824748722,0.018222868659156743,0.01579925280555476,0.009216691180620325,6.610696135189607e-05,0.17864397231647391,0.0548080875921863,6.610696135189607e-05,6.610696135189607e-05,0.6472149457407684,0.07793377698905066,0.6053554966702022,1.0,0.7940846254394306,0.583997437275199,0.8421337009182692,0.10788004595964741,0.21379434148685902,0.0,7.667304979171186e-08,0.03520700329684674,0.6091650858838671,0.005207759989240228,0.011064580826781701,0.013494632981390526,0.9999338930386481,0.17866393994311855,0.1695473484279433,0.0023888463562262404,0.4326166717235112,0.9220635295824259,0.31821106722658865,0.0,0.14688599741911604,0.41600086511676354,0.15786629908173075,0.5618127304898786,0.4597177335933592,5.770176045110982e-06,0.017535303800769467
0.010563730963576858,0.260372542755901,0.11806720334111231,0.039563617372157994,0.03770817237246186,0.38713661018746576,0.3002586440303184,0.06357242179167287,0.07571269460167121,0.4187770148587023,2.6169443167097083e-06,0.07647701218660775,0.0,0.059054420182968366,1.5708776468012011e-06,0.0,0.330707948679416,0.3266507311109615,0.9999946659580004,0.9827309262505121,0.05538857182272927,0.018210864929505313,0.015798683619210604,0.009207480470020912,6.610696135189607e-05,0.178732087269753,0.05486895088904657,6.610696135189607e-05,6.610696135189607e-05,0.6472581340084731,0.07853614188232434,0.6056123702899949,1.0,0.7941988241994686,0.5842955601636023,0.8421886020295916,0.10836441935387174,0.21421255113889423,0.0,7.432794960999468e-08,0.03522103721258097,0.6110473355493785,0.004911079688883706,0.011071181481874687,0.01349326780249376,0.9999338930386481,0.1788087684443183,0.16958707682024673,0.002399017323320077,0.432895487172392,0.9214612411733589,0.3179106175233973,0.0,0.14674675561756298,0.4157028689587508,0.15781139797040847,0.5609276319667122,0.45913671775014436,5.334041999620937e-06,0.017268999421538336
0.010564442464387125,0.2603879398861824,0.118038237618652,0.03954361248260094,0.03770837281994566,0.3874685140669922,0.300238685717419,0.06362936400806468,0.07567169287572982,0.41877478383357253,2.542465701668399e-06,0.07652075009417487,0.0,0.05907924363533781,1.453668243253766e-06,0.0,0.3311064016898275,0.32681067478105974,0.9999950699709524,0.9829942815289936,0.05532549825906254,0.018198867684640827,0.015797818741549875,0.009198171564811017,6.610696135189607e-05,0.1788137263202736,0.05493521924182451,6.610696135189607e-05,6.610696135189607e-05,0.6472983560408735,0.07914173671518213,0.6058719071620936,1.0,0.7943170629619597,0.5845946897790023,0.8422482969709384,0.10885155980497285,0.2146340911129089,0.0,7.206587234082948e-08,0.03523458148563531,0.6129358480544649,0.004618321279593166,0.01107733391935968,0.013491779749037442,0.9999338930386481,0.17896538845949922,0.16961790966693813,0.002410849364879234,0.43317508325850407,0.9208557208191162,0.3176073427437314,0.0,0.1466036934027025,0.41540385655275447,0.1577517030290616,0.5600420385051996,0.4585552341060314,4.9300290475210195e-06,0.01700564640513411
0.010565194160176384,0.2604045417093339,0.1180074954869084,0.039524421850172076,0.037708866377873185,0.387795093237924,0.3002204166246969,0.06368682699554232,0.07563035161642155,0.41877136084068184,2.4698184648523097e-06,0.07656404838414063,0.0,0.05910375049336895,1.3452484763775672e-06,0.0,0.3314977246203121,0.3269641597808345,0.9999954440983193,0.9832545072069948,0.05526210016174439,0.018187765865671862,0.015796109497946745,0.009188929050880888,6.610696135189607e-05,0.1788619721645821,0.05500001583213994,6.610696135189607e-05,6.610696135189607e-05,0.6473606257567553,0.0797470423077941,0.6061315034891904,1.0,0.7944370414806523,0.5848939263253359,0.8423119648531951,0.10934003992294156,0.21505702447724614,0.0,6.988368919799505e-08,0.03524811644167928,0.6148191388417581,0.004340408752104474,0.011083379897228931,0.013490466174895606,0.9999338930386481,0.17910264934510234,0.16963761665036609,0.002424085018032823,0.43346139722373184,0.9202504878737411,0.31730444812666886,0.0,0.14645920802597875,0.4151047284261878,0.1576880351468049,0.5591622354567465,0.4579788157419194,4.555901680661326e-06,0.016745422909316063
0.01056593374835189,0.2604224947415703,0.11797621981282047,0.03950551175444226,0.03770947786839247,0.3881152497200216,0.3002023481383744,0.06374331658239031,0.07558875763888825,0.41876712648150566,2.3988438282571244e-06,0.07660670973549774,0.0,0.059127701486501226,1.2449573661348257e-06,0.0,0.3318808267178178,0.32711132189692205,0.9999957905032925,0.9835116954882005,0.055230675239781625,0.01817823460631041,0.015793350224004164,0.009179643199783498,6.610696135189607e-05,0.17892133971602908,0.0550613480823226,6.610696135189607e-05,6.610696135189607e-05,0.6472529688842992,0.08034833610001536,0.606388635056564,1.0,0.7945592893079104,0.5851878681699784,0.8423798886838522,0.10982803910251367,0.2154792504185461,0.0,6.777761436855936e-08,0.035261674298320354,0.6167339199991946,0.004060261152945712,0.011089574035264638,0.013489152380513396,0.9999338930386481,0.17927319865937547,0.16964951119550847,0.0024393927625379584,0.43371909513107254,0.9196492650561564,0.3170046552079382,0.0,0.1463130092055884,0.4148108868726556,0.15762011131614784,0.5582911341796686,0.4574094276845319,4.2094967075396855e-06,0.016488236734185112
0.01056650382949042,0.26043786735107655,0.11794365398015456,0.03948700071222673,0.03771031148349268,0.38845787363380774,0.3001774618710718,0.06379941532858101,0.07554723615043668,0.41876575251244763,2.3295713674835555e-06,0.07665159949931201,0.0,0.05915535901824307,1.1522290796891622e-06,0.0,0.3322570112225768,0.3272561363081595,0.9999961111840424,0.9837658640206521,0.0551785665657781,0.018170756180391653,0.015792180986558543,0.009171879464516648,6.610696135189607e-05,0.17904701643790405,0.0551205296664231,6.610696135189607e-05,6.610696135189607e-05,0.6471792269345125,0.08094318171212066,0.6066449750426767,1.0,0.7946712432119459,0.5854946671705533,0.8424456539865854,0.11031180451932916,0.21589390075864404,0.0,6.573829628764134e-08,0.03527472546901391,0.6186293536482036,0.0038015798442892277,0.011095837041007745,0.013488241030031501,0.9999338930386481,0.17939545715573646,0.16965692595769544,0.0024544870198252985,0.43399347788252535,0.9190544887165119,0.3167034254580113,0.0,0.14617339776981092,0.41450418060036703,0.15755434601341453,0.557431184258094,0.4568499629331965,3.8888159576095055e-06,0.016234070241051564
0.010567137563594915,0.2604545334359199,0.11791176702621506,0.039468349779440436,0.037710917950995765,0.38876068130542907,0.3001536574408055,0.06385464727960603,0.07550616350139343,0.41876495668762004,2.261812096928309e-06,0.07669486114687565,0.0,0.05918211674445508,1.0664116050008448e-06,0.0,0.3326239573793119,0.32739402096907194,0.9999964079996402,0.9840171075786792,0.05512329957753937,0.018163868043059774,0.01579019640533372,0.009164212851107214,6.610696135189607e-05,0.17916075678028556,0.055183798498468536,6.610696135189607e-05,6.610696135189607e-05,0.6471319477373697,0.08153255792159537,0.6069057282952364,1.0,0.794788660568492,0.5858070287677615,0.8425204997365077,0.11079494641834446,0.21631012352324927,0.0,6.376899181399207e-08,0.03528732649394053,0.620527121949696,0.0035398246737513256,0.011101726636648733,0.013487173474504004,0.9999338930386481,0.17951513193311103,0.1696617536609932,0.002471560395017332,0.43427536476158324,0.9184651802663077,0.31639941055788795,0.0,0.14602922268705296,0.41419190482063356,0.1574795002634923,0.5565810962023436,0.45629585550767887,3.5920003598616165e-06,0.015982828652329018
0.010567786325965714,0.26047165446202214,0.11788105367161571,0.039450091779574675,0.037711537055489346,0.3890536279014173,0.3001307722101094,0.06390887976413905,0.07546458762975944,0.4187637850088527,2.195572303909734e-06,0.07673684880913062,0.0,0.05920806853442967,9.869936373472631e-07,0.0,0.33298293355670455,0.327525655869365,0.9999966826942568,0.9842654823396308,0.05506642776934902,0.018157653426778633,0.015787495194002212,0.00915644717482384,6.610696135189607e-05,0.17926393836129692,0.055248304639068074,6.610696135189607e-05,6.610696135189607e-05,0.647104797169314,0.08211854856941715,0.6071678278868367,1.0,0.7949106103155892,0.5861193922211112,0.8426024586934143,0.11127750447662832,0.21672719753410938,0.0,6.1867800712755e-08,0.03529958643858947,0.6224298825467061,0.0032815632050069796,0.011107423913218515,0.01348611226916805,0.9999338930386481,0.17962589085276184,0.16966102146816642,0.002489967747026592,0.43456223853229026,0.9178792558582789,0.31609532330403284,0.0,0.14588132114998123,0.4138796207852514,0.1573975413065857,0.5557395619666671,0.45574714659652565,3.3173057431692793e-06,0.015734455792568533
0.010568452932261403,0.26048926427011543,0.11785119623044216,0.03943233882720692,0.037712241659527024,0.3893404862575699,0.3001092519347164,0.06396217276827725,0.07542261382138107,0.41876180007037894,2.1308153826905005e-06,0.0767777407207511,0.0,0.0592332098586532,9.135028256764136e-07,0.0,0.33333423436247345,0.3276511957462326,0.9999969368740176,0.9845110043868248,0.05500844658226724,0.01815216267225618,0.015783974401694798,0.00914855491073302,6.610696135189607e-05,0.17935846749452908,0.05531290355089755,6.610696135189607e-05,6.610696135189607e-05,0.6470936444696527,0.0827016024612481,0.6074300902457266,1.0,0.7950364557166295,0.5864299103638481,0.8426906641290407,0.11175949303063856,0.2171446657543994,0.0,6.003238843496558e-08,0.035311598211795005,0.6243386916951281,0.0030389533427614625,0.011112891479924107,0.013485171040120059,0.9999338930386481,0.17971127150609997,0.1696482738897482,0.0025095957808951787,0.43485356146778004,0.9172962667233692,0.3157921690335224,0.0,0.14573033442471722,0.4135691761333262,0.15730933587095933,0.554906272606888,0.455204138499368,3.0631259824294923e-06,0.015488935580786786
0.01056914471400037,0.26050755140816795,0.11782153993010003,0.03941511095273843,0.03771302656328872,0.3896206976838362,0.3000901488064461,0.06401469945975867,0.07538056107343659,0.41875889076064476,2.06746389492794e-06,0.07681745068978954,0.0,0.05925742555854427,8.4549855537249e-07,0.0,0.3336775793033961,0.3277705371947348,0.9999971720287979,0.9847536995709919,0.05494960699502344,0.01814743254285397,0.015779298588547343,0.009140571945603505,6.610696135189607e-05,0.17944536227223443,0.055377975444462595,6.610696135189607e-05,6.610696135189607e-05,0.647095320447007,0.08328102917388949,0.60769209492018,1.0,0.7951658986220784,0.5867378659694259,0.8427848734568241,0.11224117549760092,0.2175624924284196,0.0,5.826035691702887e-08,0.03532340081988902,0.6262530023425322,0.0027941965177187113,0.011118471583433253,0.013484163771840547,0.9999338930386481,0.17979833747482735,0.16963233356273752,0.0025303986823282947,0.43514793371442123,0.9167169033622156,0.3154904543900306,0.0,0.14557667581937725,0.4132612885320187,0.15721512654317596,0.5540812451990029,0.4546669703768456,2.827971202074228e-06,0.015246242168651258
0.010569848175790911,0.2605262298476327,0.11779281124783851,0.03939836349938181,0.03771395948477492,0.3898957066486355,0.3000718574577361,0.06406645422239621,0.07533818965923514,0.41875514848806494,2.0055163824484045e-06,0.07685646018621066,0.0,0.05928095858565736,7.825781129207631e-07,0.0,0.334013512708908,0.32788417091949834,0.9999973895478957,0.9849935882654189,0.054890044564149774,0.01814345734923262,0.01577402945598825,0.009132741617012989,6.610696135189607e-05,0.1794920752261448,0.05544084415251967,6.610696135189607e-05,6.610696135189607e-05,0.6471267216410059,0.08385770202648926,0.607953547779537,1.0,0.7952983770368869,0.5870434793884478,0.842884738213067,0.11272219733914,0.21798017065107916,0.0,5.654929735015315e-08,0.03533506570116568,0.6281740428252047,0.002557113049732763,0.01112397921215992,0.013483249652002293,0.9999338930386481,0.17987297759823392,0.16960917251201588,0.0025520620853868065,0.43544505019266894,0.9161402924571282,0.3151899920342523,0.0,0.14542066437745588,0.4129557380334393,0.157115261786933,0.553264289951952,0.45413565842942255,2.6104521042767995e-06,0.015006355185283662
0.010570568339171112,0.26054533114986417,0.11776454822680194,0.03938203875159889,0.03771498620676247,0.3901708239958784,0.3000550331625006,0.06411762990189007,0.07529582317218861,0.4187503692185767,1.9449256846522893e-06,0.07689465288156173,0.0,0.059303724328440444,7.243615983346353e-07,0.0,0.33434216936361777,0.3279925763229298,0.9999975907182912,0.9852306884900296,0.05482864886290153,0.018140574442317068,0.015767708456987068,0.009124820294705946,6.610696135189607e-05,0.17955196935549847,0.05550025524379351,6.610696135189607e-05,6.610696135189607e-05,0.6471617057340079,0.08443099394991457,0.6082131757993925,1.0,0.7954339017759627,0.5873434310055841,0.8429894874733381,0.11320197785058121,0.2183965651642883,0.0,5.4896471134871976e-08,0.03534697729563629,0.6301013659906549,0.002339988414398208,0.011129281944501418,0.013482475850924859,0.9999338930386481,0.17991741079554777,0.16957195448973678,0.0025747913109944037,0.4357453289326564,0.9155670611244008,0.31489217131904573,0.0,0.1452623738955968,0.41265584463281757,0.15701051252666193,0.5524558527858011,0.45361085851278204,2.4092817087612083e-06,0.014769256613499293
0.01057129731015952,0.2605651005873101,0.11773634169198373,0.03936615669760809,0.037716093521960765,0.39043353958424215,0.3000405265844049,0.06416842332183904,0.0752536192819818,0.4187448576744415,1.8856262334826743e-06,0.07693177219495226,0.0,0.0593255824222181,6.704953102664945e-07,0.0,0.334663080993209,0.3280953133730274,0.9999977767370583,0.9854650386587769,0.05476693915821723,0.01813846638524018,0.015760341291700862,0.009115505561248245,6.610696135189607e-05,0.17960782715249268,0.05555784911241888,6.610696135189607e-05,6.610696135189607e-05,0.6472098553465906,0.08500036167101509,0.6084728172678538,1.0,0.7955731055321321,0.587641477930545,0.8431009567219842,0.11368138236097923,0.21881331863374834,0.0,5.330009994040148e-08,0.03535876411091348,0.63203390846015,0.0021252705869784392,0.01113468679636574,0.013481654952429246,0.9999338930386481,0.1799580898800009,0.16952935256600332,0.002598673529044424,0.43604843330192533,0.9149977527027514,0.31459541053719386,0.0,0.14510131204564986,0.41235785157414484,0.15689904327801585,0.5516555366458117,0.4530913679932243,2.22326294179722e-06,0.014534908041123245
0.010572019568175795,0.26058521442832955,0.11770864325825339,0.03935076927546228,0.0377173235300367,0.3906893115013203,0.3000269615334278,0.06421840270435844,0.0752109542478568,0.4187388419224889,1.8276081957156309e-06,0.07696884951752311,0.0,0.05934668950998706,6.206713455359032e-07,0.0,0.33497653205842426,0.32819249374310633,0.9999979487173265,0.9856966593625344,0.05470449053614026,0.018137110112099265,0.01575232117649864,0.009107214601490476,6.610696135189607e-05,0.17965750826056076,0.05561169304724041,6.610696135189607e-05,6.610696135189607e-05,0.6472629954396777,0.08556667732387356,0.6087313743217673,1.0,0.7957157709285239,0.5879360304445309,0.8432181146556075,0.11416028595895122,0.2192305395937939,0.0,5.1757915948152987e-08,0.03537041972375571,0.6339584705961805,0.0019193787254996335,0.011140163248536998,0.013480868448730081,0.9999338930386481,0.17998672589208836,0.16947959116886077,0.002623205263547143,0.4363580084048718,0.9144314950679308,0.3142997761607097,0.0,0.1449375395614892,0.41206334888412355,0.15678188534439247,0.5508631819826245,0.4525769666630998,2.0512826734670797e-06,0.014303288879549717
0.010572734604319393,0.26060629330740875,0.11768145857137663,0.039335686574388504,0.03771865566147325,0.3909354753465474,0.3000131112565957,0.06426772303951073,0.0751683887515008,0.41873216051346546,1.7708365826338805e-06,0.0770053158380041,0.0,0.059367383715942156,5.745738292165313e-07,0.0,0.33528180084393433,0.3282841261135398,0.9999981076892441,0.9859255610509124,0.05464184641729236,0.018136741446603422,0.015743722681277883,0.009098732585869691,6.610696135189607e-05,0.17970174070757783,0.05566142333121609,6.610696135189607e-05,6.610696135189607e-05,0.6473216920325356,0.08612827469795423,0.6089882574351687,1.0,0.7958603136957683,0.5882276928840983,0.8433409405712712,0.11463743424584973,0.2196466626713622,0.0,5.026798300351679e-08,0.03538180939723847,0.6359059103642833,0.001725025125540845,0.01114543273550796,0.013480181156381381,0.9999338930386481,0.17999572641481953,0.1694188406938084,0.002649098268591449,0.4366659506362354,0.9138699544654632,0.31400642672682716,0.0,0.14477230258828952,0.4117717325420726,0.15665905942872882,0.550080764910216,0.4520692112150981,1.89231075590307e-06,0.014074388681104574
