0_primarytoI_spread,0_primarytoII_spread,0_primarytoIII_spread,0_primarytoIV_spread,0_primarytoV_spread,0_ItoII_spread,0_IItoIII_spread,0_IIItoIV_spread,0_IVtoV_spread,0_late_p,0_C01_coef,0_C02_coef,0_C03_coef,0_C04_coef,0_C05_coef,0_C06_coef,0_C09_coef,0_C10_coef,0_C12_coef,0_C13_coef,1_primarytoI_spread,1_primarytoII_spread,1_primarytoIII_spread,1_primarytoIV_spread,1_primarytoV_spread,1_ItoII_spread,1_IItoIII_spread,1_IIItoIV_spread,1_IVtoV_spread,1_late_p,1_C01_coef,1_C02_coef,1_C03_coef,1_C04_coef,1_C05_coef,1_C06_coef,1_C09_coef,1_C10_coef,1_C12_coef,1_C13_coef,2_primarytoI_spread,2_primarytoII_spread,2_primarytoIII_spread,2_primarytoIV_spread,2_primarytoV_spread,2_ItoII_spread,2_IItoIII_spread,2_IIItoIV_spread,2_IVtoV_spread,2_late_p,2_C01_coef,2_C02_coef,2_C03_coef,2_C04_coef,2_C05_coef,2_C06_coef,2_C09_coef,2_C10_coef,2_C12_coef,2_C13_coef
0.0118102081675846,0.2784464761398137,0.1444373474669277,0.0483813914232234,0.0307482719206351,0.6015752592480916,0.2903784394460733,0.0756342208215767,0.0947097509597804,0.3754715490762129,0.0214957528496167,0.0887944239893887,0.0,0.0410090698794926,0.0160619372492994,0.0,0.0742488203890501,0.2667762374993156,0.9812498922023803,0.9452832481257328,0.0567875897548928,0.0262502447246093,0.0141760855868806,0.0039934324936456,6.610696135189607e-05,0.1712576914796263,0.0457187880598585,0.0106585208716444,6.610696135189607e-05,0.6899080474817846,0.012907330534711,0.6338408284099508,1.0,0.8652883841919718,0.5364857621715323,0.943155466041164,0.069516967567288,0.2164952009817725,0.0,3.1420870619601567e-06,0.0311076897436249,0.451259837980083,0.0626234053061575,0.0091456301983797,0.0193131417668823,0.999964756120144,0.1130829639932669,0.175134786241201,0.1592351269911304,0.3957348752869282,0.9655969166156724,0.2773647476006604,0.0,0.0937025459285355,0.4474523005791683,0.0568445339588359,0.8562342120436619,0.5167285615189118,0.0187501077976195,0.0547136097872053
0.015409452574865926,0.2968545443494388,0.186536017393307,0.047199853027165506,0.03688900168253744,0.06790123072677517,0.1882731683744127,0.04777233438039457,0.09568879599863296,0.33456619785117847,0.022490487759685755,0.08820492317077816,0.0,0.030143409058634454,0.015102508137010397,0.0,0.07745807290885023,0.2781819615392469,0.9803725369363725,0.9467316291142174,0.06209096400919995,0.026681394165761527,0.014582577989589956,0.005140128886685757,6.610696135189607e-05,0.2130961033986304,0.07614508731582835,0.0019920409285480653,6.610696135189607e-05,0.6360617706461369,0.011618178746703631,0.6474567808771489,1.0,0.8855056236758928,0.5297706739703102,0.9337012480078749,0.06430821395208809,0.22061655716398035,0.0,2.90293573319371e-06,0.03313339283834871,0.4585386261444325,0.07709641925575969,0.010319292188174213,0.020110814709575875,0.9999338930386481,0.11988718808845059,0.1685782423552256,0.21815837075048802,0.39245957385608277,0.9658913334936106,0.264338295952073,0.0,0.08435096726547273,0.4551268178926794,0.06629875199212512,0.8582337131390617,0.5012014812967729,0.019627463063627545,0.05326546795004948
0.015523210764435002,0.29984976969032545,0.1855599100882357,0.0448176706825786,0.03754348441803028,0.0007491252560853326,0.17347567552593632,0.04868902417778849,0.08647686270861743,0.33065169077016504,0.023813524608238202,0.08548005578100096,0.0,0.02314124012908054,0.012311028590452255,0.0,0.07701956929526273,0.2839408757189045,0.9798132564676876,0.9488378269442282,0.0640158843246759,0.027410363017529808,0.013888598612497877,0.005668387837208072,6.610696135189607e-05,0.23313477378330752,0.09258770870060544,6.610696135189607e-05,6.610696135189607e-05,0.6113368377811963,0.010201697924483676,0.660754744638679,1.0,0.8997029083491445,0.5370772498107863,0.9251996705870642,0.06227410427796082,0.2260401712710658,0.0,2.797091185812675e-06,0.03270787429645017,0.46046174330689704,0.07833387493046573,0.01058076529740566,0.019949247376555866,0.9999338930386481,0.12183508158118296,0.1747127560921913,0.2304315150544371,0.39415830566842086,0.9659847774672782,0.25376519958032007,0.0,0.07715585152177502,0.4506117215987614,0.0748003294129358,0.8607063264267765,0.49001895301002973,0.02018674353231237,0.051159375964585974
0.0155135920838428,0.3011633182791706,0.18609804468123983,0.04416564774023349,0.037667349693119266,6.6106961351896e-05,0.1679113958533552,0.048777817636847264,0.08341060616772875,0.3295462175725354,0.025383774249736517,0.08375538005048339,0.0,0.018540843448701574,0.00980717169137297,0.0,0.07640315604392364,0.29012122779297456,0.9793444933648103,0.9513501161479546,0.0655769103099227,0.028238754817855153,0.013905702284770748,0.005940219828109432,6.610696135189607e-05,0.24643092585665322,0.10288306463477263,6.610696135189607e-05,6.610696135189607e-05,0.5934868946774586,0.009029398164881861,0.6698818854936248,1.0,0.9092795605446533,0.5456150084693355,0.9183764942044227,0.061254438807505876,0.22990233400160032,0.0,2.6884022344142226e-06,0.03241771223849134,0.4606164434560722,0.07776059894698584,0.010398972522574131,0.019829799520989098,0.999962603759038,0.12343052646383854,0.17805412375912216,0.23579466565160745,0.3955828667482286,0.9655868275853816,0.24636273445589188,0.0,0.07217959600664516,0.44457781983929145,0.08162350579557735,0.8623424051485705,0.4799764382054251,0.02065550663518962,0.048647195449811054
0.01549271390866416,0.30191697677892004,0.18753829840470077,0.04401079726790583,0.03785104092427937,6.610696135189607e-05,0.1638760790039533,0.048665716293967085,0.08226960788195412,0.32875557589720994,0.027215452070881475,0.08264856696676079,0.0,0.015183843460186005,0.007777952733004856,0.0,0.07582920887880068,0.29625205733893584,0.9789132995638018,0.9538303955563342,0.06623515561795768,0.02894407585948414,0.014122068235905406,0.006096752566523505,6.610696135189607e-05,0.25229206582462477,0.10797313721591453,6.610696135189607e-05,6.610696135189607e-05,0.5849425900262064,0.008068717427535376,0.6764305587843747,1.0,0.916071918159949,0.553042842031183,0.9134346995478921,0.06060135695374826,0.23256868262563882,0.0,2.5864218895791507e-06,0.03215056572638153,0.460154768900824,0.07672554715899534,0.010263654548216938,0.019786303961818193,0.9999491970615774,0.12488367621594108,0.17997695275500009,0.23807932234734802,0.39656609088546607,0.9647158305015832,0.24092087424886455,0.0,0.06874423837986504,0.43917920523581216,0.08656530045210792,0.863569434167451,0.4711792600354254,0.021086700436198227,0.046167018021776245
0.015502700435287639,0.30272045195302505,0.1889071734150308,0.044008212036974595,0.03795510229706315,6.610696135189607e-05,0.160998350842144,0.0484832363876209,0.08199927663305412,0.327991449963366,0.029278160796692203,0.08187306495188441,0.0,0.01257906036632207,0.006160938717923146,0.0,0.07529481414750701,0.30198115560684036,0.9784865819448898,0.956141048533036,0.06691371320930437,0.029621054427422595,0.014276858063994518,0.006217380169610721,6.610696135189607e-05,0.25714984639744154,0.1116443311544526,6.610696135189607e-05,6.610696135189607e-05,0.5776797984179699,0.007270780612911567,0.6813096716867587,1.0,0.9211081900068172,0.558602701805816,0.9101586505649243,0.06010235857140261,0.23448154492428117,0.0,2.4949693302570933e-06,0.03199110439744986,0.45976238159446053,0.07568774924456462,0.010147847858234468,0.019768406929765385,0.9999448099833557,0.12629764398633153,0.1814323053643564,0.23928447013486434,0.3972338026670994,0.9634510585903963,0.2368172633613569,0.0,0.0663127496268607,0.4352363594762609,0.0898413494350757,0.8646028272810904,0.46353729946887845,0.021513418055110235,0.04385645649763367
0.015524617809708504,0.30348118452418077,0.19007901115195336,0.04405676279347179,0.03800497635419597,6.610696135189607e-05,0.15887155490985638,0.048271954583494765,0.08206670190802565,0.32727232137672535,0.03157240904684715,0.08135708106342102,0.0,0.010510421752209512,0.004876988462316737,0.0,0.07480705779407978,0.3073534083700919,0.9780671853168589,0.958285643486313,0.06744008854979493,0.03023439649230072,0.01440103350263215,0.006292054131306358,6.610696135189607e-05,0.2610460644090109,0.1143383525417107,6.610696135189607e-05,6.610696135189607e-05,0.5719343503639487,0.006582452033017062,0.685056516201814,1.0,0.9249285766977683,0.5628504664340344,0.9081907211157183,0.059688323142712545,0.23581560587493722,0.0,2.411668575765125e-06,0.031908572523134955,0.4594326484320016,0.07476742850630004,0.01008352202538863,0.019770884469400566,0.9999432173352756,0.12760608247194843,0.18257251765018082,0.24008443010648906,0.39770514663659945,0.9618451389201358,0.233586402734765,0.0,0.06456100155002224,0.43227254510364893,0.09180927888428173,0.8655046190632076,0.45683098575497083,0.021932814683141066,0.04171194484511129
0.015518383924870486,0.3041848148716628,0.1910440375349646,0.04412068755701249,0.03801952586178961,6.610696135189607e-05,0.15724667960549335,0.0480457660279492,0.08221960997942107,0.3266361089431077,0.03408478232353942,0.08103273485092631,0.0,0.008835336073946903,0.0038598604615002314,0.0,0.0743587797145583,0.31236749620736326,0.9776554348367754,0.9602810690380007,0.06787405951996199,0.03077575530459773,0.014497624239743,0.006381259448575812,6.610696135189607e-05,0.26393192191271103,0.11626815769211446,6.610696135189607e-05,6.610696135189607e-05,0.5672436346136688,0.005973276260923206,0.688022115168918,1.0,0.9279052821068635,0.5660786982932283,0.9072031582390659,0.05933386592649527,0.23676409526337516,0.0,2.335111407400196e-06,0.031835427966615884,0.45918805005954916,0.07391475784561741,0.010027316436838378,0.01978352034817932,0.9999426627610696,0.12887126144462444,0.18361497438138366,0.24075707837320398,0.39812153789382126,0.9599419414155373,0.23094514998015567,0.0,0.06325938181918955,0.4300614412452714,0.09279684176093402,0.8663073543589465,0.45086840852926163,0.022344565163224597,0.039716595850591944
0.015542846420121373,0.3047803439989712,0.191834850631441,0.0441841237590532,0.038011854421478995,6.610696135189607e-05,0.15593707168008178,0.047809952751982576,0.08237080337181608,0.3260714847339309,0.0368127381183329,0.08083776300454965,0.0,0.007462184178909401,0.0030526133905252554,0.0,0.07394511005215809,0.3170434191319765,0.9772487221669698,0.9621430859421222,0.06819861550426573,0.03126312802277184,0.01457505216464554,0.0064110205816923695,6.610696135189607e-05,0.26616594183732,0.11765921534553382,6.610696135189607e-05,6.610696135189607e-05,0.5636982339171491,0.005428220390428191,0.6904327947012433,1.0,0.9302552003207013,0.5686533119426994,0.9069229574365887,0.05903075003678071,0.23742644788493653,0.0,2.2638902917502413e-06,0.03178388859378278,0.4590048811896405,0.07311063241223735,0.009969406134196668,0.019800108074804652,0.9999431969328125,0.13009434368273598,0.1845846688833881,0.24149016956025648,0.39851964506994864,0.9577590414912389,0.22872944229420708,0.0,0.06228261550038935,0.42829407466677544,0.09307704256341134,0.8670241399110612,0.4455301329830869,0.02275127783303017,0.03785465016758614
0.015574860109850758,0.3052823817112124,0.19252519767114015,0.04425236994025221,0.03798968789711352,6.610696135189607e-05,0.15474853360401764,0.047547045301516155,0.08246166030973266,0.32557535476857336,0.039763823651496714,0.08076218073101155,0.0,0.006323284371383323,0.002414372843402226,0.0,0.07356668379697316,0.3213779764124305,0.9768502875430735,0.9638852871740224,0.0684586203150434,0.031658715139139385,0.014633054653561689,0.006476405622049351,6.610696135189607e-05,0.2678484073281311,0.1186180912630591,6.610696135189607e-05,6.610696135189607e-05,0.560847932222579,0.004935038856667682,0.6924259857853262,1.0,0.9321627948685164,0.5706797243405393,0.9071265040626688,0.058772386439592136,0.23791832934274496,0.0,2.1968658359317912e-06,0.03174697637545139,0.45887463461965383,0.07234229639706716,0.009917190692793239,0.019817089800178378,0.999944670067512,0.1312824379416477,0.18550188831255213,0.24220534111161285,0.3989187827260148,0.9553011374918357,0.22681183348366216,0.0,0.06151392076010032,0.4269059028160586,0.09287349593733121,0.8676609297634347,0.44070369424482464,0.023149712456926527,0.03611251596014162
0.015609199884497991,0.3057171877184925,0.19310845568347199,0.044317711408031125,0.03795775765292431,6.610696135189607e-05,0.1536994304051088,0.047269632786550816,0.0825038595046254,0.32514183165673666,0.042939506944814264,0.08077675550130031,0.0,0.005374564486202003,0.0019084938193715296,0.0,0.07322174487110064,0.32540324517449476,0.9764600962616893,0.9655188305501509,0.06866298288647166,0.032019635303473494,0.014677913522224594,0.006511745020120525,6.610696135189607e-05,0.26910934961110194,0.11928978825351773,6.610696135189607e-05,6.610696135189607e-05,0.5585929850652246,0.004485611849039326,0.6940595273479943,1.0,0.9336962692435337,0.5723477726391769,0.9076286667167727,0.05855190573481612,0.23825235399814254,0.0,2.133189080774564e-06,0.03171809585486587,0.4588111447152865,0.07159425260378686,0.00985816585277773,0.019833474799099995,0.999947434477548,0.1324379920181031,0.18641990320812027,0.24305715946378006,0.3993191787486331,0.9525748812061464,0.22516371715070554,0.0,0.06092916627026431,0.42574373354145156,0.09237133328322732,0.8682263493940833,0.43634440082736276,0.023539903738310726,0.03447903626076834
0.015645115482981205,0.3060814693347894,0.19361253553481927,0.04438546997002553,0.03791786163737332,6.610696135189607e-05,0.1527338033701161,0.04696594421220104,0.08247541475276811,0.324765120936995,0.046345069899117415,0.08086939061526147,0.0,0.004578251294090435,0.0015082764473534883,0.0,0.0729139745845266,0.32913259631272584,0.9760784363642502,0.967054698779022,0.06881642611864687,0.03234124024752959,0.014711980325624353,0.006538274920062338,6.610696135189607e-05,0.27003648799994046,0.11973920341373574,6.610696135189607e-05,6.610696135189607e-05,0.556813706798008,0.004073831832920935,0.6954289599957425,1.0,0.9349609131234199,0.5737273304033788,0.9083212690021061,0.05836765487431349,0.23849306651538518,0.0,2.072322543164543e-06,0.03169727084308472,0.4587949057449331,0.07086649354295627,0.009797384439125553,0.01984820235734339,0.9999522251640458,0.1335647794333798,0.1872947490293459,0.2439683310871024,0.3997686780341889,0.9495810982679617,0.223701649388996,0.0,0.06046083558248971,0.4247643931492677,0.09167873099789392,0.86871837054116,0.43237433717188894,0.02392156363574981,0.03294322889843488
0.015681922504221842,0.3063869567128351,0.19405539699344193,0.04445641341672432,0.037872142924222266,6.610696135189607e-05,0.15180730591836472,0.04667014057681312,0.08238344578675964,0.324428855030966,0.049982029443618035,0.08102698049273578,0.0,0.003906602028709207,0.0011917795548294886,0.0,0.07264491086733986,0.33258204488859056,0.9757048401533418,0.9685017264048479,0.06893154512021503,0.0326261539168108,0.014737053846876555,0.006559635070944465,6.610696135189607e-05,0.2707085110314184,0.12001937108402373,6.610696135189607e-05,6.610696135189607e-05,0.5553937735816239,0.003695263473591744,0.6965906468634039,1.0,0.9360207475831883,0.5748877965280388,0.9091296428140909,0.05821913000066251,0.23867589156689395,0.0,2.0138822616801855e-06,0.03168134223051764,0.45881439103850763,0.07014566921723402,0.009733603450338559,0.019860790082638483,0.9999579521202187,0.13466704064003518,0.18812909652613172,0.24494463264839805,0.4002263106598648,0.9463227070827902,0.2223823726438604,0.0,0.06007265038810249,0.4239204239171317,0.09087035718590913,0.8691359591319976,0.42874206354451555,0.024295159846658157,0.03149625971289041
0.015719917188455623,0.30665210285955347,0.1944602077880208,0.04452694442757854,0.037823302049934435,6.610696135189607e-05,0.150895899997254,0.04633648466590233,0.08223534483895602,0.32412902492478873,0.053847947786201736,0.08124014660276786,0.0,0.003338100321755839,0.0009416095507478982,0.0,0.07241671517775246,0.3357698790727865,0.9753392134430552,0.969867282586629,0.06901898399150502,0.032879039352743125,0.014756062235065088,0.006577420413194972,6.610696135189607e-05,0.27120048069530833,0.12018154968363778,6.610696135189607e-05,6.610696135189607e-05,0.5542457679036612,0.0033460599656400473,0.6975808980846436,1.0,0.9369185261132564,0.5758768378711243,0.9099954517104423,0.05810194528860123,0.23881661862679396,0.0,1.95755659711485e-06,0.031669108679029064,0.45888105077605884,0.06943239968076365,0.009666609405879779,0.01987210286682638,0.9999645221429663,0.13575010442787042,0.18897585243324486,0.24600301824832752,0.4006947112483179,0.9428059922481582,0.22117895531258858,0.0,0.05974337356498773,0.4231815525781279,0.09000454828955777,0.8694813395336463,0.4254135023004196,0.0246607865569448,0.030130759856773867
0.015759084054403544,0.3068835806642989,0.19483674749127608,0.0446035107035943,0.037771393705686725,6.610696135189607e-05,0.1499821396426834,0.04596931318774827,0.08203312261274406,0.32385607664542043,0.0579390157298963,0.08150079385630633,0.0,0.0028556140532047347,0.0007438638883122741,0.0,0.07223067651245912,0.33871652642335326,0.9749812691899319,0.9711580812570045,0.06908572378459536,0.03310338101340996,0.014770518538032417,0.006592652667137494,6.610696135189607e-05,0.27156705124599595,0.12026362970997531,6.610696135189607e-05,6.610696135189607e-05,0.5533012688773602,0.0030234700328546898,0.6984319940397805,1.0,0.937687132217277,0.5767358782314169,0.9108787122767215,0.058014793566459597,0.23893089893114905,0.0,1.9031657209015327e-06,0.031659444836646365,0.4589945076016598,0.06872097467839078,0.009595322103933622,0.01988197207702823,0.9999385154157101,0.13682082055885952,0.18987136946046385,0.24716842349778448,0.4011725789343829,0.939037514237249,0.22006721210391317,0.0,0.059457253729518295,0.42252025788027076,0.08912128772327857,0.8697545299210813,0.42235257464549775,0.025018730810068064,0.028840015577274565
0.015799464807242196,0.3070907885787011,0.19519517607707598,0.044686530064541846,0.037717420740416244,6.610696135189607e-05,0.14902041968192054,0.04556971940242158,0.08177800547650765,0.3236065176083634,0.06225032588280618,0.08180255779511879,0.0,0.002445227937689203,0.0005875664923434285,0.0,0.07208805490960266,0.34144056509829673,0.9746306441354969,0.9723799322290865,0.06913722914180534,0.03330732239545463,0.014781768556555663,0.006606100652382368,6.610696135189607e-05,0.27183673820517,0.12029373077094592,6.610696135189607e-05,6.610696135189607e-05,0.5525037431181149,0.0027253517913414732,0.6991687585890047,1.0,0.9383511964760877,0.577496203599812,0.9117509861718106,0.05795659065234545,0.23902987512252644,0.0,1.850579960391756e-06,0.031651476240509194,0.4591548687008895,0.06800616922099799,0.009518414836757827,0.019890475437280158,0.9999467656160735,0.1378873785854753,0.19076039962558583,0.24842962343393218,0.4016694052324251,0.9350243223258523,0.21902868361587657,0.0,0.059203575586223155,0.4219162299078445,0.08824901382818934,0.8699553544380519,0.41952955977917683,0.025369355864503087,0.02761821719095314
0.015840895940674653,0.30727813308822544,0.1955466190404371,0.04477743660539538,0.03766194804306907,6.610696135189607e-05,0.1480468086067401,0.04514266489721751,0.08147718618261367,0.32336656153428367,0.06677510691640832,0.08213935803451289,0.0,0.002095489027902662,0.0004640553174400856,0.0,0.0719905606824452,0.34395708061317587,0.9742873924959846,0.9735380390909845,0.06917725172114327,0.033491927586839165,0.01479063626118453,0.006618472865612026,6.610696135189607e-05,0.27204446824361567,0.12028914228356784,6.610696135189607e-05,6.610696135189607e-05,0.5518076076525082,0.00245002312103235,0.6998147910877698,1.0,0.9389317239909075,0.578186520524209,0.9125989656916718,0.05792689181607929,0.23912350214284284,0.0,1.7997261296304177e-06,0.03164432556917009,0.4593547669974638,0.06728539447524191,0.009436805645930465,0.019897600471635378,0.9999338930386481,0.1389519133026077,0.1916648770457172,0.24979482022227648,0.40218675550896643,0.9307748699625593,0.21804585087771738,0.0,0.058972786981189886,0.42134942415835086,0.0874010343083282,0.8700825475014755,0.4169194172439813,0.025712607504015376,0.026460161182885942
0.015883594716257846,0.30745657058972176,0.1958928802923501,0.04487642797311413,0.037606145319452465,6.610696135189607e-05,0.14705496860631231,0.044690376190418934,0.0811350662877173,0.323130763025245,0.0715035250596365,0.08250615415011661,0.0,0.0017969569347967037,0.0003664652393781022,0.0,0.07193944093978433,0.34628039108145064,0.9739510277999461,0.9746365692314252,0.06920927098193061,0.033658157907652704,0.014797989882511556,0.006630167138818452,6.610696135189607e-05,0.27222085214301167,0.12026511672848038,6.610696135189607e-05,6.610696135189607e-05,0.5511878521420209,0.0021960518020014558,0.7003858923036927,1.0,0.9394435682082859,0.5788245557758589,0.9134125104990708,0.05792471322584007,0.23921767437199287,0.0,1.7505417426394606e-06,0.031637437576122814,0.45959250221341025,0.06655537155139057,0.009350284781991031,0.01990335100489571,0.9999338930386481,0.1400168234236932,0.19259043403341353,0.25126042982922375,0.4027143502886098,0.926300423138362,0.21710795354619059,0.0,0.0587594748569174,0.420808978984763,0.08658748950092916,0.8701358458343756,0.41450193454655654,0.026048972200053866,0.025361680226832252
0.015927602974071045,0.3076327600627704,0.1962385915613846,0.044983682947709165,0.037550828577833394,6.610696135189607e-05,0.14604215570010287,0.044214779173701695,0.08075667911806315,0.32289521932148757,0.076423088300647,0.08289903523237155,0.0,0.0015418105328081997,0.0002893691076032476,0.0,0.07193622495409487,0.34842474479140173,0.9736213847086594,0.9756794335123861,0.06923571410236098,0.03377390786096618,0.014804718667043144,0.006641433869575024,6.610696135189607e-05,0.27247705006141454,0.12024372508794656,6.610696135189607e-05,6.610696135189607e-05,0.5506958089198631,0.001962202122717538,0.7008935310322814,1.0,0.9398972055112014,0.5794222099272384,0.9141833005381685,0.057948543434312376,0.23931572736235507,0.0,1.7029882079439995e-06,0.03163056463644465,0.4598684103864951,0.06581619131286534,0.00925901138429737,0.019907931332437442,0.9999338930386481,0.14109030644707476,0.1935416038994551,0.25282952599521885,0.4032694217331879,0.9216147095766355,0.21620743373534707,0.0,0.05856098395599039,0.4202884209651584,0.08581669946183147,0.8701152316115928,0.41225952784624326,0.02637861529134057,0.024318863499405995
0.01597266080932033,0.30781331743239554,0.19658446212546737,0.04513204565829755,0.03749650910224522,6.610696135189607e-05,0.1450207693967166,0.04363322999575132,0.08033885214357277,0.32264558776545005,0.0815198920148701,0.08331838663011369,0.0,0.0013237608691842137,0.00022847624436886916,0.0,0.07198197915600107,0.3504028070294856,0.9732982915374562,0.9766702576641734,0.06925638493468524,0.033886010858421425,0.014810381041485994,0.0066525836278132095,6.610696135189607e-05,0.2726701801127787,0.12021968238264036,6.610696135189607e-05,6.610696135189607e-05,0.5502244904677985,0.0017474907005047531,0.7013144473522224,1.0,0.9402804225164558,0.5799624608470044,0.9148752412117118,0.05799807863426881,0.2394147657848405,0.0,1.6570679994560976e-06,0.03162217134152562,0.4601837443088336,0.06502735882249372,0.009162866492171174,0.019910336687678755,0.9999338930386481,0.14223110491672605,0.194534933943655,0.254510765284348,0.40384927698023576,0.9167326172846252,0.21536716601766404,0.0,0.05839581661435996,0.4198090629086268,0.08512475878828821,0.8700199422097301,0.4101824271856738,0.026701708462543876,0.02332808526782722
0.01601938170719341,0.3080014086230967,0.19694432263711578,0.04527566575633104,0.037443812889965095,6.610696135189607e-05,0.1439270923437842,0.043066334493670796,0.07989614852615223,0.3223928758633843,0.08678579626794664,0.08375796003205778,0.0,0.001136977666283967,0.0001803872642058985,0.0,0.07207974398256663,0.35222115818113753,0.9729807431368962,0.9776111482554708,0.06927473717766436,0.03398917800631443,0.014816518484448557,0.006663439080926515,6.610696135189607e-05,0.2728519562891798,0.12019497201498612,6.610696135189607e-05,6.610696135189607e-05,0.5497694245308217,0.0015509996735582475,0.7016803827225825,1.0,0.940613141199322,0.5804683560616751,0.9155036395395478,0.058071494054372653,0.23952287372380035,0.0,1.6128031841832437e-06,0.031613625745294624,0.4605238898165616,0.06423059593189558,0.009061026107824744,0.019911407107554235,0.9999338930386481,0.14333275486166389,0.19555208973225657,0.25628819642710227,0.4044668503070781,0.9116632040584951,0.2145616572453598,0.0,0.058249881134393965,0.41935125667411893,0.08449636046045218,0.8698487619630607,0.40825596809506215,0.02701925686310385,0.022387238941345068
0.016067104339753207,0.30819754424114787,0.1973194228524067,0.04541925068569526,0.03739265897779118,6.610696135189607e-05,0.1428195765854977,0.042503385438631115,0.07942993721893679,0.322128728795619,0.09220454429513937,0.08421363407984188,0.0,0.0009768018060770742,0.0001424123028048213,0.0,0.07223268253968801,0.35389623098443496,0.9726694047738316,0.978505804186479,0.06929123041502998,0.03408117912851188,0.014823088508258534,0.0066745532333457305,6.610696135189607e-05,0.27303987134998503,0.12018326221715514,6.610696135189607e-05,6.610696135189607e-05,0.5493231056613154,0.0013718218239187094,0.7020053013710674,1.0,0.9409051580960696,0.5809508927728888,0.916074150942243,0.05816832264541147,0.23964270261350307,0.0,1.5701935589570699e-06,0.03160398864969395,0.46088313739573245,0.06344850723360368,0.008954675998244305,0.019910567833423123,0.9999338930386481,0.14441181947442747,0.19657404448992222,0.2581471289804706,0.4051001732627079,0.9064236338809419,0.2137810645490907,0.0,0.05811804009785339,0.41890669492430627,0.08392584905775707,0.8695989948149005,0.40646106640206203,0.027330595226168423,0.021492625619962007
0.016115764623677722,0.30840992787978583,0.19769711159460324,0.04556606936146732,0.037344029958811746,6.610696135189607e-05,0.1416953726665178,0.041939188732585675,0.0789439209319394,0.32185445578785316,0.09775085454366463,0.0846807753266796,0.0,0.0008393411889804277,0.00011242364616263772,0.0,0.07243961025226839,0.3554354603432798,0.9723639898254637,0.979356952617552,0.06930709075652727,0.034162755647947386,0.014829343089511414,0.006686084557382868,6.610696135189607e-05,0.27324443079355026,0.1201821501898504,6.610696135189607e-05,6.610696135189607e-05,0.5488843192278176,0.0012089805767315216,0.7022967040168714,1.0,0.9411621058038983,0.5814204079059563,0.9165909251465519,0.05828775177003572,0.23977546183691137,0.0,1.5292318818797164e-06,0.03159395302378612,0.4612646941091538,0.06265167551396676,0.008845356080828676,0.019908195886077257,0.9999338930386481,0.14550171984278457,0.1976157540142552,0.26009688854137736,0.4057267638450435,0.9010401648796038,0.21302252065644897,0.0,0.057998553007121326,0.4184671684478812,0.08340907485344805,0.8692726379776958,0.404789077819809,0.027636010174536325,0.02064151815056618
0.01616519761980537,0.3086372284047281,0.19808160800767538,0.0457170350036024,0.03729825396389722,6.610696135189607e-05,0.14055768375524558,0.04137145412529762,0.07844183449364708,0.3215714566341091,0.10340090805069604,0.08515752119374005,0.0,0.0007213167974595789,8.87451409407381e-05,0.0,0.07270223343028241,0.3568516586036296,0.9720648609801459,0.9801673654820663,0.06932285348061881,0.03423444188732044,0.014836279207315072,0.006698029518595949,6.610696135189607e-05,0.2734684318441169,0.12019448562519669,6.610696135189607e-05,6.610696135189607e-05,0.5484540134791187,0.0010615221438040427,0.702558812450705,1.0,0.9413879646596028,0.581877485812562,0.9170552069787252,0.0584266360513207,0.23991877408620546,0.0,1.4899043195137952e-06,0.03158389230547348,0.4616734263259244,0.0618449297185042,0.008733933866789393,0.01990474828201467,0.9999338930386481,0.146599321829111,0.1986798186194083,0.26213782093543103,0.4063756858755593,0.8955375698054999,0.21228366635555507,0.0,0.057890718542937605,0.4180337690464972,0.08294479302127482,0.8688711305183969,0.40322956731016496,0.02793513901985406,0.019831144613614283
0.01621501352272774,0.308877318315556,0.1984701605334856,0.045871646474281394,0.03725497612849301,6.610696135189607e-05,0.1394103415716503,0.04080021636028675,0.07792535327200933,0.3212791940838964,0.10913192816656384,0.0856409205606111,0.0,0.0006199267821294949,7.004967110083034e-05,0.0,0.07302195030866244,0.3581546693217467,0.9717720446652733,0.9809395891261797,0.06933790193002089,0.03429612460552605,0.014843796681920696,0.006710218435533667,6.610696135189607e-05,0.2737106616982608,0.12021833758111952,6.610696135189607e-05,6.610696135189607e-05,0.548030302704391,0.0009286054311088094,0.7027969888572132,1.0,0.9415866390215628,0.5823251756397541,0.9174705246758158,0.058584900859100376,0.24007540016927298,0.0,1.4522079054482376e-06,0.03157336593984002,0.46209978536480073,0.06102594563394928,0.008620683740354162,0.019899587697743682,0.9999338930386481,0.147701002304296,0.1997571197813077,0.26425356181870663,0.4070435822211272,0.8899394664023274,0.21156209058217562,0.0,0.05779343419630769,0.4176047746891451,0.0825294753241842,0.8683931488322372,0.4017699305089803,0.028227955334726693,0.01905895866591482
0.016265011405457813,0.30913074268291174,0.19886295890494082,0.04602987160965178,0.0372146351366552,6.610696135189607e-05,0.1382581280981669,0.04022711725291266,0.07739867679595046,0.3209776690796943,0.11492037273011987,0.08612922191025993,0.0,0.0005327956667032501,5.5289984197129006e-05,0.0,0.07340031122456223,0.3593547014477583,0.9714855640171741,0.9816759003169093,0.06935247790649768,0.034349462003670006,0.014852037741878162,0.006722617259069086,6.610696135189607e-05,0.2739683598424098,0.12025371970824433,6.610696135189607e-05,6.610696135189607e-05,0.5476099072548702,0.0008093391914468062,0.7030126485252387,1.0,0.9417603188940239,0.5827615853763415,0.9178385895535227,0.0587609720285635,0.24024456123059554,0.0,1.4161217980577992e-06,0.03156232558889733,0.46254126027756887,0.060195434670520805,0.008506612683415394,0.019892682765612964,0.9999338930386481,0.14878444426277135,0.20084245063908246,0.2664336005982935,0.407768487450073,0.8842702880784333,0.21085812956450137,0.0,0.057706885439272916,0.4171831246394614,0.08216141044647736,0.8678387167468743,0.4004007373216462,0.028514435982825836,0.018322683561292647
0.016314904902903316,0.3093956923013317,0.1992595679270461,0.04619060853408721,0.0371771330557029,6.610696135189607e-05,0.13710836728265188,0.039654689865757,0.07686493231937692,0.32066478055792147,0.12074614636439351,0.08662020977457505,0.0,0.00045788587335655277,4.363815218083263e-05,0.0,0.07383980680341955,0.36046231912556786,0.9712054158997903,0.9823785168424523,0.06936607449169356,0.03439408427563738,0.014860987479784656,0.006735033338940681,6.610696135189607e-05,0.2742410472184525,0.12030199772288785,6.610696135189607e-05,6.610696135189607e-05,0.5471883380357291,0.0007028724978037238,0.7032085044002037,1.0,0.9419116787783799,0.5831855659427607,0.9181633348163712,0.058955367432002415,0.2404284929412154,0.0,1.3816268508664468e-06,0.031549862146542526,0.4629848219816754,0.05935534462252991,0.00839224433339527,0.01988307352506444,0.9999338930386481,0.1498684562534052,0.20192142888657238,0.26865443807939643,0.4084920078993844,0.8785509811378027,0.2101712858252213,0.0,0.05763043534826352,0.41677079590505856,0.08183666518362874,0.867204825764578,0.39910918793321676,0.028794584100209752,0.017620101530696874
0.016331519683657446,0.30967112604817304,0.1996551391433722,0.04635286412244027,0.03714271184203379,6.610696135189607e-05,0.13596660075906808,0.03908667311935137,0.07632944890842652,0.32036662616711253,0.12658192917643932,0.08711261464885646,0.0,0.0003934728793362345,3.444082597782227e-05,0.0,0.0743410457414186,0.3614857855944795,0.9709315390914107,0.9830491567413057,0.06938025136417597,0.03444185374863304,0.014870693518225226,0.006747608306183471,6.610696135189607e-05,0.27450360978998656,0.12036054565189501,6.610696135189607e-05,6.610696135189607e-05,0.5467474876713805,0.0006082270868039583,0.7033839800670604,1.0,0.9420415595091688,0.5835925186056652,0.9184448866435981,0.05916376625797622,0.24062218377561662,0.0,1.3486905329846547e-06,0.03153724228751679,0.4634424709105831,0.0585104967422663,0.008279594409077313,0.0198719234889236,0.9999338930386481,0.1509826780935954,0.20300298286587026,0.2709254411774103,0.40920248790486846,0.8728098437367567,0.20950340528408323,0.0,0.05756496761149501,0.416373040568357,0.08155511335640186,0.8664951880006052,0.3978920306299039,0.029068460908589226,0.01694949456816135
0.01640552935054821,0.30995657088094447,0.20004595351568075,0.046515692377199616,0.03711223617673534,6.610696135189607e-05,0.13482817765096694,0.038527368362612203,0.07579259943992993,0.320030790060234,0.13238931912976956,0.08759572321116842,0.0,0.0003380530886956444,2.717789014060116e-05,0.0,0.0749044315073329,0.3624324257184573,0.9706593409963369,0.9836899590412439,0.06939710578598893,0.03447518708196637,0.014881505651827278,0.006760178919670553,6.610696135189607e-05,0.2748167567975536,0.12042948480310067,6.610696135189607e-05,6.610696135189607e-05,0.5463229930312886,0.0005245466169756482,0.7035600485464947,1.0,0.9421586473539664,0.5839937717513051,0.9186962776341425,0.0593844158052739,0.24083043635094709,0.0,1.3173855223654501e-06,0.03153011215726714,0.4639127702398021,0.05766451114701047,0.008130618755783353,0.01986017625360366,0.9999338930386481,0.15203103273148907,0.2041996964877154,0.27333472317900703,0.4099483599146918,0.8670861342532548,0.2088442282423369,0.0,0.057503299557338024,0.41597905035855437,0.08130372236585744,0.8657111526873932,0.3967371379305957,0.029340659003663106,0.016308723573233767
0.01644450192176007,0.3102627974331625,0.20044371522022084,0.04668949957010624,0.03708540956804936,6.610696135189607e-05,0.13370797849506116,0.03795227662125202,0.0752555955858223,0.3197052977906694,0.1382057428094763,0.08808935895055807,0.0,0.0002903876500431912,2.1449453285785084e-05,0.0,0.07553386186320306,0.36330666755578384,0.9703973414212929,0.9843022299548674,0.06941050973080853,0.03449403207554667,0.014892660589528657,0.006775743380368046,6.610696135189607e-05,0.27515972163653935,0.12051523959827735,6.610696135189607e-05,6.610696135189607e-05,0.5459102553791753,0.0004508015454598508,0.7037077983109368,1.0,0.9422545113094531,0.5844065468860888,0.918902602253373,0.05961612275659779,0.2410372681764876,0.0,1.287462108237007e-06,0.03151420684365038,0.4643876689694686,0.05680769800384676,0.007998951022104142,0.019845468140800925,0.9999338930386481,0.1531107107555159,0.2053448170343438,0.2758209465050891,0.4106871527027647,0.8613434556450639,0.20820284273850523,0.0,0.057455101040503685,0.41557200366062547,0.08109739774662704,0.8648500153801991,0.39565606426772865,0.02960265857870713,0.01569648258302434
0.016487117455938356,0.3105757553909183,0.2008355754442503,0.04686320634679328,0.037061486860560565,6.610696135189607e-05,0.1325982198609843,0.03738500080934023,0.07471694460497252,0.31937487028795214,0.14398089289780833,0.08857955959723729,0.0,0.0002493921675785531,1.692811210959582e-05,0.0,0.07622756937500852,0.36411162638685735,0.9701403132821461,0.9848874442793975,0.06942764196848876,0.03450909946306119,0.014904524063356362,0.006790831484239095,6.610696135189607e-05,0.2755183036251495,0.12061439623283508,6.610696135189607e-05,6.610696135189607e-05,0.545491575242843,0.0003861605961107605,0.7038373308217523,1.0,0.9423279771630633,0.5848090739277713,0.9190657888068491,0.05985747330308601,0.24125130886160487,0.0,1.2590716673283053e-06,0.031501988788397245,0.4648763039653706,0.05594011095183388,0.007862338663293023,0.019828637283302544,0.9999338930386481,0.15419830680416646,0.2065129840878331,0.27835655855862107,0.4114264507541621,0.8556329465060809,0.20758310958101053,0.0,0.05742263066935818,0.41517399796011917,0.08093421119315086,0.8639149573219055,0.39463706475153776,0.029859686717853846,0.01511129664893518
0.01651888560948217,0.31089287162413237,0.20122318156775,0.04704216458303613,0.0370410627097219,6.610696135189607e-05,0.13150397770629582,0.036809324376669325,0.07417984314043335,0.31904921466076214,0.14970401452343596,0.08906739651656777,0.0,0.00021412986076425934,1.3360138961609312e-05,0.0,0.07698778700129918,0.36485623476861184,0.9698888527566187,0.985447182619374,0.06944506850190696,0.03451893815461587,0.014917055389924296,0.006806292977005057,6.610696135189607e-05,0.2758892991114955,0.12072350487050408,6.610696135189607e-05,6.610696135189607e-05,0.5450711564825624,0.0003297344017085205,0.7039511068636908,1.0,0.9423825341489003,0.5852030491949657,0.9191888439393539,0.06010621411874496,0.2414689109794129,0.0,1.2321311857002298e-06,0.03149006699242161,0.4653754192159465,0.055091288067150766,0.007721951175941018,0.0198102890466723,0.9999338930386481,0.15523879825010506,0.207681819121411,0.28094624218829717,0.4121650788528974,0.8499662510748556,0.20698149661974152,0.0,0.05740333599033553,0.41478359066607273,0.08081115606064612,0.8629059988799559,0.39367485425197524,0.030111147243381237,0.014551585249440249
0.01656120509518235,0.3112164205279854,0.20160297471957872,0.04722014457511857,0.03702388831504452,6.610696135189607e-05,0.13042943738799503,0.036247656330289556,0.0736472249019408,0.31871715800801076,0.15535703144627974,0.08954959532417907,0.0,0.00018379492892122112,1.0544275044331384e-05,0.0,0.07781360781612968,0.365543204282557,0.9696411965620503,0.9859828627609147,0.0694636965334581,0.0345233088725883,0.014929768402866413,0.006827773837095049,6.610696135189607e-05,0.27627710834076225,0.12084584774934588,6.610696135189607e-05,6.610696135189607e-05,0.5446292620885792,0.0002807024297426504,0.7040536261608143,1.0,0.9424199454582386,0.5855940030782941,0.9192748809893743,0.06036232221440293,0.2416914163360009,0.0,1.2066305696026888e-06,0.03148000023114721,0.46588464022455695,0.05424406701886026,0.007610946059529393,0.019789307511204966,0.9999338930386481,0.15627418513548497,0.20875820016666033,0.2835039249171883,0.41288511473368045,0.8443622661239776,0.20639677851500657,0.0,0.05739625961284025,0.41439545264666167,0.08072511901062575,0.8618240699694674,0.39276537938144207,0.03035880343794972,0.014015930608515711
0.016605678474172006,0.31154676154848265,0.20198805852772458,0.04738757979728754,0.03701106735200343,6.610696135189607e-05,0.12938356027095055,0.03572425376298142,0.07312844979060677,0.31837795990697415,0.16089199150005082,0.09002172521852049,0.0,0.00015771420553789168,8.321259229970003e-06,0.0,0.07870217506496056,0.36618585431487083,0.9693984671174042,0.9864959175335313,0.06948281108600023,0.03452405423984455,0.014943021161067445,0.0068422415430151795,6.610696135189607e-05,0.27667223318690837,0.12098033533392229,6.610696135189607e-05,6.610696135189607e-05,0.544205984066917,0.00023824185988060458,0.7041447039212879,1.0,0.942442359399755,0.5859584185597444,0.9193321542362387,0.0606225145809431,0.24191623956490357,0.0,1.1824807826938704e-06,0.03146999304760831,0.46641363710043476,0.05339731588130476,0.007477715823127741,0.019767200541751868,0.9999338930386481,0.157291349570687,0.20989779463640051,0.2860927614212448,0.4136097329395948,0.8388697666400685,0.20583357086019158,0.0,0.05739992639470721,0.41403326018102565,0.08066784576376129,0.8606753103540963,0.3918979061202256,0.030601532882595865,0.013502899985685997
0.016649032468184426,0.3118816226118689,0.2023654395913773,0.04755484920958091,0.037002421015184694,6.610696135189607e-05,0.12836897822842738,0.035213825445491634,0.07262112750268329,0.318039627642524,0.16632527339429318,0.09048938941627986,0.0,0.0001352857385313081,6.567214067314126e-06,0.0,0.07965670068174245,0.36678482623200753,0.9691614749030116,0.9869873951320874,0.06950100482172454,0.03451903630396605,0.014956184671699011,0.0068570809619756985,6.610696135189607e-05,0.2770745419622265,0.12112087814460895,6.610696135189607e-05,6.610696135189607e-05,0.5437942625494289,0.00020163376473961625,0.7042250503556683,1.0,0.9424515995917495,0.5863164433794086,0.9193564239769341,0.0608878279745741,0.24214467969303125,0.0,1.159635447780305e-06,0.031459686051721315,0.4669483933623772,0.05255378721839771,0.007336271131768611,0.019743381305105424,0.9999338930386481,0.15829338758913117,0.21106523931386675,0.2887619526099834,0.414334121889682,0.8334730928409673,0.2052855602280519,0.0,0.057413114669719184,0.41367698940652414,0.08064357602306596,0.8594554713436834,0.39107049407496114,0.030838525096988395,0.013011445232464823
0.016689741053144292,0.31221860521808154,0.20273264642113473,0.0477224568988161,0.03699706182196697,6.610696135189607e-05,0.12738363573702144,0.0347116925003912,0.07212078209384863,0.31770573959321774,0.17165750143942962,0.09095345471415833,0.0,0.00011600241325940301,5.183253649296766e-06,0.0,0.08067736139681154,0.3673426196611607,0.9689301876852852,0.9874583867488768,0.06951940859961109,0.03450871448268787,0.01496941301192983,0.006872761241414341,6.610696135189607e-05,0.277487775059126,0.1212679102075585,6.610696135189607e-05,6.610696135189607e-05,0.5433891052241685,0.00017019473038603326,0.7042940586510783,1.0,0.9424472524940005,0.5866746256717088,0.919348239637772,0.06115730610615794,0.2423746535506037,0.0,1.1380560322555332e-06,0.03144956883326871,0.4674901952378126,0.05174636272501744,0.007198733343323772,0.01971745048777843,0.9999338930386481,0.15922402255619794,0.21219362072470657,0.2914431472459754,0.41504844570599425,0.8281723038301844,0.20475248663476348,0.0,0.05743674509274007,0.41332019107464196,0.080651760362228,0.8581653324970305,0.39028272678823567,0.031069812314714836,0.012540475195091022
0.016728979464326495,0.3125580179697617,0.20308807317742922,0.04788731413471368,0.03699500386173197,6.610696135189607e-05,0.12643743512760036,0.03422527840163915,0.07163073014721703,0.3173747165744182,0.17686964705117766,0.09141151949682992,0.0,9.942835418957946e-05,4.09122214885749e-06,0.0,0.08176015704523808,0.3678616086253538,0.9687041116709976,0.9879100755292791,0.06953798904860878,0.034493648040990324,0.014982101435048743,0.006888340046000323,6.610696135189607e-05,0.2779092523497111,0.12142446745833121,6.610696135189607e-05,6.610696135189607e-05,0.5429916784735803,0.00014329252517012456,0.7043526345796135,1.0,0.9424297129097052,0.5870297472050877,0.9193106229319878,0.061430744112627486,0.24260678582512582,0.0,1.1177011872553532e-06,0.03144042983781258,0.4680434034185777,0.050936575194936766,0.007063122437494114,0.01968928762295964,0.9999338930386481,0.16015209802719774,0.2133154233962776,0.29417576692561936,0.41575258111019564,0.8229870604236522,0.20423584592355656,0.0,0.05747085873610523,0.4129661615727634,0.08068937706801219,0.8568090988421344,0.3895316055495204,0.03129588832900248,0.012088806769533614
0.016766959486769088,0.3128944264850959,0.20343389652872715,0.048048537631738074,0.03699633096660738,6.610696135189607e-05,0.12552725593456454,0.03375711617675352,0.07114955466811164,0.31704856483157673,0.18195461994503634,0.09186365116545654,0.0,8.518837884146441e-05,3.229524038365421e-06,0.0,0.08290528352259115,0.3683480632367284,0.9684831275789939,0.9883435324192021,0.0695636055399934,0.03447518708273461,0.01499497540320974,0.00690383980904948,6.610696135189607e-05,0.27833196180492126,0.12158728573916283,6.610696135189607e-05,6.610696135189607e-05,0.5425790369415179,0.00012035205488867382,0.7044007952685739,1.0,0.9423997460524168,0.5873767452949551,0.9192448466543087,0.06170660031041201,0.24283943915889128,0.0,1.0985212192813866e-06,0.03143219676910978,0.46860950536065615,0.050125039424123295,0.00695768089078116,0.019658510314024262,0.9999338930386481,0.16108419502738516,0.214342184915753,0.2968068735634919,0.4164322089410369,0.8179250280000749,0.20373555356596962,0.0,0.057515065568741794,0.4126200251810066,0.0807551533456913,0.8553881161669968,0.38881249760438025,0.03151687242100612,0.011655369059578532
0.016803859573917203,0.31322383531374726,0.20377800943866417,0.04819606171867212,0.037001570717950044,6.610696135189607e-05,0.1246594047112639,0.03334945558071608,0.07068759870428029,0.3167223293080069,0.18686644133278307,0.09230517833245186,0.0,7.296157373614996e-05,2.5494025821700634e-06,0.0,0.0841097712747916,0.36881408044665603,0.9682666908191604,0.9887597774487814,0.06956410061874398,0.03444185374863304,0.015008278957782317,0.006916604301922703,6.610696135189607e-05,0.27879937142965755,0.12176037679428546,6.610696135189607e-05,6.610696135189607e-05,0.5422737538697251,0.00010084989138555021,0.704439990818945,1.0,0.9423599147422991,0.5876862132389231,0.9191555313413583,0.06198146576953246,0.2430729087945224,0.0,1.0804409536291389e-06,0.03142561138525876,0.469196240355262,0.049315638913707244,0.006818417049918861,0.0196269750150504,0.9999338930386481,0.16199574774950204,0.2154730425235557,0.2994908345352348,0.4171167673752549,0.8130327087758313,0.20325483084860307,0.0,0.05756712368396475,0.41231123735849473,0.08084446865864175,0.853908762955676,0.3881130107588216,0.03173330918083958,0.011239142110265046
0.01683931117091664,0.3135506983054484,0.2041043388285002,0.04834202930564451,0.03701057126252093,6.610696135189607e-05,0.12382699187585398,0.03294550493386252,0.07023852177727752,0.3164071203797453,0.19165135145076256,0.0927421724325027,0.0,6.246239493294886e-05,2.012714481107782e-06,0.0,0.08537773358324609,0.3692526530853784,0.9680553484046944,0.9891595290540873,0.06958474455233407,0.034408520415299695,0.01502052048537052,0.006931368933484036,6.610696135189607e-05,0.27920501884497173,0.1219268156256912,6.610696135189607e-05,6.610696135189607e-05,0.5419272983326301,8.433378819473034e-05,0.7044651385259078,1.0,0.9423056180637898,0.5879921867213503,0.9190322753738127,0.06225940593142698,0.24330823895272133,0.0,1.0634875286020561e-06,0.03141990333882457,0.46979426884073294,0.04851318453990698,0.006705258758534415,0.019592982029708227,0.9999338930386481,0.16289643252689676,0.21650367023203704,0.30215314915362784,0.41777710549526853,0.8082643147610428,0.20279268904158948,0.0,0.05763191954127739,0.4120058005641686,0.08096772462618726,0.852362860485327,0.38743910796190034,0.03194465159530552,0.010839407458384033
0.016873221989850213,0.31386691879299006,0.20442375693476292,0.04847778725797863,0.037022339065731436,6.610696135189607e-05,0.12303535343575983,0.03257404544718274,0.06980282730701638,0.3160984300678296,0.19627110879996695,0.09317079744227467,0.0,5.345498658507346e-05,1.5890934925369317e-06,0.0,0.08670514090684085,0.3696779797553564,0.9678486987046384,0.9895438126729807,0.06961275404374714,0.034382518350428375,0.01503319378026243,0.006944565583419574,6.610696135189607e-05,0.2795996149345649,0.12209687739463879,6.610696135189607e-05,6.610696135189607e-05,0.5415355907193122,7.038135255738144e-05,0.7044773836733657,1.0,0.9422390773445902,0.5882715623292026,0.9188822542505941,0.06253593735532384,0.24353904014473823,0.0,1.0475365677995139e-06,0.03141547745977769,0.4704109043388944,0.04771617791072485,0.006593593537266901,0.019556964622273607,0.9999338930386481,0.1637813770209024,0.21752677237956541,0.3047687187704281,0.4184232731580539,0.8036585098474757,0.20235181888435966,0.0,0.05770746766882475,0.4117268485773049,0.08111774574940585,0.8507589217378353,0.38678298009990547,0.0321513012953616,0.010455139790451418
0.016907258188033052,0.3141719723166684,0.20473208742212776,0.04860522145623414,0.037037552488121926,6.610696135189607e-05,0.12228796940275231,0.03219800342388732,0.06938202913002557,0.3158009258782132,0.20072508419543728,0.09359015314843458,0.0,4.57277923486409e-05,1.2546806174265013e-06,0.0,0.08809152529239199,0.3700949575109037,0.9676465130083696,0.9899133763816661,0.06961287995106281,0.034350469292797677,0.015046064204417838,0.006956373841165162,6.610696135189607e-05,0.2800357743258386,0.12227657990116238,6.610696135189607e-05,6.610696135189607e-05,0.5412321939620516,5.8628184249555996e-05,0.704488284679717,1.0,0.9421672650110913,0.5885389397328156,0.9187145628591813,0.06281065259875099,0.2437666665793071,0.0,1.032506917568613e-06,0.03141238668770334,0.4710402474573058,0.04692473832067003,0.006489887921673971,0.019519236738080627,0.9999338930386481,0.16465484221152973,0.21852060003532706,0.3073273146900205,0.4190532903660957,0.7992162876203132,0.20192156217184837,0.0,0.057787007196560075,0.4114598055865671,0.08128543714081876,0.849097822108857,0.3861383759097893,0.0323534869916304,0.010085591111416346
0.01693878678064839,0.31446464923223705,0.20502776623793134,0.048728678363343686,0.03705548500322713,6.610696135189607e-05,0.12158726368452899,0.03186671962766822,0.06897771400495403,0.31550981344332696,0.20500630744629825,0.09399884122828728,0.0,3.9100203928112395e-05,9.906380598468428e-07,0.0,0.08953389971316018,0.37050186468352914,0.9674484328469938,0.9902689133049246,0.06963116260521185,0.03431274750875698,0.015057755230956206,0.006966199930583839,6.610696135189607e-05,0.2804238213253763,0.12244966217377448,6.610696135189607e-05,6.610696135189607e-05,0.5409213234617446,4.875517643954147e-05,0.7044997228798056,1.0,0.9420927728372674,0.5887879342379175,0.9185334692250225,0.06308472666539595,0.24400003215305235,0.0,1.0184368036593028e-06,0.03141148671924065,0.47168851454219635,0.04613728687762114,0.006380525632704396,0.01947995383657028,0.9999338930386481,0.16551348822671189,0.2195706590071456,0.30987067034918964,0.41966583578218913,0.7949449373772622,0.2015014358919071,0.0,0.05786812695880449,0.4112110751240226,0.08146653077497747,0.8473813736214438,0.38549810316341854,0.03255156715300623,0.009730068258271734
0.0169682628473206,0.31474742689320806,0.2053096613660389,0.04884411131515618,0.037076602929019174,6.610696135189607e-05,0.12092941364551867,0.031563324758315435,0.06858824691754777,0.3152292167563854,0.20912890896494948,0.09440279195789028,0.0,3.342102351244236e-05,7.821988680022877e-07,0.0,0.09103276431937235,0.370906744313605,0.9672542609463266,0.9906110865749099,0.0696481306516568,0.0342725583881478,0.015069549622776682,0.006976140043395768,6.610696135189607e-05,0.28082445899699127,0.12262776287739995,6.610696135189607e-05,6.610696135189607e-05,0.5406145729354891,4.0481366857411387e-05,0.7045005341441559,1.0,0.9420103152086858,0.5890216044090133,0.9183291874138719,0.06335639288690009,0.24422766441533522,0.0,1.005206475345583e-06,0.03141148411864137,0.472354313633373,0.04535333192089637,0.006252367510284227,0.01943941159561233,0.9999338930386481,0.16636050723019014,0.2206450844460434,0.31248959583559516,0.42027461483084483,0.7908306096681931,0.2010966738979538,0.0,0.057956263767801684,0.4109776133921187,0.08167081258612809,0.8456108427937276,0.38486559127105985,0.03274573905367343,0.009387908218614746
0.01699587327894192,0.31501818987472996,0.2055701795961883,0.048959631342585776,0.03710000855088312,6.610696135189607e-05,0.12030647814251137,0.03126929180395309,0.06820843737050059,0.31496298762047636,0.2131255219226254,0.09480512159450152,0.0,2.855566325403633e-05,6.176669816656674e-07,0.0,0.09258926914849225,0.3713061842941421,0.967064209685704,0.990940481887256,0.06966279729051218,0.03422737010488806,0.015081055662199506,0.0069877530128702745,6.610696135189607e-05,0.2812412500546621,0.12280963703758167,6.610696135189607e-05,6.610696135189607e-05,0.5403197656973366,3.356432345026874e-05,0.7044924722354042,1.0,0.9419187567878704,0.5892649396476517,0.9181016505648116,0.06362710078772536,0.24444832252578605,0.0,9.927746461936565e-07,0.03141210459423358,0.4730313411294646,0.04457354590495091,0.006150037195953391,0.01939625437857846,0.9999338930386481,0.16720502337212154,0.22162278756524137,0.31509732131838425,0.4208574664071282,0.7868409137539243,0.20070240617009427,0.0,0.05805268754887562,0.4107344426853666,0.08189834943518841,0.8437836300637824,0.3842454931800718,0.0329357903142961,0.009058525338097844
0.01702215059667349,0.315274389729899,0.20582189914364468,0.04906352904593409,0.03712552491529182,6.610696135189607e-05,0.11972306358779683,0.031005836425758746,0.06783756013770213,0.31470629219106183,0.2169615066497093,0.09520012543144338,0.0,2.439021210743787e-05,4.877653066021609e-07,0.0,0.09419773421950126,0.3717046755169752,0.9668777292276336,0.9912578420670698,0.0696765941617611,0.03417932220120517,0.015092305302029195,0.006997598975311819,6.610696135189607e-05,0.28165064389761485,0.12299488257496845,6.610696135189607e-05,6.610696135189607e-05,0.540042723482752,2.7792110402225703e-05,0.7044761712569636,1.0,0.9418191480335845,0.5894882359198695,0.9178560480916226,0.06389441630291728,0.2446647837754533,0.0,9.811036201952892e-07,0.03141464014415733,0.4737325715355173,0.04379438712910419,0.006045926073592838,0.01935123918379539,0.9999338930386481,0.16804194590663926,0.22260468021083044,0.3176438686341834,0.4214269320655303,0.7830107012398885,0.200323703311593,0.0,0.05815646175430817,0.41051127631482387,0.08214395190837744,0.8419078494775816,0.3836305407075716,0.03312227077236641,0.00874117682931003
0.017046799926943225,0.3155158819647003,0.20605986624076197,0.049160042923182094,0.03715386787527955,6.610696135189607e-05,0.11917997707155456,0.030763869246611033,0.06748060139338473,0.3144610430355756,0.2206472253887987,0.0955896326731486,0.0,2.082534827848851e-05,3.8520053305875556e-07,0.0,0.09585801541979581,0.3721053474935297,0.9666947424295124,0.9915637210704559,0.06968929511580106,0.03412781682620585,0.015103024833954988,0.007007163601232444,6.610696135189607e-05,0.2820537374314206,0.12318916817097986,6.610696135189607e-05,6.610696135189607e-05,0.5397782909854678,2.2984943373879362e-05,0.7044520659168395,1.0,0.9417121233102186,0.5896974217560655,0.9175914893489795,0.06415906348159169,0.24487660747709722,0.0,9.701430489446992e-07,0.031418685643086836,0.4744534087971202,0.04301576413847465,0.005943894742712699,0.01930472762532686,0.9999338930386481,0.16887431936059158,0.22357905503076142,0.32017537255581735,0.4219815428166622,0.7793297896678274,0.19995830141001195,0.0,0.05826705134150291,0.4103021930434015,0.08240851065102055,0.8399829210986125,0.3830180450293731,0.033305257570487586,0.008435308786495177
0.017069819908557375,0.31574261678883625,0.2062837498562491,0.04924992130856167,0.037184384875735464,6.610696135189607e-05,0.11867593301387032,0.030577086889916037,0.06713662928586202,0.31422345532170953,0.22418766367438223,0.09597406347368446,0.0,1.7775835999007764e-05,3.042121712142018e-07,0.0,0.09756857855735421,0.37251055052602566,0.9665150371486579,0.9918586565417807,0.06970150480720368,0.034073059070101414,0.015113184197050458,0.007016461823183467,6.610696135189607e-05,0.28245349639333056,0.1233799105637005,6.610696135189607e-05,6.610696135189607e-05,0.5395291036149458,1.898866695653443e-05,0.7044201272409065,1.0,0.9415977461185334,0.5898936515478492,0.91730814828975,0.06442104239651213,0.24508306351947126,0.0,9.598497912064848e-07,0.03142423538188777,0.4751943588366608,0.042236465640594856,0.005845306706419702,0.01925642938370964,0.9999338930386481,0.16970436291314892,0.22454221964521606,0.3226873252239494,0.4225205266755901,0.7757933476586613,0.19960580928540908,0.0,0.05838447804546757,0.4101060442399796,0.08269185171024997,0.8380103790461336,0.38240638595450316,0.0334849628513421,0.008140383608428108
0.01709135399425294,0.31595685872877816,0.20649564460413805,0.04932710277336874,0.03721756067384903,6.610696135189607e-05,0.11820975432330583,0.030401624478493365,0.06683768298006575,0.3139979606171596,0.22758505137770518,0.09635312009547282,0.0,1.5168122993917625e-05,2.402631836656946e-07,0.0,0.09932819485393268,0.37292195647117166,0.9663387470268692,0.992143182732236,0.06971304617357937,0.03401519375917642,0.015123090155551381,0.0070253323276352215,6.610696135189607e-05,0.2828480384792052,0.12357029857621567,6.610696135189607e-05,6.610696135189607e-05,0.5392943160035519,1.5671852046785208e-05,0.7043808005800615,1.0,0.9414762075641595,0.5900768932549816,0.9170068832723908,0.06468010898311316,0.24528374800152417,0.0,9.501740188387825e-07,0.031431355764783876,0.47595688539351305,0.04145512100702368,0.005750756407857041,0.019239847880244125,0.9999338930386481,0.17054053426665808,0.22548852854832246,0.3250017663107778,0.4230187300460082,0.772399276770248,0.1992660793244657,0.0,0.05850862431284663,0.40992286648183474,0.08299311672760923,0.8359916961629542,0.38179429552730415,0.03366125297313084,0.007855867093745153
0.017111645268924332,0.3161583469740316,0.20669536846187392,0.04939917880426502,0.03724190681744599,6.610696135189607e-05,0.11777535609605091,0.030242408813143603,0.0665546324560941,0.3137859412790714,0.23084392563694456,0.09672425022429591,0.0,1.2936646417964337e-05,1.8976660491854715e-07,0.0,0.1011228018877641,0.3733406535946749,0.9661668128705074,0.9924175075300746,0.06972421447259805,0.03395604405644966,0.015132665088975995,0.007033719887378482,6.610696135189607e-05,0.2832398858281454,0.12376178526872007,6.610696135189607e-05,6.610696135189607e-05,0.5390753662484554,1.29235038859633e-05,0.7043416763408666,1.0,0.941351541179627,0.5902564864104064,0.9166936173336178,0.0649380335717481,0.24548231095281642,0.0,9.410721120441494e-07,0.03144039553904891,0.4767536674435154,0.040708666199146995,0.005661249679876889,0.019197490013409764,0.9999338930386481,0.17131593873222517,0.2263924028305469,0.3273814803223826,0.4235068458119097,0.7691431508591695,0.19893407343483754,0.0,0.05863552217395504,0.4097433238229888,0.08330638266638225,0.8339391645404878,0.38117703545250875,0.033833187129492535,0.007581551397813308
0.017130267797597822,0.3163442197757879,0.20687668561991404,0.04946345109360312,0.03727267173894705,6.610696135189607e-05,0.11742189800266055,0.030099083555292762,0.06626477478869353,0.31358267529326517,0.23396315132748452,0.09708973271093821,0.0,1.1029847455660895e-05,1.4988779491554912e-07,0.0,0.1029546180819621,0.3737702997003311,0.9659986369291237,0.9926824396848817,0.06973418458295834,0.0338935990992077,0.015140940944448558,0.007041532215381836,6.610696135189607e-05,0.28362204802507746,0.12395493204036802,6.610696135189607e-05,6.610696135189607e-05,0.5388703220063017,1.064904098774161e-05,0.704296768743117,1.0,0.9412215380397786,0.590427249121323,0.9163668131163412,0.06519562443901555,0.24567695994578112,0.0,9.324922106700852e-07,0.031451028974197735,0.4775664489369826,0.03995428677051076,0.005576874405725049,0.019148599310021112,0.9999338930386481,0.1721008381194068,0.22728775795113984,0.329754484231595,0.4239868354884046,0.7660261996315277,0.19861349854594482,0.0,0.058767432112765756,0.40957260099088205,0.08363318688365885,0.8318497574790223,0.3805527403538878,0.03400136307087635,0.007316627822907627
0.017147365383037995,0.3165148406154567,0.20703887510201963,0.049521175006405085,0.03730813749490005,6.610696135189607e-05,0.1171038800219515,0.029982847229027346,0.06597600066112502,0.31339155245274697,0.2369450457048938,0.09745036089123031,0.0,9.40167546324228e-06,1.1838915252106207e-07,0.0,0.10482469357160787,0.37421407359209213,0.9658333582765671,0.9929383808220208,0.06974270432164066,0.03382839636681688,0.015148712525968612,0.007048708050013894,6.610696135189607e-05,0.2839963098665738,0.12414755015539211,6.610696135189607e-05,6.610696135189607e-05,0.5386801334802818,8.768907797831327e-06,0.704243449931828,1.0,0.9410854058718483,0.5905818951589906,0.9160253776430228,0.06545144346021031,0.24586539126965476,0.0,9.24389859234627e-07,0.0314630663690218,0.4783972947975146,0.039190414697863,0.005497722358903823,0.01909631483877521,0.9999338930386481,0.1728955050685098,0.2281765009459841,0.3320933639391932,0.4244567667248063,0.7630461853873084,0.19830618917694182,0.0,0.058905192452688444,0.40941798645185684,0.08397462235697717,0.8297238629681818,0.37992053513825313,0.03416664172343292,0.0070606947881199505
0.017162869591905727,0.31666896407906864,0.20718865279285484,0.04957001330978327,0.03734664076458608,6.610696135189607e-05,0.11681900816900256,0.02989317626296199,0.06569369844675364,0.31321175479172225,0.23979337099243353,0.09780613035335614,0.0,8.012080249858264e-06,9.350884218340487e-08,0.0,0.1067330735813769,0.3746742387460094,0.9656709256418817,0.9931857731214642,0.06975021723761246,0.03379378960083293,0.01515620372227757,0.007055279787706978,6.610696135189607e-05,0.2842689834959347,0.12433032444508357,6.610696135189607e-05,6.610696135189607e-05,0.5384363017801792,7.216483764746925e-06,0.7041822015436666,1.0,0.9409434264162428,0.5907178607865791,0.9156694219286708,0.06570468944667922,0.24604756813492654,0.0,9.167278240953452e-07,0.03147659070963289,0.4792477000156984,0.038424747889293745,0.005423600103403233,0.01904175234255671,0.9999338930386481,0.17368913936155486,0.22904646224247185,0.3343863231420124,0.4249148466636035,0.7601994125238017,0.19801166810297718,0.0,0.05904856150350735,0.40928204570457866,0.0843305780713291,0.8275622369719439,0.3792781931190641,0.034329074358118286,0.0068133101507117195
0.01717690605776689,0.31680499461728645,0.20732669518857114,0.049610135697736056,0.03738744294769937,6.610696135189607e-05,0.11657071916677614,0.029829469657662117,0.06541999458615422,0.31304228043918747,0.24251076661554763,0.09815117760169555,0.0,6.825251482219572e-06,7.385274792864794e-08,0.0,0.10867831284275553,0.3751513654518412,0.9655111531869979,0.9934249952520182,0.06975812706573453,0.03374428331727485,0.015163895445907896,0.007061147626860949,6.610696135189607e-05,0.284594242105604,0.12451374439057523,6.610696135189607e-05,6.610696135189607e-05,0.538227127014985,5.936008817022845e-06,0.7041469542716972,1.0,0.9408169817523181,0.5908634078235151,0.9153319171055062,0.06595546170732373,0.2462318738035612,0.0,9.094584941930943e-07,0.03149279130281208,0.48010904967250273,0.037660297303812554,0.005354853222548864,0.018985743171054746,0.9999338930386481,0.17448310786480717,0.22989761020620172,0.3366231372325722,0.42536197659760167,0.7574832973756354,0.19770186812660726,0.0,0.059176192996199674,0.409136518323737,0.08466808289449378,0.8253662254499208,0.37861676074459755,0.03448884681300208,0.0065740952894875766
0.01718916231590962,0.31692930467747427,0.20745141397363778,0.04964139020580275,0.03743005693685104,6.610696135189607e-05,0.11635871220152127,0.029791615047636673,0.06515700346247173,0.312882389924195,0.24509870057762193,0.09849055499820043,0.0,5.813009555340633e-06,5.832530604866882e-08,0.0,0.11065675766486371,0.3756472612578927,0.965353719888626,0.9936563834735045,0.06976450113824571,0.03368715072389761,0.015171261161444337,0.007066339615321231,6.610696135189607e-05,0.2849268093076365,0.12469825330862006,6.610696135189607e-05,6.610696135189607e-05,0.5380460574519252,4.880696152881e-06,0.7041116582922242,1.0,0.9406922191825778,0.590995594317904,0.9149944611388918,0.06620254813969301,0.24641202639715118,0.0,9.025431930420651e-07,0.031509932286464246,0.48099211496908395,0.03689166395022036,0.00529135257869607,0.01893501287845451,0.9999338930386481,0.175281119369967,0.23073820966579855,0.338770168786595,0.4257908919263461,0.7548964187262253,0.1973977867095753,0.0,0.05930196780786684,0.40900434735679,0.08500553886110815,0.8231406941954433,0.3779407123449561,0.0346462801113741,0.006342713983302497
0.017200026834651955,0.31704080655587485,0.20756437937233435,0.0496640863629561,0.03747225378362046,6.610696135189607e-05,0.11618130368610532,0.029778690545967705,0.06491067601003733,0.3127320718149567,0.2475620876010371,0.0988245632257234,0.0,4.950017592493682e-06,4.605976309989558e-08,0.0,0.11266367821030196,0.3761630689553411,0.9651988491380337,0.9938802430413164,0.06976952795611369,0.03362535254912615,0.015178216245569578,0.007070806415856349,6.610696135189607e-05,0.28525539861267696,0.12488385862798024,6.610696135189607e-05,6.610696135189607e-05,0.5378885955795784,4.011725285648094e-06,0.704071101651494,1.0,0.9405651102424541,0.5911110065698513,0.9146508077174338,0.06644667994212851,0.24658768520265753,0.0,8.959527054875275e-07,0.03152845219385485,0.48190011962715085,0.03612546418974289,0.005232986619021908,0.0188482370349936,0.9999338930386481,0.17606611820744428,0.23155535882286588,0.34104622715160876,0.4262312251428519,0.7524339006736773,0.19710433512278258,0.0,0.059429939739953384,0.4088889473703856,0.08534919228256624,0.8208896418475695,0.3772492458420013,0.0348011508619663,0.006118861005978153
0.01720915279568854,0.31713628274364686,0.2076633490153535,0.049677097934851526,0.03752562267294006,6.610696135189607e-05,0.11604911685066625,0.02979168109247228,0.06464490178629234,0.31259044056919716,0.24990307390088448,0.09915633097661328,0.0,4.215525629164258e-06,3.6369389848111274e-08,0.0,0.1147105155177209,0.3767043551610994,0.9650457425043771,0.9940971636430876,0.06977269263833583,0.03355788416719586,0.015184390935810529,0.007074635269962969,6.610696135189607e-05,0.2855722941518968,0.1250688434821122,6.610696135189607e-05,6.610696135189607e-05,0.5377494639191934,3.2965949551404088e-06,0.7040157549643434,1.0,0.9404299338798089,0.591198813294505,0.914292756267373,0.06668672302516832,0.24675423256527956,0.0,8.896532598380887e-07,0.03154822248498068,0.4828172453653984,0.03532678506271723,0.005179523112347215,0.018784448029981183,0.9999338930386481,0.17693271892702467,0.23237920855811728,0.3431496240180329,0.4266373599439541,0.7500936295041604,0.19682791405904337,0.0,0.05956585059456204,0.40880115033610526,0.08570724373262699,0.8186027614571108,0.3765414122736211,0.034954257495622906,0.005901946703652506
0.01721694030699342,0.3172183854881867,0.20775056486128457,0.04968267399940535,0.03757603762508694,6.610696135189607e-05,0.1159388264543639,0.029829364731903767,0.06440210516869183,0.3124593608110475,0.2521251461536602,0.09948259878794449,0.0,3.590007085314419e-06,2.8713822598563212e-08,0.0,0.11678659772228682,0.37726688831281313,0.964894371545334,0.9943071366363345,0.06977552775558636,0.033488058484877896,0.015190513624318367,0.0070777296388572246,6.610696135189607e-05,0.28588284465191366,0.1252796606097037,6.610696135189607e-05,6.610696135189607e-05,0.5376177055806792,2.7084127984223457e-06,0.7039514512639015,1.0,0.940288831166795,0.5912649084688177,0.9139221984499732,0.06692149945035637,0.24691334069840498,0.0,8.836231671292378e-07,0.03157021432381068,0.4837625165124247,0.034533389152913825,0.00513088854503644,0.01872550222855538,0.9999338930386481,0.17776580200506487,0.23315066306122564,0.34517060561398955,0.427034140554021,0.7478721454335414,0.19656594994815396,0.0,0.059707578826119725,0.40873506281735966,0.08607780155002678,0.8162919028273569,0.37581977098878194,0.03510562845466597,0.005691979740498444
0.017223299257590877,0.31728669960807815,0.20782791984668458,0.04968082736311948,0.03762448758851659,6.610696135189607e-05,0.11586049852806414,0.029892213105848886,0.06417828021616633,0.31233657671061954,0.254235163621724,0.0998018647629171,0.0,3.0571486812055374e-06,2.2667176559917885e-08,0.0,0.11888735361337825,0.37785124877995163,0.9647453785239106,0.9945104635550683,0.06977788997911259,0.03341518041920089,0.01519577902287274,0.00708024347856891,6.610696135189607e-05,0.28618938617706274,0.1254739267852386,6.610696135189607e-05,6.610696135189607e-05,0.5375065142368518,2.2249880490665688e-06,0.7038809393085246,1.0,0.9401424928225702,0.5913137740772321,0.9135394701807984,0.06715331634707968,0.24706635969977875,0.0,8.778321670562844e-07,0.031593608225134184,0.48473258323706003,0.03372212171637514,0.005087220370398302,0.01866738767659063,0.9999338930386481,0.17861488110501017,0.23394239024203015,0.34713566149355374,0.42741950661643613,0.7457626113902269,0.1963171959285583,0.0,0.05985445002874852,0.40868620325559135,0.08646052981920163,0.813959330039542,0.3750823915202697,0.03525462147608939,0.005488658612764588
0.017228420167602846,0.3173408724551875,0.20789748226837063,0.049670405769489896,0.037672513546213246,6.610696135189607e-05,0.11581379292776907,0.029977624851499258,0.06396736471331624,0.3122224033276178,0.25624173976977155,0.10011509292067848,0.0,2.6032861675024752e-06,1.7891580388482576e-08,0.0,0.12101213591809842,0.37846165182920843,0.9645989383563783,0.9947073929829333,0.06977902340833486,0.033339346652654915,0.015201022291633386,0.00708204627980769,6.610696135189607e-05,0.28648645593387645,0.1256629406194288,6.610696135189607e-05,6.610696135189607e-05,0.537412543170247,1.8278259467605267e-06,0.7038038747825721,1.0,0.9399913446125014,0.591345629355265,0.9131445588861005,0.06738239725963692,0.2472125757529205,0.0,8.722406838323265e-07,0.03161840554326882,0.48572671731416256,0.03291280002310395,0.005024998740641494,0.01860988234810797,0.9999338930386481,0.1794530949679422,0.23479660021767182,0.34913194898814454,0.42780223346748975,0.7437564324042817,0.19608103229674942,0.0,0.060006052101330996,0.4086543527531546,0.08685544111389959,0.8116054668222646,0.3743257724178711,0.03540106164362162,0.005291734776382857
0.017232162917812155,0.3173857544492135,0.20794758277130032,0.04966086392692991,0.037720644656342096,6.610696135189607e-05,0.11579325042607883,0.030062216100866054,0.0637692697191153,0.31212054587477894,0.2581847954422304,0.10042791973403054,0.0,2.216687543513507e-06,1.4120715350318548e-08,0.0,0.1231611410703653,0.3790931431382031,0.9644552675095682,0.9948980908388226,0.06978007910321657,0.033259929671198916,0.015205689629570713,0.0070852525185643115,6.610696135189607e-05,0.28678628116971944,0.12585005524354181,6.610696135189607e-05,6.610696135189607e-05,0.5373267842929207,1.501667715968685e-06,0.703719405868141,1.0,0.9398336844348374,0.5913860086623435,0.9127343520168709,0.06761120812007157,0.24735008034770384,0.0,8.668181745537802e-07,0.03164390892287751,0.4867366232212873,0.03210053237962525,0.004958332073480414,0.018552169396264057,0.9999338930386481,0.18030946312588636,0.23566463775953903,0.3512247231381141,0.42816876975700546,0.7418137028900537,0.19585267439782855,0.0,0.06016409887761909,0.4086139772169412,0.08726564798312915,0.8092276508095632,0.3735567765140931,0.03554473249043183,0.005101042343002772
0.017234748391407248,0.3174211524663553,0.20797990649443174,0.04965223672467772,0.0377680776560662,6.610696135189607e-05,0.11579008323648995,0.03014575952643495,0.0635756138630328,0.3120310709597604,0.26007646863601414,0.10074146039957468,0.0,1.8874424340865108e-06,1.114362994037438e-08,0.0,0.1253306299100656,0.3797415781765308,0.964314366352121,0.9950827765627727,0.06978183687448104,0.03317753856536625,0.01520998275639719,0.007089137137905989,6.610696135189607e-05,0.2870925099347751,0.1260353766755491,6.610696135189607e-05,6.610696135189607e-05,0.5372474421169267,1.233836377479589e-06,0.7036268877909215,1.0,0.9396684079322564,0.5914372080427858,0.9123095897302945,0.06783938813197007,0.24747815649928365,0.0,8.615415422861809e-07,0.031670446130148126,0.4877640070136141,0.03128087495671489,0.004911476734857783,0.018493681756811667,0.9999338930386481,0.1811753375838223,0.23647136649577286,0.3532908939201347,0.42851542302573664,0.7399222975276084,0.1956316518095038,0.0,0.060329704625309476,0.4085627808135844,0.0876904102697055,0.8068299819579643,0.37278026532418557,0.03568563364787899,0.004916361895685087
0.017236493721768602,0.31744457388697744,0.20800689924138077,0.04963530111896809,0.03781490950868868,6.610696135189607e-05,0.11581062382351719,0.030258353828567574,0.06338268420835835,0.3119471765289241,0.2618914959688072,0.1010505856325781,0.0,1.6071018019113106e-06,0.0,0.0,0.1275147659135225,0.3804098307448533,0.9641760790255357,0.9952617369838928,0.06978307339968091,0.03309534521585194,0.015214170784146785,0.007091393223726541,6.610696135189607e-05,0.28738590290671506,0.12622236475176105,6.610696135189607e-05,6.610696135189607e-05,0.5371749876494747,1.0138961105998427e-06,0.7035273940745905,1.0,0.939496956862604,0.5914739446416877,0.9118739134130518,0.06806524481111413,0.2475993493317867,0.0,8.563874621243966e-07,0.03169856275640833,0.4888162548495252,0.030485779448857775,0.00486417930413353,0.018431717430781494,0.9999338930386481,0.18199253698880186,0.23726667494246195,0.35528352342981206,0.428854205193352,0.7381074901350823,0.19542202029283137,0.0,0.06050143603559414,0.4085260553583123,0.08812608658694826,0.8044199892753633,0.3719908199233601,0.03582392097446426,0.00473740662864517
0.017237326788494056,0.31746242114826273,0.2080210106373889,0.0496112341990526,0.03786351899751437,6.610696135189607e-05,0.11586600740308813,0.03038561112455902,0.06319639517011096,0.3118691300643536,0.26363490487545777,0.1013552899456888,0.0,1.3683976331703564e-06,0.0,0.0,0.12970974881340314,0.38109560464748193,0.9640403126880563,0.9954351986423635,0.06978348474197851,0.03301224396045976,0.015217339930060176,0.007093275706717236,6.610696135189607e-05,0.28767048575672816,0.12641240150236896,6.610696135189607e-05,6.610696135189607e-05,0.5371091647056407,8.333152337910692e-07,0.7034238702394666,1.0,0.9393211379868344,0.5915049967174051,0.9114288656447191,0.06829089744808291,0.24771568292467344,0.0,8.513300311154209e-07,0.0317279824507671,0.4898849249089143,0.029677497322593064,0.00481794660642472,0.01836830005126638,0.9999338930386481,0.18282795952120848,0.23805923615217384,0.35727204098686116,0.42918950011340157,0.7363642618093085,0.19522083981484464,0.0,0.060677493615532464,0.40849500328259497,0.08857113435528083,0.8019993537385139,0.37118871242784457,0.035959687311943614,0.004563950027605405
0.017237201119733106,0.31747139993439094,0.2080235632251492,0.04958291001959932,0.037912959268508524,6.610696135189607e-05,0.11594936635778981,0.030525707588131126,0.06301598342937292,0.3117976747055817,0.2653146637038529,0.10165645179525504,0.0,1.1651761944022175e-06,0.0,0.0,0.13191585988615986,0.3818001972894435,0.9639073010835488,0.995603362146152,0.06978334708215173,0.03292792794895536,0.015220170900655425,0.007094998726128373,6.610696135189607e-05,0.2879392908071162,0.12660202890218045,6.610696135189607e-05,6.610696135189607e-05,0.537053010719985,6.850514327236901e-07,0.7033165214858486,1.0,0.9391414993826944,0.5915303935855679,0.9109756761763295,0.06851607475999939,0.2478264554594659,0.0,8.463490106670565e-07,0.031758401051785554,0.49099039026873903,0.028854964549465952,0.004773106050897955,0.01830401330219032,0.9999338930386481,0.1836812686242552,0.2388532578064911,0.35925652939177094,0.42951281954459575,0.7346846512447144,0.1950270267188964,0.0,0.060857335441111146,0.4084696064144321,0.08902432382367059,0.7995680653538408,0.3703733472510906,0.036092698916451185,0.004395791504837361
0.017236227224133677,0.31746979894006366,0.20801604451056738,0.04955082462418641,0.037962893316155696,6.610696135189607e-05,0.11605740727095727,0.0306779134029591,0.06284106197487567,0.31173293448028316,0.26693680127376596,0.10195424636794254,0.0,9.921702907080308e-07,0.0,0.0,0.13413382040800997,0.3825237229714931,0.9637771213796968,0.9957664009688288,0.06978245665223856,0.03284199897312738,0.015222839220782247,0.00709652151325972,6.610696135189607e-05,0.28820683245502615,0.1267913024555417,6.610696135189607e-05,6.610696135189607e-05,0.5370038154918155,5.633266334988787e-07,0.7032068059975554,1.0,0.938958472363925,0.5915527757277426,0.9105150508875061,0.06874233144188652,0.24793285659519493,0.0,8.414218878961268e-07,0.03179012312624029,0.4921035666988229,0.0280303289227373,0.004729462095060969,0.018239128293351854,0.9999338930386481,0.18453677218894926,0.23966220316179968,0.36123529998101805,0.4298311786614037,0.7330626353996006,0.1948389476345021,0.0,0.061040535465784286,0.40844722427225744,0.089484949112494,0.7971238481501035,0.369543420433312,0.036222878620303205,0.004232757609283277
0.017234389908799587,0.31746251304632783,0.20799789101110944,0.049514616218872196,0.03801300943223938,6.610696135189607e-05,0.11618879465584471,0.030806858368904233,0.0626682206910957,0.31167833136879164,0.26850571210074775,0.10224903622775196,0.0,8.448938129525647e-07,0.0,0.0,0.13636031153870842,0.38326527026336055,0.963649612389298,0.9959244630070192,0.06978121275583557,0.03275493318525368,0.015225203190661797,0.007097843659059109,6.610696135189607e-05,0.28849177235550155,0.12698119077372907,6.610696135189607e-05,6.610696135189607e-05,0.5369543381917716,4.6337567024051037e-07,0.7030937775607612,1.0,0.9387721404717553,0.5915708818973356,0.9100473320379641,0.06896857015643194,0.24803378818896724,0.0,8.365280202094558e-07,0.03182270820825363,0.493229039951139,0.027202074935600073,0.004686665520602417,0.018173683216460526,0.9999338930386481,0.18539423333914815,0.24046385825942915,0.36320702360650836,0.4301459397358418,0.7314938245235821,0.19465718621148687,0.0,0.0612270146344318,0.4084291181026644,0.08995266796203598,0.7946711183048597,0.36870094154767225,0.03635038761070202,0.004074700464960641
0.017231666145226292,0.3174468712645544,0.20796787663130814,0.04948084557686062,0.03806270454024535,6.610696135189607e-05,0.1163428038331276,0.03095680783698692,0.06250318884610452,0.31162730777641623,0.27002770724178604,0.10254171397461527,0.0,7.195343827425463e-07,0.0,0.0,0.1385924634102644,0.3840244722873281,0.9635245553710514,0.9960776952917959,0.06978014629504184,0.032666349025964735,0.015227239961487046,0.007099101899272182,6.610696135189607e-05,0.2887800448734717,0.12717231226081524,6.610696135189607e-05,6.610696135189607e-05,0.5369061543860075,3.812902217687464e-07,0.7029771269488156,1.0,0.9385825740100022,0.5915865202453264,0.9095735446852947,0.06919466831223742,0.24812975287116218,0.0,8.316560689773984e-07,0.03185590069045222,0.4943667210160211,0.026371015653330228,0.004644778804459592,0.018107676464853954,0.9999338930386481,0.1862520328116385,0.24127345975596312,0.365171545538875,0.43045581942074135,0.7299719114679922,0.19448115907656907,0.0,0.06141670645561504,0.4084134797546736,0.09042645531470529,0.7922128682774982,0.36784577484150977,0.036475444628948556,0.0039214730521350705
0.017228321814973416,0.3174278080089051,0.20792943007880935,0.04944297089546998,0.0381125441831852,6.610696135189607e-05,0.1165170003942861,0.03112275292828315,0.06234545145524088,0.31157993768217035,0.27150547611973097,0.10283222013970054,0.0,6.128185258581125e-07,0.0,0.0,0.14082789968538317,0.3847986464285482,0.963402041618647,0.9962262171338886,0.06977932916611115,0.03257651636060965,0.01522914946649782,0.007100199708547308,6.610696135189607e-05,0.2890365818360057,0.12736610886203711,6.610696135189607e-05,6.610696135189607e-05,0.536871290317685,3.1386311218329035e-07,0.7028569039135185,1.0,0.9383895826505074,0.5915998097815278,0.9090936417905005,0.06942038117813633,0.24822072444168666,0.0,8.267884943182904e-07,0.0318897136659258,0.4955179338689551,0.025536639476616288,0.004636492429397709,0.0180408533033715,0.9999338930386481,0.1871162560779361,0.24196347684594044,0.3669842446900292,0.4307460825106926,0.7284942100171569,0.19431087594678098,0.0,0.06160980453096671,0.4084001902184722,0.09090635820949952,0.7897517191364805,0.36698062912976515,0.03659795838135303,0.0037729560776171276
0.017224693875164065,0.3174020650280392,0.2078942018739848,0.04938858789100043,0.038162192132631396,6.610696135189607e-05,0.11672469462012627,0.031332395021913095,0.062187542846475,0.3115299253662351,0.2728906402029287,0.10311037998719082,0.0,5.219881657180887e-07,0.0,0.0,0.1430582670394195,0.385593520200971,0.9632819370927493,0.9963702408679972,0.06977619839690281,0.032486858481939725,0.01523075764785887,0.007098279633183706,6.610696135189607e-05,0.289298769462303,0.1275605929952183,6.610696135189607e-05,6.610696135189607e-05,0.5368460053749948,2.5845996362725e-07,0.7027353686261085,1.0,0.9381957447301684,0.5915760516320615,0.9086131610153683,0.0696434923317059,0.24830966887200606,0.0,8.219084287395144e-07,0.03192547207966197,0.4966916976012267,0.02469679103206341,0.004617171280146965,0.017974403961455065,0.9999338930386481,0.18798666873728948,0.24269747538976424,0.368674874499232,0.43103598547262856,0.7271091013371077,0.19415425138670062,0.0,0.061803733281665836,0.40842394836793855,0.09138683898463174,0.7872982406288745,0.36609681092702295,0.03671806290725071,0.003628937223574059
0.017220255204376592,0.317372289944944,0.20784752965455985,0.049328821081723095,0.03821333332788737,6.610696135189607e-05,0.11696078396748447,0.03155454607866322,0.06204590601489805,0.3114842700069744,0.27421269113745966,0.10338128304136053,0.0,4.446643315678889e-07,0.0,0.0,0.14528598349333344,0.38640750245423083,0.9631646843943407,0.9965098495672944,0.06977205255550803,0.03239592876847804,0.01523186115704636,0.0070967055447089524,6.610696135189607e-05,0.2895228155171253,0.12775132602592676,6.610696135189607e-05,6.610696135189607e-05,0.5368391429639695,2.1293378634965526e-07,0.7026135946069628,1.0,0.9380015153866929,0.5915425230420399,0.9081297297852834,0.06986637925351337,0.2483958820010355,0.0,8.169974925444109e-07,0.03192872107355916,0.49786562473989526,0.023849945500729868,0.004592831854559321,0.01790825940825459,0.9999338930386481,0.1888561324775722,0.243447475184814,0.3703876165792493,0.4313611123656827,0.725787095928754,0.19400512235167666,0.0,0.06199803994897555,0.4084574769579601,0.0918702702147166,0.7848476372531532,0.36519661554473365,0.0368353156056593,0.003489333435213094
0.017219226706807634,0.31733665979227627,0.20779102933040233,0.049267965998551363,0.03826363631118185,6.610696135189607e-05,0.11722095129316368,0.03178034032398648,0.061911862082431,0.31144232772972313,0.27549088595506266,0.10364532833063737,0.0,3.7882364879701607e-07,0.0,0.0,0.14750516641445302,0.38722905436437066,0.963051079095875,0.9966449006409714,0.06977379398975157,0.032304154053588933,0.015233097234700493,0.007095941779330961,6.610696135189607e-05,0.28981605095297425,0.12795097199595196,6.610696135189607e-05,6.610696135189607e-05,0.536817091147642,1.7554152434942067e-07,0.7024974609789579,1.0,0.9378067592472612,0.5915314409447626,0.9076478984444362,0.07009363439350347,0.24848587551630635,0.0,8.120371350147988e-07,0.031956442541382975,0.49904167949687916,0.023030333216498937,0.004565246266245704,0.017842298486494077,0.9999338930386481,0.18966971952927092,0.24417520928668723,0.3720998256605987,0.4316724177003456,0.724508938503413,0.19385721069040474,0.0,0.062192861929090064,0.4084685590552374,0.09235210155556381,0.7824011991920435,0.36428507011932293,0.03694892090412504,0.0033542873218935913
0.017215714449136384,0.3173038650349394,0.2077219476732578,0.04920752670344636,0.03831377167081801,6.610696135189607e-05,0.11750794373275675,0.03200698364970484,0.061787415876578745,0.31140382854441845,0.27673517835699796,0.10390685670570339,0.0,3.2276782153593284e-07,0.0,0.0,0.1497154230907417,0.38806442160840915,0.9629414944177325,0.9967757084511953,0.06977258852797229,0.032210889552616265,0.015233672359264526,0.007095591711357216,6.610696135189607e-05,0.2900769689813395,0.1281547654496867,6.610696135189607e-05,6.610696135189607e-05,0.5368024520458179,1.447967874975659e-07,0.7023766027182984,1.0,0.9376086521568748,0.5915233061754042,0.9071626602935472,0.07032121489587329,0.24856874686010721,0.0,8.069974563124663e-07,0.03198874545065995,0.5002284803250994,0.022204048895716196,0.004536154640581413,0.01777623382554046,0.9999338930386481,0.19049483157855043,0.24491388903646688,0.37384632534789264,0.4319739285540809,0.7232646768462145,0.1937165405759982,0.0,0.06239102507530366,0.4084766938245959,0.09283733970645278,0.779963362013385,0.36336683153148364,0.03705850558226748,0.0032234845513483927
0.01721077404861913,0.31726920227817745,0.20764251565075173,0.04914749871567719,0.038363429741123146,6.610696135189607e-05,0.11781225651380933,0.03226702239258659,0.061670071447125156,0.31136609770946866,0.27795268545088464,0.10416604958705701,0.0,2.750387677529695e-07,0.0,0.0,0.15191720725246413,0.3889130252083874,0.9628359526407916,0.9969024333024313,0.06977004929370047,0.03211689373648909,0.015233973969915385,0.007095402226782462,6.610696135189607e-05,0.2903497979457984,0.12835663577604298,6.610696135189607e-05,6.610696135189607e-05,0.5367864239311656,1.1950507154162328e-07,0.7022510069316056,1.0,0.9374067337616839,0.5915135251425394,0.9066728549477298,0.0705485271475032,0.24864387509704916,0.0,8.018822232639177e-07,0.03202330946486816,0.5014263731538261,0.02137618293305725,0.004505922299410801,0.01771027731399348,0.9999338930386481,0.19135663767160585,0.24565721868871704,0.3756176013691016,0.43224997928729514,0.7220471950440438,0.1935829434813374,0.0,0.06259299119954838,0.4084864748574606,0.09332714505227023,0.7775342656000327,0.3624430996945635,0.0371640473592084,0.0030967648153454163
0.017205014286929204,0.3172345878923137,0.20755183963958385,0.04908221829336844,0.038413093998463266,6.610696135189607e-05,0.11809351132491701,0.0325148170737503,0.06155749041730552,0.3113406300489174,0.2791418202591392,0.10442187896635777,0.0,2.3439433145530648e-07,0.0,0.0,0.1541068691147939,0.38976924220134024,0.9627345429446735,0.9970251825468168,0.06976769019828367,0.03202245873658493,0.015234193585671232,0.007095366466437091,6.610696135189607e-05,0.29060942341799684,0.12854834273915475,6.610696135189607e-05,6.610696135189607e-05,0.536779800535201,9.868627060830426e-08,0.7021234246780043,1.0,0.9372017996507083,0.591506521699727,0.9061804278117457,0.07077491974832432,0.24871278087671592,0.0,7.966868586253625e-07,0.032059724427048984,0.5026346117191397,0.02053365211851991,0.004474782109001202,0.017645173876215028,0.9999338930386481,0.19222315216105104,0.2464105321645628,0.37739834338200995,0.43252737712643485,0.7208580810545901,0.193454696355638,0.0,0.06279796595496026,0.4084934783002731,0.09381957218825426,0.7751182111368817,0.3615179769219438,0.03726545705532642,0.0029740207663246274
0.017198315740884772,0.317191813738382,0.20745875720761892,0.049017699443829034,0.038460402203454314,6.610696135189607e-05,0.11838800051824472,0.03275483829508619,0.06145269910037341,0.3113206871931303,0.2803133356992333,0.104676393555977,0.0,1.9978427802752715e-07,0.0,0.0,0.15628728888748397,0.3906371110985897,0.9626380900463889,0.9971441265185971,0.06976457201608252,0.03192705659380942,0.015234666328505056,0.00709546337988186,6.610696135189607e-05,0.29086175815262916,0.12873629212893103,6.610696135189607e-05,6.610696135189607e-05,0.5367783471120159,8.154178609521391e-08,0.7019931966058599,1.0,0.9369940042396939,0.5914998314253122,0.905685324689099,0.07100042313616928,0.24877532078677125,0.0,7.914061175871483e-07,0.03209666663056945,0.5038519732073183,0.019700968891642814,0.004446189131698822,0.01754695582301265,0.9999338930386481,0.1930641869219822,0.24714681308110886,0.37938284376871867,0.43282528338283266,0.7196865827589806,0.19333040983816313,0.0,0.06300579597602801,0.40850016857468785,0.09431467531090099,0.7727122879763467,0.36058756811463905,0.03736190995361105,0.002855082075285291
0.0171908435957163,0.31714554295878516,0.20735677842703046,0.04895181487057049,0.03851738601483764,6.610696135189607e-05,0.11870983270869954,0.032993861576606366,0.061317703063660335,0.3113029889401625,0.2814616546706549,0.10493133755273394,0.0,1.7034725748662672e-07,0.0,0.0,0.1584716668114095,0.3915184391868841,0.9625450592762909,0.9972594382176967,0.06976072441254107,0.03182917610482713,0.015234638891555321,0.007095435968623094,6.610696135189607e-05,0.2911053960619347,0.12892345564647864,6.610696135189607e-05,6.610696135189607e-05,0.5367797889798163,6.741360690871775e-08,0.7018534194076214,1.0,0.9367796119257512,0.5914826467969593,0.9051832406728594,0.07122369706810698,0.24882880859073653,0.0,7.860329817481088e-07,0.03213402211343083,0.5050654547669801,0.01886539946748745,0.004430110883931608,0.017481394431674305,0.9999338930386481,0.19390415955216794,0.24784782899740143,0.3811006174750607,0.43310111482345437,0.7185382779157382,0.19321524303964466,0.0,0.06322021772699135,0.4085173532030407,0.09481675932714069,0.7703046361204835,0.35965275222237947,0.037454940723709196,0.0027397757493216397
0.017183431489367594,0.31710050257445027,0.2072541376813162,0.04888237001034901,0.038566177347375476,6.610696135189607e-05,0.11905003669234022,0.03324393437811965,0.06120836025239244,0.3112833629542686,0.28256979040843344,0.10517888895505638,0.0,1.452707340916374e-07,0.0,0.0,0.16063826175886742,0.3924078379597635,0.9624555647537391,0.9973710833960429,0.06975678468418087,0.03173161686328076,0.01523454510570273,0.007094199091595618,6.610696135189607e-05,0.2913427380230115,0.12911384233969964,6.610696135189607e-05,6.610696135189607e-05,0.5367892533758275,5.5766862444179334e-08,0.7017127296455503,1.0,0.936563391811518,0.5914519790697087,0.9046805516129147,0.07144508221366305,0.24887934778736331,0.0,7.805724475806351e-07,0.03217223647794719,0.5062970123032411,0.01806161898104055,0.004412810114372942,0.017412952990678958,0.9999338930386481,0.1946885029541321,0.24851286554897997,0.38274419187809217,0.43337479942181345,0.7174301538247041,0.19310838139939335,0.0,0.06343646291774784,0.40854802093029124,0.09531944838708528,0.7679166560274695,0.3587128142528732,0.037544435246260985,0.002628136031509525
0.01717587838608233,0.31705788622138703,0.20714219212307458,0.04881115788114721,0.03861405940866809,6.610696135189607e-05,0.11941974947560474,0.03348535304684122,0.061112198374464737,0.3112646553577487,0.28364324395682683,0.10542013178791704,0.0,1.2390449418262244e-07,0.0,0.0,0.1627837961059002,0.3933041224950347,0.9623700668585158,0.9974791751689882,0.06975191072564965,0.03163313853676085,0.015233465654398924,0.007092826639312349,6.610696135189607e-05,0.29157385399992325,0.1293061060847631,6.610696135189607e-05,6.610696135189607e-05,0.5368059608623863,4.616176747862347e-08,0.7015715432414643,1.0,0.9363456702359242,0.5914190554304987,0.9041777336393375,0.07166717179320932,0.24892769614777413,0.0,7.750090566924435e-07,0.032210802965695756,0.5075328085576258,0.017250625715793555,0.004396101813516251,0.017344786675279455,0.9999338930386481,0.1954835953045674,0.24919762790618094,0.38437538368355123,0.4336458811263698,0.7163567098814057,0.1930083249706187,0.0,0.06365420585958162,0.40858094456950134,0.09582226636066249,0.7655490321008904,0.35776818135719124,0.03762993314148426,0.0025200498219550634
0.01716812390014906,0.31701370645091487,0.20702306060729894,0.04874092235572624,0.03866099655988796,6.610696135189607e-05,0.11981010647367184,0.03373783156796119,0.06102377517915058,0.31124622969955623,0.2846889622705792,0.10565662507261404,0.0,1.0569877458603193e-07,0.0,0.0,0.1649088519593246,0.39420905468852985,0.9622887515287013,0.9975837973393176,0.06974652526390394,0.03156735557641294,0.015232049737140445,0.007091507153617151,6.610696135189607e-05,0.29170864125587803,0.1294872509195571,6.610696135189607e-05,6.610696135189607e-05,0.5367601856590402,3.823598360739124e-08,0.701428847479987,1.0,0.9361264431272374,0.591383466673748,0.9036742885586053,0.07188954687174731,0.24897248953296394,0.0,7.693363185026941e-07,0.03224951830392758,0.5087722005692342,0.016443180154423424,0.004380089096849182,0.01727700863019153,0.9999338930386481,0.19627135056190467,0.24988417647789293,0.3859574095111026,0.43391427433543484,0.7153109994934372,0.19291452744739898,0.0,0.06387345117398811,0.408616533326252,0.09632571144139464,0.7632016011689281,0.3568184557785063,0.037711248471298676,0.00241543332436388
0.017160347593508166,0.31696707625168674,0.20689831975628345,0.04866885925525292,0.03870755087834041,6.610696135189607e-05,0.12021960579277843,0.03399726289919869,0.060943625613615375,0.3112285639848636,0.2857083926131437,0.10588263217995002,0.0,9.016475148492924e-08,0.0,0.0,0.16701289686786355,0.3951201341220047,0.9622117889360605,0.9976850165461056,0.06974187340756224,0.031489219579111494,0.015231090113507425,0.007090039622667472,6.610696135189607e-05,0.2919000197724893,0.12966668558241098,6.610696135189607e-05,6.610696135189607e-05,0.5367421841267895,3.1692427432574575e-08,0.7013196158775354,1.0,0.9359304774302327,0.5913746643457374,0.9032078899596007,0.07211254473504232,0.2490225169933242,0.0,7.635389614971589e-07,0.03228955182465445,0.5100046462202132,0.015645010078676615,0.0043649594457669015,0.01721021867175274,0.9999338930386481,0.19705030128108772,0.2505549300805157,0.3875413326301762,0.4341813065367837,0.7142915756944289,0.19279775194251458,0.0,0.06406943240501586,0.4086253356542626,0.09679211004039939,0.7608745583970941,0.3558573488846712,0.03778821106393943,0.0023142199149328267
0.017152191970915633,0.3169239240003953,0.2067661482307828,0.048595280095101404,0.038753276119613114,6.610696135189607e-05,0.12064407416516969,0.034261959602746916,0.06086932593609568,0.3112120217230539,0.2867019568627275,0.10610392895448827,0.0,7.692272465770783e-08,0.0,0.0,0.16909256441844514,0.39603632810647177,0.9621391153842285,0.9977829053048421,0.06973624974955207,0.031405892587658836,0.015230061468194715,0.007088558120248385,6.610696135189607e-05,0.2921030978960955,0.12987869141697048,6.610696135189607e-05,6.610696135189607e-05,0.5367325141121161,2.6286355035817376e-08,0.7012164142066997,1.0,0.9357411340524376,0.5913698639576863,0.9027565421271188,0.0723349568407357,0.24907117305064394,0.0,7.576100687922959e-07,0.032328881171218626,0.5112392611088611,0.014853938811788078,0.004350653669877695,0.017143958736872182,0.9999338930386481,0.19781830924971416,0.2512216580756957,0.3890539377422886,0.43444583923776997,0.7132980168509175,0.19267965683881202,0.0,0.06425878902483771,0.40863013604231363,0.09724345787288126,0.7585724787408192,0.3548924988428843,0.0378608846157715,0.0022163370850890258
0.017143910142382323,0.3168821728094625,0.20662769832415462,0.04852019958216676,0.038798459549045816,6.610696135189607e-05,0.12108085769050045,0.03453016694701954,0.060803742329902925,0.31119695656578733,0.2876714510156026,0.10632140917162344,0.0,6.563615492249877e-08,0.0,0.0,0.17114652800102154,0.39695668982180593,0.9620711249239108,0.997877546306115,0.06973073407136182,0.03131984262141298,0.01522848236972094,0.007087078607792876,6.610696135189607e-05,0.29231326064329627,0.13007313914667645,6.610696135189607e-05,6.610696135189607e-05,0.5367408792289805,2.18179093254245e-08,0.7011126829789903,1.0,0.935552535062158,0.5913627633558602,0.9023099951894062,0.07255738396008408,0.24911723618184442,0.0,7.515584384511334e-07,0.03236776870259569,0.5124751968993166,0.014068501742340377,0.004337310886219636,0.017078405523359874,0.9999338930386481,0.19857552930122763,0.25187736003973815,0.3905638736318266,0.4347076973455589,0.7123285271664881,0.1925659078493863,0.0,0.06444739930168714,0.40863723664413976,0.09769000481059383,0.7562960880388944,0.3539260739963497,0.03792887507608921,0.002121702135446529
0.01713560982426367,0.3168409394754652,0.2064845774356702,0.04844413772051847,0.03884268822768478,6.610696135189607e-05,0.12152852388654665,0.03480094125826171,0.060743675777323466,0.31118333284000965,0.28861892064878136,0.10653589373902113,0.0,5.601639160052146e-08,0.0,0.0,0.17317417532857307,0.39788117046413074,0.9620080654510604,0.9979690184315014,0.06972397144935334,0.031231961646722664,0.01522678356711651,0.007085521699982441,6.610696135189607e-05,0.29252046002078913,0.1302596554623744,6.610696135189607e-05,6.610696135189607e-05,0.5367633180185066,1.8122002831367426e-08,0.7010057223160219,1.0,0.9353624728361976,0.5913538023003388,0.9018659392300173,0.07277982778330909,0.24915990612069489,0.0,7.453778797402304e-07,0.03240632035507998,0.5137119533117546,0.01331974743276241,0.004324563375318465,0.017013469743911363,0.9999338930386481,0.19927343270969888,0.25249690426628324,0.39201974949916996,0.4349671026947517,0.7113810612292157,0.19245838394495696,0.0,0.06463747114741086,0.4086461976996611,0.09813406076998264,0.7540459968881178,0.35295892341517443,0.037991934548939586,0.002030236190618798
0.017127385855353762,0.3168036572982395,0.206333811236663,0.04836713706990569,0.038886204395938824,6.610696135189607e-05,0.12199434808873343,0.03507329804013115,0.060689814801183656,0.31116984535023107,0.2895428414904825,0.10674653695915189,0.0,4.78157154088226e-08,0.0,0.0,0.175170320287349,0.3988065415220079,0.9619499645273579,0.9980574025304095,0.06971668082708628,0.03114273244505513,0.015224366083664754,0.00708386903305923,6.610696135189607e-05,0.292722467713819,0.1304439350091242,6.610696135189607e-05,6.610696135189607e-05,0.5367949722646141,1.506324273326686e-08,0.7008954782472593,1.0,0.9351700668845596,0.5913459942617977,0.9014237535171988,0.07300357446584127,0.24920022898405783,0.0,7.390677241706288e-07,0.03244466028680801,0.5149451085175143,0.012561119057285935,0.004312923327786119,0.016948923280390393,0.9999338930386481,0.19998901352993353,0.2531207501320654,0.39346392188472223,0.43522528556058376,0.7104571434462749,0.19235798479358882,0.0,0.06482988529972498,0.40865400573820226,0.09857624648280114,0.7518261052468097,0.35199322949393425,0.03805003547264208,0.001941858401866356
0.017119171122371293,0.31676578226403285,0.2061793634297941,0.04828977676294663,0.038928961439480006,6.610696135189607e-05,0.12246868206592922,0.035346675839451676,0.06064105647430665,0.311157851167426,0.29044685166771406,0.10695400426057647,0.0,4.0823939853600946e-08,0.0,0.0,0.17713739341725795,0.3997341419188115,0.9618971807644704,0.998142768664426,0.0697089192190526,0.03105265359037768,0.015221987605005,0.007082137328713342,6.610696135189607e-05,0.29292083194129426,0.1306246241122775,6.610696135189607e-05,6.610696135189607e-05,0.5368334299149807,1.2529938298028867e-08,0.7007814777439999,1.0,0.9349751268972349,0.5913354219666476,0.9009822281564293,0.07322747467774636,0.2492368189407488,0.0,7.326265829631195e-07,0.03248272925428105,0.5161764121900252,0.011822038264524482,0.004302004809827084,0.016883778412547016,0.9999338930386481,0.20067347449817355,0.25372318918597286,0.3948732935136385,0.43548248084543784,0.7095531358023477,0.19226451799542363,0.0,0.06502483227882523,0.4086645780333525,0.09901777184357073,0.7496351319049956,0.35102903914043976,0.03810281923552959,0.0018564987089910374
0.017110982611097808,0.31672979436806553,0.20601988993354628,0.04821194352135583,0.038971383988650334,6.610696135189607e-05,0.12295437517109248,0.03562056778062819,0.06059664226377752,0.31114648815357865,0.2913302252634504,0.10715774303457065,0.0,3.4861688791941214e-08,0.0,0.0,0.17907374441622542,0.40066201346372965,0.9618496559221443,0.9982251847595249,0.06970075462554809,0.03096178453112174,0.015219265473874633,0.0070803421039257455,6.610696135189607e-05,0.2931160137125319,0.13080429742112096,6.610696135189607e-05,6.610696135189607e-05,0.5368770853447788,1.0430415225075555e-08,0.7006643054642498,1.0,0.9347776139351948,0.5913236008720433,0.9005413208475999,0.07345181544748865,0.2492700565293534,0.0,7.260540852034216e-07,0.0325205273748002,0.5174032631822403,0.011089509393070992,0.004291920437684746,0.016820394239100298,0.9999338930386481,0.20134857426870237,0.2543161810580632,0.39624579740321914,0.4357377812470974,0.7086697643061344,0.1921779515011795,0.0,0.06522235120311645,0.4086763991279567,0.09945867915240011,0.747474440136286,0.3500679300069169,0.038150344077855704,0.0017740891863899126
0.01710284174343306,0.3166949268498812,0.20585680510610382,0.04813399069146859,0.03901274678404806,6.610696135189607e-05,0.12344802891449377,0.035894484816026535,0.060558498315059016,0.3111358820212967,0.29219425318340153,0.10735759990178233,0.0,2.9776053295937567e-08,0.0,0.0,0.18097866693913292,0.4015894478019894,0.9618075450802578,0.9983047142179176,0.0696923629373588,0.030870370808200508,0.015216392767179336,0.007078497028470837,6.610696135189607e-05,0.2933089584023746,0.13098301278685223,6.610696135189607e-05,6.610696135189607e-05,0.5369248736605524,0.0,0.7005445628474896,1.0,0.9345778470485434,0.5913103074528439,0.9001010992634617,0.0736763059617899,0.2492999041605817,0.0,7.193516569958498e-07,0.032558010572527676,0.5186259689880585,0.01039016956001231,0.0042823876581541435,0.016757975430149355,0.9999338930386481,0.20197152000449486,0.25487670735985896,0.3975685087937314,0.4359914170499095,0.7078057468165985,0.19209783725072818,0.0,0.06542212317540334,0.40868969254715615,0.0998989007365383,0.7453450270990771,0.3491106480374289,0.03819245491974222,0.0016945664304255
0.017094807162387145,0.3166638359862477,0.2056881605891528,0.04805586182651514,0.039053186798414664,6.610696135189607e-05,0.12395474319801834,0.03616787573262496,0.06052620471422273,0.31112511204493154,0.29303778507223033,0.10755286627335847,0.0,2.5437016005857524e-08,0.0,0.0,0.18284830417559145,0.4025140205470134,0.9617708343232293,0.9983814279277662,0.06968370808387928,0.03077844041528358,0.015212960642228535,0.007076625568971575,6.610696135189607e-05,0.29353344588356023,0.13116303922997136,6.610696135189607e-05,6.610696135189607e-05,0.5369651185101653,0.0,0.7004229294833311,1.0,0.9343759886688846,0.5912983487815996,0.899662233127661,0.07390175445289972,0.2493271894714079,0.0,7.125206886016852e-07,0.032595105653138855,0.5198410210947674,0.00970705750534139,0.004273577402991055,0.01669626148312443,0.9999338930386481,0.2025707905029589,0.25541990444897356,0.3988426316940934,0.4362449228609443,0.7069622149277697,0.1920242042433104,0.0,0.06562398589409936,0.4087016512184005,0.10033776687233899,0.7432499413715088,0.34815878998157873,0.0382291656767707,0.001617859551545208
0.017086869069517292,0.3166350674932007,0.20551519386635692,0.04797782762177828,0.039092839206210137,6.610696135189607e-05,0.1244718685816611,0.036440248975351426,0.060499828179279305,0.31111457277328297,0.2938618575831238,0.10774373831831492,0.0,2.1734284636005345e-08,0.0,0.0,0.18468204609739555,0.4034351085637453,0.9617397062286841,0.9984553943511351,0.06967564857506137,0.030687599819898173,0.015209408118372078,0.0070748111823662665,6.610696135189607e-05,0.2937276843598658,0.1313448032261856,6.610696135189607e-05,6.610696135189607e-05,0.5370088963973627,0.0,0.7002998272452252,1.0,0.9341722291271836,0.5912883507625868,0.8992250401637464,0.07412815634002716,0.2493525626724029,0.0,7.055664515200137e-07,0.03263154515084018,0.521047619067264,0.009039141091174931,0.004265461856737968,0.016633776364847294,0.9999338930386481,0.20314787928603056,0.25594607378916034,0.40008330303964185,0.4364997926551997,0.7061381424168762,0.19195643443645985,0.0,0.06582774913853182,0.40871164923741315,0.10077495983625366,0.7411897975625773,0.34721232876385183,0.03826029377131591,0.0015439000824134129
0.017079034327571622,0.3166081744503387,0.2053384634680621,0.047899973698285477,0.039132197810981734,6.610696135189607e-05,0.12499794925706108,0.036711346502762865,0.060477295121458094,0.31110418264947937,0.2946670800798119,0.10792992055220046,0.0,1.857391378438137e-08,0.0,0.0,0.18648042144078728,0.40435255671494663,0.9617141951344711,0.9985266782912933,0.06966728853102346,0.03059809894353472,0.015205616895497256,0.007072976893325201,6.610696135189607e-05,0.29391360886012413,0.13153831851137177,6.610696135189607e-05,6.610696135189607e-05,0.5370494848464515,0.0,0.700176202845599,1.0,0.9339675557517073,0.5912788201632538,0.8987906865206085,0.07435498388473089,0.2493751042124502,0.0,6.984875059961176e-07,0.0326675122245788,0.5222441523824742,0.008415977116400006,0.00425772278291659,0.0165699135572293,0.9999338930386481,0.20365476476324199,0.2564293220357422,0.4012286131143042,0.43675881374838177,0.7053329199201881,0.19189387660220053,0.0,0.06603242567437893,0.40872117983674616,0.10120931347939155,0.7391645946744818,0.34627233907260324,0.0382858048655289,0.001472623221200799
0.017071299564295293,0.31658611816316373,0.20515548322467198,0.047822133347241134,0.03917187524026355,6.610696135189607e-05,0.12553953362088993,0.03698071132880371,0.06045994257766381,0.31109261098045166,0.2954510051928214,0.10811061879902402,0.0,1.587590862062186e-08,0.0,0.0,0.18824052448584871,0.4052639957066257,0.9616941877352473,0.9985953490751674,0.0696588646319151,0.03050945402651097,0.015201023250228336,0.007071138721463322,6.610696135189607e-05,0.2940970063694074,0.13172777498929444,6.610696135189607e-05,6.610696135189607e-05,0.5370918389503959,0.0,0.7000533652684692,1.0,0.9337627671116259,0.5912720780668163,0.8983604889548886,0.07458309017903168,0.24939584354212385,0.0,6.912894000346947e-07,0.03270289624771969,0.5234257636689038,0.007782828980485661,0.004217667201846366,0.016506584034006153,0.9999338930386481,0.20417727886488823,0.2570396714997362,0.40256718078501214,0.4370344498588621,0.7045489948071786,0.1918360159325068,0.0,0.06623721701246553,0.40872792193318375,0.10163951104511135,0.7371763853351196,0.34534016075125046,0.03830581226475273,0.0014039596354324846
0.017063443761936234,0.316567864392761,0.2049598814554069,0.0477581175976794,0.0392116577063687,6.610696135189607e-05,0.12606870741423729,0.03721460007183772,0.060458558663331385,0.3110881219876061,0.29626986090284324,0.10829789669723641,0.0,1.357188194649459e-08,0.0,0.0,0.18997339689705053,0.4061647990730102,0.9616804286705603,0.9986614415832801,0.0696521076876658,0.03042069044679149,0.015196621625639945,0.007072026089813035,6.610696135189607e-05,0.2942946427708496,0.1319115721740456,6.610696135189607e-05,6.610696135189607e-05,0.5371244406841034,0.0,0.6999287296019622,1.0,0.9335557140501898,0.5912995648347263,0.8979294998945787,0.07481229828982162,0.24941004559571547,0.0,6.839742952677811e-07,0.03273636512434621,0.5245856875490666,0.007181632808062692,0.0041929794947309995,0.016471360123748665,0.9999338930386481,0.20466145060028113,0.25756042014433866,0.40379560914572377,0.43728002330877924,0.7037301390971568,0.1917733737008014,0.0,0.06644427237792833,0.40870043516527366,0.10207050010542133,0.7352143048131279,0.3444251553312743,0.03831957132943973,0.0013378744424246342
0.01705639909804954,0.31655440218924225,0.20476761522595888,0.04769692754748115,0.03923889657366767,6.610696135189607e-05,0.12658599451900832,0.037441452420165326,0.06047897915008671,0.3110833521070632,0.29709016515731695,0.10848195292368835,0.0,1.1601670970617805e-08,0.0,0.0,0.1916532933433889,0.407049072403419,0.9616732641444959,0.9987249959321928,0.06964672642617785,0.03033423852841504,0.015192388679929898,0.007072227677207535,6.610696135189607e-05,0.2944995180948444,0.13209907241487473,6.610696135189607e-05,6.610696135189607e-05,0.5371548615837338,0.0,0.6998090141475416,1.0,0.933350494631249,0.5913418406682999,0.8975080933239769,0.0750422868603099,0.24942433690417368,0.0,6.765550958124796e-07,0.03276912442638523,0.5257422869625313,0.006620733793045501,0.004175816889801066,0.01638565209384489,0.9999338930386481,0.20508508586825575,0.25801178548373926,0.4052167561646017,0.4375521779968334,0.702909834842683,0.19170903292877006,0.0,0.06664949376708001,0.40865815933170013,0.10249190667602315,0.7333044197963012,0.3435265906924074,0.03832673585550411,0.001274327512711382
0.017049390513561326,0.3165423720994744,0.20457243238270262,0.04763200992911336,0.03928053806995996,6.610696135189607e-05,0.12711984699760295,0.03767450247240817,0.06045027546555943,0.3110764025948131,0.29789586640568777,0.1086656533745121,0.0,0.0,0.0,0.0,0.19330801604198097,0.40792655654099985,0.9616715157008542,0.9987861628075703,0.06964028621852379,0.030246936381169397,0.015187474419803088,0.007071846151455027,6.610696135189607e-05,0.2946957822109889,0.1322866852283607,6.610696135189607e-05,6.610696135189607e-05,0.5371839334886201,0.0,0.6996840604030538,1.0,0.9331426837861002,0.5913758082700755,0.897090125743179,0.07527127787520248,0.2494348282778095,0.0,6.690290744544549e-07,0.03280120964288971,0.5268701510262211,0.0060723738567003355,0.004162964574156942,0.01635456082699273,0.9999338930386481,0.20549246287148634,0.25845010759015263,0.4062019813973815,0.4377960358629999,0.7021041335943122,0.19165028622243419,0.0,0.06685731621389973,0.4086241917299245,0.10290987425682095,0.7314207060828166,0.3426386151811906,0.03832848429914583,0.0012131681633552795
0.017043163221293935,0.3165369397994554,0.20438199785214886,0.047566870266183066,0.03930711752243874,6.610696135189607e-05,0.12764931076043515,0.0379078231796752,0.06047027680256726,0.3110661007824499,0.29867988741994705,0.10884143868557827,0.0,0.0,0.0,0.0,0.19490366779387813,0.4087872212044243,0.9616758576617765,0.9988449156722421,0.06963088110668286,0.030162555974835914,0.015182575139949228,0.007070874488450342,6.610696135189607e-05,0.2948936018171438,0.13247684225695885,6.610696135189607e-05,6.610696135189607e-05,0.537226441456693,0.0,0.6995656685435758,1.0,0.9329391801149346,0.5914105094715663,0.8966830334882351,0.0755005872929337,0.24944841822955746,0.0,6.614161558887565e-07,0.03283265545766936,0.5279981806568148,0.005559521319980328,0.004153076210594168,0.01630483366604201,0.9999338930386481,0.20585138649043577,0.2588419280563419,0.4072091275530042,0.4380442757272743,0.7013201125800529,0.19159289277084593,0.0,0.06706081988506538,0.4085894905284337,0.1033169665117649,0.7295957449131881,0.34176436056601817,0.038324142338223476,0.0011544229116020974
0.017037270914398484,0.3165334653640513,0.2041902869683212,0.04750004716637961,0.03933588187351623,6.610696135189607e-05,0.12818945249820804,0.03814264551720145,0.06048570250374232,0.3110544436165005,0.2994406949287826,0.1090112331330084,0.0,0.0,0.0,0.0,0.19645175313310612,0.40963672914464105,0.961686537259515,0.9989013611665781,0.06961705688765642,0.030070065715698622,0.015176942691018288,0.007069549497915948,6.610696135189607e-05,0.2951031025924222,0.13266684954794758,6.610696135189607e-05,6.610696135189607e-05,0.5373055181534659,0.0,0.6994510579498189,1.0,0.9327395344307173,0.5914440740760458,0.8962865627457274,0.07573118878985671,0.24946378757037935,0.0,6.537154686182452e-07,0.03286352647955272,0.5291078150725019,0.005071281195721823,0.0041451829521284905,0.016251182304673657,0.9999338930386481,0.20617558653959997,0.25920681272699136,0.40812591614778204,0.4383005318075679,0.7005593050712174,0.1915377089171727,0.0,0.06726046556928267,0.4085559259239542,0.10371343725427262,0.7278170580770372,0.34089948328497965,0.03831346274048496,0.0010979851179533024
0.017031527672027362,0.3165334522806945,0.2039968301989003,0.04743216870800837,0.039366653201361027,6.610696135189607e-05,0.1287382986605409,0.03837788089242137,0.060499860374317864,0.3110411598410451,0.30017579962412017,0.10917684601502849,0.0,0.0,0.0,0.0,0.1979559314086274,0.4104756717442932,0.9617031926281511,0.9989555607311648,0.06963228116100062,0.029985249425701993,0.015170887399551709,0.007068036316643573,6.610696135189607e-05,0.2952617540452677,0.13285061250918018,6.610696135189607e-05,6.610696135189607e-05,0.5372875365014897,0.0,0.6993290778063367,1.0,0.9325360223042003,0.5914656676917512,0.8958891174116819,0.07596261072938056,0.24947801580897444,0.0,6.459418091522508e-07,0.03289342138024808,0.5302013776824539,0.004601384492217142,0.004138781220419051,0.016196383096617063,0.9999338930386481,0.20647176910947843,0.2595481799101707,0.4090040730371006,0.4385617949085045,0.6998242003758798,0.1914940761786348,0.0,0.06746397769579975,0.4085343323082488,0.10411088258831809,0.7260814578619921,0.3400463124467324,0.038296807371848963,0.0010437933270261246
0.017025648310141972,0.3165336865953477,0.20380311594952524,0.04736398174515398,0.03939803959431725,6.610696135189607e-05,0.12929405491887958,0.038612513550688114,0.060513592256630534,0.31102684364096106,0.300886140551781,0.10933913122534816,0.0,0.0,0.0,0.0,0.19942060822740437,0.4113119448522582,0.9617256302043299,0.9990075751685898,0.06962936977808791,0.029905864167562045,0.015165794190766815,0.007066903381694922,6.610696135189607e-05,0.29546501428331745,0.1330443420331258,6.610696135189607e-05,6.610696135189607e-05,0.5372804089782576,0.0,0.69920355027363,1.0,0.9323311071284323,0.5914835430748138,0.8954938554079218,0.07619179710642301,0.24948358280608682,0.0,6.380413497141336e-07,0.03292153384298327,0.5312725485062568,0.004172950185068651,0.004133215452369147,0.016141432204158087,0.9999338930386481,0.2067066005349274,0.25984640457393116,0.40979805986412216,0.43882981088610956,0.699113859448219,0.1914573185010218,0.0,0.06766889287156776,0.4085164569251863,0.10450614459207823,0.7243875946661726,0.33920447234165507,0.03827436979567015,0.0009917867900604601
0.017020192944369194,0.31653810616671496,0.2036064691280344,0.047295881452040035,0.039429694154536836,6.610696135189607e-05,0.1298606230614593,0.03884582375311386,0.0605295056745879,0.3110106100404435,0.30157026379916996,0.10949301029422315,0.0,0.0,0.0,0.0,0.20084313060229275,0.41213622379873993,0.9617534042590988,0.9990574591790531,0.06962142966631771,0.029825838137851137,0.015160147477751823,0.007065658750863087,6.610696135189607e-05,0.29566193255984163,0.1332393579110392,6.610696135189607e-05,6.610696135189607e-05,0.5372981451821605,0.0,0.6990868925582782,1.0,0.9321319755597617,0.591507231212002,0.8951120855740209,0.07642140088391774,0.2494913375332731,0.0,6.300609574481163e-07,0.03294930943506423,0.5323202377698767,0.0037484251820237547,0.004128689476207661,0.01608677234396832,0.9999338930386481,0.20693985868516368,0.2601358497320192,0.4105462115881829,0.4391030065307133,0.69842973620083,0.19142009714749875,0.0,0.06786802444023839,0.40849276878799795,0.10488791442597917,0.7227354685137896,0.338372438667987,0.03824659574090112,0.0009419107599895516
0.017014914882131634,0.3165440709164431,0.20341033306503856,0.047228471546159695,0.03946120840280858,6.610696135189607e-05,0.1304289938740789,0.03907733400622806,0.06054845409228248,0.3109934440253888,0.3022316688816534,0.10964001664349707,0.0,0.0,0.0,0.0,0.20222713141590964,0.4129494557660615,0.9617865754718984,0.9991052703481568,0.06960959574313119,0.029746301098884608,0.015154321651347245,0.007064225447638484,6.610696135189607e-05,0.2958445456889693,0.1334286113186441,6.610696135189607e-05,6.610696135189607e-05,0.5373381284612626,0.0,0.6989743989213597,1.0,0.9319368454378598,0.591528901217589,0.89474068005747,0.07665018389827306,0.24949975413175757,0.0,6.22014675482838e-07,0.03297633885436457,0.5333501700723664,0.0033629365055674034,0.004124660734863197,0.016032982590823367,0.9999338930386481,0.20711503954523736,0.2603842768776291,0.411207649211641,0.43937985347021197,0.6977683311183466,0.19138558443514314,0.0,0.06806315456214017,0.40847109878241095,0.10525931994253004,0.7211226846858173,0.33755079010218086,0.03821342452810162,0.0008941076371678392
0.017009869627814027,0.31655407879709413,0.20321297599662724,0.04716169884844935,0.039492363441906535,6.610696135189607e-05,0.1310031672662023,0.03930643859271783,0.0605718157410054,0.31097441845054413,0.30286989769268474,0.1097799980885375,0.0,0.0,0.0,0.0,0.20357093269692125,0.4137496060514815,0.9618249179100187,0.9991510670031246,0.0695941054391652,0.02966759530316661,0.015147865195872554,0.007062596450237522,6.610696135189607e-05,0.2960120576713842,0.13361229478254605,6.610696135189607e-05,6.610696135189607e-05,0.5373982560505314,0.0,0.6988650909883309,1.0,0.9317452401964279,0.5915502331124831,0.8943794531483814,0.07687893002756403,0.24950950063074562,0.0,6.139141703851363e-07,0.033002692352208936,0.5343613646060681,0.0030228830603551905,0.004121072149710583,0.015980107938116033,0.9999338930386481,0.20722349504870655,0.26058681825572716,0.41177762002361656,0.4396609575438186,0.6971301023073153,0.19135491092313156,0.0,0.06825475980357212,0.4084497668875169,0.10562054685161859,0.7195501372755148,0.3367408933177729,0.0381750820899813,0.0008483190827049565
0.01700508508531565,0.31656886548178914,0.20301329056580947,0.04709567935625392,0.03952310056809027,6.610696135189607e-05,0.13158616112030533,0.039532559723041774,0.06059966866059718,0.310953173706915,0.3034850179042691,0.10991288280356407,0.0,0.0,0.0,0.0,0.20487269011330927,0.41453532176083085,0.9618683150835028,0.999194911429429,0.06957497762877157,0.029589929289394176,0.015140649344596298,0.007060783884075606,6.610696135189607e-05,0.296164722843335,0.13379028689255223,6.610696135189607e-05,6.610696135189607e-05,0.5374773155111782,0.0,0.6987585752265296,1.0,0.9315570842442759,0.591572874878521,0.894028822686812,0.07710849013040089,0.24952113953078758,0.0,6.057700809158419e-07,0.03302836273961225,0.5353522033331625,0.0026817585720191103,0.004118300489545673,0.01592803974201007,0.9999338930386481,0.20733992920480337,0.2607852803197028,0.41231123774684675,0.4399449534624373,0.6965149820957309,0.1913285419699063,0.0,0.06844291575572418,0.4084271251214791,0.1059711773131879,0.7180188197562898,0.3359435387083817,0.03813168491649718,0.0008044828004901929
0.017000500149551307,0.31658417548676887,0.2028152108645564,0.047030920148276,0.03955327767484312,6.610696135189607e-05,0.13216777149339853,0.03975559520657779,0.06063101275496381,0.31093115060161175,0.304080831323548,0.11003964104584091,0.0,0.0,0.0,0.0,0.20613666275355302,0.4153082765336287,0.961916848010363,0.9992368596282094,0.06958599695425936,0.029514025469618593,0.015133718647908205,0.007058910462456068,6.610696135189607e-05,0.2962922127574926,0.13395911365516705,6.610696135189607e-05,6.610696135189607e-05,0.5374706723499636,0.0,0.6986543974871948,1.0,0.9313726901596129,0.5915933198179576,0.8936884674245561,0.07733761522503774,0.24953362020128264,0.0,5.97591966424831e-07,0.03305339496543489,0.5363267485704677,0.0023765615735562807,0.004115835742525882,0.01587720644698812,0.9999338930386481,0.20740526900003295,0.2609461372974124,0.4127686115721326,0.440230986260397,0.695919168676452,0.1913059614669643,0.0,0.06862730984038716,0.4084066801820424,0.10631153257544389,0.7165257220214092,0.33515810326508866,0.03808315198963696,0.0007625427798242097
0.01699573394710059,0.31660150763698064,0.2026166857677182,0.04696700642052537,0.03958266085737493,6.610696135189607e-05,0.13275197368894323,0.03997521726461356,0.060666664057468095,0.31090805659155196,0.3046566824679212,0.11016314411852184,0.0,0.0,0.0,0.0,0.20736256851116702,0.4160748978930176,0.9619702227382732,0.9992769677633052,0.06957881926707622,0.02944049413969959,0.015127628692548337,0.0070574946704270594,6.610696135189607e-05,0.2964728802943033,0.1341390942509811,6.610696135189607e-05,6.610696135189607e-05,0.5374823439138183,0.0,0.6985462892061994,1.0,0.9311871795978783,0.5916137355458004,0.8933515429509604,0.07756390664425959,0.24953785124129826,0.0,5.893283365798939e-07,0.03307630539422218,0.5372792534655089,0.002099974947991725,0.004113670613108681,0.015827404833938682,0.9999338930386481,0.20743238545361087,0.26107679196623595,0.4131620225595766,0.44052126460723906,0.6953433175320788,0.19129056667527872,0.0,0.06881282040212167,0.4083862644541997,0.10664845704903958,0.7150735248445733,0.3343872508656841,0.03802977726172684,0.0007224429083581964
0.016991420573818052,0.3166216459687769,0.20241733007275728,0.046904184326276945,0.039611369457907955,6.610696135189607e-05,0.1333384391234366,0.04019137189935924,0.06070584062493459,0.31088386333886703,0.30521316787641384,0.11027936633567732,0.0,0.0,0.0,0.0,0.20854912163258904,0.4168270816981085,0.9620282268482849,0.9993152908393872,0.06956663845217678,0.02936767366054353,0.015121154114300369,0.007056035279869061,6.610696135189607e-05,0.2966418111528416,0.13431914399734843,6.610696135189607e-05,6.610696135189607e-05,0.5375167155268918,0.0,0.6984437926172996,1.0,0.9310054240701411,0.5916392816287067,0.8930251679763297,0.07778988936831924,0.2495437576086572,0.0,5.810243826939217e-07,0.03309871795421377,0.5382103768624306,0.0018642368342028062,0.004111705446452379,0.015778756134347358,0.9999338930386481,0.2074010390735533,0.2611672335370257,0.41347659552809457,0.44081585390516614,0.6947868321235862,0.19127684104702308,0.0,0.06899457592985897,0.4083607183712933,0.10697483202367032,0.7136609889990917,0.3336291606932343,0.03797177315171504,0.0006841281362301173
0.01698739775812081,0.3166456463090204,0.2022166566118105,0.04684241592788795,0.039639446965958704,6.610696135189607e-05,0.1339290759937667,0.04040368801409031,0.060748432446729964,0.31085813894453773,0.30575067504711406,0.11038845227675352,0.0,0.0,0.0,0.0,0.20969513370701773,0.4175633499681185,0.9620907528183046,0.9993518887510322,0.06955042099548148,0.029295888110690803,0.015113972382558856,0.007054431467107004,6.610696135189607e-05,0.2967953495517306,0.13449528296635918,6.610696135189607e-05,6.610696135189607e-05,0.537572225120985,0.0,0.6983455523721271,1.0,0.9308273834513539,0.5916681896751179,0.8927093585052248,0.07801623286221335,0.24955186026433918,0.0,5.726935363732415e-07,0.03312039359168699,0.5391203893352837,0.0016215710329255026,0.004110359794855711,0.01573106945361298,0.9999338930386481,0.20738711093584777,0.2612600458685991,0.413769526869384,0.4411124470583724,0.6942493249528859,0.1912659953511194,0.0,0.06917261654864611,0.408331810324882,0.10729064149477517,0.712288633430769,0.3328847897675423,0.03790924718169542,0.0006475385554314107
0.01698358559083842,0.31666929661253157,0.20201896840029537,0.04678215199690881,0.03966682249677394,6.610696135189607e-05,0.13451335181457613,0.04061222591641455,0.06079345136408954,0.3108321685377187,0.3062729933166565,0.11049166882277885,0.0,0.0,0.0,0.0,0.21080547798002122,0.4182855632187208,0.9621578712843434,0.9993868160520011,0.06953757409335334,0.029225560808788176,0.01510687002383264,0.007052692648954322,6.610696135189607e-05,0.2969316042365773,0.13466230962977693,6.610696135189607e-05,6.610696135189607e-05,0.5376257180029047,0.0,0.6982504909239198,1.0,0.9306533952083147,0.5916955816333801,0.8924035824393125,0.07824158557324136,0.2495610220237231,0.0,5.643466140629274e-07,0.03314140878699154,0.5400142213075294,0.0014124425446057313,0.004088749513535637,0.015685182804418905,0.9999338930386481,0.20732535168731317,0.2613947692547261,0.414114417918756,0.44141806650698817,0.6937270066833434,0.1912578402533014,0.0,0.06934660479168527,0.4083044183666199,0.10759641756068755,0.7109529364467374,0.33215341475755616,0.037842128715656634,0.0006126196013848067
0.01697981033816559,0.3166976598923944,0.20181523317638764,0.046731127495410224,0.03969380004833272,6.610696135189607e-05,0.13508528686836302,0.04079614082337214,0.060851547390123856,0.31080915206869436,0.306810868677137,0.11059637008834776,0.0,0.0,0.0,0.0,0.21188306603344492,0.4189894358208719,0.9622296382397441,0.9994201210947211,0.0695275506503124,0.029156344937633517,0.015099605474525522,0.007052562982867923,6.610696135189607e-05,0.2970750434811003,0.13482490781775439,6.610696135189607e-05,6.610696135189607e-05,0.5376654796259211,0.0,0.6981562343822966,1.0,0.9304810058550558,0.5917457739320272,0.8921036028459468,0.07846697112493278,0.24956813319581783,0.0,5.559818014076008e-07,0.03316077322980419,0.5408831874962424,0.001239775167631568,0.004074599509735061,0.01564016883535164,0.9999338930386481,0.20721669143262772,0.2614623546897773,0.4144727728193236,0.44172096209118256,0.693189131322863,0.1912473955293557,0.0,0.06951899414494418,0.40825422606797274,0.10789639715405318,0.7096499628416223,0.3314424309833102,0.03777036176025597,0.0005793229234775071
0.016976417473465986,0.31672917421827057,0.2016136395106639,0.046677426559253984,0.03971869878311732,6.610696135189607e-05,0.13564645170034817,0.04098489757910906,0.06090537701298801,0.310786989752972,0.3073468101650096,0.11069903590507613,0.0,0.0,0.0,0.0,0.2129240960060534,0.4196749496026188,0.9623057419882233,0.9994518659490857,0.06951872868965657,0.029088756430975794,0.01509243260576124,0.0070522615255254216,6.610696135189607e-05,0.29722400252354597,0.13498880790209916,6.610696135189607e-05,6.610696135189607e-05,0.5376962307843658,0.0,0.6980630877927237,1.0,0.930310169646073,0.591803771891145,0.8918122083449218,0.07869158691124839,0.24957478295303195,0.0,5.476068041396372e-07,0.03317907984107261,0.5417313102094422,0.001067578084946253,0.0040645820907065896,0.015595662603565139,0.9999338930386481,0.20711546857627328,0.261514222072902,0.41478375135023543,0.4420225392830109,0.6926531898349904,0.1912378763022001,0.0,0.06968983035392695,0.4081962281088551,0.10818779165507818,0.7083843170826982,0.3307502674443493,0.0376942580117767,0.0005475864441101523
0.016973309951796318,0.3167597957096959,0.2014164243669895,0.04662620282729556,0.03974278878126786,6.610696135189607e-05,0.13619808623843804,0.04116587840161318,0.06095556328249648,0.31076421694452616,0.3078750779859048,0.11079873939575492,0.0,0.0,0.0,0.0,0.21393162980867544,0.4203456928025121,0.962386328034503,0.9994821099674785,0.06951050506710903,0.029022795826596285,0.015085615130450687,0.007051743928738787,6.610696135189607e-05,0.29737402646017247,0.1351521155845938,6.610696135189607e-05,6.610696135189607e-05,0.5377211704219278,0.0,0.6979716110414235,1.0,0.930141823337659,0.5918604896052303,0.8915292364338893,0.07891409728005554,0.2495808259609001,0.0,5.39226254668084e-07,0.033196500693082144,0.5425621806236479,0.0009320337058038667,0.004056980140300809,0.015552500307802761,0.9999338930386481,0.20696325352363118,0.26152462851180086,0.4150018810917478,0.44232457703651595,0.6921249220140951,0.19122964956282168,0.0,0.06985817666234093,0.40813951039476976,0.10847076356611071,0.7071542729112691,0.33007348123658786,0.03761367196549705,0.0005173508062667513
