0_primarytoI_spread,0_primarytoII_spread,0_primarytoIII_spread,0_primarytoIV_spread,0_primarytoV_spread,0_ItoII_spread,0_IItoIII_spread,0_IIItoIV_spread,0_IVtoV_spread,0_late_p,0_C01_coef,0_C02_coef,0_C03_coef,0_C04_coef,0_C05_coef,0_C06_coef,0_C09_coef,0_C10_coef,0_C12_coef,0_C13_coef,0_C32.0_coef,0_C32.1_coef,0_C32.2_coef,1_primarytoI_spread,1_primarytoII_spread,1_primarytoIII_spread,1_primarytoIV_spread,1_primarytoV_spread,1_ItoII_spread,1_IItoIII_spread,1_IIItoIV_spread,1_IVtoV_spread,1_late_p,1_C01_coef,1_C02_coef,1_C03_coef,1_C04_coef,1_C05_coef,1_C06_coef,1_C09_coef,1_C10_coef,1_C12_coef,1_C13_coef,1_C32.0_coef,1_C32.1_coef,1_C32.2_coef,2_primarytoI_spread,2_primarytoII_spread,2_primarytoIII_spread,2_primarytoIV_spread,2_primarytoV_spread,2_ItoII_spread,2_IItoIII_spread,2_IIItoIV_spread,2_IVtoV_spread,2_late_p,2_C01_coef,2_C02_coef,2_C03_coef,2_C04_coef,2_C05_coef,2_C06_coef,2_C09_coef,2_C10_coef,2_C12_coef,2_C13_coef,2_C32.0_coef,2_C32.1_coef,2_C32.2_coef,3_primarytoI_spread,3_primarytoII_spread,3_primarytoIII_spread,3_primarytoIV_spread,3_primarytoV_spread,3_ItoII_spread,3_IItoIII_spread,3_IIItoIV_spread,3_IVtoV_spread,3_late_p,3_C01_coef,3_C02_coef,3_C03_coef,3_C04_coef,3_C05_coef,3_C06_coef,3_C09_coef,3_C10_coef,3_C12_coef,3_C13_coef,3_C32.0_coef,3_C32.1_coef,3_C32.2_coef
0.0002064036055399,0.0175713364366845,0.0049916654068137,0.000926536644879,6.610696135189607e-05,6.610696135189607e-05,0.1428132646326737,0.0265412967396582,6.610696135189607e-05,0.9999372458761832,0.0,0.1599955418255731,0.0003430036327744,0.1307812781849878,0.0089100014433276,0.2895730896701437,0.0740372033708727,0.1878290816453437,0.1021098825197702,0.1778943782460072,0.9858742004498646,0.4761270578583069,1.0,0.0323164762883355,0.5352989603016167,0.0057053987840664,0.0022164478369987,0.0166499542890177,0.999933893038648,0.1667399871204791,0.2571394693485856,0.3042845081143296,0.3957265769554678,0.7629120540784773,0.2860893619139116,0.0548960989553,0.1584679092093436,0.4460575882291553,0.1378235316426379,0.7076026556550281,0.470343819454781,0.0195340697649563,0.0690300774016507,0.0,0.1201964905560499,0.0,0.0149284684451839,0.3351391089445794,0.2581744557840268,0.0751965234769756,0.0315137868026421,6.610696135189607e-05,6.610696135189607e-05,6.610696135189607e-05,0.0568179830560037,0.3738778798219803,0.2166285574868939,0.0944180993000866,0.0,0.0435850814842003,0.023399842449862,0.0,0.1775545494675418,0.2717651838517317,0.8783560477152733,0.753075544352342,0.0141256718385896,0.4036764515856431,0.0,0.082479141759443,0.0007331374358574,0.0162741682533196,0.0070041609934487,6.610696135189607e-05,0.2206486240209343,0.1317095102102511,0.0093515747403533,6.610696135189607e-05,0.6867190507487642,0.0204593884346287,0.4594969969604285,0.9447608974119256,0.6671657311214683,0.521632567877655,0.5726033786872183,0.0408055915065573,0.0700619150481435,0.0,0.0,1.2771154569363453e-07,0.0,0.0
0.00039060703553853653,0.016454467585370402,0.004628031313760517,0.0008976558191715985,6.610696135189607e-05,6.610696135189607e-05,0.1400343870690796,0.02955242061735715,6.610696135189607e-05,0.9999354834460381,0.0,0.1658776702808937,0.00027318292392416657,0.1269717525203504,0.010884657754010768,0.31430090639372277,0.07596171099296925,0.19994866732221545,0.1043548435473455,0.19903899260605534,0.9824454162540178,0.4841904260769102,1.0,0.030499184373155352,0.5158876394329514,0.005890271750832184,0.00214182616298599,0.011985341448936723,0.9915415086051098,0.1825887454401815,0.24565912452423955,0.31721913223908094,0.39128614965056957,0.756740123950997,0.2860763280425219,0.0338406419376011,0.2362976616081997,0.4193593359536478,0.11348238518539495,0.7027667357042444,0.476732080519738,0.019350675609869583,0.0724418473463345,0.0,0.12626697990316052,0.0,0.019311308130224508,0.3263395940839942,0.24720600641649657,0.06861234439889811,0.026692082801853815,0.02136557473937599,0.010391868923445815,0.005369421246593779,0.05227875484629549,0.37855403168079677,0.2196421905063587,0.1015261673905424,0.0,0.0491899974854168,0.02685543558184702,0.0,0.17663527791868538,0.25006180837219427,0.8762944808427849,0.7285191600476102,0.017554434719044356,0.38954259401992924,0.0,0.07897840910275553,0.0008316946124297379,0.02070208665724647,0.00657411794836176,6.610696135189607e-05,0.23309897312607167,0.05587091894036755,6.063730521543357e-05,6.610696135189607e-05,0.6168388693496527,0.02361768554264433,0.4465198342860421,0.9658861751384747,0.5875405883860332,0.5429005707104945,0.5722167084208822,0.044636275384101,0.07325744378585233,0.0,0.0,1.4902693779583567e-07,0.0,0.0
0.0004197705195245114,0.015992479764804453,0.004516645208571648,0.0009190329587222608,6.610696135189607e-05,6.610696135189607e-05,0.13863606088844263,0.03105789783516689,6.610696135189607e-05,0.9999361339734286,0.0,0.16906924963608705,0.0002135071465530904,0.12057383403983861,0.012545357671722211,0.32627884850183436,0.07324261232330768,0.2004706956708901,0.10283144868011858,0.20726098480936395,0.9797798530148462,0.4802002317392997,1.0,0.02923855869389949,0.5113630702007098,0.005292367206493072,0.0021715301273992557,0.011207871265719841,0.9689109481671776,0.19023465161395334,0.24658009771581027,0.33675218198734186,0.38967507025537607,0.7550936528836447,0.2868849710297124,0.02798167433945828,0.2717711974556411,0.41511916158563555,0.10661717961829664,0.7055081972587105,0.4877559191079109,0.018636625355567194,0.07467004808010928,0.0,0.1333131181461268,0.0,0.020838354565327653,0.32146092172971497,0.2391012719879989,0.06618123258260333,0.027246914949004424,0.06766623762045026,0.014402145411209627,0.007841830616382172,0.04627860533643458,0.3867524018561378,0.22047423006284694,0.10846132398696041,0.0,0.0469470951141094,0.028826353080167007,0.0,0.17595506279993361,0.2359733421850534,0.8785319259643142,0.7180689671105267,0.020220009868638384,0.38648665011457356,0.0,0.0783154889698569,0.0009097397531463524,0.021396660277396486,0.006204259285313533,6.610696135189607e-05,0.2289838522452811,0.01747835152426485,6.647948410687034e-05,6.610696135189607e-05,0.6097611039631909,0.024432117053508336,0.4355844553472402,0.9718048185139886,0.5607078733904108,0.5435091276624753,0.5671039718798689,0.04529412761804826,0.07580004303614558,0.0,0.0,1.3711651547445736e-07,0.0,0.0
0.00045310385378482236,0.015623548877757874,0.004512625790675939,0.0009322459314218923,6.610696135189607e-05,6.610696135189607e-05,0.1382349680333389,0.0314107366722776,6.610696135189607e-05,0.9999362582277092,0.0,0.17244139938939446,0.0001674257781328875,0.11563507184201147,0.014335069360194661,0.33513677303767214,0.07021670998557794,0.1987117548696826,0.10151084229051982,0.21116079477101823,0.9779806044806181,0.4761733046927367,1.0,0.028458706693814367,0.5088351855597393,0.005185968403947675,0.0021894922305336377,0.0107109437097646,0.9756660077509537,0.19381797090500405,0.2462359583420553,0.35045176888346435,0.388316309125457,0.7550084352990778,0.28557008523101435,0.025851369809833262,0.2883441169984881,0.41399071510234503,0.10412010499683128,0.7089206820614051,0.497256975045722,0.017801279955071504,0.07643522393446324,0.0,0.13980794955582726,0.0,0.021503042800053464,0.3185775963289864,0.2357745207552248,0.06528421573499103,0.02750155280655601,0.0947204114896602,0.015246495392752012,0.008417558563734648,0.04249644676171181,0.3914839861105978,0.22031796160645734,0.11609351052402865,0.0,0.04377875866928799,0.030775453466487086,0.0,0.17544162642310646,0.22529276311963828,0.8806878777544087,0.7124039812945185,0.02201927141101671,0.384018745751436,0.0,0.07856254312174837,0.0009767620384514503,0.021705293350959574,0.0059659418710669414,6.610696135189607e-05,0.22697090011146157,2.678253999177201e-09,6.610694080035577e-05,6.610696135189607e-05,0.6096081262960616,0.02467360309446486,0.4258950048555625,0.9739812044120338,0.5522420524902124,0.5408987620709732,0.5607431219654966,0.045420981529910524,0.0787385069649571,0.0,0.0,1.241083652804334e-07,0.0,0.0
0.0004531038537848224,0.015347598683680299,0.004526087427472205,0.0009389556588237006,6.610696135189607e-05,6.610696135189607e-05,0.13826108992824537,0.03127349378039185,6.610696135189607e-05,0.9999363374487944,0.0,0.1763757934291245,0.00013192360588380652,0.11171812175423285,0.01636526886756415,0.342875657711207,0.06744461770447036,0.19621484668919073,0.10060861674421372,0.21289826505251117,0.9767575067559752,0.47282310232282915,1.0,0.027983141743527656,0.5061825707861042,0.004932610597674679,0.0021968395861910483,0.010382775718919926,0.9999422976160519,0.1964988975742945,0.2463797374391661,0.3609449920843934,0.38707787211647776,0.7555998981435562,0.2828503655611041,0.02488951419168513,0.29686553013012656,0.41341527212211077,0.1032179208664973,0.7120344585778918,0.505212829912463,0.01698144511773096,0.07813077660474314,0.0,0.14592398037294685,0.0,0.021732488398356186,0.31472562044354735,0.23309910540446646,0.06462606956207259,0.027712390496434685,0.11271961229249645,0.016056730535197888,0.008515099541125193,0.03935547982665952,0.3962235214600808,0.21975457714524654,0.12391213872427621,0.0,0.04103713876157939,0.03285604808360986,0.0,0.1750199137826996,0.21678478373922813,0.8824099381380553,0.7089709583427457,0.023242383098098632,0.3812529173042241,0.0,0.07904994856443007,0.0010529884855581238,0.02137687149676998,0.0057457546243679745,6.610696135189607e-05,0.22625661130269778,6.610696135189607e-05,6.610696135189606e-05,6.610696135189607e-05,0.6093329343792812,0.024645524711197235,0.4168617022854952,0.9749785622024311,0.5503792093540611,0.5373634109267152,0.5539064214222957,0.045501009934938115,0.08178753965911821,0.0,0.0,1.1014592619656008e-07,0.0,0.0
0.00045310385378482247,0.015126271871805552,0.004541404561594151,0.0009419343621830346,6.610696135189607e-05,6.610696135189607e-05,0.13851880160046684,0.03101301735839008,6.610696135189607e-05,0.999936427168098,0.0,0.18065734317610918,0.00010407758043454646,0.10824937529248518,0.018671912657612078,0.34952028637085597,0.06484377235510086,0.19326360552418134,0.09991922872137902,0.21332346715245543,0.9759109311976109,0.4699882825404183,1.0,0.027622489530023196,0.5038549271057509,0.0046052796855039204,0.0021963284538742156,0.010145842467202121,0.9999419451426567,0.19859805054533486,0.24700152367305742,0.36905937079587037,0.38589419290768534,0.7566868218553767,0.2792048915149671,0.02435818001303545,0.30147904780508605,0.4127474328602068,0.10290355016820964,0.7148801308676982,0.5121314931480042,0.016231524901298113,0.0798849203983686,0.0,0.1517579718921051,0.0,0.02175886500753083,0.3107819383351112,0.23068563390139962,0.06415767923521294,0.027831215660379934,0.12274944944916032,0.01696568811270645,0.008263309355360045,0.036846083142722905,0.4008350883940675,0.21888296631334364,0.13209332134395282,0.0,0.03894350414016015,0.03536340005541671,0.0,0.1746336715861052,0.21006425071428791,0.8838492463773229,0.706791612449176,0.024088971049897417,0.3782537455674766,0.0,0.07962025788374343,0.0011195746195170576,0.021159660554120805,0.005530305653513515,6.610696135189607e-05,0.22655710555048397,6.610696135189607e-05,6.610696135189607e-05,6.610696135189607e-05,0.6101695334832509,0.02443021183127965,0.40804444396497097,0.97553774240653,0.5513280727622687,0.5332172544267644,0.5475761634609344,0.045642425191095785,0.0845406506135265,0.0,0.0,9.775249172664239e-08,0.0,0.0
0.0004531038537848225,0.014951990737165041,0.004552857038972181,0.0009423866468546225,6.610696135189607e-05,6.610696135189607e-05,0.13895858078026033,0.03075201399963918,6.610696135189607e-05,0.9999364529961061,0.0,0.18526743100864962,8.225283112237785e-05,0.10511492298467649,0.021308688930633642,0.355481568157318,0.06240799993141172,0.19020637793035874,0.09934824899380623,0.21298857737332705,0.9753081761062093,0.46751903730608957,1.0,0.027339461711368203,0.5019005632472089,0.004298138174700309,0.002186309215287923,0.009963086811594801,0.9999496149998393,0.20040150187390335,0.24774716857117854,0.3753320985889119,0.38465981482927486,0.7581365465470868,0.2750636152937415,0.023991093655772174,0.30432979888632566,0.41181860696967243,0.10279554057990445,0.7175330103901534,0.5179942728638552,0.015562082174731335,0.08171576485979024,0.0,0.15731019061547954,0.0,0.02170605529016297,0.3070389490533146,0.2284065551770833,0.06382476817976648,0.02788487255519498,0.12967687745835357,0.018115443532288195,0.007728893024471897,0.03486183396945029,0.4052001328248097,0.21780726186504265,0.14053135448833082,0.0,0.03743635234726872,0.03831992689903207,0.0,0.17426968915989374,0.2047196973969494,0.8850896688314625,0.7052956577668827,0.02469173724784487,0.3751707720784309,0.0,0.08016207439811775,0.001219574623964388,0.020957722299996796,0.00530961176174028,6.610696135189607e-05,0.2270256564529442,6.610696135189607e-05,6.610696135189607e-05,6.610696135189607e-05,0.6115706295335647,0.02405619158787052,0.3991375992092781,0.9759266535131055,0.5531189257817292,0.5285527772006618,0.5417228912627775,0.045789300518541146,0.08707965180883659,0.0,0.0,8.664594583083043e-08,0.0,0.0
0.0004531038537848225,0.014810118052807448,0.004557859276128432,0.0009413493999553918,6.610696135189607e-05,6.610696135189607e-05,0.13951807353755136,0.030528440477730543,6.610696135189607e-05,0.9999364690166028,0.0,0.19018299189019408,6.509637373660498e-05,0.10225962129042508,0.024328902420916763,0.3608989809002484,0.06013744539734577,0.18720540271362096,0.09884780242149654,0.2122465992673456,0.9748700280796022,0.4653470531532496,1.0,0.027113110178075665,0.5002348847107028,0.003990379959045149,0.002168026490051467,0.009801546065847492,0.9999585755278202,0.2021175622273408,0.24858815894413325,0.3803644013901719,0.38338716088312513,0.7598240254610918,0.2706017000623887,0.023594328793210547,0.30620733954245527,0.41051029985991894,0.10270884043571711,0.7199971615402011,0.5228603296551478,0.014970469334363084,0.08360700582599379,0.0,0.16254924959811987,0.0,0.02162708975282379,0.30347827464321814,0.22622431470989535,0.06360874200904418,0.027899369016937434,0.13499014234410311,0.019417449730577022,0.0070315207516291845,0.03325463177705171,0.4093737488884657,0.216604920467244,0.14915864485077102,0.0,0.036384696310766976,0.041760447115412325,0.0,0.17392181181923658,0.20047796882440116,0.8861817282441404,0.7041463949066606,0.025129895225329706,0.3721036972486305,0.0,0.08068486834597655,0.001314959908128151,0.020766915157359022,0.005058335246829304,6.610696135189607e-05,0.22736261716073103,6.610696135189607e-05,6.610696135189607e-05,6.610696135189607e-05,0.6134126936541612,0.023571054071664124,0.3900566631966463,0.9763405748330528,0.5551483428563526,0.523400350603752,0.5363921786640344,0.04594358124321656,0.08945629880683002,0.0,0.0,7.669506803289976e-08,0.0,0.0
0.0004531038537848225,0.014692334031510317,0.00456381108243488,0.0009396772696717696,6.610696135189607e-05,6.610696135189607e-05,0.14012746642200974,0.030346547108162997,6.610696135189607e-05,0.9999364497821692,0.0,0.19537867592528335,5.159754999452126e-05,0.09964849153181772,0.027788116469102207,0.3658393829120504,0.05802003988195861,0.1843177083072652,0.09839510934340495,0.21130318029471393,0.9745443089914019,0.4634110011867032,1.0,0.02692150260256135,0.4988163901021721,0.0037139975917160786,0.0021432567997827735,0.009659664887281323,0.999933444848981,0.20372833622625772,0.24945057120947237,0.38448048023120485,0.3820732130304044,0.7616680636840607,0.2659510015669788,0.023201050171231568,0.3075418183810714,0.4088392220143942,0.10262018824015376,0.7222895975532605,0.5268518785173324,0.014451795759024331,0.08554591380739572,0.0,0.16747110349979952,0.0,0.02154016926241328,0.30009099821740304,0.2240552072973384,0.06347336599832441,0.027893968505667485,0.13936265331320508,0.020928844682609755,0.006218449195564408,0.031943466431772496,0.41334598940107115,0.21532113971096986,0.15796895329896096,0.0,0.0356708526229124,0.04573017617381671,0.0,0.17359366394722972,0.19713687816307984,0.8871530948975708,0.7031509058978904,0.025455623203189445,0.36911789531349726,0.0,0.08119389718675966,0.0014189814290416869,0.02052369773177849,0.004792299146283012,6.610696135189607e-05,0.22753285081841298,6.610696135189607e-05,6.610696135189607e-05,6.610696135189607e-05,0.6156543548538637,0.023010796604969457,0.3807013692087768,0.976747352278774,0.5571388374641986,0.5176424853426869,0.5315404288477958,0.046096698617551175,0.09169353501232255,0.0,0.0,6.780540878051672e-08,0.0,0.0
0.0004531038537848225,0.014592395270588683,0.004570899345033973,0.000937634998320729,6.610696135189607e-05,6.610696135189607e-05,0.14074706386891994,0.030202400927707873,6.610696135189607e-05,0.9999364243240779,0.0,0.20083996004392646,4.0951522350981555e-05,0.09725421629702055,0.031750075397929886,0.37034134386144607,0.05604155900602862,0.18156823593399687,0.0979660426933223,0.21026413099550037,0.9742986193643871,0.4616712886935261,1.0,0.0267549170593098,0.4976202180435279,0.0034452906760424895,0.0021119284611915714,0.009532960931745146,0.9999411872022963,0.20530519579695086,0.25033260410308,0.3879137536170179,0.38073938034482085,0.7636015611316121,0.26116977361255084,0.022786419890530638,0.30851884906061267,0.406779729650621,0.10251363133269112,0.7244216618375718,0.530085342995861,0.01399994234236725,0.08751848673817646,0.0,0.17207666576110234,0.0,0.02145527669529645,0.2968141306832536,0.2219021445541643,0.06339513431387389,0.027873747978584114,0.14323313110618155,0.022601080282500706,0.005328467428888827,0.030839170228930315,0.41718473185893856,0.21399952399678965,0.16695869383955192,0.0,0.03520976738141157,0.05030126475326924,0.0,0.17329179511959908,0.1945449775340847,0.8880340149643104,0.7022173822663232,0.025701320744167144,0.36625204554537166,0.0,0.08169651230630644,0.001542500541366227,0.020242415123278314,0.00452368688812943,6.610696135189607e-05,0.22747932432629425,6.610696135189607e-05,6.610696135189607e-05,6.610696135189607e-05,0.618144369897621,0.02239891487159824,0.37103157250397084,0.9771726285871184,0.5590171672609553,0.5111689301981799,0.5271450248058629,0.04624498403680046,0.09380144353605756,0.0,0.0,5.989144575191283e-08,0.0,0.0
0.0004531038537848225,0.01450733530359023,0.004578754941312347,0.0009351529388903742,6.610696135189607e-05,6.610696135189607e-05,0.1413169369579561,0.030089604295833905,6.610696135189607e-05,0.9999363983101036,0.0,0.20656255688184202,3.2539178335328155e-05,0.09506120469249474,0.03628918996052588,0.3744550625876298,0.05418970481429987,0.17896754751347377,0.09754680769291416,0.2091865287278288,0.9741105721019129,0.4600937366368064,1.0,0.026591564281419264,0.496611778959587,0.0032009451582685937,0.002076487649957475,0.009418107771543052,0.9999338930386481,0.20681998359291975,0.2511904034457668,0.3909107536258874,0.37940637507849273,0.7655781406814158,0.2562891169378884,0.022316867718279787,0.3092229898006619,0.4042855521520155,0.10238179341637989,0.7264049132264382,0.5326758737444034,0.013610203721676203,0.08951812319236892,0.0,0.17637919846991473,0.0,0.021374698733412224,0.29367194195903656,0.21976397804323244,0.06335601457463143,0.027842033241837795,0.14661553846478234,0.02436131818111658,0.004394554799679496,0.029897113897818822,0.4209110115072493,0.21266748191300902,0.1760877873015248,0.0,0.03493652823509899,0.055542537893856145,0.0,0.17301986368454889,0.19257506923570245,0.8888429885854097,0.7012953480798023,0.025889375032612197,0.36352706489327896,0.0,0.08220430835956567,0.001678555400821941,0.019930541934426546,0.004228336601049427,6.610696135189607e-05,0.22727907889383392,6.610696135189607e-05,6.610696135189607e-05,6.610696135189607e-05,0.620851898902811,0.02175437740557515,0.3610605388787448,0.9776505931033849,0.5607792772717445,0.5038827199936025,0.5231631439959904,0.04638551827471308,0.09578150950642042,0.0,0.0,5.286547496438065e-08,0.0,0.0
0.0004531038537848225,0.014434064893879136,0.004587443534150234,0.0009326826088385052,6.610696135189607e-05,6.610696135189607e-05,0.14187312293049129,0.030000652685858185,6.610696135189607e-05,0.9999363586035108,0.0,0.21253958260112973,2.588193593753167e-05,0.09305172076274795,0.04148851573867634,0.37821593323928526,0.05245380798371513,0.17651762454620884,0.09713374162142711,0.20810549209338863,0.9739641389147965,0.45865598240741107,1.0,0.026462820338089863,0.4957708356036684,0.0029904083444654947,0.0020390578806279286,0.009312902592418362,0.9999338930386481,0.20824578591145876,0.25200018338334385,0.39357468756893565,0.3780590081363425,0.7675551829813738,0.25133692067410274,0.021795851640097508,0.30970437009888535,0.4013311231366293,0.10222597524094283,0.7282413700471099,0.5347127601859292,0.013277469722068315,0.09153519192557556,0.0,0.180389167846902,0.0,0.02131956958685364,0.2906307968908946,0.21764230375881974,0.06334676230476141,0.02779947932338704,0.1497969522602352,0.026183653559929524,0.003428251397484968,0.029072721832507132,0.4245397169605469,0.21135183084779788,0.1853531711962776,0.0,0.03480250026195253,0.06153041359450881,0.0,0.17278608677460733,0.19111700898940476,0.8895887886565046,0.7003593159810358,0.026035814441477834,0.3609548497456869,0.0,0.08273199899581596,0.001820007425886985,0.01958653134158409,0.0039004374716918103,6.610696135189607e-05,0.22692734922760183,6.610696135189607e-05,6.610696135189607e-05,6.610696135189607e-05,0.6238736126845129,0.021092986170828363,0.3507703255284899,0.978178266423965,0.5624414088764143,0.4956499475301856,0.519558091519772,0.04651873519456767,0.09765260627845727,0.0,0.0,4.6643725716563555e-08,0.0,0.0
0.0004531038537848225,0.014371082219107616,0.004596742553141039,0.0009306009894572165,6.610696135189607e-05,6.610696135189607e-05,0.14240523303597713,0.02993033185360488,6.610696135189607e-05,0.9999363111654008,0.0,0.21877158077339007,2.0608487275509747e-05,0.09121348675072184,0.04744376184220451,0.38167328658389876,0.050825996606830584,0.17421703436525504,0.09672454436093651,0.2070402181274195,0.9738501375691825,0.457342279291499,1.0,0.026328670334420642,0.49508074699224996,0.002768798622476463,0.0020018866204228637,0.009249054732773116,0.9999338930386481,0.20968979352544262,0.2527990070794121,0.39586616984814726,0.3766858917923836,0.7695037827313692,0.24634528619320634,0.021242788331935387,0.3100286198479684,0.3979071409308509,0.1020550661699844,0.7299383687924499,0.5362889068324028,0.012997331972617406,0.09356107064969878,0.0,0.18411891339568778,0.0,0.02123722393800127,0.28763510450945695,0.2155297868958337,0.0633596446809988,0.027746049991296456,0.15290117557292662,0.028060772638837352,0.0024327440289537835,0.028334610126042502,0.4281641737644016,0.21007519218592632,0.19476244903144854,0.0,0.034775446121147566,0.06834982066009926,0.0,0.1726008900296443,0.1900839788851308,0.8902781236664461,0.6993987112228818,0.02614982128507919,0.35853880731281323,0.0,0.08326975723340854,0.001984602664521283,0.01924046151862412,0.0035644719183705034,6.610696135189607e-05,0.22634443255490058,6.610696135189607e-05,6.610696135189607e-05,6.610696135189607e-05,0.6269002367190623,0.02042102508270452,0.34012068400195516,0.9787366031807891,0.5639824472801622,0.4862992765668454,0.5162716472461168,0.04663474457107517,0.09941007991721135,0.0,0.0,4.114573840908716e-08,0.0,0.0
0.0004531038537848225,0.014316387080780863,0.004605785720701721,0.0009285693004102475,6.610696135189607e-05,6.610696135189607e-05,0.1428864146932748,0.02987510784758574,6.610696135189607e-05,0.9999362620790557,0.0,0.2252614621618995,1.6425625723519164e-05,0.08953962445458744,0.054264502144206285,0.38487652766391406,0.04929660762010302,0.17205838928867015,0.09631574761289402,0.20599187214062667,0.9737601296447376,0.4561274778271024,1.0,0.026209736654797484,0.49453019908631196,0.0025577640959371694,0.0019661067341907573,0.00917394534740756,0.9999338930386481,0.21109691826740234,0.2535414041334058,0.39822173709267134,0.37531742506492155,0.7714279260386435,0.2413461254339576,0.02062529141785776,0.3101870914124102,0.3939496655510578,0.10186029688013538,0.7315274835548536,0.5375022710497364,0.012768339943651353,0.09559830777070702,0.0,0.1875834760853532,0.0,0.02116788642213501,0.28469244538362654,0.2134193545528037,0.06338520120141403,0.027666494613044726,0.15577266138675225,0.029952893258786816,0.0014368851799308167,0.027694819282520433,0.4317727862828571,0.20881901522758553,0.2042068205369108,0.0,0.03482596595683457,0.07604831115003481,0.0,0.17243895841057444,0.18937240540746442,0.8909159124434546,0.6984098200886663,0.02623983405952327,0.35628904608754436,0.0,0.08385459736817291,0.002160491089497744,0.01883458624468203,0.003223515069131113,6.610696135189607e-05,0.2256774572051887,6.610696135189607e-05,6.610696135189607e-05,6.610696135189607e-05,0.6301420416087187,0.019753058733770975,0.32918559186723223,0.9793582829564187,0.5654473181761678,0.47573752115470114,0.5132631754559507,0.04673695041446887,0.10106693425412916,0.0,0.0,3.629573920716071e-08,0.0,0.0
0.00041977052045148917,0.014268266399980295,0.004615091546121488,0.0009263151059959601,6.610696135189607e-05,6.610696135189607e-05,0.14331707486860432,0.029831429600440943,6.610696135189607e-05,0.9999363825797286,0.0,0.23199452652676156,1.3105656530030621e-05,0.08802356412524566,0.0620714803346269,0.3878864935294873,0.04785849275458544,0.17003933231640941,0.09590492951400251,0.20496015526286673,0.9736879331218079,0.4549936640993182,1.0,0.026130532334962542,0.494116915091268,0.00236246240674773,0.0019193787254996335,0.00910035161591686,0.9999338930386481,0.21246355830375177,0.2542711101857221,0.40068181723301827,0.37395763869373366,0.7733056326232356,0.23635816280872496,0.019957744418383855,0.31022664443729353,0.3894457997759009,0.10164838874427672,0.7330012658226686,0.538395781423696,0.012587070123182635,0.09763777222864746,0.0,0.19080205661601354,0.0,0.021104598437509177,0.28182421588389944,0.21132597938582948,0.06340860505429095,0.027578509740768142,0.15832682252406938,0.03182560996099261,0.00044868164700663407,0.02712674255479408,0.43536226662085675,0.20760605972838775,0.21366782586182545,0.0,0.03494748610779976,0.08469189284792059,0.0,0.172319555198604,0.18895060339071765,0.8915080003628149,0.6974020725084857,0.026312034855665054,0.3542042792846683,0.0,0.08447044718068525,0.0023668011896478764,0.01841266314022916,0.002846818659398361,6.610696135189607e-05,0.22483127555637575,6.610696135189607e-05,6.610696135189607e-05,6.610696135189607e-05,0.6335205008164952,0.019088307648376476,0.31797948480268806,0.9800291499250862,0.5668023053296611,0.4637908270415517,0.5104651177262359,0.04682068622414208,0.10261428286917694,0.0,0.0,3.202252711690491e-08,0.0,0.0
0.00041977051995707596,0.01422683495337154,0.004624926869272851,0.000924416811810201,6.610696135189607e-05,6.610696135189607e-05,0.1436872271148494,0.029800494682414948,6.610696135189607e-05,0.9999362944984229,0.0,0.23896656262614327,1.0464919035994817e-05,0.08665556308692725,0.07100682207458393,0.39068419168242385,0.046507339067745,0.16815623974976443,0.09550542719522145,0.20397002881014423,0.9736218627279564,0.45395314890207134,1.0,0.026038718119521524,0.49380911795463434,0.0021892653251112037,0.0018860453921663001,0.009031085739108246,0.9999338930386481,0.21378184901224884,0.25488185186922047,0.40308769416150914,0.37259231567953766,0.7751138251656571,0.23137810251668395,0.01920866996487011,0.31013367110587403,0.38436891351875174,0.10140340087338928,0.7343514739138425,0.5390038020752268,0.012450603964665343,0.09966114003948726,0.0,0.1937772842885161,0.0,0.021043144723757762,0.2789889087603316,0.20923324326863849,0.06343924997858943,0.027481543131464167,0.1603848861580815,0.033678224927282695,6.610696135189606e-05,0.026590202803065257,0.43882616299732513,0.20645697549650363,0.223152839544582,0.0,0.03512396875678512,0.09430499025923486,0.0,0.17226119149987243,0.18877641057514527,0.8920439688401132,0.6963688311503685,0.02637810844216632,0.35226956680941257,0.0,0.0851343756211731,0.0025794781691920172,0.017965638138194046,0.002475637066898199,6.610696135189607e-05,0.22375250845228853,6.610696135189607e-05,6.610696135189607e-05,6.610696135189607e-05,0.6369567400547176,0.018429199337839267,0.30650249531259083,0.9807808651160939,0.5680867970504135,0.4503192741474294,0.5079124074441869,0.046879995518540184,0.10406354759986353,0.0,0.0,2.882987736261517e-08,0.0,0.0
0.00041977051995707607,0.014192646076836023,0.004635265216947187,0.0009216602334024032,6.610696135189607e-05,6.610696135189607e-05,0.14405263951551403,0.02972205057209194,6.610696135189607e-05,0.9999362370712059,0.0,0.2461575816291964,8.366550423030031e-06,0.08544209214633103,0.0812039001610854,0.39340160178417505,0.04523790846226027,0.16641377970922222,0.09508438057218009,0.20297677791259708,0.973570399020374,0.452973459322262,1.0,0.02594926318716941,0.493606445831853,0.0020264524914729003,0.0018347606851511055,0.008969213905329313,0.9999338930386481,0.21506879379092272,0.25516619026118387,0.405908507259372,0.3712389112711894,0.7768725627333681,0.2264572509038038,0.018414616331024865,0.30996113449444473,0.3786950767891047,0.10114957683281812,0.7355925669739707,0.5394044216038267,0.01235544752450343,0.10167303492566272,0.0,0.19655596959540375,0.0,0.020985869195424518,0.27625532522325164,0.2071909178411559,0.0633350113595365,0.027384558517172614,0.16257070490815917,0.03546001650872755,6.610696135189607e-05,0.0260744476112158,0.44222189020518066,0.20534837709291312,0.23252887403591288,0.0,0.03533915653033195,0.10485918457514717,0.0,0.17225759317312936,0.1887867724372976,0.8925601719033165,0.6953501871617401,0.02642957500437661,0.3504705710823343,0.0,0.08583853802181805,0.002841069815480615,0.017475398779380785,0.002104427956061446,6.610696135189607e-05,0.2225689039771262,6.610696135189607e-05,6.610696135189607e-05,6.610696135189607e-05,0.6404015663051192,0.017779060173718594,0.294856293431087,0.981577017118552,0.5692576168288923,0.4352418384746627,0.5054488213830068,0.04691193139063966,0.10539502624965345,0.0,0.0,2.597524938608451e-08,0.0,0.0
0.00041977051995707607,0.01416197398440933,0.0046465639444174985,0.0009194627139863711,6.610696135189607e-05,6.610696135189607e-05,0.14441018812354947,0.029620031407843125,6.610696135189607e-05,0.9999361772069373,0.0,0.25353792366369404,6.696090049839492e-06,0.08438368390741983,0.09280112940214291,0.39608765149491576,0.044045464716512765,0.16481377444580858,0.094636502010274,0.2019767899211008,0.9735286321604067,0.4520441568029058,1.0,0.025866792042817662,0.493485137667551,0.0018860453905781395,0.0017901111343932988,0.008879341898845868,0.9999338930386481,0.2163197918577595,0.25520564586854794,0.409168052512509,0.3699068640440414,0.7785266759524463,0.2215724232912506,0.017512086122568386,0.3096548272002081,0.3723823185133633,0.10085800325297478,0.7366872472752574,0.5395960553451704,0.012296144701928946,0.10364054728453906,0.0,0.19913234255090578,0.0,0.020934113640144685,0.27359550891894857,0.20516749740207274,0.06313895225481062,0.027283098619367434,0.16459816286809933,0.03713633936198746,6.610696135189607e-05,0.02559423038658544,0.445669059114092,0.20433474735589252,0.241750353256276,0.0,0.03559447341605359,0.11627566407007527,0.0,0.17234946131291357,0.18897990129144335,0.8930673532877971,0.6943826627943601,0.026471344415653884,0.3488235006461884,0.0,0.08625448731226124,0.0031056200151418608,0.01691345380232441,0.0017396701435017836,6.610696135189607e-05,0.22040818800543865,6.610696135189607e-05,6.610696135189607e-05,6.610696135189607e-05,0.6462618374900861,0.017138576691661165,0.2831392997887794,0.9824812177873817,0.5703670154763184,0.41854088801441863,0.5030543452521095,0.04691782669531641,0.10661026891757763,0.0,0.0,2.3423939404310775e-08,0.0,0.0
0.00041977051995707607,0.014132939358178312,0.0046583460612733265,0.0009181542618327038,6.610696135189607e-05,6.610696135189607e-05,0.14472666750988664,0.029530834222452337,6.610696135189607e-05,0.9999361119445307,0.0,0.26096716977634576,5.363461306580673e-06,0.08344535917918296,0.10586354093761985,0.3986979673524089,0.04292164423818907,0.16333427289309277,0.09417175803078252,0.20097819833130728,0.9734936884236615,0.4511536544545631,1.0,0.025796501443550775,0.49346297790216836,0.001739399425041169,0.001747020222791011,0.00881132993669255,0.9999338930386481,0.21756584043718827,0.2552819497144513,0.41245556507657405,0.3685499932314917,0.7800628703187886,0.21674768579334447,0.016556732277422673,0.30929070275332854,0.36553619347305066,0.10054592382711863,0.7376254205052502,0.5395943569178003,0.012268965623835818,0.10553762743111107,0.0,0.20151754801723729,0.0,0.02088892700770688,0.2709848700740351,0.20312068597752678,0.06290602549226602,0.027184380644367047,0.1663871013054463,0.03878959189740056,6.610696135189607e-05,0.025100144172185992,0.4491700161485396,0.2034253424890485,0.25078097119824144,0.0,0.035905856044085895,0.12835858940955142,0.0,0.17255456340809014,0.18936337129070568,0.8935592763453817,0.6934841742375816,0.026506290423298468,0.3473287975281996,0.0,0.08687573365522677,0.003394829303347184,0.016338256584083707,0.001388553768601222,6.610696135189607e-05,0.21846053841532073,6.610696135189607e-05,6.610696135189607e-05,6.610696135189607e-05,0.6511281634399602,0.01651178719216281,0.2715041732320683,0.9834379042612708,0.5713580820234027,0.4002416761797782,0.5007561088204724,0.04689837184847066,0.10770799889840127,0.0,0.0,2.1153040076790194e-08,0.0,0.0
0.00041977051995707607,0.014072223027184801,0.004670896348743627,0.0009169627149869323,6.610696135189607e-05,6.610696135189607e-05,0.14501246408813773,0.02945656327750395,6.610696135189607e-05,0.9999362089643078,0.0,0.26844383646232156,4.301255280947796e-06,0.0826532403217545,0.12049087836215502,0.4013442738835009,0.04186555102881197,0.16199016371663166,0.09369636945439876,0.1999864557640329,0.9734641094419649,0.45030026262729383,1.0,0.0257307245441194,0.49353504919555974,0.0016159773530749026,0.0017208390978827068,0.008752620008552479,0.9999338930386481,0.2188042341534887,0.25530649684509843,0.4156722901714623,0.36715056058246187,0.7814923271496665,0.21201952355981432,0.01554443467087635,0.30884073803848333,0.3582398473845551,0.10021863241474507,0.7384266249424732,0.5394248321059646,0.012273080432439683,0.10735476780843349,0.0,0.20371442784605986,0.0,0.020844656786224495,0.26842518136680643,0.20111036592987136,0.06264654973020585,0.027073539472622213,0.16790412089563422,0.04029022382920554,6.610696135189607e-05,0.024639166570993562,0.45270814927697006,0.20261538607938162,0.25954958607765166,0.0,0.03627520650493717,0.14083277096518979,0.0,0.1728601557329635,0.18991536923026078,0.8940305501131616,0.6926587764275336,0.02653587142952049,0.3459853095266464,0.0,0.08763586352241144,0.0037216776109671155,0.015789853691921315,0.0010707838545960633,6.610696135189607e-05,0.21669484425000246,6.610696135189607e-05,6.610696135189607e-05,6.610696135189607e-05,0.654921214112478,0.015892286770951836,0.2599870539002125,0.9844512640738428,0.572230815134825,0.38043650328810014,0.49843709370175404,0.046847668295751266,0.108669634947143,0.0,0.0,1.912851456926167e-08,0.0,0.0
0.00041977051995707607,0.0140318076519205,0.0046836368137075065,0.000914707330454523,6.610696135189607e-05,6.610696135189607e-05,0.14528290620346715,0.029396519697019195,6.610696135189607e-05,0.99993614435319,0.0,0.27592985654454105,3.454830183712606e-06,0.08202188191417352,0.13671886843305617,0.4041022444768775,0.04087612410175916,0.1607745736104197,0.09321056016396191,0.1989703048509931,0.97341789993305,0.4493931060705081,1.0,0.02567063394308274,0.4937078346512904,0.0015004242792732796,0.00169712954704132,0.008700358033918427,0.9999338930386481,0.21999548290495016,0.25536139680038245,0.41890032468638355,0.3657494316851155,0.7828527388206477,0.20744003947199774,0.014459255573316685,0.30828682061557416,0.3506161238625104,0.09990602293192848,0.7391292613753404,0.5391431791124885,0.012308108868967415,0.10909630531066297,0.0,0.20578097282549973,0.0,0.020834070224879275,0.26597399059922816,0.19914995141748487,0.06235051014391625,0.02695029700835221,0.16902232094211903,0.04164766131130749,6.610696135189607e-05,0.024205954086801026,0.45622973216166113,0.20186748580716746,0.2679235990585152,0.0,0.0366947415297529,0.15329423287401447,0.0,0.17322766870095713,0.1906005789107312,0.8944813309670707,0.691933389838344,0.026582082752247924,0.34482592110399224,0.0,0.0885108935882039,0.004068113415534069,0.015270155083374044,0.0007826313453653229,6.610696135189607e-05,0.21509710373725202,6.610696135189607e-05,6.610696135189607e-05,6.610696135189607e-05,0.6579248322792619,0.015279775372184912,0.248706504924946,0.9855372895964996,0.5729965559404995,0.359370774830419,0.4959917325911941,0.04676694582194331,0.10948166836636058,0.0,0.0,1.7314702150036277e-08,0.0,0.0
0.00041977051995707607,0.013999043047057819,0.004695653636062308,0.0009111107655645925,6.610696135189607e-05,6.610696135189607e-05,0.14549751803407412,0.029357457135986142,6.610696135189607e-05,0.999936087712394,0.0,0.2833843726463801,2.7804928087459633e-06,0.08157158806783155,0.1544891961102724,0.4070369203816776,0.039955036409456246,0.1597122800239421,0.09273113845426052,0.19797724229021757,0.9733739882995844,0.44853044300021144,1.0,0.025609359606092223,0.49393498572606714,0.0013791390595643694,0.0016765251813312216,0.008653242885733329,0.9999338930386481,0.22118033278243457,0.25550298355663825,0.42214278336472477,0.3643485588626531,0.7841280946478336,0.20301651026812073,0.013327057378153262,0.3076272852518064,0.3428224733042872,0.09957149833544948,0.7397292442118405,0.5387462479985508,0.01237203420928587,0.11074273094812659,0.0,0.20767125071408266,0.0,0.020802316633443847,0.2636122392623141,0.19724851226029544,0.06203087081270742,0.026821638038155876,0.1700167712875509,0.042876406567667995,6.610696135189607e-05,0.023805884870201292,0.4597490434014206,0.20119872454220403,0.2758383617478267,0.0,0.03716266890722548,0.16535837536756706,0.0,0.17365718479776968,0.19139638321054708,0.8948968273364536,0.6912800267616559,0.026625996013419088,0.3437983062857059,0.0,0.08950542936535574,0.004471336952425489,0.014766395043013636,0.0005378298204141935,6.610696135189607e-05,0.21357302055524685,6.610696135189607e-05,6.610696135189607e-05,6.610696135189607e-05,0.6599430940799098,0.014673180809962423,0.23776075533767246,0.986670162129038,0.5736384577731366,0.33732995521787335,0.49339158128287286,0.04665853458093358,0.11014508876696001,0.0,0.0,1.5686996510145794e-08,0.0,0.0
0.00041977051995707607,0.01397001922074287,0.004707119942979552,0.0009056840166605782,6.610696135189607e-05,6.610696135189607e-05,0.14566329981390586,0.029338452626047284,6.610696135189607e-05,0.9999360356753766,0.0,0.29074604543508203,2.2427328164867083e-06,0.0813222444956784,0.17362999313214333,0.41020628221465844,0.03909892353897931,0.15880779864178696,0.09226140471981865,0.19701047917058173,0.9733327535131201,0.4477121607335512,1.0,0.025559206604724355,0.49420886157469174,0.0012698930440938562,0.00165873114355318,0.008610924121390303,0.9999338930386481,0.2223409357072759,0.25570503036400344,0.4253007771217925,0.3629547562715717,0.7853247134008629,0.1987658805461146,0.012121113447556982,0.30682076986226886,0.3350136644232269,0.0991950318176015,0.7402401835903297,0.5382413975720093,0.012464193875534959,0.11228403617852402,0.0,0.20938368686069703,0.0,0.02076685607491653,0.2613477489979261,0.19541637978792217,0.06168803998550037,0.02667969743083349,0.1706533386596551,0.04395658349046716,6.610696135189607e-05,0.023464803186991838,0.4632495906818039,0.20059994899320688,0.28323204696989585,0.0,0.03767584406963336,0.17670538107064887,0.0,0.17413305109043017,0.1922954941627717,0.8952744014046464,0.6907054846508943,0.026667232263496925,0.34290415240575184,0.0,0.09057991239103455,0.0048986028744886535,0.01428540803762181,0.00036589045346100026,6.610696135189607e-05,0.21220391548774306,6.610696135189607e-05,6.610696135189607e-05,6.610696135189607e-05,0.6611352938679751,0.014075337605930341,0.22725602704890743,0.9878766438196266,0.5741811415724194,0.31465096137398085,0.4905986859677401,0.0465278417802609,0.1106553096234321,0.0,0.0,1.4223383046889253e-08,0.0,0.0
0.00041977051995707607,0.01394367189661156,0.004718071730747948,0.0008977802063507703,6.610696135189607e-05,6.610696135189607e-05,0.14578220254450117,0.029341111830160076,6.610696135189607e-05,0.9999359903775303,0.0,0.2979315530793367,1.8138107842834577e-06,0.08128825414160608,0.19383200614669507,0.41364829011533505,0.03830514806981935,0.1580624603870418,0.09180470737488355,0.1960713296360643,0.9732923377660677,0.4469325907116742,1.0,0.02552083168737083,0.4945278342335053,0.0011529079550681386,0.0016434259295189401,0.008574040982145753,0.9999338930386481,0.22350433736331257,0.25599399669529,0.4283482354698472,0.36157860122812674,0.7864517849030933,0.1947197536440421,0.010878574285428468,0.3059177972705818,0.3273736040620307,0.09879301202888731,0.7406818653332683,0.5376570818795696,0.0125837227223012,0.11371055405852286,0.0,0.2109201359941725,0.0,0.02072942264452884,0.2592032307498329,0.1936983543388795,0.06132089249863927,0.026580452841253245,0.17085328416932824,0.044796392698702635,6.610696135189607e-05,0.023059751480679312,0.46665584056290804,0.2000616225501841,0.29003408548821874,0.0,0.038235545002856496,0.18706337764235056,0.0,0.17463120417774378,0.19328517299407671,0.8956115699028152,0.6902181163054129,0.02670764933136289,0.34214727329415323,0.0,0.09172475698591363,0.005356137172035862,0.01382192082486525,0.0002409592563003385,6.610696135189607e-05,0.21090837254331118,6.610696135189607e-05,6.610696135189607e-05,6.610696135189607e-05,0.6616945412223199,0.013486592546722593,0.21731460778840256,0.9891196119037873,0.5745584035849556,0.2917310121489236,0.4875586978557777,0.04638178241916856,0.11099528473931196,0.0,0.0,1.290256939435606e-08,0.0,0.0
0.00041977051995707607,0.013919969340143919,0.004695444247655273,0.000887587517171985,6.610696135189607e-05,6.610696135189607e-05,0.14595158966944505,0.029369212092567938,6.610696135189607e-05,0.9999360962801017,0.0,0.3048605464354942,1.4713157389376728e-06,0.08148375505733114,0.21466916912390518,0.41738323311150116,0.03757172062155729,0.1574810558931014,0.09137014660841074,0.19517181392006663,0.9732528713389325,0.44619789976627006,1.0,0.02549402488001468,0.49489614480758376,0.0010511635644497746,0.0016306352658219502,0.008536059616164481,0.9999338930386481,0.2246339739714238,0.25635410424003024,0.43121123275846845,0.36022910002988634,0.7875199003871306,0.1908978342411453,0.009620518470577984,0.30492504021131417,0.3200711042120365,0.09836732695786507,0.7410672892036564,0.5370013487819547,0.012730441193500155,0.11501915129567447,0.0,0.21229543819336397,0.0,0.020692007370052,0.2571955463557029,0.19207251474075523,0.06094610363317212,0.026419332180824928,0.17062276359783204,0.04547648665436718,6.610696135189607e-05,0.022845575095425362,0.4700098446030723,0.19957245013740735,0.2962695435450281,0.0,0.03883879548319229,0.19631967251239696,0.0,0.17513664190918082,0.19435377701341727,0.8958994121980891,0.6898090347842589,0.026747116953422457,0.34150666204036606,0.0,0.09296132028329163,0.005826519808953721,0.013404678635091602,0.00017307027171223956,6.610696135189607e-05,0.2097121797378929,6.610696135189607e-05,6.610696135189607e-05,6.610696135189607e-05,0.6613707368175752,0.01290764947546211,0.20797207577833243,0.9903780102136831,0.5747524092481625,0.2689400541516613,0.48424943993063374,0.04622434826560554,0.11116381831152668,0.0,0.0,1.1707645097851422e-08,0.0,0.0
0.00041977051995707607,0.013898772265963647,0.004721964417378455,0.0009106995112791915,6.610696135189607e-05,6.610696135189607e-05,0.1459499994391906,0.029323799868807638,6.610696135189607e-05,0.9999357590269139,0.0,0.31144669749943465,1.1978989893685132e-06,0.08193200280445355,0.23561914303602377,0.42142949506939886,0.036900255631431796,0.15703743504181047,0.09094202038899124,0.1942812413746562,0.9731999245936039,0.44541641409301713,1.0,0.02547880365246958,0.4952854992823065,0.00097343543319423,0.00161997145382649,0.008507679737246051,0.9999338930386481,0.225697627651533,0.256770896139811,0.4337655736852748,0.3589220230534335,0.7885241394405409,0.18731241345687,0.008383758952168521,0.30386942478686885,0.31322637243881324,0.09792929994160327,0.7414037568601496,0.5362886393156587,0.012901942803788478,0.11619206682209017,0.0,0.21349241488174078,0.0,0.02064955863275114,0.25526611944343236,0.1905567455597909,0.060556259424881693,0.026269555984559757,0.1702652626751005,0.04595068154489686,6.610696135189607e-05,0.022637700024106235,0.4732802655816856,0.199134805321162,0.3019801887096483,0.0,0.0394826293508402,0.20447408669760836,0.0,0.17563726431865992,0.19551806076883543,0.8961560368072203,0.6895266918032537,0.02680006478412686,0.34109117102524217,0.0,0.09423665496726331,0.006327395127979242,0.01301731672446556,0.00010696331036034349,6.610696135189607e-05,0.20855683431132535,6.610696135189607e-05,6.610696135189607e-05,6.610696135189607e-05,0.6607211110073323,0.012341055238297101,0.19926070033404705,0.9916150431488421,0.5747159430578375,0.2466803978275547,0.4806412049889979,0.046058723189758774,0.1111558648736955,0.0,0.0,1.0622269196441898e-08,0.0,0.0
0.00041977051995707607,0.013878552163564161,0.004704557581939256,0.000890885613047707,6.610696135189607e-05,6.610696135189607e-05,0.1459930422158497,0.029405905574871508,6.610696135189607e-05,0.9999359597680116,0.0,0.31778402570188596,9.785439850843702e-07,0.08261714627110854,0.25621652678228296,0.42571408530314836,0.03628570038801261,0.15676001660630162,0.0905545131753136,0.19349957336765602,0.9731800079778645,0.4447916811626896,1.0,0.025473585194103397,0.49566099683969217,0.0009092466986686835,0.0016112997701316998,0.008483532566817336,0.9999338930386481,0.22671795194170088,0.2572534768642382,0.43603858971216153,0.3576543956152551,0.7894813622509552,0.18397201093325316,0.00718083641708823,0.30272850411199687,0.3069415937842552,0.09747693367680424,0.7417188725823816,0.5355469159158619,0.013099047775856227,0.11723920849391031,0.0,0.21453472441562266,0.0,0.020608448228690273,0.253537266182206,0.18912807977503052,0.06014633181627584,0.026162269975307247,0.16942073368927582,0.04633535079007985,6.610696135189607e-05,0.022403791239357405,0.4763941511912704,0.1987293135095158,0.30709619731502613,0.0,0.04015546260225261,0.21152561128551525,0.0,0.17611083498537655,0.19669259049816362,0.8963464390488302,0.6892612181384337,0.02681999202213545,0.3406735944216878,0.0,0.0955125449535558,0.006837802630001593,0.012678228035399381,6.610696135189606e-05,6.610696135189607e-05,0.20742095787637713,6.610696135189607e-05,6.610696135189607e-05,6.610696135189607e-05,0.6596654222635326,0.01178932423952897,0.1911477660498348,0.9928181850389267,0.574498887014642,0.2253162681479466,0.47680898102004743,0.04588459204422923,0.11100047697967294,0.0,0.0,0.0,0.0,0.0
0.00041977051995707607,0.013861976386263571,0.004700309672189688,0.0009087686743962452,6.610696135189607e-05,6.610696135189607e-05,0.14600684528857233,0.029404203261212767,6.610696135189607e-05,0.9999357765531607,0.0,0.3236393422543795,8.025611263487297e-07,0.08356302523897731,0.2758755804867132,0.4302421194825474,0.035725697634136556,0.15661421488602695,0.09018247762144084,0.19271856665753143,0.9731357643329112,0.444116980184662,1.0,0.02547943359604667,0.49606051126001716,0.000817729085807693,0.001582939422160202,0.008458275348526488,0.9999338930386481,0.22775223228773006,0.2579435912398457,0.43824789483483517,0.35646039709011473,0.7903864776851808,0.18086466064356665,0.006041110547743499,0.3015250836301065,0.3012766953774211,0.09701202890923476,0.7420038918900551,0.5347617857187713,0.01331927608726706,0.11814706223709913,0.0,0.21542326638159795,0.0,0.020564197405786813,0.25187472962951785,0.18779211140431223,0.05977709009593378,0.026032179893142948,0.16867718941521784,0.0465879130525541,6.610696135189607e-05,0.0222245567597751,0.4793854256281027,0.1983575869888852,0.31187926487515005,0.0,0.04084590885748702,0.21765380650028307,0.0,0.17656902220802817,0.19791674620677494,0.896498246291292,0.6891343711053696,0.026864235667088857,0.34045975343374013,0.0,0.09681674166176969,0.007347188799286761,0.012353740880836897,6.610696135189607e-05,6.610696135189607e-05,0.20633849470320817,6.610696135189607e-05,6.610696135189607e-05,6.610696135189607e-05,0.6583121061878617,0.011255935325934002,0.18361673222690386,0.9939580868911302,0.5740659822734292,0.2051939176355827,0.4727458516082178,0.045701388267780085,0.11070725318842685,0.0,0.0,0.0,0.0,0.0
0.00041977051995707607,0.013847617186655316,0.0047005959545415865,0.0008828861884488161,6.610696135189607e-05,6.610696135189607e-05,0.14596432526429082,0.02951895527810046,6.610696135189607e-05,0.99993585964933,0.0,0.3291518099721193,6.608255093312858e-07,0.08475643993402085,0.2942363061117314,0.43493911073200764,0.03521763971908915,0.15658991530158503,0.08983638352234698,0.1920138341370183,0.9731097992264608,0.4435117193294806,1.0,0.02549461888582166,0.49643473368684626,0.0007331374358574054,0.0015512512345933988,0.008437432838943796,0.9999338930386481,0.2287523406046645,0.258651300661934,0.440393449456781,0.3553220214730839,0.7912200104240499,0.17797462386095056,0.00499102217390951,0.3003056523286649,0.2962572532063155,0.0965520306425674,0.7422576891174787,0.533964638126058,0.013563924875675704,0.11892653683132288,0.0,0.21617637719629143,0.0,0.020519722542963623,0.25035323002215654,0.18655032202327,0.059399698868369086,0.025906735430474098,0.1676309132640701,0.04672062534419114,6.610696135189607e-05,0.022131492240692423,0.482240725325514,0.19803854950968167,0.31618697797097,0.0,0.04155638980516384,0.22289894904876348,0.0,0.17701193286564834,0.19916237579229898,0.8965996916019773,0.6890596290316588,0.026890200773539232,0.3403119034742281,0.0,0.09811683935487328,0.007849313095687671,0.012060051306943168,6.610696135189607e-05,6.610696135189607e-05,0.20531183606690678,6.610696135189607e-05,6.610696135189607e-05,6.610696135189607e-05,0.6567804228994603,0.010741440066268508,0.17668658819596014,0.9950083170005811,0.5733815179321504,0.18660749163318965,0.468508858625425,0.04551273829778375,0.11028307078005806,0.0,0.0,0.0,0.0,0.0
0.00041977051995707607,0.013834170721741,0.0047036480501138405,0.00090151428536523,6.610696135189607e-05,6.610696135189607e-05,0.14593136708463206,0.029513788031506356,6.610696135189607e-05,0.9999356610028397,0.0,0.3341471811959607,5.46426429109234e-07,0.08621007297670003,0.3109476326804115,0.4397949752928222,0.034754641399547835,0.15669532178195675,0.08950999053390828,0.19131747142053365,0.9730656105039277,0.4429193747029887,1.0,0.025518233722773023,0.4967945071452459,0.000658112806629507,0.0015428089615185632,0.008419199743769989,0.9999338930386481,0.2296997113015946,0.2593046163117617,0.44205317572343644,0.35424153374242734,0.7919803978503794,0.1752931343948918,0.004048156748970956,0.2990743324126504,0.29187951687571745,0.09609526017141709,0.7424796007662338,0.5331454866908524,0.013831099416839738,0.11957021643345828,0.0,0.21678827031195932,0.0,0.02047253049461465,0.24892170824835985,0.18536015291866065,0.05906635894623258,0.02577805540804443,0.16656181098779235,0.04680197200671575,6.610696135189607e-05,0.02204488639868988,0.48495807399596,0.19777303549527636,0.3202713516345613,0.0,0.042279044593485214,0.22746186285384332,0.0,0.1774514447044236,0.20041573265925214,0.896658910049252,0.6891123121460081,0.02693438949607233,0.340292354985052,0.0,0.0994047007680953,0.008358996540416472,0.011820178404479732,6.610696135189607e-05,6.610696135189607e-05,0.20428263669580818,6.610696135189607e-05,6.610696135189607e-05,6.610696135189607e-05,0.6549999781429946,0.010246566654344208,0.1702883327745863,0.9959512968245999,0.5724365500171643,0.16971098759002778,0.4641097645357607,0.045314313129794864,0.10974345886793874,0.0,0.0,0.0,0.0,0.0
0.00041977051995707607,0.013822925485892859,0.00470635532429924,0.0009080456444079296,6.610696135189607e-05,6.610696135189607e-05,0.1458593282250492,0.02953576806117724,6.610696135189607e-05,0.9999355981760423,0.0,0.33881310003702,4.5363605956448264e-07,0.08790212220802829,0.32590551547656993,0.44469008359597445,0.03433583420626881,0.1568978064987829,0.08920982366896323,0.19070238299247075,0.9730435704235372,0.44241100472636696,1.0,0.025549077866276068,0.49712414990697,0.0005846125147334668,0.0015278232520527053,0.008404449771881905,0.9999338930386481,0.23059364135880436,0.2599746267347066,0.44357080968603263,0.35322890344392693,0.7927123949882782,0.1728139231833061,0.003217903844528739,0.2978117120173913,0.2881104653382391,0.09564514066804622,0.7427070692000503,0.5323524695832462,0.014120963109942888,0.12010012029512998,0.0,0.21729574505914961,0.0,0.020426016008479077,0.24762619087461502,0.18427900239739595,0.05868352490418727,0.02565544458760143,0.16538348594848049,0.04682291687233151,6.610696135189607e-05,0.021993431525135866,0.4875571453661371,0.19751242747168882,0.32394111667041875,0.0,0.04299153118666656,0.2313624685177589,0.0,0.17784939535964567,0.20162885599855068,0.8966692132210938,0.6891974967123993,0.026956429576462815,0.34029325021448337,0.0,0.10067103272100347,0.008818019792735044,0.011575755858011422,6.610696135189607e-05,6.610696135189607e-05,0.20339570158258208,6.610696135189607e-05,6.610696135189607e-05,6.610696135189607e-05,0.6533833753256968,0.009775177540032945,0.16443186010925526,0.9967816425194117,0.5712946345879139,0.15462155066743216,0.45966477573597936,0.04510770123403534,0.10912086791942024,0.0,0.0,0.0,0.0,0.0
0.00041977051995707607,0.013813394498599009,0.00470927653809409,0.0009098258533183663,6.610696135189607e-05,6.610696135189607e-05,0.14577265979396195,0.029579811744758943,6.610696135189607e-05,0.9999355407280606,0.0,0.3430789761392582,3.7814596982180706e-07,0.08982165762244831,0.3390272730891254,0.449579293141807,0.03395648352087948,0.15718340951783158,0.08893394705761104,0.190138059752501,0.9730258034526281,0.4419449892157952,1.0,0.025583744019473068,0.4974312288515978,0.0005413535700754108,0.0015072138636164833,0.008391693232663814,0.9999338930386481,0.23139577744188133,0.26072294146395714,0.44485887169062777,0.35228012668603476,0.7933891020244827,0.17052798540542746,0.00251356494021812,0.2966018723164393,0.284922377512608,0.09522205879239141,0.7429221592305401,0.5315677645842022,0.01443161492181227,0.12050890872723477,0.0,0.21769240937802445,0.0,0.020380163964010357,0.24642954818852036,0.18326021175976207,0.05836775523428053,0.025535531277962757,0.1640785656360356,0.046798954922627374,6.610696135189607e-05,0.021957292473173667,0.4899814415778465,0.19728623644433887,0.3273551511676087,0.0,0.04371348522270693,0.23475163720002168,0.0,0.17823036669362818,0.20282423129703134,0.8966344380205767,0.6893530315202642,0.0269741965473719,0.34036260140618046,0.0,0.10188627137589,0.00924738734821407,0.011373610446087866,6.610696135189607e-05,6.610696135189607e-05,0.20253192292715605,6.610696135189607e-05,6.610696135189607e-05,6.610696135189607e-05,0.6517676750673227,0.009324661531178302,0.15903788728770568,0.9974860569138121,0.5698629848384056,0.14129871219824502,0.4551986480658016,0.04489099055495242,0.10842459460093488,0.0,0.0,0.0,0.0,0.0
0.00041977051995707607,0.013805685851824647,0.004711670588336456,0.0009090895357793947,6.610696135189607e-05,6.610696135189607e-05,0.14569355216746369,0.029620616373905898,6.610696135189607e-05,0.9999354902998138,0.0,0.34695122047077626,3.16505693136122e-07,0.09195968520285462,0.3503628009961368,0.4544012053451324,0.033614046049692155,0.15753917523189795,0.08867999924927632,0.1896163372881453,0.9730088019577379,0.44151740870200124,1.0,0.025623573586549965,0.49770594195358153,0.0005045285843861633,0.0015102587538842309,0.008381162520535414,0.9999338930386481,0.23214337401554896,0.2613328393305146,0.44581826616505643,0.3513888382426245,0.7940178813604802,0.16842302451184937,0.0019307125805303907,0.2954375115982192,0.2822579891307264,0.09482474393440078,0.7431297855174295,0.5308156394076526,0.014763463309266886,0.1208124300420512,0.0,0.21799900306278863,0.0,0.020336669972571015,0.24531284332759049,0.18230625601115943,0.05805128614233256,0.025422445354775305,0.16288881850315054,0.04675098298149998,6.610696135189607e-05,0.021937622072602005,0.4922905422562255,0.19708457518120495,0.33052842713930586,0.0,0.04441950378210458,0.23769894001693584,0.0,0.1785894630803028,0.2039697343196807,0.8965565374414568,0.6895712326698035,0.02699119804226216,0.3404835882352102,0.0,0.10305971915093383,0.00965305160361289,0.011191228201205277,6.610696135189607e-05,6.610696135189607e-05,0.20169637316021075,6.610696135189607e-05,6.610696135189607e-05,6.610696135189607e-05,0.6502288498696551,0.008897543458314847,0.15409732787806857,0.9980689709137764,0.5681832994168217,0.12968026985620093,0.4507740507204668,0.044666705352575574,0.10767545104076869,0.0,0.0,0.0,0.0,0.0
0.00041977051995707607,0.013799242195459997,0.004713235862677342,0.0009073147184709615,6.610696135189607e-05,6.610696135189607e-05,0.1456188528244275,0.029660969360811196,6.610696135189607e-05,0.9999354444259351,0.0,0.3504452732029771,2.6598434297965663e-07,0.0943061420110272,0.36003159409742863,0.4591168782292935,0.033305415971439045,0.15795107938024106,0.08844385370416295,0.18912946990626553,0.9729912466869036,0.4411199625981894,1.0,0.025665514038387877,0.4979616423854125,0.0004531038537848226,0.001512447728013205,0.008371989303310824,0.9999338930386481,0.23282861443568792,0.2619748106454903,0.44660293609660967,0.3505762924181977,0.7946311904600049,0.16649247662541003,0.0014586307204106734,0.2943120350301577,0.2800457746117244,0.09444989978018221,0.7433507462518723,0.5301048687390978,0.015115564632946638,0.12102386678951409,0.0,0.21822730950022867,0.0,0.020294009587848043,0.24427828309214034,0.18141703122053845,0.05777608289131503,0.025344967263867244,0.1617187347647941,0.0467184406592018,6.610696135189607e-05,0.02182938395821911,0.4944113400944414,0.1968751751214009,0.33348372490084754,0.0,0.04510798087087142,0.24028415620082785,0.0,0.17890831045289657,0.20505686783488178,0.8964405816628904,0.6898466633042204,0.027008753313096403,0.34065272790158196,0.0,0.10418384134695674,0.010034859507935055,0.011028038413745098,6.610696135189607e-05,6.610696135189607e-05,0.20088608717455442,6.610696135189607e-05,6.610696135189607e-05,6.610696135189607e-05,0.6487929612806101,0.008493634418594246,0.14957852527076543,0.9985411032952464,0.5662738420879437,0.11963847509001908,0.4464332219905244,0.04443552732379213,0.10688718404577935,0.0,0.0,0.0,0.0,0.0
0.00041977051995707607,0.013794190311205738,0.00471413532924298,0.0009048862744238655,6.610696135189607e-05,6.610696135189607e-05,0.14555672138596917,0.029691129376750714,6.610696135189607e-05,0.9999354034734361,0.0,0.35359256547359835,2.2441599435066565e-07,0.09684800994513969,0.36820096345036457,0.4636907642171569,0.03302861599285451,0.1584091400053073,0.08822402385449295,0.18867883674048908,0.9729742770912653,0.44075566320786935,1.0,0.025709013576700468,0.4982032206020549,0.00041977052045148917,0.0015131393568558339,0.008360762614884786,0.9999338930386481,0.23345676095402368,0.2625618657206807,0.44731695116583803,0.3498203920326582,0.7952230145740713,0.1647251434410371,0.0010843791467886972,0.2932254622504636,0.2782250471185313,0.09409612378954132,0.7435760570182384,0.529438193850574,0.015488805926347089,0.12116376569740211,0.0,0.21839986561867827,0.0,0.020253569647199477,0.24332495809684565,0.18059999841913993,0.05748500289858685,0.025253639136054398,0.16058122035913885,0.0466829061308604,6.610696135189607e-05,0.021776060336065217,0.49641952138742956,0.19666364935232256,0.33622316628896315,0.0,0.04576987671151458,0.24255251346990123,0.0,0.1791954995232004,0.20607865125131072,0.8962871702191599,0.6901573975621088,0.027025722908734683,0.34084447117345235,0.0,0.10525685144028207,0.010356751670171787,0.01086444716762103,6.610696135189607e-05,6.610696135189607e-05,0.20017872276718057,6.610696135189607e-05,6.610696135189607e-05,6.610696135189607e-05,0.6476418898496858,0.008113336073606196,0.14545912479640138,0.9989153964372169,0.5641566510928823,0.11102147596120283,0.4422131119933018,0.04419982746570683,0.10607401489280802,0.0,0.0,0.0,0.0,0.0
0.00041977051995707607,0.013789556290177125,0.004714144081446391,0.0009024907481043972,6.610696135189607e-05,6.610696135189607e-05,0.1454935025625113,0.02972185057233063,6.610696135189607e-05,0.9999353657250785,0.0,0.3564099072670808,1.9008464717764342e-07,0.09956470793587524,0.37504607378128363,0.468088845077834,0.032781118515354195,0.15889733379467205,0.08801514968243165,0.18825601134687978,0.9729563925569379,0.4404120974333266,1.0,0.025752563002018194,0.49842308921246853,0.00038042485037669525,0.0015136332799588314,0.008318155652040204,0.9999338930386481,0.23405033006006554,0.2631768238882048,0.4481756263210868,0.34914070188214563,0.7957815591094183,0.1631047889726143,0.0007955784262222716,0.2922263406676258,0.2767344259973859,0.09377671292686465,0.7437970184710194,0.5288110374192662,0.015882017568475914,0.12123168273403849,0.0,0.21851427802469828,0.0,0.02021426950896259,0.24243134557079565,0.17984610580274513,0.057222139116697386,0.02516150930911203,0.15946186152797312,0.046603147525956345,6.610696135189607e-05,0.02174038001144966,0.4983038894350841,0.19646387320945757,0.3387917541334697,0.0,0.04641851166401493,0.24456593593641976,0.0,0.17946088246891914,0.20704821170662205,0.8961028327490924,0.6905123059190817,0.027043607443062116,0.34107362454197504,0.0,0.10626751009685896,0.010663303911223068,0.010718648196689554,6.610696135189607e-05,6.610696135189607e-05,0.19944292857839754,6.610696135189607e-05,6.610696135189607e-05,6.610696135189607e-05,0.6466238351273068,0.007754567681124228,0.1416935496268351,0.9992042314891305,0.561790439732484,0.10365356428491077,0.4381344419953013,0.04396098054470737,0.10524341707943974,0.0,0.0,0.0,0.0,0.0
0.00041977051995707607,0.013784974797270687,0.004713066351041282,0.0009000264573175962,6.610696135189607e-05,6.610696135189607e-05,0.1454360842753235,0.029748326082604342,6.610696135189607e-05,0.9999353319709368,0.0,0.3589290577876801,1.6161468729961213e-07,0.10244078917545094,0.3807507469772235,0.47228786428212244,0.03255995821115408,0.15940344214143212,0.08781614666959531,0.18785909198966486,0.9729378231125753,0.4400839435397201,1.0,0.025795318020611063,0.4986099085041866,0.00033396368653830624,0.0015133632144144359,0.008297153180859645,0.9999338930386481,0.23461374508758276,0.2637932310924564,0.4488340064742805,0.34850619490577583,0.7962945927106687,0.1616050783137898,0.0005761032387404511,0.29127757827832695,0.2755213286653135,0.09348414607943219,0.7439935166946584,0.528205503514433,0.016294538285144478,0.12123401323603787,0.0,0.21859053324725755,0.0,0.02017701778662123,0.24159608904833405,0.17913279160991133,0.056972661135802474,0.02508542280664043,0.15844657342361818,0.04653918484690212,6.610696135189607e-05,0.02168207831425156,0.500073924079485,0.19628838517073563,0.3412044720357124,0.0,0.047043307314691384,0.24635228797912226,0.0,0.17972708442163818,0.2079863437011248,0.8958893150452603,0.6909068947742973,0.02706217688742477,0.34132552321302234,0.0,0.10722192577345978,0.01092115071170555,0.010586716384573407,6.610696135189607e-05,6.610696135189607e-05,0.1987748795241829,6.610696135189607e-05,6.610696135189607e-05,6.610696135189607e-05,0.645818095418338,0.00741702211859571,0.1382613918628178,0.9994237351465722,0.5592383252315307,0.0973756363783408,0.43422798963844533,0.04371944067254932,0.1044047106430102,0.0,0.0,0.0,0.0,0.0
0.00041977051995707607,0.013781032204918912,0.004711221880034054,0.0008975477735489115,6.610696135189607e-05,6.610696135189607e-05,0.14538337709381416,0.029770714087003686,6.610696135189607e-05,0.9999353012893577,0.0,0.36117487785227725,1.3791825587445792e-07,0.10545517968476266,0.38548642108638503,0.47626996464068333,0.032361862549801106,0.15991604164542692,0.08762523053669666,0.18748583818628012,0.9729188436766711,0.4397709040958326,1.0,0.02583761467092393,0.4987849724942883,0.0003133669162058291,0.001511846115337316,0.008283861759212561,0.9999338930386481,0.2350948439932408,0.2643662827021735,0.44935819646412073,0.34791318678506467,0.7967726048775822,0.16022693743050262,0.0004127095471383974,0.29040008225920233,0.2745318651326411,0.09322315996879098,0.7441811206672929,0.5276428879938618,0.016726899551925318,0.1211842318187876,0.0,0.21863127417536687,0.0,0.02014063174862943,0.24081731789867095,0.17845908598832544,0.05677269324597158,0.02501225394796519,0.15749055999093814,0.0464990942297887,6.610696135189607e-05,0.02163293336815236,0.5016934191267728,0.196127439928929,0.34346115301637603,0.0,0.04764382924159328,0.2479476695690023,0.0,0.17998040728884424,0.20887305289099495,0.895647869911378,0.6913299299949323,0.027081156323328824,0.34159782172880054,0.0,0.10812815768967454,0.011131808648634285,0.01046690666414069,6.610696135189607e-05,6.610696135189607e-05,0.19817131533261087,6.610696135189607e-05,6.610696135189607e-05,6.610696135189607e-05,0.6452130299666777,0.007099955193488625,0.1351370317008441,0.9995871525346057,0.5565009088144417,0.09203404421197164,0.4305068753905256,0.04347660949406172,0.1035680174697163,0.0,0.0,0.0,0.0,0.0
0.00041977051995707607,0.0137779585032038,0.0047086775660325425,0.0008948253063969716,6.610696135189607e-05,6.610696135189607e-05,0.14533757707186795,0.02978299920712592,6.610696135189607e-05,0.9999352744940747,0.0,0.3631766918935137,1.181248214829806e-07,0.10858949489858158,0.3894129653976234,0.4800301377268526,0.03218577340378203,0.16043030673316389,0.08743940725195087,0.1871345708288917,0.9728997739155931,0.43947589470346715,1.0,0.025880047541427056,0.49894928269691013,0.0002800335820725831,0.0015077075307819714,0.008274824786557701,0.9999338930386481,0.23556329864638728,0.26489357794202884,0.4498983009674512,0.3473642572263266,0.797226672590435,0.1589692871016379,0.0002931664068159265,0.2896061328094617,0.27372141995732413,0.09299472837803653,0.744367819239608,0.5271371111804151,0.017179579470355904,0.12109694538916328,0.0,0.2186466624171925,0.0,0.020105706464607645,0.24010385291435316,0.17781370506174649,0.05656325229720202,0.02494179138773942,0.15656824173377107,0.0465257144152757,6.610696135189607e-05,0.02159777041980414,0.5032185716878663,0.19597057894521652,0.3455574717751698,0.0,0.048213364737391844,0.24937571565598785,0.0,0.18021108340536227,0.20969140952626053,0.8953810132776933,0.691768483781945,0.02710022608440685,0.3418774428793403,0.0,0.10898975754011492,0.01129939445667162,0.01034864644905198,6.610696135189607e-05,6.610696135189607e-05,0.19762356620199534,6.610696135189607e-05,6.610696135189607e-05,6.610696135189607e-05,0.644831190343599,0.006802748464348491,0.13229654922967862,0.9997067154683625,0.5535910075545649,0.08748989898906467,0.4269751338951109,0.043235323951247705,0.10274117256016063,0.0,0.0,0.0,0.0,0.0
0.00041977051995707607,0.013775044802501187,0.004705945969003639,0.000892229417227505,6.610696135189607e-05,6.610696135189607e-05,0.14528991432044847,0.029794356897040884,6.610696135189607e-05,0.9999352497510325,0.0,0.3649553251288623,1.0153181992642391e-07,0.1118247380972413,0.39266500070611643,0.48357272240883176,0.03202937727345083,0.16094028394483867,0.0872557209582242,0.1868003247090345,0.9728800049663308,0.43919427262841565,1.0,0.025921740139074143,0.49910464220030404,0.00022263088658614405,0.0015012997348161639,0.008267944604813744,0.9999338930386481,0.23603464415897077,0.26545254967799353,0.4504659175418087,0.3468582504927474,0.7976448118274077,0.15781825951808245,0.0002069270854367705,0.28889538107265245,0.27304869652478747,0.09279787700565896,0.7445440112929297,0.526676416755142,0.01765161602858651,0.12097231890679419,0.0,0.2186320483120248,0.0,0.02007141358376235,0.2394307683493288,0.17722187765131261,0.056365761892088306,0.024872807102700928,0.15568186703855796,0.04651276925497369,6.610696135189607e-05,0.021571270950218383,0.504654318752798,0.19583144754251006,0.34751966308548055,0.0,0.04876037309108405,0.2506692123464141,0.0,0.18043089965437237,0.2104561461414524,0.8950926630131892,0.6922273563841713,0.02711999503366927,0.3421736790595595,0.0,0.10984268443859842,0.01147218106709378,0.010237789909609668,6.610696135189607e-05,6.610696135189607e-05,0.19700793654259544,6.610696135189607e-05,6.610696135189607e-05,6.610696135189607e-05,0.6444135304986872,0.006523740630082301,0.12970675226757472,0.9997929713827433,0.5505195077390223,0.08361709042268203,0.4236294005855093,0.04299571177924713,0.101927153158567,0.0,0.0,0.0,0.0,0.0
0.00041977051995707607,0.01377204038284952,0.004702809473129333,0.0008897294120359991,6.610696135189607e-05,6.610696135189607e-05,0.1452448245658599,0.029803804386307725,6.610696135189607e-05,0.9999352271722883,0.0,0.3665468393629382,8.757830006159282e-08,0.11515465795010267,0.39536679702465755,0.48692989027152495,0.03189129133105323,0.16144666879102548,0.08707552784750504,0.186483709230215,0.9728598151285732,0.4389251862611409,1.0,0.02596303175656355,0.49924569805167024,0.00020640360578067562,0.001491383055311932,0.008262787781879303,0.9999338930386481,0.23642326536986782,0.2659642458635424,0.4509684559905906,0.3463824586985751,0.7980246985946906,0.156760588732704,0.00014504231676140065,0.28821277136088697,0.2724779668576413,0.09261847084185701,0.7447081155416284,0.5262540584615495,0.018143059677504608,0.12081642237267783,0.0,0.21859067627741272,0.0,0.02003764642546523,0.23879144319831927,0.17664758705969946,0.05617952684001386,0.02480560283693098,0.15485860160556025,0.046545419106818246,6.610696135189607e-05,0.02155120262626127,0.5060175437333932,0.19571352520646676,0.34935283063216377,0.0,0.049284568731819835,0.2518458960876973,0.0,0.1806437384126864,0.2111740858406695,0.8947814124749903,0.6926998683971072,0.027140184871426762,0.3424841374614464,0.0,0.11063728453342489,0.011586416045807702,0.010155987574215297,6.610696135189607e-05,6.610696135189607e-05,0.196545031322478,6.610696135189607e-05,6.610696135189607e-05,6.610696135189607e-05,0.6441519480319421,0.006261776198842648,0.12733974127219402,0.9998548701049386,0.5473480019571906,0.08030934003000385,0.4204516388866181,0.042756854714632066,0.10112518690675562,0.0,0.0,0.0,0.0,0.0
0.00041977051995707607,0.013769418488579198,0.004698933428694932,0.0008872891452203872,6.610696135189607e-05,6.610696135189607e-05,0.14519753220724366,0.029812554052317346,6.610696135189607e-05,0.9999352068659142,0.0,0.36796345200633496,7.580252954041918e-08,0.11855008405598041,0.3976086959710674,0.49007967677407827,0.031770038437650104,0.16194080298688773,0.08689612722139889,0.1861805079859088,0.9728390244681564,0.43866552194079267,1.0,0.02600322528192669,0.4993770152699508,0.00017307027171223956,0.0014768912268077064,0.008258682004657063,0.9999338930386481,0.23680846706672842,0.26649765044644663,0.4515367593436205,0.3459416850928345,0.7983736309252711,0.1557917063422851,0.00010127987378254777,0.28759941175825743,0.27199612528723544,0.09246702398392821,0.7448630924782548,0.5258795525635294,0.018654111892845278,0.12063449539907131,0.0,0.2185290373688087,0.0,0.020003556404399138,0.23818825530456203,0.17613890165956742,0.056005765357734744,0.024741467265316962,0.154151856283929,0.04648111570688362,6.610696135189607e-05,0.021535279856951712,0.507299695016874,0.19560946090786324,0.3510571075004971,0.0,0.049772455500967296,0.2529152655358158,0.0,0.18084542420117553,0.2118355280716821,0.8944497608857559,0.6931849966150199,0.027160975531843583,0.3428054406903987,0.0,0.11140224507934327,0.011684350088037984,0.010085180634025751,6.610696135189607e-05,6.610696135189607e-05,0.19609440743309176,6.610696135189607e-05,6.610696135189607e-05,6.610696135189607e-05,0.6439639528675692,0.00601690816686557,0.1251877341508829,0.9998986443236879,0.5440780486847949,0.0774799132058814,0.4174532992419936,0.04252144488291956,0.1003441163779009,0.0,0.0,0.0,0.0,0.0
0.00041977051995707607,0.013766920305740874,0.004694224358443546,0.000884942300688235,6.610696135189607e-05,6.610696135189607e-05,0.14512044610277566,0.029820388122745043,6.610696135189607e-05,0.9999351955881238,0.0,0.3692285934695589,6.583251050683708e-08,0.12199529979263883,0.39947425344478027,0.493040321562222,0.03166414687600094,0.1624213592656957,0.08672177264693891,0.18589477522875783,0.9728180028907482,0.43841622686641346,1.0,0.0260425254461685,0.4994969172719383,0.00013973693837890616,0.0014556313631568405,0.008255562755639793,0.9999338930386481,0.2371776050754137,0.2670381624545802,0.45217716522294243,0.3455303999506326,0.7986876457840699,0.15490277381262468,7.050747971684785e-05,0.28703442041257016,0.2715826938467562,0.09233638222663712,0.7450063440617203,0.5255461880981481,0.019184761427931445,0.12043004765739848,0.0,0.21844881616812503,0.0,0.019969772438929063,0.23765517152827192,0.1756210282546301,0.055844206759653806,0.024680173437192796,0.15337998813155962,0.046512572842416826,4.029664297609493e-05,0.02152394980571754,0.5085033009372278,0.19552408678957744,0.3526378729948024,0.0,0.05022438678831583,0.25389059598600067,0.0,0.18103981423104812,0.21244730683605534,0.8940934659251297,0.6936751771138437,0.027181997109251826,0.34313495696546154,0.0,0.11214072418897693,0.01176742059977288,0.0100116279549557,6.610696135189607e-05,6.610696135189607e-05,0.19566438837094463,6.610696135189607e-05,6.610696135189607e-05,6.610696135189607e-05,0.6438884844140432,0.005788267426352668,0.12323075972301412,0.9999294266877726,0.5407458930064752,0.07505245672246288,0.41462329621114086,0.04228969483123066,0.09958514580010068,0.0,0.0,0.0,0.0,0.0
0.00041977051995707607,0.01376419679502622,0.004723236285438069,0.0008826700206837276,6.610696135189607e-05,6.610696135189607e-05,0.14497298751167434,0.0298223974749487,6.610696135189607e-05,0.9999350296895146,0.0,0.37035846458926414,5.7363624535504396e-08,0.1254733609469857,0.40103216680144127,0.4958311186795955,0.031572028079720274,0.1628882220100933,0.08655096296182122,0.18562360774920483,0.9727956860281909,0.4381768833621316,1.0,0.026081384931301216,0.49960410595821214,0.00010696331036034353,0.0014241093050122657,0.008253145448858717,0.9999338930386481,0.23750510385749837,0.26761550356552577,0.4529298665100484,0.3451579013828595,0.7989547238601663,0.15407796315760178,4.896910906477192e-05,0.2865108086696466,0.27121761768582037,0.09222376809545339,0.7451266798677562,0.5252397912983134,0.019733923221455583,0.12019973230712071,0.0,0.2183455984020559,0.0,0.019936536521790935,0.23712746759500825,0.1751350405439295,0.05569475666578561,0.024621642187106607,0.1527225949921814,0.04652611134957348,5.302884216829214e-05,0.021520231920987835,0.5096464039324189,0.19547116811770715,0.3541203466126395,0.0,0.05064928483817841,0.25478914599576047,0.0,0.18123988722342416,0.21302288318124082,0.8937151138167232,0.6941766599436745,0.027204313971809068,0.3434775182358125,0.0,0.11284897976278566,0.011836318778065525,0.009940194417322275,6.610696135189607e-05,6.610696135189607e-05,0.19524934030818372,6.610696135189607e-05,6.610696135189607e-05,6.610696135189607e-05,0.6439133493169442,0.005574108022126537,0.12144322564049459,0.9999509735273107,0.5373665455451893,0.0729610695169779,0.41194511322495114,0.04206140482909939,0.09884910351035252,0.0,0.0,0.0,0.0,0.0
0.00041977051995707607,0.013760654358420152,0.004702322705394957,0.0008803905152798762,6.610696135189607e-05,6.610696135189607e-05,0.14496723378858814,0.029816191659229285,6.610696135189607e-05,0.999935154401514,0.0,0.37139395423011135,5.0135819603777676e-08,0.12896069916046002,0.40238521835450014,0.49846790809174835,0.03148968471356957,0.1633685748257826,0.08639571251439153,0.18538744442439045,0.9727841618547654,0.43802495287987975,1.0,0.02611888706904312,0.49969158229621774,0.00010696331036034353,0.0014182149738837066,0.008250760237203515,0.9999338930386481,0.23778552295215613,0.2680034283367385,0.4534364551649623,0.3447861065955476,0.799171195342622,0.15331672216201744,3.395410308806038e-05,0.28602859423233423,0.2708998131309333,0.09212790117678026,0.7452228743771621,0.524968912978048,0.02030238415978142,0.11995295366848474,0.0,0.21823407994163574,0.0,0.019905635794145907,0.23667073680875533,0.17464768623985052,0.05556486616675144,0.024568938743511386,0.15196063219018993,0.04659728170655478,7.362997482935952e-05,0.02152311488600117,0.5107095690536104,0.19545564763417594,0.3554808368055734,0.0,0.051044403297429944,0.25556294674368746,0.0,0.18145088607490406,0.21352789843180023,0.893301903325827,0.6946596019071248,0.027215838145234664,0.3437409671784845,0.0,0.11352758707639292,0.011892848054416013,0.00986683596399027,6.610696135189607e-05,6.610696135189607e-05,0.19484261929502508,6.610696135189607e-05,6.610696135189607e-05,6.610696135189607e-05,0.644013848104209,0.005373157023202025,0.11980848680229782,0.9999659957610924,0.5339663033097758,0.07115202177087913,0.40940419073147144,0.04183655483436426,0.09813461376436913,0.0,0.0,0.0,0.0,0.0
0.00041977051995707607,0.013759466739045302,0.004690946913646373,0.0008782014952675746,6.610696135189607e-05,6.610696135189607e-05,0.14494313962260946,0.02981412915223862,6.610696135189607e-05,0.9999351445134055,0.0,0.3723005130558959,4.3960362596567814e-08,0.1324478998783452,0.4034818460496053,0.5009581725869163,0.03142010911494968,0.16381322106146784,0.08623390032757396,0.1851445025822376,0.9727622149858791,0.43780822307395717,1.0,0.026155882550398482,0.4997977506133781,0.00010696331036034353,0.0014122749355640512,0.008248620105023273,0.9999338930386481,0.23804832726067443,0.268347747563503,0.4538721937527265,0.34443594280631107,0.7993825453733497,0.15261512333628896,2.3515096747205822e-05,0.285578934198238,0.27060954759776623,0.09204290456535658,0.7453162558688091,0.5247255320454159,0.02088750840715488,0.11969168339756509,0.0,0.21812010476705224,0.0,0.019874923428634225,0.2361933559808874,0.1742260954478486,0.05542511671936257,0.02451488861904707,0.15140735535242855,0.046611315860292345,0.00010319171326812316,0.021508512180185083,0.5117329425193662,0.19543339102355517,0.35678172980687106,0.0,0.05141953769923064,0.2563318451658136,0.0,0.18164754926572174,0.2140186145782532,0.8928785912652711,0.6951638140201973,0.027237785014120865,0.3440716721589907,0.0,0.11418221972815246,0.011940153752859502,0.009802727231779195,6.610696135189607e-05,6.610696135189607e-05,0.1944502573727285,6.610696135189607e-05,6.610696135189607e-05,6.610696135189607e-05,0.6441920696508031,0.00518406360309507,0.11830263380094419,0.9999764409428902,0.5305536282241862,0.06957676118681487,0.4069989228477271,0.041616085750519484,0.09744263231486305,0.0,0.0,0.0,0.0,0.0
0.00041977051995707607,0.01375816577832265,0.004715917469602494,0.0008427607797708021,6.610696135189607e-05,6.610696135189607e-05,0.14482360840616773,0.02989784155169084,6.610696135189607e-05,0.9999351412504032,0.0,0.373110447362951,3.866647783284739e-08,0.1359210737847347,0.40439680745720463,0.5033195533321517,0.031362818384519826,0.16423756205728984,0.08606964987126216,0.18490736645964861,0.9727385202217318,0.4375849491293779,1.0,0.026191411144251543,0.4999045910024303,0.00010696331036034353,0.0014070761413515803,0.008247295442113488,0.9999338930386481,0.23829304966245088,0.26868978883673744,0.45430867660411806,0.3441020102788834,0.7995925279381151,0.15197015811485595,1.6273528945824015e-05,0.2851503523287814,0.2703382549124985,0.09196449818526013,0.7454099320467139,0.5245086897247271,0.021490734098772998,0.11942461445012537,0.0,0.21799844950937822,0.0,0.019844469969951258,0.23576287384829014,0.17383117061760203,0.055287776103961676,0.02446370335941868,0.1508072109249101,0.04661675037809035,0.00014702257792401617,0.02148891705483015,0.5126803264012497,0.19540105010908582,0.3580026934968251,0.0,0.05177235208648593,0.25706438021186007,0.0,0.18182590764530918,0.21447779590637456,0.8924396160299648,0.695668019090226,0.027261479778268212,0.34441660136124386,0.0,0.11481287768780625,0.011978911467831749,0.009742536196153524,6.610696135189607e-05,6.610696135189607e-05,0.19406627260040055,6.610696135189607e-05,6.610696135189607e-05,6.610696135189607e-05,0.6444260801327046,0.0050064219527991265,0.11691670102536796,0.9999836878045764,0.5271562217999979,0.06820055741843672,0.40471594848258824,0.041401341923457124,0.09677595231160847,0.0,0.0,0.0,0.0,0.0
0.00041977051995707607,0.013754147091990746,0.004692987107775083,0.0008264535468539749,6.610696135189607e-05,6.610696135189607e-05,0.1448588011873938,0.029921665516310987,6.610696135189607e-05,0.9999352803109107,0.0,0.3737668700610506,3.411405261122431e-08,0.13937935145261282,0.40517873183947245,0.5056011331588541,0.031313584012512934,0.16468969329655678,0.08591353205815308,0.1846606512640607,0.9727008827580197,0.4374086967236481,1.0,0.026226643288458713,0.5000064022867544,0.00010696331036034353,0.001402992180191894,0.008246686427067468,0.9999338930386481,0.2384959299980981,0.2690237716183769,0.4547327216956504,0.34379717659717796,0.7997948775992785,0.1513720539419525,1.1258368389969005e-05,0.28473884915212166,0.27007587013294937,0.09188980821061857,0.7455000219188455,0.52431012634668,0.02211071819009854,0.11914858364533049,0.0,0.2178606854784608,0.0,0.019815183037807774,0.23535417968032538,0.17340447105560094,0.05521555322493229,0.024415747560049522,0.1502597820160323,0.046744350168433944,8.747802405916164e-05,0.02143446293659334,0.5135661842518777,0.19536561547727807,0.35922390045778996,0.0,0.05209942096226966,0.2577546947050839,0.0,0.18199363259945656,0.2148694108857719,0.8919757497517484,0.6961907650906088,0.02729911724198034,0.3447306177978911,0.0,0.11542532084249826,0.01201090636895861,0.009681235207731011,6.610696135189607e-05,6.610696135189607e-05,0.19369145313336758,6.610696135189607e-05,6.610696135189607e-05,6.610696135189607e-05,0.6447043018817554,0.0048395069234435295,0.11563717553920698,0.9999887075175574,0.5237823784329958,0.06699070332249436,0.4025090586305274,0.041192761469185026,0.09613076947099142,0.0,0.0,0.0,0.0,0.0
0.00041977051995707607,0.013751402901502547,0.00471300498724241,0.0008169276497870066,6.610696135189607e-05,6.610696135189607e-05,0.1447756093372347,0.029924089116871336,6.610696135189607e-05,0.999935134489765,0.0,0.3743262090605862,3.0193142553008604e-08,0.1428041720976874,0.4057948751421776,0.5077817096882647,0.031276052219907806,0.16511032971001713,0.0857463364527426,0.18439972601357932,0.9726511914646732,0.43716596122156104,1.0,0.026227296140202253,0.500113318338188,0.00010696331036034353,0.001398582907870766,0.008246585948385647,0.9999338930386481,0.2386965852267201,0.26931869558125454,0.4552010851406645,0.343532171663057,0.7999932987808969,0.1508179428236143,7.788889402693154e-06,0.2843492985880997,0.26982980332960127,0.0918206424136315,0.7455867464962138,0.5241386953853413,0.022748915088140347,0.11887601290881696,0.0,0.21772553311968984,0.0,0.019785323990710927,0.23491513405865627,0.17302868508339114,0.05513136815460802,0.024369804464539225,0.14989137067602915,0.0468379638923582,5.302884326751192e-05,0.021386873211703586,0.5144204160946209,0.19532416174583928,0.36040074405287914,0.0,0.052409301119156516,0.2584548095739135,0.0,0.1821474840711105,0.21524608671862674,0.8915047484591171,0.6967242610776038,0.027348808535326872,0.34510850565874907,0.0,0.116025487443315,0.01203730784342498,0.009629072147420188,6.610696135189607e-05,6.610696135189607e-05,0.19332304916228604,6.610696135189607e-05,6.610696135189607e-05,6.610696135189607e-05,0.6449986592235339,0.004682539473263903,0.11445510406292032,0.9999921809174548,0.5204372281950563,0.06592051195430766,0.4003976478981037,0.04098971721276793,0.09550488818601488,0.0,0.0,0.0,0.0,0.0
0.00041977051995707607,0.013747078288906162,0.004719783911963318,0.0008102201176922817,6.610696135189607e-05,6.610696135189607e-05,0.14470930308826813,0.02991137772623764,6.610696135189607e-05,0.999935126121461,0.0,0.3748627413708091,2.6799142106076543e-08,0.14617372202819365,0.40636089830218247,0.5098646798066054,0.031246121158860336,0.16553749763070524,0.08558687362151472,0.18416787786911668,0.9726140684180167,0.4369967895933352,1.0,0.02624736454831983,0.5002031076771615,0.00010696331036034353,0.0013944238808028997,0.008246328142372581,0.9999338930386481,0.23888510021990747,0.26960540174727093,0.45566028190924907,0.343265973187159,0.8001885767682171,0.1503043815367948,5.39011873719077e-06,0.28397018701128784,0.26959801018285284,0.09175808973505199,0.7456726859522295,0.5239950091772699,0.023407368990320945,0.11862222588582015,0.0,0.2176044932102288,0.0,0.019763628836873263,0.2345395860938271,0.17264676765688308,0.05504215084849389,0.024328398979293658,0.14954682396379557,0.04700183681833606,5.3028842473856276e-05,0.02134270255925231,0.5152127367949542,0.1952749214271785,0.3614597721827779,0.0,0.05269346495232252,0.2590615806312091,0.0,0.1822810553247773,0.21554862684452653,0.8910057573881643,0.6972098962450632,0.027385931581983346,0.34539871719643606,0.0,0.11661541329521226,0.012059866211642761,0.009576333550176284,6.610696135189607e-05,6.610696135189607e-05,0.19300809136151667,6.610696135189607e-05,6.610696135189607e-05,6.610696135189607e-05,0.6453003114132962,0.004536501804604454,0.11337310490961812,0.9999945830821207,0.5171626260081961,0.06497951088375571,0.39837723045834245,0.040800137564132886,0.09491886634749831,0.0,0.0,0.0,0.0,0.0
0.00041977051995707607,0.013743581777741065,0.00472149937841873,0.0008120218150284291,6.610696135189607e-05,6.610696135189607e-05,0.14465139013668982,0.02987576004544311,6.610696135189607e-05,0.9999350877940318,0.0,0.3753669335004207,2.3855111698616317e-08,0.14947819471027451,0.406856105363314,0.511858004058839,0.03122334246327865,0.16595202422010275,0.08542971009486253,0.18395149800196578,0.9725809728015564,0.4368422906413278,1.0,0.026271098755792838,0.5003013947755592,0.00010696331036034353,0.0013906961594784837,0.008246313417046408,0.9999338930386481,0.23907156418600448,0.2698763224426443,0.45611835330760636,0.343005694114437,0.8003702080555388,0.1498266311147993,3.731888615570545e-06,0.28361319395199286,0.2693793508654427,0.0917039639189398,0.745751676120856,0.5238742398124738,0.024083070354314572,0.11837605714218245,0.0,0.2174928345211974,0.0,0.01974145997242515,0.23418429967663953,0.1722850161334332,0.0549493671466192,0.024290154298234886,0.14917530774671398,0.04717355855276977,4.029664119046196e-05,0.0212862362522082,0.5159830035698364,0.1952306135144014,0.36243792194182495,0.0,0.05296140179161812,0.2596237542354519,0.0,0.18240865488428076,0.21581889742567545,0.8904872195508229,0.6976724448558518,0.027419027198443625,0.3456648748374748,0.0,0.11718018574558997,0.012078166434936036,0.009527857104235536,6.610696135189607e-05,6.610696135189607e-05,0.19269688989939426,6.610696135189607e-05,6.610696135189607e-05,6.610696135189607e-05,0.6456244471648246,0.004399178430059803,0.11236851344295509,0.9999962442562728,0.5139472095461146,0.06414078953579148,0.3964380320222213,0.040616326531584625,0.09435483854174785,0.0,0.0,0.0,0.0,0.0
0.00041977051995707607,0.01374096864400452,0.004720679748968806,0.0008116774993436261,6.610696135189607e-05,6.610696135189607e-05,0.14458679693375812,0.02985240815760656,6.610696135189607e-05,0.9999350769961595,0.0,0.37585900703746666,2.1293207420190828e-08,0.1527018095597046,0.4072955097814249,0.5137531666654416,0.03120820350171399,0.16634679645119188,0.08527634628271935,0.1837572852530177,0.9725556432372148,0.4367000794585548,1.0,0.026296207669931092,0.5004052292397894,0.00010696331036034353,0.0013875076551499864,0.008246350527861624,0.9999338930386481,0.2392475245188578,0.27015688229999846,0.4565843566545051,0.3427536066681037,0.8005399628020423,0.14938345313625156,2.585472341241548e-06,0.28327318835014004,0.26917429666896875,0.09165589833048535,0.7458239395671232,0.5237734212663866,0.02477604809307521,0.1181370092806531,0.0,0.21738853262629773,0.0,0.019718883687787517,0.23384138468534513,0.17194655167555367,0.05485575781470673,0.024254602417721573,0.14875811055784427,0.04732886482681358,7.095425514682351e-05,0.02125290291887486,0.5167151481250454,0.1951901620014661,0.36332318878169517,0.0,0.05321481057026676,0.26014063382194863,0.0,0.182529812306622,0.21606734819132548,0.8899476056242054,0.6981057054663292,0.027444356762785223,0.34591138791514753,0.0,0.11772230243433437,0.012092919147506691,0.009483329141007649,6.610696135189607e-05,6.610696135189607e-05,0.19238893762920808,6.610696135189607e-05,6.610696135189607e-05,6.610696135189607e-05,0.64596209450704,0.004269875196491589,0.11143435104458652,0.9999973932344514,0.5108101915198886,0.06338955972765767,0.394590935004073,0.040438044624540787,0.09381243409109617,0.0,0.0,0.0,0.0,0.0
0.00041977051995707607,0.01373921498273313,0.0047187435232707966,0.0008104008775792783,6.610696135189607e-05,6.610696135189607e-05,0.14452701725689104,0.02983300862106474,6.610696135189607e-05,0.9999350683253153,0.0,0.37632113238937276,1.905791194533342e-08,0.15583730597377063,0.4076795783275156,0.5155577273732129,0.031200445731079662,0.1667233861552994,0.08512445711616451,0.18357545313616566,0.9725332295243667,0.4365613175340926,1.0,0.026322182959813156,0.5005160874993969,0.00010696331036034353,0.0013847350429407876,0.00824652930938262,0.9999338930386481,0.23941588571265984,0.27041054987978047,0.4570184654315083,0.3425110273582781,0.8007008739805294,0.14897485131543795,1.7926505594237927e-06,0.2829474606150804,0.26897953577608374,0.09161119843981452,0.7458890659141092,0.5236846496352578,0.02548532621874562,0.11790446259697202,0.0,0.21728877021840345,0.0,0.019696151957355537,0.2335097721452492,0.17162967862673667,0.05475785631245746,0.0242197533336364,0.14838605396832014,0.047467851946825686,0.00010799556339356438,0.02122054974461164,0.5174248403336643,0.19515111569504562,0.36414181491829245,0.0,0.05345333234752199,0.2606284253447247,0.0,0.18264542680090626,0.21630115590895804,0.8893902166650899,0.6985200842668623,0.027466770475633295,0.34614991224750385,0.0,0.11824467082248055,0.012104962572214379,0.009442630807941929,6.610696135189607e-05,6.610696135189607e-05,0.19208743982960255,6.610696135189607e-05,6.610696135189607e-05,6.610696135189607e-05,0.6463060795216959,0.004148010324425065,0.11056220137689696,0.9999981882915286,0.5077619010636271,0.06271246055167605,0.39283107418697255,0.04026506155390477,0.09329080830048463,0.0,0.0,0.0,0.0,0.0
0.00041977051995707607,0.013737823490197539,0.004716148801482716,0.0008087821913416217,6.610696135189607e-05,6.610696135189607e-05,0.1444713778612653,0.02981752644657828,6.610696135189607e-05,0.9999350605583649,0.0,0.3767492121763665,1.7102373227293363e-08,0.1588781681342836,0.4080149992864173,0.517278301063481,0.031199921842311962,0.16708369609042395,0.08497387187274194,0.18340241486996997,0.9725120669077701,0.436424652681722,1.0,0.02634826564586696,0.500631762085034,0.00010696331036034353,0.0013825527449118687,0.008246999855294016,0.9999338930386481,0.23957800326226983,0.2706573912776632,0.4574355296586588,0.34227683005627446,0.8008540146781126,0.1485975817172653,1.2440575340837004e-06,0.28263389000338907,0.2687920074493666,0.09156844682592319,0.7459467504664956,0.5236032599290409,0.026210244643328235,0.11767721023821918,0.0,0.21718979022834686,0.0,0.01967323379121434,0.23318445759862533,0.17132813052395732,0.05466165954258641,0.02418590806598367,0.14804041844471158,0.04759468537417997,0.00014146452891874973,0.021181556775587633,0.5181183211106685,0.19511283884172753,0.36490717815772605,0.0,0.0536781189889443,0.26109415578892015,0.0,0.18275597549324246,0.21652367624433255,0.8888158834839299,0.6989203748918108,0.027487933092229803,0.3463855570899312,0.0,0.11874819909095848,0.012114793446830795,0.009405072683795077,6.610696135189607e-05,6.610696135189607e-05,0.19179280847947372,6.610696135189607e-05,6.610696135189607e-05,6.610696135189607e-05,0.646650548972109,0.004033146480159952,0.10974602794864219,0.9999987388400927,0.504809822873383,0.06209883747529593,0.39115325211059576,0.04009735219794995,0.09278936773620262,0.0,0.0,0.0,0.0,0.0
0.00041977051995707607,0.013736619069073058,0.004713115045555927,0.0008070356850107241,6.610696135189607e-05,6.610696135189607e-05,0.14441882799230243,0.029804935915622544,6.610696135189607e-05,0.9999350533823315,0.0,0.37714328785974827,1.5386980529058583e-08,0.1618184156738865,0.40830829281175496,0.5189196426599166,0.031206250741506094,0.16742869348503714,0.08482476944462793,0.18323641727309053,0.9724915577218203,0.43628987899049115,1.0,0.026374190746505315,0.5007522712923692,0.00010696331036034353,0.0013809255416756749,0.008247736810386362,0.9999338930386481,0.23973425243623328,0.27090093792688497,0.4578494996028424,0.34205002590172795,0.801001712447684,0.1482493935704455,8.641842138056893e-07,0.28233201270931435,0.268610851019034,0.09152737941836044,0.7459985121329155,0.5235286857460042,0.02695070796220419,0.11745591895821182,0.0,0.21709092277801706,0.0,0.019650176864875423,0.23286411623848668,0.17103920431024502,0.05456932797097137,0.02415326949543676,0.14771536633509208,0.04771256812299974,0.00017584528971125574,0.021138374667583656,0.5187941554067871,0.1950734453244461,0.3656264021857486,0.0,0.053890212752893706,0.2615408517627476,0.0,0.1828603764103652,0.2167348773658382,0.8882245225931679,0.6993076637686977,0.027508442278179755,0.34661919823149184,0.0,0.11924463539827831,0.012122962558756119,0.009370206630219736,6.610696135189607e-05,6.610696135189607e-05,0.191504611029402,6.610696135189607e-05,6.610696135189607e-05,6.610696135189607e-05,0.6469559156001446,0.003924842227869909,0.10898091638405771,0.9999991204288057,0.5019593588639055,0.06154000440646358,0.389552977921723,0.03993486071521326,0.09230774340312053,0.0,0.0,0.0,0.0,0.0
0.00041977051995707607,0.013735547530930876,0.0047097911914455925,0.0008052408209413195,6.610696135189607e-05,6.610696135189607e-05,0.1443680029463073,0.029793648834273455,6.610696135189607e-05,0.9999350470242173,0.0,0.37750667972006086,1.3878632577278035e-08,0.16465583385584862,0.4085662673338775,0.5204902541414174,0.031219108557730687,0.1677598777767977,0.08467703493050802,0.18307627881520305,0.9724714831343422,0.4361573170988156,1.0,0.026399816982937727,0.5008776349969754,0.00010696331036034353,0.0013797440262742408,0.00824871367980712,0.9999338930386481,0.23988539239061263,0.2711359769563757,0.4582637115235715,0.34183006843168295,0.8011460760362992,0.14792828374830605,6.009337680956003e-07,0.2820432680034343,0.2684349018450168,0.09148833842520507,0.7460459044351346,0.5234612648653207,0.027706608128840297,0.11724164954626963,0.0,0.21699267722045018,0.0,0.019627053986160343,0.23254909160680104,0.1707620537531146,0.05448170166749217,0.024121820424668178,0.14741105783544234,0.04782400275741468,0.00020414213627294544,0.021092250705555506,0.519453146709747,0.19503125230810445,0.36630393902505043,0.0,0.05409052888848205,0.26197059748774915,0.0,0.18295782850583564,0.21693461501025202,0.8876163569406517,0.6996820716385274,0.02752851686565788,0.34685000568073426,0.0,0.11972037135514474,0.012130250924108703,0.009337957730627316,6.610696135189607e-05,6.610696135189607e-05,0.19123531302213745,6.610696135189607e-05,6.610696135189607e-05,6.610696135189607e-05,0.6472559779166733,0.003822671655596308,0.10826109750658267,0.9999993851875993,0.499210369252235,0.06102823333335652,0.38802140743337754,0.03977715850129904,0.09184424234762951,0.0,0.0,0.0,0.0,0.0
0.00041977051995707607,0.01373456204301784,0.0047062570127765985,0.0008034348964268166,6.610696135189607e-05,6.610696135189607e-05,0.14431880414340675,0.02978350521299973,6.610696135189607e-05,0.9999350411764204,0.0,0.37784130476708083,1.2548668294476299e-08,0.16738583204566707,0.4087938124104432,0.5219904691704473,0.031238088477235602,0.1680777385636223,0.0845308334206133,0.18292152593917088,0.972451725878364,0.4360274336419152,1.0,0.02642518414612562,0.5010078711210845,0.00010696331036034353,0.0013789221470082498,0.008249914291563756,0.9999338930386481,0.24003206406160088,0.2713646535967894,0.4586761300686945,0.3416163811207814,0.8012885869149509,0.14763208504095934,4.183078091377001e-07,0.28176522985210506,0.2682638317806596,0.09145068028447167,0.7460896897568625,0.5234002400602837,0.028477865511208664,0.11703545969133063,0.0,0.21689571077940237,0.0,0.01960401866372854,0.23223926292687266,0.17049589574014648,0.054398412994717704,0.024091442669036348,0.14711987905984977,0.04793076327255934,0.00022655549079829103,0.021043572371772772,0.5200967671056114,0.19498517180715194,0.3669425180922436,0.0,0.054279388897280505,0.2623841775376834,0.0,0.18304764079581837,0.21712223837025194,0.886991301068178,0.7000430143694985,0.027548274121636015,0.34707685557868245,0.0,0.12017811591686807,0.012136544682638747,0.009341222099846617,6.610696135189607e-05,6.610696135189607e-05,0.19098036352353998,6.610696135189607e-05,6.610696135189607e-05,6.610696135189607e-05,0.6474097952203091,0.0037262412778970443,0.10758409209971621,0.9999995691435226,0.49656954920494745,0.06055817827121375,0.38655885054508105,0.03962458097008349,0.09139978300584209,0.0,0.0,0.0,0.0,0.0
0.00041977051995707607,0.01373366130454542,0.004702160058987566,0.0008016402778324644,6.610696135189607e-05,6.610696135189607e-05,0.1442715485749062,0.029775603573206546,6.610696135189607e-05,0.9999350363773953,0.0,0.37815160195381486,1.1373440584248314e-08,0.17000569151290057,0.40899619882770366,0.5234122563723178,0.031262960449679446,0.16838182021276557,0.08438636654492492,0.182771902081679,0.9724322412552816,0.43590057118248254,1.0,0.026450255333552605,0.501140587828791,0.00010696331036034353,0.001378398823956651,0.008251337152146218,0.9999338930386481,0.24017101398059126,0.27159346639064164,0.45908601502121293,0.34140943333201895,0.8014303773416339,0.14735965422731012,2.9151767671798657e-07,0.28148740401713773,0.2680987559926507,0.09141414821995159,0.7461316274006833,0.523352301809602,0.029264381982393308,0.11683824026623994,0.0,0.21680064232070978,0.0,0.019580056662615614,0.23193846846733318,0.17023607774635208,0.05431985018876011,0.02406234367654921,0.1469146718212221,0.048041148285970975,0.00024421861886940986,0.02099199916780321,0.520723551029612,0.1949331792195414,0.3675245775630257,0.0,0.05443559406921856,0.26277668526696635,0.0,0.18312788934233407,0.21729052702268598,0.8863492514726817,0.7003898576520811,0.027567758744718382,0.3472987864968077,0.0,0.12063538567456895,0.012143817221250816,0.00933290326014538,6.610696135189607e-05,6.610696135189607e-05,0.1907595050917808,6.610696135189607e-05,6.610696135189607e-05,6.610696135189607e-05,0.6475503217677038,0.003636443438824736,0.10696416625584926,0.9999996971088827,0.4940713104007432,0.060128359912679216,0.3851735954077306,0.039477522807303184,0.09097535095494658,0.0,0.0,0.0,0.0,0.0
0.00041977051995707607,0.013732813639153973,0.0046980380276858795,0.0007998649735965032,6.610696135189607e-05,6.610696135189607e-05,0.14422616570889554,0.02976833605664628,6.610696135189607e-05,0.9999350317371742,0.0,0.3784360255064157,1.0332498623435631e-08,0.17251555844952549,0.4091761663501317,0.5247721819666713,0.0312933392915196,0.1686738886973808,0.08424334509825229,0.1826266232881012,0.9724128820868552,0.43577595056942037,1.0,0.02647467018605481,0.5012778041958048,0.00010696331036034353,0.0013781096942891552,0.008253002315189741,0.9999338930386481,0.24030760601093892,0.27181523622068915,0.45949444314176696,0.34120845733251254,0.8015706637060865,0.14710949626109462,2.033708466876535e-07,0.281224575540654,0.2679378604345504,0.09137912902503524,0.7461706406318249,0.5233109080434621,0.030065673716446948,0.11664969340590083,0.0,0.21670693727453932,0.0,0.019556209609470767,0.23164019622708115,0.1699864974894814,0.0542450894636144,0.02403427790408901,0.14670608740744875,0.048151158521723046,0.0002713147925634422,0.020938491133846746,0.5213321339143764,0.1948770240603407,0.36806825816548056,0.0,0.05457521023716053,0.2631535741300717,0.0,0.18320056273335858,0.21744612124073925,0.8856909811853008,0.700723683305998,0.027587117913144867,0.34751711215604025,0.0,0.12107665442487621,0.012151161597230052,0.009319810236523346,6.610696135189607e-05,6.610696135189607e-05,0.19055471940110877,6.610696135189607e-05,6.610696135189607e-05,6.610696135189607e-05,0.6476928591191153,0.0035523122335727533,0.1063862200670091,0.9999997862966546,0.49168465577265996,0.059732399085246225,0.3838486890082935,0.039335457343296895,0.09056908201841775,0.0,0.0,0.0,0.0,0.0
0.00041977051995707607,0.013732062480195014,0.004693955995167403,0.0007981086415230604,6.610696135189607e-05,6.610696135189607e-05,0.1441826530462348,0.02975992757940113,6.610696135189607e-05,0.9999350274562263,0.0,0.3786956090767853,0.0,0.17491442798689502,0.4093359635045493,0.5260729712116103,0.03132877593114275,0.16895445851630955,0.08410123260783713,0.1824850599435951,0.9723937227011232,0.4356541538554195,1.0,0.026498724631329778,0.5014202572758141,0.00010696331036034353,0.0013780182657610494,0.008254955588179555,0.9999338930386481,0.24044170611963242,0.2720208944890332,0.45990609060171944,0.3410131329293122,0.8017107387874929,0.14688050174618464,1.420145143921687e-07,0.2809774131011247,0.2677802942150099,0.09134524531350252,0.7462070781556296,0.5232748039012329,0.030881510875806397,0.1164711566111187,0.0,0.2166162246542228,0.0,0.019532756475301224,0.23134634609716107,0.16974642195171388,0.0541710723958746,0.024007321908545414,0.14649137756249614,0.048257182051122526,0.0002882335709678035,0.020882867489404204,0.5219321092091169,0.19481606780957916,0.36858061661041325,0.0,0.05470431613152616,0.26351765670736166,0.0,0.18326571379202874,0.21758994917618235,0.8850172565163564,0.7010437834452863,0.027606277298876814,0.34772962149035774,0.0,0.12149906996767704,0.012158289485071505,0.009304654227228986,6.610696135189607e-05,6.610696135189607e-05,0.1903582262592021,6.610696135189607e-05,6.610696135189607e-05,6.610696135189607e-05,0.6478414535618394,0.0034731934029279157,0.10584327256661688,0.9999998579854856,0.4894038427804542,0.059366085573079125,0.38258178347488714,0.03919843212119904,0.09018078840627523,0.0,0.0,0.0,0.0,0.0
0.00041977051995707607,0.01373129213918164,0.004689902289415317,0.0007964053445691417,6.610696135189607e-05,6.610696135189607e-05,0.14413975934228734,0.029752529058144808,6.610696135189607e-05,0.9999350233169749,0.0,0.37893233808699817,0.0,0.1772022336378149,0.4094780877517876,0.5273154869117846,0.03136894171046816,0.1692239202609139,0.08396065045930254,0.1823476161193829,0.9723748077521002,0.4355356912138379,1.0,0.02652240328571538,0.5015674183331003,0.00010696331036034353,0.0013781825023670168,0.00825706271791533,0.9999338930386481,0.24057358424217093,0.27222558750315273,0.46031206804124053,0.34082261451888035,0.8018506143257575,0.14667031878870437,9.925914485189389e-08,0.2807435280885819,0.2676263374308308,0.09131226194582931,0.7462408530520793,0.5232425305681643,0.031711672611829396,0.11630267451203904,0.0,0.2165283471923028,0.0,0.019509548882513453,0.23105508639058409,0.16951385224639404,0.05410118260289458,0.02398103327131045,0.1462742101280928,0.04835989976129779,0.00029616791328078396,0.020825130609218322,0.5225243759877427,0.19475077854516964,0.3690663644829091,0.0,0.0548264952019076,0.2638696009478564,0.0,0.18332372557169613,0.21772351192845046,0.884327676928868,0.701349709368578,0.02762519224789987,0.34793596159385926,0.0,0.12190203262362401,0.012165325605196696,0.009288564698433834,6.610696135189607e-05,6.610696135189607e-05,0.19016620548634372,6.610696135189607e-05,6.610696135189607e-05,6.610696135189607e-05,0.6479954104071234,0.003398607129072802,0.1053309786413884,0.9999999007408551,0.48722774307169564,0.05902597386952528,0.3813722511423861,0.03906647966575642,0.08981003724247126,0.0,0.0,0.0,0.0,0.0
0.00041977051995707607,0.013730519717874529,0.004685871177832043,0.000795026624517886,6.610696135189607e-05,6.610696135189607e-05,0.14409750831829235,0.029745311327775605,6.610696135189607e-05,0.9999350180248431,0.0,0.37914814065646385,0.0,0.1793796905072504,0.4096045498673274,0.5285003068291826,0.03141346856575356,0.16948242739824812,0.08382200536133552,0.1822144237128866,0.9723561912887752,0.4354206756924457,1.0,0.026519998355779877,0.5017095191368695,0.00010696331036034353,0.001378505933712896,0.008259219386798883,0.9999338930386481,0.24069916590293394,0.27242448804461045,0.4607061970135509,0.3406561484065241,0.8019910777656037,0.1464774232240374,6.943429877081481e-08,0.2805208686281909,0.2674767509239872,0.09128014722062192,0.7462726139487179,0.5232140609163148,0.032556104218217724,0.11614493197503545,0.0,0.21644403739936383,0.0,0.019486549334643218,0.23076617306886302,0.16928845151557653,0.05403519997904636,0.023955421199654107,0.14605671726793504,0.0484595917830308,0.0002960341688752633,0.02076538285611319,0.5231096733165843,0.19468073989851128,0.36952782553264274,0.0,0.05494339353833276,0.26420941827755134,0.0,0.18337431199112328,0.2178471268145408,0.8836218904204468,0.7016406443120781,0.027643808711224807,0.34813528690819046,0.0,0.12228592145921667,0.01217214915325955,0.009272168874241683,6.610696135189607e-05,6.610696135189607e-05,0.1899785219032615,6.610696135189607e-05,6.610696135189607e-05,6.610696135189607e-05,0.6481531665062689,0.0033281823358849764,0.10484661058685603,0.9999999305657012,0.48515604732622597,0.05870928093113407,0.3802195459501955,0.03893960549440525,0.08945638487089626,0.0,0.0,0.0,0.0,0.0
0.00041977051995707607,0.0137295319067892,0.004681854845390006,0.0007938938914350492,6.610696135189607e-05,6.610696135189607e-05,0.14405604213800366,0.029738395386344686,6.610696135189607e-05,0.9999350123816666,0.0,0.3793439490994813,0.0,0.18144645236573118,0.4097144497498905,0.5296265614821863,0.03146127343665123,0.16972826033073418,0.08368560821124624,0.18208537693941562,0.9723381319114324,0.4353070702769838,1.0,0.026542136270474283,0.5018534034457732,0.00010696331036034353,0.0013790336729911264,0.008261287223534733,0.9999338930386481,0.24082025632459533,0.2726237456109507,0.46108860915300864,0.34047972626624295,0.8021286067729058,0.14629623603337075,4.860902012248289e-08,0.28030106100495233,0.2673299985463301,0.0912482714722244,0.7462983817597487,0.5231824752967277,0.03341454301664765,0.11600215953513408,0.0,0.21636845719716052,0.0,0.019468280351599445,0.2304788756467726,0.16907146611580484,0.05397254389647557,0.02393072742465382,0.14595707342783332,0.04855683422476418,0.00028809819203436766,0.020703395421916244,0.5236847821163825,0.19460898094294252,0.36996787575519424,0.0,0.05505599930601888,0.2645370730547788,0.0,0.18341740283373864,0.21795672781345737,0.8828998487721061,0.7019124635254503,0.0276618680885676,0.3483244725258557,0.0,0.12266130394460634,0.012179456356075419,0.009256280462116429,6.610696135189607e-05,6.610696135189607e-05,0.18982294421202855,6.610696135189607e-05,6.610696135189607e-05,6.610696135189607e-05,0.6483025301949014,0.0032624122841517994,0.10439193911195366,0.9999999513909799,0.4831964873232976,0.058418478649000655,0.3791251670455893,0.038822941969861524,0.08913253655908078,0.0,0.0,0.0,0.0,0.0
0.00041977051995707607,0.013728769513393217,0.004677875573490056,0.0007928809312531298,6.610696135189607e-05,6.610696135189607e-05,0.14401610258505382,0.029732375667013197,6.610696135189607e-05,0.9999350069179258,0.0,0.3795246296126553,0.0,0.18340917979583693,0.40981279321870007,0.5307037393981934,0.031512195548924725,0.16996212515254758,0.0835520217590669,0.18196149446876228,0.9723208832043148,0.4351980994234159,1.0,0.0265744657334673,0.5020118712723264,0.00010696331036034353,0.001379742987805141,0.008263688371509448,0.9999338930386481,0.24094343553645595,0.27282520345834954,0.4614772557100069,0.3402947231042576,0.8022664394400999,0.14612999295512158,3.405492507435862e-08,0.2800948797090995,0.2671896110887324,0.09121817795052796,0.7463241900237889,0.5231577221958291,0.03428666912416168,0.11587159530730086,0.0,0.21629741708989897,0.0,0.019447312501102723,0.23019439882808926,0.1688622570367891,0.05391384520325692,0.023906928228836444,0.14579002914526382,0.048651418697111364,0.0002735584751141255,0.020640232532139643,0.5242551416160562,0.19453351091804047,0.3703866395840506,0.0,0.0551654604203968,0.26485234983564315,0.0,0.18345421739881984,0.21805909784539332,0.8821613091167714,0.7021669102239368,0.02767911679568524,0.34850448348668506,0.0,0.12301071512599673,0.01218578735437125,0.009240575584911625,6.610696135189607e-05,6.610696135189607e-05,0.18965719064310924,6.610696135189607e-05,6.610696135189607e-05,6.610696135189607e-05,0.6484570572317832,0.003200049641859676,0.10395873784817251,0.9999999659450749,0.4813304800746668,0.058145245856924314,0.37807808265127874,0.038709397028466486,0.08882105480623001,0.0,0.0,0.0,0.0,0.0
0.00041977051995707607,0.013728190217592116,0.004673901839336301,0.0007919287563803889,6.610696135189607e-05,6.610696135189607e-05,0.14397675469837715,0.029727157217885432,6.610696135189607e-05,0.9999350017573239,0.0,0.3796911165554293,0.0,0.18526820329291918,0.4099022637589913,0.531726342131631,0.0315664977794204,0.17018554281327183,0.08342139789818401,0.18184281295600338,0.9723043694062559,0.4350946913936004,1.0,0.02661538299918829,0.5021860030713204,0.00010696331036034353,0.0013805733035980251,0.008266537419496187,0.9999338930386481,0.2410700625626963,0.27302685202213156,0.4618732752925084,0.3401028380715745,0.8024078573077107,0.14598024036992696,2.3875359872663114e-08,0.2799016837677897,0.2670563889878264,0.09118935165521702,0.7463517792303319,0.5231413530798524,0.035172650983542594,0.11575200489730493,0.0,0.21622938255833538,0.0,0.019423832611967572,0.2299129545357156,0.16865849661182009,0.05385846431710309,0.02388359676566524,0.14551555083162787,0.048742953218480836,0.000238133001557293,0.020575291102798317,0.5248288914568678,0.19445150696162936,0.37078215214088583,0.0,0.05527099515240808,0.265154350138214,0.0,0.18348382648800463,0.2181551703997049,0.8814059511182734,0.7024051821466917,0.027695630593744167,0.34867592604806424,0.0,0.12333694660827126,0.012191374318826938,0.00922483085751977,6.610696135189607e-05,6.610696135189607e-05,0.18948045551911136,6.610696135189607e-05,6.610696135189607e-05,6.610696135189607e-05,0.6486161892348677,0.0031406357306599793,0.10354649093375799,0.9999999761246401,0.4795591177868831,0.057886997114968385,0.37708430621315203,0.03859789650224303,0.08851793370717093,0.0,0.0,0.0,0.0,0.0
0.00041977051995707607,0.01372769217603875,0.004669924163346598,0.0007910192011405554,6.610696135189607e-05,6.610696135189607e-05,0.14393638252033475,0.029724295697874152,6.610696135189607e-05,0.9999349967602164,0.0,0.3798439442561018,0.0,0.1870254376741523,0.40998507628646563,0.5326928031225219,0.03162460067296012,0.1704005718639839,0.08329437349947894,0.18172962575175122,0.972288412149049,0.43499700093866167,1.0,0.026629332670733575,0.5023614375804749,0.00010696331036034353,0.001381454681235339,0.008269673700807794,0.9999338930386481,0.24119526436784164,0.2732325981351542,0.46226153222078964,0.3399315963787003,0.8025549780620306,0.14584749057505283,1.6749807055226183e-08,0.27972045385414906,0.2669313033229953,0.09116167682422474,0.7463822118504917,0.5231332359267362,0.03607290952551405,0.11564212485550128,0.0,0.21616277662285333,0.0,0.019397923847875774,0.2296325559358414,0.16845803100286447,0.053808898530966646,0.023860286404410975,0.1451987300342837,0.0488309371801445,0.00020182602392351866,0.020508835406657575,0.5253995449018706,0.19436125212686625,0.3711546356449299,0.0,0.05537288898791154,0.2654420528901461,0.0,0.18350534522855547,0.21824552555041782,0.8806327169750071,0.7026282493927475,0.02771158785095097,0.3488402224384851,0.0,0.12364139456780497,0.01219641215394535,0.009208854377952599,6.610696135189607e-05,6.610696135189607e-05,0.18929426785759465,6.610696135189607e-05,6.610696135189607e-05,6.610696135189607e-05,0.6487787706927671,0.0030837698111031773,0.10315392952391551,0.9999999832501929,0.47788121948378715,0.05764156750039305,0.3761455200532534,0.038487842247992746,0.0882206666588621,0.0,0.0,0.0,0.0,0.0
0.00041977051995707607,0.0137270237454635,0.004665985811142867,0.0007901177454286502,6.610696135189607e-05,6.610696135189607e-05,0.14389664737431906,0.029721480501529444,6.610696135189607e-05,0.9999349920128335,0.0,0.37998124849932347,0.0,0.18868130522022578,0.4100583155381269,0.5336012142451327,0.03168580075969442,0.1706065880072162,0.0831703069711381,0.18162041025155176,0.9722728610822444,0.43490152899974394,1.0,0.026664911830707093,0.5025395542993805,0.00010696331036034353,0.0013823675897587703,0.008272961191310657,0.9999338930386481,0.24131874963320094,0.27343348257091665,0.4626430189107035,0.3397518172411391,0.8027043855829302,0.14572638220366504,1.1758046996413342e-08,0.27954130003719097,0.26681072306700504,0.09113424910871122,0.746410324293367,0.5231244792743007,0.036987302644982185,0.11554603552522204,0.0,0.21610336715200015,0.0,0.019375999622592933,0.22935230567662573,0.16826349288139417,0.053761043011507054,0.0238375693836733,0.14498183470816683,0.04891502441806583,0.00016266796937493202,0.02044030245593653,0.5259642724860579,0.19426541561669466,0.37150700068088055,0.0,0.05547085519508321,0.26571730881425876,0.0,0.18351810398884416,0.21832374610291203,0.8798423903838798,0.7028335542232262,0.0277271389177556,0.3489951038482559,0.0,0.12393907284262774,0.01220204524641043,0.009193472870329202,6.610696135189607e-05,6.610696135189607e-05,0.1891354237532775,6.610696135189607e-05,6.610696135189607e-05,6.610696135189607e-05,0.648930023501078,0.003030198800375086,0.10278536861613091,0.999999988241953,0.47630653954749996,0.057413652580609285,0.3752645366461561,0.03838577095809446,0.087945186615571,0.0,0.0,0.0,0.0,0.0
0.00041977051995707607,0.013726549893277498,0.00466211031382821,0.000789243934689971,6.610696135189607e-05,6.610696135189607e-05,0.1438585408276915,0.029719074698447905,6.610696135189607e-05,0.9999349874312908,0.0,0.380106258387955,0.0,0.19024436483185792,0.4101250820988392,0.5344631724146122,0.03175004864684684,0.1708045791514715,0.08304913025436464,0.18151533671033926,0.9722577781508704,0.43481034320848005,1.0,0.026674656568109082,0.5027173126963549,0.00010696331036034353,0.0013833023415512084,0.008276511265525503,0.9999338930386481,0.2414404519165122,0.2736279645223383,0.4630230783636247,0.33959128299168523,0.8028578248667764,0.1456192250524059,0.0,0.27937393105661323,0.2666963953668736,0.09110852371392474,0.7464406032830466,0.5231230195633659,0.037915397262135976,0.11546091740014254,0.0,0.21604745588011456,0.0,0.01938484914678866,0.22907651812132615,0.16807754511825523,0.05371661793244471,0.023815871482006024,0.14469289210163716,0.048994347187865835,0.00012712996043414435,0.02037083896111056,0.5264733396342617,0.19416319737502816,0.37184084294705105,0.0,0.05556587763072405,0.26598177210837054,0.0,0.18352366955440264,0.21839537897641184,0.8790354724834993,0.7030237458895182,0.02774222184912961,0.3491422009114054,0.0,0.12421409535406704,0.012206952477961726,0.009178358478505181,6.610696135189607e-05,6.610696135189607e-05,0.18896758934537192,6.610696135189607e-05,6.610696135189607e-05,6.610696135189607e-05,0.6490821171025273,0.002978977758195505,0.1024336736125881,1.0,0.4748158264808049,0.057196750425916626,0.37442830387146303,0.0382856785157039,0.08767702230875069,0.0,0.0,0.0,0.0,0.0
0.00041977051995707607,0.013726475922222337,0.004658493707240368,0.0007884220367795169,6.610696135189607e-05,6.610696135189607e-05,0.14382887698979005,0.02971729316022205,6.610696135189607e-05,0.9999349829117855,0.0,0.380223125017887,0.0,0.1917149392327645,0.41018739673444077,0.5352736215914936,0.03181683939027524,0.17099475322929336,0.08293029760231618,0.18141663928393945,0.972244859504598,0.4347264193132243,1.0,0.026682509947087478,0.5028918416537812,0.00010696331036034353,0.0013843890447577036,0.008279526419470735,0.9999338930386481,0.2415538029343703,0.2738217784284254,0.46339323005460475,0.3394336034467385,0.803003147154419,0.14551542587329544,0.0,0.2792078249334097,0.2665821768160177,0.09108310490409283,0.746464711405456,0.5231252671748794,0.03885534199336099,0.11539345056297531,0.0,0.2160014407785339,0.0,0.01937539438368847,0.2288107809521126,0.16790718131160431,0.053674989128618004,0.023796574421700238,0.14465928250598128,0.04907458884017443,8.824222272795504e-05,0.020300935069209554,0.5269826255586335,0.19406697882888418,0.3721717341629473,0.0,0.055662274435834415,0.26623956118783243,0.0,0.18352725630148684,0.21845280996291733,0.8782143604043228,0.7031899101530852,0.027755140495401943,0.34927213990824185,0.0,0.12447538940869364,0.012212340008379974,0.00916177258743779,6.610696135189607e-05,6.610696135189607e-05,0.18882459239403912,6.610696135189607e-05,6.610696135189607e-05,6.610696135189607e-05,0.6492310196603591,0.002929874016696793,0.10208971494587027,1.0,0.4734149613979914,0.0569908652617092,0.37364327350441356,0.038191192902781994,0.08742716963290989,0.0,0.0,0.0,0.0,0.0
