0_primarytoI_spread,0_primarytoII_spread,0_primarytoIII_spread,0_primarytoIV_spread,0_primarytoV_spread,0_ItoII_spread,0_IItoIII_spread,0_IIItoIV_spread,0_IVtoV_spread,0_late_p,0_C01_coef,0_C02_coef,0_C03_coef,0_C04_coef,0_C05_coef,0_C06_coef,0_C09_coef,0_C10_coef,0_C12_coef,0_C13_coef,0_C32.0_coef,0_C32.1_coef,0_C32.2_coef,1_primarytoI_spread,1_primarytoII_spread,1_primarytoIII_spread,1_primarytoIV_spread,1_primarytoV_spread,1_ItoII_spread,1_IItoIII_spread,1_IIItoIV_spread,1_IVtoV_spread,1_late_p,1_C01_coef,1_C02_coef,1_C03_coef,1_C04_coef,1_C05_coef,1_C06_coef,1_C09_coef,1_C10_coef,1_C12_coef,1_C13_coef,1_C32.0_coef,1_C32.1_coef,1_C32.2_coef,2_primarytoI_spread,2_primarytoII_spread,2_primarytoIII_spread,2_primarytoIV_spread,2_primarytoV_spread,2_ItoII_spread,2_IItoIII_spread,2_IIItoIV_spread,2_IVtoV_spread,2_late_p,2_C01_coef,2_C02_coef,2_C03_coef,2_C04_coef,2_C05_coef,2_C06_coef,2_C09_coef,2_C10_coef,2_C12_coef,2_C13_coef,2_C32.0_coef,2_C32.1_coef,2_C32.2_coef,3_primarytoI_spread,3_primarytoII_spread,3_primarytoIII_spread,3_primarytoIV_spread,3_primarytoV_spread,3_ItoII_spread,3_IItoIII_spread,3_IIItoIV_spread,3_IVtoV_spread,3_late_p,3_C01_coef,3_C02_coef,3_C03_coef,3_C04_coef,3_C05_coef,3_C06_coef,3_C09_coef,3_C10_coef,3_C12_coef,3_C13_coef,3_C32.0_coef,3_C32.1_coef,3_C32.2_coef
0.0002064036055399,0.0175713364366845,0.0049916654068137,0.000926536644879,6.610696135189607e-05,6.610696135189607e-05,0.1428132646326737,0.0265412967396582,6.610696135189607e-05,0.9999372458761832,0.0,0.1599955418255731,0.0003430036327744,0.1307812781849878,0.0089100014433276,0.2895730896701437,0.0740372033708727,0.1878290816453437,0.1021098825197702,0.1778943782460072,0.9858742004498646,0.4761270578583069,1.0,0.0323164762883355,0.5352989603016167,0.0057053987840664,0.0022164478369987,0.0166499542890177,0.999933893038648,0.1667399871204791,0.2571394693485856,0.3042845081143296,0.3957265769554678,0.7629120540784773,0.2860893619139116,0.0548960989553,0.1584679092093436,0.4460575882291553,0.1378235316426379,0.7076026556550281,0.470343819454781,0.0195340697649563,0.0690300774016507,0.0,0.1201964905560499,0.0,0.0149284684451839,0.3351391089445794,0.2581744557840268,0.0751965234769756,0.0315137868026421,6.610696135189607e-05,6.610696135189607e-05,6.610696135189607e-05,0.0568179830560037,0.3738778798219803,0.2166285574868939,0.0944180993000866,0.0,0.0435850814842003,0.023399842449862,0.0,0.1775545494675418,0.2717651838517317,0.8783560477152733,0.753075544352342,0.0141256718385896,0.4036764515856431,0.0,0.082479141759443,0.0007331374358574,0.0162741682533196,0.0070041609934487,6.610696135189607e-05,0.2206486240209343,0.1317095102102511,0.0093515747403533,6.610696135189607e-05,0.6867190507487642,0.0204593884346287,0.4594969969604285,0.9447608974119256,0.6671657311214683,0.521632567877655,0.5726033786872183,0.0408055915065573,0.0700619150481435,0.0,0.0,1.2771154569363453e-07,0.0,0.0
6.610696135189607e-05,0.018272825448130543,0.004541856131986118,0.0011529079558144813,6.610696135189607e-05,0.04210218032901516,0.12009620798599299,0.02703978298630307,6.610696135189607e-05,0.9999368881761577,0.0,0.15892412732606417,0.00032835119223976604,0.1166874873206205,0.010030989572482912,0.32459032987481634,0.07288949844725405,0.19361759358237185,0.11517870097368221,0.17413696428700204,0.9870567304429647,0.4722752239895351,1.0,0.027206103221930556,0.5452842993323939,0.006570185316433999,0.0021247012059054915,0.014112601393128532,0.9544256254470843,0.15148708056169904,0.24809289372139617,0.22259025973185426,0.3860225828073165,0.7653963136395961,0.27868541996381324,0.10076210437895973,0.20783238277221733,0.4141774289614685,0.11071841694548834,0.7075278806122377,0.4730124208704072,0.018419767994625018,0.06221258232014151,0.0,0.13165401300853288,0.0,0.012429807354022444,0.3205580224646485,0.246416003268419,0.07583809006839028,0.030165889659752244,0.051449152230382676,6.610696135189607e-05,6.610696135189607e-05,0.04087811467569682,0.3785958567780793,0.21134815355537737,0.10709328922811402,0.0,0.05519099025852408,0.024260259039056334,0.0,0.17666755164659792,0.26183874283389214,0.8664015310316928,0.7636504533928564,0.012943185971207393,0.396070763001932,0.0,0.07947517955722665,0.0008305233296535107,0.01682879170776372,0.006727399430471658,6.610696135189607e-05,0.26531318104810453,0.17738479961913833,6.229880391347021e-09,6.610696135189607e-05,0.683676888262656,0.023255532805026468,0.4552971634820086,0.8989095444288006,0.6202891396486381,0.5515313224269923,0.5646912531796953,0.042915069293910264,0.07153124271332888,0.0,0.0,8.35858279325214e-08,0.0,0.0
6.610696135189607e-05,0.01853534462790914,0.004288850272623189,0.0012559673003584729,6.610696135189607e-05,0.11757288664891342,0.11505243664513189,0.0267361914997269,7.362997653259696e-05,0.9999372046034002,0.0,0.1570898658239608,0.00030255980476698676,0.1060743779879465,0.010849071995903006,0.3525820926630924,0.07100971519496124,0.19452082178727526,0.12161274614570143,0.16865717337104655,0.9879004278879103,0.4680400519831901,1.0,0.02613993785443065,0.5471178615581719,0.006397304836640523,0.002067259517748385,0.013450236621531782,0.8717527582622693,0.1495650208239205,0.24666932487803822,0.21556425186083664,0.3827600767994036,0.7664427613586897,0.2670258978229251,0.1131340357752758,0.21819117735568128,0.3948480365468639,0.09662757701800628,0.7040887897777572,0.47402428666064367,0.017370083087872985,0.05644422364832953,0.0,0.14199079202897483,0.0,0.012326889388864889,0.31514641830614587,0.247612141288228,0.07610740906450347,0.031129979218376087,0.07505967905967324,6.610696135189607e-05,6.610696135189607e-05,0.03974685617288648,0.3812943308203725,0.20642004516176368,0.11922375939477461,0.0,0.05938436926859962,0.02631823605806163,0.0,0.17830961683608132,0.2562292584206328,0.8610171707664256,0.774898602980624,0.012099516421790545,0.38996915598783505,0.0,0.08134571516378751,0.0007331374358574054,0.01671712961057357,0.006490984103180266,6.610696135189607e-05,0.27751414110710204,0.19711970676257262,6.610696135189607e-05,6.610696135189607e-05,0.6884613136015336,0.02713719347954655,0.45666047695833956,0.8865634044199572,0.6163500753877725,0.5679846553991714,0.5507903303189013,0.046591878191200205,0.07522563313144821,0.0,0.0,5.5690299148159844e-08,0.0,0.0
6.610696135189607e-05,0.01864705285244307,0.004169969794502169,0.0013100741033750423,6.610696135189607e-05,0.2504811357914538,0.11343174256635301,0.026637134457780966,0.00010696331036034356,0.9999372262611009,0.0,0.15588064038869723,0.00028184450842636856,0.09822750969934504,0.011614018967949313,0.3794201049702859,0.06893348365619639,0.19401536519897059,0.12628493624403003,0.16554795845389011,0.9885922844806202,0.4659524397786536,1.0,0.025333239624146457,0.5508843141287098,0.006479571096717288,0.002031109933767828,0.013106603277897855,0.8527374617603476,0.14831361776330904,0.2471681659025615,0.21523939362483444,0.3793523356907138,0.7675881107635262,0.25718031783676487,0.11627220034749791,0.22011331389243902,0.3852234041681392,0.08809254941183849,0.700724116716163,0.4751139191128301,0.016524845499193495,0.051848464049946794,0.0,0.1514951018980808,0.0,0.012351607224507826,0.3125002422653766,0.24899784074010967,0.0762515057704527,0.031679388783503945,0.09342263464101808,6.610696135189607e-05,6.610696135189607e-05,0.03870733850869479,0.3835594409370164,0.20144137949925545,0.13080813077263362,0.0,0.06174337812553681,0.02930196099857232,0.0,0.1801320868359745,0.2523517057674388,0.8571902182567765,0.782603577496163,0.01140767874656275,0.3825524583232656,0.0,0.0824596996914839,0.0006465299893599145,0.01654120840045838,0.006367961842336845,6.610696135189607e-05,0.2848610853120193,0.20478906945007821,6.610696135189607e-05,6.610696135189607e-05,0.6939781708074636,0.030970509737218398,0.4561309110019042,0.8834459551440758,0.6199157982826791,0.5738606158653391,0.5324873456178757,0.050210312791666205,0.0785190099207605,0.0,0.0,3.6772817085481876e-08,0.0,0.0
6.610696135189607e-05,0.018675307134852232,0.004115408752174141,0.0013459292114496053,6.610696135189607e-05,0.4977785983621762,0.11325649281656956,0.026632738317670837,0.00013973693739838152,0.9999372188686068,0.0,0.15530990106122286,0.0002643277220234435,0.09190785301775883,0.01241115099087084,0.4041722428864834,0.06700002443907589,0.19310439459323764,0.12989631733610385,0.16412734080341385,0.9891357332418959,0.4649307637469537,1.0,0.024648446310983625,0.5551941854783913,0.006594956321593662,0.002004770851810759,0.012888017401329421,0.9014311662179005,0.1473762943404308,0.24823288297322743,0.217158279916164,0.3760918886019764,0.7682827608661819,0.24858951243153285,0.11667146611349666,0.21994589974894838,0.3787936566798488,0.08216174397917896,0.6972666258823736,0.47571582856053735,0.015824119816194596,0.048086797492551146,0.0,0.16010078583923895,0.0,0.012419902536760234,0.31089724501274935,0.24991635810098553,0.07636058904034385,0.032078247252146544,0.10739520771522763,6.610696135189607e-05,6.610696135189607e-05,0.03763994550908889,0.38560675933675564,0.19696814216703729,0.14122355071512616,0.0,0.06329114796625089,0.03280991046338898,0.0,0.18182402309560797,0.2495232897283586,0.8542795628477016,0.787785861704035,0.010864242635298027,0.37496845041380733,0.0,0.08297906829385025,0.0005571649648588418,0.01620810852481466,0.006232145389744245,6.610696135189607e-05,0.28888271694862383,0.20836235712745907,0.00032958747468715823,6.610696135189607e-05,0.701977619022489,0.034749096966780885,0.4548770357921181,0.8830642061644799,0.624855099267042,0.5759852818658915,0.5136660131343377,0.05390932658294244,0.08165648711786642,0.0,0.0,2.412280614623447e-08,0.0,0.0
6.610696135189607e-05,0.018663957310635033,0.004064395875313454,0.0013727525329376464,6.610696135189607e-05,0.9999347368565663,0.1138217607455789,0.02667275661433656,0.00017307027171223956,0.9999373234758234,0.0,0.15520262314366026,0.00024884355766963465,0.08656989625043271,0.013262015743151891,0.4260932402865528,0.06522897732557237,0.19206424979823866,0.1327262586140732,0.16373452032115207,0.9895601196370437,0.46437823035683623,1.0,0.024033150895591486,0.559783932839916,0.0067430169929579694,0.0019836827649025827,0.012729085927801644,0.9999450501939018,0.1466164382510038,0.24931039623888668,0.21965252058307705,0.3730167860115659,0.7683935055324235,0.24111016146735798,0.11638824617869434,0.21934707645116985,0.3734603313503035,0.07765951277044106,0.6936904876940831,0.4758106449803494,0.015229774096440529,0.04495453262895986,0.0,0.16780789126833406,0.0,0.012498927828085604,0.30971510773473765,0.25046934047349323,0.07644145265907633,0.03239726532817272,0.11814557311437858,6.610696135189607e-05,6.610696135189607e-05,0.03663361216511454,0.3875269258857729,0.19314100599691433,0.1504387269090117,0.0,0.06447690447997552,0.03671929397410561,0.0,0.18335670907508894,0.24744230226789368,0.8520439672894863,0.7913109470498881,0.010439864617859092,0.36781387837482965,0.0,0.0831909922812467,0.0004987245158241185,0.01581901223069405,0.00606476933800735,6.610696135189607e-05,0.29073111589229284,0.20998476168524027,0.0011109057228325223,6.610696135189607e-05,0.7114789862457943,0.03846548847066226,0.45324848847996996,0.8833629102636361,0.629606122818422,0.576558358932439,0.49624724694300615,0.0577238259052555,0.08468280295351827,0.0,0.0,1.574509722096246e-08,0.0,0.0
6.610696135189607e-05,0.018636252092157326,0.004051862936378421,0.001393544737900744,6.610696135189607e-05,0.9999625410002801,0.11466154719164214,0.026694822365592296,0.00021336691272728502,0.9999373099369973,0.0,0.15544189405441258,0.0002349232544341208,0.08196449672095622,0.01417854041776283,0.44498160353009425,0.06359623596729568,0.19097971335613642,0.13494427576342408,0.16391044538905966,0.9898894922090596,0.4639714608363263,1.0,0.023456832326627524,0.5645381653319708,0.006905112491238801,0.0019663678697560702,0.01263887407155167,0.9999338930386481,0.145936439217447,0.25028855435461983,0.22185446363698536,0.3704104426262212,0.7680060170806264,0.23458151869301094,0.11592529310901097,0.21867215555197633,0.3684563636505447,0.07401796056248844,0.6900395073593913,0.47549341197543443,0.014719371525196881,0.04231941176651644,0.0,0.17464224434180084,0.0,0.012572412162377625,0.30868107828405716,0.2507631608849509,0.07649260685708105,0.032659105728474185,0.1270999807407235,6.610696135189607e-05,6.610696135189607e-05,0.0357396679888934,0.38933395030742957,0.18990862084820256,0.15853665760227,0.0,0.06548670320356888,0.040981750188413796,0.0,0.18473566580340653,0.24592768564031364,0.8503363527113791,0.7937701428444239,0.010110497556715559,0.3613862948218729,0.0,0.08319966373855954,0.00041977051977482526,0.015462470082797088,0.005864004189469405,6.610696135189607e-05,0.2914570714181275,0.21035850774637666,0.0020598539420689736,6.610696135189607e-05,0.7219426903788608,0.04208536207117102,0.4514399296503065,0.8838397836365549,0.6338766445234987,0.5763833457432787,0.4810004359074173,0.06162859086990648,0.08759918902811548,0.0,0.0,1.023422483052049e-08,0.0,0.0
6.610696135189607e-05,0.0186011811297776,0.004055227172867302,0.0014111038534226216,6.610696135189607e-05,0.9999625908848474,0.11553030946637097,0.026711195651529702,0.000280033582072583,0.9999372811543024,0.0,0.1559514475979218,0.00022223867907772687,0.07794143304218415,0.015167552921559555,0.4609104402441035,0.06208393409014251,0.18996335231499248,0.13667877323758057,0.16438260906770388,0.9901496901685272,0.46370530042458846,1.0,0.022930012396769683,0.5694448792293989,0.007060012814701097,0.0019527120595299284,0.012547280082013378,0.9999338930386481,0.14531012051352124,0.25106055143713335,0.22378075236995618,0.3679507192700425,0.7673399731584445,0.22890820256609992,0.11547023117502031,0.21806352449973035,0.36347386892727407,0.07103886147958809,0.6864624552143515,0.47487813036491494,0.014276772909669671,0.04008670172959537,0.0,0.18062509182715944,0.0,0.012643509294014333,0.30778016623423576,0.2508232578105307,0.07652483100608608,0.03286497531703294,0.13575039035772185,6.610696135189607e-05,6.610696135189607e-05,0.034988268513030295,0.3910091803035227,0.18716940325303788,0.16560642623118696,0.0,0.06635873201289537,0.045560671384363864,0.0,0.1859437313637339,0.2447592819517448,0.8490444538527497,0.7955306892027008,0.009850309831472857,0.3556696077482521,0.0,0.08301912404101575,0.0003700517477577731,0.015102934187917994,0.0056504027933756374,6.610696135189607e-05,0.29226046048994087,0.2099840282062879,0.002933692463235715,6.610696135189607e-05,0.7328446625029125,0.045490623588517624,0.44953392360479133,0.8843075301459019,0.6376363104451902,0.5757979067668025,0.4680506982763084,0.06550987933177203,0.09039923536834785,0.0,0.0,0.0,0.0,0.0
6.610696135189607e-05,0.018564085306800066,0.0040661196132803935,0.0014267075443904305,6.610696135189607e-05,0.9999625934558589,0.11636835572338854,0.026708820950079943,0.0003583008926711955,0.9999372584513984,0.0,0.15664898353813075,0.00021051614724503,0.07437968948817683,0.016231824724969663,0.47403204373204116,0.06067054864507994,0.18902568528833136,0.13802887942883615,0.16497870250782026,0.9903567875940334,0.4635511549103003,1.0,0.02241692419243074,0.5744251266734639,0.007216367492012729,0.0019193787254996335,0.012468970981500205,0.9999338930386481,0.1447149080803775,0.25182948039150915,0.22539022640460396,0.3656530678200685,0.7664518918716179,0.22392570101082773,0.11498216679950861,0.21744134228297518,0.35839540705102335,0.06857654486833872,0.6829325700543575,0.47400598709905856,0.013886871168717289,0.03817577280789311,0.0,0.18579900960411752,0.0,0.012709617207174064,0.3069491990551773,0.2507387422222273,0.07654390641077224,0.033040412901088556,0.14330913762216255,6.610696135189607e-05,6.610696135189607e-05,0.034340407916232246,0.39257295383901636,0.18486791036281533,0.17179278402043,0.0,0.06715024009655719,0.05043882593124946,0.0,0.187042046399044,0.24386056015822333,0.8480842494024465,0.7968455246842866,0.009643212405966583,0.3506498354855821,0.0,0.08271585555571792,0.0003133669167411014,0.014761538137326946,0.005441463121700019,6.610696135189607e-05,0.29275151310206754,0.2090718738679682,0.003756605719040113,6.610696135189607e-05,0.7439108992997662,0.04868019776556679,0.4476325314306114,0.8848073170532464,0.6410287281322908,0.5749339422927576,0.45739141139962014,0.06935483490151864,0.09310776745438677,0.0,0.0,0.0,0.0,0.0
6.610696135189607e-05,0.018528658566605603,0.004113412812532339,0.0014177027430262556,6.610696135189607e-05,0.9999625934949192,0.1171255189240403,0.026755820848426787,0.00045310385378482263,0.9999371940236631,0.0,0.15746532337786998,0.00019957244754426369,0.07118901639103686,0.017373265429509913,0.48464436959037843,0.05933545541198898,0.18815692208297732,0.1390806012822463,0.16560456796996498,0.9905228619261546,0.4634903968621151,1.0,0.021954662425833188,0.5794551455624215,0.007372496026851033,0.0019193787254996335,0.012403356539886454,0.9999338930386481,0.14417366951317873,0.25239566830528537,0.2264998183081414,0.36342329753870356,0.7653716470514663,0.2195408806401822,0.11451620131894791,0.21682850839862206,0.35322247580639643,0.06655648887542233,0.6794307082421304,0.4729452225071685,0.013540429571017493,0.03652946626418819,0.0,0.1902341764472604,0.0,0.012740098115321388,0.306187103607237,0.25053529698767746,0.07655833100473598,0.03319067637747303,0.15011408924787858,6.610696135189607e-05,6.610696135189607e-05,0.03380204690788723,0.3940570382563716,0.18296345934715288,0.1772175686011098,0.0,0.0678865275159488,0.055577877114986914,0.0,0.18808039929220755,0.24315924918101234,0.8473789691467362,0.7978659657658469,0.00947713807384538,0.34627542669062455,0.0,0.08234164406416235,0.00028003358207258296,0.014431693124140917,0.005247072474469537,6.610696135189607e-05,0.292975592255914,0.20777929228521194,0.004486550202748115,6.610696135189607e-05,0.754820126485337,0.051664893601380775,0.44577622738083794,0.8852842262335078,0.6440959476943923,0.5738263816491067,0.44879914153419925,0.07315343705367303,0.09573860622884195,0.0,0.0,0.0,0.0,0.0
6.610696135189607e-05,0.018494441501076358,0.004142599580590135,0.0014232542767591745,6.610696135189607e-05,0.9999626508427205,0.11786125667141611,0.02673685030690679,0.0005804659402277083,0.9999371605939102,0.0,0.15834932670286103,0.0001892861086491619,0.06831694563828235,0.018592537538306326,0.4930949881735324,0.05806800813902262,0.18740115750585604,0.1398987439238362,0.1662135717359495,0.9906468344794377,0.46354252058584056,1.0,0.02153654496348675,0.584535125803501,0.007518913482804902,0.0018860453921663001,0.012351047212339558,0.9999338930386481,0.14367902416720532,0.2530356915240508,0.22734597872705967,0.3612960545214771,0.7642185420703396,0.21565661612680537,0.11404505574881536,0.21619755948283295,0.3480153471791936,0.06489508253690698,0.6760298324939298,0.4717499763248491,0.013230740322550227,0.0351019495795652,0.0,0.1940015042457387,0.0,0.012786595627393147,0.3055001734491365,0.25022704931858725,0.07656693740032805,0.03331733496120627,0.15567513159084198,6.610696135189607e-05,6.610696135189607e-05,0.033311477088614705,0.3954290512102662,0.18133228370775148,0.18197943039586145,0.0,0.06858675799180997,0.06092183170136604,0.0,0.18902476408047741,0.24257006811932472,0.8468705157536136,0.7986844786844853,0.00935316552056227,0.3424559751684208,0.0,0.08191408324944233,0.00024670024873924977,0.014118646545639161,0.00507281112266395,6.610696135189607e-05,0.2930399743151464,0.20627374145963623,0.0050963259403848625,6.610696135189607e-05,0.7654215262688142,0.054449174221908966,0.44401462677447223,0.8857656581425355,0.6468987368870747,0.572470283581134,0.44200992928956057,0.07687739528657025,0.09827879804997025,0.0,0.0,0.0,0.0,0.0
6.610696135189607e-05,0.01846443985681206,0.004164148395863758,0.0014389102982947863,6.610696135189607e-05,0.9999626927124105,0.1185420421469372,0.02667679006535171,0.0007331374358574056,0.9999371118234449,0.0,0.15926588060360206,0.00017956282137752695,0.06570430208442382,0.019894465136148908,0.49972755877514846,0.05685631033326093,0.18670173652018682,0.1405377488338268,0.16677604392893697,0.9907452118058664,0.4636696611690849,1.0,0.021134712311517676,0.5896303955741613,0.0076716001109249105,0.0018860453916718868,0.012311893544950353,0.9999338930386481,0.1432257858276709,0.2534635133870125,0.22777610341729565,0.35923641036951187,0.7629694958855083,0.2122088995654433,0.11360373682774429,0.2155708266399307,0.34279397912122744,0.06355448399781449,0.6726911319023176,0.47048560143014073,0.012950236983871162,0.03385173198352135,0.0,0.197172608490783,0.0,0.012833698001215223,0.30486997012827916,0.24987485916598054,0.07656983106983535,0.033427135265841464,0.16071281141099808,6.610696135189607e-05,6.610696135189607e-05,0.03289158521623672,0.39669640407595197,0.17999588866242303,0.18618067914915462,0.0,0.06926352631516729,0.06640269014256803,0.0,0.18994943700859243,0.2421017359788553,0.846512014182302,0.7993722240875417,0.00925478819413363,0.33915773034013214,0.0,0.08144693482127309,0.0002105739282799769,0.0138007135945983,0.004865809212683495,6.610696135189607e-05,0.292997976227983,0.2046939384720525,0.005794821403262774,6.610696135189607e-05,0.7759230809907224,0.057034615452068664,0.4423445406818,0.8862167003508782,0.6494613449604781,0.5709088656000556,0.43671795722703705,0.0805031207558291,0.10071092607081719,0.0,0.0,0.0,0.0,0.0
6.610696135189607e-05,0.018439481042117803,0.004182040992591439,0.0014616993036242996,6.610696135189607e-05,0.9999627393744435,0.11914720257477636,0.026631107865085758,0.0009273894908931747,0.9999370443013558,0.0,0.16018384583576317,0.00017028442419108356,0.06329601071881877,0.021282382637809974,0.5048095761602021,0.05568978042528819,0.18603370545570108,0.14104390677886647,0.16728682287321833,0.9908295609327277,0.4638716443946432,1.0,0.020782863850243603,0.5947557103426333,0.007822662827578047,0.0018527120583385535,0.012283100165827399,0.9999338930386481,0.14278758540022515,0.25396691646657643,0.22807344085640605,0.35725600397603746,0.7616998840124859,0.20912814155365478,0.11318182715835609,0.21494252610001158,0.3376310222844328,0.06248225087430489,0.669467670473704,0.4691664181285545,0.012694163156117147,0.03275272205158259,0.0,0.1998336118537575,0.0,0.012882554060701495,0.3042673801115636,0.249528575549408,0.07654861234708298,0.033514765597721596,0.16548141649251608,6.610696135189607e-05,6.610696135189607e-05,0.03255679641767759,0.39786581660979137,0.1788561749292152,0.18998432961151154,0.0,0.06993537491083121,0.07201460826179892,0.0,0.1908197844332117,0.24174310036327828,0.8462619300650164,0.7999604550751991,0.00917043906727231,0.33629474375159935,0.0,0.08094718204777696,0.00017307027171223945,0.013493750431202125,0.004691884458638931,6.610696135189607e-05,0.2928236997953658,0.20303630978846282,0.006368203059424882,6.610696135189607e-05,0.7860702600596504,0.05944394105829891,0.4407036829990705,0.8866478884174529,0.6518260882703385,0.5690719868159584,0.432708172965493,0.08402276466779614,0.10305677605246619,0.0,0.0,0.0,0.0,0.0
6.610696135189607e-05,0.01841922679395811,0.004197358799536088,0.0014891466065652297,6.610696135189607e-05,0.9999627794552515,0.1196793362875798,0.026516883672381693,0.001186241289642228,0.9999369866150927,0.0,0.16109191155789274,0.00016139656776009825,0.06105909416135949,0.022761739247796665,0.508625538207957,0.05456527043214566,0.18538726408063896,0.14144939151353642,0.1677454772181433,0.990908183910146,0.46414790960278457,1.0,0.0204286435123008,0.5998520880166082,0.007972792953089232,0.0018319436343246873,0.01226126038528726,0.9999338930386481,0.1423741249024416,0.2543764538008685,0.22812646942573622,0.35536525059761964,0.7603775146857268,0.206355277733974,0.1128029494677237,0.2143319280161717,0.33252706608731075,0.06164080604563265,0.6663254316993803,0.46783421609672404,0.012459047406123505,0.031779405356228835,0.0,0.20204359613454617,0.0,0.012927696263333472,0.30371930925439394,0.24916651616527394,0.07652451839028299,0.03358649039409333,0.16971968602177728,6.610696135189607e-05,6.610696135189607e-05,0.03231798164068691,0.39894662562596733,0.17794459576263327,0.19341929889710832,0.0,0.0706035612832165,0.07766569318917455,0.0,0.19169030703683534,0.24148832349025093,0.8460915610803401,0.8004751174256278,0.009091816089854007,0.33380849426266934,0.0,0.08042528150914878,0.00013973693837890621,0.013205107698960657,0.004505022400571955,6.610696135189607e-05,0.2925199110261758,0.20130581991455287,0.006978501092236163,6.610696135189607e-05,0.7959082780450702,0.06167788955163995,0.43913351181102495,0.8870356539645162,0.6540054165392524,0.5670455014757181,0.42973365574641054,0.0874189908316387,0.10529019633238612,0.0,0.0,0.0,0.0,0.0
6.610696135189607e-05,0.01840291919929354,0.004198413148260536,0.0015202590477982393,6.610696135189607e-05,0.9999628395267871,0.1201770425025971,0.026405649934597493,0.0015102466044372882,0.9999369663777913,0.0,0.1619766184556578,0.0001528418041911196,0.05896232337956349,0.024336302903346645,0.5113927671353864,0.05347781223636339,0.18476149163461075,0.14177999327008048,0.16815657981304635,0.9909829187080468,0.4644919951261431,1.0,0.02010083362778204,0.6048991084587247,0.00811584186696591,0.0018124623022549372,0.012244959368620419,0.9999338930386481,0.14197611988790018,0.25474734240559854,0.22796774060587302,0.3535564371603265,0.7590305173904492,0.20383061921577136,0.11243086860631935,0.21371925658778687,0.32751575109371966,0.060985448718149995,0.6632780197639129,0.4664810342046048,0.012241667536796546,0.030914567344237785,0.0,0.2038766889375531,0.0,0.012975623496362717,0.30319801245977274,0.24880709365293122,0.07649129162012162,0.03363961323966843,0.17393644487592486,6.610696135189607e-05,6.610696135189607e-05,0.03212152041064726,0.3999567379118195,0.17720109493803005,0.1965655378222331,0.0,0.07125947743708397,0.08332413404023391,0.0,0.1925447298901371,0.24131146096996883,0.8459783391931229,0.8009288528427159,0.009017081291953253,0.33163131593630385,0.0,0.07990154670677371,0.00010696331036034353,0.012942801093119438,0.004335874390636352,6.610696135189607e-05,0.29217100182709543,0.19950997282037078,0.007543020857160481,6.610696135189607e-05,0.8052769011055247,0.06376838767152072,0.43762722450633773,0.8874162895894895,0.6560589425955656,0.5648238119626997,0.4276217841464637,0.09069943810958668,0.10744601319081559,0.0,0.0,0.0,0.0,0.0
6.610696135189607e-05,0.018390937061462515,0.004203986459420995,0.0015201819496738688,6.610696135189607e-05,0.9999628953920664,0.12060567914309231,0.026403355335909835,0.0019193787254996335,0.9999370367218673,0.0,0.16283031478220517,0.0001446122570553627,0.05698625593441669,0.026011913889898628,0.5133421843121472,0.05242500910653176,0.1841375508247989,0.14204945504125285,0.16851752948570423,0.9910545847946904,0.46486391138370486,1.0,0.019795216335738882,0.6099136001652045,0.008250070937947494,0.0017921057884428663,0.012233617577868632,0.9999338930386481,0.14159167746067305,0.2550881598006726,0.22769619585861636,0.3518216750252095,0.7576747865189163,0.2015173892123398,0.11208072330429718,0.21312095308185144,0.32263461445927977,0.06048476098918824,0.6603350603032495,0.4651246585263544,0.012039502375911832,0.030142714981480367,0.0,0.20538972770077046,0.0,0.013022928735772979,0.30271841227026797,0.24846550487532149,0.07644701942614718,0.03367943203643148,0.1779592607573782,6.610696135189607e-05,6.610696135189607e-05,0.03195917655592096,0.40088921518272347,0.17660172565217863,0.19945087189188643,0.0,0.07189708885167279,0.0889113123162273,0.0,0.19338764621833035,0.24121819586463106,0.8459110425828353,0.8013397555328154,0.008945415205309608,0.3297463609155247,0.0,0.07937544649871522,0.00010696331036034353,0.012682241333537538,0.004140127945040531,6.610696135189607e-05,0.2917122978924265,0.19775273057390472,0.008179031959503723,6.610696135189607e-05,0.8143733073531654,0.06572348782890507,0.43620142411356855,0.8877746644386475,0.6579957021320592,0.5624421593345943,0.4261730546986646,0.09385228437188835,0.10951959478421562,0.0,0.0,0.0,0.0,0.0
6.610696135189607e-05,0.018380737668828237,0.004210851954710256,0.0015328417622033576,6.610696135189607e-05,0.9999629740530868,0.12099526528232717,0.026403212207195898,0.002401281742179236,0.9999370101156818,0.0,0.1636210835833681,0.00013669706144534742,0.05512051560882659,0.02778834021879237,0.5146458898030206,0.051411843512727234,0.18354466051337234,0.14225949038793076,0.16882110257354674,0.9911070180634421,0.46521248871307735,1.0,0.019508601465604285,0.6148333759972878,0.008376647780260336,0.001772317855601095,0.012226458176500591,0.9999338930386481,0.14122249431668632,0.25542198596318727,0.22732582761130227,0.35017499487932635,0.7563004703865159,0.19935925040378744,0.11168692132744595,0.21249489765488522,0.31788330428595435,0.06008323368697427,0.6574791614165422,0.4637478763467809,0.011850166436950235,0.02944980531629294,0.0,0.2066177599029603,0.0,0.013069903707130483,0.30224550149077384,0.2480897239539635,0.07642810588333195,0.03370544125315548,0.18194508160208367,6.610696135189607e-05,6.610696135189607e-05,0.03179009245006316,0.40176408573414496,0.17613645295082758,0.20219469838916201,0.0,0.07252043606802766,0.09445677760777668,0.0,0.19423116010013247,0.24119098280257698,0.845890343175119,0.8017290921101603,0.008892981936557902,0.3281697513839624,0.0,0.07884626738960138,0.00010696331036034353,0.012456482104053658,0.003993288806435928,6.610696135189607e-05,0.2911743301145842,0.19593136305929063,0.008640088690615383,6.610696135189607e-05,0.8228928775181352,0.06756307666265648,0.43482496762368245,0.8881763816111087,0.6598641506682605,0.5598715778874765,0.4252708765100051,0.09687783497059818,0.11151648033726978,0.0,0.0,0.0,0.0,0.0
6.610696135189607e-05,0.01837186472765447,0.004217186562825132,0.0015525522975373546,6.610696135189607e-05,0.9999630460195724,0.12134243941159825,0.026356099321263662,0.002968972338163857,0.9999369809322356,0.0,0.16436387671600033,0.0001290882025345299,0.05335148340696208,0.02967172270297568,0.5154481308110187,0.05043393116628674,0.18297151826168287,0.1424249660680477,0.16908158749513932,0.9911527049088226,0.4655921946955427,1.0,0.01927324246161506,0.6197008068629861,0.008493148840796553,0.0017503892546194741,0.012222796116580737,0.9999338930386481,0.14087207024138998,0.25569916471609616,0.2269799973322908,0.348572931068976,0.7549342973168669,0.19734214147654927,0.11130668079571591,0.21188293277322065,0.31328589864926676,0.05977583396705864,0.6547315905367033,0.4623962880583179,0.011672337829694106,0.028826029155754863,0.0,0.20761231569874283,0.0,0.013116269401362152,0.3018279959846119,0.24772464836774263,0.07639091597417047,0.03372544105584379,0.18569328480789762,6.610696135189607e-05,6.610696135189607e-05,0.03164266142712873,0.4025702627983352,0.17577573888619819,0.20471976491960484,0.0,0.0731147303419007,0.09981461517082525,0.0,0.1950645463390901,0.24120236710771228,0.8459026961022582,0.8020923833491058,0.008847295091177381,0.32679548960571453,0.0,0.07833641723932241,0.00010696331036034353,0.012223203132803964,0.0038356924450018014,6.610696135189607e-05,0.29067194933274465,0.19423943483668266,0.009138758907670946,6.610696135189607e-05,0.8310984322015399,0.06928996379693499,0.43357421688784553,0.8885642310017495,0.6616508534779165,0.5572277634769323,0.4247760352219227,0.09976993195791999,0.11342982657228697,0.0,0.0,0.0,0.0,0.0
6.610696135189607e-05,0.018364556897947804,0.004223227973072546,0.0015444912329983162,6.610696135189607e-05,0.9999631117891755,0.12164866516201586,0.02638827866135237,0.0036450165355576807,0.9999370727827894,0.0,0.16505739338159198,0.00012175560881223658,0.05166226787062899,0.031664882823014925,0.5158248810897748,0.04948940151559078,0.18241394142309017,0.14255941820502882,0.16930959430642734,0.9911958288834268,0.4660177600881265,1.0,0.0190151983773058,0.624485982855035,0.008600735662786565,0.0017267925108694548,0.012220753601259831,0.9999338930386481,0.14057087127680168,0.2559657144478995,0.2266327335572571,0.3470566565899364,0.7535758875104714,0.19546462747998086,0.11095650414478363,0.21129239438510664,0.30890169032415343,0.059549401445820216,0.6520888061975457,0.4610799520529202,0.011503819177568892,0.02825880187617226,0.0,0.20840384116329005,0.0,0.013155617496424845,0.3014500664626665,0.24737582622349644,0.07634934962275473,0.033737481494719945,0.18896989153622004,6.610696135189607e-05,6.610696135189607e-05,0.03150421549008934,0.4033265147752857,0.17552485520700203,0.2071124486182054,0.0,0.07370503702054013,0.1050121607312068,0.0,0.19590731336379957,0.2412683754724845,0.8459367626174024,0.8024316038174004,0.008804171116573202,0.3255783987485835,0.0,0.07778847985811982,0.00010696331036034353,0.012000537988322835,0.003679316097663384,6.610696135189607e-05,0.29009253667672985,0.19265072837142852,0.009642988520095293,6.610696135189607e-05,0.8391436142532503,0.07089925728252655,0.4323655305202217,0.8889217402464041,0.6633403007237243,0.5544212661216248,0.4246257174644051,0.10251447892306387,0.11523773105150513,0.0,0.0,0.0,0.0,0.0
6.610696135189607e-05,0.01835789626468926,0.004229109912826422,0.0015520528577561506,6.610696135189607e-05,0.9999631981940947,0.12192631696873893,0.026370740268740787,0.0043935676603978294,0.9999370664783748,0.0,0.16566159911123438,0.00011468866111584448,0.05004273422367442,0.033760039588710405,0.5158599312486043,0.04858057235180325,0.18188337759961062,0.14265780144425189,0.16949461068117985,0.9912208936265658,0.4664072580765809,1.0,0.01879715467290432,0.6291929403681271,0.008703974021070992,0.0017199930905385866,0.012220416892740928,0.9999338930386481,0.1402536445861908,0.2561637909955376,0.2262390941217079,0.34559659339459103,0.7522111752860945,0.19369411575087575,0.11061158457974274,0.21070727678791948,0.30470436020453473,0.05938058333841161,0.6495280549346751,0.4597778976678623,0.011343530293712377,0.02774179178657946,0.0,0.20903193448571925,0.0,0.01320294637506588,0.30107913902381517,0.24699966279784813,0.07632684346541223,0.033741506694669104,0.19234492602972425,6.610696135189607e-05,6.610696135189607e-05,0.031344836319653985,0.40403551223713124,0.175359865247316,0.2094078748249872,0.0,0.0742826119723023,0.1100247977712939,0.0,0.19674589528029562,0.2413603564251666,0.8459986682620357,0.8027635975322407,0.008779106373434127,0.32456080743769994,0.0,0.07728529730600595,0.00010696331036034353,0.011785132576412304,0.003530413170332747,6.610696135189607e-05,0.28947047058674025,0.1910882415957562,0.01012582687566394,6.610696135189607e-05,0.8468363847682462,0.07242895946658946,0.43123641031290266,0.8892737267591414,0.6649673770161038,0.5515108024354609,0.42475948541298414,0.10514547743322594,0.11697836830736036,0.0,0.0,0.0,0.0,0.0
6.610696135189607e-05,0.01835181968548491,0.004234392178652048,0.0015690744882496195,6.610696135189607e-05,0.9999632707911073,0.12217338931863753,0.026313851400327135,0.005200003868575424,0.9999370462333037,0.0,0.16620832427615279,0.0001078907361022891,0.048487623015370976,0.0359647011986408,0.5156348336008164,0.047704759171721074,0.18137390225267383,0.1427319090872235,0.16965130309168736,0.9912403636683393,0.4668227753269138,1.0,0.018593614570677906,0.633826836944581,0.0087824891556413,0.0017116714233260334,0.012221313705335754,0.9999338930386481,0.13996573835331455,0.25634768982131145,0.2259379518232489,0.34420727775293714,0.75088129131481,0.192023620159443,0.11029184051119985,0.21014285530499213,0.3007303963809411,0.05926558294062091,0.6470815838653746,0.45851364529797245,0.011190288263696824,0.027268368662469084,0.0,0.20952327033020013,0.0,0.01324656071095538,0.3007351196598389,0.2466553350738078,0.07628487855640043,0.033740873678189176,0.19551253085229017,6.610696135189607e-05,6.610696135189607e-05,0.0311761093928265,0.40468451106537906,0.1752527596847018,0.2116165451931034,0.0,0.07485585247009999,0.11484238335467942,0.0,0.1975713767434846,0.2414863205821703,0.8460778026490797,0.8030803282458435,0.008759636331660707,0.3236539543428861,0.0,0.07679126735076673,0.00010696331036034353,0.01160582145686193,0.0033885581794049374,6.610696135189607e-05,0.2887864277350276,0.18953229435349694,0.010585013806942474,6.610696135189607e-05,0.8540752694036181,0.0738659490004882,0.43015151037130067,0.8896002687526978,0.6665136692095369,0.5484625190657386,0.42509958345856264,0.10764228021941971,0.1186261318671835,0.0,0.0,0.0,0.0,0.0
6.610696135189607e-05,0.018346326022350944,0.0042388091965996156,0.001584991957686978,6.610696135189607e-05,0.9999633398152797,0.12238783328624152,0.026259129763361134,0.006059426899861607,0.9999370464413347,0.0,0.1667147466794138,0.00010135941325048833,0.046989372103184525,0.038284453771011515,0.5152010121806871,0.0468618887185259,0.18088112733245748,0.14278913490449574,0.16978654691677678,0.9912598952523201,0.4672727038537909,1.0,0.018403495144765313,0.638366015701234,0.008849133025269776,0.0017027637409802476,0.012222630374118477,0.9999338930386481,0.13969231173418473,0.25654391792862097,0.22572254736965727,0.34288904339220994,0.7495741611858049,0.19043920421059116,0.10999357018567243,0.20959616271578554,0.2969691886941972,0.059197832688235454,0.6447384748351347,0.45728464818624126,0.011043309543097686,0.02683286197268951,0.0,0.20990422831800523,0.0,0.013289209322008397,0.30043938420235305,0.24633401139768835,0.07623639612533097,0.03373903051355407,0.19859237034734842,6.610696135189607e-05,6.610696135189607e-05,0.03100558312530144,0.4052967865456409,0.17519969828490392,0.21370805463399373,0.0,0.07539990351695493,0.11942678463056483,0.0,0.19838733546604603,0.2416380951712869,0.8461675555524065,0.8033805911105337,0.008740104747679962,0.32282306782820397,0.0,0.07631648609522235,0.00010696331036034353,0.011402141164934395,0.0032580529270856027,6.610696135189607e-05,0.28812967890022523,0.18820017826935065,0.011010416764732552,6.610696135189607e-05,0.8610303748731546,0.07522614052929118,0.42913799447600137,0.8899050704010771,0.668014561664075,0.5453195729042265,0.4256011551310774,0.11001230098029337,0.12019612931001439,0.0,0.0,0.0,0.0,0.0
6.610696135189607e-05,0.018341610982482014,0.004243212129592528,0.001619509590335976,6.610696135189607e-05,0.9999634050462696,0.12257291593667106,0.02614621454323807,0.006955091565770137,0.9999369739076439,0.0,0.16717486595899253,9.508409774568064e-05,0.04554082147922155,0.040716961818500375,0.514585173824885,0.046051423183645177,0.18040662164625684,0.14283786418301142,0.16990816826304717,0.9912780712173176,0.46774041597842964,1.0,0.01822582384038079,0.6428048786572607,0.00890528237185895,0.0016935385083100612,0.012223726239788702,0.9999338930386481,0.13942946870744033,0.25675297738469266,0.2255859009628152,0.34163797644059124,0.7482777639525039,0.1889343304409779,0.10971024058734012,0.20906830443467364,0.29341354847074375,0.05916633246561938,0.6424822841239772,0.45608327142244187,0.010901691391259618,0.026430040434535233,0.0,0.21019394301155603,0.0,0.013331143768756116,0.30015796635259684,0.24603733615549697,0.0761840219290802,0.033734236546364864,0.20136491160366118,6.610696135189607e-05,6.610696135189607e-05,0.030832357732339156,0.40587796837918033,0.17521286343474202,0.21572438637726943,0.0,0.07595081853399231,0.12377302994055887,0.0,0.199200642087244,0.24183236745392203,0.846260444425729,0.8036617913024177,0.008721928782682388,0.32206564101001445,0.0,0.07585215422217427,0.00010696331036034353,0.011228018874833073,0.0031429902615589997,6.610696135189607e-05,0.2874676981280214,0.1868597255571293,0.011389368243500042,6.610696135189607e-05,0.8675629862194941,0.07650937261275412,0.42816641722276017,0.8901946753149141,0.6694400555521125,0.5420964597701969,0.4262484937094956,0.11226565060513362,0.12167773947737925,0.0,0.0,0.0,0.0,0.0
6.610696135189607e-05,0.01833790738392767,0.004247042943472762,0.0016385968399597747,6.610696135189607e-05,0.9999634602102713,0.12272735187400279,0.026081382523467502,0.007894952607862289,0.9999369901229218,0.0,0.1676140569913471,8.906180037079539e-05,0.044136020765825845,0.043267820133952875,0.5138163949089428,0.04527036188451707,0.17994393651848195,0.14288931752137807,0.1700295721133236,0.9913042754716678,0.4682642827846046,1.0,0.01806154458155142,0.6471321316280327,0.008946611703506108,0.0016839048944983874,0.012224153272835846,0.9999338930386481,0.13918389659108912,0.25697647145399144,0.22554518790295333,0.3404470694237102,0.7469967652027976,0.1875039012679125,0.10944427521096384,0.208557282665956,0.2900651436394287,0.05916917753674371,0.6403150937358079,0.45491713696969843,0.010765421718580153,0.026057250477486422,0.0,0.21041687956353963,0.0,0.01337245955604225,0.299928383923408,0.24578101432684377,0.0761150632407197,0.03372920869128616,0.20392560320657505,6.610696135189607e-05,6.610696135189607e-05,0.030662285988464225,0.40641911846546414,0.17527916113991607,0.2176128174469543,0.0,0.07648306390367084,0.1278289208979047,0.0,0.20000589152474038,0.24205292124294886,0.8463452607600418,0.80391317740919,0.008695724528332184,0.3213188376518558,0.0,0.07540669384962972,0.00010696331036034353,0.011066832937872919,0.0030120898843080733,6.610696135189607e-05,0.2868227694866781,0.18560766979143967,0.011793374230582602,6.610696135189607e-05,0.8738564942146276,0.07772407365728633,0.42726922429378605,0.8904666629886654,0.6708236326645474,0.5388381153287138,0.42701442755431357,0.1144086528549347,0.12308600526887081,0.0,0.0,0.0,0.0,0.0
6.610696135189607e-05,0.01833545557442452,0.004250948260036214,0.0016534517439700457,6.610696135189607e-05,0.9999635255068478,0.1228656436320656,0.026036875618668565,0.008817926509254252,0.9999370013778974,0.0,0.16801591876662614,8.32979240913569e-05,0.04277342856784854,0.045931261376946225,0.5129414910769181,0.044519862096479575,0.17950193502548284,0.1429401072186216,0.17014423364595102,0.9913279080872401,0.4687791127572189,1.0,0.017909008181942784,0.6513546399070073,0.008973771785095909,0.0016752304262996514,0.012223781914516394,0.9999338930386481,0.1389538655131733,0.2572405043534186,0.2255656503361698,0.339313732931963,0.7457217846310894,0.1861457638758539,0.10919292919135187,0.20806273080736454,0.28693215821012524,0.05919617014683795,0.6382251840969743,0.4537695956017556,0.0106336134571757,0.025710003698231232,0.0,0.21058013283665533,0.0,0.013414131538195418,0.29971582779814193,0.24549913025214823,0.07606117462438104,0.033722339184567386,0.20648559277585105,6.610696135189607e-05,6.610696135189607e-05,0.03047535162806373,0.4069497175525156,0.17539745471311624,0.21944378207813756,0.0,0.0769938828255797,0.1316794275935483,0.0,0.20081170216978061,0.24229916853529987,0.8464262793242027,0.8041457626558177,0.008672091912759824,0.32064075440612577,0.0,0.07497194461071965,0.00010696331036034353,0.010913209029886383,0.002885670329014691,6.610696135189607e-05,0.2861605287483301,0.18441314539986237,0.012203147852034458,6.610696135189607e-05,0.8799120012467906,0.07888076065579444,0.4263945352793824,0.8907237728845567,0.6721699577992072,0.5354571528193803,0.4278623387762439,0.11644325163676555,0.12442930083746165,0.0,0.0,0.0,0.0,0.0
6.610696135189607e-05,0.018333748959685325,0.004255010764322678,0.0016665191982936651,6.610696135189607e-05,0.9999635920574598,0.12299678822617449,0.02599795868082163,0.009696912091623853,0.9999370098827826,0.0,0.1683808077385422,7.779255801069728e-05,0.04145045284306228,0.04870481169576239,0.5119868682868957,0.043799243960609406,0.17908167258332908,0.14298731712201804,0.1702507298640066,0.9913475838013341,0.46927568073148773,1.0,0.01774477731713134,0.6554670844149287,0.008988172267319731,0.001666928736036279,0.012222495669890756,0.9999338930386481,0.1387408219859502,0.25749299777729956,0.22567108047274248,0.33825234246066316,0.7444583151757057,0.18484784263411336,0.10895665314673303,0.2075857299368167,0.28398623216040786,0.05923946260590771,0.6362087229560695,0.45264680502581117,0.010505548295616656,0.025384605706095496,0.0,0.2106905839089577,0.0,0.013451170976758828,0.2995049554025257,0.24524268980452638,0.07601034831811375,0.03371539720496313,0.2090269473347378,6.610696135189607e-05,6.610696135189607e-05,0.030282543118477143,0.40745150094630933,0.17555934422452513,0.22122417069250233,0.0,0.077487538121056,0.13533558212861785,0.0,0.20161875335407878,0.24256399337424495,0.8465071345823653,0.8043646644298978,0.008652416198665911,0.3200337353595546,0.0,0.07454985296229706,0.00010696331036034353,0.010755402477883421,0.0027884034343551908,6.610696135189607e-05,0.28548571964175146,0.18336273070951878,0.012510960647969027,6.610696135189607e-05,0.8856282606962605,0.07998234059976915,0.4255471789348421,0.8909655542952563,0.673476279099065,0.5319733740152119,0.42877366910719655,0.11837327972924241,0.12570752901661486,0.0,0.0,0.0,0.0,0.0
6.610696135189607e-05,0.01833228022509206,0.00425884980262109,0.0016783440159590425,6.610696135189607e-05,0.9999636646629728,0.12311610238763618,0.025962533333728874,0.010503337179318213,0.9999370179170751,0.0,0.1687081607900202,7.254617418026207e-05,0.040166074246478424,0.0515822868807322,0.5109744711721604,0.04310783773716238,0.1786825768291626,0.14303107821020197,0.1703497795925412,0.9913637940202364,0.4697477939408816,1.0,0.01759966459405387,0.6594711849727933,0.008989191689465808,0.001658482216631818,0.012220445258232954,0.9999338930386481,0.13854078144822785,0.25774271562399476,0.22588041167346762,0.3372376646795566,0.7432050804730758,0.18360175242535554,0.10872488003676091,0.20712568009665835,0.2811944649345835,0.059295570801267024,0.6342565506227396,0.45154825446934693,0.010381595576779893,0.025081058151528442,0.0,0.2107640012696558,0.0,0.013486608279380813,0.2993035622932095,0.2450078742731046,0.07595530904702245,0.033709632464844035,0.21143901693271636,6.610696135189607e-05,6.610696135189607e-05,0.03009851755062865,0.4079551004747066,0.17575953687961152,0.2229149097771037,0.0,0.0779753674845398,0.13871096473175765,0.0,0.20241459120741215,0.242843633727975,0.8465873262130181,0.8045691622559304,0.008636205979763535,0.31948820478946266,0.0,0.07415853649885655,0.00010696331036034353,0.01060798251615622,0.0026856645038182392,6.610696135189607e-05,0.28488610894200894,0.18234663911954563,0.012840561018962008,6.610696135189607e-05,0.8910804909979819,0.08103538264731273,0.4247751770075206,0.8912025737890589,0.6747328781723234,0.5285122834529268,0.4297299580265725,0.12022102043268594,0.1269255349735154,0.0,0.0,0.0,0.0,0.0
6.610696135189607e-05,0.018330985043549592,0.004262401473296937,0.0016894332522229747,6.610696135189607e-05,0.9999637340668724,0.12322064272902943,0.025930091139716054,0.01122446951866209,0.9999370239292079,0.0,0.16900269790094546,6.75602378502579e-05,0.038920130875405086,0.054557949466813076,0.5099296516985932,0.04244389372875467,0.1783052647557788,0.1430765699988226,0.170447875439966,0.9913772712284139,0.47019708869971166,1.0,0.01746541375841408,0.6633764305069859,0.008978302198918736,0.0016504927816144278,0.012217315831092227,0.9999338930386481,0.13835317853426382,0.2580003644010168,0.2261547254109451,0.33626409889937225,0.7419688963903699,0.18241420017492596,0.10850568942219888,0.2066821948288951,0.2785807796481934,0.05936215650046244,0.6323719933569324,0.45047801533159637,0.010261829277722755,0.024797580344413976,0.0,0.2108037932453108,0.0,0.013520023420411665,0.2991064575978818,0.2447413663333094,0.07590139366627771,0.03370185801122155,0.21369139751732505,6.610696135189607e-05,6.610696135189607e-05,0.029919327171824345,0.4084448161309598,0.17599343459570008,0.2245469944615605,0.0,0.07845333746719055,0.14187314891304206,0.0,0.20320516233393748,0.24313584906854308,0.8466616007234546,0.80475454421562,0.008622728771586112,0.3189991180549776,0.0,0.07378121102302566,0.00010696331036034353,0.010472751009104395,0.00259792740012202,6.610696135189607e-05,0.28429349847087715,0.1813899328659154,0.013122284158418469,6.610696135189607e-05,0.8962014600139415,0.08203766901393002,0.42403610746256815,0.8914267503399509,0.6759443368285093,0.5249881219719514,0.43070819180094444,0.12197895058037543,0.1280808708440818,0.0,0.0,0.0,0.0,0.0
6.610696135189607e-05,0.018329895568087985,0.004265860293255486,0.001699512625204258,6.610696135189607e-05,0.9999638040265381,0.12332032889962856,0.02590140817930582,0.011851075378107584,0.9999370292211927,0.0,0.16926680333716773,6.283403745600771e-05,0.03771193776144815,0.05762510881392477,0.5088703486166265,0.04180622424746443,0.17794791835889592,0.14311497890204294,0.17053644215163646,0.9913885778024304,0.470617677899658,1.0,0.017341195251369294,0.6671905407959604,0.008960459774515562,0.001642545484756718,0.012213381785345848,0.9999338930386481,0.13818200023142665,0.2582585250059768,0.2264972151192976,0.33532923005653237,0.7407542787583247,0.18127874432105323,0.1083007962582414,0.20625236665266405,0.27612898302022215,0.059436987485123764,0.6305545831879091,0.4494402871495496,0.010145328085757247,0.02453045480506039,0.0,0.21081145869237516,0.0,0.013551128057200306,0.29891504098444216,0.24449832801887492,0.07584435832862965,0.03369437896231071,0.21581529818621314,6.610696135189607e-05,6.610696135189607e-05,0.0297527107770128,0.40890256971291966,0.17625579703766067,0.226099917649153,0.0,0.0789190791738519,0.14479293944215615,0.0,0.20398988979592675,0.24343953221560716,0.8467396930121999,0.8049331030433031,0.008611422197569597,0.31857086340796686,0.0,0.07341813270253253,0.00010696331036034353,0.010330363064227382,0.0024869556959628072,6.610696135189607e-05,0.2837412136535407,0.1805509672103984,0.013500615929124951,6.610696135189607e-05,0.90130104726858,0.08298992420401471,0.423354534692626,0.8916363697043026,0.6771166164120359,0.521452968723697,0.43169266389824984,0.12364930276869984,0.12917226227594725,0.0,0.0,0.0,0.0,0.0
6.610696135189607e-05,0.018329105610646594,0.004269115900080977,0.0017090533611183025,6.610696135189607e-05,0.9999638734035623,0.12341043096937104,0.02587631998623526,0.012358513573517494,0.9999370335044591,0.0,0.16949904671498164,5.835507204086504e-05,0.03653649037001494,0.06077513085525946,0.5077790930131264,0.041192280498956964,0.17760580758629688,0.14314714557592556,0.17061650086458738,0.9913984766428632,0.47100888630564747,1.0,0.01722421706824429,0.6709223354613683,0.008934554000930989,0.001635629362296274,0.012208953164434546,0.9999338930386481,0.13802385934693417,0.25852784467599393,0.2268711313810707,0.33443151441418967,0.7395569646645584,0.1801955411486886,0.10810450530382523,0.205834061251389,0.27383712395399584,0.05951594962288054,0.6287980292073205,0.44843025414514465,0.01003212411454783,0.02427853746315906,0.0,0.21079263935200418,0.0,0.013582903110147208,0.2987200355863926,0.24424902480757046,0.07579593948420832,0.03368561642367802,0.2179178106136541,6.610696135189607e-05,6.610696135189607e-05,0.029592175184489637,0.4093441191294193,0.17654459609459908,0.2276538485628562,0.0,0.07938681483516559,0.14761805935700445,0.0,0.20477460301177397,0.24375794184993468,0.8468207303095266,0.8051049616722535,0.008601523357136848,0.31819847434234844,0.0,0.07306486499340208,0.00010696331036034353,0.010215618969960276,0.0023892424017399995,6.610696135189607e-05,0.2831193847843235,0.1796636274175001,0.013822927668340127,6.610696135189607e-05,0.9061249692403209,0.08389843924084249,0.4226515635734736,0.8918371396241339,0.6782426335434305,0.5177696858337404,0.4327049573639931,0.12523508728194857,0.1302059964186238,0.0,0.0,0.0,0.0,0.0
6.610696135189607e-05,0.018328554146486747,0.004271946704133167,0.0017175411153655046,6.610696135189607e-05,0.9999639452495127,0.12349516812526248,0.025855530088361705,0.012770801319709322,0.9999370370062356,0.0,0.16971277253994427,5.412560665123969e-05,0.03539524473936925,0.06400728796206104,0.5066885393702097,0.040603142374435616,0.17728217039370828,0.1431722701992977,0.17068817367649075,0.9914077615553061,0.47137112252342594,1.0,0.01711546810978738,0.6745635048084077,0.008899970737798855,0.0016291557394250613,0.012203890204858311,0.9999338930386481,0.13788173244236326,0.25878651721303075,0.22728113213844256,0.33357020115076763,0.7383882103058763,0.17915203439219501,0.10792105187747018,0.20542826186112814,0.2716624841630789,0.059600084358034267,0.6271055052705766,0.4474543944137999,0.009922079119177255,0.02404065814202368,0.0,0.2107515370033993,0.0,0.013647364776762039,0.2985423736144834,0.24400171884150915,0.07574870728955603,0.03367850874138751,0.22007007487377675,6.610696135189607e-05,6.610696135189607e-05,0.029446891820229252,0.4097327459998619,0.17684377979641816,0.2291488089363538,0.0,0.07982988809124418,0.1502882164437501,0.0,0.20555033943118403,0.24407290422938754,0.846905650681525,0.8052711681814856,0.008592238444693943,0.31787734047317484,0.0,0.07272837411052409,0.00010696331036034353,0.010107260323488697,0.0022997998292157568,6.610696135189607e-05,0.2825112864146095,0.17885184947592916,0.014108713574947997,6.610696135189607e-05,0.9106855971575415,0.08476800989770548,0.42198638413150696,0.8920248225158786,0.6793466053082584,0.51404201143111,0.433711376271756,0.1267410129238037,0.13119053096310426,0.0,0.0,0.0,0.0,0.0
6.610696135189607e-05,0.018328688966196237,0.004274683677672883,0.0017251320795193556,6.610696135189607e-05,0.9999639963564809,0.12357935234876595,0.02584062781183882,0.013122284157383765,0.9999370389153858,0.0,0.16991018650278977,5.014076901537e-05,0.03428741174612939,0.06731337853215043,0.5056072545142666,0.04003874932792491,0.17697712760443002,0.1431932357922077,0.17075451674978553,0.9914174662181923,0.47170993204102785,1.0,0.017007315440027714,0.6781148097593842,0.008857929237900835,0.0016230134470446868,0.0121977508422525,0.9999338930386481,0.13775420254719978,0.2590344296421349,0.22772643850956523,0.33274768099352725,0.7372477928518945,0.17814756586185698,0.10774845767892705,0.20504088040299048,0.26960182584272013,0.05968795111908235,0.6254735911201053,0.4465167070169244,0.009814405344662755,0.023815848059568337,0.0,0.2106907369346006,0.0,0.013687517404689537,0.29837811605178244,0.2437679561294393,0.0757046076891664,0.03367263984360949,0.22249687344507188,6.610696135189607e-05,6.610696135189607e-05,0.0293160703658296,0.41010898266865403,0.17716284787473413,0.23059884659998942,0.0,0.08025401553752204,0.1528036045580062,0.0,0.2063242256605,0.24438845139714122,0.8469923588631295,0.8054296351906461,0.008582533781807705,0.3175993310243715,0.0,0.07240228533668448,0.00010696331036034353,0.00999473000489567,0.0022111863433453066,6.610696135189607e-05,0.28190977287657304,0.17809616384407645,0.014423960431726099,6.610696135189607e-05,0.9150769773151096,0.08558935927337141,0.42134340103536383,0.8922014015520576,0.680417692313358,0.5102811910671232,0.43470479436665105,0.12816343389146972,0.1321177139815044,0.0,0.0,0.0,0.0,0.0
6.610696135189607e-05,0.018328774844238095,0.004277249998277103,0.001732037905878864,6.610696135189607e-05,0.9999640597064918,0.12365673103538641,0.025829347818102828,0.01341715711946588,0.9999370404215434,0.0,0.17008945191709407,4.638993056007127e-05,0.03321024031307114,0.07068151551471714,0.504523582327118,0.03949798680763175,0.1766884010291788,0.1432097892047654,0.17081500929440505,0.9914271338711171,0.4720249441901121,1.0,0.016907215656168623,0.6815741247230234,0.008807731737544046,0.001617294295581874,0.012191058566032243,0.9999338930386481,0.13763880767973297,0.25927395409078724,0.22817740049523644,0.3319619405265986,0.7361317911441181,0.1771793692307351,0.1075809973887872,0.20466618913101733,0.2676394996213201,0.059775546372830855,0.623891290215059,0.4456064939544214,0.009709159914216855,0.023602725530819855,0.0,0.21061302125341103,0.0,0.013721670979147243,0.29821152795045053,0.24353734078730102,0.0756614433790108,0.03366585987385953,0.22473924675898818,6.610696135189607e-05,6.610696135189607e-05,0.029196849188660227,0.4104758068907139,0.17749286909937773,0.2320069533720072,0.0,0.08067162634834674,0.15519123848323219,0.0,0.2070907540914362,0.24470584782666077,0.8470810508810177,0.805582265174775,0.00857286612888284,0.3173620345564769,0.0,0.07209534896409996,0.00010696331036034353,0.009883005789064883,0.0021260987346016346,6.610696135189607e-05,0.2813304180054932,0.1774320342085323,0.014712919961141983,6.610696135189607e-05,0.9192929960300097,0.08637533975650423,0.42072422548016364,0.8923726126806527,0.6814519442075648,0.5064877463807307,0.43570087130005114,0.12951996888587317,0.13299925718973904,0.0,0.0,0.0,0.0,0.0
6.610696135189607e-05,0.018328908873152666,0.004279600880199114,0.0017240823695071925,6.610696135189607e-05,0.999964128435884,0.12372907199831136,0.02586503254329347,0.013672196464543346,0.9999370958720465,0.0,0.1702533167334448,4.286689838469574e-05,0.032163646949775276,0.07410229087306355,0.5034469100447722,0.03897952428895929,0.17641522054155356,0.14322060782543924,0.17086842768719568,0.9914366323812845,0.4723168961537285,1.0,0.016812892871541543,0.6849465228536025,0.008750161174428063,0.00158908164917016,0.012184285755801083,0.9999338930386481,0.1375321378624195,0.25959613372206614,0.2286865146433621,0.33122334577943435,0.7350431348723286,0.17624814635271308,0.10742168738831251,0.20430286008633924,0.2657694776558087,0.05986418868359449,0.6223608292183439,0.4447260189571144,0.009606314103789319,0.023400282677302146,0.0,0.21052090788004238,0.0,0.01375305745677628,0.2980449183111706,0.24330943266886856,0.07561820216359745,0.03365799219931245,0.22677825300092483,6.610696135189607e-05,6.610696135189607e-05,0.02908861723213163,0.41083243594248225,0.1778301915602085,0.23337730378525326,0.0,0.08108673531803863,0.15746242222983137,0.0,0.20784814903620735,0.245026060254951,0.8471730780707715,0.8057312896355022,0.008563367618715423,0.31716219596622913,0.0,0.07180255327798796,0.00010696331036034353,0.009773799658541433,0.0020472177434440516,6.610696135189607e-05,0.2807543950977241,0.17680383140373376,0.014980207203569997,6.610696135189607e-05,0.9233401530802854,0.0871266735674629,0.42012123312858884,0.8925354457133028,0.6824467576458468,0.5026658092412963,0.4366889012716334,0.13081149745648935,0.133832700246381,0.0,0.0,0.0,0.0,0.0
6.610696135189607e-05,0.018328781717689924,0.00428184589116056,0.0017237202039985017,6.610696135189607e-05,0.9999642044931413,0.12380285940195637,0.025879642154535858,0.01381695974620902,0.9999371000704177,0.0,0.1703883422979704,3.956798886740411e-05,0.031149781857614824,0.07755607805966418,0.5024017024473862,0.03848461837946899,0.1761657906420887,0.14321937077569616,0.17090700608217754,0.9914393918652384,0.47255042274130904,1.0,0.016725264227703093,0.6882268372783672,0.008688909091530838,0.0015605093622523775,0.012177109822480565,0.9999338930386481,0.1374390345301542,0.2599107191688983,0.22920526430359878,0.33051381354072995,0.7339472742734483,0.1753529178801804,0.1072707888303381,0.20395127329515592,0.2639691581918145,0.05995143439389418,0.6208526414699592,0.44387489174903894,0.009505673159940935,0.023206618689878767,0.0,0.21040794534298798,0.0,0.013782376087386491,0.2978388436450132,0.24304997366639888,0.07559349377693901,0.03364987910985405,0.22890925409906757,6.610696135189607e-05,6.610696135189607e-05,0.029002055935778506,0.41119955827695515,0.17820885497288114,0.2347200923346226,0.0,0.08149804284103636,0.15962906975143581,0.0,0.20862110005151555,0.24534497473357317,0.8472749560643629,0.8058863752279437,0.00856060813476152,0.317041631915703,0.0,0.07151922662618719,0.00010696331036034353,0.00966817704889804,0.0019777517733628983,6.610696135189607e-05,0.28020220023850884,0.17621589880597527,0.015182812385611562,6.610696135189607e-05,0.9272382637138592,0.08784387075367067,0.41953864748722663,0.8926896431807945,0.6834009020061929,0.4988456939970855,0.4376468631587197,0.13204164009905628,0.13461434287529916,0.0,0.0,0.0,0.0,0.0
6.610696135189607e-05,0.01832856498754246,0.004283636109272603,0.001725938879134323,6.610696135189607e-05,0.9999642764263267,0.12387373769671882,0.025882704833582643,0.013906633083299567,0.9999371005852885,0.0,0.17050467303338548,3.648306238837952e-05,0.030166836009446814,0.0810334533201116,0.5013790022248161,0.038009925394879344,0.17593283917585653,0.14320685256553298,0.1709345772343619,0.9914412925399605,0.47275969103384335,1.0,0.016643150990124284,0.6914246854652168,0.008622366322834155,0.0015516703746242784,0.012169097101205208,0.9999338930386481,0.13736139054315288,0.26011526908096605,0.22962946828619107,0.32981985249243473,0.7328653337677806,0.17449657314333544,0.10712862981546648,0.2036107982595383,0.26224222077696063,0.06004116800159883,0.6193810400245391,0.4430683155592141,0.00940759015947331,0.023022066906108828,0.0,0.2102830519543697,0.0,0.013809680395834086,0.29765957278730515,0.24278904579290222,0.0755620222363408,0.03364002660375125,0.23081607725394665,6.610696135189607e-05,6.610696135189607e-05,0.02893654210278753,0.4115484915244016,0.17860993081634027,0.23601085511643138,0.0,0.08190526964727483,0.16167047520706904,0.0,0.209398315087266,0.24565248642524848,0.8473855572749937,0.8060433558595294,0.00855870746003954,0.3169572570117869,0.0,0.07125282171360414,0.00010696331036034353,0.009566680396408789,0.0019193787254996335,6.610696135189607e-05,0.2796545189736368,0.17565345155843798,0.015367619069403413,6.610696135189607e-05,0.930900075513929,0.08852473541587917,0.41898789870684766,0.8928348871221452,0.68431709608374,0.4950538506958588,0.43857982977358495,0.13321071949331562,0.13534635883968088,0.0,0.0,0.0,0.0,0.0
6.610696135189607e-05,0.018328026103097538,0.004285246751716208,0.0017290433868107674,6.610696135189607e-05,0.9999643459393096,0.12393799895410215,0.025883528146109155,0.013967322715129796,0.9999371000554116,0.0,0.1706084022505658,3.3604075119452e-05,0.029214712699913062,0.08452273678370714,0.5003838895359236,0.037554893091113,0.1757172254333841,0.14318676950329248,0.17095460674612073,0.9914438678247094,0.472956254735141,1.0,0.016563197084531266,0.6945440637076735,0.008548739532172214,0.0015344646151826155,0.012161049021370303,0.9999338930386481,0.13729122553136744,0.2603481864736347,0.23008736236758123,0.32916202775064046,0.7318320495784166,0.17367333286826012,0.1069936664136354,0.20327685874487372,0.2606004575007905,0.06013068648747017,0.6179689148566949,0.4422934988539528,0.009311259733170341,0.022844966096662537,0.0,0.21014825194358486,0.0,0.01383494585868026,0.2974907450389985,0.2425512661008495,0.075516318542348,0.03362818543644585,0.2325381594017037,6.610696135189607e-05,6.610696135189607e-05,0.028879837999072514,0.4118793756115594,0.17900005819683712,0.23723402464711854,0.0,0.08231123805573588,0.1635513805349995,0.0,0.21015319545686834,0.24595802789673427,0.8475019707635372,0.8062004271572167,0.008556132175290622,0.31689549332127404,0.0,0.07100349255313107,0.00010696331036034353,0.009470262726039095,0.0018363982634760575,6.610696135189607e-05,0.27914753001168663,0.17511968974775405,0.015656872772625025,6.610696135189607e-05,0.934528956697728,0.08916789222474622,0.4184842402340555,0.8929727295112452,0.6851971904994774,0.4913254251805029,0.4394854239766061,0.13432299659532365,0.13603124781592876,0.0,0.0,0.0,0.0,0.0
6.610696135189607e-05,0.018327180913956825,0.004286603952813903,0.0017331311599085312,6.610696135189607e-05,0.9999644138613465,0.12399444815116725,0.025884666774541966,0.01401193439920135,0.9999370970179169,0.0,0.17070244403238535,3.091925972518232e-05,0.02829075529968193,0.0880147287352109,0.4994017631447355,0.03711797359362512,0.17551469768523512,0.14316127704298326,0.17096850333240973,0.991447466438291,0.4731415436307664,1.0,0.016506508552612858,0.6975909600439847,0.008471808696836473,0.0015076965926896185,0.012153385479848322,0.9999338930386481,0.13722867072259376,0.2606428533792026,0.2305738102116957,0.3285180930136876,0.7308152376411917,0.17288314349482503,0.10686080901737478,0.20294796106761528,0.25904441141439394,0.0602184873937001,0.6165936922411354,0.441535949532443,0.009216504412615704,0.02267424819885442,0.0,0.21000305449996715,0.0,0.013861910478837813,0.2973253534621934,0.24230482766992012,0.07548168733801916,0.0336150060831248,0.23438333561204414,6.610696135189607e-05,6.610696135189607e-05,0.02882512371871178,0.4122012057651417,0.17939778426167818,0.23846267128341003,0.0,0.08271169631169557,0.16543232037365788,0.0,0.2109092815515941,0.246264910820706,0.847622218544401,0.8063572484687358,0.008552533561709076,0.3168554018692664,0.0,0.07075835231361663,0.00010696331036034353,0.009377763154496167,0.0017648518377679709,6.610696135189607e-05,0.27861437993197113,0.17463849145975624,0.015912573785236722,6.610696135189607e-05,0.9380004329409507,0.08978697809713006,0.41795174118937956,0.8931082717229001,0.6860495873210072,0.4875085394767374,0.4403797494615644,0.1353790526136454,0.13668444196161594,0.0,0.0,0.0,0.0,0.0
6.610696135189607e-05,0.018326569300479722,0.004287869310945462,0.0017372651390309467,6.610696135189607e-05,0.9999644748733156,0.12404801747135746,0.025885266650108527,0.014048308633140752,0.9999370942984266,0.0,0.1707932020949617,2.8419473075818662e-05,0.027394185074094222,0.0915043173879128,0.49843540151026444,0.03669871633868458,0.1753233633138049,0.14313183700432494,0.17097791072248442,0.9914521938849105,0.4733202854664861,1.0,0.016435357751642933,0.7005546717537513,0.008391330343729167,0.0014990057942208754,0.012145271746200762,0.9999338930386481,0.13717853374116004,0.26085153546701945,0.2309708324859273,0.32790323892009565,0.7298138952898247,0.1721227926977742,0.10674568957004922,0.2026325381729865,0.2575456989407187,0.06030670923667475,0.6152566063156419,0.44081745449738624,0.009123143101085508,0.02250824795166481,0.0,0.20984571631497798,0.0,0.013886074005141842,0.29717108449236285,0.242057821593066,0.07544814061757787,0.033602111295871546,0.23603464414146907,6.610696135189607e-05,6.610696135189607e-05,0.028784041174650978,0.41251376638859094,0.17981570950077894,0.23965870463812994,0.0,0.08310596624097534,0.16725157995957876,0.0,0.21167335192187361,0.24657207884544444,0.8477450198945895,0.8065138413258508,0.008547806115089535,0.316833998218536,0.0,0.07051686106343463,0.00010696331036034353,0.009289182655606004,0.0017059305443771376,6.610696135189607e-05,0.27804848537851473,0.17419974995421153,0.016121379575632148,6.610696135189607e-05,0.9412859558202912,0.09037039520939642,0.41742530056913424,0.893225890956875,0.6868673105119439,0.48369840371178985,0.44125788925306086,0.13637132542379987,0.13728710334336441,0.0,0.0,0.0,0.0,0.0
6.610696135189607e-05,0.018325979655255963,0.004289080499404425,0.0017410771173504995,6.610696135189607e-05,0.9999645404122326,0.12409723467850924,0.02588722731871055,0.014078062305130468,0.9999370923289077,0.0,0.1708795015714248,2.6095543271585104e-05,0.026524318738706146,0.0949781563420783,0.4974853556727027,0.0362973142025988,0.17514620807981335,0.1430995509796672,0.17098384511298503,0.9914577686015548,0.47349208701879136,1.0,0.01638767842700456,0.7034434674406892,0.008304873856707388,0.001481306690657062,0.012137129720724954,0.9999338930386481,0.13713367197854792,0.26108970361490874,0.23140836984670904,0.3273072147718691,0.7288519435901143,0.17138361713391007,0.10663047143595199,0.2023218958718211,0.2560988553911694,0.060393392318455946,0.6139675739836279,0.44011859569061995,0.009030980158381155,0.022347481678619413,0.0,0.20968556468312569,0.0,0.013910597565277578,0.2970216895802671,0.24183065813224255,0.07540319215972996,0.0335877821206281,0.2376563208067505,6.610696135189607e-05,6.610696135189607e-05,0.028744520362926962,0.41281232936308176,0.18021773937799587,0.24079639485768303,0.0,0.08349284468071945,0.16894417248016771,0.0,0.21241301440670537,0.24687517526316213,0.8478694688619517,0.8066686732083955,0.008542231398445205,0.316822348298083,0.0,0.07029472752304719,0.00010696331036034353,0.009237975311058197,0.001650351881358985,6.610696135189607e-05,0.27752741627062794,0.1736553296159605,0.016314991166950284,6.610696135189607e-05,0.9442282725234147,0.09093031703188983,0.41694048643698217,0.8933434330207765,0.6876609407087533,0.4799788157865846,0.44212125200884145,0.13732209740706786,0.1378600209664045,0.0,0.0,0.0,0.0,0.0
6.610696135189607e-05,0.018325496485094756,0.004289815973178961,0.0017448350026605796,6.610696135189607e-05,0.9999645988955252,0.12414214977876553,0.02589285402258486,0.014137292686628321,0.9999370887485461,0.0,0.17096783029850537,2.3942349458893015e-05,0.025682791244440704,0.09842914892023345,0.4965852341546992,0.03591481685120624,0.17498485327128988,0.1430648718931731,0.17098629906799823,0.9914639320773204,0.47365698600310746,1.0,0.016334808442974403,0.7062500501180614,0.008214756705164233,0.0014507712803802223,0.01212904279049842,0.9999338930386481,0.13709793254076696,0.26138844553517593,0.23189700161388604,0.32674725821941053,0.7279228312657399,0.17067791111996405,0.10653041572835358,0.20202641107536184,0.25472805994373743,0.06048057204395446,0.6127280320068921,0.43945119918836595,0.008939863958393404,0.022190365367904696,0.0,0.20951712412222312,0.0,0.013931505077341306,0.2969010863048346,0.2415990512731798,0.07536362846316443,0.03357505134029877,0.2392879641182646,6.610696135189607e-05,6.610696135189607e-05,0.02871061848205319,0.41309716227958304,0.18061175796514015,0.24184464627324193,0.0,0.08383307586548253,0.1705079903888143,0.0,0.21314011845865363,0.24716239746162197,0.8479952641484335,0.806823335564097,0.008536067922679559,0.3168258898746694,0.0,0.07008372755627565,0.00010696331036034353,0.009178295051418137,0.0016025706395062331,6.610696135189607e-05,0.2770445606341584,0.1732196169673413,0.016472172799531497,6.610696135189607e-05,0.947000630161355,0.09146541076911992,0.4165096123082887,0.8934456419221876,0.6884577218147149,0.47633480074721485,0.44293419380134647,0.138217032683248,0.13840155007872232,0.0,0.0,0.0,0.0,0.0
6.610696135189607e-05,0.01832475764807806,0.0042906476277477104,0.001748516748056787,6.610696135189607e-05,0.9999646575962087,0.12418532858574304,0.02589884394071848,0.014182303319866366,0.9999370869835068,0.0,0.1710498693057714,2.1948910150004588e-05,0.024867673125433185,0.10184040453652539,0.4957200756743452,0.035550838293882434,0.17483715693575702,0.14302997126997416,0.17098710505547177,0.9914701717847603,0.4738173206564412,1.0,0.01628123907201625,0.708961159224311,0.008123130260010625,0.001464350887550844,0.01212027705930037,0.9999338930386481,0.1370768270315095,0.2615170663287395,0.23218598306684538,0.3261913287316311,0.7269954362540432,0.1700071839565019,0.10643247299794054,0.20174814402946836,0.25341870526355276,0.06056655583852644,0.6115078476698156,0.43880736834395784,0.008849368662968475,0.02203549139763441,0.0,0.20933976078828545,0.0,0.01395153539315521,0.2967912543116794,0.24137092097591314,0.07532842946419416,0.03356306570014357,0.24080670377735625,6.610696135189607e-05,6.610696135189607e-05,0.02868568463663411,0.41336789204543173,0.18102395692341808,0.24282160374634204,0.0,0.084152014429924,0.17194389611045535,0.0,0.21386921260099184,0.24744107724103362,0.8481206600670573,0.8069774035468938,0.008529828215239725,0.31684291855527336,0.0,0.0698879510217215,0.00010696331036034353,0.00911689167506527,0.0015487818380906624,6.610696135189607e-05,0.2766095427787731,0.17282846452675457,0.01662212351540582,6.610696135189607e-05,0.949672760463944,0.09198060682253874,0.41612134299138465,0.8935455780919095,0.6892321684151745,0.47279699408946657,0.4437133684871284,0.13907210143531024,0.13891439747925147,0.0,0.0,0.0,0.0,0.0
6.610696135189607e-05,0.018324441094151198,0.004291586231708284,0.001752033789008629,6.610696135189607e-05,0.9999647174960218,0.1242227049665052,0.025904970423839453,0.014215676611300077,0.9999370848410826,0.0,0.1711252077878347,2.010519502755193e-05,0.024077855863735037,0.1051994002452978,0.49488391054363573,0.03520305542760769,0.17470046140946832,0.14299527085501448,0.17098684362108862,0.9914764530047239,0.4739723580821975,1.0,0.01622872106803631,0.71161208903811,0.008023531106565611,0.0014729548599708969,0.01211199667580763,0.9999338930386481,0.13705615173034819,0.2616745565741973,0.23250123843605733,0.32566943116065816,0.7261469138875875,0.1693678138637668,0.10633394270136187,0.20147851386579005,0.2521996065363879,0.0606493162180056,0.6103647671548141,0.43817607471884085,0.008759391116640598,0.021884077951298327,0.0,0.20916606111310668,0.0,0.013972043477166284,0.29667508630920864,0.24117732155583582,0.07527836758897573,0.03354808398552631,0.24230195526653467,6.610696135189607e-05,6.610696135189607e-05,0.02864059150734995,0.413626684241437,0.18137800001297197,0.24376939149013815,0.0,0.0844622188646835,0.17330178224414605,0.0,0.2145477082685824,0.2477171704623926,0.8482453380283449,0.8071290784276131,0.008523546995276155,0.3168615808046958,0.0,0.0697014711699492,0.00010696331036034353,0.009056728394011303,0.0014968855266504107,6.610696135189607e-05,0.2762055819729329,0.17247252979288,0.016791615889198405,6.610696135189607e-05,0.9521955018779819,0.09247508609944055,0.4157375868582604,0.8936459521036105,0.6899814114057914,0.4692992109741683,0.44446677323835876,0.13988446914899577,0.13940629340929822,0.0,0.0,0.0,0.0,0.0
6.610696135189607e-05,0.018324184750406237,0.004292280981353428,0.0017556265132546453,6.610696135189607e-05,0.9999647720440464,0.12425329367000833,0.025912959665168076,0.014245325392629994,0.9999370825228819,0.0,0.17119602420205857,1.840156091647199e-05,0.02331228969130983,0.1084990732049489,0.4940715028669947,0.034871586634592874,0.1745722502048868,0.14296086443978587,0.17098545304583254,0.991482918557685,0.47412174913625926,1.0,0.016177813505549855,0.7141933152189036,0.007921599196253962,0.0014247216497861638,0.012105144431087555,0.9999338930386481,0.1370330929158462,0.2620718839042301,0.23309717439347455,0.3252023335417867,0.7253432429792016,0.16875347305556176,0.10623698211936701,0.20121904342932845,0.2510507013932854,0.06072717797367172,0.6092769023427093,0.43755395807510084,0.008670234186089625,0.021736481262230118,0.0,0.20899310219487294,0.0,0.013992376058554301,0.29655853170739055,0.2409946739289637,0.07522967494294562,0.03353470084191289,0.24374155911496337,6.610696135189607e-05,6.610696135189607e-05,0.02859358864640763,0.41387542837209534,0.18170310317593102,0.24468960775798854,0.0,0.08476502324523465,0.17458069524656464,0.0,0.21519031437582836,0.24799787044364147,0.8483689013741246,0.8072780656919373,0.008517081442315022,0.31688514866886774,0.0,0.06952460795059667,0.00010696331036034353,0.008997794366469919,0.0014684787356981962,6.610696135189607e-05,0.2758127395208642,0.1721539444803651,0.01688390591715276,6.610696135189607e-05,0.9544485502188347,0.0929536538448674,0.41536089498439116,0.8937446163197166,0.6907036436341271,0.465869530155201,0.44520131915933364,0.14066119664686952,0.139875921276371,0.0,0.0,0.0,0.0,0.0
6.610696135189607e-05,0.018323630188818683,0.004292808461940277,0.0017589327136412595,6.610696135189607e-05,0.9999648241219111,0.1242835313010159,0.025922269790824726,0.01427506866187473,0.9999370813260409,0.0,0.17126143434524757,1.6830048527955088e-05,0.02257137263948216,0.11172640104564487,0.4932909089100858,0.034556760645988845,0.17445377041901416,0.14292720837583145,0.1709834429486812,0.9914895960028897,0.4742645811035771,1.0,0.016128397795855426,0.7166694539261964,0.0078251017399217,0.0014026796651609762,0.01209743892811604,0.9999338930386481,0.13702468052870642,0.26236130613632086,0.23358622897766299,0.32473731711088266,0.724489149266938,0.16816797646694726,0.10614579382040072,0.20097542950728361,0.24993521493414406,0.06080454822330568,0.6081724949530094,0.43695736174832217,0.00858215245622198,0.021591301005181952,0.0,0.20881252788934973,0.0,0.014010006085221002,0.29646708330923977,0.24079358689380578,0.07519808740491979,0.03352604829908434,0.24494701833856997,6.610696135189607e-05,6.610696135189607e-05,0.028582537821315212,0.41410855321430406,0.18209791184736446,0.2455249902948323,0.0,0.08505684220656613,0.1756905441192024,0.0,0.21585705242977588,0.24827560753471403,0.8484906391679465,0.8074252560461369,0.00851040399711039,0.3169228910070731,0.0,0.06936487820353389,0.00010696331036034353,0.008907912427184804,0.0014049437229491635,6.610696135189607e-05,0.2755095900493233,0.17195196220866144,0.01711924906044869,6.610696135189607e-05,0.9569428431010416,0.09341293888569763,0.4150455988929728,0.8938373761310713,0.6913963556466681,0.4626478399010086,0.4459045428666085,0.1414136919712259,0.14031326029794963,0.0,0.0,0.0,0.0,0.0
6.610696135189607e-05,0.018323504318580913,0.004293905770490999,0.0017624681980163645,6.610696135189607e-05,0.9999648782741943,0.1243123184619477,0.025928048437610488,0.014296768777098925,0.9999370778548154,0.0,0.17131603143589977,1.537888715988517e-05,0.021851775861109864,0.11486458712131446,0.4925028612047827,0.03425265036793259,0.17433995603015226,0.1428948247933866,0.17098149892058206,0.9914961469104338,0.47440153594389944,1.0,0.01607788829148212,0.7190880374882805,0.007724777842203498,0.0013827219715752612,0.012089133870767288,0.9999338930386481,0.13701827307177092,0.2626274380627436,0.2340200020110319,0.32429069329524424,0.7236450474498768,0.1676114205906057,0.10605158960225426,0.20073288033216796,0.24889089519365665,0.060877057118053766,0.6070923968095,0.4363726705150557,0.008494752241538726,0.021448428841499865,0.0,0.20863388043450856,0.0,0.014031006841945678,0.2963562475672148,0.24060028068354378,0.07516992956605914,0.033511546537851926,0.24614062867791,6.610696135189607e-05,6.610696135189607e-05,0.028557836306890176,0.41433804226918375,0.18250835488254144,0.2464303434322215,0.0,0.0853827448494366,0.17689114995223368,0.0,0.21653088662156977,0.24856424632498553,0.8486104229650746,0.8075700722379181,0.008503853089566265,0.316964583621592,0.0,0.06919725558910976,0.00010696331036034353,0.00883434860236437,0.0013502505466337507,6.610696135189607e-05,0.2751233189692953,0.171732717649666,0.01733539386359518,6.610696135189607e-05,0.9593487938457572,0.09384659766758185,0.4146422045412731,0.8939330315105859,0.6920325989572855,0.45935336773279517,0.4466200816771635,0.14212406620099768,0.1407231271298066,0.0,0.0,0.0,0.0,0.0
6.610696135189607e-05,0.018323557780329392,0.004294835955892662,0.0017657806746991848,6.610696135189607e-05,0.9999649301137817,0.12434043278455387,0.025932662064372277,0.014315713209591317,0.9999370753564737,0.0,0.17137247877207304,1.404083106136188e-05,0.021153492581942403,0.1179208108163101,0.4917180187720815,0.03395971614527665,0.1742319524961514,0.14286167202570654,0.17097805992655243,0.9915028364860425,0.47453372637623836,1.0,0.016029581909180017,0.7214412345471702,0.007618433811594001,0.0013639882011114144,0.012080963352892613,0.9999338930386481,0.1370165469857365,0.2628715047115731,0.23446527868559283,0.3238619277533064,0.7228171753919428,0.16706337682749176,0.10596242840132149,0.20048880381113005,0.24787216210815827,0.06094697409732292,0.6060410658945671,0.43580587692870165,0.008408373004348338,0.021308924173798753,0.0,0.20845965359616284,0.0,0.014052928856128567,0.29625172625605084,0.24040980954143026,0.07513931081616543,0.03349791201055573,0.2474206616446367,6.610696135189607e-05,6.610696135189607e-05,0.028533115328688897,0.41456022906310963,0.1829210882842,0.2473329212011447,0.0,0.08570925297794574,0.17808448751893083,0.0,0.21719926228446085,0.24884878924047743,0.8487299549699451,0.8077130158996488,0.008497163513957455,0.3170066200275988,0.0,0.06903470862279511,0.00010696331036034353,0.008768902515514777,0.0012989944019142225,6.610696135189607e-05,0.27472873991689994,0.17149471109205702,0.017529182903503526,6.610696135189607e-05,0.9616640446664866,0.09426173632385726,0.4142312231992905,0.8940235307676172,0.6926484506289818,0.45612253955660076,0.4473350071305956,0.14279995567569545,0.14111338133466947,0.0,0.0,0.0,0.0,0.0
6.610696135189607e-05,0.018323634951037965,0.004295660470653278,0.0017689229610255352,6.610696135189607e-05,0.9999649803469851,0.1243687211320272,0.025937734742620146,0.014332430844473193,0.9999370730326997,0.0,0.1714331846758984,1.2808957429780172e-05,0.020476313991758803,0.12089226742541727,0.4909463506113247,0.03367810015592614,0.17413038952309132,0.14282799784237307,0.17097333049915847,0.991509554174255,0.47466114690571604,1.0,0.01598338838562299,0.7237293322685443,0.007507739405452503,0.001345530979658579,0.012072444142377797,0.9999338930386481,0.13702031488700075,0.263108283932892,0.23491902253613023,0.32344979604893587,0.7220068048426693,0.16652315471372678,0.10587799395910143,0.2002477956983247,0.2468779618560186,0.06101600010178158,0.6050170829581767,0.4352548460720767,0.008322840346012857,0.021172377695342855,0.0,0.20828799103845694,0.0,0.014074797080615745,0.2961543168183726,0.24022347503240035,0.07510876303575488,0.03348462469253091,0.24873980879359958,6.610696135189607e-05,6.610696135189607e-05,0.028508967700243353,0.4147747535697254,0.1833329309778911,0.2482163626867582,0.0,0.08602724891829387,0.1792470515244764,0.0,0.21786109869129958,0.24912786327824815,0.8488491618116141,0.8078542918054987,0.008490445825744932,0.3170508620558271,0.0,0.06887770943972427,0.00010696331036034353,0.00870928197955016,0.001254052056306226,6.610696135189607e-05,0.27433889790010696,0.17125182916044865,0.01768986500948251,6.610696135189607e-05,0.9638564747606031,0.0946602641794396,0.41382729792361667,0.8941091970834688,0.6932486413916226,0.4529827191940877,0.44803764928689377,0.14344371819459745,0.1414869011265839,0.0,0.0,0.0,0.0,0.0
6.610696135189607e-05,0.018323703404548405,0.0042964176498683,0.001771840303600307,6.610696135189607e-05,0.999965029014184,0.12439703182102953,0.025943575447771376,0.014347517051625767,0.9999370710840468,0.0,0.171497520798744,1.1676430215356164e-05,0.01981993676396632,0.12377329655706523,0.49019410513756223,0.03340779390815121,0.1740351107662653,0.14279434190402512,0.17096780978556844,0.9915162247977428,0.47478378320048975,1.0,0.015939392077769083,0.7259530357219486,0.007393445236156798,0.0013280081027394592,0.01206361689034472,0.9999338930386481,0.13703009016546622,0.2633381343783221,0.23537717466000835,0.3230528956411336,0.7212147003828405,0.16599383306493534,0.10579792350570608,0.2000133462656537,0.24591285908980165,0.061084988450037764,0.6040194407998497,0.43471980125409837,0.0082380554255121,0.021038491113404115,0.0,0.20811833638078084,0.0,0.014129179331455523,0.2960704831816611,0.2400482480115369,0.07507893324990857,0.033472769600221296,0.250004299656328,6.610696135189607e-05,6.610696135189607e-05,0.028487262053890298,0.41494558313411095,0.1837427671098401,0.24906480787305701,0.0,0.08633318050616245,0.18034837172834559,0.0,0.21851389214500902,0.24940087501333724,0.8489676026704628,0.8079936991010275,0.008483775202257224,0.3170978804187295,0.0,0.06872823367055304,0.00010696331036034353,0.00865449462756092,0.0012195746239813576,6.610696135189607e-05,0.27395243390711516,0.1710102556368418,0.01780745324845856,6.610696135189607e-05,0.9658916792255077,0.09504253250731942,0.41344383826326353,0.8941904000640786,0.6938335364642175,0.4499654726247875,0.44872090641240003,0.14405887314699006,0.14184421296629907,0.0,0.0,0.0,0.0,0.0
6.610696135189607e-05,0.018324313170405147,0.004297252717670998,0.0017745201087774906,6.610696135189607e-05,0.9999650583047769,0.12442914280494605,0.02595157653146316,0.01436202962234839,0.9999370697177489,0.0,0.17156521682565956,1.0636823861632926e-05,0.019184436141567857,0.12655667043440677,0.4894694565498222,0.03314913517170054,0.17394812524448666,0.14276390309370982,0.17096461888311554,0.9915235720371816,0.47490636337981845,1.0,0.015890932151302252,0.7281119665088689,0.007276179551145756,0.0013098926597928915,0.012054159863390394,0.9999338930386481,0.13704551331630616,0.2635623037181364,0.23583377412370893,0.3226750601781756,0.7204425982536546,0.16547815333587182,0.10572226446226912,0.1997902963564951,0.24498983326801635,0.0611539388865675,0.6030501549239748,0.43420517003104175,0.008153847731050406,0.02090805022058002,0.0,0.20795220602846332,0.0,0.014158915788547909,0.29600485624178224,0.2398917691026547,0.07504907254099265,0.033463030462187536,0.25141813179340683,6.610696135189607e-05,6.610696135189607e-05,0.028469070315984668,0.41511214404809177,0.18416055973955736,0.24987646141641856,0.0,0.08662615291399385,0.181350960984885,0.0,0.21915886210246005,0.2496704987988976,0.8490822491752398,0.8081273308963045,0.00847642796281847,0.3171414305917182,0.0,0.0685825981409136,0.00010696331036034353,0.00860306312057337,0.0011862412896422275,6.610696135189607e-05,0.2736005931234383,0.17074670613332643,0.01791597291431647,6.610696135189607e-05,0.9678007950575324,0.09539684200678797,0.41308016842205003,0.8942670987138692,0.6943991145879432,0.44710253531269195,0.4493766045636103,0.14464184780186456,0.14217620592557395,0.0,0.0,0.0,0.0,0.0
6.610696135189607e-05,0.018324701050170693,0.004298026909473011,0.0017770909235246676,6.610696135189607e-05,0.9999650989780855,0.12445871966169166,0.025960435872497006,0.014375370766820666,0.9999370685395061,0.0,0.1716327798447817,9.683160087454723e-06,0.018568693981550526,0.1292325490679569,0.4887645926744667,0.03290162449164841,0.1738683236860707,0.1427364762680151,0.17096311962780095,0.9915310025451796,0.47502531317321783,1.0,0.01584596081500928,0.7302012466869682,0.007155113008728562,0.0012922541202064393,0.012044501681788153,0.9999338930386481,0.1370658092948127,0.26379063980128464,0.23630470929233074,0.32231282535086453,0.7196825635434106,0.16497804420849943,0.10564581248350177,0.1995731428799466,0.24410929199338396,0.06122167167141885,0.6020995324143495,0.43369787951770816,0.008070248433000882,0.02078042911564866,0.0,0.20778862117051342,0.0,0.014182248476929466,0.29594716730483467,0.2397426101208188,0.07502055137563654,0.03345401114688564,0.2527218096060587,6.610696135189607e-05,6.610696135189607e-05,0.028452984832694615,0.41527329304076777,0.18457749592557524,0.25064012416814146,0.0,0.08690455027919976,0.18227121111790617,0.0,0.2197914109304907,0.24993342181960937,0.849193275298984,0.8082564512565504,0.008468997454820416,0.31718606565626867,0.0,0.06844584978184602,0.00010696331036034353,0.008555979384512193,0.0011529079563088946,6.610696135189607e-05,0.2732992318884363,0.17049435167216398,0.01802582034481778,6.610696135189607e-05,0.969614992966836,0.09573994053101409,0.4127490517785773,0.8943445043564108,0.6949536128593031,0.4443869478207529,0.4500137356541144,0.14520743216351137,0.1425003749766118,0.0,0.0,0.0,0.0,0.0
6.610696135189607e-05,0.0183250142791676,0.004298766547909467,0.001779591451154235,6.610696135189607e-05,0.9999651399762064,0.12448623083222068,0.025969291327779122,0.014387479010090602,0.9999370672558262,0.0,0.1716985559663346,8.809326246593207e-06,0.01797224919338697,0.13179671395615566,0.4880826538270658,0.03266406114314949,0.17379301331849495,0.14271138725039204,0.17096257237327359,0.9915382570436073,0.4751393779044029,1.0,0.01580392629765321,0.7322295415749775,0.007033459477423853,0.001275323771411955,0.012034838848873134,0.9999338930386481,0.13708684067196253,0.26401822534788166,0.23677348198488557,0.32196403789856837,0.7189374344834708,0.16449808627559978,0.10557177086251607,0.19936404420324472,0.24327721043676506,0.061288150234015036,0.6011722263487254,0.4332007561326661,0.007987264439271068,0.02065528196446194,0.0,0.20762722142470394,0.0,0.014202921734962522,0.29589737733738286,0.2395990521313497,0.07499341069171338,0.03344525038954239,0.2539129519724453,6.610696135189607e-05,6.610696135189607e-05,0.02843662940521881,0.4154281925429279,0.18498968923902115,0.2513630932376275,0.0,0.08716795997913629,0.18313016070988447,0.0,0.2204112966926214,0.2501902510996878,0.8493013483103369,0.8083821456622645,0.00846174295639267,0.3172334006708932,0.0,0.06831355233472995,0.00010696331036034353,0.00851278851867948,0.00109916605700866,6.610696135189607e-05,0.27302450234961795,0.1702592826894787,0.01824424901183488,6.610696135189607e-05,0.9714794547221659,0.096072876277508,0.4124402645204381,0.8944194198112373,0.695495746624232,0.4417959148971948,0.45062919593891915,0.1457524158155038,0.14281597944915114,0.0,0.0,0.0,0.0,0.0
6.610696135189607e-05,0.018325321822893943,0.004299511303301995,0.001782447964584514,6.610696135189607e-05,0.9999651792966808,0.12451227144098691,0.025976401786933376,0.014397823088137996,0.9999370645057756,0.0,0.1717632704100185,8.008784387772754e-06,0.017393343155702092,0.13425276442367465,0.4874090816098529,0.03243470563341037,0.17371742251224176,0.14268850986011924,0.1709629666393523,0.9915452519554694,0.4752492351548465,1.0,0.01576347856715738,0.7342073971373096,0.00690889627922466,0.0012598469307420197,0.012025337304054572,0.9999338930386481,0.13711212913298448,0.2642417757499306,0.23722849377009553,0.3216273480858732,0.7182049521093474,0.16403725651944312,0.10549945896591824,0.19916207004679773,0.24249143653677155,0.061350895854245566,0.6002672210418404,0.4327123124039553,0.007904871966094639,0.020532342049385973,0.0,0.20746743910416243,0.0,0.014225198086448395,0.29584769617063494,0.23944773701096012,0.07497599550641454,0.03343563327666302,0.25524310904589304,6.610696135189607e-05,6.610696135189607e-05,0.028410713812337212,0.41558235499208723,0.18539339218384174,0.2521051064519263,0.0,0.08741581179726593,0.18405754951089254,0.0,0.22103163904440434,0.2504407111479808,0.8494066181737862,0.8085046913112617,0.008454748044530653,0.3172833257409911,0.0,0.06817633163943791,0.00010696331036034353,0.008472156995255877,0.0010598656335216949,6.610696135189607e-05,0.27270955373635575,0.17007073979361795,0.018388870126686264,6.610696135189607e-05,0.973241409212697,0.09640165570681092,0.41209436661861215,0.8944925322496939,0.6960287750002342,0.43919824952866127,0.4512400225359015,0.14626643428034491,0.14312955393582213,0.0,0.0,0.0,0.0,0.0
6.610696135189607e-05,0.01832568399075545,0.004300287606915318,0.001784984836685988,6.610696135189607e-05,0.9999652167520127,0.12453944041333224,0.025981902470098562,0.014408957604919963,0.9999370629541317,0.0,0.17182921491646574,7.276097898998535e-06,0.016831475604978014,0.13660714376836117,0.4867463660547865,0.03221395575647387,0.17364088118936472,0.14266744517694174,0.17096441574454643,0.9915521052597824,0.475357125282679,1.0,0.015725785322752414,0.7361347454546164,0.00679393972968082,0.0012609808002618406,0.012015848931377282,0.9999338930386481,0.13712495856370313,0.26436865515766184,0.23760504871849392,0.32129606212187634,0.7174918839932116,0.1635872125573197,0.10543273548444142,0.19896983855751912,0.24172301079750663,0.06141280387139245,0.5993863648400923,0.43224228744852733,0.007823090374979963,0.020411674069391723,0.0,0.2073101333796031,0.0,0.014246210118277577,0.2958028208145714,0.23930442678933356,0.07495416903925185,0.0334272577024205,0.25649702781170663,6.610696135189607e-05,6.610696135189607e-05,0.02838763646412065,0.41573161822718024,0.18578586623824964,0.2528132756820992,0.0,0.08764892696451312,0.1849404179869675,0.0,0.22164073860246356,0.2506825078512105,0.8495094644480783,0.8086239101860618,0.008447894740217617,0.317332741337718,0.0,0.06804451160231532,0.00010696331036034353,0.008433827392939958,0.0010241499186118713,6.610696135189607e-05,0.27240484695709366,0.1698777842147018,0.018511127703240395,6.610696135189607e-05,0.97492862586132,0.0967222497685387,0.4117702968441153,0.8945599884176596,0.6965497588729898,0.43672942744716475,0.45184083007382103,0.14675894080097018,0.14343432351089752,0.0,0.0,0.0,0.0,0.0
6.610696135189607e-05,0.018326154659180704,0.0043343706070663336,0.001787271259231364,6.610696135189607e-05,0.9999652443850221,0.12448051036890816,0.025981973499897087,0.014418902128211585,0.9999369444416083,0.0,0.17189474150499848,6.6062697964861e-06,0.01628645096524494,0.13885703831230656,0.4860998562657491,0.03200182830831382,0.17356542383670404,0.14264793157683542,0.17096663257966857,0.9915587167351351,0.47546295092889534,1.0,0.01569071603516237,0.7380212989659717,0.006678503206720967,0.0012601677008955703,0.012006507046490126,0.9999338930386481,0.13713518547963635,0.26450229208203,0.23796220950067282,0.32098159584813546,0.7168254993475629,0.16315018085131172,0.10536915802057151,0.1987852601786704,0.2409899193580813,0.061473390906832646,0.5985490673920991,0.43178559946776607,0.007741868600890734,0.02029348721651576,0.0,0.20715749595813088,0.0,0.014266415404027833,0.29575887282093166,0.23917801153206944,0.07492504159083255,0.03341821798344138,0.2576621144726908,6.610696135189607e-05,6.610696135189607e-05,0.028358384341026846,0.41587482982784685,0.18614196308526654,0.2534881654745499,0.0,0.08787088890171112,0.18576431579357794,0.0,0.22221764739735406,0.25091889139723195,0.8496101998222739,0.8087398802038157,0.008441283264864922,0.3173795531129738,0.0,0.06795069857296146,0.00010696331036034353,0.008397874520158345,0.0009940571441466898,6.610696135189607e-05,0.272093520327745,0.16968178530717215,0.01861052174673857,6.610696135189607e-05,0.9762945593130044,0.0970325375671706,0.41146691216914,0.894624235709632,0.6970573999543735,0.4343887265360342,0.45242675282741823,0.14723145690223302,0.1437300852982979,0.0,0.0,0.0,0.0,0.0
6.610696135189607e-05,0.018325059998821166,0.004347717814053448,0.0017893584721555811,6.610696135189607e-05,0.9999652891800028,0.12447107741093301,0.02598062932407117,0.014424527987799389,0.9999369464023239,0.0,0.17197986268173257,5.994058747702972e-06,0.0157599726118529,0.14100700503892544,0.48545762259049646,0.0317987520882229,0.17353237428602616,0.14264039871252018,0.17098937836930403,0.9915684936648642,0.47565503619842076,1.0,0.01565678470506144,0.7398412211150149,0.006544938844497156,0.0012583396528195747,0.011997477190635953,0.9999338930386481,0.13717772854435303,0.2646755717990346,0.23836837083350204,0.32067857693048996,0.7161943705969706,0.16272873440493874,0.10530628064306106,0.19860976765077157,0.2402935415346265,0.061533411124409805,0.5977478517525839,0.431341019925563,0.007661343583412861,0.020177938229371348,0.0,0.20700996119216786,0.0,0.014285806709266517,0.295765338136483,0.2390382254576292,0.07489941601361008,0.03341353090591201,0.2585616382304988,6.610696135189607e-05,6.610696135189607e-05,0.028327721416966104,0.41601303625294744,0.1864781101486937,0.25410800054427557,0.0,0.08808360795542508,0.18650704063614976,0.0,0.2227674963014665,0.25111623540710865,0.8496982577040669,0.8088326834013246,0.008431506335135812,0.31733500260941133,0.0,0.0678442600413005,0.00010696331036034353,0.008363224850297956,0.0009501341270335784,6.610696135189607e-05,0.2718893160289882,0.1695244818026284,0.0187724120819114,6.610696135189607e-05,0.977697462805401,0.09732751925433573,0.41118340236905315,0.8946877252981913,0.6975466517819504,0.43219241279029824,0.4530089662850937,0.1476858998577267,0.1440103703813022,0.0,0.0,0.0,0.0,0.0
6.610696135189607e-05,0.018325241705214764,0.0043542359869066525,0.0017919892879587095,6.610696135189607e-05,0.999965327513554,0.1244837215138158,0.025979911999954388,0.01443268068646883,0.9999369456720831,0.0,0.17206787089612394,5.434867668332218e-06,0.01524931910746294,0.143052904514031,0.48481621976724676,0.03160336585745839,0.17350263671322758,0.14263845438797904,0.17101612095826377,0.9915777347143113,0.47583389087463585,1.0,0.015623988748483456,0.7416197213455432,0.006410788441253156,0.0012227829848876096,0.011988586582871736,0.9999338930386481,0.13722591774628518,0.264980321140092,0.23892664837431987,0.320405739603256,0.715579279286881,0.16232052770440583,0.10524392839703778,0.19843434459172313,0.23963581621296318,0.06159381584321518,0.59696783887456,0.43090494187715817,0.007580830328482078,0.02006311516986467,0.0,0.20687219266415824,0.0,0.014306702437048084,0.2957565561182041,0.23890867375127933,0.07488120634820174,0.033408497731779736,0.25957078020432844,6.610696135189607e-05,6.610696135189607e-05,0.02828858770056543,0.41615190035267524,0.18680102997521664,0.2547364835537143,0.0,0.08828727061897024,0.1872780449941535,0.0,0.223310561018291,0.25130994556621267,0.8497807152835389,0.8089207638718715,0.00842226528568863,0.31729391646120597,0.0,0.06773148900671912,0.00010696331036034353,0.008332041230241137,0.0009171764820700035,6.610696135189607e-05,0.2716584775449962,0.16940115826515,0.018892962428748442,6.610696135189607e-05,0.9790173968460588,0.0976196907379024,0.4108751178457559,0.8947506367352939,0.6980290656818438,0.4300332342788523,0.4535899643895381,0.14811823424969078,0.1442824758434016,0.0,0.0,0.0,0.0,0.0
6.610696135189607e-05,0.018326016693321345,0.004357916679299241,0.001794624659757453,6.610696135189607e-05,0.9999653616424506,0.12450583617948241,0.02597963954866933,0.014446163274450018,0.999936945012498,0.0,0.1721562570626337,4.9246732717699756e-06,0.014753672880869134,0.14499972123372784,0.4841824461354835,0.03141607132041764,0.17346825133204674,0.14263987030773267,0.1710436207525659,0.9915864911134029,0.47599102231257523,1.0,0.015592413970176057,0.7433384027552022,0.006277230897160584,0.0012195746235175624,0.011978972584628706,0.9999338930386481,0.13728805693599722,0.2651405571334809,0.23932301926231664,0.32012583557055097,0.7149316880870559,0.16192673663262405,0.1051864225432685,0.19826908691556092,0.23898556871197343,0.06165544528704029,0.5961715809123322,0.4304931238058689,0.0075008544911786545,0.01994935534280867,0.0,0.20673799017513667,0.0,0.014326646452868012,0.29574875183759286,0.23876912055262337,0.07487403234105279,0.03340629450970807,0.2605733418248825,6.610696135189607e-05,6.610696135189607e-05,0.028268178128350616,0.4162859183848012,0.18716118363819884,0.2553312826023025,0.0,0.08847631236424802,0.1880116856923229,0.0,0.22387606502236693,0.25149641713580995,0.8498592752010886,0.8090070239046254,0.008413508886597077,0.31727098751228816,0.0,0.06762212775034396,0.00010696331036034353,0.008269775953229724,0.0009030334126466998,6.610696135189607e-05,0.27144753240022423,0.16938414750542752,0.018945976099634845,6.610696135189607e-05,0.9803526210979687,0.09790712827474535,0.4105857237024398,0.8948086527834597,0.6985009278393219,0.42800302436197585,0.45416210857747624,0.1485362827448832,0.14454220772627427,0.0,0.0,0.0,0.0,0.0
6.610696135189607e-05,0.0183273863314663,0.0043608224646164906,0.00179660629247658,6.610696135189607e-05,0.9999653938555925,0.12453011169905123,0.025979639003390346,0.014460449674687062,0.9999369454273219,0.0,0.17223514429914552,4.4593894951183895e-06,0.014272638321791684,0.14683335459954414,0.483550236590133,0.031234940081960576,0.1734303353353936,0.14264270539587331,0.17107026326240815,0.9915947217448138,0.47613133775232336,1.0,0.015562317404858994,0.7450240642216094,0.006138284857068583,0.0011862412896422275,0.01196942857593973,0.9999338930386481,0.1373483065434158,0.2653944661795211,0.2398577606571585,0.31987689250941753,0.7143248929025684,0.16154719226857098,0.10513052247524801,0.19810815705666127,0.2383650581923349,0.06171527751865094,0.5954106311348614,0.4300996755540106,0.007421382275879559,0.019837565891075163,0.0,0.20661196218984448,0.0,0.014343026552060548,0.29571924972381297,0.23867486769902552,0.07484397898674716,0.03340110148679868,0.2611033451344478,6.610696135189607e-05,6.610696135189607e-05,0.02824997575569154,0.4164104714215802,0.18750744131271888,0.2558941234014601,0.0,0.08870344228128156,0.18862281115524887,0.0,0.22440765560896794,0.25169859218703583,0.8499359123282472,0.8090921708465167,0.008405278255186206,0.3172567000578322,0.0,0.06751948217595355,0.00010696331036034353,0.008225102025390093,0.0008871157684104932,6.610696135189607e-05,0.2712521608413013,0.16926364955998,0.019012347822154826,6.610696135189607e-05,0.98160975198043,0.09816766578471277,0.4103235400308234,0.8948650181352569,0.6989157623402655,0.4261787760528722,0.45473448589121607,0.14894677317421018,0.14477139692355995,0.0,0.0,0.0,0.0,0.0
6.610696135189607e-05,0.018328470505355552,0.004362683644106248,0.0017986936396659778,6.610696135189607e-05,0.9999654262837441,0.12455168425654324,0.02598360976260698,0.01447573313179031,0.9999369453086008,0.0,0.17230680142058608,4.035783298568622e-06,0.013806830240033614,0.14855223162049364,0.4829386579196892,0.031060560839488823,0.17339494246332518,0.14264420615917933,0.17109310038689415,0.9916025052001823,0.476255058074457,1.0,0.015533526423392494,0.7466584129843963,0.005999522508448115,0.001186241289642228,0.011959609449442823,0.9999338930386481,0.13741680439728254,0.2655487170604618,0.24022204081593662,0.31961594546340566,0.7136972447620489,0.16118831835327652,0.10507667014812061,0.19794658751783525,0.23778260733022522,0.061774775101818405,0.5946469174909346,0.42971634358403055,0.007342913778819242,0.01972796664803762,0.0,0.2064860518836568,0.0,0.014357983400559972,0.29570465943394075,0.2385660491468935,0.07482756925264464,0.03339753749324849,0.26163128346218295,6.610696135189607e-05,6.610696135189607e-05,0.028246499875040125,0.4165253123443196,0.18788784461853403,0.25641707889237625,0.0,0.0889278616027222,0.1891642887551346,0.0,0.2249446744640423,0.25190306808606533,0.8500128800620014,0.8091789329650683,0.0083974947998177,0.31725889004188623,0.0,0.06742082015737513,0.00010696331036034353,0.008189183105997814,0.000837999907621674,6.610696135189607e-05,0.2710810852132433,0.16911673354217968,0.019170437672594944,6.610696135189607e-05,0.9830323574585957,0.09841491061941711,0.41008780133376116,0.8949192940685808,0.6993187206394089,0.4245008722941466,0.4552865669784924,0.1493478472055343,0.14498564586657897,0.0,0.0,0.0,0.0,0.0
6.610696135189607e-05,0.018329673873078725,0.004364246015730972,0.00180121714910558,6.610696135189607e-05,0.9999654606109212,0.12457322683727293,0.02598602816051391,0.014487359331209688,0.9999369428486586,0.0,0.17237560902127083,3.650189964217051e-06,0.013354807369426335,0.15016946041318133,0.4823357363871495,0.030890672665824948,0.1733582117026281,0.14264485325621246,0.17111318141071225,0.9916097753654379,0.4763682549399747,1.0,0.015538464130274517,0.7482902255942423,0.005857666255216668,0.0011529079563088948,0.011950703774826784,0.9999338930386481,0.13748245477964277,0.2658419318317195,0.24072380888074782,0.3193541489767881,0.7131097594481731,0.1608440625675187,0.10502174445920359,0.19778076764501387,0.23725192100753528,0.06183183872452254,0.5939254870035005,0.429331467315519,0.007265168668787997,0.019620740853483146,0.0,0.2063643220183283,0.0,0.014377580060337302,0.29568130709097606,0.23845779944300363,0.07481395645057606,0.03338952125256179,0.26257724729613036,6.610696135189607e-05,6.610696135189607e-05,0.028214135638691056,0.4166403250979072,0.18822969431147543,0.2569946111043979,0.0,0.08913907688859912,0.18983401211443107,0.0,0.2254676375606608,0.25210328401297366,0.8500899780749995,0.8092660777358046,0.00839022463456205,0.3172674230416969,0.0,0.06730964440828241,0.00010696331036034353,0.008130618755783353,0.000798863274167962,6.610696135189607e-05,0.2708397518825673,0.1691039188682363,0.019314190738247614,6.610696135189607e-05,0.9845446142587843,0.09866054624035148,0.4097857173068126,0.8949746053508322,0.6997253480969607,0.42274460646485235,0.4558324248883279,0.14971620277001382,0.14520703696887904,0.0,0.0,0.0,0.0,0.0
6.610696135189607e-05,0.018330970159743446,0.004365800195780953,0.0018036743637945074,6.610696135189607e-05,0.9999654834560315,0.12459706896615867,0.02598628990662936,0.014501768417260698,0.9999369411275661,0.0,0.1724418775319613,3.299018606344921e-06,0.012915067758408037,0.15169810643117582,0.4817169277356156,0.03072573161534099,0.17331518185648093,0.14264435582872706,0.17113097103263536,0.991616805313858,0.4764771926273845,1.0,0.015529483714805295,0.7498958812569522,0.005719503237780555,0.0011529079558144808,0.01194201816169515,0.9999338930386481,0.13755633563434114,0.26598985411797477,0.24105788258783933,0.3190915629443317,0.712508763114772,0.1605125256267671,0.10498916354518659,0.19762861914431695,0.2367318740266051,0.061889087933806874,0.5932093508654435,0.42898056676099755,0.0071881532841354435,0.019513956989928433,0.0,0.20623384791324612,0.0,0.014393416125447126,0.295650371158881,0.2383389282527574,0.07480858034304629,0.03338406607118463,0.2631489794188345,6.610696135189607e-05,6.610696135189607e-05,0.028199827716897507,0.41676003911411336,0.18861174503881462,0.2576023011630365,0.0,0.08937395192085514,0.19055160313390532,0.0,0.2260194178961329,0.2523183755760658,0.8501674908871375,0.8093550719774362,0.008383194686142046,0.31728895945936925,0.0,0.0672154035305446,0.00010696331036034353,0.00809728542245002,0.0007679048634133805,6.610696135189607e-05,0.27045466904498344,0.16901493316835722,0.019430444878907636,6.610696135189607e-05,0.9857278064372429,0.09887949184641341,0.4094432956782352,0.8950075374362071,0.7000823611764199,0.42101841640831367,0.4563939843305775,0.1500454996230827,0.14538587580645573,0.0,0.0,0.0,0.0,0.0
6.610696135189607e-05,0.01833223750358862,0.004367046993945719,0.0018056265236293361,6.610696135189607e-05,0.9999655204048856,0.12462070461552466,0.02598643225186284,0.014514512911110292,0.9999369406610081,0.0,0.17251958759032765,2.9800018984470764e-06,0.012489028441342781,0.15315544897922087,0.48111898398331704,0.030569319755813222,0.17328175013402705,0.1426421734463161,0.17114666408343643,0.9916235525595679,0.47658281936441094,1.0,0.015517805546593159,0.7514578561097564,0.005577445883805922,0.0011529079558144815,0.011932984513634875,0.9999338930386481,0.13762951119580263,0.26611618894435135,0.24139414869269837,0.3188478887790573,0.7119596138173789,0.1601802736044095,0.10495591793702823,0.19747202388263968,0.2362202649605602,0.06194592671878544,0.5925361787548751,0.4286415325857744,0.007112001065752987,0.019409250116111356,0.0,0.2061076697892999,0.0,0.014408502978806796,0.29562339563291407,0.23823436883599197,0.07478670271717479,0.03337598773758386,0.26389367666060576,6.610696135189607e-05,6.610696135189607e-05,0.02817756810298137,0.4168754110557257,0.18895201435674816,0.25816986111364404,0.0,0.08958992495526565,0.19122230873545298,0.0,0.22653746264536703,0.25252131498697755,0.8502458254879309,0.8094440858004522,0.008376447440432087,0.31730951084628917,0.0,0.06711372192456727,0.00010696331036034353,0.008063952088622274,0.0007331374358574055,6.610696135189607e-05,0.27018192744646463,0.16894806918602895,0.019557886911881203,6.610696135189607e-05,0.9869373082148226,0.09908837182587292,0.40913027769161886,0.8950411020610733,0.7004490227207518,0.41940197732476603,0.45693508929789756,0.15035703884394475,0.14555540229322111,0.0,0.0,0.0,0.0,0.0
6.610696135189607e-05,0.018333288073429512,0.004368093195843129,0.0018076546113588682,6.610696135189607e-05,0.999965548026826,0.12464194286402877,0.02598837495808716,0.014527320029906117,0.999936939590404,0.0,0.1725991069897465,2.6902087922468858e-06,0.012075351821694374,0.15453680323685978,0.4805266067674844,0.030420526239581233,0.1732514487398275,0.14263739271775863,0.17115885292373212,0.9916298396705732,0.4766818806306165,1.0,0.015504341920922551,0.7529791859283397,0.005436173730497201,0.0011195746224811481,0.011924787851152814,0.9999338930386481,0.13769771504039496,0.2663865240830365,0.24189494881475343,0.31863564064540995,0.7114375199754349,0.15985198962135003,0.10492015708243144,0.19731828064053417,0.2357262061014061,0.062001017589594885,0.5918897958760616,0.4283039787647735,0.007036515365220786,0.019306129896363215,0.0,0.20598242423956972,0.0,0.014424240751707392,0.2955920083814075,0.23813114782321268,0.07476624859653475,0.033368075302146985,0.2646735078985984,6.610696135189607e-05,6.610696135189607e-05,0.028150772177520274,0.41699034049509526,0.1892655224972126,0.25872732633083545,0.0,0.08979439066261906,0.19188378043914575,0.0,0.22703377718591206,0.2527216556307108,0.8503260919170206,0.8095350171799046,0.008370160329426815,0.3173356951298138,0.0,0.06701300238882431,0.00010696331036034353,0.008039665799977651,0.0006998041025240723,6.610696135189607e-05,0.26990280731685146,0.16886354605001325,0.01967914595859465,6.610696135189607e-05,0.9880748254100672,0.09929695752735247,0.40882157705806804,0.8950771527087763,0.7008119768751524,0.4178532102225884,0.45747237564292076,0.1506559006984452,0.1457229168646882,0.0,0.0,0.0,0.0,0.0
6.610696135189607e-05,0.018333994945060873,0.004368927022006207,0.0018096976783382845,6.610696135189607e-05,0.9999655744690801,0.12466467128744392,0.02599053260324943,0.014540879287096216,0.999936938445421,0.0,0.17268010203280723,2.4272105286786334e-06,0.011673727497552853,0.15584723149243282,0.4799443759481115,0.0302793564232061,0.173222300368067,0.14263066033772562,0.17116843743122287,0.9916357873095702,0.47677484920903507,1.0,0.015489344023205232,0.7544420892738765,0.005300775246553373,0.001100420940971239,0.011916280737598244,0.9999338930386481,0.13777019277682137,0.2665944047154786,0.24230171919596546,0.31842334971402786,0.7108841248010221,0.15953253458542668,0.1048853421062313,0.19717366015395899,0.23523390907836397,0.06205698212417036,0.5912262903901357,0.4279771297267506,0.0069618206627123464,0.019204025541404126,0.0,0.20585385057152084,0.0,0.014440377614299942,0.29557313653295686,0.23800408638119558,0.07476082998288697,0.03336265626050545,0.2655579770785306,6.610696135189607e-05,6.610696135189607e-05,0.028139018889967324,0.4171027328694175,0.18960704850993063,0.25926048252283457,0.0,0.08997459001360224,0.19253848956104014,0.0,0.2275503433760408,0.25290982893122826,0.850407518999562,0.809627537027373,0.008364212690429758,0.31737130021944415,0.0,0.0669162572172427,0.00010696331036034353,0.008011648053261166,0.0006656840464526155,6.610696135189607e-05,0.2696396258540144,0.16880376591540627,0.019800686800777224,6.610696135189607e-05,0.9891977430075712,0.0995088266890473,0.4085268808589316,0.8951122306832401,0.7011780223348859,0.416380369868163,0.4579986419277181,0.15094400981061737,0.14589074097395413,0.0,0.0,0.0,0.0,0.0
