0_primarytoI_spread,0_primarytoII_spread,0_primarytoIII_spread,0_primarytoIV_spread,0_primarytoV_spread,0_ItoII_spread,0_IItoIII_spread,0_IIItoIV_spread,0_IVtoV_spread,0_late_p,0_C01_coef,0_C02_coef,0_C03_coef,0_C04_coef,0_C05_coef,0_C06_coef,0_C09_coef,0_C10_coef,0_C12_coef,0_C13_coef,0_C32.0_coef,0_C32.1_coef,0_C32.2_coef,1_primarytoI_spread,1_primarytoII_spread,1_primarytoIII_spread,1_primarytoIV_spread,1_primarytoV_spread,1_ItoII_spread,1_IItoIII_spread,1_IIItoIV_spread,1_IVtoV_spread,1_late_p,1_C01_coef,1_C02_coef,1_C03_coef,1_C04_coef,1_C05_coef,1_C06_coef,1_C09_coef,1_C10_coef,1_C12_coef,1_C13_coef,1_C32.0_coef,1_C32.1_coef,1_C32.2_coef,2_primarytoI_spread,2_primarytoII_spread,2_primarytoIII_spread,2_primarytoIV_spread,2_primarytoV_spread,2_ItoII_spread,2_IItoIII_spread,2_IIItoIV_spread,2_IVtoV_spread,2_late_p,2_C01_coef,2_C02_coef,2_C03_coef,2_C04_coef,2_C05_coef,2_C06_coef,2_C09_coef,2_C10_coef,2_C12_coef,2_C13_coef,2_C32.0_coef,2_C32.1_coef,2_C32.2_coef,3_primarytoI_spread,3_primarytoII_spread,3_primarytoIII_spread,3_primarytoIV_spread,3_primarytoV_spread,3_ItoII_spread,3_IItoIII_spread,3_IIItoIV_spread,3_IVtoV_spread,3_late_p,3_C01_coef,3_C02_coef,3_C03_coef,3_C04_coef,3_C05_coef,3_C06_coef,3_C09_coef,3_C10_coef,3_C12_coef,3_C13_coef,3_C32.0_coef,3_C32.1_coef,3_C32.2_coef
0.0002064036055399,0.0175713364366845,0.0049916654068137,0.000926536644879,6.610696135189607e-05,6.610696135189607e-05,0.1428132646326737,0.0265412967396582,6.610696135189607e-05,0.9999372458761832,0.0,0.1599955418255731,0.0003430036327744,0.1307812781849878,0.0089100014433276,0.2895730896701437,0.0740372033708727,0.1878290816453437,0.1021098825197702,0.1778943782460072,0.9858742004498646,0.4761270578583069,1.0,0.0323164762883355,0.5352989603016167,0.0057053987840664,0.0022164478369987,0.0166499542890177,0.999933893038648,0.1667399871204791,0.2571394693485856,0.3042845081143296,0.3957265769554678,0.7629120540784773,0.2860893619139116,0.0548960989553,0.1584679092093436,0.4460575882291553,0.1378235316426379,0.7076026556550281,0.470343819454781,0.0195340697649563,0.0690300774016507,0.0,0.1201964905560499,0.0,0.0149284684451839,0.3351391089445794,0.2581744557840268,0.0751965234769756,0.0315137868026421,6.610696135189607e-05,6.610696135189607e-05,6.610696135189607e-05,0.0568179830560037,0.3738778798219803,0.2166285574868939,0.0944180993000866,0.0,0.0435850814842003,0.023399842449862,0.0,0.1775545494675418,0.2717651838517317,0.8783560477152733,0.753075544352342,0.0141256718385896,0.4036764515856431,0.0,0.082479141759443,0.0007331374358574,0.0162741682533196,0.0070041609934487,6.610696135189607e-05,0.2206486240209343,0.1317095102102511,0.0093515747403533,6.610696135189607e-05,0.6867190507487642,0.0204593884346287,0.4594969969604285,0.9447608974119256,0.6671657311214683,0.521632567877655,0.5726033786872183,0.0408055915065573,0.0700619150481435,0.0,0.0,1.2771154569363453e-07,0.0,0.0
0.0005979480492572192,0.01586681550006379,0.004576005998283357,0.0007892438043428606,6.610696135189607e-05,6.610696135189607e-05,0.09705919590909247,0.030499692980085497,6.610696135189607e-05,0.9999400577146835,0.0,0.1631580397271267,0.0003538872913247457,0.13315364813376224,0.00857429858536276,0.2794761342328286,0.07949214167304167,0.16628100927902748,0.07826898313511667,0.1976383313938604,0.9840990396656625,0.4987997081235388,1.0,0.036880270310893526,0.5182650939161585,0.0035329324368406157,0.0022295020473412554,0.01617410246935468,0.9999338930386481,0.16792895300490499,0.2825993283131445,0.3628776790384124,0.4058901532502438,0.7671372057799114,0.2883390126916167,0.07771446152980967,0.13226767808501017,0.4649447542429086,0.19351169887629827,0.7107573472857671,0.5027973998133198,0.020815127037546392,0.07425989830670278,0.0,0.11106366150864988,0.0,0.014332540175373417,0.3592754521522137,0.2610597339236925,0.06414100874919666,0.03469045258918772,6.610696135189607e-05,6.610696135189607e-05,0.03701094830116113,0.09210832963343009,0.3645707354867975,0.20604105557944832,0.09280829223629936,0.0,0.03866997612878892,0.022119730535564184,0.0,0.16305867930215942,0.2646128597768377,0.900915889827337,0.7281017702994369,0.015900776347311036,0.3901366303678113,0.0,0.07981407615607912,0.0008252477154500901,0.022937258688705664,0.006528645952054679,6.610696135189607e-05,0.264199104047415,0.1313030608907957,0.011294761803439355,6.610696135189607e-05,0.6700582169950502,0.026821738640640285,0.45569465534495723,0.9219316511788657,0.6959086976524387,0.5043612166361645,0.5270121668908733,0.0466918317390318,0.06630873113081501,0.0,0.0,1.8398702655078104e-07,0.0,0.0
0.000659538464385803,0.015384283459617877,0.004613876250750474,0.0008022376342960941,6.610696135189607e-05,6.610696135189607e-05,0.07865240413885154,0.030674489019113117,6.610696135189607e-05,0.9999419425230544,0.0,0.16648848317347636,0.00036714252233671386,0.13486849731025574,0.008425681809680778,0.2757934151563501,0.08219187747042546,0.15331419773298524,0.06404024361888214,0.21015579746079582,0.9821103445439765,0.5079764148316339,1.0,0.03793695973281234,0.5082997964384568,0.0022622520252115115,0.002468535342137029,0.01574306049792767,0.9999338930386481,0.17000649679506596,0.28136105778223364,0.34164647543123605,0.4147367075994385,0.7666804549902958,0.29009882251121816,0.08575517787919067,0.12133361089210559,0.47469095470836864,0.22493327488898202,0.7124464030638544,0.5212181072461232,0.02065453532526848,0.07607448945441232,0.0,0.10085957298601413,0.0,0.012892466183239403,0.36578799345639956,0.2613567477096322,0.06207797115978281,0.03583734885678333,6.610696135189607e-05,6.610696135189607e-05,0.040795105152753385,0.09191302997138238,0.3630766322048988,0.20013383641648935,0.09052995596129086,0.0,0.030921158451252408,0.018957016319653713,0.0,0.15507514979782844,0.2614897566677977,0.9153052210558494,0.7137697130847919,0.01788949147281831,0.391164012182352,0.0,0.07890518154379669,0.0009030789439864455,0.0259418128269528,0.006956650886222851,6.610696135189607e-05,0.2661934394687576,0.14432240132869914,0.006333098710368689,6.610696135189607e-05,0.6546569486351637,0.03318570859321489,0.45288273835401455,0.9138776795984727,0.7128767333463862,0.49792634716229683,0.49927330995466784,0.05028656966789172,0.0639779383530939,0.0,0.0,1.6398320520060964e-07,0.0,0.0
0.0006629586425672754,0.01524141132292962,0.004669021176682621,0.0008082938818267009,6.610696135189607e-05,6.610696135189607e-05,0.06887387617221592,0.029741000647740937,6.610696135189607e-05,0.9999427955667436,0.0,0.16971444184849097,0.0003834814447582932,0.13663164100651673,0.00834810075713107,0.2765007514944296,0.08309557254308203,0.14545585912814762,0.05506050994816475,0.21757902214777497,0.9803633200504634,0.5123639093881094,1.0,0.03879698312741807,0.5069837162679919,0.0016975917587684559,0.002757505597091375,0.015632182028851593,0.9999338930386481,0.17185978013521155,0.28098535929816254,0.3283714236743807,0.4190303932231301,0.766334595992465,0.2930626224583709,0.08937279236836873,0.11782633047545124,0.4833737574853605,0.24332832501223725,0.7155489305689376,0.5345039488002035,0.020209850854905228,0.07736911635308036,0.0,0.09188372797311622,0.0,0.012000103486554921,0.368658817796585,0.2618419972247942,0.061387078646745245,0.035983718224256944,6.610696135189607e-05,6.610696135189607e-05,0.04232457215235766,0.09263018562708934,0.36177559568769296,0.19428369318484504,0.08807673933352257,0.0,0.024523470976192483,0.015687050804480605,0.0,0.14885796512882893,0.25774160845973443,0.9247296391969301,0.7050518614991447,0.019636537624385192,0.39575236263877445,0.0,0.07857595847483828,0.0009415110103885966,0.027283147321413622,0.007243988500367978,6.610696135189607e-05,0.2643921038607927,0.15567199940084356,0.0016343352514752861,6.610696135189607e-05,0.6414543743865486,0.039381710822689944,0.44914619635961567,0.910243726186873,0.7210185575418395,0.4925910909530279,0.48017092349333307,0.052497531759151436,0.06229858361191457,0.0,0.0,1.4232515134198811e-07,0.0,0.0
0.0006634422344805397,0.01519597954019043,0.004636803143348779,0.0008037753616065191,6.610696135189607e-05,6.610696135189607e-05,0.06313180617570492,0.028422708839706292,6.610696135189607e-05,0.999943564252751,0.0,0.17305919148127433,0.00040147933074074544,0.13838689203489998,0.00832911960607516,0.27940654806812926,0.08357359084505261,0.14111139842354306,0.04895610506207528,0.22188743124897178,0.9789388128027504,0.5149537957471924,1.0,0.039363534739439585,0.50665163042185,0.0012546068613404275,0.00303320541197804,0.015739382982299665,0.9999338930386481,0.17302265751869014,0.2793716144618156,0.31754933167921706,0.42314297143457597,0.7662317696982637,0.29573643547387274,0.09118198209044082,0.11721672658803961,0.49033279341006886,0.25431153167533976,0.7189293056341731,0.5442258124862027,0.01970969050116688,0.07846455493566636,0.0,0.08390458522473461,0.0,0.011458311856907976,0.36987584090320635,0.2623073024694251,0.060865260062708273,0.03591686823273651,6.610696135189607e-05,6.610696135189607e-05,0.04392901489057572,0.09317300006245384,0.3604268133172688,0.18860328337839063,0.08556402176344641,0.0,0.019561884054763487,0.012777211523109297,0.0,0.1434120573725515,0.25351388550179704,0.9313342044367579,0.6996480138153619,0.02106106341423558,0.4011416190280731,0.0,0.07777214257598322,0.0009661261117967055,0.027948739594950714,0.007183441477583651,6.610696135189607e-05,0.2603396678088065,0.1614127813918559,6.61069613518959e-05,6.610696135189607e-05,0.6349551372583427,0.04516494692334567,0.4456403512814066,0.9084165385788184,0.7248344973222969,0.48856087546074667,0.46628192025653104,0.05408504614822269,0.06114890358845719,0.0,0.0,1.2378301401677307e-07,0.0,0.0
0.0006636632646937785,0.015203772949083106,0.0046119652074275526,0.0007990736390526187,6.610696135189607e-05,6.610696135189607e-05,0.05932636446418073,0.026944662058061748,6.610696135189607e-05,0.999943846322405,0.0,0.17617302056985634,0.0004199172544129595,0.13982865141868758,0.00834102826330193,0.28318687992643654,0.08388256719376047,0.1388166330498819,0.04449979379408685,0.2241444696149122,0.9777845003411507,0.5163803019159756,1.0,0.03973022980409358,0.5071731791218919,0.0009248410177874431,0.0033088257972191393,0.015918718678134828,0.9999338930386481,0.17378078761444826,0.27647783758016053,0.3089404692129703,0.4269360906915937,0.7663204702740276,0.29813710699434576,0.09220404590246388,0.11774223869666187,0.49540659416155464,0.2608012140514518,0.7222946554449029,0.5516348027392927,0.019208280852415643,0.0794333629568811,0.0,0.0768024963694871,0.0,0.011102469284192805,0.37026244011850384,0.2627140430658843,0.06043183368574492,0.035754389215567124,6.610696135189607e-05,6.610696135189607e-05,0.0456085499918284,0.09362089771824833,0.3591224901964799,0.18332511975588364,0.08323570262390725,0.0,0.015725903314882474,0.010352576941574074,0.0,0.1385618006511966,0.2491914703427845,0.9362919253534975,0.6964221674282067,0.022215391394561204,0.4068172017145373,0.0,0.07730573016664455,0.0010016037303376742,0.028359316565555976,0.007173118877786595,6.610696135189607e-05,0.25743655283934425,0.16603252676807786,6.610696135189607e-05,6.610696135189607e-05,0.6285249188602805,0.050354409970088776,0.4424541698118907,0.9073760368431232,0.7267032065697681,0.4858998006335694,0.45601190602211167,0.055260976710140075,0.06035709386804093,0.0,0.0,1.0826428808138067e-07,0.0,0.0
0.0006638660882281744,0.015227999520623568,0.004578481438785714,0.0007949954205850492,6.610696135189607e-05,6.610696135189607e-05,0.056630652152539304,0.025475965792612004,6.610696135189607e-05,0.9999440552387837,0.0,0.17912820024356307,0.0004388253267692301,0.14103966811646143,0.008376912564712577,0.28728325869589094,0.08421380475992744,0.13783490176360533,0.041071999000560196,0.22520956662454666,0.9768685156545646,0.5172541768321122,1.0,0.039947096336254144,0.5081954154772375,0.0006962401813152355,0.0035655889541446545,0.016116261716774886,0.9999338930386481,0.17426238046616835,0.27286961874524346,0.3023362716044433,0.43037163199364314,0.7666074621996672,0.30022478653348067,0.09275583865989213,0.11852112255148176,0.49851878454846105,0.26420249796897843,0.7254474133997488,0.5574782797355803,0.018725452861176346,0.08029548665792664,0.0,0.0704499112131922,0.0,0.010833853363673816,0.3703119390494482,0.2630149991918774,0.060011908806710264,0.03553751550514458,6.610696135189607e-05,6.610696135189607e-05,0.04740602687780167,0.09409101412850725,0.3579276867340727,0.1784590251123393,0.08106628752555423,0.0,0.012724666518525638,0.008372701407526878,0.0,0.1341594023556296,0.24491927177189557,0.9402025481382634,0.6944949467175267,0.023131389229570344,0.4122959119546956,0.0,0.07705178485084219,0.001028713772928774,0.028724241475037663,0.007162768958744315,6.610696135189607e-05,0.25597419290120227,0.16985517676904577,6.610696135189607e-05,6.610696135189607e-05,0.6226913753735768,0.05493351268799355,0.43958072569740214,0.9068053360133387,0.7277145428135312,0.4847316014792995,0.4485142433351306,0.0561793794846942,0.059767546728918854,0.0,0.0,9.511586508500084e-08,0.0,0.0
0.0006641439659014715,0.015257158849354434,0.00453623641231035,0.0007924379855372098,6.610696135189607e-05,6.610696135189607e-05,0.0546021747396018,0.02405409575751799,6.610696135189607e-05,0.9999442366113779,0.0,0.18197579932286925,0.0004584687221750911,0.14209512055403628,0.008429023538609637,0.29137397563559164,0.08464434648601207,0.1376928637427899,0.03832583862850407,0.22557885563495364,0.976136161954035,0.5177791689190284,1.0,0.04007151091321087,0.5095483428841123,0.0005254418991258213,0.00381009806467674,0.016311604415140683,0.9999338930386481,0.17462824399778124,0.2691717375250731,0.29691316408091734,0.4334380557261066,0.7670636095403873,0.30199617801253625,0.09302483644833412,0.11922893212429744,0.5003863374038948,0.26570835042667923,0.7282828730502015,0.5622071010355385,0.018267300558260747,0.08105462708562541,0.0,0.06474726377500795,0.0,0.01063917173762316,0.37019444141820684,0.2632067905526182,0.059584973772849714,0.035350021029736986,6.610696135189607e-05,6.610696135189607e-05,0.04929921803440486,0.09439458172713361,0.3568479035341524,0.17401776096356378,0.079048076193662,0.0,0.010343275681704744,0.006770494638828441,0.0,0.13012929329215886,0.24077124450798082,0.9434068608132352,0.6933665172794209,0.023863754217867607,0.41747356730596363,0.0,0.07693319697518881,0.0010528653472878415,0.0290125982295363,0.0071615854786356145,6.610696135189607e-05,0.25544446235878393,0.1730793766727863,6.610696135189607e-05,6.610696135189607e-05,0.6174556242150281,0.05891862949604891,0.43697994647093247,0.9065166948294908,0.7283326716399616,0.4844141444186671,0.44291767393772913,0.05694348717162772,0.05932879071369076,0.0,0.0,8.382809742162495e-08,0.0,0.0
0.0006644504796289313,0.015288447723905946,0.004501302211346687,0.0007908120053285954,6.610696135189607e-05,6.610696135189607e-05,0.05299444690743457,0.022694348777769435,6.610696135189607e-05,0.9999443412029023,0.0,0.1847318249596972,0.0004790259653418367,0.14304621603433681,0.008492797693927273,0.29526130702757325,0.08519335950972841,0.13807933603256967,0.03605684570811721,0.22555486036450037,0.9755404361139943,0.5180712128794207,1.0,0.040169748218176114,0.511154780082164,0.00037989945797359747,0.004014841437414535,0.01646427624335223,0.9999338930386481,0.17495541187649197,0.2657580877981161,0.2926879355294772,0.4361455003933699,0.7676490951626943,0.3034712595384796,0.09310236020017884,0.11976661026331578,0.501436404019329,0.26603943123328233,0.7307692376205395,0.5661151590229552,0.017831884290689295,0.08170561821521347,0.0,0.05961118349530883,0.0,0.010492738612116177,0.3699819440762707,0.2633239825915976,0.059134332763160574,0.03517485762792044,6.610696135189607e-05,6.610696135189607e-05,0.051234571244319155,0.09463645429669842,0.3559093758721449,0.16998326743526523,0.07718199045863827,0.0,0.008440110454567879,0.0054787725462662135,0.0,0.12642768068600757,0.23680548700653212,0.9461112700011935,0.6927395214202862,0.024459489839293587,0.42231760362527043,0.0,0.0768990105345725,0.0010754258463599859,0.029261235764644802,0.007166560647948859,6.610696135189607e-05,0.2554652888272746,0.17566838763626139,6.610696135189607e-05,6.610696135189607e-05,0.6127491267157449,0.06236763740204045,0.43461492504318505,0.9064186138344793,0.7287470632477795,0.4845920257404776,0.4386992617391444,0.057609722183724676,0.059000017937943135,0.0,0.0,7.404671209022211e-08,0.0,0.0
0.0006647625622099455,0.015319480234043944,0.004466606433085744,0.0007899714857848247,6.610696135189607e-05,6.610696135189607e-05,0.051718958762668694,0.021406434437686056,6.610696135189607e-05,0.9999444326512024,0.0,0.18740281051304983,0.0005006358439429172,0.14393643186195557,0.008565777809965142,0.29883680518621486,0.08585525190073773,0.13879701634317126,0.03413768491470864,0.2253303366684232,0.9750489087547531,0.5182362733915487,1.0,0.04020750691998742,0.5129111467530115,0.0002800335820725829,0.004203896651651834,0.016617170700107178,0.9999338930386481,0.17522181151234606,0.2626119245518224,0.2891004165515423,0.43852556119143404,0.7682948360738632,0.3046741027641368,0.09306401486011599,0.12013425129198137,0.5019636612753584,0.2657019309973861,0.7328834887007577,0.5693795555362227,0.01741624337233624,0.08223805638621211,0.0,0.05496533937323307,0.0,0.010370460779762739,0.3697313159982156,0.2633416153913179,0.05870746248730171,0.03502238745814249,6.610696135189607e-05,6.610696135189607e-05,0.05305626736044219,0.09480251387658246,0.35512905479520224,0.16635680656076993,0.07548398038741116,0.0,0.006910097288115836,0.004438030057891846,0.0,0.12305517599446673,0.23308152575678281,0.9484460717129551,0.6924316069453647,0.024951025737357954,0.4267983872352183,0.0,0.07690964626079683,0.0010914096848749603,0.029480066176562656,0.007178487295867092,6.610696135189607e-05,0.25581149707720297,0.1777112058590542,6.610696135189607e-05,6.610696135189607e-05,0.6085126881432743,0.06534835736536687,0.4324391063354022,0.906435349295941,0.7290192195579472,0.4850325308567846,0.435461263816399,0.05820608340403785,0.05874190236382319,0.0,0.0,6.550788894669028e-08,0.0,0.0
0.0006650927431127467,0.015349756195103433,0.004434098030155055,0.0007895126143596003,6.610696135189607e-05,6.610696135189607e-05,0.05066041766519949,0.020207963627729315,6.610696135189607e-05,0.9999445096367671,0.0,0.18998732165227106,0.0005234198685141784,0.1447903451230986,0.008646378497015161,0.3020525715328445,0.08661165473850568,0.13971332531915465,0.03248628860823671,0.22501088321835383,0.9746359351026475,0.518316316404539,1.0,0.040224453082434414,0.51478380565837,0.00021050559253754718,0.0043891628393444935,0.01675850681828785,0.9999338930386481,0.17545002477150906,0.2597251403978254,0.28598202384703636,0.4405947349457023,0.7689717593986047,0.3056408478052969,0.09294870579804776,0.12035731904046065,0.502128458857662,0.26494996602888593,0.7346708959745094,0.572150750188125,0.01701952657838546,0.08266254472906516,0.0,0.05075343486473351,0.0,0.010272972822459245,0.3694438879963246,0.26328251346775117,0.058263961506069564,0.03488081776681897,6.610696135189607e-05,6.610696135189607e-05,0.05484801670217786,0.0949247055121514,0.35449938610112147,0.16308355912282255,0.07394384641091804,0.0,0.005673855608722104,0.00359832057523054,0.0,0.1199656809212453,0.22959280500486212,0.9504941848133779,0.692326572052581,0.025364006878554248,0.43093024873072744,0.0,0.07696413305254236,0.0011059086654984793,0.02967680803286378,0.0071932470894775155,6.610696135189607e-05,0.25639693051771967,0.1792974255733076,6.610696135189607e-05,6.610696135189607e-05,0.6046607401481577,0.06794468147857266,0.43042798413151406,0.9065278743334381,0.7291784802277187,0.4856268420700923,0.4329974624382696,0.05875176836573965,0.05854311948785832,0.0,0.0,5.801879828695855e-08,0.0,0.0
0.0006654157970830199,0.015378873216017946,0.00440463879582943,0.0007893993443072157,6.610696135189607e-05,6.610696135189607e-05,0.04974479822368789,0.019113166380584305,6.610696135189607e-05,0.9999445760807585,0.0,0.19248955287398722,0.0005475187731299348,0.14563244515908358,0.00873414939083208,0.3049100827169342,0.08744374854611157,0.14074091577806624,0.031043879790937954,0.22465203883699805,0.9742823452419614,0.5183378730184747,1.0,0.040231035007697084,0.5167470706320286,0.00017307027171223962,0.004543647866863287,0.01688669235800972,0.9999338930386481,0.17563455568228056,0.25719267922827516,0.28334949041556556,0.44239842182889905,0.7696542430203377,0.306404394329473,0.09277783615300647,0.12045470364717058,0.5020498574197562,0.26395015082723833,0.7361796580383838,0.5745251024903167,0.016637987649089227,0.08298306050838393,0.0,0.046922397579215215,0.0,0.010219072974338713,0.3691259551619378,0.2631623834931046,0.05778449453960265,0.034750629913481004,6.610696135189607e-05,6.610696135189607e-05,0.05660458153834077,0.09500805293448772,0.35400311244752264,0.160120069693303,0.07255287602768806,0.0,0.0046709551878468605,0.002920019923054918,0.0,0.11712533558644801,0.22634284568888835,0.9523181325599728,0.6923649006546181,0.025717603332512037,0.43473972940231015,0.0,0.07704548073374888,0.0011157893048749055,0.02985561387852457,0.0072082025819588886,6.610696135189607e-05,0.2571363311533208,0.1805467468723882,6.610696135189607e-05,6.610696135189607e-05,0.6011956720678738,0.07022568728635932,0.4285531767688518,0.9066746450738636,0.7292418960058991,0.4862959732663569,0.43113976645582747,0.05925125782905655,0.058391136042728775,0.0,0.0,5.142552646575372e-08,0.0,0.0
0.0006657017680076834,0.015406655684283586,0.004378545023023338,0.0007897241562125787,6.610696135189607e-05,6.610696135189607e-05,0.048960765864069083,0.01810108552747233,6.610696135189607e-05,0.9999446276504033,0.0,0.19491021250241627,0.0005730638408027477,0.14647956248482957,0.00882898000145753,0.3074285235814577,0.0883338267900158,0.14182142161183928,0.02976821964345783,0.22428555373081155,0.9739754137120132,0.5183220721416674,1.0,0.04022697217302314,0.5187669147535499,0.00010696331036034352,0.004662685265956503,0.01700543787354226,0.9999338930386481,0.1758712984901985,0.25508809915187775,0.28126051795569773,0.44396520862555827,0.77029414373588,0.30698625778611455,0.09257910671423383,0.12045512761123885,0.5017995671221496,0.2628214311035313,0.7374302901770183,0.5765584079280246,0.016265218550464314,0.08319162005446677,0.0,0.043425104343519934,0.0,0.010157388143841282,0.36878114227255276,0.2629702322950327,0.05734773163752692,0.03463163963608576,6.610696135189607e-05,6.610696135189607e-05,0.058170766318210054,0.09504677483340149,0.3536512390381702,0.15745535687340012,0.07131067255816967,0.0,0.003854865106766839,0.0023714556156576275,0.0,0.11452550936713939,0.22334559844176627,0.9539665618060779,0.6925228262147217,0.026024540683036793,0.43825282351481276,0.0,0.07714059585318009,0.0011529079552639228,0.030015880613621676,0.007225901806147989,6.610696135189607e-05,0.257875887415629,0.18149773137165,6.610696135189607e-05,6.610696135189607e-05,0.5980068609352504,0.07225049939071984,0.42679285715329945,0.9068478294449634,0.7292104447971648,0.48699999726073523,0.4297500453150111,0.05971037366582658,0.0582745720183699,0.0,0.0,4.560494992366225e-08,0.0,0.0
0.0006659965800908443,0.015432226445219587,0.004355702701221322,0.0007901550688899159,6.610696135189607e-05,6.610696135189607e-05,0.04827787972725716,0.01716151061229057,6.610696135189607e-05,0.9999446702562619,0.0,0.19725248049505092,0.0006001506549698657,0.1473355645564267,0.008931025949534458,0.3096350868000865,0.08926233689206715,0.142915738866151,0.02863009744518224,0.22393011652213993,0.9737052538700652,0.5182836467020988,1.0,0.0402268234855937,0.5208156288941708,6.610696135189606e-05,0.004781300616480166,0.017114111284945832,0.9999338930386481,0.17608597080710423,0.25318688916017634,0.279527120582229,0.4453065628635666,0.770864417033499,0.3073789880406306,0.09230493009559701,0.12032532110188206,0.5013936306704053,0.2616189801290324,0.7384470551758355,0.5783011587534728,0.015904025539779217,0.08330315995440774,0.0,0.040224620651803614,0.0,0.010115656344506164,0.3684086938685572,0.2627131347519593,0.05692229170485469,0.034518624005524266,6.610696135189607e-05,6.610696135189607e-05,0.059659201161739256,0.09505810154395745,0.35341125719931604,0.15506372024795398,0.070212214016993,0.0,0.0031873676450252415,0.0019272191029448924,0.0,0.11215447217344562,0.22059398606393202,0.9554658770150385,0.6927667235234524,0.026294705672838124,0.44149173264609753,0.0,0.0772449766595599,0.001186241289642228,0.030160190930163564,0.007246392886576812,6.610696135189607e-05,0.2586798534433171,0.18208704438042303,6.610696135189607e-05,6.610696135189607e-05,0.5951646939925886,0.07407186271854714,0.4251563174473255,0.9070949192494331,0.7291517466966659,0.48774812427711534,0.428745933070881,0.06013613575865166,0.05818911631644424,0.0,0.0,4.045709667617149e-08,0.0,0.0
0.0006662704143416892,0.015456356087621834,0.004335741393545564,0.0007906231471397652,6.610696135189607e-05,6.610696135189607e-05,0.04767701183471793,0.016308293477596103,6.610696135189607e-05,0.999944701454904,0.0,0.19951300892382057,0.0006289151148169998,0.14821111240259563,0.009040052909438857,0.31156677176390213,0.09021503464654436,0.14399997137284584,0.02760554722549035,0.22359088833242563,0.973464522770347,0.5182268808430718,1.0,0.04022599717605723,0.5228935452430812,6.610696135189607e-05,0.00489128259197771,0.017214671821555637,0.9999338930386481,0.1762333943055152,0.25146786452468034,0.2780213385797056,0.4464617859389138,0.7713708160085313,0.3076255602598394,0.0920031935443034,0.12012045545439079,0.5009001350123525,0.2603885237729722,0.7392786280673813,0.5798010798105375,0.015551251766169508,0.08332240427582129,0.0,0.03728846805745928,0.0,0.010072257306035262,0.36801945185222606,0.26240869364652875,0.056516438095084186,0.034408520414161016,6.610696135189607e-05,6.610696135189607e-05,0.060974364547063724,0.09503410716397784,0.353287219638415,0.15290641133193,0.06924589559886435,0.0,0.0026406101874160734,0.0015671334772240219,0.0,0.10998128345272296,0.21806948084570157,0.9568432010083402,0.6930867073917532,0.026535441333637225,0.4444846510994689,0.0,0.0773516589667886,0.0012195746229755613,0.03028856039294378,0.007265793345054741,6.610696135189607e-05,0.2594872789519898,0.18246784446852557,6.610696135189607e-05,6.610696135189607e-05,0.5926174274162229,0.07572277265953874,0.42361553521747575,0.9073678913408796,0.7290278219555976,0.48849267860098466,0.42804470446312554,0.06052505383335141,0.05812946797091507,0.0,0.0,3.589601580461743e-08,0.0,0.0
0.0006664707677015554,0.015478631739082956,0.004318215286638803,0.0007910841218670847,6.610696135189607e-05,6.610696135189607e-05,0.04711403690575167,0.01549611913330843,6.610696135189607e-05,0.9999447424037848,0.0,0.20169062250938685,0.0006594689908057803,0.14910810996921597,0.009156088229027087,0.31325399855889163,0.09118366602352113,0.1450612485992247,0.026677338453177345,0.22327278645427426,0.9732482247591895,0.5181587062917569,1.0,0.040228714308038926,0.524987160337608,6.610696135189607e-05,0.004991665405324829,0.017308486712757535,0.9999338930386481,0.17638042293708422,0.2499720196040604,0.276743686902314,0.44745629922863694,0.7718117913995393,0.30774578542874187,0.09168720793098949,0.11985995875956881,0.5003480592940058,0.25916148513357623,0.739956041189006,0.5810898902921987,0.015207343853887797,0.08326117490475192,0.0,0.03458949411039173,0.0,0.010032104126677679,0.36760956835615294,0.2620592023457624,0.0561289666291336,0.03430700900885994,6.610696135189607e-05,6.610696135189607e-05,0.06219132430107453,0.09496870900802,0.35325309035897634,0.15094972500673612,0.06840148177835981,0.0,0.002191711375081438,0.0012748864921467466,0.0,0.10798042436828495,0.2157554230357461,0.9581153176929349,0.6934660386409739,0.02675174338941055,0.44725179959785144,0.0,0.07745867052306593,0.0012635807751483535,0.03041665176296206,0.007284114630779125,6.610696135189607e-05,0.2602486296898083,0.18263607981163746,6.610696135189607e-05,6.610696135189607e-05,0.5902660286955421,0.07723848359372465,0.42216211028351147,0.9076533230782047,0.7288402198961338,0.4892209659848203,0.4275845163075322,0.0608798684191879,0.058093438072830524,0.0,0.0,3.18513999466069e-08,0.0,0.0
0.0006664707677074992,0.01549891283498098,0.004269480924162333,0.0007915626343776721,6.610696135189607e-05,6.610696135189607e-05,0.04668965129065779,0.014778499577693218,6.610696135189607e-05,0.9999449153388849,0.0,0.20379038485420314,0.0006919504221024252,0.15002897442645222,0.009279571602332766,0.31473579505311033,0.09216031060587787,0.14609049925191417,0.02583093494075905,0.222974397405292,0.9730486577044992,0.5180787515212348,1.0,0.040235657024487885,0.5270846223719067,6.610696135189607e-05,0.005095959622689592,0.017395866412606854,0.9999338930386481,0.17652977597990796,0.24861613200784904,0.2756152336460886,0.44830740364930444,0.7721879957121015,0.30775130572364917,0.09134525672319846,0.11953627940921582,0.49975220509667434,0.25795382855474674,0.7405030136949372,0.5821952334288575,0.014871938048596182,0.08312767330134728,0.0,0.032103205690302325,0.0,0.009995750629161611,0.3671851782738149,0.2616789853842915,0.055761423340120526,0.034208502623784824,6.610696135189607e-05,6.610696135189607e-05,0.06330254250418611,0.0948791908905051,0.35329646319749186,0.1491702896297443,0.06766768323170928,0.0,0.001821910613369877,0.0010374669177123366,0.0,0.10613479178567903,0.2136357810349145,0.9592971270106447,0.6938979292933607,0.026951314033024594,0.44981804278846277,0.0,0.07756467730157121,0.0012922327286896478,0.030527209898455216,0.007301368405890684,6.610696135189607e-05,0.26103232339888005,0.18268187990233387,6.610696135189607e-05,6.610696135189607e-05,0.5881796329754369,0.07864171465815417,0.4207906261904383,0.9079627928546992,0.7286128355509621,0.4899307563832805,0.4273103763921429,0.06120188391350606,0.05807848628431389,0.0,0.0,2.8262476190165413e-08,0.0,0.0
0.0006664707677074992,0.015519131979623959,0.004243246365236503,0.0007918890862569962,6.610696135189607e-05,6.610696135189607e-05,0.04626683295888686,0.014098010261224992,6.610696135189607e-05,0.9999449346240004,0.0,0.2058081433553945,0.0007266018194984223,0.15096069213221522,0.009410406558296464,0.31604483804901057,0.09313467488437746,0.14705938111056324,0.02505391024755077,0.22265890127495588,0.9728552033835085,0.5179063027586984,1.0,0.04024473498066355,0.5291992434240658,6.610696135189607e-05,0.00517325102717039,0.017478540407998656,0.9999338930386481,0.17666844342269633,0.2475049187582799,0.2746902708152608,0.4490518996726102,0.7725098976577732,0.30767409707165233,0.09102509276665004,0.11919784764345792,0.49914334126945165,0.2567850201635096,0.7409427446882717,0.5831384131223566,0.014544362640093162,0.08293105551125485,0.0,0.029808921414714466,0.0,0.009962271805744204,0.3666838724606772,0.26130041936948906,0.05539399125495018,0.03410941828191347,6.610696135189607e-05,6.610696135189607e-05,0.06433562793614919,0.09477743453243198,0.353407473173407,0.14754044775998582,0.06703741569982664,0.0,0.0015172343191522967,0.0008445116614065001,0.0,0.10442999677880803,0.2117165536518959,0.960401727112356,0.6944100432137893,0.027144771530656208,0.45228477582658716,0.0,0.07766798278219222,0.0013224677834201928,0.030636090119175997,0.007316239697416055,6.610696135189607e-05,0.26176958607446044,0.1826647853836154,6.610696135189607e-05,6.610696135189607e-05,0.5862840548292377,0.07994965458224096,0.41948034387312666,0.9082483054138516,0.7283242259051745,0.4906017405108454,0.4271701417874798,0.06149258364854284,0.05808565211518426,0.0,0.0,2.5085835347582078e-08,0.0,0.0
0.0006664707677074992,0.015536592053058353,0.004225709938249506,0.0007922591260997287,6.610696135189607e-05,6.610696135189607e-05,0.04586337951003459,0.013427366161277947,6.610696135189607e-05,0.999944955016158,0.0,0.20774749800200756,0.0007635045735236903,0.15191040540808948,0.009548867405539745,0.3172021042430476,0.0941051847961677,0.1479845983010076,0.024335479412943412,0.22235704196718803,0.9726765180100082,0.517738039972044,1.0,0.04025613889220389,0.5312996071484191,6.610696135189607e-05,0.005238104919432321,0.017543749486885925,0.9999338930386481,0.17677346807260474,0.24654465659159405,0.27404184981524504,0.44973119611466356,0.7727686609420933,0.30751600300102067,0.09071396404498598,0.1188374984926485,0.49851432653838285,0.2556687946378139,0.7412828546284342,0.5839352038035321,0.014225892568134389,0.0826811054833851,0.0,0.027688003732371423,0.0,0.00993155782309261,0.36619517419219855,0.26087520438914563,0.05504988361107484,0.034013686069621275,6.610696135189607e-05,6.610696135189607e-05,0.06526962110773818,0.09466591373660503,0.35357388182554783,0.14605261199845798,0.06650230315487589,0.0,0.0012655097237430015,0.00068759669539278,0.0,0.10285471221954587,0.20997012312877136,0.9614386280189222,0.6949618525494269,0.027323459721619387,0.4545739562955845,0.0,0.07776821239469058,0.0013558348937506711,0.030729708295647334,0.007332121829499393,6.610696135189607e-05,0.26246075822494935,0.18260854532061835,6.610696135189607e-05,6.610696135189607e-05,0.5845565653295657,0.08117872705944876,0.4182341958420958,0.9085225313814903,0.727986586375519,0.49124920936068467,0.4271291011191386,0.06175724835585223,0.058110074766688925,0.0,0.0,2.2268372383698147e-08,0.0,0.0
0.0006664707677074992,0.015517565686517085,0.004212536312174766,0.0007925956787982043,6.610696135189607e-05,6.610696135189607e-05,0.04548857034303849,0.012811842643457765,6.610696135189607e-05,0.999945141925688,0.0,0.20960655395037384,0.000802756112388066,0.15287521637456428,0.009694808090264394,0.3182254257509433,0.09506769262074709,0.1488712973841512,0.02366860866896243,0.22207315127109717,0.9725095796867947,0.5175777179736283,1.0,0.040268792560605324,0.5333741455208905,6.610696135189607e-05,0.005295006821518196,0.01764466610743994,0.9999338930386481,0.17689900893958094,0.24569762892900976,0.273296680261481,0.450290036778029,0.7729544130432271,0.3072854827918276,0.09040515368399128,0.11845627936612244,0.4978690829404286,0.2546116146459521,0.7415281492599507,0.5845946681376422,0.01391544351200714,0.08237890498620173,0.0,0.02572495719459773,0.0,0.00990341034081337,0.3657181297265154,0.2604250355797635,0.054728908359598524,0.033924135397757293,6.610696135189607e-05,6.610696135189607e-05,0.06611711187092931,0.09452828708013604,0.3537858738430849,0.14470206233101993,0.06605690236556279,0.0,0.0010571253693737286,0.0005599584599133463,0.0,0.10140559784578926,0.20838633087227004,0.9624159478190304,0.6955479437427011,0.027490400546142147,0.45669732483177405,0.0,0.07786293585675609,0.001390982175718588,0.030812198874717013,0.007348331004353692,6.610696135189607e-05,0.2630967394324291,0.18251157659010334,6.610696135189607e-05,6.610696135189607e-05,0.5829860922505361,0.08234352462575298,0.41705106089223576,0.9087920902036207,0.7276113788899395,0.49187615050939376,0.42716295960310463,0.061998560273512984,0.05814770360593655,0.0,0.0,1.9767063127524133e-08,0.0,0.0
0.0006664707677074992,0.015514198113573975,0.0042022051684198125,0.0007925389707270597,6.610696135189607e-05,6.610696135189607e-05,0.045134633941228686,0.012243429575884148,6.610696135189607e-05,0.9999451593735451,0.0,0.21137143842096898,0.0008444652302791502,0.1538360259174122,0.009848065966575562,0.31911068961926536,0.09601389498474662,0.1497057509300002,0.023046468444910043,0.2217696583977644,0.9723370090261118,0.5173270276272904,1.0,0.04028322823955679,0.5354579532201328,6.610696135189607e-05,0.005346378481236417,0.017717208344128776,0.9999338930386481,0.17701868880686353,0.24494287296993078,0.272813306155466,0.4507774776892765,0.7730806512092244,0.30701694344268804,0.09009417236332583,0.11808884180081074,0.4972121848929768,0.2536611896525158,0.7417107894436207,0.5851616525830555,0.013613056545204569,0.08204319603857721,0.0,0.023915231657042554,0.0,0.00987660800210234,0.36528485954190476,0.25994264475846257,0.054424419733533534,0.033825639240978506,6.610696135189607e-05,6.610696135189607e-05,0.06689047063743996,0.09441656568650018,0.3540345544692599,0.1434685550513709,0.06569001539666215,0.0,0.0008844912957629227,0.00045611989396720284,0.0,0.1000594117579474,0.2069388080439777,0.9633404750098854,0.6961871455636585,0.027662973432481575,0.45875774071566694,0.0,0.07795856728620791,0.001428042200276946,0.030887137196928947,0.007364296357193867,6.610696135189607e-05,0.26371484848366267,0.18235299762462404,6.610696135189607e-05,6.610696135189607e-05,0.5815692532330956,0.0834507937394047,0.41592160273968076,0.909061362406395,0.7271906409860142,0.4924836292464804,0.4272281207282189,0.06221590381368533,0.05819378844296662,0.0,0.0,1.7541406711636903e-08,0.0,0.0
0.0006664707677074992,0.01551419748974456,0.004193367823716618,0.0007923702171739648,6.610696135189607e-05,6.610696135189607e-05,0.04480635127932712,0.011696956795377075,6.610696135189607e-05,0.999945174799868,0.0,0.21305816694840665,0.000888806825747878,0.15480104403091852,0.010008922769886764,0.3199046315349897,0.09694772420498227,0.15050529646417996,0.02246542796295236,0.22148181248596685,0.9721732927715434,0.5170809079391465,1.0,0.04030009716821461,0.5375047270799912,6.610696135189607e-05,0.0053933886455559315,0.01778199160964683,0.9999338930386481,0.1771365095033823,0.24427659359516363,0.27244436457410315,0.4512078895269369,0.7731453387969157,0.30668754550470223,0.08978104155062312,0.11770423100160378,0.4965455188189922,0.2527533374331616,0.7418232566269404,0.5856216054013017,0.013317231451297802,0.08166552092160217,0.0,0.022237394564881222,0.0,0.009851828905243889,0.3648364482841224,0.25944627256473024,0.054167621672915785,0.03373333445563284,6.610696135189607e-05,6.610696135189607e-05,0.0675224321123808,0.0942788762430135,0.35430748239656074,0.14234516821950555,0.0653928812870244,0.0,0.0007410597319483826,0.0003716120091850571,0.0,0.09881365838667114,0.20562131119457377,0.9642173405857498,0.696852666592431,0.027826691665678614,0.4606816974959722,0.0,0.07804646784531295,0.001464614894087332,0.030955944584997196,0.007379808827818518,6.610696135189607e-05,0.2642900641729059,0.18214281144891378,6.610696135189607e-05,6.610696135189607e-05,0.580286948104469,0.08450949298357875,0.4148614062598668,0.909330151623629,0.7267536652355293,0.49307394640193597,0.4273420310318486,0.06241536078140628,0.05825178693994458,0.0,0.0,1.556277799999948e-08,0.0,0.0
0.0006664707677074992,0.015515625162998134,0.004185447607367086,0.0007920533371844041,6.610696135189607e-05,6.610696135189607e-05,0.04450025335196838,0.011209791146763924,6.610696135189607e-05,0.9999451814555153,0.0,0.2146676814037872,0.0009359410703335487,0.15576954188724373,0.010177180351761406,0.32062338325020784,0.09786477332522124,0.15126957656862877,0.021921224963988788,0.22121236576841755,0.9720188217112831,0.5168501130211705,1.0,0.04031846695909058,0.5395185606824483,6.610696135189607e-05,0.005435651358573675,0.017842233636910322,0.9999338930386481,0.17724676148231638,0.24368725086606327,0.27215317283375495,0.45159122455413625,0.7731623851957664,0.30631179607508247,0.08947309064074434,0.11730837806128493,0.4958844307502404,0.25188402095277074,0.7418804754871986,0.5859935933149178,0.01302863161651475,0.08125333195513333,0.0,0.020680192156890837,0.0,0.009828952141793652,0.36439021892646206,0.2589546688663495,0.05391419697967651,0.03367966487748456,6.610696135189607e-05,6.610696135189607e-05,0.06813204671975841,0.09403212426703737,0.3545846422766594,0.1413172275993323,0.06515893095989106,0.0,0.0006216834427814396,0.00030281632456049623,0.0,0.09765799311613838,0.2044177338038781,0.9650501434194965,0.6975343022764492,0.027981164484362418,0.4624696948219387,0.0,0.07812864601656773,0.0014985678929578196,0.031018076902630587,0.007394085743790288,6.610696135189607e-05,0.2648320641397328,0.18190251867389676,6.610696135189607e-05,6.610696135189607e-05,0.5791270010963562,0.0855203872049013,0.41386159156123936,0.909590968288922,0.7263003966086898,0.49363557257343776,0.4274925957970213,0.06259675807144174,0.058319096312575154,0.0,0.0,1.3804354493915643e-08,0.0,0.0
0.0006664707677074992,0.015518206264313305,0.004178496426673082,0.0007917212137966027,6.610696135189607e-05,6.610696135189607e-05,0.04421671470826837,0.010737232610904913,6.610696135189607e-05,0.9999451918755333,0.0,0.2162015113077258,0.0009860379294661572,0.15673955622098815,0.010352790495353698,0.32127803002898503,0.09876299758153827,0.15199907849540426,0.02141024590046778,0.22096245914474102,0.9718761561390258,0.5166389554208202,1.0,0.040337746616896444,0.5415027384440205,6.610696135189607e-05,0.0054746497458578085,0.017895659400179103,0.9999338930386481,0.17734653134743705,0.24315595816327062,0.2719329780264213,0.45193624842327895,0.7731402504769749,0.3058991772115317,0.08917647357380303,0.11690952118410505,0.49523460209729553,0.2510532055954247,0.7418885847766391,0.5862895798749863,0.012747283752633303,0.08081091479193533,0.0,0.01923421221362153,0.0,0.009808258146286056,0.36396210598929213,0.2584771746634153,0.05366794699222081,0.0336083629730793,6.610696135189607e-05,6.610696135189607e-05,0.06870071340532923,0.09385854486916825,0.35487673687939747,0.14037254960646062,0.0649810014660251,0.0,0.0005221612424868807,0.00024678720142513335,0.0,0.09658638970189018,0.20331675811212233,0.965842470346899,0.6982266260633236,0.02812383161874256,0.46412683236555824,0.0,0.07820595117301152,0.0015583727982969482,0.031074225531161563,0.0074076661157549805,6.610696135189607e-05,0.26527033666408084,0.1816216184310494,6.610696135189607e-05,6.610696135189607e-05,0.5780179767403089,0.0864871999165645,0.4129183100147174,0.9098374884967309,0.7258287613524199,0.49416582020592564,0.4276687643755903,0.06276202793993249,0.058394583517487116,0.0,0.0,1.2242231679781232e-08,0.0,0.0
0.0006664707677074992,0.015520402486037128,0.0041722390782543296,0.0007914540934661173,6.610696135189607e-05,6.610696135189607e-05,0.0439538690706113,0.010303794888870956,6.610696135189607e-05,0.9999451967399283,0.0,0.21766836539572101,0.0010392465324900126,0.15770452871989435,0.010536295840628353,0.32188244409515915,0.09964292090801252,0.15269731850366594,0.020929287563682668,0.22072823894527485,0.9717424498242607,0.5164378822320786,1.0,0.04035931087783777,0.5434410276588788,6.610696135189607e-05,0.005511207378123672,0.0179475152171759,0.9999338930386481,0.1774384242326857,0.2426768587020402,0.2717307772550068,0.45225357090826157,0.7730781686561371,0.3054371146805702,0.08883450898582639,0.11646288751939281,0.4945745482361083,0.250240916072024,0.741852026563442,0.5865140068537569,0.012472568727507937,0.0803423592107857,0.0,0.01789006198660298,0.0,0.009789240378920986,0.3635405986197709,0.2580065075498047,0.053431462150154874,0.03353490891577023,6.610696135189607e-05,6.610696135189607e-05,0.06923304788243523,0.09370285326979862,0.3551826177488972,0.13950559705766272,0.06484974700532939,0.0,0.00043898604057670084,0.00020115399305514254,0.0,0.09559205495043689,0.2023119049461928,0.9665981437088094,0.6989294018439395,0.02825753932094892,0.4656720557813183,0.0,0.07830921853405888,0.0016242064203338341,0.0311254959263241,0.0074097284410480635,6.610696135189607e-05,0.2656587217385877,0.18118097549892767,6.610696135189607e-05,6.610696135189607e-05,0.5769488401384931,0.08741623428620014,0.41204477291837943,0.9101262444816836,0.7253935977201362,0.4946880019302083,0.4278766398328169,0.06291299757810868,0.05847676969638439,0.0,0.0,1.0854790362464418e-08,0.0,0.0
0.0006664707677074992,0.015522365766956642,0.004177382712264655,0.0007912598394978824,6.610696135189607e-05,6.610696135189607e-05,0.04368476807849953,0.009879176215610077,6.610696135189607e-05,0.9999451537508651,0.0,0.21907620203868505,0.001095817378965759,0.15866873855620378,0.010728287376154782,0.3224507653735399,0.10050365929062012,0.1533655104370233,0.02047543255605269,0.22050612188242893,0.9716173070739565,0.5162422309744635,1.0,0.040380171567766764,0.5453353715915357,6.610696135189607e-05,0.005546084330046019,0.017997424827786882,0.9999338930386481,0.17752281609437195,0.2422391821939193,0.27152268030962695,0.45255024223188894,0.7729835515527372,0.3049386364268536,0.08846237640044394,0.11598838088470673,0.4939251773821869,0.24943766600461006,0.7417800839600887,0.5866734091188102,0.012204200762912207,0.07985237266739179,0.0,0.01663971390078003,0.0,0.009771420059972244,0.36312551364284307,0.2575410710488685,0.053203974772713186,0.033462440667834666,6.610696135189607e-05,6.610696135189607e-05,0.06972882455205066,0.0935561626987549,0.3554982467722548,0.13871324688101985,0.06476452860404083,0.0,0.0003694493513240947,0.000164006672529058,0.0,0.09466889909804999,0.201395475209741,0.9673203666810352,0.6996415054501793,0.028382692926043458,0.4671180551247564,0.0,0.07838229347159519,0.0016843701312037245,0.031173557057144693,0.007418470404764797,6.610696135189607e-05,0.266080389054802,0.18063550262870667,6.610696135189607e-05,6.610696135189607e-05,0.5760020450314723,0.08830320156624273,0.4112206329304206,0.9104418062205903,0.7249734312077654,0.49518252856912937,0.42811156862185,0.06304735765124127,0.05856560523442561,0.0,0.0,0.0,0.0,0.0
0.0006664707677074992,0.015523775487404114,0.004175412690260967,0.0007910894370413284,6.610696135189607e-05,6.610696135189607e-05,0.04344719161879057,0.009475586796989696,6.610696135189607e-05,0.9999451631968657,0.0,0.22041643304530295,0.001155853389690313,0.15963001985620157,0.01092803128407098,0.3229729273411872,0.10134456316094306,0.1540103127299094,0.02004629726180339,0.22030452470901515,0.9715023594749264,0.5160742919846676,1.0,0.04040117244795071,0.5471885870024077,6.610696135189607e-05,0.005578566519130637,0.018044950675416015,0.9999338930386481,0.17759618268020044,0.2418314742409102,0.2713323451257037,0.4528282795885023,0.772861097004743,0.3044199979671286,0.08809465652070267,0.11551570263013484,0.49328765371553274,0.24865683388749454,0.7416807739774817,0.5867809369227647,0.011941931142541069,0.07934549606519871,0.0,0.01547612941730749,0.0,0.009755026882996188,0.3627405291981334,0.2570754215959499,0.05299049688151257,0.033393153914504724,6.610696135189607e-05,6.610696135189607e-05,0.07018844290972186,0.09341388163939161,0.35581742709967046,0.13798354126012888,0.06471711286100253,0.0,0.00031128200850298447,0.0001337459858171233,0.0,0.09380692519596977,0.20054897397899513,0.9680117715956555,0.7003499792257861,0.028497640525073684,0.4684495785980249,0.0,0.07844761225879077,0.00173158739632296,0.031214250832689378,0.007428376911471984,6.610696135189607e-05,0.2665060967233278,0.18007455890995072,6.610696135189607e-05,6.610696135189607e-05,0.575161326363007,0.08915536173512807,0.4104464561265659,0.910749490089607,0.7245429955051605,0.4956505690145792,0.4283702387713182,0.06316773766560553,0.05865977636833079,0.0,0.0,0.0,0.0,0.0
0.0006664707677074992,0.015525307317659972,0.004170942640807783,0.0007908978455554485,6.610696135189607e-05,6.610696135189607e-05,0.04323021179934473,0.009094161195493293,6.610696135189607e-05,0.9999451725773936,0.0,0.22168686356484701,0.0012195991903887686,0.1605829845130187,0.01113520093170381,0.32345236703562835,0.10216374703634733,0.15462468331588572,0.019640122798682966,0.22011112821399575,0.9713923681107465,0.5159013936737364,1.0,0.040421493496250405,0.5489967572441068,6.610696135189607e-05,0.00560868339259274,0.01808972839073765,0.9999338930386481,0.17765892804163683,0.24144912945485678,0.2711606030691728,0.45309458471994474,0.7727132328446826,0.30389522363260174,0.08775843411834423,0.11506849567079787,0.4926723219283157,0.24791068563282692,0.7415556201564341,0.586843086818866,0.011685220468922357,0.07882357763876882,0.0,0.014392787437341986,0.0,0.009739801092728885,0.3623583068622629,0.2566262955341165,0.0527871331207477,0.03332625389262551,6.610696135189607e-05,6.610696135189607e-05,0.07061450348986115,0.09327654261554066,0.35613801034345377,0.13731117040155705,0.06470459536587857,0.0,0.0002626051183120961,0.00010909129995974548,0.0,0.09300419481167423,0.19977340505748725,0.9686746567323947,0.7010652941472354,0.028607631889253478,0.4697058188889216,0.0,0.07850896873413608,0.001789152983668223,0.031253130105212475,0.007438221035595701,6.610696135189607e-05,0.266859339678119,0.17956794750606822,6.610696135189607e-05,6.610696135189607e-05,0.5743589711661008,0.0899755967537603,0.4097133174366727,0.911021966691267,0.7240859146978713,0.4960833858400207,0.4286369473315448,0.06327643799554443,0.05875882480776106,0.0,0.0,0.0,0.0,0.0
0.0006998041015352459,0.015526596427017139,0.004165540184526467,0.0007906970195156737,6.610696135189607e-05,6.610696135189607e-05,0.043028989772518206,0.008738808338323344,6.610696135189607e-05,0.9999449914202884,0.0,0.22289495585326605,0.0012872803852186337,0.16152211962816287,0.01135018630095351,0.3238987923545883,0.10296098823842377,0.15520851290233403,0.019254876813607394,0.21992264206013123,0.9712864926046122,0.5157218825033377,1.0,0.04044230058945444,0.5507680860592103,6.610696135189607e-05,0.005636542957148878,0.018132087486323546,0.9999338930386481,0.17770917489055732,0.24109264524570412,0.27099889966771395,0.45334906096048566,0.7725430289283167,0.30335793250987947,0.0874173922728135,0.11461503122088154,0.49206548078231416,0.24719302542721544,0.7414078112373391,0.5868670041751453,0.011434138373929544,0.0782910289925848,0.0,0.013383868372269354,0.0,0.009725622001262047,0.3619802068474695,0.2561912660561941,0.0525932574361978,0.033261732950821105,6.610696135189607e-05,6.610696135189607e-05,0.0710100734699404,0.0931442542878505,0.3564567448308072,0.13669004443680355,0.06472033454706386,0.0,0.0002217724271154883,8.899922381025247e-05,0.0,0.0922564586794207,0.19906346989927826,0.969310984812463,0.701786328947284,0.02871350739538783,0.47089424912439287,0.0,0.07856590203216836,0.0018478506851672437,0.03128937002338138,0.00744752179960761,6.610696135189607e-05,0.26718413699245797,0.1790002196949348,6.610696135189607e-05,6.610696135189607e-05,0.5736259687781511,0.09076692663487977,0.4090267770897906,0.9112953273419678,0.7236410767238401,0.4964953336929221,0.42890818221819627,0.06337474184481648,0.05886101302324239,0.0,0.0,0.0,0.0,0.0
0.0006998041020296589,0.015525886034483896,0.004159939893108692,0.0007904098259072751,6.610696135189607e-05,6.610696135189607e-05,0.04283913911128251,0.008412912419480046,6.610696135189607e-05,0.9999450292070502,0.0,0.22404711427779386,0.0013592845312434337,0.16246411112745446,0.011572308877362871,0.3243748899673314,0.10375150243738536,0.15577498834298398,0.018885288619013105,0.21971862690236074,0.9711842591973782,0.5155148216229888,1.0,0.040460652653829456,0.5524993560219373,6.610696135189607e-05,0.005662628676648984,0.018172104059905908,0.9999338930386481,0.17774884919901918,0.24075801645023576,0.27084469180944903,0.4535941108340558,0.7723536378120807,0.3028148001497763,0.08707464889049196,0.11416660700559826,0.4914701608432419,0.24650608697902035,0.74124034167609,0.5868549139776977,0.01118863701672248,0.07775228389801657,0.0,0.012444885398076422,0.0,0.009709480048254773,0.3616099788610762,0.2557628246625806,0.05240724083639151,0.03319889629616145,6.610696135189607e-05,6.610696135189607e-05,0.07137996565805135,0.0930195340474107,0.35676725372232243,0.13611567024757998,0.06476160455315579,0.0,0.00018749102917073603,7.262283975212149e-05,0.0,0.09156093456441691,0.1984180192339556,0.9699260743642644,0.7025290891996226,0.02881574080262181,0.4720402929789348,0.0,0.07859696460722476,0.0019193787254996335,0.03132527098149177,0.007456671662320078,6.610696135189607e-05,0.2675783395695425,0.1784098481533554,6.610696135189607e-05,6.610696135189607e-05,0.5728934940161919,0.09153069194033936,0.40837648101927404,0.9115660665782646,0.7231817908377766,0.49688490743964314,0.42911902305364824,0.06344722132210774,0.0589520784453627,0.0,0.0,0.0,0.0,0.0
0.0006998041020296591,0.015524880229537638,0.00415432318767498,0.0007901221883382912,6.610696135189607e-05,6.610696135189607e-05,0.04265579081200566,0.008097285418262927,6.610696135189607e-05,0.9999450407797073,0.0,0.22513644805589886,0.0014356107750617697,0.163374474501608,0.01180172807174213,0.32480199307128704,0.10451827706861838,0.15631067836501208,0.01853280688295077,0.21952228500298765,0.9710857739510825,0.5153090128443046,1.0,0.040482574940337065,0.5541951539456516,6.610696135189607e-05,0.005687251334984135,0.018210250267155847,0.9999338930386481,0.17774829538461015,0.240446529853558,0.27069184850620504,0.45385787654389,0.7721442054362321,0.3022555017875798,0.08670575909379773,0.11369497100787788,0.49087102527150606,0.24583127544478786,0.741053396866678,0.5868128430517067,0.010948926212122796,0.07720924715804804,0.0,0.011570036495186979,0.0,0.009696520784454751,0.36125023480090857,0.2553490890025307,0.052229395613294205,0.033138818156709826,6.610696135189607e-05,6.610696135189607e-05,0.07172522038024459,0.09290626843060917,0.3570730814703287,0.13558234979578163,0.06482222142890817,0.0,0.00015864393184766794,5.9269385073065636e-05,0.0,0.09091245750899311,0.1978259450445399,0.9705182669049265,0.7032684678389644,0.028914226048917482,0.47312095066050835,0.0,0.07864560175024528,0.001998175991423712,0.031358095791387916,0.007465017485783556,6.610696135189607e-05,0.26782548674306245,0.17773077184106875,6.610696135189607e-05,6.610696135189607e-05,0.5722187566486194,0.09227344476798638,0.4077858287276132,0.9118586301311405,0.7227719105586664,0.49726797727167876,0.4293667314839251,0.06351586855571043,0.05905053353874138,0.0,0.0,0.0,0.0,0.0
0.000699804102029659,0.015523366662050968,0.004148851822031418,0.0007898430894636578,6.610696135189607e-05,6.610696135189607e-05,0.04248021830161327,0.007793922139322761,6.610696135189607e-05,0.9999450510534413,0.0,0.22617298874287323,0.0015166171810141198,0.16426099035695502,0.012039317077984793,0.3252033948645207,0.10526537093832705,0.1568230387986062,0.01819628446136461,0.2193332554071372,0.9709903120709809,0.5151048696701356,1.0,0.04050308344487139,0.5558561799179081,6.610696135189607e-05,0.005710299362774353,0.01824578395582381,0.9999338930386481,0.17775996242300554,0.2401384796989441,0.2705235854494165,0.4541117837484024,0.7719125728785545,0.3016862576612002,0.08631712223685954,0.11320904456337771,0.49027900330340973,0.24517232895133897,0.740844317647243,0.5867362185664178,0.010714484110617812,0.07666276156515678,0.0,0.010754672973685072,0.0,0.00968462378394937,0.36090235054794345,0.2549525791426773,0.05205979563974667,0.03308095462198189,6.610696135189607e-05,6.610696135189607e-05,0.07204835920246658,0.09279976854916357,0.35737131865353094,0.1350932847051339,0.06490184945232602,0.0,0.00013435737601794978,4.838220859868684e-05,0.0,0.09031160167945419,0.19728862972182779,0.9710892314280176,0.7040039830277061,0.029009687929019184,0.4741404573561794,0.0,0.07868958163115697,0.002077390955579638,0.03138822796870492,0.007472228601052775,6.610696135189607e-05,0.26803897000748156,0.1769914453938013,6.610696135189607e-05,6.610696135189607e-05,0.5716027683650392,0.09299414241631156,0.40723890414360053,0.9121662605821264,0.7223956077036494,0.4976332974100068,0.4296242761841403,0.06357870973497573,0.05915211291314829,0.0,0.0,0.0,0.0,0.0
0.0006998041020296591,0.015521574566381164,0.0041435484377284485,0.0007895692664141306,6.610696135189607e-05,6.610696135189607e-05,0.04234440405362091,0.007494774443981488,6.610696135189607e-05,0.9999450493386471,0.0,0.22715787605200796,0.001602587706674305,0.1651235079301683,0.012285092566283134,0.32558283078165257,0.10599253999413481,0.1573129207719665,0.017874652483289528,0.21915095741715346,0.9708976484438647,0.5149023985677419,1.0,0.040523291697682116,0.5574796618007357,6.610696135189607e-05,0.005732048893355899,0.01827963828814926,0.9999338930386481,0.1777685996916792,0.2398424308755754,0.2703524805134942,0.45436002122534963,0.7716670242364223,0.3011130876837658,0.08592125094925379,0.11272224477625623,0.4896989990283166,0.2445268742178767,0.7406188608815718,0.5866337262766769,0.010485279936106857,0.07611535701670383,0.0,0.00999477793505923,0.0,0.00967364827426736,0.3605679137922091,0.2545679154907134,0.051898458240490344,0.03302750758181909,6.610696135189607e-05,6.610696135189607e-05,0.07235306017582378,0.09269453897983598,0.35766037412513385,0.13464108579397957,0.06499745852797523,0.0,0.0001138962134726619,3.950417996274659e-05,0.0,0.08975279638195366,0.19679642816521417,0.9716400675806036,0.7047336855661427,0.029102351556135254,0.47510282349719896,0.0,0.07872947862352683,0.0021612651738225196,0.03141546266211985,0.007478503172410868,6.610696135189607e-05,0.26821954143851495,0.17619787847075757,6.610696135189607e-05,6.610696135189607e-05,0.571028300867144,0.09369188996959814,0.406731577736251,0.912476161344072,0.7220403510801028,0.4979764042254375,0.4298902950004707,0.06363580274233971,0.059256924786142515,0.0,0.0,0.0,0.0,0.0
0.000699804102029659,0.015519414316111894,0.004138285145736212,0.0007892896965894568,6.610696135189607e-05,6.610696135189607e-05,0.042200109787097005,0.007228068492528715,6.610696135189607e-05,0.999945055370443,0.0,0.22809329292772895,0.0016937870060254297,0.16595813005941912,0.012539059641956389,0.3259381977260877,0.10669997006372359,0.1577823180555106,0.017566919668445567,0.21897411532675706,0.970809806611656,0.5147004484260129,1.0,0.040543252319330834,0.5590652318519291,6.610696135189607e-05,0.005752546268155327,0.018311648014420756,0.9999338930386481,0.17777114747809328,0.23955905763877774,0.27018009366865803,0.45460455769166574,0.7714103580610888,0.30053682247827673,0.08551433608004776,0.11223452652271224,0.489128800688906,0.24389675777407482,0.7403797721927577,0.5865092711392186,0.010261180749881353,0.07556898904143976,0.0,0.009286750240246004,0.0,0.009663489424726196,0.3602466648665346,0.25419331232359427,0.051745130020261314,0.032977051872685466,6.610696135189607e-05,6.610696135189607e-05,0.07264358383349553,0.09259279287384269,0.35793901499284303,0.13422216368972323,0.06510636887772644,0.0,9.663823125117472e-05,3.2263173520089884e-05,0.0,0.08923277212399319,0.19634351004696232,0.972171899581673,0.7054568956318032,0.029190193388344114,0.4760128013337411,0.0,0.07876508453324527,0.0022528831043453707,0.031440418482957026,0.007483928844553717,6.610696135189607e-05,0.2683626677708385,0.1753083941090931,6.610696135189607e-05,6.610696135189607e-05,0.5704920272187449,0.09436747824918786,0.40626351571626795,0.9127918769139268,0.7217107051866175,0.4982998764956175,0.43016504449983756,0.0636874856195255,0.059364900758308525,0.0,0.0,0.0,0.0,0.0
0.0006998041020296591,0.015516920942929018,0.0041333992549112825,0.0007890047013864374,6.610696135189607e-05,6.610696135189607e-05,0.0420575689474011,0.006964894477720302,6.610696135189607e-05,0.9999450643088403,0.0,0.22898206021298417,0.0017905143544909758,0.16676381095909323,0.012801478596876036,0.32627514845574296,0.10738800224957101,0.15823121954084637,0.017271959978753394,0.2188022217258705,0.9707258877301548,0.514500522648227,1.0,0.04056306903429924,0.5606130095176081,6.610696135189607e-05,0.0057718378609463335,0.018342023594749363,0.9999338930386481,0.1777699483120185,0.2392841568883777,0.2700059255280359,0.45484721809216916,0.7711442505061402,0.29995564955382803,0.085087845944799,0.1117385400756561,0.4885651130782098,0.24327276773468148,0.7401287132059117,0.5863658219661516,0.010042025330731601,0.07502461807387811,0.0,0.008626935557819291,0.0,0.00965407589465105,0.359939017910785,0.25383300911615464,0.051597465299177206,0.03292934127994401,6.610696135189607e-05,6.610696135189607e-05,0.07291796321826845,0.09246606197896573,0.35820936133076525,0.13383418124406943,0.06522646123645696,0.0,8.206298114268289e-05,2.6356279321966784e-05,0.0,0.08874916488455649,0.19592661827469443,0.972686014690515,0.7061731602002514,0.02927411226984518,0.47687254179395383,0.0,0.07879571051494777,0.0023543173776490378,0.031463820596772336,0.007488464740401902,6.610696135189607e-05,0.2684641649338751,0.1743562294642716,6.610696135189607e-05,6.610696135189607e-05,0.5699800916033968,0.09502156824979033,0.4058358289967309,0.91312163970071,0.721415585984108,0.4986070520455922,0.4304520838095755,0.06373411965996086,0.0594763402183077,0.0,0.0,0.0,0.0,0.0
0.000699804102029659,0.015513975145799363,0.004095455787621071,0.0007887426359860161,6.610696135189607e-05,6.610696135189607e-05,0.04199695500621814,0.0067273215579106115,6.610696135189607e-05,0.9999452247309814,0.0,0.2298267075836332,0.0018930674633013916,0.16753878576562883,0.013072515710614711,0.3265955227510281,0.10805735920728735,0.1586611627615386,0.016989040553461378,0.218635605450619,0.9706443345153769,0.5143028355029973,1.0,0.04058286454591386,0.5621219881904029,6.610696135189607e-05,0.005790195102439797,0.018370971896095753,0.9999338930386481,0.1777648542949878,0.23901619018991946,0.2698379280024934,0.4550895380439691,0.7708692822197303,0.29936863711921374,0.0846352741556423,0.11122835385746813,0.48800502828824943,0.24265152800872733,0.7398675639778393,0.5862062028783199,0.009827782729210381,0.07448331716220022,0.0,0.008012029834627564,0.0,0.00964529324116984,0.3596433792987619,0.25348546514533077,0.0514567377134188,0.03288516847207406,6.610696135189607e-05,6.610696135189607e-05,0.07317792756831147,0.09236893831907467,0.35846909501404595,0.13347509288779125,0.06535556407934841,0.0,6.973845156661578e-05,2.15364039617669e-05,0.0,0.08829900557417171,0.19554142139750388,0.9731831767173282,0.7068810773871808,0.02935566548462315,0.4776851346623751,0.0,0.07882150340192487,0.002471445276608799,0.03148538735198935,0.00749218904965201,6.610696135189607e-05,0.2685132984265462,0.17330938513367425,6.610696135189607e-05,6.610696135189607e-05,0.569481998295185,0.09565562489247845,0.4054490912178047,0.9134716583810564,0.7211631219253365,0.49890091959717403,0.43075294924024454,0.06377607124070168,0.059591212962637675,0.0,0.0,0.0,0.0,0.0
0.0006998041020296591,0.015511873414256187,0.004076773240712588,0.0007884236032562727,6.610696135189607e-05,6.610696135189607e-05,0.04189905618451208,0.006491452869392613,6.610696135189607e-05,0.9999452394768746,0.0,0.2306307266620046,0.0020020595077187395,0.1682642137109075,0.013352762899768517,0.3269092506027643,0.10870360712880085,0.15904680730557155,0.016716889896294974,0.2184400848288335,0.9705543855282563,0.5140297558387513,1.0,0.040602967404929205,0.5636017033340626,6.610696135189607e-05,0.005807657041628065,0.018398549044635004,0.9999338930386481,0.17775643803073707,0.23874922801510454,0.26965578113463434,0.4553360460620615,0.7705866261820785,0.29877018332587907,0.08414145147371853,0.11069234369688852,0.4874423074362211,0.24202424807036715,0.7395924399093843,0.5860273994384702,0.009618265317007975,0.07394561785234939,0.0,0.0074389680997532385,0.0,0.009636660751318143,0.3593000983463511,0.2531738745014572,0.051316648323893876,0.032839171673322815,6.610696135189607e-05,6.610696135189607e-05,0.07341505445279856,0.09228868400006404,0.35872063741148197,0.13314236434239546,0.06549386696217445,0.0,5.930779170954597e-05,1.7602855116321626e-05,0.0,0.08788805221728513,0.19521152210418252,0.973664844786697,0.7076142973188171,0.02944561447174364,0.4785312760614955,0.0,0.07884063473622542,0.002576628370686537,0.0315173475555336,0.0074948443560373616,6.610696135189607e-05,0.2685860050052941,0.17210768400080523,6.610696135189607e-05,6.610696135189607e-05,0.5690588014351965,0.09627100947552605,0.4051052230499419,0.9138564890185628,0.7209841348004944,0.4991873268088941,0.43106650132686847,0.06381590074452978,0.05971427115177579,0.0,0.0,0.0,0.0,0.0
0.000699804102029659,0.01550900226271198,0.004065424674314698,0.0007881223724956024,6.610696135189607e-05,6.610696135189607e-05,0.041783635127012005,0.006249911775518789,6.610696135189607e-05,0.9999452516947397,0.0,0.2313931717664412,0.002117810323643337,0.16895673216537063,0.01364197623816788,0.3272141823962171,0.1093310409944689,0.1594111769961923,0.01645370979217516,0.21824508311145108,0.9704675763512628,0.5137676270406478,1.0,0.04062147435347314,0.5650472707046295,6.610696135189607e-05,0.005824528028570074,0.018424713545068576,0.9999338930386481,0.17773895581562996,0.2384876176323632,0.2694607488115759,0.45558399747145106,0.7703062583236422,0.2981808629600044,0.08365609104383487,0.11017277705407252,0.4868993285172155,0.24140391682199047,0.7393125790366304,0.5858350224728879,0.009414228685654072,0.07341714562361801,0.0,0.006904948403054741,0.0,0.009628342839274846,0.3589878761856178,0.25285775312103975,0.05118499628696273,0.03279477989996388,6.610696135189607e-05,6.610696135189607e-05,0.07364154168852356,0.09221560757404644,0.3589601139011966,0.13282932079239815,0.06563902857291845,0.0,5.048006171270559e-05,1.4391159430263538e-05,0.0,0.08750512423609831,0.19490997689351997,0.9741320615221708,0.7083377712649309,0.029532423648737243,0.47932742455629745,0.0,0.07885719801216004,0.0027098455258953184,0.03154233148447057,0.007496784426680231,6.610696135189607e-05,0.2685666054058859,0.1708889057819513,6.610696135189607e-05,6.610696135189607e-05,0.5686051322625477,0.09686442088395968,0.4047869367006359,0.9142260986325218,0.7208200107188442,0.4994443040851864,0.43138190078179256,0.06385125573280247,0.05984382363739984,0.0,0.0,0.0,0.0,0.0
0.0006998041020296591,0.015537797869125307,0.004057637830300771,0.0007878352969646892,6.610696135189607e-05,6.610696135189607e-05,0.04166181851467294,0.006009738354748574,6.610696135189607e-05,0.9999450830495132,0.0,0.2321209575008414,0.002240522455758545,0.16961254894417543,0.013940770097642956,0.3275075459806734,0.10994293461265242,0.15976277319545432,0.01619917628282401,0.21805850148306058,0.9703841722287717,0.5135242147577977,1.0,0.040640938881362824,0.5664490322638381,6.610696135189607e-05,0.005840687506284337,0.018449913596337,0.9999338930386481,0.17772205362179613,0.23826473637534534,0.26925521254947393,0.45582947893458914,0.7700202299241913,0.2975794326777595,0.08311743211416911,0.10961879938588004,0.4863458708108148,0.24077446906358677,0.7390253798198076,0.5856285569364754,0.009215132469005108,0.07289597264320073,0.0,0.006407299631287368,0.0,0.009620663836715147,0.3587012892096946,0.25254764175713623,0.05106080142228459,0.032752962324672584,6.610696135189607e-05,6.610696135189607e-05,0.07386198019747282,0.09214599798980982,0.35918913988796236,0.13253768805456725,0.06578760602624534,0.0,4.298927768130908e-05,1.1768651403811215e-05,0.0,0.08714852827338575,0.19462968251820031,0.9745856912481708,0.7090455258737387,0.029615827771228318,0.48006848561091486,0.0,0.07886832302319158,0.0028614863396007858,0.03156296397998522,0.0074978265172174945,6.610696135189607e-05,0.2684987480163507,0.16952812087192334,6.610696135189607e-05,6.610696135189607e-05,0.5681622861258419,0.09744208202124152,0.4045120037951538,0.9146420454300723,0.7207256623922632,0.4997015904401384,0.43171798495573993,0.06388315729415431,0.05997898734986993,0.0,0.0,0.0,0.0,0.0
0.000699804102029659,0.015514833427523552,0.004051424260422903,0.0007878346425560678,6.610696135189607e-05,6.610696135189607e-05,0.04154934981923263,0.005778638147779025,6.610696135189607e-05,0.9999452621401207,0.0,0.23283224345172504,0.0023705767963258756,0.1702500085465363,0.014249463626715107,0.32781615399183756,0.11054527853623124,0.16011904235938387,0.01595389883452891,0.21791897940025534,0.9703201764494357,0.5133908625910536,1.0,0.04066214031309206,0.5677953628069973,6.610696135189607e-05,0.005856092322584313,0.018474251596585035,0.9999338930386481,0.1777164956227502,0.23802298441206154,0.2690440021977269,0.45608027166375475,0.7697288165904884,0.2969366021734664,0.08252000894845307,0.1089925925585098,0.4857820174512864,0.24006588101239945,0.7387234631367161,0.5853905648110477,0.009020607002933875,0.07237397985859004,0.0,0.005941055145476464,0.0,0.009614332609074698,0.35840476317185677,0.2522652111479542,0.05094557355151065,0.03271672880860643,6.610696135189607e-05,6.610696135189607e-05,0.07407177177537291,0.09207380654580563,0.3594074770915488,0.1322673158831088,0.06593615696949633,0.0,3.662162262302015e-05,9.626754834598485e-06,0.0,0.08681653515022862,0.19436598768141955,0.9750254941625373,0.7097070407411546,0.029679823550564276,0.48066808226346985,0.0,0.0788706902162628,0.003003757938675504,0.03158069442400771,0.007497447601389505,6.610696135189607e-05,0.26845335958632516,0.16803108942928305,6.610696135189607e-05,6.610696135189607e-05,0.5677800334007228,0.09800386752640272,0.4042949974053124,0.9151094142552211,0.720720777272331,0.4999588921671638,0.43211796499576294,0.0639147231768239,0.06012440514814894,0.0,0.0,0.0,0.0,0.0
0.0006998041020296591,0.015537065154553473,0.0040466536783179295,0.0007875777631244285,6.610696135189607e-05,6.610696135189607e-05,0.04146391280648487,0.005555325440704328,6.610696135189607e-05,0.9999450817691301,0.0,0.2334838466266769,0.002508202643663445,0.17083923431715312,0.014566690240843895,0.328072051233919,0.11112276321594036,0.16044228258297974,0.01571628605047764,0.2177516214608433,0.9702429679940275,0.5131697143762264,1.0,0.04067939161094715,0.569132092326081,6.610696135189607e-05,0.0058704047103580684,0.01849569349292531,0.9999338930386481,0.177728031889721,0.23776469945888423,0.2688325682382392,0.45631108773449897,0.769443032432297,0.29633612296196477,0.08191836782060016,0.10841382537281523,0.4852408705713534,0.2394264313268339,0.7384354971573089,0.5851735796904921,0.00883101588974019,0.07186860757140957,0.0,0.005509044755358892,0.0,0.009607716502765613,0.3581798460593818,0.2519768984181631,0.05083294954032103,0.03268012405362339,6.610696135189607e-05,6.610696135189607e-05,0.074276940645029,0.09201147116127077,0.35961593911590306,0.13201277651937648,0.06609309449221479,0.0,3.122593174332832e-05,7.877260406185823e-06,0.0,0.08650523362252292,0.19411516054912217,0.9754526980597822,0.7103797709677471,0.029757032005972434,0.48132124086841477,0.0,0.0788743534464169,0.0031723967007517414,0.03159764683145667,0.007496425393101958,6.610696135189607e-05,0.2683320301729535,0.16644462806422028,6.610696135189607e-05,6.610696135189607e-05,0.5673835977169379,0.0985441910483266,0.4040869359191435,0.9155734295357364,0.7207157143782883,0.5001845619273966,0.43250151743924703,0.0639365060042277,0.06026897717740609,0.0,0.0,0.0,0.0,0.0
0.000699804102029659,0.01551055694118178,0.004042145313328959,0.0007875450687938067,6.610696135189607e-05,6.610696135189607e-05,0.041375035457036524,0.0053475331369707765,6.610696135189607e-05,0.9999452602562603,0.0,0.23412022767681112,0.0026538613363057163,0.17140366884054753,0.014894011764184546,0.32833479509534524,0.11169317182995318,0.16077119330437104,0.015488219197591515,0.21762749663534625,0.9701849954953661,0.5130419071319369,1.0,0.04070017598080384,0.5704026428109988,6.610696135189607e-05,0.005884714446429113,0.018517573904996403,0.9999338930386481,0.17773178559436187,0.23752374481695535,0.26862175279660155,0.4565532052109565,0.7691544764208363,0.29569372188101156,0.08125764162892714,0.10777027478789028,0.4846820593587767,0.23871271915848535,0.738133709757797,0.5849321790452908,0.008645442754974997,0.07136308696305801,0.0,0.005104974988188835,0.0,0.009602530406903865,0.3579237840813933,0.2517069947576339,0.050728590631918785,0.032648333498739614,6.610696135189607e-05,6.610696135189607e-05,0.07447583083501695,0.09194750532236033,0.35981444557885023,0.13177456119216255,0.06624665761241418,0.0,2.6631548913299728e-05,6.4476846846885955e-06,0.0,0.08621390773404317,0.1938710806559995,0.9758663380474335,0.7110094164015958,0.029815004504633938,0.4818531178798743,0.0,0.07886847450899269,0.0033403378049322026,0.031613083519329156,0.007494541328474988,6.610696135189607e-05,0.26820713132056007,0.16470794620933685,6.610696135189607e-05,6.610696135189607e-05,0.5670309466413568,0.09907096238700118,0.4039393928297631,0.9160884970347671,0.7207994248226489,0.5004174811923542,0.43295248574616935,0.0639592106782066,0.06042554699433873,0.0,0.0,0.0,0.0,0.0
0.0006998041020296591,0.015530456178595853,0.0040384843458497535,0.0007872504502776149,6.610696135189607e-05,6.610696135189607e-05,0.04127635770590284,0.005153402465552412,6.610696135189607e-05,0.999945090704206,0.0,0.2347002790963827,0.002807785558440838,0.17191371577628656,0.015230157122687776,0.32854412951551154,0.11223955700480709,0.16106622109622035,0.015267210034644626,0.21747098096599016,0.9701137514450244,0.5128208260718982,1.0,0.04071742878264125,0.5716615868493043,6.610696135189607e-05,0.005897966791301331,0.018537526972724455,0.9999338930386481,0.17771800881858413,0.2373086762668716,0.26840456635218995,0.4567974520692222,0.7688721362113413,0.2950876543828193,0.08057571901094787,0.10715864339951985,0.48413855138249207,0.23806136511896453,0.7378474933586568,0.5847154003171345,0.008464293827270701,0.070873948345416,0.0,0.004730870259565677,0.0,0.009596843738972188,0.3577277703139776,0.25143320700963345,0.05062416633327193,0.032615415449057,6.610696135189607e-05,6.610696135189607e-05,0.07467045627962735,0.09189404913408088,0.3600043493927716,0.1315504505174606,0.06640619394242768,0.0,2.273006604210364e-05,5.279397193332093e-06,0.0,0.08594051209970983,0.19363637284811622,0.9762684961380846,0.7116550706885939,0.02988624855497553,0.4824483036685362,0.0,0.07886199367539604,0.003522630335596887,0.031628994761234146,0.007491829178725235,6.610696135189607e-05,0.2680382322397463,0.16286798922828236,6.610696135189607e-05,6.610696135189607e-05,0.566692989531835,0.09957741327119811,0.40380587257837036,0.9166164954306113,0.7209049107581516,0.5006260120976268,0.43339450536552393,0.06397243753682628,0.06058200573852893,0.0,0.0,0.0,0.0,0.0
0.000699804102029659,0.015535774262191455,0.004034888758678891,0.000787206870066157,6.610696135189607e-05,6.610696135189607e-05,0.041187380123806266,0.004979507350719369,6.610696135189607e-05,0.9999450871856363,0.0,0.23526462458752562,0.002970535311477335,0.1723981737352798,0.015576451168026795,0.32876321649960416,0.11277999649819077,0.1613660133153849,0.015054764909330151,0.2173548766067422,0.9700594598930877,0.5126928385513202,1.0,0.040736711239089916,0.5728639497944821,6.610696135189607e-05,0.0059108443414191,0.018557542086393524,0.9999338930386481,0.17771604153392795,0.23707363093603814,0.2681774545436501,0.45704905226763354,0.7685821038193081,0.29444459694437897,0.07985312021777709,0.10649255900352754,0.48358510870439886,0.23733743363331625,0.7375459632166431,0.5844708840311023,0.008286739959018598,0.07038424752207974,0.0,0.004381109023658129,0.0,0.009592383314162472,0.357496583786909,0.2511849696029484,0.050525983678192506,0.03258665793637342,6.610696135189607e-05,6.610696135189607e-05,0.07485441840409351,0.09184026735485708,0.3601854589570935,0.13134522988414876,0.06656320147519254,0.0,1.9404802135385135e-05,4.3241288226969815e-06,0.0,0.0856868317872073,0.19341202661875076,0.9766584951316513,0.7122608758711781,0.029940540106912314,0.48292605242502173,0.0,0.07884569874476732,0.0037258326145901827,0.031643756607725296,0.007488229593221957,6.610696135189607e-05,0.26780272934164456,0.16093018989464686,6.610696135189607e-05,6.610696135189607e-05,0.5663446496137791,0.10007266629654307,0.40372757699290285,0.9171763444707456,0.7210898624590573,0.5008341159987516,0.4338993498670797,0.0639872084979588,0.060751076034762125,0.0,0.0,0.0,0.0,0.0
0.0006998041020296591,0.015536940214592626,0.004031625030547032,0.0007872023656982092,6.610696135189607e-05,6.610696135189607e-05,0.04110538194807229,0.004793840262476598,6.610696135189607e-05,0.9999450906190884,0.0,0.23579794937030432,0.0031423556423042227,0.17284268952828302,0.015932655176259,0.32896301722220667,0.11330543491900526,0.16165000861389076,0.014849300273229797,0.2172435720797022,0.9700092857507245,0.5125703526317321,1.0,0.040755711542354724,0.5740355549415292,6.610696135189607e-05,0.005923518481741754,0.018576856833697173,0.9999338930386481,0.1777132873442891,0.23683339373419698,0.26793675801664807,0.45730737183184456,0.7682947963223696,0.2937954250696302,0.07907242290078294,0.10579042723998376,0.48302545730284346,0.23659439205867142,0.7372476079493646,0.5842300422038011,0.008113288910514663,0.06990371894589197,0.0,0.0040556458926578045,0.0,0.00958824771487944,0.35728918393161746,0.2509479309331719,0.05043260925428428,0.03255971260563384,6.610696135189607e-05,6.610696135189607e-05,0.07502911450259715,0.09179230639149462,0.36035686333677697,0.13115305302502703,0.06672010618709996,0.0,1.657108716438923e-05,3.54294241621175e-06,0.0,0.08544938291595729,0.19319416585941035,0.9770374108162555,0.7128527089744058,0.029990714249275414,0.4833740014756101,0.0,0.07882446484038225,0.0039585527768268725,0.03165754890087269,0.007483591959406568,6.610696135189607e-05,0.2674949224402411,0.15881613951141135,6.610696135189607e-05,6.610696135189607e-05,0.5659847273978839,0.10055215065260334,0.4036865193729657,0.9177852214569129,0.7213503121445689,0.5010383445784813,0.434442590719122,0.06399757421567288,0.060925783322897775,0.0,0.0,0.0,0.0,0.0
0.000699804102029659,0.015535545676386544,0.004028765102824451,0.0007872024689810711,6.610696135189607e-05,6.610696135189607e-05,0.041026967683915165,0.004619178579473983,6.610696135189607e-05,0.999945091352438,0.0,0.23630303110268117,0.003323533253957052,0.17324022314998372,0.01629931862496531,0.3291419837377039,0.11381854606630085,0.16192078556467746,0.01465088250752931,0.21713429402585582,0.9699591434806575,0.5124413118333444,1.0,0.04077518497149928,0.5751703297169851,6.610696135189607e-05,0.005936054000607722,0.018595794012549106,0.9999338930386481,0.1777142799828479,0.23659595205645165,0.26768024464147233,0.457571806467274,0.7680055850682521,0.2931300324263693,0.0782063143737616,0.10503520027602561,0.48244496154450983,0.23582405993979466,0.7369496403748232,0.583989822018264,0.007943723002536153,0.06943259571850761,0.0,0.0037530669212939684,0.0,0.009584418501890011,0.35709675177400624,0.25071941164729855,0.05034443553151841,0.03253383600881264,6.610696135189607e-05,6.610696135189607e-05,0.07519887622745601,0.09174664239796229,0.3605190247683357,0.13097427719457205,0.06687528089992646,0.0,1.4153450464917822e-05,2.9039149821925172e-06,0.0,0.08522746672938221,0.19298166379852072,0.9774053944899346,0.7134331102556366,0.0300408565193425,0.48380562124536164,0.0,0.07879578241458297,0.0042026573082381445,0.03167136570592404,0.0074777051917277,6.610696135189607e-05,0.26716186078611054,0.15648626259934437,6.610696135189607e-05,6.610696135189607e-05,0.5656604585936085,0.10102013773717589,0.4036916555710231,0.9184701523722814,0.7217104231235258,0.5012528159155427,0.43503395632250147,0.06400434682949371,0.061107728618537804,0.0,0.0,0.0,0.0,0.0
0.0006998041020296591,0.015532758808089716,0.004026155489487516,0.0007871737731237216,6.610696135189607e-05,6.610696135189607e-05,0.04095213935088343,0.004446854477805035,6.610696135189607e-05,0.9999450934197404,0.0,0.236776252131214,0.003514431034608211,0.1735892451065573,0.016676212608898344,0.3292977303745547,0.11431930424085532,0.16217769556164435,0.014459247167887471,0.21702600500300284,0.9699091606014841,0.5123052693761455,1.0,0.040794148367264735,0.5762729992678292,6.610696135189607e-05,0.00594824300037381,0.01861440670923674,0.9999338930386481,0.1777190201807023,0.2363547965764941,0.2674116955918629,0.4578415230413159,0.7677165091897561,0.2924563748754829,0.07727810143766564,0.1042475704987682,0.4818567559203598,0.23502999127993454,0.7366537969872248,0.5837509973426883,0.007777918810583444,0.06897093062509214,0.0,0.003471893763162034,0.0,0.009580808423041046,0.35691710460745135,0.2504973872395667,0.05025929068173561,0.03250900416735323,6.610696135189607e-05,6.610696135189607e-05,0.07536378833942971,0.09170588198501693,0.3606721857934402,0.13080811690012695,0.06702982240575436,0.0,1.2091474089593824e-05,2.381024368696125e-06,0.0,0.08501970971617262,0.19277290024494523,0.9777628340215291,0.7140030643719051,0.030090839398515864,0.48422283686069245,0.0,0.0787598756254676,0.004476576551186107,0.03168520861059392,0.007470574883465205,6.610696135189607e-05,0.2667466950354937,0.15397607104555622,6.610696135189607e-05,6.610696135189607e-05,0.5653291323825155,0.10147537391011702,0.4037375505875487,0.9192074675277261,0.7221510929205849,0.5014646504463732,0.43567227834551087,0.06400718905574722,0.06129840685072208,0.0,0.0,0.0,0.0,0.0
0.000699804102029659,0.015528613766776188,0.004023700818013503,0.0007871318632869538,6.610696135189607e-05,6.610696135189607e-05,0.04088133583789161,0.004306772463302396,6.610696135189607e-05,0.9999450910288395,0.0,0.2372208850961888,0.0037152991003575656,0.17388406449987018,0.017063876658401252,0.32943109908179,0.11480942378962482,0.1624218063879777,0.014274016572176248,0.2169181607963668,0.9698591357862816,0.51216312292217,1.0,0.04081391281973388,0.5773395352959007,6.610696135189607e-05,0.005960329341414989,0.018632948360880884,0.9999338930386481,0.17773108488862613,0.23611119083832502,0.26712937736008757,0.4581170719642839,0.767425704202367,0.29176373272623646,0.07626152242854474,0.10340503972465939,0.4812471939164045,0.23420009761299213,0.7363588551504008,0.5835126834193177,0.007615737591686895,0.06851835726572642,0.0,0.003210688142448253,0.0,0.009577436779927707,0.35674592227396495,0.25028155378187694,0.05017746007739575,0.03248502587037302,6.610696135189607e-05,6.610696135189607e-05,0.07552494674651505,0.09166879632510279,0.3608171717251209,0.13065421833571864,0.06718221094133345,0.0,1.0330623894356214e-05,1.953024281509443e-06,0.0,0.08482504037418107,0.1925663955709972,0.9781102458361368,0.7145634819379068,0.03014086421371846,0.4846261889353818,0.0,0.07871515721503138,0.004761407723081789,0.03166575698608307,0.007461919310138228,6.610696135189607e-05,0.26630297869286434,0.15138135590303758,6.610696135189607e-05,6.610696135189607e-05,0.5651302624771756,0.10192007746191442,0.40383317123624135,0.9200231784710977,0.7227005651515761,0.5016869764009128,0.4363688033052179,0.06400668068579345,0.061499114621707394,0.0,0.0,0.0,0.0,0.0
0.0006998041020296591,0.015523921882324487,0.004021722699860748,0.000787057685051192,6.610696135189607e-05,6.610696135189607e-05,0.040816104422580525,0.00415986549193999,6.610696135189607e-05,0.9999450928228729,0.0,0.23762414214124455,0.0039261622222603884,0.1741189361865256,0.017461219465684016,0.32953330873733744,0.115287450776491,0.16265067340781006,0.014094729441475995,0.21681039032322286,0.969811354504082,0.5120173780912776,1.0,0.040832365515405734,0.5783803112642203,6.610696135189607e-05,0.005972195038710894,0.01865147774565641,0.9999338930386481,0.17771463005046462,0.2358676715007179,0.26683804097015584,0.45842139345892263,0.7671309306965145,0.2910565521807221,0.075179468514705,0.10252723764719657,0.48062104664002764,0.23333383144294897,0.7360642405261933,0.5832741433807039,0.007457093449962666,0.06807467074084307,0.0,0.0029681009497087895,0.0,0.009574219414649763,0.35658057768980944,0.2500718071954185,0.0500968430752964,0.032461767571482135,6.610696135189607e-05,6.610696135189607e-05,0.07568001010792064,0.09163984264694486,0.3609545772601564,0.13051299859385065,0.06733702719708998,0.0,8.8298766366099e-06,1.602848631490945e-06,0.0,0.08464436010017841,0.1923653667794338,0.9784481771085614,0.715114938935934,0.030188645495918057,0.4850145209590137,0.0,0.07865630227785872,0.005071415983911665,0.03166910673349081,0.007451522693479837,6.610696135189607e-05,0.2657642425533474,0.14854185214523102,6.610696135189607e-05,6.610696135189607e-05,0.5649197467768075,0.10235607070963484,0.4039822784809434,0.9208943692630346,0.7233449962896413,0.5019161310456568,0.43713285981971367,0.06400394859713732,0.061709816432052166,0.0,0.0,0.0,0.0,0.0
0.000699804102029659,0.015518279590989838,0.004019689973739558,0.0007869982103212708,6.610696135189607e-05,6.610696135189607e-05,0.04075661017215265,0.004009756768476229,6.610696135189607e-05,0.9999450949963987,0.0,0.2379928788508455,0.004147341310346367,0.17429139841701574,0.017868913742197574,0.32960922621456107,0.11575678031404382,0.16286818137780812,0.013920918969765089,0.21670243689565594,0.9697645251648546,0.51186837375633,1.0,0.040851178815601415,0.579395101339706,6.610696135189607e-05,0.005983918351786402,0.01866928094015593,0.9999338930386481,0.1777253297498815,0.2356101633138946,0.2665202115196963,0.45872372924654087,0.7668281232508657,0.29033185190532024,0.0740182970109977,0.10160036258990084,0.47997870882905647,0.23243675010105638,0.7357667977780806,0.5830310721796415,0.00730181374449669,0.06763947311361666,0.0,0.002742878560106841,0.0,0.009571193612570507,0.35642400230839677,0.2498692813549612,0.0500198070089055,0.03243911557229128,6.610696135189607e-05,6.610696135189607e-05,0.07583146968110716,0.09161353054809895,0.36108361310818166,0.130386305458751,0.06749160089196565,0.0,7.5481498193137175e-06,1.3160607594477908e-06,0.0,0.08447707343835482,0.1921683223124463,0.9787772672857382,0.7156580899907273,0.030235474835145396,0.48538874768356327,0.0,0.07858746678761261,0.0054223981605225225,0.03167749084672355,0.0074397675000185725,6.610696135189607e-05,0.26510413389198895,0.14546122800008365,6.610696135189607e-05,6.610696135189607e-05,0.564680219234271,0.10278557129038335,0.4041836683518687,0.921834361678656,0.7241006908432641,0.5021510613679865,0.4379540236843826,0.06399934846952073,0.06193242413010415,0.0,0.0,0.0,0.0,0.0
0.0006998041020296591,0.015511551551452394,0.004017591486267678,0.0007869477269114119,6.610696135189607e-05,6.610696135189607e-05,0.04070159828601154,0.003879725498673533,6.610696135189607e-05,0.9999450940756182,0.0,0.23833321661555745,0.004378929816688733,0.17439473585528784,0.01828783012013461,0.3296622207707359,0.1162187499047495,0.16307468704065897,0.013752296908893595,0.21659438395713881,0.9697179184663196,0.5117154548488014,1.0,0.04087243735101985,0.5803741969069988,6.610696135189607e-05,0.005995858316946865,0.018687662034454745,0.9999338930386481,0.1777536205793892,0.23534821032027733,0.2661867723447714,0.4590288689179687,0.766522263339466,0.28957599395839123,0.07273814074049935,0.1005935655575646,0.47930353799099573,0.23148718547024016,0.7354689706391385,0.5827876053290084,0.007149874474582033,0.06721257799936929,0.0,0.002533842223911727,0.0,0.009568367468939595,0.3562738690755542,0.2496701732950425,0.04994604716801316,0.032417428667084525,6.610696135189607e-05,6.610696135189607e-05,0.07598143555218953,0.0915896322264262,0.36120533155311707,0.1302700812617027,0.06764283587826418,0.0,6.451577380518924e-06,1.0810656874580657e-06,0.0,0.08431991744428545,0.19196923243359326,0.9790978286165244,0.7161930380434919,0.030282081533680418,0.48575070292728684,0.0,0.0785070705269372,0.005810088674732919,0.03168717126309145,0.0074263314572211424,6.610696135189607e-05,0.26436189486820305,0.14211258398946916,6.610696135189607e-05,6.610696135189607e-05,0.5644317157741443,0.10320765539883127,0.4044479535477873,0.9228829294428119,0.7250052470097671,0.5024075508231822,0.438850593759024,0.06399236201182656,0.06216847519673925,0.0,0.0,0.0,0.0,0.0
0.000699804102029659,0.015504040019655633,0.004015575626786379,0.0007868870690619648,6.610696135189607e-05,6.610696135189607e-05,0.04065286262520988,0.00374659867352601,6.610696135189607e-05,0.999945096128407,0.0,0.2386445163627474,0.004620931991717188,0.17442250622553332,0.01871818427731893,0.3296891626748911,0.11667310553221193,0.16326862779749407,0.013588452615100994,0.216485605598233,0.9696728504419168,0.5115589657874345,1.0,0.04089533328311601,0.5813191610360484,6.610696135189607e-05,0.006008015258893258,0.018706677701478925,0.9999338930386481,0.17779796107356932,0.23508020915383032,0.2658374721339539,0.4593388946720392,0.7662158420999827,0.2887865343776385,0.07132893620755412,0.09949957933887679,0.47859350467794076,0.23047428446902066,0.7351734836563601,0.5825457297591199,0.007001222754094283,0.06679352844531565,0.0,0.0023398676027725444,0.0,0.009565619797974741,0.35612986088118753,0.24947412727860122,0.04987364644154102,0.03239639760214632,6.610696135189607e-05,6.610696135189607e-05,0.07612860330396298,0.0915712234666025,0.3613202408292985,0.13016292708289953,0.06779096699406588,0.0,5.513065006133854e-06,8.884399363029522e-07,0.0,0.08417118852143275,0.19176600904100044,0.9794103246308047,0.7167208659564513,0.030327149558083286,0.48610116660979297,0.0,0.07841409043418256,0.006264481053580049,0.03169761295653988,0.007411090039903215,6.610696135189607e-05,0.2634546059314973,0.13845696989414,6.610696135189607e-05,6.610696135189607e-05,0.5641316500928334,0.10362123081711777,0.40477798226554823,0.9240501318007287,0.7260724013705837,0.502687422604804,0.4398365528560882,0.06398222228999519,0.06241963340238563,0.0,0.0,0.0,0.0,0.0
0.0006998041020296591,0.015495172777722938,0.004013616016169909,0.0007868431031272721,6.610696135189607e-05,6.610696135189607e-05,0.040610583219605215,0.00361633094149006,6.610696135189607e-05,0.9999450976269874,0.0,0.23893247310953308,0.0048730635199511155,0.1743616893390073,0.019161134211455433,0.3296891927046907,0.1171220339680987,0.16345161004600292,0.013428991193295436,0.2163754312647908,0.9696284328655564,0.5113977669528067,1.0,0.04092140179185185,0.5822224802714399,6.610696135189607e-05,0.006020750758801725,0.018726802282729313,0.9999338930386481,0.17786416343270048,0.2348070080198759,0.2654657341162574,0.45965681343985565,0.7659058440433593,0.2879406261151835,0.0697310191432955,0.09826862431180161,0.47781944557236294,0.2293675189467671,0.7348793250479778,0.5823036235232638,0.006855787182190225,0.06638175855218217,0.0,0.0021599064022337273,0.0,0.009562945798526588,0.35598878062184613,0.2492811009606085,0.04980364541622905,0.032375671483459906,6.610696135189607e-05,6.610696135189607e-05,0.07627479951797883,0.09155514134618424,0.36142931139617623,0.13006457190924733,0.06793380820374481,0.0,4.708370846244252e-06,7.304835852438387e-07,0.0,0.08402956457893235,0.19155672714691835,0.9797152216245143,0.717242810183027,0.030371567134443563,0.48644232664495957,0.0,0.07830456219077872,0.006760179429182886,0.03170888359271649,0.007404889770185684,6.610696135189607e-05,0.26246618236185004,0.13441612521378324,6.610696135189607e-05,6.610696135189607e-05,0.5638177762861637,0.10402958404739333,0.40519309257153857,0.9253959173367534,0.7273649779783448,0.5030186897325963,0.4409432883485422,0.0639690764049912,0.06268803928381504,0.0,0.0,0.0,0.0,0.0
0.000699804102029659,0.015485450734584454,0.004011679380988582,0.0007867420116580056,6.610696135189607e-05,6.610696135189607e-05,0.04057358497725276,0.0034898467385216527,6.610696135189607e-05,0.9999450991946008,0.0,0.23919166203189915,0.0051351823370325575,0.17420830210297167,0.019616422782723863,0.32965763574272294,0.11756526348912959,0.16362232871902577,0.013273509584370551,0.2162628074298119,0.9695844489416001,0.5112303165478793,1.0,0.04094896021364718,0.5830915728156284,6.610696135189607e-05,0.006033242514617472,0.018748038284593725,0.9999338930386481,0.17795097347869598,0.23452056409391686,0.2650891974660655,0.45998271987208805,0.7655976225476142,0.2870478171602089,0.06796215945782397,0.09691888876371108,0.4769877609721857,0.22816206642654246,0.7345899948797939,0.5820647878972313,0.006713553371340079,0.06597699282834604,0.0,0.001992986790231624,0.0,0.009560224851605712,0.35585368323784183,0.24909017823962717,0.049734150208653405,0.03235519817716523,6.610696135189607e-05,6.610696135189607e-05,0.07642198223617437,0.09154378999804517,0.3615323603353169,0.12997029198544016,0.06807072987526498,0.0,4.019190524802751e-06,6.008613376453492e-07,0.0,0.08389283526305706,0.1913392411582257,0.9800129370442894,0.717760199741842,0.03041555105839985,0.48677669666188905,0.0,0.07814715055208724,0.007298082851360584,0.031722224967903036,0.007389111673345894,6.610696135189607e-05,0.2613884805738541,0.13007717648183073,6.610696135189607e-05,6.610696135189607e-05,0.5636394150925743,0.10443208546694556,0.40568979093262697,0.9269026582051435,0.7288687899427925,0.5033952153837528,0.4421802978307346,0.06395190636801933,0.06297364222551723,0.0,0.0,0.0,0.0,0.0
0.0006998041020296591,0.01547489004979106,0.004009707273094923,0.0007866727140166216,6.610696135189607e-05,6.610696135189607e-05,0.04054207241269363,0.0033679119727224194,6.610696135189607e-05,0.9999451003611296,0.0,0.23940744344161555,0.005406419762731072,0.17394305048255781,0.020082553268956204,0.3295770972031914,0.11800163350485497,0.16377839198211885,0.013121661778345813,0.21614763784469057,0.9695408753343162,0.5110568360110582,1.0,0.040978795405894185,0.5839308588630788,6.610696135189607e-05,0.006046491865414418,0.018770308964456958,0.9999338930386481,0.17805805533269983,0.23422456184846271,0.26468502572406377,0.4603165748714446,0.7652881015510479,0.2861079361953849,0.06602716240256588,0.09545150064807312,0.47610897740453384,0.22686594805024093,0.7343057943283213,0.5818293650585474,0.006574478700062491,0.0655784839871565,0.0,0.0018381867683026252,0.0,0.00955753713483007,0.3557222916606433,0.2488998938672126,0.04966650188636911,0.032334763533423044,6.610696135189607e-05,6.610696135189607e-05,0.07656895854056009,0.09153440558982028,0.36163055198107785,0.12987998556781696,0.06820425304279834,0.0,3.428970770498264e-06,4.944646908684506e-07,0.0,0.08375905693469972,0.19110930391479597,0.9803038595215917,0.718273878168153,0.03045912466568384,0.48710497722063917,0.0,0.07799277841944019,0.007901223776261722,0.03173241835226524,0.0073686052974287495,6.610696135189607e-05,0.26008188693868883,0.12540145131832822,6.610696135189607e-05,6.610696135189607e-05,0.5634354945976463,0.10483191288113511,0.40628036732020123,0.9285664178347031,0.7306020198985985,0.5038079748618192,0.4435569547465677,0.06393351523212404,0.06328293904453783,0.0,0.0,0.0,0.0,0.0
0.000699804102029659,0.01546296595891639,0.004007800845313123,0.0007866342344428505,6.610696135189607e-05,6.610696135189607e-05,0.04051758820370036,0.0032514443164550436,6.610696135189607e-05,0.9999451009049736,0.0,0.23958867383280952,0.005686221262518415,0.17355903695844607,0.0205612443232138,0.3294543797408444,0.11843443872226009,0.16392211293048345,0.012973102064408706,0.21602978247860455,0.9694978972702003,0.5108775314868929,1.0,0.041011149309630256,0.5847337302869889,6.610696135189607e-05,0.006060771074472726,0.018794099717656696,0.9999338930386481,0.17819163998515533,0.23391695708924676,0.2642493607229686,0.46066081524238234,0.7649770253811871,0.28510553030040403,0.06388891082546365,0.09383543319349183,0.4751623300507227,0.22545332605396215,0.7340256738832157,0.5815951688346116,0.006438507594183544,0.06518563582266064,0.0,0.0016946543226219995,0.0,0.009554755781481555,0.355590812204644,0.24871042241144845,0.04960001832059132,0.03231436033969709,6.610696135189607e-05,6.610696135189607e-05,0.07671582778684363,0.09152740261261809,0.36172457980449524,0.129795538376214,0.06833545214186808,0.0,2.9232624082550794e-06,4.0712757689350357e-07,0.0,0.08362763249545875,0.19086643339477555,0.9805883903414078,0.7187845816987348,0.03050210272979964,0.48742781419048525,0.0,0.07782032227618363,0.008580519517701526,0.0317426386660597,0.007344672925798775,6.610696135189607e-05,0.25858859542935175,0.1203772789544974,6.610696135189607e-05,6.610696135189607e-05,0.5632076771847538,0.10522743624259893,0.4069703437249184,0.930424867912018,0.7326026065856539,0.5042760184984867,0.4450922942051934,0.06391225489906541,0.06361628484012942,0.0,0.0,0.0,0.0,0.0
0.0006998041020296591,0.015449487833122024,0.004005951309483258,0.0007866188142775104,6.610696135189607e-05,6.610696135189607e-05,0.0405012512151816,0.0031389533506381182,6.610696135189607e-05,0.9999451015040913,0.0,0.23973659279103515,0.005973506999823588,0.17304021283276533,0.021053226602755607,0.32928285488448966,0.1188650597219101,0.16405345037700592,0.0128274212945602,0.21590812217029087,0.96945557449804,0.5106909110976946,1.0,0.04104681384732764,0.5854965245171649,6.610696135189607e-05,0.00607624414207744,0.018819816595770616,0.9999338930386481,0.17835567997654964,0.23359568340385523,0.26377996321011576,0.4610176734419072,0.7646620145018396,0.284025492967362,0.061513172856219475,0.09203865210379945,0.4741266748970059,0.2239001627190398,0.733750002691841,0.5813623934094827,0.006305633496086245,0.06479824049070616,0.0,0.001561610354522375,0.0,0.009551874420877383,0.35545953384432594,0.24852020043675402,0.0495342193226889,0.032293786865125164,6.610696135189607e-05,6.610696135189607e-05,0.0768632548570915,0.09152337361973671,0.3618148137788107,0.12971632420324825,0.06846417519590099,0.0,2.4897151913781915e-06,3.3540997207282515e-07,0.0,0.08349682193394953,0.19060796641338093,0.9808669452093536,0.719293637339003,0.030544425501960057,0.48774747854778294,0.0,0.0776244976604878,0.009330789136112178,0.03175324953226966,0.007317468263206349,6.610696135189607e-05,0.25692590224215006,0.11497452588416118,6.610696135189607e-05,6.610696135189607e-05,0.5629950768963883,0.10562166129491213,0.40777373904570186,0.9325133201439569,0.7349186453482438,0.5048197630902664,0.4468169823964705,0.06388811565229952,0.0639761898001305,0.0,0.0,0.0,0.0,0.0
0.000699804102029659,0.015434509837553576,0.004004127553158338,0.0007866218259893467,6.610696135189607e-05,6.610696135189607e-05,0.040493373141168916,0.003038211910855677,6.610696135189607e-05,0.9999451006093384,0.0,0.23984680438157516,0.006266948373955474,0.1723710321343804,0.02155843697265636,0.32905273067006224,0.11929383288042783,0.16417139811598253,0.012684215676116089,0.21578151504343238,0.9694137737913577,0.5104951376958493,1.0,0.04108539604187816,0.5862213471743065,6.610696135189607e-05,0.006092954451500247,0.018847645897827527,0.9999338930386481,0.1785181235092956,0.23326172087474922,0.26327549503403075,0.46141419790401383,0.7643429393977499,0.28286384039998147,0.05889305268097717,0.09005286455317144,0.4729976908820723,0.22219304126265033,0.7334804753361844,0.581132040476481,0.006175839238010992,0.0644158352125427,0.0,0.0014383200183933362,0.0,0.009548820419286131,0.3553288147218881,0.24832792983965432,0.049468746263380096,0.032272800762825245,6.610696135189607e-05,6.610696135189607e-05,0.07701219371644683,0.091522512478518,0.3619016122721749,0.129641294773424,0.06859198274711849,0.0,2.1182366675813984e-06,2.764950132270575e-07,0.0,0.08336472043384463,0.1903310393178962,0.9811399450858729,0.7198026497440249,0.030586226208642285,0.4880665422857574,0.0,0.07740228269456449,0.010180972289843082,0.03176415234591336,0.007286995223936158,6.610696135189607e-05,0.2550102717241638,0.10923796948958892,6.610696135189607e-05,6.610696135189607e-05,0.5627513374834544,0.10601576582882612,0.4086973724713249,0.9348399989450673,0.7375739850757806,0.5054435956502582,0.4487542280672873,0.06386097134954305,0.06436552208964025,0.0,0.0,0.0,0.0,0.0
0.0006998041020296591,0.015417401487996944,0.004002390740599461,0.0007866406399711691,6.610696135189607e-05,6.610696135189607e-05,0.04049747533810182,0.0029446409195958228,6.610696135189607e-05,0.9999450999904963,0.0,0.23992006401320015,0.00656467450364972,0.17152817241363247,0.022077664468739495,0.3287532546487684,0.1197238377978402,0.1642779012839827,0.012543092027745712,0.21564928393801916,0.9693730840715817,0.5102896860969318,1.0,0.04112752775678915,0.5869084557563564,6.610696135189607e-05,0.006111027920087504,0.01891076509350446,0.9999338930386481,0.17873130077772909,0.23290495135696146,0.2625367162880881,0.46179870834575787,0.7640069824872033,0.28159835406864364,0.0559892719490006,0.08783317945036748,0.4717432573115368,0.22030630551522218,0.733211469640374,0.5808983750544506,0.00604902963760374,0.06403758329989205,0.0,0.0013240931666845027,0.0,0.009545574595284835,0.355197322300181,0.24813560752606584,0.04940287208056576,0.032251266841704554,6.610696135189607e-05,6.610696135189607e-05,0.07716207953430927,0.09152608560781038,0.3619841017672593,0.12957425114172721,0.06871897722845108,0.0,1.799692709962096e-06,2.2807674799376708e-07,0.0,0.08323248796614267,0.19003731381775377,0.9814078783346506,0.7203131327620889,0.03062691592841825,0.4883862207363837,0.0,0.07714920504199378,0.011146952992226882,0.031775354797590805,0.00725301816584396,6.610696135189607e-05,0.2528061109641955,0.10315075305910214,6.610696135189607e-05,6.610696135189607e-05,0.5624701806864678,0.1064187663710695,0.40976260468970516,0.9374460535473497,0.7406368484432901,0.5061788501429757,0.4509404398360094,0.06383220459564319,0.06478640984381294,0.0,0.0,0.0,0.0,0.0
0.000699804102029659,0.015398134155091205,0.004000713078792485,0.0007866810305614605,6.610696135189607e-05,6.610696135189607e-05,0.04051434558479245,0.0028271532891426965,6.610696135189607e-05,0.999945103836984,0.0,0.23995765325716936,0.006864395133718278,0.1704869049747437,0.022611662534169165,0.3283749236268168,0.12015748444270896,0.16437427654418463,0.01240365922470259,0.2155106602308529,0.9693333963340773,0.510072164724185,1.0,0.041175785179417536,0.5875681827717442,6.610696135189607e-05,0.006131419044883636,0.018946774345826912,0.9999338930386481,0.1789905556862343,0.2325272355580877,0.2619288436611876,0.46221442175380545,0.7636534571736899,0.2802043879558573,0.05276374936071155,0.08533283323392693,0.4703279555430491,0.21819487960280964,0.7329476942824539,0.5806657288790192,0.0059253284190492785,0.06366559641522736,0.0,0.0012182283208489097,0.0,0.009542033050120332,0.35506600780505554,0.24794016021987528,0.04933783798715852,0.03222282924313657,6.610696135189607e-05,6.610696135189607e-05,0.07731386996864767,0.09155416509824714,0.36206250424397163,0.12951118675420714,0.06884124566647597,0.0,1.5264596373338728e-06,1.8827154272720723e-07,0.0,0.08309123433625268,0.1897161643859903,0.9816710123562481,0.7208237433539197,0.03066660366592266,0.48870960695496607,0.0,0.07686388308048635,0.012216046662936643,0.03178684451891933,0.007215130654067451,6.610696135189607e-05,0.2503996834747108,0.09671579733754557,6.610696135189607e-05,6.610696135189607e-05,0.562197857937459,0.10683535607210295,0.41099671312049735,0.9403718555055702,0.744178735331692,0.507060193651239,0.45343019677037366,0.0638035869385844,0.06524383019080571,0.0,0.0,0.0,0.0,0.0
0.0006998041020296591,0.015376192847063565,0.003998909098414846,0.0007867589356406279,6.610696135189607e-05,6.610696135189607e-05,0.04054098685054866,0.0027232006901545826,6.610696135189607e-05,0.999945102878024,0.0,0.23994950404352117,0.00716353476026261,0.16922396480170732,0.0231594423536107,0.32789790530586527,0.12059481796249023,0.16445899264279124,0.012265421165460281,0.2153626988488275,0.9692918481325677,0.5098365493322312,1.0,0.04122850934974357,0.5881854936083076,6.610696135189607e-05,0.006153659457221587,0.01898705418086775,0.9999338930386481,0.17928994138079538,0.23215969444772214,0.2612682568142913,0.4626536022630563,0.7632810073965408,0.27868153201777923,0.04923139432756573,0.0825539946867389,0.4687543789831159,0.2158507028578258,0.7326864459057791,0.5804325047608246,0.005804644381946248,0.06329674266640142,0.0,0.001120191140887379,0.0,0.009538150777208782,0.3549313643629847,0.24773779354230016,0.04927264561018226,0.032197360860812575,6.610696135189607e-05,6.610696135189607e-05,0.07747314241611372,0.09156823732938592,0.36213974077359695,0.12945182222869736,0.06896535678706435,0.0,1.2923896701287686e-06,1.555287198552345e-07,0.0,0.08294393037280554,0.18936891664656522,0.9819299344525935,0.7213405584847712,0.03070815186743223,0.4890432595268814,0.0,0.07654116682574649,0.013408709918503925,0.03179842418828024,0.007173532303747127,6.610696135189607e-05,0.2476408416204781,0.08998510963964938,6.610696135189607e-05,6.610696135189607e-05,0.5619333955445489,0.10726717037476184,0.4124036071516352,0.9436050709121717,0.7482207481218837,0.5080860231345536,0.456251391836309,0.06377480575892513,0.0657395859498188,0.0,0.0,0.0,0.0,0.0
0.000699804102029659,0.015351347933149557,0.003997138837977549,0.0007868392669471054,6.610696135189607e-05,6.610696135189607e-05,0.04058184251741026,0.002619048253177236,6.610696135189607e-05,0.9999451033936043,0.0,0.2398914635317519,0.007459099918558619,0.16771257996056646,0.023720938647321384,0.3273067994740074,0.12103639026095155,0.1645316555422854,0.012128014418536805,0.21520492734858246,0.9692499189189718,0.5095834673875529,1.0,0.04128813060678517,0.5887624311932265,6.610696135189607e-05,0.0061776752609819996,0.019031041725022405,0.9999338930386481,0.17966684831505708,0.23173536973692774,0.2605596920893193,0.46309818566085564,0.7628852291833892,0.27701349900055183,0.04539349968541517,0.07947203674172888,0.4670001171152899,0.21325219597621284,0.7324280874485429,0.5801997166053796,0.005687005137761098,0.06293016959921013,0.0,0.0010294268620499511,0.0,0.00953390720162386,0.3547941513149619,0.24752862112388638,0.04920456656644118,0.03217179137423057,6.610696135189607e-05,6.610696135189607e-05,0.07763656277178117,0.09158307529738464,0.3622154934358664,0.12939547586158495,0.06909242357212028,0.0,1.0919477548135932e-06,1.2857754518049191e-07,0.0,0.08278868488246773,0.18899320652606325,0.9821849804437021,0.7218649030522074,0.03075008108102816,0.48938710575039707,0.0,0.07617438722712123,0.014747283261300407,0.03181017918348424,0.0070947007570921145,6.610696135189607e-05,0.2445395410343083,0.0830428319658132,6.610696135189607e-05,6.610696135189607e-05,0.561744356850458,0.10771929495502582,0.41400261389557613,0.9471474003960262,0.7528142913499498,0.5092788156598436,0.4594410045497798,0.06374683740803781,0.06627542132627184,0.0,0.0,0.0,0.0,0.0
0.0006998041020296591,0.015323090638655236,0.003995345917840569,0.0007871418354440309,6.610696135189607e-05,6.610696135189607e-05,0.04063828974145776,0.0025128948446519837,6.610696135189607e-05,0.9999451031220813,0.0,0.2397770260657041,0.007747050058042158,0.1659125830865576,0.024295634904264642,0.32657421649158297,0.12148159175015721,0.16459058916287564,0.011991001619665535,0.21503575664873836,0.9692072875113019,0.5093099234929842,1.0,0.0413546878877402,0.5892891399682926,6.610696135189607e-05,0.006206895389892989,0.019079908298217894,0.9999338930386481,0.18007259563959405,0.2312955373868726,0.2597520128687387,0.46358530051939273,0.7624591854428594,0.2751693540047526,0.04124981822503594,0.07604642348196672,0.4650453361987788,0.2103628018458021,0.7321743537893542,0.5799663050088618,0.00557245169014262,0.06256490928317941,0.0,0.0009454125628977888,0.0,0.00952915338890225,0.35464768485927545,0.24730640366325538,0.04913846804618802,0.03214475435846159,6.610696135189607e-05,6.610696135189607e-05,0.07780290104078234,0.09159476544445509,0.3622927414648209,0.12934833700614848,0.06923204209158218,0.0,9.202289758458183e-07,1.0641134992654775e-07,0.0,0.08262274622872175,0.18858042084915216,0.9824365466901919,0.7223993340680822,0.03079271248869812,0.48974466394411803,0.0,0.07575762516679906,0.01621612455494254,0.031816815053380694,0.007035768594037255,6.610696135189607e-05,0.24109572315957792,0.07592610515344539,6.610696135189607e-05,6.610696135189607e-05,0.561516087771056,0.10819247755099212,0.4158215778379611,0.9510031317169219,0.7580400732024998,0.5106589224856066,0.4630629816626149,0.06372130823176686,0.06686268497911041,0.0,0.0,0.0,0.0,0.0
0.000699804102029659,0.015291469178996294,0.003993585473296445,0.0007873609457625982,6.610696135189607e-05,6.610696135189607e-05,0.040711905911274125,0.002436751569422045,6.610696135189607e-05,0.9999450984284256,0.0,0.239594923926197,0.008024038961133753,0.16380391813880393,0.024881841761697006,0.32567927472005015,0.1219310912220835,0.16463480458667876,0.011853824834527219,0.2148526064155739,0.9691637458089852,0.5090122622081176,1.0,0.0413929791250048,0.5897672059349475,6.610696135189607e-05,0.006237660820181116,0.019132779366468084,0.9999338930386481,0.18051406890996985,0.2308141206284739,0.258901640366887,0.4641498580492323,0.761997691238526,0.27315172353441974,0.036863988760148174,0.07229449155075664,0.46286240363019465,0.20717294788947066,0.7319241157970993,0.5797378030879464,0.00546094102072129,0.06220047665393325,0.0,0.0008676720123537979,0.0,0.009523778799873856,0.35449880112389925,0.24707699565768174,0.049100832183374375,0.03211625685159758,6.610696135189607e-05,6.610696135189607e-05,0.0779020972567785,0.09160455928295545,0.36236080487014877,0.12930253255527951,0.06938038792325177,0.0,7.735194435194629e-07,8.814970867238237e-08,0.0,0.08244472224900289,0.18813190453796533,0.9826852341447515,0.7229469169304928,0.03083625419101481,0.49012006577952866,0.0,0.07536706203866178,0.017908946757239426,0.032114335948951654,0.006981312241663512,6.610696135189607e-05,0.2372250591218444,0.06788026873430053,6.610696135189607e-05,6.610696135189607e-05,0.5600266099956321,0.10869977620619448,0.4178729646161316,0.9551119722787181,0.7639008167909959,0.5122556664583996,0.4671477773904792,0.06370007073181434,0.06749548778740946,0.0,0.0,0.0,0.0,0.0
0.0006998041020296591,0.015254679264008333,0.003989822919588655,0.0007874261727986091,6.610696135189607e-05,6.610696135189607e-05,0.04081539074602987,0.002356348353732129,6.610696135189607e-05,0.9999451055989724,0.0,0.23945408980132807,0.008293158481545859,0.16141243223420396,0.025493640910372557,0.3246605279385348,0.12239924209848933,0.16467830306386536,0.011716471554595854,0.214658201310186,0.969121193577547,0.5086962595430821,1.0,0.04147055563610288,0.5901421434743013,6.610696135189607e-05,0.006254364641380671,0.019190081603448775,0.9999338930386481,0.18101093963367945,0.23034870775597352,0.2580217557935653,0.4647678427021436,0.7615229132767706,0.2709377477067205,0.03225057784000945,0.06814186787977651,0.460391923703554,0.20360651312383235,0.7316922014983294,0.5795377265016408,0.005352785912372292,0.06184004569788806,0.0,0.0007958534182649326,0.0,0.009519369457646318,0.35437366947273813,0.2468337844377722,0.04904898139445975,0.032087454869488614,6.610696135189607e-05,6.610696135189607e-05,0.07804023650283116,0.09162504243486905,0.36241928032240595,0.12924207389607772,0.06950495497341634,0.0,6.465327125751121e-07,7.299173466398613e-08,0.0,0.08223145883911054,0.18759587222755328,0.9829307425330318,0.723501752991926,0.030878806422453033,0.49050788703865306,0.0,0.07493697593980696,0.01971087089517824,0.03222775881213349,0.006926265205547276,6.610696135189607e-05,0.23337732569165176,0.060517445987442714,6.610696135189607e-05,6.610696135189607e-05,0.5588595273442352,0.1092350128271517,0.4201032075185351,0.9594562636784447,0.7704450533533069,0.5141143623943388,0.47173295893763295,0.06367709756407076,0.06818809820694065,0.0,0.0,0.0,0.0,0.0
0.000699804102029659,0.015214835894259949,0.003986979043044811,0.0007874876199793854,6.610696135189607e-05,6.610696135189607e-05,0.040937519217631516,0.002258853061958282,6.610696135189607e-05,0.9999451109480425,0.0,0.23926915663078951,0.008548460166849983,0.15869665007811315,0.026118272576433954,0.32342356202552297,0.12287014900930124,0.16470289444620856,0.011578596415051427,0.21444643793662513,0.969077102071352,0.5083444727696534,1.0,0.041547244930801835,0.5904785772682389,6.610696135189607e-05,0.00629977100030306,0.019251354571439165,0.9999338930386481,0.18154602282357993,0.22975496493048428,0.25703344456438826,0.46541514235645765,0.7609869220466748,0.268538165283358,0.027568110326213806,0.06368334230683624,0.45765070716117545,0.19968907803893265,0.731461208809664,0.5793465724338238,0.005247676185811902,0.06147501074769553,0.0,0.0007294191461754548,0.0,0.009513235234148206,0.354238102111384,0.24658610611942555,0.04899135003403035,0.03205632914970521,6.610696135189607e-05,6.610696135189607e-05,0.07819461948387826,0.09165677943193415,0.3624766747587552,0.1291929524720922,0.06964348043186946,0.0,5.383114990366109e-07,6.047409394056788e-08,0.0,0.08200945461100966,0.18702341648015056,0.9831737273991367,0.7240785513156793,0.03092289792864794,0.4909261080841711,0.0,0.07446621983774422,0.021636340732591883,0.032301287888080864,0.006865269829212997,6.610696135189607e-05,0.22924687465226526,0.0535651840569694,6.610696135189607e-05,6.610696135189607e-05,0.5577923744947337,0.10982012548123302,0.42254919765398297,0.9638834295069362,0.7776194693035516,0.5162309597882967,0.4768873599355445,0.06365918757002514,0.06892711663981714,0.0,0.0,0.0,0.0,0.0
0.0006998041020296591,0.015172190834805348,0.003984586217207745,0.0007875561821636458,6.610696135189607e-05,6.610696135189607e-05,0.04107508108426736,0.00216356767903221,6.610696135189607e-05,0.9999451109014668,0.0,0.2390183056201812,0.008787501301997765,0.1556508595729275,0.02675028353666738,0.32194035705020163,0.12334360581056762,0.16471225481024182,0.011439675207792271,0.21421773038328676,0.9690308457459721,0.5079619717026885,1.0,0.041623530613722176,0.5907983746272328,6.610696135189607e-05,0.006334178485473821,0.019284161773375635,0.9999338930386481,0.18210111139092325,0.22919157496394205,0.2561709798902129,0.4661343838190205,0.7603912468039924,0.26595468080701423,0.022959732138984914,0.05897408533981327,0.45464722859099643,0.19542780401812848,0.7312358463545524,0.5791662156038877,0.005145510066723705,0.06110854300751649,0.0,0.0006680130225584864,0.0,0.00950652663279886,0.3540920631370684,0.24633603736806625,0.04892150803045976,0.03202258980560365,6.610696135189607e-05,6.610696135189607e-05,0.07838199710499325,0.09168718209090308,0.36253250571756473,0.12914282792324638,0.06979861381164947,0.0,4.46601917142924e-07,5.0143975199370755e-08,0.0,0.0817706186715148,0.1864079222934305,0.983414814725484,0.7246737266091967,0.030969154254027943,0.491370015274753,0.0,0.07395842406214402,0.023652616368170454,0.03235947519877523,0.006792060292657362,6.610696135189607e-05,0.22494360901991994,0.047095108552557746,6.610696135189607e-05,6.610696135189607e-05,0.5567958656288235,0.11046592527276132,0.4252283997611551,0.9682527665590173,0.7853746084853421,0.518602437728361,0.48263183893166994,0.06364992916336523,0.06971360729244007,0.0,0.0,0.0,0.0,0.0
0.000699804102029659,0.015127574597212255,0.0039823643522095414,0.0007877505470544428,6.610696135189607e-05,6.610696135189607e-05,0.0412284056584775,0.0020718599720191883,6.610696135189607e-05,0.999945105608229,0.0,0.23868043707053255,0.00900928303324271,0.15228414778566315,0.027383114313718808,0.32018352984399007,0.1238170926217297,0.16470498935462158,0.011299137669968479,0.21397130901343317,0.9689834260278812,0.5075516492470944,1.0,0.04169568929183734,0.5910950498787504,6.610696135189607e-05,0.006380992961679454,0.019346218584948893,0.9999338930386481,0.18266312330913784,0.22857276378667016,0.25508647684070407,0.46688300733829885,0.75972070569435,0.2632040811214402,0.018587870199680983,0.05410234142008724,0.4514221542875206,0.1908808617400286,0.7310011456748177,0.5789882807638477,0.005046251434394272,0.060736676579365476,0.0,0.0006113147129037407,0.0,0.009499446796288783,0.3539397352364782,0.2460717003023402,0.04884631990279072,0.031993532901314584,6.610696135189607e-05,6.610696135189607e-05,0.07858188979258411,0.09170353099959735,0.36259074876082664,0.12910123095024403,0.06998478927610631,0.0,3.6926956451831855e-07,4.161984695273197e-08,0.0,0.08152581671577286,0.18576075023847652,0.9836546108956372,0.7252920144072014,0.031016573972118787,0.49183703604000184,0.0,0.07343814803060024,0.025677799336830776,0.03240903900787534,0.00672016524169889,6.610696135189607e-05,0.22070150721004733,0.04116775761225474,6.610696135189607e-05,6.610696135189607e-05,0.5558302611433541,0.11117806335540596,0.42813069253192093,0.9724028467670763,0.7936131415246851,0.5211946897789137,0.48893560841598127,0.0636559449876798,0.07054597964305431,0.0,0.0,0.0,0.0,0.0
0.0006998041020296591,0.01508219572070289,0.00400296362842461,0.0007879462171441036,6.610696135189607e-05,6.610696135189607e-05,0.04134710992172706,0.001981797466085777,6.610696135189607e-05,0.9999449880566473,0.0,0.23823878557149683,0.009214699744251258,0.14863518106472126,0.028008794096463657,0.3181477847382164,0.12428637167857765,0.16468006747857433,0.011156722165175543,0.2137097523935275,0.9689361389660047,0.5071189079480718,1.0,0.04176005557736131,0.5914191391178949,6.610696135189607e-05,0.0064269903181197255,0.019414924713690985,0.9999338930386481,0.18321418098206116,0.2279590258705346,0.2539398641639428,0.46765587525288466,0.7589878252571972,0.2603427414744656,0.014613723458532095,0.04919537230264899,0.44805287988450915,0.18611682054251533,0.7307664975015911,0.5788187293839734,0.004949760025244577,0.060361216594532544,0.0,0.0005589719185670827,0.0,0.009492023962461401,0.3537861323447518,0.24580212961884498,0.04876347468713826,0.031959766275550576,6.610696135189607e-05,6.610696135189607e-05,0.07879848032190594,0.09173348991107919,0.36264894478550946,0.1290599779091377,0.07020465099546107,0.0,3.0453263744475876e-07,3.45822344967602e-08,0.0,0.0812678293377928,0.185077192563174,0.9838935178095799,0.72592903101194,0.031063861033995298,0.4923221201333612,0.0,0.07292828923863226,0.0277117573924313,0.03245313873964524,0.006649160127165504,6.610696135189607e-05,0.21656136638522794,0.03593289665929164,6.610696135189607e-05,6.610696135189607e-05,0.5547390253669222,0.11195219683366518,0.43121382195857644,0.9761715767972167,0.8021691420999923,0.5239382914367927,0.49573539471926814,0.06367930148203858,0.07142401057427833,0.0,0.0,0.0,0.0,0.0
0.000699804102029659,0.01503528874994067,0.00398706795971821,0.0007882096243410614,6.610696135189607e-05,6.610696135189607e-05,0.0415327835693706,0.0019193787254996335,6.610696135189607e-05,0.9999450978153567,0.0,0.23769700574033287,0.009405210672027696,0.14476174621508053,0.02862143657705836,0.31582977648311034,0.12475739984541918,0.1646586073569413,0.011012370989248696,0.2134569699605855,0.9688982452371742,0.5067189678345296,1.0,0.04181563065078072,0.5917733746238578,6.610696135189607e-05,0.006441305466537782,0.019486544642770876,0.9999338930386481,0.1837395108707438,0.22747600513914207,0.25288392916537183,0.468463559293186,0.7581897970065113,0.2573959755128458,0.011144989699354395,0.044343706441997144,0.444572839061721,0.1811969364431025,0.7305280111014429,0.5786558330706385,0.004855893648534599,0.05998207062013182,0.0,0.0005106858129265665,0.0,0.009484873208399748,0.35366879020823616,0.24551847178475847,0.0486801259079116,0.031925843977895864,6.610696135189607e-05,6.610696135189607e-05,0.0790325431981183,0.09176741278281338,0.36270390132524216,0.12902007083317601,0.07045776822815594,0.0,2.5056929949194064e-07,2.8767417711770096e-08,0.0,0.08099208907092574,0.18434466838894,0.9841317353622167,0.7265609594192827,0.031101754762825822,0.4927703463525438,0.0,0.07238325006489094,0.02959147705132519,0.03224669909473239,0.006580258976604281,6.610696135189607e-05,0.21293985404678006,0.032169439302276046,6.610696135189607e-05,6.610696135189607e-05,0.5545106658561593,0.11279013216031264,0.43444925051866534,0.9794497996286179,0.8108942967736228,0.526805695593803,0.5029732870737872,0.06372249998221222,0.07234089118348033,0.0,0.0,0.0,0.0,0.0
0.0006998041020296591,0.014991600516023504,0.003981939402992436,0.0007884380883826379,6.610696135189607e-05,6.610696135189607e-05,0.04172200615670423,0.0018377834254011333,6.610696135189607e-05,0.9999450900626433,0.0,0.23694533074848534,0.009578565264173389,0.14066509438553013,0.02919671439195332,0.3131912139854057,0.12520137154989588,0.16458462582991712,0.010866453884241154,0.21317496898565497,0.9688516935746636,0.5062501905700656,1.0,0.04185081564648154,0.5922459680712818,6.610696135189607e-05,0.006500584223502435,0.01955627004785908,0.9999338930386481,0.1842057901859411,0.22683460657284688,0.25177881759474113,0.4692614900627156,0.7572965499362867,0.2544311722130221,0.00826017642685262,0.03969824303946835,0.4410979661274934,0.176254622979696,0.7302581623956771,0.578477406613042,0.0047644879936166494,0.05959350863495709,0.0,0.0004661665215128494,0.0,0.00947756511988315,0.35348797783678515,0.24523603669274166,0.04859280046548697,0.031887876077223334,6.610696135189607e-05,6.610696135189607e-05,0.07923899543825524,0.09181818252324574,0.3627819971072332,0.12900090707230788,0.07078152881140712,0.0,2.0632945836047225e-07,2.3984241103212893e-08,0.0,0.08073631472847649,0.18364421878528692,0.9843690581221421,0.7272315223793879,0.031148306425336433,0.4932836429084216,0.0,0.07185544240788526,0.03140611339097296,0.03220224974643834,0.006514720313123597,6.610696135189607e-05,0.20935252230174645,0.028607716589442046,6.610696135189607e-05,6.610696135189607e-05,0.553997063776613,0.11370254299140548,0.4378419682270855,0.9821612583089739,0.8196364562455432,0.5297052954963122,0.5105541630348983,0.0638041513259506,0.07329374877175389,0.0,0.0,0.0,0.0,0.0
0.000699804102029659,0.014948298887863394,0.004001264356230687,0.0007885845706668344,6.610696135189607e-05,6.610696135189607e-05,0.041864596878828354,0.001763363673221246,6.610696135189607e-05,0.9999449725820481,0.0,0.23605976734303702,0.009742110020529509,0.1364410701092592,0.029738706798286586,0.3103248885924366,0.12563610334514713,0.16449297822843467,0.010718395134295811,0.21288314770511652,0.9688061770167885,0.5057759928507318,1.0,0.04188059896912054,0.5928124581407692,6.610696135189607e-05,0.006544530090179238,0.019624154086101304,0.9999338930386481,0.1846128938221173,0.2262795450410687,0.25067055594763427,0.47006830011687345,0.7563665699516013,0.2514814738534276,0.005951113748046704,0.03529904236527701,0.43768348630699067,0.17135228745532988,0.7299794101505248,0.578296789604384,0.004675392601790164,0.05920360691645773,0.0,0.00042518871746313297,0.0,0.00947057419428677,0.35330844275234957,0.2449717961341967,0.048497355698260226,0.031849014065013774,6.610696135189607e-05,6.610696135189607e-05,0.07946469274232161,0.09185449708962744,0.36285195802676734,0.12896868396113162,0.07114089523461276,0.0,1.698507762033783e-07,2.0025740946210923e-08,0.0,0.08046912944477788,0.18292538301530412,0.984606212263914,0.7279132453784257,0.031193822983211442,0.4937988184318051,0.0,0.07136266681215894,0.03310569943310557,0.03220447973110479,0.00642310655908153,6.610696135189607e-05,0.20618431244528598,0.025556530110455448,6.610696135189607e-05,6.610696135189607e-05,0.5533271032768615,0.11466474608726687,0.44131786356892266,0.9843067762314238,0.8282597176746876,0.5325777868689817,0.5183228239522336,0.06391535705955012,0.07428484915187719,0.0,0.0,0.0,0.0,0.0
0.0006998041020296591,0.01490541065811394,0.00398477170711965,0.0007889906662027261,6.610696135189607e-05,6.610696135189607e-05,0.04209515058532989,0.001700337066314654,6.610696135189607e-05,0.9999450726324659,0.0,0.23506201578376484,0.009898626659984365,0.1321530051894453,0.03024349429000456,0.3072468938842563,0.12606646116975537,0.1644022345153277,0.010568610913397109,0.21260995329261426,0.9687716846061076,0.5053555043905044,1.0,0.041900759418318216,0.5934597746134478,6.610696135189607e-05,0.006585939723506663,0.019689370890618244,0.9999338930386481,0.184992261857489,0.2257586313074674,0.24957404695731505,0.47085730938218684,0.7554027335183245,0.24858265574650615,0.004173313895821644,0.031191206532532833,0.4343976402434901,0.16657218519130945,0.7296912407101156,0.5781103079800011,0.0045885589832346425,0.0588118379370106,0.0,0.00038751582430187253,0.0,0.009464196776256553,0.35318053061751736,0.2446931601929092,0.048409819684933804,0.03181487700682595,6.610696135189607e-05,6.610696135189607e-05,0.07969341878719137,0.09188187177937723,0.3629167124426729,0.12893968254927834,0.07154123759643993,0.0,1.3975936286182923e-07,1.674589863676815e-08,0.0,0.0801900023058811,0.18217528409667005,0.9848428301033683,0.7285782087703752,0.03122831539389238,0.49425697978519373,0.0,0.07091298930345026,0.03469771218714934,0.03221033411160294,0.006380906163746296,6.610696135189607e-05,0.20340230342700963,0.023037866841704627,6.610696135189607e-05,6.610696135189607e-05,0.5522787039801895,0.1156575839323972,0.4448140908732891,0.985928059444194,0.836655648518659,0.5353588487206068,0.5261809209244342,0.06405229581424797,0.0753121734080012,0.0,0.0,0.0,0.0,0.0
0.000699804102029659,0.014865613800603472,0.00399952271250187,0.0007890846073754362,6.610696135189607e-05,6.610696135189607e-05,0.042258724611958016,0.0016442077357278523,6.610696135189607e-05,0.9999449618668546,0.0,0.2339785523398784,0.010054278732534038,0.12785141330980604,0.03070907779468244,0.30400720091256667,0.1264823464714104,0.16427421932932756,0.010418064012475456,0.21232033837683312,0.9687315348923912,0.5048865916973285,1.0,0.04191382445133674,0.5942024114745649,6.610696135189607e-05,0.006618447944210126,0.019752017709047075,0.9999338930386481,0.18528897700186264,0.22527646220527794,0.24860597897203138,0.47165987709785545,0.7544190736179117,0.245759365731609,0.0028531854264294753,0.027404137502406355,0.43123112268541847,0.16194621408050164,0.7293876684978862,0.5779279391861065,0.004503549181300647,0.05841504759754002,0.0,0.00035291955082136133,0.0,0.009458262476919282,0.3530167511495025,0.24441240890111637,0.04831361989076627,0.03178100319224883,6.610696135189607e-05,6.610696135189607e-05,0.07991623317553985,0.0919206300054525,0.36299807437249665,0.1288977781315583,0.07196322783180338,0.0,1.1497156223453663e-07,1.4017199785880877e-08,0.0,0.0799118741628795,0.181433133873804,0.985078386806224,0.7292646140256268,0.031268465107608855,0.49476048875185,0.0,0.07051418746771972,0.03614728145148573,0.03223504692885542,0.006315622657043168,6.610696135189607e-05,0.2011603699389414,0.021014370997199452,6.610696135189607e-05,6.610696135189607e-05,0.5511444983722014,0.11668314825052997,0.44829885409670917,0.9870925358410365,0.8447443342162254,0.5380597855026993,0.5340465850069318,0.06421811086782392,0.07636470761076186,0.0,0.0,0.0,0.0,0.0
0.0006998041020296591,0.014826858718899334,0.003981627688358017,0.0007893234757868432,6.610696135189607e-05,6.610696135189607e-05,0.04246453670850365,0.0015636993582757983,6.610696135189607e-05,0.999945083332064,0.0,0.23282527918255616,0.01021033740959518,0.12358933192957117,0.03113201304042016,0.3006292534541706,0.12689123457653956,0.16414345728104549,0.010266594854271682,0.2120497968909305,0.9687019963414057,0.5044704879254386,1.0,0.04191542010400035,0.5950334006336628,6.610696135189607e-05,0.006651371463028596,0.019809615189467406,0.9999338930386481,0.18551681316655305,0.22481661211803808,0.24765727569639812,0.47246586962894926,0.7534190968969432,0.24303889187059705,0.0019058720204918294,0.023949511589255516,0.42824498275420314,0.157523977437512,0.7290708763187456,0.5777352962649943,0.004420344090727503,0.05801343107406415,0.0,0.00032116783365580663,0.0,0.009452596623047588,0.3528881213096964,0.24412670422453026,0.04822579877844035,0.031749122308769244,6.610696135189607e-05,6.610696135189607e-05,0.08013382506869479,0.0919444815176287,0.36307890142915117,0.1288579906686297,0.07241485609755649,0.0,9.454745299469781e-08,1.1747004728477636e-08,0.0,0.0796313018275365,0.18068016017664906,0.9853130610550008,0.7299367720350053,0.031298003658594205,0.4952083442409056,0.0,0.07015473055783424,0.03747180424542485,0.032248779424623474,0.006258411401127042,6.610696135189607e-05,0.19931792718182462,0.01944059951050701,6.610696135189607e-05,6.610696135189607e-05,0.5498824165636794,0.11772291243442713,0.45172097284929036,0.987883790569913,0.8524610619337203,0.540622992458372,0.5418467691083174,0.06440658727717848,0.07744108627731111,0.0,0.0,0.0,0.0,0.0
0.000699804102029659,0.01479115258008671,0.003995039350220569,0.0007895287564682366,6.610696135189607e-05,6.610696135189607e-05,0.042608036610942236,0.001493196994761859,6.610696135189607e-05,0.9999449784997331,0.0,0.23161842100869964,0.010370392564827314,0.11939167175323957,0.031511193177113206,0.2971570310885924,0.12728412661499425,0.16397625225770768,0.010115028226249148,0.21176645722754292,0.9686617836612893,0.5040137567519921,1.0,0.04190921211077181,0.5959678812601517,6.610696135189607e-05,0.006682600791554557,0.01986314347778786,0.9999338930386481,0.18568404876967176,0.2243677965536735,0.24673745163903327,0.473273560199105,0.7524062970935327,0.24042886391273544,0.001246423542865196,0.020825370119008566,0.42544087809526643,0.15332220475611713,0.7287347641158199,0.577530359945574,0.004338611216853631,0.05760583302599762,0.0,0.0002920611715084996,0.0,0.009447236239824101,0.352716175796521,0.24387266947993277,0.048135759515193145,0.03171742910223919,6.610696135189607e-05,6.610696135189607e-05,0.08033588232374281,0.09196334120509292,0.36316569714528807,0.12882009772741518,0.07289236535647076,0.0,7.772641998061468e-08,0.0,0.0,0.07936186171433027,0.1799524385356772,0.9855463605568973,0.7306277097464595,0.031338216338710694,0.49569418207649946,0.0,0.06983052102838005,0.03866340647671977,0.03226490270814539,0.0062244857630318505,6.610696135189607e-05,0.19787518299596737,0.018237270908829553,6.610696135189607e-05,6.610696135189607e-05,0.5485057474046818,0.11877360517905212,0.45506034972209414,0.9883831838923075,0.8597828804013319,0.5430479287276204,0.5495207641552905,0.06461924755485565,0.07854094926104127,0.0,0.0,0.0,0.0,0.0
0.0006998041020296591,0.014756967600988548,0.003999420742742972,0.0007896030426310322,6.610696135189607e-05,6.610696135189607e-05,0.04276837324834717,0.0014261732414409978,6.610696135189607e-05,0.9999449755245351,0.0,0.23037355916737004,0.010534671988765119,0.11529914580354977,0.03184519827863067,0.29361860057627864,0.12767225641377228,0.1638087467473553,0.009963494584987541,0.21150856856556297,0.9686309801663581,0.5036206183733221,1.0,0.04189607772434316,0.596991334725079,6.610696135189607e-05,0.006708218226985954,0.019912520905223788,0.9999338930386481,0.1857894523242523,0.22394230058800355,0.24591684407889897,0.47407542346234455,0.7513951122536165,0.2379473977642731,0.0007999547277184082,0.018024760920755084,0.4228233623090001,0.14936007768985937,0.7283832896554695,0.5773169490533114,0.00425855680566528,0.05719680698986023,0.0,0.000265413493463146,0.0,0.009442580844996907,0.3525922849402264,0.24360354432760095,0.048050707631589355,0.03168973279747797,6.610696135189607e-05,6.610696135189607e-05,0.08053992214958554,0.09197758828051902,0.36325085661132134,0.1287727929027276,0.07337980406333999,0.0,6.387284456338587e-08,0.0,0.0,0.07909337161596373,0.17922437565216257,0.9857779486093472,0.7312946244445768,0.03136901983364189,0.4961139681332148,0.0,0.06954182113743736,0.03975497726458294,0.03226790965722763,0.006187150361526917,6.610696135189607e-05,0.1967268690519327,0.017350482637089586,6.610696135189607e-05,6.610696135189607e-05,0.5470775775085979,0.11983209484365591,0.45829923900501685,0.9886653732835164,0.8666760294028506,0.5453314394123693,0.557021321733862,0.06485108231479446,0.07964992854717075,0.0,0.0,0.0,0.0,0.0
0.000699804102029659,0.014724637216976632,0.004000366223604259,0.0007896675849519412,6.610696135189607e-05,6.610696135189607e-05,0.04293553227735334,0.0013604645541702724,6.610696135189607e-05,0.9999449791419557,0.0,0.22910568266912154,0.010704305342699495,0.111325000700972,0.032134657756745004,0.29004226102307695,0.12805306389346358,0.16363143512103542,0.00981289418092098,0.2112640108365171,0.9686023027091557,0.5032453542783881,1.0,0.04187829368015134,0.5981042130611799,6.610696135189607e-05,0.006730184053129474,0.019957640396548165,0.9999338930386481,0.18584997637638104,0.223533326335578,0.24514286587593984,0.47487033699006487,0.7503799947217218,0.23558161583532589,0.0005047249989711362,0.015526970448020982,0.420378114971969,0.14563191188120456,0.7280097246425139,0.5770866989957948,0.004179778223592648,0.056782987162161104,0.0,0.0002410388785854354,0.0,0.009438556935185884,0.35246565459242424,0.2433522968096687,0.047968571345640414,0.03166431090209043,6.610696135189607e-05,6.610696135189607e-05,0.08073466088865257,0.09198493961051543,0.3633362026583034,0.1287262146371119,0.07387810195347784,0.0,5.245188687522303e-08,0.0,0.0,0.07883563364148685,0.17851422797011443,0.9860073275954864,0.7319530020013219,0.031397697290844344,0.49651360684302653,0.0,0.06927896315888456,0.0407129165398389,0.03226383448583741,0.006151938102214411,6.610696135189607e-05,0.19592052756869868,0.016732632768634553,6.610696135189607e-05,6.610696135189607e-05,0.5457020446170304,0.12089379064116632,0.4614345995420748,0.9887909696583294,0.8731479763991201,0.5474872272712861,0.5643258270957185,0.06510157782253571,0.08076763791305545,0.0,0.0,0.0,0.0,0.0
0.0006998041020296591,0.01469469808890773,0.0039995915251376584,0.0007897275954898279,6.610696135189607e-05,6.610696135189607e-05,0.04310198631819343,0.0012947450351897738,6.610696135189607e-05,0.9999449863853357,0.0,0.22781747824216797,0.010879220620109608,0.10747962269409014,0.0323784097557378,0.2864540247913287,0.12842443547313687,0.1634402573010211,0.009663631407670615,0.21102954621954598,0.9685744683545741,0.5028820037610099,1.0,0.0418557548595749,0.599308175332107,6.610696135189607e-05,0.00675004883985072,0.01999876918101004,0.9999338930386481,0.18586276847019195,0.2231351120266335,0.2444083869148775,0.47565551799359,0.7493717415151362,0.23334743941918173,0.00031376164620485283,0.013317137448722764,0.41812768421619434,0.14215364700887,0.7276165187567452,0.5768417248887028,0.004102277435789935,0.05636600550515134,0.0,0.00021876902352765783,0.0,0.00943497715171277,0.35233919274799513,0.24310993584691115,0.04788971134651788,0.0316409417832189,6.610696135189607e-05,6.610696135189607e-05,0.0809185588795922,0.09198793979249266,0.36342225983700144,0.12867916027650456,0.07438610709040623,0.0,4.3042429593502695e-08,0.0,0.0,0.07859090324063453,0.1778271339879193,0.9862340911565395,0.7326044482753027,0.031425531645425935,0.4968992272154625,0.0,0.06903621558754754,0.04153832981949516,0.03224953600263313,0.006120058698784958,6.610696135189607e-05,0.19541258452616314,0.01629120070977217,6.610696135189607e-05,6.610696135189607e-05,0.5444467506972549,0.12194909820835925,0.464448975248244,0.9888070177336855,0.8792031968147576,0.5494939060280678,0.5713923281998012,0.06536814252948343,0.08189088382235683,0.0,0.0,0.0,0.0,0.0
0.000699804102029659,0.01466718296317213,0.0039979673876476204,0.0007897676781810701,6.610696135189607e-05,6.610696135189607e-05,0.04324097595777617,0.001254517151132129,6.610696135189607e-05,0.9999449991170541,0.0,0.22651135170372713,0.011058648694675556,0.10376848963068135,0.0325764404380288,0.28287955669715265,0.1287864678007929,0.1632355099162921,0.009515970494489896,0.21080443538106705,0.9685473402901145,0.5025312519441211,1.0,0.041829553865884876,0.6006031109986764,6.610696135189607e-05,0.006768083993026587,0.020035949990753966,0.9999338930386481,0.1858337188731073,0.22274246452451643,0.24371454397887204,0.47642756621492555,0.7483787947847199,0.2312537965560103,0.00019257410650956602,0.011377706597612485,0.4160796806441294,0.13893148849043027,0.7272041430535745,0.5765806106514755,0.004025992793106419,0.055946671569324785,0.0,0.00019844024639930412,0.0,0.009431799309088842,0.35221337661710167,0.2428767867844202,0.04781387249241384,0.03161942439887844,6.610696135189607e-05,6.610696135189607e-05,0.0810928583988681,0.09198750772729465,0.36350813356180306,0.128630808511749,0.07490179680259519,0.0,3.530023097888095e-08,0.0,0.0,0.07836081558920058,0.17716662298614566,0.9864580367124037,0.7332488930496082,0.031452659709885505,0.49727030780947973,0.0,0.06880700884940338,0.0422615624470587,0.032225695595911354,0.006091237345687815,6.610696135189607e-05,0.19508356547507333,0.01599307009045669,6.610696135189607e-05,6.610696135189607e-05,0.543291648353535,0.12299039670353112,0.46733305493766736,0.9887487771988149,0.8848537684714752,0.5513438789178419,0.5781889548124172,0.06564857355643199,0.08301725644608665,0.0,0.0,0.0,0.0,0.0
0.0006998041020296591,0.014641871097713671,0.003996194959233141,0.0007897758157632221,6.610696135189607e-05,6.610696135189607e-05,0.04338375417289061,0.001219574623988256,6.610696135189607e-05,0.9999450075241196,0.0,0.22519544506732497,0.011241753892109567,0.10019421849745776,0.03273098245003742,0.2793437375423653,0.1291411928733345,0.16301912758334794,0.009370098286170143,0.21058979526266308,0.9685217077600489,0.5021980673625382,1.0,0.04180212871744364,0.6019803103282678,6.610696135189607e-05,0.006784537289453011,0.020069524856503804,0.9999338930386481,0.18577085460598053,0.2223530511502263,0.24305855968268786,0.47718524794411266,0.7474031002264144,0.2292907160452388,0.00011688307318703629,0.009685021355198541,0.4142128952805968,0.13595370447083588,0.7267706771903735,0.5763017634142474,0.003950873709689529,0.055525506374457315,0.0,0.00017989627150097174,0.0,0.00942905677986358,0.35208924246080253,0.24265411955870078,0.04773987417363029,0.03159991025440409,6.610696135189607e-05,6.610696135189607e-05,0.08125488601790815,0.091987885125119,0.3635933633108479,0.12858072528923814,0.07542024301623157,0.0,2.8931361996797123e-08,0.0,0.0,0.07814655606840447,0.17653512068643126,0.9866790280041403,0.7338846983628796,0.03147829223995118,0.4976220363659608,0.0,0.06858822487890076,0.0429153230173839,0.03219314310949307,0.006065077666523581,6.610696135189607e-05,0.19483761130319135,0.01583788489677969,6.610696135189607e-05,6.610696135189607e-05,0.5421864602148925,0.1240161744843474,0.47009359587120475,0.9886413630347034,0.8901207312159817,0.5530561222693657,0.5847025579867988,0.06594157386788753,0.08414398831597339,0.0,0.0,0.0,0.0,0.0
0.000699804102029659,0.014618322734673853,0.0039943518523341106,0.0007897710726528769,6.610696135189607e-05,6.610696135189607e-05,0.043520262789506395,0.001186241289642228,6.610696135189607e-05,0.999945019061641,0.0,0.22388055905827392,0.011427793146725922,0.09675659312446379,0.03284496367719216,0.2758621989520402,0.12949087838756998,0.16279540800596976,0.009226237811209478,0.21038594646571163,0.9684986472358993,0.5018830418801001,1.0,0.04177539712478676,0.6034268789082257,6.610696135189607e-05,0.006799734868412147,0.020099956044795645,0.9999338930386481,0.1856798280837446,0.22196960290565168,0.2424338574544268,0.4779286319289793,0.7464421022067043,0.22743759035497257,7.023963223774072e-05,0.008212715136129698,0.41249255256072437,0.13319909834184324,0.7263143773013394,0.5760034826242495,0.0038768707223365254,0.05510309611800005,0.0,0.00016299446236423212,0.0,0.009426696353229345,0.3519672665007399,0.24243915722757778,0.04766940591073401,0.03158219553431665,6.610696135189607e-05,6.610696135189607e-05,0.08140759797113269,0.09198661716102077,0.36367717036668024,0.1285289981932959,0.07593544086351527,0.0,2.3688226817522378e-08,0.0,0.0,0.07794889422937536,0.17593381907673053,0.986896891466454,0.7345109574162884,0.03150135276410075,0.4979539636575357,0.0,0.06837151194348094,0.043482570931960965,0.032151364364421356,0.006041201401308074,6.610696135189607e-05,0.19473251394585636,0.015744801407632143,6.610696135189607e-05,6.610696135189607e-05,0.5412234135434257,0.12502889959999983,0.4727464097232382,0.9885019672210363,0.8950306680511797,0.5546624837620835,0.5909387027061165,0.06624585008171524,0.08526729029305016,0.0,0.0,0.0,0.0,0.0
0.0006998041020296591,0.014596530478831088,0.003992518370393579,0.0007897531528225567,6.610696135189607e-05,6.610696135189607e-05,0.04365066342156955,0.0011501028785028398,6.610696135189607e-05,0.9999450313466076,0.0,0.22256435002775884,0.01161533996863595,0.0934511941191116,0.03291913429595727,0.2724452731203795,0.1298347619723143,0.16256529870952355,0.00908453881398753,0.21019241831921914,0.9684775039072642,0.5015850087923251,1.0,0.04174905604234906,0.604941432417538,6.610696135189607e-05,0.006813536657123363,0.02012747037928583,0.9999338930386481,0.18556496260238972,0.22158829648351652,0.24183936420671998,0.47865704774103696,0.7454994288671005,0.22569347649079993,4.184423724835925e-05,0.006939354073493801,0.4109146780989206,0.1306576161194244,0.7258377642567517,0.5756865122054967,0.0038039473284403286,0.05467986696847115,0.0,0.0001476005112745512,0.0,0.009424621484826147,0.35185012110119,0.24223236804468903,0.04760201145075981,0.03156628059487747,6.610696135189607e-05,6.610696135189607e-05,0.08155285097857667,0.09198370163824077,0.3637590323921854,0.12847525011850594,0.07644631488686629,0.0,1.9376429368430906e-08,0.0,0.0,0.07776815420786289,0.1753631725552472,0.9871115138575721,0.7351277147123098,0.03152249609273584,0.49826739069640025,0.0,0.06815563044367053,0.04397416285362277,0.03210213633627835,0.006019030578404029,6.610696135189607e-05,0.1947092940521397,0.015697443227806564,6.610696135189607e-05,6.610696135189607e-05,0.5403998005191143,0.12602532101439348,0.4752958585945749,0.9883428157941156,0.8996094324309653,0.5561661876051222,0.596897110760196,0.06655931956307108,0.08638501652973267,0.0,0.0,0.0,0.0,0.0
0.000699804102029659,0.014576273560688855,0.00399069664909183,0.0007897292935459088,6.610696135189607e-05,6.610696135189607e-05,0.043774682113766915,0.0011160215503961983,6.610696135189607e-05,0.9999450430092698,0.0,0.2212468748694053,0.011802999910366714,0.09027312392550672,0.032955022313326,0.269102322789633,0.13017338605413012,0.1623306596024853,0.008945178213680465,0.21000928867793187,0.9684576426382675,0.5013034242043852,1.0,0.04172376393497265,0.6065128152236063,6.610696135189607e-05,0.006826035970378559,0.020152250764397233,0.9999338930386481,0.18543022417150978,0.22120885264342718,0.24127301712157662,0.47937199030769,0.7445767315488234,0.22405296945445347,2.4739126408491244e-05,0.005843706746499272,0.40946927275125955,0.1283175373453266,0.7253418043551169,0.5753517381928447,0.0037320686420566746,0.05425612397209585,0.0,0.0001335892943298625,0.0,0.00942282896484945,0.351738000798121,0.24203344735159527,0.04753768150521128,0.03155211754381218,6.610696135189607e-05,6.610696135189607e-05,0.08169229652387278,0.09197867132694794,0.3638386708193791,0.12841928557471463,0.07695099279687607,0.0,1.5833921140471712e-08,0.0,0.0,0.0776043547325885,0.17482264112471815,0.9873227531442629,0.7357345873499723,0.031542357361732505,0.49856298650128494,0.0,0.0679751574398584,0.04440305711069031,0.03204693380161792,0.00599834321578873,6.610696135189607e-05,0.1947249649927894,0.015682139969671473,6.610696135189607e-05,6.610696135189607e-05,0.5395981027658792,0.12700398287646195,0.4777491628792652,0.9881722609632247,0.9038831534940729,0.5575757049354145,0.6025801398650404,0.06688045485816448,0.08749496107995187,0.0,0.0,0.0,0.0,0.0
0.0006998041020296591,0.014557436481321948,0.003988961043149286,0.0007896992275625288,6.610696135189607e-05,6.610696135189607e-05,0.0438925936672833,0.0010841095572353653,6.610696135189607e-05,0.9999450544071627,0.0,0.21994116323437404,0.011990448681843785,0.08722437054354684,0.0329567422833801,0.2658510572708959,0.1305083380875184,0.1620949102884272,0.00880829848755113,0.209836308340639,0.9684390783295413,0.5010377127816547,1.0,0.04169847563426091,0.6081337749760598,6.610696135189607e-05,0.006837343688631785,0.02017444613490439,0.9999338930386481,0.18527828481154845,0.22082995252695034,0.24073076135257232,0.4800743171527277,0.7436788220921906,0.22251212441921744,1.452873415923442e-05,0.004905580706572008,0.40814633798767574,0.1261640979687092,0.7248288548331767,0.5750002505881818,0.00366120615004097,0.053832148690093784,0.0,0.00012084473547393305,0.0,0.009421199334240361,0.3516302734337557,0.24184196141826902,0.04747590562888531,0.0315395850092789,6.610696135189607e-05,6.610696135189607e-05,0.08182623786644061,0.09197229906261696,0.3639159864234184,0.1283632692942564,0.07744979303774897,0.0,1.2927242464742007e-08,0.0,0.0,0.07745808557441781,0.17431352568476668,0.9875304953624079,0.7363315429692673,0.031560921670458625,0.49884144248287143,0.0,0.06777504611018499,0.044776988393281404,0.03198901869238124,0.00597913471229099,6.610696135189607e-05,0.19483285489605143,0.015690637629203755,6.610696135189607e-05,6.610696135189607e-05,0.5389322461978776,0.12795790861355297,0.4800969193086595,0.987995022583997,0.9078700358226387,0.5588969197289443,0.6079848447603948,0.06720472150488709,0.08859131343862428,0.0,0.0,0.0,0.0,0.0
0.000699804102029659,0.01453983580202147,0.003987267534953156,0.0007896615914143571,6.610696135189607e-05,6.610696135189607e-05,0.04400532891909286,0.001054526842998472,6.610696135189607e-05,0.9999450659651451,0.0,0.21864202818987033,0.01217589399080406,0.08429446442295506,0.03292501028188466,0.26268606420363466,0.13083874993373293,0.16185756841011656,0.008673989670011453,0.20967287773377605,0.9684218142098812,0.5007870255569167,1.0,0.04167531487385138,0.6098321770969607,6.610696135189607e-05,0.006847582298815535,0.020194493641294553,0.9999338930386481,0.18510821276808384,0.2204502533797398,0.24020963944228535,0.48075564974705615,0.742801178003938,0.22105838117646587,8.481855354219601e-06,0.004105394776519213,0.40692606916863805,0.12418131291223629,0.7242997366083248,0.5746338648982439,0.0035913378164202318,0.053408348463425064,0.0,0.00010926002488581884,0.0,0.009419909050675008,0.3515279993670037,0.2416572943751177,0.04741650365449264,0.03152867239510489,6.610696135189607e-05,6.610696135189607e-05,0.08195539960029102,0.09196530266098238,0.3639906355634991,0.12830552683769925,0.0779387007408385,0.0,1.0543174871891607e-08,0.0,0.0,0.07732848232106386,0.17383295182546724,0.9877346725135683,0.7369187738027989,0.031578185790118875,0.4991037144181975,0.0,0.0675731815818525,0.04510279569737113,0.031926574601697524,0.005960962760743087,6.610696135189607e-05,0.19495053583781277,0.015713191381114266,6.610696135189607e-05,6.610696135189607e-05,0.5383811340129144,0.12889329515836276,0.48236088989282533,0.9878156241538417,0.9116001302573509,0.5601489205494773,0.6131326228841291,0.06753303113687843,0.08967561486617234,0.0,0.0,0.0,0.0,0.0
0.0006998041020296591,0.014523278794288112,0.0039856275224651305,0.0007896179692994295,6.610696135189607e-05,6.610696135189607e-05,0.04411368738281331,0.0010273862502859898,6.610696135189607e-05,0.9999450774758036,0.0,0.21735013349978677,0.012358173343514677,0.08147744500289564,0.032861983596927,0.2596106083486608,0.131168143081883,0.16162195819085945,0.00854233161397917,0.20951864613769539,0.9684058246629967,0.500550222821732,1.0,0.04165461215608195,0.6115632496827066,6.610696135189607e-05,0.006856928246023388,0.020212534484055383,0.9999338930386481,0.18492855671439792,0.22007496135977941,0.23971231002705418,0.48142735545482435,0.7419406903690279,0.21968254770000287,4.9256383462845725e-06,0.0034256320216716507,0.40579526279158695,0.12235643693451961,0.7237509301623253,0.5742511023624913,0.003522423205563929,0.05298482146211822,0.0,9.873599823077511e-05,0.0,0.00941885590119857,0.3514301820927642,0.24147925258533662,0.04735968780561765,0.03151934554731078,6.610696135189607e-05,6.610696135189607e-05,0.08207950720545419,0.09195769052616089,0.3640626116235737,0.12824635209281796,0.07841669397899624,0.0,0.0,0.0,0.0,0.07721547136758346,0.17338043882400694,0.987935245180457,0.7374965324001864,0.031594175337003295,0.4993510411800373,0.0,0.0673714634804795,0.045383334105197674,0.031860037797808105,0.005943631131088371,6.610696135189607e-05,0.19508143236803566,0.015710537447126072,6.610696135189607e-05,6.610696135189607e-05,0.5379460436018639,0.1298129575381542,0.48455062482121397,0.9876369010181391,0.9150969229754328,0.5613427536114861,0.6180329547168196,0.0678654553882083,0.0907465006226423,0.0,0.0,0.0,0.0,0.0
0.000699804102029659,0.014507752577693777,0.003984049171780603,0.0007895667364047367,6.610696135189607e-05,6.610696135189607e-05,0.04421816391258249,0.0010027595566744305,6.610696135189607e-05,0.9999450886211063,0.0,0.2160644453081941,0.0125361991228652,0.07876745529345851,0.032769454456657174,0.2566270402482577,0.13149415730708844,0.16138763060492695,0.008413370297071902,0.20937273980015625,0.9683910614375318,0.500326076063148,1.0,0.04163562182591153,0.6133308952382676,6.610696135189607e-05,0.006865266304892877,0.020228639078304585,0.9999338930386481,0.18470577682602157,0.21970332207152612,0.2392321121547398,0.4821158898282592,0.7410999506257273,0.2183806987367829,2.846998572998972e-06,0.0028506558641854755,0.4047474690019968,0.12067605276351884,0.723187610360983,0.5738550619496362,0.003454452826255357,0.05256173378464806,0.0,8.918079927457522e-05,0.0,0.009417961999963231,0.35133801547012233,0.24130739412315583,0.04730529329912339,0.03151135297987159,6.610696135189607e-05,6.610696135189607e-05,0.08219858521026534,0.09194976730543566,0.36413153090889855,0.12818612502430568,0.07888409455571462,0.0,0.0,0.0,0.0,0.07711867859275967,0.17295525057442637,0.9881321768766728,0.7380655264151957,0.03160893856246819,0.49958474313757734,0.0,0.06720285412596966,0.04562234351529766,0.03179225743801171,0.0059269804236984835,6.610696135189607e-05,0.19521599443538787,0.015723284607788168,6.610696135189607e-05,6.610696135189607e-05,0.5375031956211178,0.13071392434996698,0.4866707613993084,0.9874609538785618,0.918381888842356,0.562483076541346,0.6226969069882234,0.06819955373916889,0.09180205687101044,0.0,0.0,0.0,0.0,0.0
0.0006998041020296591,0.014493194859766299,0.003982552137610357,0.0007895108352877279,6.610696135189607e-05,6.610696135189607e-05,0.04431897274299414,0.0009806650857543018,6.610696135189607e-05,0.9999450994741674,0.0,0.21479554942145163,0.012709853841749627,0.07616500388821536,0.03265109588544698,0.25374504167614603,0.13181873956532775,0.16115795987487438,0.00828714324155538,0.20923461818631509,0.9683775256869568,0.5001137672018887,1.0,0.041615713621736425,0.615123591913828,6.610696135189607e-05,0.0069058177900124685,0.020241118619256773,0.9999338930386481,0.1844943124533756,0.21920368095539797,0.2386523144430499,0.48277636901684656,0.7402774853670008,0.21715400653656192,1.6388642417671515e-06,0.0023662555911154563,0.4037846981831329,0.11913428465694878,0.7226095609273451,0.5734445251084022,0.003387367065177218,0.05213904437306323,0.0,8.050979642464906e-05,0.0,0.009417105999932328,0.35125098549569017,0.2411437320822215,0.047253023154958766,0.031504551190949776,6.610696135189607e-05,6.610696135189607e-05,0.08231335469727287,0.09194201118883295,0.3641962734903955,0.1281305370058191,0.07934368845383956,0.0,0.0,0.0,0.0,0.0770404789791568,0.17256148424267387,0.9883254896932674,0.7386263374406218,0.0316224743130432,0.49980572300168674,0.0,0.06701829407416213,0.04582773393962853,0.03175813529869871,0.005911398213811247,6.610696135189607e-05,0.1954141154581198,0.01566928785563702,6.610696135189607e-05,6.610696135189607e-05,0.5370669207873807,0.1315919776271801,0.4887067555881469,0.9872885072940086,0.9214687405206692,0.5635642059314201,0.6271206736669053,0.06853122052817047,0.09283603077404957,0.0,0.0,0.0,0.0,0.0
0.000699804102029659,0.01447969152634311,0.003980781719886344,0.0007894041313741682,6.610696135189607e-05,6.610696135189607e-05,0.04441848604550245,0.0009613231470403533,6.610696135189607e-05,0.9999451103285161,0.0,0.2135489991618306,0.012878651505372748,0.07366407915828087,0.03250933084468175,0.25096212174779337,0.13214174151268737,0.1609326432882162,0.00816367135909803,0.20910412983780735,0.9683652191134263,0.4999128287536057,1.0,0.04159914172259742,0.6169687276263863,6.610696135189607e-05,0.006925224047998771,0.020253438747266567,0.9999338930386481,0.18427556156663435,0.2187812024684465,0.23808938183169545,0.4834223522486411,0.7394901869871444,0.21599898466551062,9.399165718881689e-07,0.0019592568645511303,0.40289551725481343,0.11771177998517504,0.7220332611688245,0.5730346862132076,0.0033210060373376365,0.05171980300281598,0.0,7.264824073369989e-05,0.0,0.009416640514114004,0.3511707341122414,0.24099000523997255,0.04719470622310854,0.03149934201533355,6.610696135189607e-05,6.610696135189607e-05,0.08244501508935764,0.09193195108167428,0.36425451217972377,0.12806138156583236,0.07978263048540046,0.0,0.0,0.0,0.0,0.07696726115661705,0.1721783938123407,0.9885153226035643,0.7391760671593767,0.031634780886573656,0.5000145230056605,0.0,0.06684168675450484,0.04600769288982659,0.03170244010214094,0.005894164200874295,6.610696135189607e-05,0.19562134942372214,0.015669434600590577,6.610696135189607e-05,6.610696135189607e-05,0.5367030086267018,0.13244843144702328,0.4906693856872583,0.9871204085780554,0.924376663977168,0.5645951519005048,0.6313260982670316,0.06885773616187116,0.09385427668623542,0.0,0.0,0.0,0.0,0.0
0.0006998041020296591,0.01446696184649057,0.00397911378875059,0.0007893632827886549,6.610696135189607e-05,6.610696135189607e-05,0.04451383138897448,0.0009442310422614059,6.610696135189607e-05,0.9999451215374954,0.0,0.21232144805882733,0.013041328760343692,0.07125773576309515,0.032345708097532434,0.24827013209542312,0.132465352977289,0.16071189042446088,0.008042868700781055,0.20897975021079776,0.96835421138204,0.4997209896915971,1.0,0.0415838135958261,0.6188150328920489,6.610696135189607e-05,0.0069370750458238595,0.0202650531421987,0.9999338930386481,0.18405589070818512,0.21838838109445027,0.237615312749787,0.48406330545595955,0.7387217294095232,0.2149017479904266,5.372580690645789e-07,0.0016184244987659047,0.4020620122319522,0.11640079321922119,0.7214454601069311,0.5726167457894241,0.0032554001994023916,0.051302142879080644,0.0,6.552287987682431e-05,0.0,0.009416316085121524,0.3510932383685719,0.24083970985093406,0.0471392294761542,0.03149573686999403,6.610696135189607e-05,6.610696135189607e-05,0.08257217442838874,0.09192692297273904,0.36431047314372733,0.1279902541416747,0.08020836906537021,0.0,0.0,0.0,0.0,0.07690717737226074,0.17181721786403342,0.9887017310998165,0.7397181069101216,0.03164578861796002,0.500213487428526,0.0,0.06666724853658466,0.04616232225177641,0.031638234601613975,0.005878481759057927,6.610696135189607e-05,0.19582883639444415,0.015689331672598436,6.610696135189607e-05,6.610696135189607e-05,0.5364124857479161,0.13328801644880214,0.4925684348853758,0.9869581339815873,0.9271238397381389,0.5655922796705154,0.6353290746853557,0.06918200954351911,0.09485414592208163,0.0,0.0,0.0,0.0,0.0
0.000699804102029659,0.014455022151782685,0.003977609565596028,0.000789345248432573,6.610696135189607e-05,6.610696135189607e-05,0.04460578698350482,0.0008960571496268658,6.610696135189607e-05,0.9999451375650851,0.0,0.2111099883433838,0.013197016865081257,0.06894063021980483,0.03216140512031048,0.2456665786209768,0.13278533956161948,0.16049377924390945,0.007924690257386935,0.2088607332187019,0.9683444569265556,0.499538126171035,1.0,0.041569290422813675,0.6206798194009715,6.610696135189607e-05,0.00694525829347814,0.02027524241146675,0.9999338930386481,0.18383031711606646,0.21797332233586922,0.23714886950865652,0.48470246854271737,0.7379705720403623,0.21385754256609688,3.061778832600112e-07,0.001333910773797781,0.4012786851896022,0.11519064187223792,0.7208499501435985,0.5721931942940964,0.0031906233893601124,0.05088562917824744,0.0,5.9067517502108917e-05,0.0,0.009416109784310981,0.3510200464420459,0.2406928097781736,0.04708714945578495,0.031492626579678835,6.610696135189607e-05,6.610696135189607e-05,0.08269180903949078,0.09192205083383359,0.36436460052452846,0.1279201592526978,0.08062269432974163,0.0,0.0,0.0,0.0,0.0768617385621362,0.171479579961805,0.988884686353253,0.7402536376030506,0.0316555430734444,0.5004028063114629,0.0,0.06649476211658287,0.046295405180876145,0.03157040361711158,0.005864190796491195,6.610696135189607e-05,0.19603118979032444,0.01571542951447111,6.610696135189607e-05,6.610696135189607e-05,0.5361878030026273,0.1341092687069399,0.49440977476077774,0.9868026769570355,0.9297254590063974,0.5665599096900873,0.6391427795067852,0.0695029717326458,0.09583344650018914,0.0,0.0,0.0,0.0,0.0
0.0006998041020296591,0.014443458244643385,0.003976034381375975,0.00078935233254083,6.610696135189607e-05,6.610696135189607e-05,0.044690349581911946,0.000854604985115685,6.610696135189607e-05,0.9999451485343889,0.0,0.2099143448188377,0.013345108004386649,0.06670838561052293,0.031957990524126526,0.24315101798834832,0.13310234406211435,0.16028063538548185,0.007809143100079098,0.208746575295477,0.9683328322808821,0.49936165771909435,1.0,0.04155561464282365,0.6225603461749157,6.610696135189607e-05,0.006951963398655891,0.02028406311526831,0.9999338930386481,0.1835985960043084,0.21758865313933587,0.23669776281564628,0.4853316246964894,0.7372346267246229,0.21286104996568367,1.7401537506210938e-07,0.0010971152459284088,0.40053894302198756,0.11407068689278653,0.7202456481112477,0.5717641544015536,0.0031266708469321045,0.05047025635565026,0.0,5.322216073763612e-05,0.0,0.009415973455130408,0.3509496147183683,0.24055024309804815,0.04703998385146871,0.03149015460450417,6.610696135189607e-05,6.610696135189607e-05,0.08280949032738456,0.09191392027953758,0.3644166302348836,0.1278519185063749,0.08102605858061869,0.0,0.0,0.0,0.0,0.07683159359347473,0.1711639375060958,0.9890641860529888,0.7407831683488727,0.03166716771911795,0.500585120120168,0.0,0.0662907549465196,0.04640882407366502,0.03149997855353345,0.005850759926479422,6.610696135189607e-05,0.19623213048667978,0.01574233689464679,6.610696135189607e-05,6.610696135189607e-05,0.5361175036609516,0.13491345476900216,0.49619854663486007,0.9866547179802383,0.9321944991435487,0.5675030664538859,0.6427782951188651,0.06982041423316333,0.09679127270686883,0.0,0.0,0.0,0.0,0.0
0.000699804102029659,0.014432309417775496,0.0039744673975956515,0.000789330330219364,6.610696135189607e-05,6.610696135189607e-05,0.0447707262071515,0.0008196848339395309,6.610696135189607e-05,0.999945159350217,0.0,0.20872292570551038,0.013484067291772156,0.06455149158685547,0.031735016324922975,0.24071181463494928,0.1334144328578908,0.16007035968265093,0.0076962152330132955,0.20863714339877432,0.9683206815739657,0.4991923916101619,1.0,0.041544596788473026,0.6244567552726191,6.610696135189607e-05,0.006957257162075207,0.02029183318421513,0.9999338930386481,0.18336198506643017,0.2172128023455566,0.23626437584914936,0.48595136636683633,0.7365093770040797,0.2119036837102842,9.865800521794068e-08,0.0009005139092963474,0.3998349288203264,0.11303263413700378,0.7196331116606857,0.5713307449852842,0.003063565779092774,0.05005638043393008,0.0,4.793218651188949e-05,0.0,0.009416069824335002,0.35088410716345625,0.24041219205749262,0.046993881234546724,0.03148870985556127,6.610696135189607e-05,6.610696135189607e-05,0.08292282100527329,0.09190644503092879,0.36446619852327317,0.12778373397388712,0.08141650042283853,0.0,0.0,0.0,0.0,0.07681559797579542,0.17086812326848616,0.9892402189878939,0.7413064761672956,0.03167931842603432,0.5007596762033263,0.0,0.0661114861419805,0.04650337788241764,0.03142630280308589,0.0058375531830475134,6.610696135189607e-05,0.19637033639130702,0.015766113232671672,6.610696135189607e-05,6.610696135189607e-05,0.5360683052441733,0.13570688902203323,0.4979568901613669,0.9865158340502226,0.9345479945038482,0.5684300548547506,0.6462555512280469,0.07013685750562812,0.0977307720635787,0.0,0.0,0.0,0.0,0.0
0.0006998041020296591,0.014421633694567287,0.003972989730128529,0.0007892914592510629,6.610696135189607e-05,6.610696135189607e-05,0.044848038485859346,0.0007909623329055988,6.610696135189607e-05,0.9999451695739088,0.0,0.20754217927080768,0.013614146873833732,0.0624700849520773,0.03149537099930495,0.23835722914680324,0.13372275571415493,0.15986534031748512,0.0075858798177797365,0.20853212519210787,0.9683088179286925,0.49903003190778467,1.0,0.041534038660330855,0.6263677689035513,6.610696135189607e-05,0.006961671504458708,0.020298429110774598,0.9999338930386481,0.18312126301238302,0.2168419112060714,0.23587744132588304,0.4865616636977459,0.7357995918854814,0.2109874451363885,5.581170227283401e-08,0.0007377945677681518,0.39917123433019186,0.11207212882542136,0.7190138156077015,0.5708928741948033,0.0030012959840958016,0.04964387760102517,0.0,4.3147096547446896e-05,0.0,0.009416166533564554,0.35082222616830233,0.24027817222889594,0.046949301862866895,0.03148797890256424,6.610696135189607e-05,6.610696135189607e-05,0.08303141732741795,0.09190016444698304,0.36451342925359487,0.12771824089739628,0.08179773939685667,0.0,0.0,0.0,0.0,0.07681423619456278,0.1705943558530596,0.9894128241981245,0.7418239972068671,0.03169118207130754,0.5009268209956679,0.0,0.06593833819252194,0.046618693468926345,0.031353087398420465,0.005824948834580703,6.610696135189607e-05,0.19642305847215027,0.015779363040567772,6.610696135189607e-05,6.610696135189607e-05,0.535974948749363,0.13648216721712234,0.4996726361959472,0.986385797314464,0.9367921204801546,0.5693333946705031,0.6495706420277755,0.07044919248358081,0.09864742963465209,0.0,0.0,0.0,0.0,0.0
0.000699804102029659,0.01441109816647309,0.003971633771346983,0.0007892418809432534,6.610696135189607e-05,6.610696135189607e-05,0.04492415182840337,0.0007573079474854155,6.610696135189607e-05,0.9999451814815514,0.0,0.20638240577059147,0.013735922178038169,0.06046229553223863,0.03124267188882823,0.23608549447395125,0.13402984335246038,0.15966901865509525,0.007478083339587205,0.2084311293256569,0.9682977633622436,0.49887444777761525,1.0,0.04152595030542768,0.6282829674475353,6.610696135189607e-05,0.006965510427964016,0.020304025979246885,0.9999338930386481,0.1828816442381898,0.21647573060597067,0.23547313365098316,0.4871667876251032,0.7350970501368648,0.21008876771911025,3.149795617199033e-08,0.0006031908299058734,0.398510894232656,0.1111630975178321,0.718385125622814,0.5704472540478788,0.002939880644353274,0.04923289826336811,0.0,3.882101449616978e-05,0.0,0.009416417723599912,0.3507620417138959,0.24014802391345375,0.0469063236247339,0.03148785803437451,6.610696135189607e-05,6.610696135189607e-05,0.08313556472778248,0.09189335727962779,0.3645585306078367,0.12765679776970598,0.08216684456047307,0.0,0.0,0.0,0.0,0.07682712528289888,0.1703422478567574,0.9895820360160595,0.742335972410975,0.031702236637756384,0.5010867312078886,0.0,0.06577118605616031,0.04670961837832575,0.031282068112062245,0.005812859609141581,6.610696135189607e-05,0.19653014466375254,0.015792150882845673,6.610696135189607e-05,6.610696135189607e-05,0.5359133307530975,0.13724615209342922,0.5013619819498252,0.9862640463240057,0.9389345136378555,0.5702464338785158,0.6527514080082166,0.07075790574182679,0.09954147944026852,0.0,0.0,0.0,0.0,0.0
0.0006998041020296591,0.014401044296718055,0.003970272366801293,0.0007891867185675667,6.610696135189607e-05,6.610696135189607e-05,0.04499726266772478,0.000729145278580562,6.610696135189607e-05,0.9999451917458942,0.0,0.20523842015263788,0.013848961608016335,0.058524665941214034,0.030976739416379285,0.2338913259247029,0.13433359275683335,0.15947955651254594,0.007372751790686278,0.2083331648727512,0.9682867125184286,0.4987235669762749,1.0,0.041518103103295116,0.6302068739962609,6.610696135189607e-05,0.006968816796300504,0.020308864271977006,0.9999338930386481,0.18263787839935292,0.21611289237773185,0.23507373553515537,0.48776677151789277,0.7344074239686383,0.20921951789901894,1.7739117785157953e-08,0.0004922100997958503,0.39787649506530487,0.11030965607871887,0.7177517284746152,0.5699976109148338,0.0028793108794173835,0.04882362147846043,0.0,3.491203375006927e-05,0.0,0.009416684410823559,0.3507064662988049,0.2400206557752238,0.04686508863446866,0.031488427454235544,6.610696135189607e-05,6.610696135189607e-05,0.08323731141801351,0.09188742162615203,0.36460125590626014,0.12759859739173457,0.08252780837957542,0.0,0.0,0.0,0.0,0.076853371175541,0.17011038587704322,0.9897479373298963,0.7428432136487884,0.03171328748157137,0.501241520989975,0.0,0.06560818693363621,0.0467843512627571,0.03121191194761181,0.0058012916859051765,6.610696135189607e-05,0.19665602364186588,0.01580688211567421,6.610696135189607e-05,6.610696135189607e-05,0.5358821389868315,0.13799397863962706,0.5030142535687677,0.9861510206528659,0.9409831239589901,0.5711467655183158,0.6557990179965782,0.07106130759301044,0.10041244669557703,0.0,0.0,0.0,0.0,0.0
0.000699804102029659,0.014391471199453311,0.0039689498221798505,0.0007891179168209449,6.610696135189607e-05,6.610696135189607e-05,0.0450683118735716,0.0006998041024648588,6.610696135189607e-05,0.9999452027797352,0.0,0.20410921516737804,0.013952975312056807,0.05665393283660295,0.030698567459399247,0.23177125341843072,0.1346340917017983,0.1592967586322886,0.007269839311217356,0.20823835676402672,0.9682762670707631,0.49857812091312476,1.0,0.04151067822452219,0.632139204721449,6.610696135189607e-05,0.006971587671831044,0.02031278358212377,0.9999338930386481,0.18238962697267067,0.21575292276494168,0.2346867245684946,0.48836186576998053,0.7337310732034081,0.20838073926354778,0.0,0.0004009470887254844,0.3972706558519076,0.10950993330696146,0.7171142936326954,0.5695447350232526,0.0028195746922589525,0.04841610700045018,0.0,3.1381703352240236e-05,0.0,0.009417059373085283,0.3506545458913576,0.23989642613715795,0.04682480855513139,0.031489596039896754,6.610696135189607e-05,6.610696135189607e-05,0.083336510083234,0.09188327763188106,0.36464148712768585,0.12754350923763133,0.08288160836143929,0.0,0.0,0.0,0.0,0.07689239578346299,0.16989769850418954,0.9899105859965237,0.7433455362355231,0.03172373292923689,0.5013904973835229,0.0,0.06544884597423334,0.04684679370050192,0.031142295202240756,0.0057901726935677455,6.610696135189607e-05,0.19678702711835297,0.015824275048884746,6.610696135189607e-05,6.610696135189607e-05,0.5358782148917529,0.13872541755896048,0.5046284372076348,0.9860470246879431,0.9429451200746716,0.5720307766886932,0.6587188132746078,0.07135921888204334,0.10126080784026936,0.0,0.0,0.0,0.0,0.0
0.0006998041020296591,0.014382304895110437,0.003967642584246932,0.0007890459207141632,6.610696135189607e-05,6.610696135189607e-05,0.04513709891125705,0.0006835355615143976,6.610696135189607e-05,0.9999452114865625,0.0,0.20299488313478564,0.014047761384436653,0.05484705051603677,0.030409361471645937,0.2297223698735951,0.1349316813536184,0.15912085650335295,0.0071692828835829125,0.20814645571447726,0.9682661680606289,0.49843770818040084,1.0,0.04150383085419226,0.6340659069875014,6.610696135189607e-05,0.006973867336885983,0.02031567925596719,0.9999338930386481,0.18213884601513017,0.21539685824072397,0.23430809295688476,0.48895519035685264,0.7330672619937769,0.2075707054508778,0.0,0.0003260726121778145,0.3966915006425784,0.10876064904844028,0.7164730347754982,0.5690889555044022,0.002760660809035436,0.04801038585269856,0.0,2.819496574840199e-05,0.0,0.009417545092984625,0.3506057099695997,0.23977550755218144,0.04678573764137665,0.031491289871199424,6.610696135189607e-05,6.610696135189607e-05,0.0834339084325264,0.09187961357615855,0.36467936835298403,0.12749169155299522,0.0832285737639084,0.0,0.0,0.0,0.0,0.07694373792830185,0.16970341864586103,0.9900700563073817,0.7438431584328241,0.03173383193937104,0.5015340968538509,0.0,0.06529283493024354,0.04689941280477718,0.03107307460690787,0.005779460891517667,6.610696135189607e-05,0.19691675478130852,0.015844315434554047,6.610696135189607e-05,6.610696135189607e-05,0.535898282591844,0.13944104645322786,0.5062058376504283,0.9859522386155634,0.9448268768717855,0.5728991378857756,0.6615169810779646,0.07165154594258165,0.10208676934638379,0.0,0.0,0.0,0.0,0.0
0.000699804102029659,0.01437363604631896,0.003966430166074044,0.0007889585997408411,6.610696135189607e-05,6.610696135189607e-05,0.04520541063667299,0.0006680840276938942,6.610696135189607e-05,0.999945221531851,0.0,0.20189534217486702,0.014133183752566591,0.05310111235711887,0.03011027367507778,0.2277417613766386,0.13522525802947055,0.15895092805366748,0.007071014636869636,0.20805736532732122,0.9682575689164459,0.49830309531157746,1.0,0.04149744827429536,0.6360149047747355,6.610696135189607e-05,0.00697567217826338,0.0203177350360465,0.9999338930386481,0.18188250647614487,0.21504170806460915,0.23393448404830466,0.4895403754644083,0.7324162235707814,0.2067877123958066,0.0,0.0002647732922361245,0.3961371559156466,0.10805796085878822,0.7158299933789275,0.5686318605441181,0.0027025631877036806,0.04760654680367521,0.0,2.5319830009500687e-05,0.0,0.009418145659918047,0.3505603805124722,0.2396574638074885,0.04674712175000884,0.03149358746045318,6.610696135189607e-05,6.610696135189607e-05,0.08352827340966382,0.09187863824622419,0.36471463575314766,0.12744326692130215,0.08356891068870693,0.0,0.0,0.0,0.0,0.07700700485677045,0.16952694446269967,0.9902264221754267,0.7443360878690036,0.031742431083554144,0.5016715848584131,0.0,0.06514000511864651,0.04694422762847129,0.03100433165371793,0.005769090842385909,6.610696135189607e-05,0.19704153709765293,0.015866105146699682,6.610696135189607e-05,6.610696135189607e-05,0.5359393374668652,0.14014050950791643,0.5077480347406195,0.9858668162474334,0.946634114350645,0.5737525704092756,0.6642002777645732,0.07193774373483161,0.10289026693951474,0.0,0.0,0.0,0.0,0.0
0.0006998041020296591,0.01436534483104257,0.003965269031532865,0.0007888723962137058,6.610696135189607e-05,6.610696135189607e-05,0.04527295917001489,0.000653535178520217,6.610696135189607e-05,0.9999452314954465,0.0,0.20081138706653962,0.014209161924467799,0.05141342372125682,0.02980257324876345,0.2258266458433012,0.135517336532311,0.1587887268231644,0.006974964729408531,0.20797096451060743,0.9682500797883525,0.49817369388785093,1.0,0.04149197376166651,0.6379528984178443,6.610696135189607e-05,0.006977150709572176,0.020318926363196096,0.9999338930386481,0.18162560411113213,0.21469177589042457,0.2335682174032075,0.4901253766360221,0.7317752577021247,0.20602801462141954,0.0,0.00021468555367875488,0.3956027749320546,0.10739807883526765,0.7151820979314646,0.5681714331792941,0.002645262554437565,0.04720458757220348,0.0,2.2727193329940874e-05,0.0,0.009418869963223157,0.35051748548480155,0.23954242741163026,0.046709716670028927,0.031496440489853804,6.610696135189607e-05,6.610696135189607e-05,0.08362063781522908,0.09187877207056604,0.3647475452629121,0.12739837391744036,0.08390276105035081,0.0,0.0,0.0,0.0,0.07708189381826185,0.1693677829399548,0.990379772716154,0.7448244479171892,0.031749920211647416,0.5018035789188191,0.0,0.0649901838343326,0.046982078615779875,0.030936034351083677,0.005759064430739161,6.610696135189607e-05,0.19716068077155344,0.015890059191160603,6.610696135189607e-05,6.610696135189607e-05,0.5359985791089555,0.14082636838043497,0.50925783726169,0.9857908380755322,0.9483718907250644,0.5745946518191819,0.6667752753214311,0.07221867171796265,0.10367205705758675,0.0,0.0,0.0,0.0,0.0
0.000699804102029659,0.014357466884796742,0.003964147331588271,0.0007887865628814901,6.610696135189607e-05,6.610696135189607e-05,0.045339417580391374,0.0006399319693182662,6.610696135189607e-05,0.999945241231465,0.0,0.1997426322708878,0.014275645245543927,0.04978140392219163,0.029487151133302456,0.22397416463704387,0.1358059332775068,0.15863310098922895,0.006881066503548613,0.20788691765707698,0.9682434496682796,0.4980490234123178,1.0,0.041486972011436356,0.639892453880675,6.610696135189607e-05,0.006978192562775872,0.02031930174644313,0.9999338930386481,0.18136540508890184,0.2143421421796055,0.23320559824354742,0.4907078054519471,0.7311453885434297,0.2052905680154025,0.0,0.00017383368872768908,0.3950879266600398,0.10677734210509228,0.7145327740787429,0.5677099252149996,0.0025887573167383193,0.04680457986551342,0.0,2.0390452293674105e-05,0.0,0.009419677111662304,0.35047786151847227,0.2394294806426295,0.04666676382167023,0.031499744485358666,6.610696135189607e-05,6.610696135189607e-05,0.08372640661802042,0.09188156490532162,0.36478006979325156,0.12735703671987506,0.08423046128220403,0.0,0.0,0.0,0.0,0.07716790071882172,0.16922517465456552,0.9905301761797131,0.7453085024774097,0.031756550331720486,0.5019305861353885,0.0,0.0648433600962727,0.047014647522889634,0.030869679899326503,0.0057493236636604605,6.610696135189607e-05,0.1972726872504688,0.015910984321008098,6.610696135189607e-05,6.610696135189607e-05,0.5360706942383092,0.14149757473669525,0.5107363384315058,0.9857243547544561,0.9500447623890806,0.5754249222066578,0.6692484932578638,0.07249339192492858,0.10443179914120587,0.0,0.0,0.0,0.0,0.0
0.0006998041020296591,0.014349872582201871,0.003963059966802578,0.0007887277726840689,6.610696135189607e-05,6.610696135189607e-05,0.04540502898766399,0.0006272175905698481,6.610696135189607e-05,0.9999452508518505,0.0,0.19868962276790927,0.014332698889936832,0.04820278327303918,0.02916507186748344,0.22218198928707047,0.13609157597221372,0.15848438092554953,0.006789211091575756,0.20780436078978654,0.9682376143426471,0.4979277527603652,1.0,0.041482579296478174,0.641832760078079,6.610696135189607e-05,0.006979115883083335,0.020318896942174855,0.9999338930386481,0.1811028434713278,0.21399280659438394,0.23284593438373494,0.491288037354082,0.7305254318785795,0.2045730986570164,0.0,0.00014057115083287617,0.3945900522053099,0.10619219534400343,0.7138815469200593,0.5672468914301013,0.0025330062801258144,0.0464061824839938,0.0,1.8285271131335335e-05,0.0,0.009420540582874766,0.35043954801986504,0.239317148369567,0.046627116625806264,0.031503443225389935,6.610696135189607e-05,6.610696135189607e-05,0.08382481724188243,0.09188435546969205,0.36481144941073534,0.12731960005079504,0.08455208245877377,0.0,0.0,0.0,0.0,0.07726484948449265,0.16909882381748184,0.9906777826282984,0.7457894567262197,0.0317623856573529,0.5020539619685034,0.0,0.0646996545922411,0.047042704637919576,0.030804775897358343,0.005739961941198703,6.610696135189607e-05,0.19737795027771546,0.015930539025993253,6.610696135189607e-05,6.610696135189607e-05,0.536153007896315,0.14215496807062544,0.5121851961163006,0.9856673011100632,0.951656645576128,0.5762448759272066,0.6716258153689261,0.07276202762323429,0.1051699038268673,0.0,0.0,0.0,0.0,0.0
0.000699804102029659,0.014342562966932752,0.00396199644000645,0.0007886657083233455,6.610696135189607e-05,6.610696135189607e-05,0.045469720767731286,0.0006154981172693798,6.610696135189607e-05,0.9999452603358113,0.0,0.19765261616458524,0.014380410177127781,0.046675392023225175,0.02883728180831061,0.22044755868529026,0.13637453580548572,0.1583427263432767,0.006699337367600372,0.20772331842401004,0.9682324125332006,0.4978100097028788,1.0,0.04147877104926527,0.6437738082755041,6.610696135189607e-05,0.006979707575537593,0.020317783167069937,0.9999338930386481,0.18083821782628137,0.21364532823087223,0.2324899206324652,0.4918796963320828,0.7299150463426661,0.20387401556508747,0.0,0.00011353143897134279,0.39410717089998243,0.10563937292009241,0.713228694083749,0.5667829044976588,0.0024780122617679705,0.046009553736634304,0.0,1.6389689699567967e-05,0.0,0.009421460658756957,0.3504030896089482,0.23920685027772304,0.046589464822444415,0.031507501698684263,6.610696135189607e-05,6.610696135189607e-05,0.08391886210694627,0.09188762062899225,0.36484106903909125,0.1272858818329561,0.0848679976803055,0.0,0.0,0.0,0.0,0.07737221985278911,0.16898768086609942,0.9908226503706317,0.7462671278393557,0.031767587466799405,0.5021736006074217,0.0,0.06455909692838359,0.04706705113077399,0.030741005255590342,0.005730843136486388,6.610696135189607e-05,0.19747655109789122,0.01594981376505589,6.610696135189607e-05,6.610696135189607e-05,0.5362441813842336,0.1427990718243778,0.5136053705900219,0.9856195898228722,0.9532110765378035,0.577055547291707,0.6739130683946174,0.0730245502579761,0.10588668829296521,0.0,0.0,0.0,0.0,0.0
0.0006998041020296591,0.014335540933113022,0.003960946118510122,0.0007885966099773036,6.610696135189607e-05,6.610696135189607e-05,0.04553325611205166,0.0006047914949969789,6.610696135189607e-05,0.9999452697114546,0.0,0.19663184747707693,0.014418890559553527,0.045197175607983246,0.028504696142501017,0.2187686304267089,0.1366556164369708,0.15820894011702866,0.006611389415484867,0.20764391948108485,0.9682277289529201,0.4976957946813746,1.0,0.04147511432548188,0.6457132497560505,6.610696135189607e-05,0.006979799011409672,0.02031573880316522,0.9999338930386481,0.18056856959802198,0.21329551618766468,0.2321325795712001,0.49246719513876613,0.7293119796712005,0.20319147534692197,0.0,9.158273551642968e-05,0.3936367593833213,0.10511487975077129,0.7125735867027269,0.5663176093889944,0.0024237828957699324,0.04561453839194266,0.0,1.4683583731645465e-05,0.0,0.009422415805516865,0.3503686885198484,0.23909845999020507,0.04655314368337909,0.031511889551159876,6.610696135189607e-05,6.610696135189607e-05,0.08400997928269872,0.09189140562434651,0.3648684913223211,0.127256160497904,0.08517853841403654,0.0,0.0,0.0,0.0,0.07748960309548864,0.16889061839848196,0.9909648276887452,0.7467415421269725,0.031772271047079935,0.5022895217348938,0.0,0.06442142395761721,0.047088340442870906,0.03067808679183676,0.0057219289634407285,6.610696135189607e-05,0.19756751340710804,0.015968517512287853,6.610696135189607e-05,6.610696135189607e-05,0.5363428021767439,0.14343185983089543,0.5149981387619647,0.9855811094404465,0.9547112416565003,0.5778585444741777,0.6761164898225198,0.07328119376481375,0.10658283209549502,0.0,0.0,0.0,0.0,0.0
0.000699804102029659,0.014328774582675837,0.003959917457686007,0.0007885229518379538,6.610696135189607e-05,6.610696135189607e-05,0.04559580110448228,0.000595093038342257,6.610696135189607e-05,0.9999452789548683,0.0,0.1956270389177364,0.014448256882675281,0.04376614056653244,0.028167987916407865,0.21714212017687953,0.13693422052657983,0.1580822295701556,0.006525298098998132,0.20756589595565766,0.968223479027448,0.4975848181822966,1.0,0.04147196009486546,0.6476545483983784,6.610696135189607e-05,0.006978741682804112,0.020313111593367034,0.9999338930386481,0.1802971619236301,0.2129506871291687,0.2317808363776978,0.4930513849855565,0.7287169384141806,0.20252445918202508,0.0,7.379255623743979e-05,0.39317858078942186,0.10461697206308966,0.7119170672996373,0.5658519792299294,0.0023703079844013776,0.045221365365656,0.0,1.3148866616775796e-05,0.0,0.009423458884651556,0.3503367117395799,0.23899286443521625,0.04651808024023179,0.031516741066715,6.610696135189607e-05,6.610696135189607e-05,0.08409908273360286,0.09189636381057815,0.3648936077845967,0.12723053781923718,0.08548427191732896,0.0,0.0,0.0,0.0,0.07761700069458738,0.16880753088826925,0.9911043939166005,0.7472127386786863,0.03177652097255199,0.5024020329510867,0.0,0.06428683329284283,0.047107023837328774,0.030616229928978014,0.005713265206391294,6.610696135189607e-05,0.1976521267178607,0.01598763099112147,6.610696135189607e-05,6.610696135189607e-05,0.5364479315498318,0.14405252376658223,0.5163642299829095,0.9855517431173247,0.9561600668772301,0.5786534312941704,0.6782409077600308,0.07353171147919547,0.10725826031164583,0.0,0.0,0.0,0.0,0.0
0.0006998041020296591,0.01432225264787328,0.003958906222315556,0.0007884466704314792,6.610696135189607e-05,6.610696135189607e-05,0.04565731296945911,0.0005863866410996995,6.610696135189607e-05,0.9999452881072697,0.0,0.19463828872003072,0.014468678785318401,0.0423804905210156,0.027827890985346798,0.21556569733583564,0.1372106635021655,0.15796272542830544,0.006441016845138164,0.2074893863196166,0.9682196519358658,0.49747717678615255,1.0,0.04146935466415956,0.6496307763464654,6.610696135189607e-05,0.006977994923315422,0.020310030092053177,0.9999338930386481,0.1800214531133309,0.2126044195109771,0.23143105779608808,0.4936257137886091,0.7281293393298048,0.20187139750073213,0.0,5.9392719655087255e-05,0.3927312267082126,0.10414351258604475,0.7112587902887426,0.5653858375898816,0.002317587710519367,0.04483009575639437,0.0,1.1769022738816566e-05,0.0,0.00942458733795689,0.3503073485166487,0.23888965988427827,0.04648417304144594,0.031521992313303535,6.610696135189607e-05,6.610696135189607e-05,0.08418616529854711,0.09190244822005206,0.36491647390422177,0.1272091773885556,0.08578555069541215,0.0,0.0,0.0,0.0,0.07775423541402735,0.16873806345265704,0.9912413954443424,0.747680517923989,0.03178034806413417,0.5025110541911086,0.0,0.06415527429306277,0.047123424412903035,0.03054058677514324,0.005704858467385655,6.610696135189607e-05,0.19772806386153755,0.016051035809349877,6.610696135189607e-05,6.610696135189607e-05,0.5365917509994506,0.14466148328163955,0.517704763083825,0.9855313212146816,0.9575601167593293,0.5794408823064406,0.6802907900781197,0.07377631079506458,0.10791337352915589,0.0,0.0,0.0,0.0,0.0
0.000699804102029659,0.014315931700902743,0.003958029420390387,0.0007883651024362219,6.610696135189607e-05,6.610696135189607e-05,0.045717572389046356,0.0005786372998516281,6.610696135189607e-05,0.9999452969827286,0.0,0.19366239614395964,0.014479849403854224,0.04103771716191876,0.02748469412529737,0.21403469128177716,0.13748780891775844,0.1578520237591979,0.006358498426299594,0.20741458642433505,0.968216227069353,0.497372757571014,1.0,0.04146743756423191,0.6516049094475989,6.610696135189607e-05,0.006977258039373214,0.020306517058481258,0.9999338930386481,0.17974640510554155,0.2122629318895236,0.2310874597030082,0.49419997389672327,0.727544601721978,0.2012278280101068,0.0,4.775188716458142e-05,0.3922888378490459,0.10369090832518937,0.710593686660864,0.5649149421607129,0.0022656132678501315,0.044440803402950736,0.0,1.0529070341726637e-05,0.0,0.009425811005801116,0.35027809710066893,0.23878953386311969,0.0464508806014724,0.031527642786134215,6.610696135189607e-05,6.610696135189607e-05,0.0842720032840653,0.0919092220482061,0.3649375896745759,0.12719223888945386,0.08608386403072725,0.0,0.0,0.0,0.0,0.07790180570667586,0.16868426699387942,0.9913758883058503,0.7481446101727142,0.03178377293064701,0.5026167133586443,0.0,0.06402466844774868,0.04713593186212496,0.030475991619506343,0.005696567928993539,6.610696135189607e-05,0.19779420638225895,0.016085642240991706,6.610696135189607e-05,6.610696135189607e-05,0.5367359887616433,0.14526315938856815,0.5190259118152064,0.9855201505961457,0.9589145309509166,0.5802264680256567,0.6822744003930334,0.07401669871470169,0.10854876708620977,0.0,0.0,0.0,0.0,0.0
0.0006998041020296591,0.014309890858555031,0.0039571175017611504,0.0007882824203509636,6.610696135189607e-05,6.610696135189607e-05,0.045776769496957796,0.0005718492254666145,6.610696135189607e-05,0.9999453058606264,0.0,0.19270079903254508,0.014482240639969354,0.03973668887978746,0.027139154080484923,0.21254931061591842,0.137763982530094,0.1577493088745389,0.006277674280128479,0.207341231214946,0.968213205689527,0.4972715075777361,1.0,0.04146620377088639,0.6535790176813875,6.610696135189607e-05,0.006976280609666435,0.020302411797743624,0.9999338930386481,0.17946962888106227,0.21192323639658203,0.2307458180267074,0.49477450838346976,0.7269662234076217,0.20059565881944955,0.0,3.835400503069186e-05,0.39185637259004313,0.10325928008180721,0.7099260494504305,0.5644426174334083,0.0022143928995507047,0.0440536169678524,0.0,9.415376855128794e-06,0.0,0.009427090133198786,0.35025250907771416,0.23869089138582597,0.04641818509426366,0.03153367384920076,6.610696135189607e-05,6.610696135189607e-05,0.08435690022885865,0.09191656613297183,0.3649567204188408,0.1271787427288899,0.08637850739852722,0.0,0.0,0.0,0.0,0.07805817962234156,0.16864311706150692,0.9915079328203208,0.7486051518172017,0.031786794310473016,0.5027190770454087,0.0,0.06389606186579505,0.047147008984629334,0.030416014330688277,0.005688480087884388,6.610696135189607e-05,0.1978545591281027,0.016108461418065257,6.610696135189607e-05,6.610696135189607e-05,0.5368788418424922,0.1458550338634883,0.5203250347494782,0.9855177593600306,0.9602249571151819,0.581004473329472,0.6841914093022744,0.07425178839713407,0.10916495663054589,0.0,0.0,0.0,0.0,0.0
0.000699804102029659,0.014304075692691322,0.003956185997198785,0.0007881994885757448,6.610696135189607e-05,6.610696135189607e-05,0.04583513019424947,0.0005660116345178895,6.610696135189607e-05,0.999945314692661,0.0,0.19175420883272756,0.014476177297592121,0.03847602639493095,0.02679197780910763,0.21110808549393573,0.138038807661733,0.15765420730926946,0.006198504347153244,0.20726932964820846,0.9682105686435193,0.49717320514266244,1.0,0.04146551863148414,0.6555542094714661,6.610696135189607e-05,0.0069750503716616095,0.020297737438981268,0.9999338930386481,0.17915787900686925,0.21158881987644987,0.23040545328257309,0.4953800131637904,0.726394316776587,0.19997419658240495,0.0,3.0775802096312616e-05,0.3914330014676358,0.10284694145027433,0.709256875465522,0.5639696134721905,0.0021639173654028603,0.04366840650972661,0.0,8.415537249997696e-06,0.0,0.009428425330530062,0.3502296595748425,0.2385941797282899,0.04638609873679231,0.031540092813685944,6.610696135189607e-05,6.610696135189607e-05,0.08444094697023324,0.09192477024697862,0.364973893913134,0.12716872491101652,0.08666940196988614,0.0,0.0,0.0,0.0,0.07822293763566154,0.16861370069503678,0.9916375782874439,0.7490622638420649,0.03178943135648075,0.5028183793200875,0.0,0.06376998899464825,0.0471571154208378,0.030358572562058483,0.005680619955002754,6.610696135189607e-05,0.1979091593973071,0.016126006323353138,6.610696135189607e-05,6.610696135189607e-05,0.53702056482903,0.14643695831239653,0.5216021926149814,0.9855238227024079,0.9614931978029727,0.5817750207232565,0.6860449730557899,0.07448137923708349,0.10976247852350324,0.0,0.0,0.0,0.0,0.0
0.0006998041020296591,0.014298409483347907,0.003955251920306641,0.0007881154186140112,6.610696135189607e-05,6.610696135189607e-05,0.04589336553447488,0.0005611033272910458,6.610696135189607e-05,0.9999453234579907,0.0,0.1908227015141052,0.014461944641383789,0.03725435360366364,0.026443745669546957,0.2097090500007973,0.13831290875627084,0.1575672961540646,0.00612094473999785,0.207198794908844,0.9682083013168062,0.49707763718612613,1.0,0.04146409833792694,0.6575422200613,6.610696135189607e-05,0.006973263294715926,0.020291556604717535,0.9999338930386481,0.17886313623988473,0.21124178431817886,0.23005530755973627,0.49597871347836187,0.7258232901505332,0.19936358984673497,0.0,2.4671161582700302e-05,0.39102029537906563,0.10245437998318563,0.7085836649454443,0.5634931917022568,0.002114152607380044,0.04328494964389711,0.0,7.518297629831319e-06,0.0,0.009429773564261165,0.3502096832503873,0.2385020973410906,0.04635443883809663,0.031546843179810345,6.610696135189607e-05,6.610696135189607e-05,0.08452369781007882,0.09193398252625809,0.3649879928884798,0.12716579696912472,0.08695765375424684,0.0,0.0,0.0,0.0,0.07839818794886387,0.16859918587777792,0.9917649026526221,0.749516255447259,0.03179169868319376,0.502914844516244,0.0,0.06364625024326873,0.04716554575042358,0.030303210465728137,0.005672953987923565,6.610696135189607e-05,0.19795585835767332,0.016145729884374543,6.610696135189607e-05,6.610696135189607e-05,0.5371579246232596,0.1470109128803421,0.522856054884913,0.9855380553586162,0.9627209752347536,0.5825359589513874,0.6878365700160171,0.07470523834942089,0.11034032626590073,0.0,0.0,0.0,0.0,0.0
0.000699804102029659,0.01429297131835632,0.0039542901473011835,0.0007880335461328213,6.610696135189607e-05,6.610696135189607e-05,0.04595027980443081,0.0005571152005521503,6.610696135189607e-05,0.9999453323105285,0.0,0.18990664122840928,0.014439762758519293,0.036070246895482265,0.02609504331714544,0.20835013146568654,0.1385867315779955,0.15748843441004856,0.0060449677133558545,0.20712987477500464,0.9682064110730831,0.4969848347281458,1.0,0.041463491112454426,0.6595345917920503,6.610696135189607e-05,0.006971410359419766,0.02028510221281138,0.9999338930386481,0.17857141344891217,0.2108950864144003,0.22970656339086193,0.4965741480832478,0.7252563261870013,0.1987624025722832,0.0,1.975927232578792e-05,0.3906142565625915,0.10207824881862805,0.7079071169233503,0.5630157059335089,0.002065111926615536,0.04290333825597154,0.0,6.7135669034865885e-06,0.0,0.009431248587464216,0.35019246479438687,0.23841070253438398,0.0463237719748364,0.03155420923076699,6.610696135189607e-05,6.610696135189607e-05,0.08460610048436454,0.09194467833375257,0.3649995152963843,0.1271669280787385,0.08724243112355558,0.0,0.0,0.0,0.0,0.07858219749774567,0.16859571839317772,0.9918899203600287,0.7499667869690239,0.03179358892691688,0.5030084517049508,0.0,0.0635257698585621,0.0471734453156966,0.030248659497159023,0.005665542456006791,6.610696135189607e-05,0.19800030783146683,0.016164071465346715,6.610696135189607e-05,6.610696135189607e-05,0.5372942886105595,0.14757674573426025,0.524088525075752,0.9855602372414807,0.963909993832192,0.583290700120263,0.6895716197156854,0.07492395400090851,0.1109001412632648,0.0,0.0,0.0,0.0,0.0
0.0006998041020296591,0.014287753629781182,0.003953348575177418,0.0007879503312949966,6.610696135189607e-05,6.610696135189607e-05,0.046006238329405064,0.0005540203505582407,6.610696135189607e-05,0.999945341039894,0.0,0.18900612638712644,0.01440991148729548,0.03492247225873851,0.025746354730904978,0.20702977367845093,0.13885991103959716,0.15741722883172315,0.005970513807072495,0.2070622384085392,0.9682048606028348,0.4968944360697141,1.0,0.041463434898457885,0.6615315233527894,6.610696135189607e-05,0.006969383510564733,0.020278297721718453,0.9999338930386481,0.17830194497425764,0.21054246328665432,0.22935979835848974,0.49714835947060865,0.7246942384727736,0.1981695341526073,0.0,1.5811251438721408e-05,0.3902134713494689,0.101716295687321,0.7072282366718978,0.5625376835347498,0.0020167920464356174,0.042523482842632264,0.0,5.99213681054757e-06,0.0,0.009432792836266768,0.3501775680437451,0.23832102889554332,0.046293631472602965,0.031561915862206004,6.610696135189607e-05,6.610696135189607e-05,0.08468823589840686,0.09195655743061228,0.3650088589712079,0.12717170780190643,0.08752400418529402,0.0,0.0,0.0,0.0,0.07877442205716562,0.16860260209113562,0.9920126941464918,0.7504142787488285,0.03179513939716521,0.5030995717934753,0.0,0.06340810410951771,0.047180931725914615,0.03019518242314657,0.005658333017121459,6.610696135189607e-05,0.19804085754625117,0.01618076700448272,6.610696135189607e-05,6.610696135189607e-05,0.5374312319033175,0.14813405372532,0.5253003352749723,0.9855900885127046,0.9650617164898228,0.5840401739196263,0.691253930634228,0.07513743023133951,0.11144248554239156,0.0,0.0,0.0,0.0,0.0
0.000699804102029659,0.014282777004860796,0.003952429977105,0.0007878677876198943,6.610696135189607e-05,6.610696135189607e-05,0.046060885210778356,0.0005517936706784231,6.610696135189607e-05,0.9999453496624799,0.0,0.18812118085213705,0.014372677581050871,0.03380984569146004,0.025398106405775597,0.2057464797527146,0.13913194601541057,0.15735291817322358,0.005897533025082639,0.20699577661519294,0.968203658540943,0.4968064122472343,1.0,0.04146457302587274,0.6635263862340224,6.610696135189607e-05,0.006967430098438646,0.020271728611321815,0.9999338930386481,0.17800418754552913,0.21021663819101463,0.2290552352320566,0.4977364705116273,0.7241405595616169,0.19758371164315244,0.0,1.2641364430690203e-05,0.3898155574265204,0.10136546741212842,0.7065492954403735,0.562061444542525,0.0019692081290152374,0.042145494924802525,0.0,5.34570965707861e-06,0.0,0.009434424710658055,0.3501644551214073,0.2382313978677104,0.04626409494624246,0.03156993864601907,6.610696135189607e-05,6.610696135189607e-05,0.08477052045622481,0.0919694558467329,0.3650169492692501,0.12717760664368696,0.0878019974420035,0.0,0.0,0.0,0.0,0.07897291038716155,0.1686168345694189,0.9921332588459021,0.7508587284600046,0.03179634145905695,0.5031882420431086,0.0,0.06329336581280244,0.047188633910209284,0.030140902487792443,0.005651334226835319,6.610696135189607e-05,0.1980779763965124,0.016197842162565278,6.610696135189607e-05,6.610696135189607e-05,0.5375751312201413,0.1486818337946961,0.5264931100627069,0.9856273224189491,0.9661775129441093,0.584786336167704,0.692888052835157,0.07534584815705445,0.11196880271483249,0.0,0.0,0.0,0.0,0.0
0.0006998041020296591,0.014277947704956388,0.003951574122394286,0.0007877841380016186,6.610696135189607e-05,6.610696135189607e-05,0.046115510387590056,0.0005503925390255994,6.610696135189607e-05,0.9999453580248929,0.0,0.18725092020723694,0.014328332413026062,0.0327312184012317,0.02505054096595226,0.20449840241872785,0.139402694041206,0.15729547287657275,0.005825967183133198,0.2069301622647809,0.9682027952380983,0.4967205895029913,1.0,0.04146535723160339,0.6655314743027667,6.610696135189607e-05,0.0069647821417441825,0.020263992999381718,0.9999338930386481,0.17769582642281026,0.20988188184583254,0.22872311153930724,0.4983390789579435,0.7235901470752745,0.19700497324054203,0.0,1.0098395739792795e-05,0.38942349257690767,0.10102697362945995,0.7058691643475814,0.5615837538035903,0.0019223496966247673,0.04176919056989562,0.0,4.76672701357089e-06,0.0,0.009436063740127374,0.3501531194745447,0.23814579857275112,0.04623437439250086,0.031577981384722224,6.610696135189607e-05,6.610696135189607e-05,0.08485141498875524,0.09198113378487678,0.3650235509153486,0.1271885957822121,0.0880779759535669,0.0,0.0,0.0,0.0,0.07917922934863171,0.16864281228817213,0.992251683120242,0.7513006471653235,0.03179720476190177,0.5032746437699952,0.0,0.06318051517887638,0.047195389743123796,0.03008697046201028,0.0056444827892447565,6.610696135189607e-05,0.19810706895440705,0.016221034551209143,6.610696135189607e-05,6.610696135189607e-05,0.5377241234619953,0.1492212571425135,0.5276661305986541,0.9856716675869739,0.9672586832030285,0.5855259664571401,0.6944746239518123,0.0755489122625809,0.11247796103166487,0.0,0.0,0.0,0.0,0.0
0.000699804102029659,0.014273264273128614,0.003950731255276058,0.000787703684490591,6.610696135189607e-05,6.610696135189607e-05,0.04616948422017129,0.0005498068066398143,6.610696135189607e-05,0.9999453663713047,0.0,0.18639475328528476,0.01427710266275288,0.031685408750359474,0.02470397429568727,0.2032838400119238,0.13967313164488787,0.157245422288226,0.005755794932029639,0.2068657302383309,0.9682023023905479,0.49663723023066114,1.0,0.04146590947202668,0.6675489428218552,6.610696135189607e-05,0.006961922290063503,0.020255616778277936,0.9999338930386481,0.17741314711332642,0.2095371844012901,0.22838117309628791,0.4989222519914092,0.7230411470784963,0.1964331534452813,0.0,8.060253439300392e-06,0.3890374905855813,0.10070061788041951,0.7051857717445612,0.5611037300871135,0.0018761988196958942,0.041394597611132206,0.0,4.2484218076444505e-06,0.0,0.009437748932684183,0.3501436502580525,0.23806241897454322,0.04620536110480969,0.03158653709730861,6.610696135189607e-05,6.610696135189607e-05,0.08493133317985657,0.09199460120039399,0.3650279725850134,0.1272049776106387,0.08835231388765488,0.0,0.0,0.0,0.0,0.07939405607868896,0.16868072215326668,0.9923680062482745,0.7517396721505369,0.03179769760945205,0.5033585213475312,0.0,0.06306965849613633,0.04720110207585259,0.03003325459007226,0.005637794180745356,6.610696135189607e-05,0.19812939915945224,0.016248485058164286,6.610696135189607e-05,6.610696135189607e-05,0.5378767361851253,0.14975387531086495,0.5288197793817792,0.9857228973372472,0.9683065309962012,0.5862585351187314,0.6960155421076567,0.07574704053186193,0.11297012547139393,0.0,0.0,0.0,0.0,0.0
0.0006998041020296591,0.0142688072187936,0.00394990073332086,0.0007876248300438626,6.610696135189607e-05,6.610696135189607e-05,0.046222060793378955,0.0005500292228704883,6.610696135189607e-05,0.9999453746730499,0.0,0.18555241449608761,0.01421920991993525,0.03067127867308203,0.024358735073442953,0.20210132797791294,0.13994317653555996,0.1572022804286217,0.0056869778019477246,0.2068024845566863,0.9682021575130209,0.4965561855840216,1.0,0.04146760085705519,0.6695692895437699,6.610696135189607e-05,0.006959179711010467,0.02024783561299972,0.9999338930386481,0.17710647035585722,0.20920134117254663,0.22804257571841488,0.49952259051656855,0.7224979044561106,0.19586693788636195,0.0,6.428390533142138e-06,0.38865416221050564,0.10038344887319128,0.7045009207535287,0.5606239935790027,0.001830770346025511,0.04102184873704507,0.0,3.784685685928869e-06,0.0,0.009439541842251375,0.35013582566836116,0.23797857753733268,0.04617710858588705,0.03159547354931765,6.610696135189607e-05,6.610696135189607e-05,0.08501121566569209,0.09200965510421623,0.36503106711350664,0.1272231532197785,0.08862425008720332,0.0,0.0,0.0,0.0,0.0796151284789556,0.1687265352768194,0.9924822518520268,0.7521756667062687,0.03179784248697915,0.5034400297302924,0.0,0.06296132476913366,0.04720683836403253,0.02997947561101324,0.005631405230178748,6.610696135189607e-05,0.19814863949601735,0.01627419412865983,6.610696135189607e-05,6.610696135189607e-05,0.5380352227956894,0.15027894232411082,0.5299563975303471,0.9857807900800647,0.9693222929363848,0.5869871027160515,0.6975152231488958,0.07594077423195575,0.11344719071555621,0.0,0.0,0.0,0.0,0.0
0.000699804102029659,0.014264499417196323,0.003949119524234552,0.000787543357643179,6.610696135189607e-05,6.610696135189607e-05,0.04627442703526966,0.0005510324784822123,6.610696135189607e-05,0.9999453827626569,0.0,0.18472336435468406,0.01415494809632375,0.029687859294663055,0.024015060755322632,0.2009497380690485,0.14021277469117294,0.15716617021265863,0.0056194582787746136,0.2067400610907418,0.9682023284787015,0.49647715146755245,1.0,0.041468900640442556,0.6716037397990448,6.610696135189607e-05,0.006956056534182171,0.02023927327765778,0.9999338930386481,0.17678961918124353,0.2088620575376266,0.22769878545295175,0.5001362060489469,0.721956588407747,0.19530647349791594,0.0,5.1228820812479615e-06,0.38827576553017473,0.1000761972280628,0.7038135294371258,0.560142224041078,0.0017860420754758632,0.040650770701919046,0.0,3.3699440703029986e-06,0.0,0.00944133049560954,0.35012973963842947,0.23789808322231876,0.04614893051162524,0.03160444737382779,6.610696135189607e-05,6.610696135189607e-05,0.08509043630603827,0.09202578696721443,0.3650323092822121,0.12724601610800665,0.08889491928147689,0.0,0.0,0.0,0.0,0.07984391802527858,0.16878329532968844,0.9925944996457495,0.7526091682073391,0.0317976715212985,0.5035194785883773,0.0,0.06285458101635924,0.04721179017847707,0.029926673471323044,0.005625312092157937,6.610696135189607e-05,0.1981602589344264,0.016301928821484065,6.610696135189607e-05,6.610696135189607e-05,0.5381959836355813,0.1507973954842464,0.5310752428659231,0.9858450519036762,0.9703070178232557,0.5877091737145026,0.6989740647028887,0.07612977784642261,0.11390831041657488,0.0,0.0,0.0,0.0,0.0
0.0006998041020296591,0.014260337732806836,0.00394834698439482,0.0007874626413145128,6.610696135189607e-05,6.610696135189607e-05,0.04632625939307043,0.0005528056564092041,6.610696135189607e-05,0.9999453908461416,0.0,0.18390727829954692,0.014084567000271513,0.02873414106872076,0.023673207467233625,0.19982764004672834,0.14048268471558192,0.15713747530477973,0.005553209163438256,0.20667868634932124,0.9682028390433427,0.49640030192613616,1.0,0.041470056136841286,0.6736547254029174,6.610696135189607e-05,0.006952653867547455,0.020230001765559693,0.9999338930386481,0.1765037213770152,0.20851346093247985,0.22735002988217884,0.5007246029570511,0.7214157506229454,0.1947516472953879,0.0,4.079356685198088e-06,0.3879023382109454,0.09977879661505902,0.7031221672705201,0.5596577323652892,0.0017420069745583597,0.04028133837046609,0.0,2.9992043613637757e-06,0.0,0.00944317138875744,0.35012576337094586,0.23785314244629294,0.046121607488840255,0.031614248294378006,6.610696135189607e-05,6.610696135189607e-05,0.08516715110217571,0.09204341081991024,0.3650128296923198,0.1272738799095125,0.08916437816406485,0.0,0.0,0.0,0.0,0.0800807388417121,0.16885108342542357,0.9927047838620033,0.7530399752802127,0.0317971609566573,0.5035966988695024,0.0,0.06274974811678666,0.04721605548040533,0.029874494831070252,0.005619400796854161,6.610696135189607e-05,0.19816640337488783,0.01633205649381323,6.610696135189607e-05,6.610696135189607e-05,0.5383580302601708,0.15131036946754223,0.5321766962410004,0.9859154329997285,0.971261779574594,0.588424454321821,0.7003935633382127,0.07631440917218585,0.11435370890450754,0.0,0.0,0.0,0.0,0.0
0.000699804102029659,0.014256814537917642,0.003947329934220376,0.0007874100187443765,6.610696135189607e-05,6.610696135189607e-05,0.046373656154345785,0.0005552514070428771,6.610696135189607e-05,0.9999453994744113,0.0,0.18310455371850923,0.0140083137003498,0.02780916006595773,0.02333346025342304,0.19873390394487625,0.14075283108538575,0.157115494585909,0.005488296426568566,0.20662152337583872,0.968203816770229,0.4963298370774161,1.0,0.04147258118031602,0.6756742941151724,6.610696135189607e-05,0.006950578577065989,0.020221079177677317,0.9999338930386481,0.17620667699499534,0.20817278499168243,0.22700646231057886,0.5013239714626028,0.7208820951085195,0.1942019767117593,0.0,3.2460403181186806e-06,0.38753001633463396,0.09948820846724413,0.7024300612946816,0.5591750070382853,0.0016987570226378668,0.039915516531647766,0.0,2.668072887817283e-06,0.0,0.00944547921047318,0.3501356573985202,0.23778817897614501,0.046097477894137255,0.03162534445754078,6.610696135189607e-05,6.610696135189607e-05,0.08524481367034457,0.09206472881398661,0.3649944548903478,0.1273013082635263,0.0894292192314156,0.0,0.0,0.0,0.0,0.08032199946577606,0.16892453649622335,0.9928129465507936,0.7534629600925136,0.03179618322977097,0.5036674948496961,0.0,0.06264746206632223,0.047220985229753085,0.029822008460829646,0.005612305995969719,6.610696135189607e-05,0.19817023958437083,0.016359188953739244,6.610696135189607e-05,6.610696135189607e-05,0.5385303612672303,0.15181659662795413,0.5332642503383158,0.9859916862996502,0.9721875938937241,0.589136523411943,0.7017778875878796,0.07649510815415661,0.11478496187958237,0.0,0.0,0.0,0.0,0.0
0.0006998041020296591,0.014253482940449086,0.003946507770145077,0.0007873551346165237,6.610696135189607e-05,6.610696135189607e-05,0.04642120292173477,0.0005584136237989072,6.610696135189607e-05,0.9999454070641127,0.0,0.18231402605910235,0.013926464405919268,0.026912026333015843,0.022995907950621404,0.19766794598917758,0.14101983861895054,0.15709862011416953,0.005424664741528453,0.2065664908550826,0.9682051215956643,0.49626217063155065,1.0,0.041474697697461094,0.67771091306845,6.610696135189607e-05,0.00694751990051288,0.020211636550527278,0.9999338930386481,0.17590512742434697,0.20783186894133035,0.2266573243213893,0.5019245408705441,0.7203540018641118,0.1936575421798686,0.0,2.5810599404263863e-06,0.38716310984065544,0.0992044312171056,0.70174042215544,0.5586930108266902,0.001656209038672539,0.039551606149021826,0.0,2.3723606932475496e-06,0.0,0.009447787004952853,0.35014613708931686,0.23772253857815787,0.04607313512886114,0.031636241152564845,6.610696135189607e-05,6.610696135189607e-05,0.08532298036781163,0.09208664451269122,0.3649774473839851,0.1273323488057725,0.0896925665157467,0.0,0.0,0.0,0.0,0.08056929034953192,0.16900611652118497,0.992919126219799,0.7538819029958956,0.031794878404335654,0.5037354570077561,0.0,0.06254643087469346,0.047225873723062334,0.02977072991189284,0.005606165096976048,6.610696135189607e-05,0.1981651482234771,0.01638461761132771,6.610696135189607e-05,6.610696135189607e-05,0.5387041238826389,0.15231364933011574,0.5343358652452823,0.9860735355940807,0.9730853926070437,0.5898409822087232,0.7031276227937168,0.07667044887607755,0.11520225253795532,0.0,0.0,0.0,0.0,0.0
0.000699804102029659,0.014250334231954521,0.003945647530698662,0.0007872960779306062,6.610696135189607e-05,6.610696135189607e-05,0.04646909739778315,0.0005623227989412078,6.610696135189607e-05,0.9999454148238212,0.0,0.18153558713731824,0.01383930701134031,0.026041929156655687,0.02266080718093742,0.19662858599399122,0.14128610269460942,0.15708782194686977,0.0053622742086613375,0.2065129820082326,0.9682068740059214,0.4961969599479006,1.0,0.04147703813232178,0.679763136317295,6.610696135189607e-05,0.0069440151331679415,0.020201866808958756,0.9999338930386481,0.17559537598375977,0.2074917785430172,0.22630992350097384,0.5025322929980603,0.7198292696563731,0.19311774031037038,0.0,2.050849357501385e-06,0.38679992562947124,0.09892753940890293,0.7010495666612031,0.5582103942061452,0.0016143514291389435,0.03918952079224416,0.0,2.108411932582236e-06,0.0,0.009450113640994089,0.35015662018839294,0.2376565855428118,0.04604874883700229,0.031647259335518735,6.610696135189607e-05,6.610696135189607e-05,0.08540106016519694,0.09210944532330585,0.364961324754119,0.127366803052172,0.08995433440265736,0.0,0.0,0.0,0.0,0.08082269345484372,0.16909576842982774,0.9930233743621997,0.7542974971995232,0.031793125994078554,0.5038009316401668,0.0,0.062447264241258495,0.047230442783017745,0.029720341823839667,0.005600305942577019,6.610696135189607e-05,0.19815532281641762,0.016409953505727014,6.610696135189607e-05,6.610696135189607e-05,0.5388789930967004,0.1528039272914549,0.535392338149654,0.9861606929886597,0.9739560199939868,0.5905392671895914,0.7044438745971058,0.07684163718934382,0.11560601541715734,0.0,0.0,0.0,0.0,0.0
0.0006998041020296591,0.014247328219471622,0.003944536932449296,0.0007872360448390391,6.610696135189607e-05,6.610696135189607e-05,0.04651770392040213,0.0005669715227849442,6.610696135189607e-05,0.9999454237917577,0.0,0.18076904570889704,0.01374711801582217,0.025198054782165847,0.02232835747357452,0.1956147745931914,0.14155248068035547,0.15708340730039397,0.00530108091357028,0.2064604314648881,0.9682090261280825,0.4961335724241189,1.0,0.04147940676228511,0.6818333601363256,6.610696135189607e-05,0.00694018827767214,0.02019157534556973,0.9999338930386481,0.17528504434611936,0.20714948856665588,0.22596275913560987,0.5031422322891681,0.7193061627701406,0.19258236257490716,0.0,1.6284220411251292e-06,0.3864404843067788,0.09865785986062804,0.700355914536516,0.5577260350791663,0.0015731759888206786,0.03882913874699481,0.0,1.8729252931639484e-06,0.0,0.009452431775084369,0.35016705025397454,0.23759113914736843,0.04602436163328542,0.03165835380055683,6.610696135189607e-05,6.610696135189607e-05,0.08547864365109462,0.09213265242654643,0.36494555784414984,0.12740522927160125,0.09021500043216757,0.0,0.0,0.0,0.0,0.08108255971751573,0.16919416079862953,0.993125743097609,0.7547104297881171,0.03179097387191756,0.503864554650588,0.0,0.062349848924983894,0.047234590784469274,0.029670738313993212,0.005594504460271154,6.610696135189607e-05,0.19814124714614775,0.016436299493596634,6.610696135189607e-05,6.610696135189607e-05,0.539054928543417,0.15328860795825813,0.5364335912840282,0.9862528819841778,0.974800316795793,0.5912311582196467,0.7057273655461805,0.07700904506561276,0.11599639682181023,0.0,0.0,0.0,0.0,0.0
0.000699804102029659,0.014244470310329946,0.003943250600103325,0.0007871770737803532,6.610696135189607e-05,6.610696135189607e-05,0.046566484948137706,0.000572331687611479,6.610696135189607e-05,0.9999454331637591,0.0,0.18001425239408522,0.013650164783641214,0.024379582733138182,0.021998745322572347,0.19462555526367487,0.14181930732170098,0.15708522317834533,0.005241042520646966,0.2064083440233712,0.9682114425504207,0.49607119209640166,1.0,0.041482019800753576,0.6839213086704642,6.610696135189607e-05,0.006936184096400209,0.020180931656158526,0.9999338930386481,0.17497270613617083,0.20680645043716298,0.2256164427088832,0.5037548946423576,0.7187845597609256,0.19205092191881,0.0,1.292127108567685e-06,0.38608403373674965,0.09839501378580381,0.699659055838166,0.5572397777564018,0.001532682169398736,0.03847040192549889,0.0,1.6629340287838902e-06,0.0,0.009454754015349148,0.350177220103972,0.2375259140091454,0.04600009587992365,0.031669576390036216,6.610696135189607e-05,6.610696135189607e-05,0.08552231870701467,0.09215460899031216,0.36493636238982363,0.12744722350402962,0.09047476597760229,0.0,0.0,0.0,0.0,0.0813486498903258,0.1693009803329933,0.9932262753099543,0.75512125405113,0.031788557449579265,0.5039271449695696,0.0,0.06225424007919484,0.047238500752199736,0.02962171329238482,0.005588816245527863,6.610696135189607e-05,0.19812377643265655,0.016462957548630624,6.610696135189607e-05,6.610696135189607e-05,0.5392324313453852,0.15376821673504482,0.5374600597095025,0.9863498352163588,0.9756191251397532,0.591917220940678,0.7069794309505214,0.07717298694980725,0.11637401873225967,0.0,0.0,0.0,0.0,0.0
0.0006998041020296591,0.01424168232484409,0.003941755806446242,0.0007871226082628272,6.610696135189607e-05,6.610696135189607e-05,0.046613756386082374,0.0005787642419100251,6.610696135189607e-05,0.9999454429888212,0.0,0.17927102686257737,0.013548712953395586,0.023585741943484402,0.021672133208348383,0.19366011345592563,0.14208675027419745,0.1570932535045157,0.005182202866948401,0.2063572361132776,0.9682138312498946,0.49601016703356876,1.0,0.041484839616134216,0.6860278721573744,6.610696135189607e-05,0.006932117262706696,0.02016987978427218,0.9999338930386481,0.1746578523884299,0.20646849389978006,0.22527035890782374,0.5043695250020039,0.7182637412284473,0.19152268434841005,0.0,1.0246017794069162e-06,0.3857301072206778,0.09813858650456105,0.6989591589953893,0.5567498556587239,0.0014928664009717521,0.03811307975975797,0.0,1.4757644370612625e-06,0.0,0.009456974812732341,0.3501834707531611,0.2374596042777977,0.04598139156814848,0.031680256939605606,6.610696135189607e-05,6.610696135189607e-05,0.08557995688953006,0.09217621127353619,0.36492478225604397,0.12749261774262616,0.09073445460050132,0.0,0.0,0.0,0.0,0.08162053337107422,0.1694177083690362,0.9933249307320798,0.7555296841269644,0.03178616875010545,0.5039883572019942,0.0,0.06216029860571655,0.047242186039917436,0.029573179275469742,0.005583271729146583,6.610696135189607e-05,0.19810282777167706,0.016489593654576543,6.610696135189607e-05,6.610696135189607e-05,0.5394117177518164,0.15424364102892657,0.5384718341885113,0.9864512870466045,0.9764132334547362,0.5925977595709738,0.7082013000395133,0.07733355735933906,0.11673918246772413,0.0,0.0,0.0,0.0,0.0
0.000699804102029659,0.01423910105453863,0.003940180900248596,0.000787039380627341,6.610696135189607e-05,6.610696135189607e-05,0.04666110932128362,0.0005859386592584142,6.610696135189607e-05,0.9999454529667143,0.0,0.17853915926840155,0.013443025399451828,0.02281579079667335,0.021348659133016132,0.19271772448726313,0.142354783061544,0.157107040264407,0.005124466211651389,0.20630622661813738,0.9682162527155894,0.49595014575592117,1.0,0.04148790404386616,0.6881565659124604,6.610696135189607e-05,0.0069275706291933295,0.020158631035625194,0.9999338930386481,0.17434067321918684,0.20612708565379456,0.2249248594312406,0.5049869444342064,0.7177448185554004,0.19099763061195682,0.0,8.119371170407985e-07,0.3853785156183526,0.09788835868635655,0.6982563836063501,0.5562580224947211,0.0014537472510264527,0.037757627028305485,0.0,1.3090278964966828e-06,0.0,0.00945922272769238,0.3501912485536609,0.23739455157448916,0.045960934501777906,0.031691330493085604,6.610696135189607e-05,6.610696135189607e-05,0.08564452797213977,0.09219878868871936,0.364911249794525,0.12754085633224482,0.09099391997250873,0.0,0.0,0.0,0.0,0.08189795185176543,0.1695426211459144,0.9934217865373222,0.7559361463535571,0.031783747284410586,0.5040485452161824,0.0,0.06206803939494278,0.04724582224948396,0.029525296451532228,0.0055777108970148466,6.610696135189607e-05,0.1980782408768304,0.016516573207677427,6.610696135189607e-05,6.610696135189607e-05,0.5395930005767005,0.15471432511235478,0.5394692901471329,0.9865569746005481,0.9771833972662096,0.5932728252486313,0.7093939168263803,0.07749088148034045,0.11709231609495754,0.0,0.0,0.0,0.0,0.0
0.0006998041020296591,0.014236650041184185,0.003938558382057037,0.0007869559400815321,6.610696135189607e-05,6.610696135189607e-05,0.04670851162849001,0.000593741690698828,6.610696135189607e-05,0.9999454630382216,0.0,0.17781858714200352,0.01333335758736046,0.022069027376314748,0.021028463400481368,0.19179774222635868,0.14262381802243423,0.15712677016342338,0.0050677758839882845,0.20625522441874886,0.9682188437099318,0.49589091795025003,1.0,0.04149119119076134,0.6903052672505889,6.610696135189607e-05,0.006922879692238859,0.020147053375650162,0.9999338930386481,0.174021285229334,0.20578372395639596,0.22457878652160732,0.5056082600806009,0.7172270438860185,0.190475044206453,0.0,6.430018183325063e-07,0.3850287108535138,0.09764390242968862,0.6975499288084462,0.5557636544101644,0.001415316758769549,0.03740384419514788,0.0,1.160560525949612e-06,0.0,0.009461502493162436,0.3502002004679348,0.23733038838182052,0.045939379170108804,0.03170270403675837,6.610696135189607e-05,6.610696135189607e-05,0.08571280670958525,0.09222245217200255,0.36489641882876533,0.12759212532837827,0.09125318037182667,0.0,0.0,0.0,0.0,0.08218099527315209,0.1696756023883048,0.9935169073572422,0.7563409313861033,0.03178115629006817,0.5041079214892241,0.0,0.06197732066542269,0.04724932290599532,0.02947793392281554,0.005572273511396036,6.610696135189607e-05,0.19804997953405243,0.016543677546704744,6.610696135189607e-05,6.610696135189607e-05,0.5397764527809306,0.15518083078560324,0.5404531882797169,0.9866666424126396,0.9779303296218669,0.5939428257460048,0.7105583553439527,0.07764525789596746,0.11743397303810747,0.0,0.0,0.0,0.0,0.0
0.000699804102029659,0.01423430769541006,0.003936909472838779,0.0007868779394104905,6.610696135189607e-05,6.610696135189607e-05,0.04675584605708945,0.0006021483472731774,6.610696135189607e-05,0.9999454731386598,0.0,0.17710904412998923,0.013219951703211184,0.02134476502436641,0.020711644137929863,0.19089942512614413,0.14289376564407782,0.15715229790629187,0.005012084180402421,0.20620418282620556,0.9682216642872717,0.4958323424969038,1.0,0.04149464466544894,0.6924753346993047,6.610696135189607e-05,0.006918089412219196,0.020135134538936474,0.9999338930386481,0.17369929751016214,0.20543851282503134,0.22423116452377678,0.5062337836446427,0.7167102246545,0.18995467312546144,0.0,5.088972052230182e-07,0.38468062328067665,0.0974048434813424,0.6968399125975073,0.5552666411996242,0.0013775677065098269,0.03705156762257354,0.0,1.0284221071162995e-06,0.0,0.00946380535261241,0.3502101698544907,0.23726694695660006,0.0459171509623102,0.03171430173208213,6.610696135189607e-05,6.610696135189607e-05,0.08578317176157532,0.09224708480161324,0.36488061700032914,0.12764639833412303,0.09151230427814433,0.0,0.0,0.0,0.0,0.08246958477286503,0.16981656908358414,0.9936103481130878,0.7567442495512209,0.031778335712728215,0.5041666290809891,0.0,0.06188807364358935,0.04725277199157207,0.029431070720397953,0.005566958613668045,6.610696135189607e-05,0.198017972051347,0.016570721564025215,6.610696135189607e-05,6.610696135189607e-05,0.5399621671372183,0.15564337701137695,0.541423978466405,0.9867800482967888,0.9786547260784284,0.5946077325813935,0.7116957313925134,0.07779673698554981,0.11776449181049982,0.0,0.0,0.0,0.0,0.0
0.0006998041020296591,0.014232061216394618,0.003935247581511411,0.0007868054470842107,6.610696135189607e-05,6.610696135189607e-05,0.04680302624247586,0.0006111590095030967,6.610696135189607e-05,0.9999454832389778,0.0,0.17641027073447269,0.013103045065315372,0.020642342791001914,0.0203982941782087,0.19002205680004644,0.14316466102689504,0.15718353108588776,0.004957350249640574,0.20615312130171504,0.9682247322934938,0.49577441011290646,1.0,0.04149824620817244,0.6946681018426897,6.610696135189607e-05,0.0069132004989548475,0.020122883618541084,0.9999338930386481,0.17337455307623484,0.20509147601659733,0.22388165526312098,0.506863759152081,0.7161941484023341,0.18943625387935728,0.0,4.0251386767671603e-07,0.3843340667707998,0.09717082710364021,0.6961263124753785,0.5547668045234546,0.0013404935314891315,0.036700664562860745,0.0,9.108726029996191e-07,0.0,0.009466127407950458,0.35022101489517027,0.2372041418328883,0.04589454556210601,0.03172608877266982,6.610696135189607e-05,6.610696135189607e-05,0.08585472482114277,0.09227260136035631,0.3648640156838215,0.12770363017446587,0.0917713845324203,0.0,0.0,0.0,0.0,0.0827636170707762,0.16996545082014408,0.9937021562188703,0.7571462141354243,0.031775267706506155,0.5042246790144905,0.0,0.061800241094342546,0.047256205823971234,0.029384696205045375,0.005561751420084309,6.610696135189607e-05,0.19798221074084524,0.01659765434563374,6.610696135189607e-05,6.610696135189607e-05,0.5401501614313161,0.15610222142320004,0.5423820908537499,0.9868969549346847,0.9793572546951304,0.5952676390509916,0.7128071160963133,0.07794540942695038,0.11808421357051369,0.0,0.0,0.0,0.0,0.0
0.000699804102029659,0.01422990541757802,0.0039335814587932744,0.0007867372621854711,6.610696135189607e-05,6.610696135189607e-05,0.046849992150275,0.0006207813702779058,6.610696135189607e-05,0.9999454933211569,0.0,0.17572200729251916,0.012982868786370222,0.01996112300619689,0.020088495953013197,0.18916494602118877,0.1434365844903827,0.15722039066564128,0.004903537857500884,0.20610208132740254,0.9682280454778998,0.4957171601966373,1.0,0.04150198546689049,0.696884888407383,6.610696135189607e-05,0.0069082036216446705,0.0201103090668098,0.9999338930386481,0.1730469531815882,0.20474258522085106,0.22353010050654928,0.5074984056473056,0.7156786230736354,0.18891953352388807,0.0,3.181771287619918e-07,0.38398885256397974,0.09694153947677545,0.6954090601712357,0.5542639709480334,0.0013040884595067093,0.03635102530137422,0.0,8.063517477459459e-07,0.0,0.009468466582033673,0.3502326777476617,0.2371419214878411,0.045871750219001875,0.03173804611942181,6.610696135189607e-05,6.610696135189607e-05,0.08592694206530928,0.09229893554685999,0.3648467033754391,0.127763768355829,0.09203053080670304,0.0,0.0,0.0,0.0,0.08306297551622784,0.17012216809334957,0.9937923736829924,0.7575468933712233,0.03177195452210021,0.5042820334516149,0.0,0.06171377067743763,0.04725965297768692,0.029338793938617623,0.005556639876991629,6.610696135189607e-05,0.19794273392298264,0.016591129108694692,6.610696135189607e-05,6.610696135189607e-05,0.540354094847288,0.1565576085705356,0.5433279283768897,0.9870171312136298,0.9800385588166743,0.595922651483007,0.7138935145020358,0.07809137982215379,0.11839347029297577,0.0,0.0,0.0,0.0,0.0
0.0006998041020296591,0.01422781017221696,0.003931914421872956,0.0007866719576366573,6.610696135189607e-05,6.610696135189607e-05,0.04689691681091723,0.0006310251757645503,6.610696135189607e-05,0.9999455033217577,0.0,0.17504399803527315,0.012859695311376564,0.019300489799282325,0.01978240413259543,0.1883279859896525,0.14370979896189537,0.15726313095506755,0.004850614412607998,0.2060511128254645,0.9682315961255327,0.49566064934998655,1.0,0.0415059436879792,0.6991277611567783,6.610696135189607e-05,0.006903061918288895,0.0200974260110458,0.9999338930386481,0.17271813232903002,0.2043900255871486,0.22317617330827375,0.5081381586950402,0.7151636569804555,0.18840414551501744,0.0,2.5137894368599917e-07,0.3836431577029581,0.09671560563765244,0.6946879670365169,0.5537569749730816,0.0012683472055345561,0.036002554063628775,0.0,7.134608300052702e-07,0.0,0.009470825608689618,0.3502451665284165,0.23708042413571764,0.04584885065884487,0.031750156230089595,6.610696135189607e-05,6.610696135189607e-05,0.0859994109215415,0.0923261083319115,0.3648286681244288,0.12782695577750317,0.09229037276679279,0.0,0.0,0.0,0.0,0.08336756645935807,0.1702867794978866,0.9938810383818575,0.7579463331109068,0.03176840387446729,0.5043386371891835,0.0,0.0616275790604588,0.04726268737064537,0.0292947512521364,0.005551507261352434,6.610696135189607e-05,0.19789457328175195,0.01659738520897473,6.610696135189607e-05,6.610696135189607e-05,0.5405533964448648,0.1570093872420414,0.5442614836829167,0.9871403046886235,0.980699258821774,0.5965744381644466,0.7149564083726951,0.07823466754222966,0.11869311457396434,0.0,0.0,0.0,0.0,0.0
0.000699804102029659,0.014225815219974207,0.003930230497534173,0.0007866097089908045,6.610696135189607e-05,6.610696135189607e-05,0.046943517768873226,0.0006419060291776552,6.610696135189607e-05,0.9999455133868393,0.0,0.17437597383985595,0.012733709964218465,0.01865981408431769,0.019479980580642507,0.18750988621036516,0.14398429431773435,0.1573111559220361,0.004798551111377333,0.20600025990891926,0.9682353725837356,0.49560485747140287,1.0,0.04151013557271287,0.7013967617401996,6.610696135189607e-05,0.006897830177049909,0.020084229080725016,0.9999338930386481,0.17238571758828933,0.20403583330094874,0.22281969704960605,0.508783264882709,0.7146491173915522,0.1878902093099855,0.0,1.984964614603149e-07,0.38329922403095334,0.09649417848229856,0.6939631936573031,0.5532471670383361,0.0012332660372616597,0.03565514684956503,0.0,6.309460052593184e-07,0.0,0.009473198749296067,0.3502586754532604,0.23701910824898972,0.04582604512916107,0.031762427681567916,6.610696135189607e-05,6.610696135189607e-05,0.08607211538028335,0.09235399611538943,0.36480997174449165,0.1278927787606456,0.09255047801617336,0.0,0.0,0.0,0.0,0.08367704184237788,0.1704585614323069,0.993968182851361,0.7583445932415157,0.03176462741626435,0.5043945115825919,0.0,0.061542961484494,0.04726610379158834,0.02925085410035377,0.005546477550262552,6.610696135189607e-05,0.19784343306913343,0.016611613934026943,6.610696135189607e-05,6.610696135189607e-05,0.5407506591528385,0.15745810384780223,0.5451833388339852,0.9872662900357816,0.9813399874192209,0.5972207953884041,0.7159959353073363,0.07837547018258476,0.11898311560732099,0.0,0.0,0.0,0.0,0.0
0.0006998041020296591,0.014223912991865355,0.003928554123780912,0.0007865487601376423,6.610696135189607e-05,6.610696135189607e-05,0.04698981881690641,0.0006534313036982159,6.610696135189607e-05,0.9999455234162987,0.0,0.17371780725657562,0.012605120403113838,0.01803853513641344,0.019181288188776267,0.1867099905272062,0.1442601016271239,0.15736439373133948,0.0047473199561487945,0.20594954231269166,0.9682393660779718,0.49554982523297286,1.0,0.04151440166285084,0.7036952863418952,6.610696135189607e-05,0.0068924794189709395,0.0200707266634388,0.9999338930386481,0.17204960956530432,0.20367979724767718,0.2224606499169456,0.5094334507843301,0.714134603714556,0.18737724571899178,0.0,1.5665188489390735e-07,0.3829565825906323,0.09627701307226359,0.6932346106671019,0.5527343299904357,0.0011988390278273317,0.03530870500045069,0.0,5.576841535199441e-07,0.0,0.009475582765668481,0.3502729101758758,0.23695835130996803,0.045803277266376514,0.03177485213683453,6.610696135189607e-05,6.610696135189607e-05,0.08614491399579524,0.09238260504536748,0.3647906558140205,0.1279613114584231,0.09281088223513387,0.0,0.0,0.0,0.0,0.08399140501481879,0.17063767118241344,0.9940538410160239,0.7587417526868576,0.031760633922028166,0.5044496170828736,0.0,0.061459871484738325,0.04726981148189148,0.02920702883287832,0.005541553550612466,6.610696135189607e-05,0.1977901597733053,0.016630554549916944,6.610696135189607e-05,6.610696135189607e-05,0.5409480158040777,0.15790408482702092,0.5460940647892988,0.9873948795968862,0.9819613082117017,0.5978621292205915,0.7170129964005302,0.0785138826909554,0.11926360509581131,0.0,0.0,0.0,0.0,0.0
0.000699804102029659,0.014222100428864534,0.003926893887430471,0.0007864889449922661,6.610696135189607e-05,6.610696135189607e-05,0.04703580073198638,0.0006656087174895032,6.610696135189607e-05,0.9999455333979453,0.0,0.17306930591638436,0.012474129796111883,0.01743610926250243,0.01888638422038735,0.185927750166971,0.1445374396531381,0.1574229209536011,0.004696895139467874,0.20589900811277773,0.9682435799409778,0.49549564788353717,1.0,0.04151873297556049,0.7060205630740323,6.610696135189607e-05,0.006887005752186185,0.02005691507661208,0.9999338930386481,0.17171032707776493,0.20332205490455837,0.22209933008969812,0.5100895401213043,0.7136197867975669,0.1868648559951731,0.0,1.2355937113879476e-07,0.3826146233419529,0.09606372771568301,0.6925018784022575,0.5522180051404479,0.0011650610602669173,0.03496316699385068,0.0,4.926705313162343e-07,0.0,0.009477984280284001,0.35028785378427213,0.23689817915624,0.04578057238518654,0.03178743208644163,6.610696135189607e-05,6.610696135189607e-05,0.08621770799466939,0.09241191834347073,0.36477074043515134,0.12803254460758812,0.09307168900810765,0.0,0.0,0.0,0.0,0.0843106061976604,0.17082420265058015,0.9941380438002652,0.7591378248933716,0.031756420059022204,0.5045038594459316,0.0,0.06137816538770156,0.04727367766568031,0.02916335457295123,0.005536726852870375,6.610696135189607e-05,0.1977346832558349,0.016652273519232957,6.610696135189607e-05,6.610696135189607e-05,0.5411468139725302,0.158347668594845,0.5469941490803348,0.9875258702038882,0.9825637671781264,0.5984989924376598,0.718008522117346,0.07865007574694405,0.11953487125537082,0.0,0.0,0.0,0.0,0.0
0.0006998041020296591,0.014220383952193919,0.0039252551480633046,0.0007864301778536173,6.610696135189607e-05,6.610696135189607e-05,0.047081440375811884,0.0006784474371142421,6.610696135189607e-05,0.9999455433027599,0.0,0.17243016380812198,0.012340934700087689,0.01685200628671304,0.01859529623943614,0.18516266766536035,0.14481610950668913,0.15748656369219133,0.004647252859109601,0.20584868941973603,0.9682480182835035,0.4954423968703265,1.0,0.04152308464218804,0.7083763468471582,6.610696135189607e-05,0.006848062745379262,0.020043686438261668,0.9999338930386481,0.17136638163240864,0.2030747256934494,0.22182144849159804,0.510768920863013,0.7131047541599688,0.18635293978084116,0.0,9.740318878001599e-08,0.3822732798502299,0.09585398178222962,0.6917653020019785,0.5516981485180021,0.0011319274919401481,0.034618474740430366,0.0,4.350058027448915e-07,0.0,0.009480403804580505,0.3503036470553878,0.2368385781045107,0.04575795171981581,0.03180015336068255,6.610696135189607e-05,6.610696135189607e-05,0.08629042778773946,0.09244195768626702,0.3647502113596288,0.12810645388577105,0.09333302816887967,0.0,0.0,0.0,0.0,0.08463454390235138,0.17101816504640707,0.9942208196489503,0.7595328358398336,0.03175198171649647,0.5045571681238707,0.0,0.061297720451385866,0.047277703155759916,0.02911990751833302,0.005531984623515285,6.610696135189607e-05,0.1976765777891353,0.016675512282449654,6.610696135189607e-05,6.610696135189607e-05,0.5413478143808946,0.15878879195426018,0.5478838682421572,0.9876590652999123,0.9831478963100981,0.599131423910334,0.71898335055241,0.078784044588981,0.11979712274339949,0.0,0.0,0.0,0.0,0.0
0.000699804102029659,0.014218656434806473,0.003923646768200286,0.0007864091314642915,6.610696135189607e-05,6.610696135189607e-05,0.04712719964368363,0.0006918464108561933,6.610696135189607e-05,0.9999455531965284,0.0,0.171799577985509,0.012205727270135032,0.016285711826934435,0.018307966402905544,0.18441366804096376,0.1450953575628149,0.15755460273929728,0.004598371722167486,0.20579849289592075,0.9682526887737047,0.49539014673602866,1.0,0.0415268891560856,0.710756187030832,6.610696135189607e-05,0.0068295660988163705,0.020028758790228023,0.9999338930386481,0.17101782256180453,0.20274901464056383,0.22152477795432754,0.5114513082786593,0.7125777339664223,0.18583886506024314,0.0,7.674594316607378e-08,0.3819356181708223,0.09565409708977125,0.6910135812638022,0.5511685129829893,0.0010994901530378257,0.034272867655242796,0.0,3.8387271643672184e-07,0.0,0.009482797671798375,0.3503230604408434,0.23677286488976415,0.04574381402647142,0.03181316121670996,6.610696135189607e-05,6.610696135189607e-05,0.0863442605630396,0.09247800082054607,0.364730736623882,0.1281946260629159,0.09360088656114442,0.0,0.0,0.0,0.0,0.08497246098834445,0.17122842034923383,0.9943021381247947,0.7599286394488365,0.031747311226295316,0.5046094693912548,0.0,0.061218621872083864,0.047280847718471276,0.029076669143544155,0.005529286343134449,6.610696135189607e-05,0.1976192732525267,0.01669992190425931,6.610696135189607e-05,6.610696135189607e-05,0.5415545677553418,0.15922763997066178,0.5487606703931035,0.987794272729865,0.9837142114271225,0.5997564154262721,0.719932234869265,0.07891860018503848,0.12004846392847955,0.0,0.0,0.0,0.0,0.0
0.0006998041020296591,0.014217016341338365,0.0039221224517666554,0.0007863262772563758,6.610696135189607e-05,6.610696135189607e-05,0.047172768485240255,0.0006998041019116274,6.610696135189607e-05,0.9999455638375219,0.0,0.1711780679259597,0.012068764907720339,0.015736830394517398,0.018024551945220128,0.18368274720096298,0.14537448689935079,0.15762805611501526,0.004550290132679644,0.20574928440637016,0.9682575557765816,0.49533958169743775,1.0,0.04153092999598083,0.7131700269355368,6.610696135189607e-05,0.006818064874737999,0.02001313513689433,0.9999338930386481,0.17066467791288464,0.2023965274912852,0.2211905847282504,0.5121371747678022,0.7120484264551418,0.18532467050347545,0.0,6.043891791014967e-08,0.3815980785789238,0.09545704955643045,0.6902566756322136,0.5506337361779896,0.0010677114832336296,0.033927311706848304,0.0,3.38562731480967e-07,0.0,0.009485257369927698,0.35034317807193943,0.23671063826353117,0.04572860276708094,0.03182581553452296,6.610696135189607e-05,6.610696135189607e-05,0.08640013694926245,0.09251105551331198,0.3647093328891096,0.1282880454821256,0.09387026222833762,0.0,0.0,0.0,0.0,0.08531762816015259,0.17144783261438518,0.9943819983840867,0.7603234038867815,0.03174244422341838,0.5046600797398307,0.0,0.06114071449521894,0.0472840460446692,0.02903376203879748,0.005525894440724305,6.610696135189607e-05,0.19755875114175064,0.01672530316490857,6.610696135189607e-05,6.610696135189607e-05,0.5417652057248442,0.15966352806273262,0.5496269993422274,0.9879312350922796,0.9842631091665647,0.6003773694758561,0.7208602032426066,0.07905120930828301,0.12029037509260998,0.0,0.0,0.0,0.0,0.0
0.000699804102029659,0.014215445731939568,0.003920559176285484,0.0007862312136839843,6.610696135189607e-05,6.610696135189607e-05,0.04721696078167902,0.0006998041020296591,6.610696135189607e-05,0.9999455751681956,0.0,0.17056547177038822,0.011930201813534286,0.0152048434651432,0.01774506227467427,0.18296921340826494,0.145654481269385,0.1577071405010207,0.004502984791674275,0.20570074302843783,0.9682619654654899,0.4952899285960205,1.0,0.04153521913279937,0.7156201646053902,6.610696135189607e-05,0.006809361913069851,0.019997424511891737,0.9999338930386481,0.17030754956755198,0.20203307074625523,0.22083357372119902,0.5128274730573326,0.7115192831783791,0.18481059342889225,0.0,4.757198229897382e-08,0.38126055557158844,0.09526199946349498,0.6894963555740701,0.5500948775517266,0.0010365713562636503,0.03358227503686082,0.0,2.984372230911989e-07,0.0,0.009487768372246849,0.350364303327967,0.23665123498626714,0.04571175314443038,0.031838824789046316,6.610696135189607e-05,6.610696135189607e-05,0.0864615384835609,0.09254275742368533,0.364686040985022,0.12838426906619976,0.09414011838159017,0.0,0.0,0.0,0.0,0.08566772810238299,0.17167441551573406,0.9944604438520621,0.7607169819347014,0.031738034534510115,0.5047097729667565,0.0,0.06106371732006697,0.04728745512030125,0.02899098273739746,0.00552189789083676,6.610696135189607e-05,0.19749325235849471,0.01675130323135903,6.610696135189607e-05,6.610696135189607e-05,0.5419787314295307,0.16009644775542115,0.5504838164191294,0.9880697981864657,0.9847951089628745,0.6009943821537373,0.7217687871282401,0.079181435054162,0.12052356643151861,0.0,0.0,0.0,0.0,0.0
0.0006998041020296591,0.014213895429585394,0.003918881762918451,0.0007861478965456941,6.610696135189607e-05,6.610696135189607e-05,0.04725894633263235,0.000699804102029659,6.610696135189607e-05,0.999945585742949,0.0,0.16996148624464935,0.011790177961857162,0.014689232120357517,0.017469486486705404,0.18227212262927198,0.1459361103390791,0.1577917712831666,0.004456431559841993,0.20565258008219078,0.968265352539736,0.4952404459721067,1.0,0.041539718182600126,0.7181077687685605,6.610696135189607e-05,0.006801833866285475,0.019981601723732926,0.9999338930386481,0.16994687853041665,0.20166342758409908,0.22046338268492233,0.5135229718911413,0.7109906420549118,0.18429648026189943,0.0,3.742455347871239e-08,0.38092297528574753,0.0950689766320484,0.6887326946255128,0.5495522081117371,0.0010060566923870595,0.03323791573092799,0.0,2.6292258880541535e-07,0.0,0.009490313464861493,0.3503864146218665,0.23659400215217397,0.04569360211537303,0.031852125692759053,6.610696135189607e-05,6.610696135189607e-05,0.0865282201645573,0.09260712588937099,0.3646594559093008,0.12848249265948608,0.0944102370941438,0.0,0.0,0.0,0.0,0.08602182953271202,0.17190751562309992,0.9945375117477709,0.7611095041868813,0.03173464746026399,0.5047592911053045,0.0,0.06098758393022919,0.047291146907059836,0.028948384547835847,0.005517588722895357,6.610696135189607e-05,0.1974229107589045,0.016777422409470215,6.610696135189607e-05,6.610696135189607e-05,0.5421948175330036,0.16052686528560212,0.5513317963993075,0.9882098220381428,0.985310730455089,0.6016075382275471,0.7226589007386797,0.07930936550269613,0.12074850498199637,0.0,0.0,0.0,0.0,0.0
0.000699804102029659,0.014212396410188094,0.003917118029176909,0.0007860834833765006,6.610696135189607e-05,6.610696135189607e-05,0.04729946302874804,0.0006998041020296591,6.610696135189607e-05,0.9999455965629684,0.0,0.16936579995169054,0.011648848321660486,0.014189508797215622,0.017197832813115158,0.18159076561691412,0.14621969880456057,0.15788148112526948,0.004410579836299955,0.20560430746622982,0.968268175692213,0.495190770953369,1.0,0.04154438750638783,0.7206336818755416,6.610696135189607e-05,0.006794727240955696,0.019965532445725354,0.9999338930386481,0.16958281610728193,0.20128907325532946,0.22007643096030471,0.5142247834770909,0.7104627504718413,0.1837820786545406,0.0,2.9426071396513978e-08,0.3805851443699746,0.09487802615388909,0.6879652040524363,0.5490055961702528,0.000976145237174831,0.03289430486821028,0.0,2.3150657391682523e-07,0.0,0.009492913950101102,0.35041059816422365,0.23653914251546346,0.04567428646320224,0.03186441872183273,6.610696135189607e-05,6.610696135189607e-05,0.08659899452149657,0.09264727796676199,0.36463256925957127,0.12858204901439577,0.0946806405273856,0.0,0.0,0.0,0.0,0.08637991960791418,0.17214740541610912,0.9946132749265252,0.76150138766556,0.03173182430778697,0.5048089975400571,0.0,0.06091231399363953,0.04729514693500884,0.02890607391753101,0.005513182602562387,6.610696135189607e-05,0.19734821567668104,0.01680323828055013,6.610696135189607e-05,6.610696135189607e-05,0.5424135896014706,0.160955200513763,0.5521714808663832,0.9883511516783395,0.9858104617767129,0.6022170228169104,0.7235312082291968,0.07943517753508895,0.12096551728836857,0.0,0.0,0.0,0.0,0.0
0.0006998041020296591,0.014210917357879091,0.003915284270685043,0.0007860216442938381,6.610696135189607e-05,6.610696135189607e-05,0.04733870440507384,0.000699804102029659,6.610696135189607e-05,0.9999456075605195,0.0,0.1687781629153599,0.01150637401021166,0.013705217235859529,0.016930109601149428,0.18092464056080843,0.14650545339632906,0.15797613003523556,0.0043654256697579575,0.2055561967467144,0.9682705958201351,0.4951412614111639,1.0,0.041549130269134406,0.7231981585810942,6.610696135189607e-05,0.006787868727607166,0.01994949074746616,0.9999338930386481,0.16921526671966766,0.2009107129935992,0.21968845139719145,0.5149327533651987,0.7099347858787638,0.183267364015884,0.0,2.3124837446658464e-08,0.3802469112772215,0.09468914015743289,0.6871940104425321,0.5484550653725282,0.0009468388727335664,0.032551359198245366,0.0,2.037297136827206e-07,0.0,0.009495522333434718,0.3504350943342264,0.2364847371216799,0.04565404366317152,0.031877729676968634,6.610696135189607e-05,6.610696135189607e-05,0.0866717571604647,0.09268291405427273,0.36460545830239155,0.1286833389054492,0.0949513628737992,0.0,0.0,0.0,0.0,0.08674151931514187,0.17239388329135075,0.9946877354575084,0.7618924440550402,0.03172940417986489,0.5048585348591224,0.0,0.06083787945058065,0.047299415178964924,0.028864067055098894,0.005508737195999104,6.610696135189607e-05,0.1972694886988385,0.01682850116238822,6.610696135189607e-05,6.610696135189607e-05,0.5426350583029494,0.16138187521578706,0.5530031101949568,0.9884936259897883,0.986294759639303,0.6028229791216291,0.7243862192817587,0.07955901684599695,0.12117492130088559,0.0,0.0,0.0,0.0,0.0
0.000699804102029659,0.014209482945109785,0.00391340776334379,0.0007859627691550256,6.610696135189607e-05,6.610696135189607e-05,0.04737701903958942,0.0006998041020296591,6.610696135189607e-05,0.9999456186647896,0.0,0.16819828282455762,0.011362912572919444,0.013235918188046956,0.016666311241052167,0.18027329478085083,0.14679335111883487,0.15807549065226612,0.004320949052741576,0.2055081542606596,0.9682727613329187,0.4950919966241272,1.0,0.04155392464222956,0.7258027448154979,6.610696135189607e-05,0.006781087477079277,0.019933154200174663,0.9999338930386481,0.1688443908526091,0.20052904646146122,0.21929788765856792,0.5156469195856089,0.7094066087082755,0.18275220261733247,0.0,1.8163367712371106e-08,0.37990810434681366,0.09450218923094982,0.6864192126472456,0.5479005394782889,0.0009181340535502234,0.032209023175991426,0.0,1.7918356277893038e-07,0.0,0.00949813832532684,0.3504599876929591,0.23643086676173308,0.04563330413051676,0.03189138530687718,6.610696135189607e-05,6.610696135189607e-05,0.08674563472375789,0.09271777830879456,0.3645781244468849,0.12878633574909515,0.09522253670997097,0.0,0.0,0.0,0.0,0.08710642370021751,0.17264693989647786,0.9947609168937082,0.762282822563349,0.031727238667081326,0.5049078241923101,0.0,0.06076429448142397,0.04730398755060152,0.02882241720520732,0.00550431056805888,6.610696135189607e-05,0.19718716850219822,0.016853188310380626,6.610696135189607e-05,6.610696135189607e-05,0.5428593648934067,0.16180705554262934,0.5538269778481391,0.9886370874270806,0.9867640636485854,0.6034255844121342,0.7252245159881994,0.07968101253370202,0.12137702997296716,0.0,0.0,0.0,0.0,0.0
0.0006998041020296591,0.014208098333563735,0.003911501041024351,0.0007859064288885325,6.610696135189607e-05,6.610696135189607e-05,0.047414578509591486,0.0007331374358574055,6.610696135189607e-05,0.9999456244414382,0.0,0.16762593322937314,0.011218620776585387,0.012781193196296115,0.01640643170222767,0.17963637331399884,0.1470834090679105,0.1581794096790228,0.004277130511487527,0.2054601345371449,0.9682747722473295,0.49504305654759606,1.0,0.041558753015404605,0.7284483461051283,6.610696135189607e-05,0.006774305489171733,0.019916552794251637,0.9999338930386481,0.16847021011697333,0.20014432736231424,0.21890396255666522,0.5163673704676526,0.7088781463420349,0.1822364423445535,0.0,1.4258901044273688e-08,0.37956862120114704,0.09431708140274554,0.6856408029772071,0.5473418567072309,0.0008900260499132934,0.03186724996015924,0.0,1.575041705723881e-07,0.0,0.009500762863887985,0.35048531485885404,0.23637743324524588,0.04561230269281925,0.03190520628026271,6.610696135189607e-05,6.610696135189607e-05,0.08682013645992992,0.09275284846599198,0.3645506179846019,0.128891009338436,0.09549429541431206,0.0,0.0,0.0,0.0,0.08747449726193413,0.17290662522216008,0.9948328434385992,0.7626726155026958,0.031725227752670455,0.5049567859482335,0.0,0.06069154124829288,0.04730884089688864,0.028747786424284816,0.005499830692544129,6.610696135189607e-05,0.19709524955707985,0.016975054600760847,6.610696135189607e-05,6.610696135189607e-05,0.5431637939524148,0.16223084431952903,0.5546433290117613,0.9887813792234146,0.9872187925448028,0.6040249470966252,0.7260465452832556,0.07980129069294824,0.12157210839158625,0.0,0.0,0.0,0.0,0.0
0.000699804102029659,0.014207065258869002,0.003910278741404309,0.0007858170805387218,6.610696135189607e-05,6.610696135189607e-05,0.047455070353952036,0.0007414930379878303,6.610696135189607e-05,0.9999456366369303,0.0,0.16705248787991994,0.011072775264520529,0.012340037632850038,0.01614970359878661,0.1790077069373527,0.14737390738197445,0.15828585468074716,0.0042339419597028985,0.20541255040349377,0.968279885022221,0.49499707243808666,1.0,0.041562853847445055,0.7311414007981052,6.610696135189607e-05,0.006767460994834131,0.019899870536247307,0.9999338930386481,0.16809209184465812,0.19975750824447644,0.21850830530604887,0.5170930964546592,0.7083452314085437,0.18171637347624442,0.0,1.1187695324633395e-08,0.3792238338963093,0.09413032346845472,0.6848569006214513,0.5467752000165558,0.000862509914839325,0.03152599684170911,0.0,1.38367208740207e-07,0.0,0.009503445075595028,0.35050797114659094,0.2363251337445186,0.04558951327861153,0.03191912180481157,6.610696135189607e-05,6.610696135189607e-05,0.08689088904629874,0.09279395917431653,0.3645229694063516,0.12899875782987363,0.09577020080716629,0.0,0.0,0.0,0.0,0.0878480480698556,0.17317983891276728,0.9949035481254578,0.7630614527547971,0.03172011497777908,0.5050027891947045,0.0,0.060615443124413415,0.04731077866506001,0.028692954576542706,0.005495117502555269,6.610696135189607e-05,0.19698804904070658,0.017038930891846677,6.610696135189607e-05,6.610696135189607e-05,0.5434676413088714,0.1626560107615827,0.5554609378366693,0.9889272247354794,0.9876599511794546,0.6046264625049041,0.7268619695941926,0.0799211439267187,0.12175910638992977,0.0,0.0,0.0,0.0,0.0
0.0006998041020296591,0.014206078077461094,0.003908984160749902,0.0007857672932775445,6.610696135189607e-05,6.610696135189607e-05,0.04749424728648103,0.0007494252052874768,6.610696135189607e-05,0.9999456459978833,0.0,0.16648151232087968,0.010925936322201818,0.011912380375711386,0.015896391812112658,0.178391236289902,0.14766636403294567,0.15839728409547965,0.004191340319224553,0.2053650293747908,0.9682847814915392,0.4949522809335939,1.0,0.041567461974589034,0.7338801476422772,6.610696135189607e-05,0.006760615012668785,0.019882873101126155,0.9999338930386481,0.1677102369805159,0.19936955011200397,0.21810731264585861,0.5178247412946657,0.7078120311710856,0.181194977005318,0.0,0.0,0.37888112483710956,0.0939459023008389,0.6840687271891828,0.5462021616245278,0.000835580599792375,0.031185296340290675,0.0,1.2148485547168386e-07,0.0,0.00950614879363696,0.35053328026531716,0.23627214827748172,0.04556855803224329,0.031932920501526726,6.610696135189607e-05,6.610696135189607e-05,0.08696325844687676,0.09283253122146638,0.36449525483097367,0.12910810443868137,0.09604780726016428,0.0,0.0,0.0,0.0,0.08822469150242007,0.17346099336742327,0.9949730790809831,0.7634496742849185,0.031715218508460805,0.5050475975815507,0.0,0.06053986441051741,0.04731272438564853,0.02864525107001517,0.005490462558426666,6.610696135189607e-05,0.19687609987322569,0.01707949955235849,6.610696135189607e-05,6.610696135189607e-05,0.5437606126590402,0.16307986439023298,0.5562757034136381,0.9890740636777982,0.9880876196242886,0.6052224833507778,0.7276628614092592,0.08004021727545156,0.1219395609125693,0.0,0.0,0.0,0.0,0.0
0.000699804102029659,0.014205135190679561,0.003907609188527303,0.0007857203348803363,6.610696135189607e-05,6.610696135189607e-05,0.04753281272958034,0.0007570332836461828,6.610696135189607e-05,0.9999456556262789,0.0,0.16591486503700012,0.01077842546090448,0.011497965278986376,0.015646711055739747,0.17778793007101382,0.1479610714854222,0.15851354232204892,0.004149338930750689,0.20531804899233236,0.968289547215574,0.49490874464668216,1.0,0.0415724058631853,0.736664015672534,6.610696135189607e-05,0.006753612290995397,0.01986567373372581,0.9999338930386481,0.16732522345395168,0.19897803792675348,0.2176836147663879,0.5185639530944149,0.7072791540735489,0.18067277585982922,0.0,0.0,0.3785402218342905,0.09376468342078584,0.683276733756111,0.5456239910601512,0.0008092324613371368,0.030845056988745925,0.0,1.0659945372753029e-07,0.0,0.009508861134103385,0.3505605488651636,0.23621927699341233,0.04554759372700632,0.031946975156204996,6.610696135189607e-05,6.610696135189607e-05,0.0870363986763708,0.0928710868879502,0.36446728315973054,0.12921894747031465,0.09632639589374882,0.0,0.0,0.0,0.0,0.08860391119587462,0.1737486390324918,0.9950414286079122,0.7638368940189217,0.031710452784426024,0.5050911487538641,0.0,0.060465489008239066,0.047315408339175254,0.02860082333809089,0.005485858387403829,6.610696135189607e-05,0.19676313227789968,0.01710957265931035,6.610696135189607e-05,6.610696135189607e-05,0.5440430699097203,0.16350189845613652,0.5570859632094218,0.9892215745390955,0.9885020347210136,0.6058130671099697,0.7284473865082003,0.0801582835625922,0.12211382758530805,0.0,0.0,0.0,0.0,0.0
0.0006998041020296591,0.014204239975522,0.003906170154182664,0.0007856742836825425,6.610696135189607e-05,6.610696135189607e-05,0.04757087139667731,0.0007643835827899667,6.610696135189607e-05,0.9999456654687805,0.0,0.16535352494603603,0.010630463524110748,0.011096481107743377,0.01540076744405551,0.1771978111123449,0.14825801017418924,0.158634286286724,0.004107936477023471,0.2052715597957343,0.968294196351357,0.4948660628385001,1.0,0.04157747241166579,0.739492701724172,6.610696135189607e-05,0.006746561433157677,0.019848381948431915,0.9999338930386481,0.16693692071245703,0.19858261486064432,0.217272565138323,0.519309450064045,0.7067465933776345,0.18014957797271006,0.0,0.0,0.3781998043070992,0.09358644582341069,0.6824811462072838,0.5450411308148975,0.0007834557176473442,0.030505208532238325,0.0,9.348213761873578e-08,0.0,0.00951157654348887,0.35058900785883723,0.23616673675440963,0.045526644485626204,0.03196120727402821,6.610696135189607e-05,6.610696135189607e-05,0.08710990896414962,0.09291120432289018,0.3644389942377456,0.12933118866828272,0.09660577811772543,0.0,0.0,0.0,0.0,0.08898564077850753,0.17404249614200534,0.9951086078053292,0.7642232316720273,0.03170580364864297,0.5051338436793622,0.0,0.060392418234751936,0.047318947370238694,0.028558161373635052,0.005481327386674967,6.610696135189607e-05,0.1966500083846808,0.017134409773234698,6.610696135189607e-05,6.610696135189607e-05,0.5443177113950751,0.1639222179540829,0.5578911189635285,0.9893695364758892,0.9889035188922566,0.6063994282488453,0.7292157430642444,0.08027520284001942,0.12228208675637321,0.0,0.0,0.0,0.0,0.0
0.000699804102029659,0.014203398664623846,0.003904684072282699,0.0007856292086942892,6.610696135189607e-05,6.610696135189607e-05,0.04760126039402514,0.0007715359300135333,6.610696135189607e-05,0.9999456780871727,0.0,0.1647979933738711,0.010482228684617194,0.01070760239824342,0.015158599091785548,0.17662064270877845,0.14855700980086334,0.1587591311709719,0.004067124749156505,0.20522542334252658,0.9682987482689058,0.4948240139144448,1.0,0.041582585063783165,0.7423661323896027,6.610696135189607e-05,0.006739418205094,0.019830772226352624,0.9999338930386481,0.1665456372035988,0.19818415377977094,0.21686146805900564,0.5200613272157288,0.7062140795412588,0.17962528523999707,0.0,0.0,0.37785882414190997,0.09341057460806118,0.6816824285387767,0.5444539133226117,0.0007582479016308712,0.030165706204691042,0.0,8.19293413760308e-08,0.0,0.009514306344104573,0.3506183943888828,0.23611470057433323,0.04550573649851372,0.03197540027964429,6.610696135189607e-05,6.610696135189607e-05,0.08718364915781837,0.09295134041085323,0.36441052080137154,0.12944502391059473,0.09688584004249741,0.0,0.0,0.0,0.0,0.08936963503779716,0.1743424611539439,0.9951746273492126,0.7646088704527824,0.03170125173109422,0.5051759041562138,0.0,0.06032063469728858,0.04732330072332754,0.028516641062924758,0.005476898907262758,6.610696135189607e-05,0.19653697960808802,0.017156592560823223,6.610696135189607e-05,6.610696135189607e-05,0.5445874471612013,0.16434089654814646,0.5586908813436344,0.9895177713153828,0.9892923976017566,0.6069825767663045,0.7299687826831605,0.08039092662256281,0.12244449435247255,0.0,0.0,0.0,0.0,0.0
0.0006998041020296591,0.014202608243466312,0.003903212349601202,0.0007855859541794942,6.610696135189607e-05,6.610696135189607e-05,0.047634142968168765,0.0007879424650263705,6.610696135189607e-05,0.9999456866758197,0.0,0.16424859573933426,0.010333889884371478,0.010331026985720792,0.014920240211681226,0.1760567778833715,0.14885795055440895,0.15888769987085252,0.004026892112198546,0.2051796642432545,0.9683027834826405,0.49478277810438637,1.0,0.04158767238063978,0.7452813208247522,6.610696135189607e-05,0.006732198034019765,0.01981294476968556,0.9999338930386481,0.16615174803258637,0.1977827980782769,0.2164480465949804,0.5208199035250399,0.7056815550839263,0.17909980135169176,0.0,0.0,0.3775168292164827,0.09323644594602791,0.6808809058278027,0.5438625103318757,0.000733604684618258,0.02982651241492063,0.0,7.176011783200852e-08,0.0,0.00951704811112595,0.35064850977075596,0.2360679774997897,0.04548489196968506,0.03198970092208282,6.610696135189607e-05,6.610696135189607e-05,0.08725681317203686,0.0929918855859284,0.36437971294441573,0.12956050308126904,0.09716660192753027,0.0,0.0,0.0,0.0,0.08975572282834705,0.17464859784536216,0.9952395032031832,0.7649938233418249,0.03169721651735944,0.5052171501354958,0.0,0.06025002943746237,0.04732832647617927,0.028475935768768283,0.005472559813053283,6.610696135189607e-05,0.19642369010977537,0.01717741080848187,6.610696135189607e-05,6.610696135189607e-05,0.5448546245133189,0.16475794183480463,0.5594850009814438,0.9896661101156286,0.9896689730142793,0.6075629305718361,0.7307067761706005,0.08050542078944126,0.12260119195190965,0.0,0.0,0.0,0.0,0.0
0.000699804102029659,0.014202005800481492,0.003901757673996853,0.000785536272157285,6.610696135189607e-05,6.610696135189607e-05,0.047668806963003095,0.0008023389981378302,6.610696135189607e-05,0.9999456968365248,0.0,0.16370537324665357,0.010185585412885372,0.009966421076774581,0.014685665481870025,0.17550561127513484,0.149160409945515,0.15901954768265733,0.003987244082272606,0.20513482370826955,0.9683076741326442,0.49474365723124786,1.0,0.0415926656769378,0.7482503671082831,6.610696135189607e-05,0.006724944928491105,0.01979497854276661,0.9999338930386481,0.16575380492762404,0.19737819737175952,0.21603104791213285,0.5215833829415354,0.7051494275012273,0.1785733884712145,0.0,0.0,0.3771738699147009,0.09306377512653322,0.6800774171255833,0.5432673321538785,0.0007095254486999077,0.029487851334596832,0.0,6.281448351032488e-08,0.0,0.009519866009616197,0.35068123460820266,0.23601455237856467,0.04546409190427248,0.032004110254238896,6.610696135189607e-05,6.610696135189607e-05,0.08732917491540003,0.09303523513398045,0.364351217645339,0.12967739330915104,0.09744770297681524,0.0,0.0,0.0,0.0,0.09014356002459711,0.17496079957834867,0.9953032304690275,0.7653773249571336,0.031692325867355826,0.5052562799542687,0.0,0.06018048812823584,0.04733402053580602,0.028435806494036996,0.005468301203259477,6.610696135189607e-05,0.19630949673353157,0.01719729751064954,6.610696135189607e-05,6.610696135189607e-05,0.5451212136452578,0.16517317918962163,0.5602735353053167,0.9898144145871146,0.9900335789232254,0.6081404646034291,0.731430613598332,0.08061861290430451,0.12275232058511548,0.0,0.0,0.0,0.0,0.0
0.0006998041020296591,0.014201428088396726,0.0039003927994541005,0.000785486146545229,6.610696135189607e-05,6.610696135189607e-05,0.04770471243725879,0.0008153203989520479,6.610696135189607e-05,0.9999457067012719,0.0,0.16316835481822461,0.010037441085930205,0.009613463221400009,0.014454856266097518,0.17496680004695445,0.1494650349018825,0.15915511159511384,0.00394815876395843,0.20509009138753775,0.9683129913168215,0.49470510723824107,1.0,0.04159765141656904,0.7512729311318411,6.610696135189607e-05,0.006717618673660624,0.019776862850857644,0.9999338930386481,0.1653533319341045,0.1969712763670252,0.21561074771700267,0.5223516776099901,0.7046166655169688,0.17804541193371534,0.0,0.0,0.3768294169986063,0.09289234968218583,0.6792707718475104,0.5426670640812925,0.000685995678243729,0.029149351936783807,0.0,5.494950589026139e-08,0.0,0.009522667410558001,0.3507128279816075,0.23596345207992986,0.04544334615156892,0.03201834539621065,6.610696135189607e-05,6.610696135189607e-05,0.08740132791915207,0.09307946964649166,0.36432260000825967,0.12979614493245428,0.09772979065013238,0.0,0.0,0.0,0.0,0.0905333149653601,0.17527941510138542,0.9953658455577978,0.7657605566756784,0.031687008683178496,0.505294837812253,0.0,0.06011185067870451,0.04734006146207581,0.02839625833241871,0.005464105800975158,6.610696135189607e-05,0.1961943182407149,0.017216648026512182,6.610696135189607e-05,6.610696135189607e-05,0.5453885326214339,0.16558718955057694,0.5610564425979278,0.9899625589140698,0.9903865367786,0.6087157267352962,0.7321408502708597,0.08073087828524701,0.12289840922220824,0.0,0.0,0.0,0.0,0.0
0.000699804102029659,0.014200929795137856,0.0038990323083577393,0.0007854398027212911,6.610696135189607e-05,6.610696135189607e-05,0.04777401997098187,0.000827250870349119,6.610696135189607e-05,0.9999457044271278,0.0,0.1626374538229837,0.00988956911677261,0.009271833699310452,0.014227772862738209,0.17443995013828886,0.14977182912728407,0.15929424620211094,0.003909625936566023,0.205045524159965,0.9683185275813342,0.4946673249408867,1.0,0.04160263609825632,0.7543476095330645,6.610696135189607e-05,0.0067102513746953325,0.019758664411242556,0.9999338930386481,0.16494992923532956,0.196562169478359,0.21518759634431123,0.5231249981096598,0.7040835909662315,0.17751599669000712,0.0,0.0,0.3764835224161462,0.09272212139991742,0.6784613696065609,0.5420620010124322,0.0006630137980717807,0.02881118423791121,0.0,4.803906401022058e-08,0.0,0.009525484938279908,0.35074513019858017,0.23591283823458545,0.04542278832931349,0.032032561809088526,6.610696135189607e-05,6.610696135189607e-05,0.08747350063469475,0.09312418019008815,0.36429382466980936,0.12991640360612916,0.09801273654775328,0.0,0.0,0.0,0.0,0.09092453536923491,0.175604202740009,0.9954273602653622,0.7661432916021238,0.03168147241866585,0.5053326270200493,0.0,0.060044061000410535,0.04734651412496826,0.0283570717633981,0.005459962259707359,6.610696135189607e-05,0.19607777554031897,0.017235643190885955,6.610696135189607e-05,6.610696135189607e-05,0.5456577883676591,0.1660000054276393,0.5618338129392559,0.9901104308832274,0.9907281663006895,0.6092887047211156,0.7328379284617937,0.08084226589692022,0.12303955004544784,0.0,0.0,0.0,0.0,0.0
0.0006998041020296591,0.014200518002481014,0.003897442184911284,0.0007853889218465505,6.610696135189607e-05,6.610696135189607e-05,0.04782739787833956,0.0008389564596309145,6.610696135189607e-05,0.9999457147817791,0.0,0.16211229296720855,0.009742043121966592,0.008941141964030985,0.014004250611516762,0.1739223448185961,0.15008042590996912,0.1594371241755356,0.003871651546273528,0.2050006384151602,0.9683261544529121,0.49462916119778233,1.0,0.04160757976134078,0.757473058837705,6.610696135189607e-05,0.0067028368757702655,0.019740374971820983,0.9999338930386481,0.16454326826068935,0.19615165775487758,0.21476176819384515,0.5239029854927485,0.7035502783340206,0.17698522278871384,0.0,0.0,0.37613636137202267,0.09255354621398919,0.6776498043572334,0.5414520601208059,0.0006405749451737147,0.0284734719819047,0.0,4.197163641046261e-08,0.0,0.009528334214309098,0.35077817161834407,0.23585971289967536,0.04540250622305467,0.03204678927184348,6.610696135189607e-05,6.610696135189607e-05,0.08754751421207269,0.09316915641061038,0.36426426483345437,0.13003813484324192,0.0982964526582235,0.0,0.0,0.0,0.0,0.09131694865450188,0.17593486550190407,0.9954877735085528,0.7665258896029351,0.03167384554708789,0.5053707968305813,0.0,0.05997698147822123,0.04735346152770971,0.028321071539799774,0.005455864865699145,6.610696135189607e-05,0.1959596742011477,0.01724542632462596,6.610696135189607e-05,6.610696135189607e-05,0.5459234154399748,0.1664115868227375,0.5626060315858542,0.9902579568780334,0.991058858035969,0.6098593880164606,0.7335241089674148,0.08095282107829556,0.1231759502017544,0.0,0.0,0.0,0.0,0.0
0.000699804102029659,0.014200176732270593,0.0038958250723087648,0.0007853449222828393,6.610696135189607e-05,6.610696135189607e-05,0.04787313709423653,0.0008503180366263673,6.610696135189607e-05,0.9999457252002001,0.0,0.161593521667776,0.00959506263037638,0.008621161553575167,0.013784377542649275,0.17341594601727076,0.15039075938909802,0.1595829203822975,0.0038341896869130095,0.20495508015583971,0.9683337470140728,0.4945905083701607,1.0,0.04161253984514339,0.7606335333880747,6.610696135189607e-05,0.006695344970576007,0.01972195446298108,0.9999338930386481,0.16413575752277954,0.19573909580662918,0.21430058687136347,0.5246895774012664,0.7030171729186898,0.17645327963759527,0.0,0.0,0.37578836111151526,0.09238629884463918,0.6768364070114352,0.5408380376409316,0.0006186726967310934,0.028136077508647085,0.0,3.664721155878229e-08,0.0,0.009531194826828116,0.3508117358789187,0.23580803055882324,0.04538194398774532,0.03206102776909845,6.610696135189607e-05,6.610696135189607e-05,0.0876217637622505,0.09321502509689032,0.3642347106208528,0.130161460696491,0.09858094418930383,0.0,0.0,0.0,0.0,0.09171037028452224,0.17627125650314732,0.9955471376163559,0.7669088423355132,0.03166625298592722,0.5054094549826278,0.0,0.05991091453150903,0.04736098578458306,0.02828284949932397,0.005451812695952786,6.610696135189607e-05,0.19584032629500522,0.017262563023325454,6.610696135189607e-05,6.610696135189607e-05,0.54619502960193,0.16682136638481915,0.5633722545053249,0.9904049373696237,0.9913788384464248,0.6104272613458355,0.7341977551380902,0.08106246331494453,0.12330778547362364,0.0,0.0,0.0,0.0,0.0
0.0006998041020296591,0.01419990943588871,0.003894255621431285,0.0007853074879340052,6.610696135189607e-05,6.610696135189607e-05,0.047914325793110134,0.00086133856764094,6.610696135189607e-05,0.9999457354468786,0.0,0.16108035529108522,0.009448676780402192,0.008311583569191454,0.013568074601715788,0.17292076254776265,0.15070156826267375,0.15973074722856684,0.0037972363538738706,0.20490941416692493,0.9683408847370365,0.4945523921077983,1.0,0.04161719448597157,0.7638594783077239,6.610696135189607e-05,0.006687878840674778,0.019703751939759553,0.9999338930386481,0.16372418268047878,0.19532216408216135,0.21386019562984776,0.5254778470217526,0.7024850375469122,0.1759202362837357,0.0,0.0,0.3754397484213005,0.09221967295512917,0.6760227426567825,0.540220492964393,0.0005972981351412538,0.02779905719601213,0.0,3.197762509548919e-08,0.0,0.009534056022917459,0.3508457833860326,0.23575763018842555,0.04536130162392029,0.032075226963127805,6.610696135189607e-05,6.610696135189607e-05,0.08769561755645562,0.09326379950127074,0.36420511317261717,0.13028610551938155,0.09886649436911664,0.0,0.0,0.0,0.0,0.09210485980087385,0.17661391348442634,0.9956054655109848,0.767291528637063,0.03165911526296346,0.5054475759145767,0.0,0.05984538009865084,0.04736890764248841,0.02824388903164034,0.005447746554066611,6.610696135189607e-05,0.19571780159531693,0.017282124726500085,6.610696135189607e-05,6.610696135189607e-05,0.5464734480818916,0.16722885693370626,0.5641329140560625,0.9905513232195978,0.9916884164308085,0.6109921769769837,0.7348595644971082,0.08117082927966993,0.1234348463226138,0.0,0.0,0.0,0.0,0.0
0.000699804102029659,0.014199677747653487,0.0038927383945135123,0.0007852751740372558,6.610696135189607e-05,6.610696135189607e-05,0.0479526675553398,0.0008720807919177243,6.610696135189607e-05,0.9999457456140542,0.0,0.16057253726138207,0.009302953282600026,0.008012112093843182,0.013355322166896905,0.17243672803673682,0.1510142507437937,0.15988120679049955,0.003760787628026869,0.20486400601248633,0.9683475821680624,0.4945153223304064,1.0,0.04162188236540328,0.7671322709067536,6.610696135189607e-05,0.0066804052124696985,0.019685336733688243,0.9999338930386481,0.16331124314746204,0.194904209214298,0.21342360792824105,0.5262702219632995,0.7019525922611369,0.17538559074004492,0.0,0.0,0.3750893919157472,0.09205345208717094,0.6752070182121412,0.5395981405813987,0.0005764490507221249,0.02746245794374895,0.0,2.7884863560012412e-08,0.0,0.009536952239328331,0.3508801705705238,0.2357082878876013,0.04534076635988279,0.03208917489350494,6.610696135189607e-05,6.610696135189607e-05,0.08776906835360919,0.09331241187601325,0.3641758025296395,0.1304121885146167,0.09915299246773777,0.0,0.0,0.0,0.0,0.09250003524601892,0.17696294890717162,0.995662763321251,0.7676735360437646,0.03165241783193765,0.50548464978473,0.0,0.05978030714944029,0.04737684636554258,0.028204725487130957,0.005443712309731209,6.610696135189607e-05,0.19559269948684582,0.017302938012400668,6.610696135189607e-05,6.610696135189607e-05,0.5467586728314606,0.16763521922424637,0.5648888795308352,0.9906970467174,0.9919878879061568,0.6115552859173559,0.7355098198760923,0.08127869579804617,0.12355770372093018,0.0,0.0,0.0,0.0,0.0
0.0006998041020296591,0.01419950324789805,0.003891269496896198,0.0007852442446926647,6.610696135189607e-05,6.610696135189607e-05,0.04798900077821689,0.0008826025743235783,6.610696135189607e-05,0.9999457556419838,0.0,0.1600695797799279,0.00915796242576539,0.007722459481387149,0.013146047494470538,0.17196376838664332,0.15132793225114335,0.1600337726827534,0.003724841016826888,0.20481895701929131,0.9683539206727767,0.4944793757893233,1.0,0.04162647416747839,0.7704503031761671,6.610696135189607e-05,0.006672890078253022,0.019666838266405653,0.9999338930386481,0.16289667968420526,0.1944850391381743,0.2129849705893785,0.5270664069612144,0.7014205653523519,0.17484985001062053,0.0,0.0,0.3747383545867549,0.09188782227173871,0.6743907494615246,0.5389716319751843,0.00055612170322087,0.02712633800471597,0.0,2.4299952421946892e-08,0.0,0.009539865405726402,0.350915281908181,0.23565956863018883,0.04532031641053839,0.03210302591115539,6.610696135189607e-05,6.610696135189607e-05,0.08784197972978987,0.09336112030279728,0.36414684517267826,0.13053964314327893,0.09944045380110667,0.0,0.0,0.0,0.0,0.09289550420083197,0.1773182854928348,0.9957190372799523,0.7680547049759927,0.031646079327223256,0.5055205999107243,0.0,0.05971566466320204,0.04738497593077017,0.028165546659243805,0.005439696273293669,6.610696135189607e-05,0.1954646015712186,0.017324025119338556,6.610696135189607e-05,6.610696135189607e-05,0.5470503955183551,0.16803979150436926,0.565640116408345,0.9908420375742346,0.9922775405186128,0.6121155979187746,0.736148409341618,0.0813858140865002,0.1236763098492275,0.0,0.0,0.0,0.0,0.0
0.000699804102029659,0.014199381954695077,0.0038898489292676654,0.000785213734332151,6.610696135189607e-05,6.610696135189607e-05,0.04802386671613036,0.0008929650907400051,6.610696135189607e-05,0.9999457655254412,0.0,0.1595711432692118,0.00901377744172156,0.00744234701582085,0.012940196121012243,0.1715018252207627,0.15164212223673362,0.16018811385950807,0.0036893958477321295,0.2047743381486125,0.9683600051310386,0.49444460055290695,1.0,0.04163095106023281,0.7738448102614391,6.610696135189607e-05,0.006665354590997235,0.019648403284621665,0.9999338930386481,0.16247858751977542,0.19406337918146896,0.21253775686178936,0.5278627424440328,0.7008894227949897,0.17431326644500278,0.0,0.0,0.3743870939535683,0.09172288965634905,0.6735748176205993,0.538341323956851,0.0005363106467144366,0.026790760309739363,0.0,2.116191048273429e-08,0.0,0.00954279616278067,0.3509510804457917,0.23561139585882443,0.04530000346431887,0.032116768092219354,6.610696135189607e-05,6.610696135189607e-05,0.0879143012786557,0.09341036281090544,0.3641182406246683,0.13066841645580843,0.09972881007953581,0.0,0.0,0.0,0.0,0.09329095927932189,0.17767981341923733,0.9957742935055535,0.7684349015416482,0.03163999486896145,0.5055553782851826,0.0,0.05965145886947056,0.047393320444216826,0.028126468767786086,0.005435691299774146,6.610696135189607e-05,0.19533344021009924,0.017344929527725605,6.610696135189607e-05,6.610696135189607e-05,0.5473481020979726,0.16844216074920187,0.5663867802062497,0.9909862225582784,0.9925576529841792,0.6126727099254194,0.7367752851228883,0.08149210086334521,0.1237907487644036,0.0,0.0,0.0,0.0,0.0
0.0006998041020296591,0.01419928830683536,0.0038884686631361918,0.0007851833066469473,6.610696135189607e-05,6.610696135189607e-05,0.048057648274410905,0.0009032286018782146,6.610696135189607e-05,0.9999457753722105,0.0,0.15907724174858617,0.008870469581646728,0.007171502625904998,0.012737765985069595,0.17105081731714952,0.15195854621709232,0.1603450459051864,0.003654450917436568,0.20473022765714524,0.9683659222200559,0.4944109792777119,1.0,0.04163556228589326,0.7772847947830804,6.610696135189607e-05,0.006657861434741565,0.01963001436480105,0.9999338930386481,0.16205995136183887,0.19364157686135733,0.2120882542459616,0.5286629218301223,0.7003580703220335,0.17377516716723246,0.0,0.0,0.3740344043632402,0.09155887347158924,0.6727569545608426,0.537705751632402,0.0005170088098566092,0.02645578126506275,0.0,1.841685229723162e-08,0.0,0.009545752092128226,0.35098708972660186,0.23556363369667252,0.045279848565408065,0.03213045004041313,6.610696135189607e-05,6.610696135189607e-05,0.08798608287093919,0.09346037876257228,0.36409014508132065,0.13079827781465986,0.10001797552406977,0.0,0.0,0.0,0.0,0.0936861387298998,0.17804754931532557,0.9958285402727068,0.768813991077792,0.03163407777994413,0.5055890023054358,0.0,0.0595952045837661,0.047401746500591396,0.028087615388333466,0.005431716674605668,6.610696135189607e-05,0.1951981564544279,0.01736581484064897,6.610696135189607e-05,6.610696135189607e-05,0.547626981141581,0.16884365186330672,0.5671296155601117,0.9911295304183533,0.992828497374095,0.6132278296516902,0.7373903092112613,0.08159836049216528,0.1239016531470861,0.0,0.0,0.0,0.0,0.0
0.000699804102029659,0.01419927238424864,0.003887139450650689,0.0007851530360033464,6.610696135189607e-05,6.610696135189607e-05,0.04809041141474534,0.0009467738770852794,6.610696135189607e-05,0.999945779555139,0.0,0.15858966867669652,0.00872824825259859,0.006909791062939463,0.012538871779491673,0.17061244485965477,0.15227615254724952,0.16050432882970744,0.003620002096974261,0.20468651371663515,0.9683717260867379,0.4943783747763533,1.0,0.04163969817452442,0.780777176402589,6.610696135189607e-05,0.006650139328708455,0.019611653537479113,0.9999338930386481,0.16163961063479634,0.19321918241683841,0.2116361814373795,0.5294653581466479,0.6998288307746182,0.17323712622503568,0.0,0.0,0.37368223432358555,0.09139608767346317,0.6719398206471354,0.5370660289306929,0.0004982110262050865,0.026121468041554328,0.0,1.601713817565933e-08,0.0,0.009548684462441896,0.3510236338111773,0.2355161850347287,0.045259787186212506,0.032143933789147594,6.610696135189607e-05,6.610696135189607e-05,0.08805724849004341,0.09351106894656704,0.36406259500024307,0.1309296731646251,0.10030873531076084,0.0,0.0,0.0,0.0,0.09408081742235394,0.17842187796588632,0.9958817868768206,0.7691920182418105,0.03162827391326212,0.5056216092065086,0.0,0.05953384839634517,0.047411109224536244,0.028049475532446428,0.005427819026051947,6.610696135189607e-05,0.19504053515368885,0.017387061372412787,6.610696135189607e-05,6.610696135189607e-05,0.5479313022157141,0.1692414960607567,0.5678644697875069,0.9912717517474015,0.9930902089370606,0.6137788938969229,0.737991467466882,0.08170320938326109,0.12400776427371339,0.0,0.0,0.0,0.0,0.0
0.0006998041020296591,0.014199577893963032,0.0038861517334208336,0.0007850926028499996,6.610696135189607e-05,6.610696135189607e-05,0.0481269678548181,0.0009874258875877595,6.610696135189607e-05,0.9999457877314425,0.0,0.1581068437549593,0.008587108456710965,0.006656861928782279,0.012343417565244423,0.17018563050251895,0.15259436910907506,0.16066475597478025,0.0035860373950585473,0.20464361075364085,0.9683806843164143,0.4943493893435096,1.0,0.04164418092228068,0.7843216604996059,6.610696135189607e-05,0.006641476715442228,0.019593378773218727,0.9999338930386481,0.16121791095357332,0.19279895348128864,0.2111849654428443,0.530269851833288,0.6993002049162571,0.17269806619036862,0.0,0.0,0.37332971252500907,0.0912346733895353,0.671123515034135,0.5364230243411453,0.00047991154946283967,0.025787896696905177,0.0,1.392072881910355e-08,0.0,0.009551705501007215,0.3510614011021344,0.23546808352372117,0.0452386137256517,0.0321574371055355,6.610696135189607e-05,6.610696135189607e-05,0.08812403942310214,0.09356793365254175,0.36403495819797244,0.13106204518328976,0.10059987394311508,0.0,0.0,0.0,0.0,0.09447466625060724,0.17880238809245594,0.9959340510554786,0.769568492549454,0.03161931568358572,0.5056505967357616,0.0,0.05947110432247993,0.04742088432699879,0.028011138256371134,0.005423883695329504,6.610696135189607e-05,0.1948994325744855,0.017407742814103257,6.610696135189607e-05,6.610696135189607e-05,0.5482416602646834,0.1696377499004532,0.568595216111557,0.991412891543289,0.9933431380712178,0.6143268699097465,0.7385796961079458,0.0818074496061827,0.12410983159161847,0.0,0.0,0.0,0.0,0.0
0.000699804102029659,0.014200084161079641,0.003918729932594222,0.0007850438437023863,6.610696135189607e-05,6.610696135189607e-05,0.04808979234617048,0.0010264826531209996,6.610696135189607e-05,0.9999456269469906,0.0,0.15762775174277402,0.008447025467357698,0.006412406703756859,0.012151245137515802,0.16976867335422646,0.15291296592497045,0.16082653606729028,0.003552541627420774,0.2046013065681576,0.9683914369184968,0.4943229579016544,1.0,0.041648631838339195,0.7879180555247042,6.610696135189607e-05,0.006632472708028629,0.019575140440859357,0.9999338930386481,0.16079538120656942,0.19238136279651025,0.2107322048777709,0.531075444486289,0.6987716785614376,0.17215746249644365,0.0,0.0,0.3729761365602844,0.09107414847384587,0.6703077760735108,0.5357753444653218,0.0004621022409723762,0.025454975089852075,0.0,1.2090492869601324e-08,0.0,0.009554766955062383,0.3511000342301282,0.2354198007951075,0.045218664282410656,0.03217063085895382,6.610696135189607e-05,6.610696135189607e-05,0.08818864197204251,0.09362625654354517,0.3640076686857164,0.1311958039619456,0.10089167229217366,0.0,0.0,0.0,0.0,0.09486775256294795,0.17918941638029598,0.9959853561316069,0.7699437183419903,0.03160856308150315,0.5056770300078527,0.0,0.05940854926218202,0.04743034445329566,0.02797286259406346,0.005420024654639218,6.610696135189607e-05,0.19475776084465432,0.017427643018890993,6.610696135189607e-05,6.610696135189607e-05,0.5485593061399608,0.1700325174766167,0.5693231134686088,0.9915529745326424,0.9935875932962431,0.6148726183021997,0.7391571781719276,0.08191150543857079,0.12420870308709195,0.0,0.0,0.0,0.0,0.0
0.0006998041020296591,0.014199672516419484,0.003908247404429794,0.0007850555746248439,6.610696135189607e-05,6.610696135189607e-05,0.04815195852415472,0.0010684141989073211,6.610696135189607e-05,0.9999457456241261,0.0,0.15714820785055217,0.00830662167529684,0.006176447813490202,0.011962013500749503,0.1693460002415821,0.1532411237959198,0.16101607232704915,0.0035195580688954253,0.20458903916004853,0.9684162472702884,0.49437229791815585,1.0,0.04165300212742895,0.7915565962310349,6.610696135189607e-05,0.006623217497720402,0.01955698516492388,0.9999338930386481,0.16037265968556158,0.19196507334061796,0.21027881382774535,0.5318810687832375,0.6982440462760713,0.1716162954490558,0.0,0.0,0.37262271040311745,0.09091484989566984,0.6694950801675085,0.5351244357987534,0.0004447775553816711,0.02512283838616022,0.0,1.0493769287752275e-08,0.0,0.009558319717598893,0.35119331302451623,0.23538384087783407,0.04520520436293922,0.03218703424435282,6.610696135189607e-05,6.610696135189607e-05,0.08826304225328835,0.0936790919974712,0.36396004459176234,0.13133085889261953,0.1011826632842233,0.0,0.0,0.0,0.0,0.09525008654589619,0.17956036826166533,0.9960356643757229,0.7702881224537913,0.03158375272971154,0.5056276915880749,0.0,0.059346575970514064,0.047439948159497695,0.027929178494207497,0.005416201141988426,6.610696135189607e-05,0.19461204926423314,0.01746312803026203,6.610696135189607e-05,6.610696135189607e-05,0.548872724319076,0.17042509483130916,0.5700528334161687,0.9916933783247032,0.9938235521865098,0.615415276096133,0.739739149862748,0.0820137094906755,0.12429912361253226,0.0,0.0,0.0,0.0,0.0
0.000699804102029659,0.01420138543351125,0.0039020136341049133,0.0007850577163082924,6.610696135189607e-05,6.610696135189607e-05,0.04820696723624049,0.00110895202167211,6.610696135189607e-05,0.9999457666500895,0.0,0.15667175439287787,0.008167644988388121,0.005948262223993988,0.011775775340989553,0.16893474080279816,0.15356273121838673,0.1611901128732335,0.0034874223042111324,0.20456484285664703,0.9684319592158206,0.49436809060776227,1.0,0.04165743131388209,0.7952494290639328,6.610696135189607e-05,0.006613643929017838,0.019538895585170014,0.9999338930386481,0.15994874008681356,0.19154614832935726,0.20982533603770645,0.532688579662124,0.6977141398442092,0.17107367974984014,0.0,0.0,0.37227068998115764,0.09075729906686285,0.6686841907067244,0.5344758265802517,0.0004279116542750876,0.02479114019950592,0.0,0.0,0.0,0.009562107808025555,0.3512467151959816,0.2353601932458385,0.045187879610744115,0.032202399239203254,6.610696135189607e-05,6.610696135189607e-05,0.08832662135359393,0.09374079830100858,0.3639172081499542,0.1314692114482332,0.10147394499582724,0.0,0.0,0.0,0.0,0.09563697471949222,0.17994820583479826,0.9960846660415138,0.7706440169438471,0.03156804078417938,0.5056319093922378,0.0,0.05928474945074521,0.04744966192106659,0.027891613844513427,0.005412456532001683,6.610696135189607e-05,0.19446766943117488,0.01748168355113561,6.610696135189607e-05,6.610696135189607e-05,0.549202148254457,0.17081664870755764,0.5707806208614548,0.9918323550116119,0.994051737776006,0.6159535346778529,0.7403079601303391,0.08211610335539676,0.12438585471171647,0.0,0.0,0.0,0.0,0.0
0.0006998041020296591,0.014203484794926623,0.003897650751365917,0.0007850727225494926,6.610696135189607e-05,6.610696135189607e-05,0.04825511976167066,0.0011488530444407625,6.610696135189607e-05,0.9999457827939524,0.0,0.15619958042113122,0.00803010878459571,0.005727769906534882,0.011592700025448233,0.1685368744204397,0.15388215631690888,0.16135933559210106,0.0034558943349829643,0.20453522722059309,0.9684456837948151,0.4943519910619065,1.0,0.04166159434590461,0.7989911978939283,6.610696135189607e-05,0.006604252092883025,0.01952085788991774,0.9999338930386481,0.15952309607005058,0.19112920447213813,0.20936844514483613,0.5334966152904868,0.6971873343227943,0.17053116883650848,0.0,0.0,0.37191868234176817,0.09060008404297469,0.6678749622179895,0.5338240044546411,0.00041152107999619666,0.024461002357206545,0.0,0.0,0.0,0.00956575337196787,0.3512934516278127,0.2353309345832563,0.045171427090880456,0.0322165364234482,6.610696135189607e-05,6.610696135189607e-05,0.08838624591228295,0.09380437390568784,0.36387654585649554,0.13160783485123026,0.10176410140480245,0.0,0.0,0.0,0.0,0.09602414125527992,0.1803460776918779,0.9961325845850209,0.7710037704222004,0.03155431620518486,0.5056480089380935,0.0,0.05922302249444358,0.04745923760592225,0.02785478639299421,0.005408723640844332,6.610696135189607e-05,0.19431927761993945,0.017497116284662443,6.610696135189607e-05,6.610696135189607e-05,0.5495393257069097,0.1712048308259754,0.5715051493375579,0.9919698912154042,0.9942722300934651,0.6164886176327836,0.7408630415365856,0.0822187402098217,0.12447058226137994,0.0,0.0,0.0,0.0,0.0
0.000699804102029659,0.01420548709959147,0.0038944844984217172,0.000785082897107514,6.610696135189607e-05,6.610696135189607e-05,0.048299414449149564,0.0011862412896422277,6.610696135189607e-05,0.999945796180888,0.0,0.15573103812668285,0.00789397603854293,0.0055147664200515005,0.011412728973973867,0.16815151564237568,0.15420011561177033,0.16152657764995892,0.003424876917832267,0.2045024544221843,0.9684589917945574,0.49433362017700705,1.0,0.041665658640262046,0.8027815479481031,6.610696135189607e-05,0.006594823904875696,0.019503006468473243,0.9999338930386481,0.15909755254359237,0.19071322372341698,0.2089097310475274,0.5343039295978163,0.696664003518884,0.16998964280345244,0.0,0.0,0.371567561207339,0.09044381548288723,0.6670681086392485,0.5331681545982143,0.00039560195145712894,0.024132416456703002,0.0,0.0,0.0,0.009569303517173436,0.3513392191431416,0.23529822616278293,0.04515543941684407,0.032230074274792415,6.610696135189607e-05,6.610696135189607e-05,0.08844452591901132,0.09386871390634927,0.3638379176160176,0.1317468113242259,0.10205379918829055,0.0,0.0,0.0,0.0,0.09641033538252865,0.1807517145817597,0.9961795211307106,0.7713651291211127,0.03154100820544257,0.505666379822993,0.0,0.05916159943761714,0.047468796654637824,0.027818077063685973,0.00540493752293887,6.610696135189607e-05,0.19416806214205865,0.017512296641616264,6.610696135189607e-05,6.610696135189607e-05,0.5498816996313625,0.17158918515689006,0.5722255198815741,0.9921060239614571,0.9944852335799484,0.617019709818687,0.7414046688747371,0.08232144036645259,0.12455355317006711,0.0,0.0,0.0,0.0,0.0
0.0006998041020296591,0.014207316032459909,0.0038921465933462957,0.0007850884338055816,6.610696135189607e-05,6.610696135189607e-05,0.04834104167187767,0.0012261978613991944,6.610696135189607e-05,0.9999458067285782,0.0,0.155265613402187,0.007759230270180909,0.005309034534142397,0.011235793137505922,0.16777764824507857,0.1545168105243999,0.16169291760544519,0.003394341246213862,0.20446811180036198,0.9684721245371185,0.494315747947863,1.0,0.04166967583530678,0.8066188445175055,6.610696135189607e-05,0.0065853327788731805,0.01948534138015794,0.9999338930386481,0.1586725903738414,0.1902982598035095,0.2084168863688567,0.5351118089549562,0.6961438388719673,0.1694493551200765,0.0,0.0,0.37121758185555714,0.0902889656279681,0.6662643165283981,0.5325086297315774,0.0003801475446758073,0.023805333098574095,0.0,0.0,0.0,0.00957280079090685,0.3513855327454692,0.2352633788738872,0.045139715771838895,0.03224319283152357,6.610696135189607e-05,6.610696135189607e-05,0.08850254906323872,0.0939331747885383,0.3638012792993748,0.13188627266481578,0.10234329289772962,0.0,0.0,0.0,0.0,0.0967947777632959,0.18116369487783654,0.9962255112091103,0.7717265551010639,0.03152787546288152,0.5056842520521371,0.0,0.05910058868756593,0.04747844126587006,0.027781376113041847,0.005401123822951103,6.610696135189607e-05,0.19401481767636977,0.017527631651246926,6.610696135189607e-05,6.610696135189607e-05,0.550228525647477,0.17196988846321698,0.572941738580007,0.9922407697298191,0.9946909654658576,0.6175466250069369,0.7419333861269533,0.08242409518390606,0.12463475778514088,0.0,0.0,0.0,0.0,0.0
0.000699804102029659,0.014209039297797614,0.0038904535421863157,0.0007850861962553776,6.610696135189607e-05,6.610696135189607e-05,0.04838123391204728,0.0012669213783914669,6.610696135189607e-05,0.9999458158746407,0.0,0.15480293374673967,0.007625872226235249,0.005110358671570153,0.011061834111834012,0.1674144877387887,0.1548322126356626,0.1618586645955997,0.0033642802474511406,0.20443328883788522,0.9684855657837813,0.4942995682362295,1.0,0.04167358624920741,0.8105342605723185,6.610696135189607e-05,0.006575865688488569,0.01946818512358341,0.9999338930386481,0.15824611151593038,0.1898822007490696,0.20794741798269117,0.5359139581757768,0.6956268965563114,0.16891028778189981,0.0,0.0,0.3708688934706013,0.09013584878377316,0.6654640886279165,0.5318460223701129,0.00036514742000796457,0.023479757634566535,0.0,0.0,0.0,0.009576264626062037,0.35143273418837195,0.2352269789758589,0.045123895925976536,0.03225608863097467,6.610696135189607e-05,6.610696135189607e-05,0.08856005573979496,0.0940004117318963,0.3637662847826445,0.13202598564187346,0.1026326875804802,0.0,0.0,0.0,0.0,0.09717711894698514,0.18158115344149706,0.9962705723325409,0.7720869535275482,0.03151443421621865,0.5057004317637704,0.0,0.05903997607579952,0.04748821324988315,0.027744715416297982,0.005397266886787895,6.610696135189607e-05,0.19385959071297168,0.017542821471428025,6.610696135189607e-05,6.610696135189607e-05,0.5505794600652999,0.1723471178018151,0.5736540908908803,0.9923741277737648,0.9948896413284298,0.6180692724175646,0.7424496634774381,0.08252657978943577,0.12471415959279034,0.0,0.0,0.0,0.0,0.0
0.0006998041020296591,0.014210683503324523,0.003889258384732548,0.0007850825249740872,6.610696135189607e-05,6.610696135189607e-05,0.048420543640484044,0.0013076980375055704,6.610696135189607e-05,0.9999458239367655,0.0,0.15434293746190592,0.007493907337475452,0.004918526309441729,0.010890824076442117,0.1670613506068978,0.15514802769138675,0.1620248127337615,0.0033346901918430293,0.20439860615800745,0.9684994105013639,0.4942853412059654,1.0,0.041677675486880165,0.8144893321491651,6.610696135189607e-05,0.006566401429567557,0.01945104017059465,0.9999338930386481,0.15782177833992336,0.18946891870284924,0.20748507616480122,0.536713831444963,0.6951115546806746,0.16837181228448128,0.0,0.0,0.37052010941608227,0.0899845447814173,0.6646656251349141,0.5311794946497093,0.00035059546980140805,0.023155657587820257,0.0,0.0,0.0,0.009579731188399228,0.3514804177636206,0.23518959716285473,0.04510808869526243,0.03226854044128648,6.610696135189607e-05,6.610696135189607e-05,0.088617227434936,0.09406706326106486,0.36373317597229265,0.1321661470871836,0.10292184924858039,0.0,0.0,0.0,0.0,0.09755673689833258,0.18200353282177606,0.9963147143383556,0.7724457362541722,0.03150058949863608,0.5057146587940347,0.0,0.05897302015071577,0.04749773279102679,0.027708045582076797,0.005393419382907685,6.610696135189607e-05,0.1937051036508268,0.017558338765074268,6.610696135189607e-05,6.610696135189607e-05,0.5509572493587078,0.17272229823214175,0.5743634010050325,0.9925060926625245,0.9950814736905582,0.6185890665074756,0.7429541046116849,0.08262961027536658,0.12479215979475318,0.0,0.0,0.0,0.0,0.0
0.000699804102029659,0.014212312384390049,0.0038884436251052693,0.0007850782479876809,6.610696135189607e-05,6.610696135189607e-05,0.04845912629803763,0.0013283356765710706,6.610696135189607e-05,0.9999458343595092,0.0,0.15388319778245313,0.007363232393415151,0.004733247248345979,0.010722522334965248,0.16671612242860198,0.15546213836403894,0.16218998052537234,0.003305570446561965,0.2043643262269639,0.9685136127519725,0.4942730159541654,1.0,0.04168202472146364,0.8184905895572635,6.610696135189607e-05,0.00655689963452308,0.01943408368257278,0.9999338930386481,0.15739870271658724,0.18905767054826506,0.20702512038758628,0.5375098949698787,0.6945979636344461,0.1678338406456001,0.0,0.0,0.37017201092769997,0.08983505128904064,0.6638716097555096,0.5305110256011439,0.0003364852242647062,0.022833061766237436,0.0,0.0,0.0,0.009583210999690027,0.35152902408499154,0.2351514018418773,0.04509223965995777,0.0322807193679593,6.610696135189607e-05,6.610696135189607e-05,0.0886739355195882,0.09413335525283367,0.36370179991128077,0.13230622114012835,0.10321004333956728,0.0,0.0,0.0,0.0,0.0979329828856111,0.18242971109405842,0.9963579443291734,0.7728026120067987,0.03148638724802755,0.5057269840458346,0.0,0.058915025785211204,0.047506931930068885,0.027671054091283624,0.005389534122975038,6.610696135189607e-05,0.1935360320636962,0.017573040263444417,6.610696135189607e-05,6.610696135189607e-05,0.5513205736348358,0.17309581522542555,0.5750729182323795,0.9926367676065848,0.995266752751654,0.6191054667373348,0.7434488262823573,0.08273326899484029,0.12486928277942527,0.0,0.0,0.0,0.0,0.0
0.0006998041020296591,0.014213781185370767,0.003887765112267046,0.0007850916638080439,6.610696135189607e-05,6.610696135189607e-05,0.04849425726353256,0.0013512363548663757,6.610696135189607e-05,0.999945841316584,0.0,0.1534258977938578,0.007234009568426872,0.004554436562537949,0.01055705365711327,0.16638138699571184,0.15577500955181972,0.16235535290794584,0.0032769289644793203,0.20433042635603516,0.9685262223346969,0.49426106156701594,1.0,0.041685964014677966,0.822542166405157,6.610696135189607e-05,0.0065474014156501874,0.019417343132588964,0.9999338930386481,0.15697683670473747,0.18864855664148708,0.20656626273985063,0.538300771909214,0.6940884516858377,0.1672981611632898,0.0,0.0,0.36982677262037034,0.08968807711638242,0.6630830533343972,0.5298410611512284,0.00032280916867737254,0.022512009450578366,0.0,0.0,0.0,0.00958661133772044,0.35157748114427534,0.23511322245294528,0.0450771879460714,0.032292487804820406,6.610696135189607e-05,6.610696135189607e-05,0.08873234139942472,0.09419630129737222,0.36367246425976324,0.13244704295959941,0.10349847551388305,0.0,0.0,0.0,0.0,0.0983056904595815,0.18285988271733342,0.9964002618668433,0.7731575641933864,0.03147377766530316,0.5057389384329841,0.0,0.05882603217007599,0.047516300356906495,0.02763413338728452,0.0053856245811694636,6.610696135189607e-05,0.19338243959393916,0.017587855572238117,6.610696135189607e-05,6.610696135189607e-05,0.5517844069511837,0.1734645053545629,0.5757774655289695,0.9927659904315731,0.995445563437462,0.6196161737225164,0.7439305358879057,0.08283624665420158,0.12494370322349242,0.0,0.0,0.0,0.0,0.0
0.000699804102029659,0.014215138919138417,0.003887188708728364,0.0007850956667042477,6.610696135189607e-05,6.610696135189607e-05,0.0485276993995416,0.0013761625398774964,6.610696135189607e-05,0.9999458481081486,0.0,0.15296203326534588,0.0071057606272566815,0.004381537010151902,0.010393710607731692,0.166048965444101,0.156084639234366,0.16251769085493567,0.00324877146215406,0.20429705988845612,0.9685380737063015,0.49425001236263905,1.0,0.041691399828345035,0.8266070091740856,6.610696135189607e-05,0.00654265246367086,0.019400777004512915,0.9999338930386481,0.15655919762006357,0.1881944021221147,0.2061000983121923,0.5390972529289094,0.6935776466257744,0.1667605282508347,0.0,0.0,0.36947965846387054,0.08954232357575394,0.6622991910117911,0.5291709847887006,0.0003095612487550528,0.02219266717483679,0.0,0.0,0.0,0.009590135465652199,0.35162662235007813,0.23507490231036107,0.04506165600669794,0.03230413145843716,6.610696135189607e-05,6.610696135189607e-05,0.08879077913835844,0.09425911921335817,0.36364472206341825,0.13258570783335766,0.10378304682378996,0.0,0.0,0.0,0.0,0.09867371462754575,0.18329084619685082,0.9964416672890909,0.7735102729367072,0.031461926293698456,0.5057499876373609,0.0,0.05876220851676508,0.04752318370307834,0.027595400240801617,0.005381445415985635,6.610696135189607e-05,0.1931735438078537,0.01759967027525436,6.610696135189607e-05,6.610696135189607e-05,0.5522110548754126,0.17383664554086792,0.5764943916600295,0.9928942393727433,0.9956184629898481,0.6201266309283978,0.744408710980145,0.08294245512629711,0.1250204781595129,0.0,0.0,0.0,0.0,0.0
0.0006998041020296591,0.0142165193483653,0.003886776222776188,0.0007850917353521618,6.610696135189607e-05,6.610696135189607e-05,0.04855948468106349,0.0014029311120286304,6.610696135189607e-05,0.999945854056925,0.0,0.15249739079341526,0.00697891983601288,0.004214671316563021,0.010232977683966077,0.16572767236728023,0.15639061569167326,0.16267852956371145,0.003221099443097878,0.2042641516766477,0.9685496256833658,0.494239783603269,1.0,0.041695346338472536,0.8307211953162787,6.610696135189607e-05,0.006535478139250412,0.019384386378674668,0.9999338930386481,0.15614160919484374,0.18777382474739063,0.20563261272467784,0.5398845903177981,0.6930761699372866,0.16622889170038282,0.0,0.0,0.3691392336961701,0.08939905356168384,0.6615257318362093,0.528504603672263,0.0002967313166360671,0.021875197984228083,0.0,0.0,0.0,0.009593455821532945,0.35167528609448606,0.23503727580017755,0.045045162694490874,0.032315245165947915,6.610696135189607e-05,6.610696135189607e-05,0.08885253075957338,0.09432170407126016,0.3636176744624142,0.13272331436676568,0.10406745406573185,0.0,0.0,0.0,0.0,0.09903681589369974,0.18372294401362643,0.996482169240266,0.7738606503391242,0.031450374316634166,0.5057602163967311,0.0,0.05870307671532492,0.04753234938961718,0.027557525064263257,0.0053771375332313095,6.610696135189607e-05,0.19298140172567793,0.017608361303130315,6.610696135189607e-05,6.610696135189607e-05,0.5526076547461797,0.17420051569594772,0.57720626344047,0.9930210801639872,0.9957853286834369,0.6206277886198639,0.7448732740710359,0.08304683657841769,0.12509392275039907,0.0,0.0,0.0,0.0,0.0
0.000699804102029659,0.014217874583709269,0.0038865182185768045,0.0007850904640644819,6.610696135189607e-05,6.610696135189607e-05,0.048590686150113534,0.0014312986532269813,6.610696135189607e-05,0.999945859645495,0.0,0.15203428422227544,0.00685357055077216,0.004053691608157471,0.010074943707907312,0.16541674307083715,0.1566948427222768,0.16283870636988157,0.003193895453596748,0.20423144239796037,0.9685611827515178,0.49423043081353285,1.0,0.04169898687110821,0.8348767070178625,6.610696135189607e-05,0.006527525349267155,0.01936839940444131,0.9999338930386481,0.15572654188580518,0.18738277021311503,0.2051708910600273,0.5406562840592052,0.6925805950094578,0.1657004117408499,0.0,0.0,0.3688008161914741,0.08925780916994586,0.6607596785738452,0.5278390526853195,0.0002843138169385356,0.021559701583232865,0.0,0.0,0.0,0.009596800577450377,0.35172354780422543,0.23499945343306686,0.04502820231040241,0.03232616516998382,6.610696135189607e-05,6.610696135189607e-05,0.08891278914776804,0.09438528887234655,0.36359229563394463,0.132860968329988,0.10435144015051531,0.0,0.0,0.0,0.0,0.09939517919695415,0.18415730916054265,0.9965217907294647,0.7742088560188067,0.03143881724848219,0.5057695691864672,0.0,0.058646922859401436,0.047542461219153224,0.02752114438398336,0.005373011930295463,6.610696135189607e-05,0.192804740813012,0.017617167984255003,6.610696135189607e-05,6.610696135189607e-05,0.5529844489251583,0.17455843666055415,0.5779138638863595,0.9931464294492278,0.9959463083918425,0.6211242401006186,0.7453254477592169,0.08315029950692392,0.12516493178425622,0.0,0.0,0.0,0.0,0.0
0.0006998041020296591,0.01421922720196847,0.0038863955178429516,0.0007850914821903045,6.610696135189607e-05,6.610696135189607e-05,0.04862173037713053,0.0014611549125574828,6.610696135189607e-05,0.9999458648433938,0.0,0.15157390722727507,0.006729777466825673,0.003898441108903273,0.009919598521810007,0.165115739235641,0.15699735876789558,0.1629980421781642,0.003167152621491979,0.20419888961013416,0.9685729224069887,0.4942219795769819,1.0,0.04170268391718336,0.8390684876707901,6.610696135189607e-05,0.006519100917831612,0.01935289170829516,0.9999338930386481,0.15531547160051132,0.1869867449085555,0.20471729383890805,0.541419522731963,0.6920900469036705,0.1651743104919389,0.0,0.0,0.36846405264217624,0.08911881177577304,0.6600014211476899,0.5271736568973627,0.00027230175320973955,0.02124626060235394,0.0,0.0,0.0,0.009600170686325927,0.3517714753601422,0.23496127411828577,0.04501111886157105,0.03233671782647701,6.610696135189607e-05,6.610696135189607e-05,0.08897010163886561,0.09444908551133928,0.363569091439929,0.13299879093995579,0.10463468484814774,0.0,0.0,0.0,0.0,0.09974828422852401,0.18459452312695623,0.9965605456252983,0.7745548497875119,0.03142707759301139,0.5057780204230181,0.0,0.05859305376972904,0.047553118145839485,0.02748601963023933,0.005369070272597034,6.610696135189607e-05,0.1926396871994891,0.01762814828301323,6.610696135189607e-05,6.610696135189607e-05,0.5533434616232167,0.17491116215637367,0.5786170974326383,0.9932702225331743,0.9961015588910967,0.6216163488360137,0.745765448988586,0.08325293585589058,0.12523377779751696,0.0,0.0,0.0,0.0,0.0
0.000699804102029659,0.014220600211425091,0.0038863899005800134,0.0007850935448068563,6.610696135189607e-05,6.610696135189607e-05,0.04865247519513503,0.00149201031774887,6.610696135189607e-05,0.9999458697679258,0.0,0.15111686701673263,0.006607576860819088,0.003748752252884432,0.009766900508475852,0.16482403291671494,0.15729790815554917,0.16315611956290488,0.003140869673098179,0.20416657713536457,0.9685849367817405,0.49421453646581687,1.0,0.04170629499722959,0.8432936787952303,6.610696135189607e-05,0.006510707765955221,0.019337700911997963,0.9999338930386481,0.15490802299726156,0.1865935533724758,0.2042678802896429,0.5421737421784412,0.6916045971979672,0.16465108007925752,0.0,0.0,0.36812921379898705,0.08898176866823432,0.6592513875141908,0.5265096060985156,0.0002606880197519741,0.020934961510136667,0.0,0.0,0.0,0.009603522149363683,0.351818791736239,0.23492239338263896,0.04499461572949984,0.032346803995635096,6.610696135189607e-05,6.610696135189607e-05,0.08902539523484873,0.09451301678878564,0.3635477800921991,0.13313664674341413,0.10491688232713815,0.0,0.0,0.0,0.0,0.10009605932170422,0.18503385147723236,0.9965984423071499,0.7748984613544988,0.031415063218259466,0.5057854635341832,0.0,0.05854105345592951,0.04756433590309404,0.02745173448493778,0.005365316003394924,6.610696135189607e-05,0.19248290974744744,0.017640506894273086,6.610696135189607e-05,6.610696135189607e-05,0.553696516676003,0.1752587560586188,0.5793151705768718,0.9933924231391809,0.9962512477471156,0.622103885692537,0.7461941984150507,0.08335464500855577,0.1253004228613471,0.0,0.0,0.0,0.0,0.0
0.0006998041020296591,0.014222001568967694,0.003886494760802543,0.0007850928205670743,6.610696135189607e-05,6.610696135189607e-05,0.04868300634112208,0.00151963889231539,6.610696135189607e-05,0.9999458750263579,0.0,0.1506636288328124,0.006487015781236336,0.003604466316435722,0.009616832839585272,0.16454186423965866,0.15759633204116458,0.1633129198961819,0.0031150420221547456,0.20413451224391913,0.9685972185817572,0.4942081375452571,1.0,0.04170976750544098,0.8475490223537568,6.610696135189607e-05,0.006502379711180408,0.019322876173327997,0.9999338930386481,0.15450431243427848,0.18620474620677763,0.20382638910814016,0.542918049331801,0.6911241516035183,0.1641307816988093,0.0,0.0,0.3677960206120833,0.08884611518859468,0.65851007284394,0.5258473301219295,0.00024946546863193484,0.020625924364331295,0.0,0.0,0.0,0.009606855707199671,0.351865481368607,0.23488310547761523,0.04497837970126416,0.032356474854134114,6.610696135189607e-05,6.610696135189607e-05,0.08907905640906018,0.0945769419471905,0.36352818844461493,0.13327430243834834,0.10519766637140521,0.0,0.0,0.0,0.0,0.10043822158542211,0.18547463217472948,0.9966354925092133,0.7752395633917496,0.031402781418242834,0.505791862454743,0.0,0.058490380882361366,0.04757580982609617,0.027418065084176036,0.0053616610776303945,6.610696135189607e-05,0.19233089859945196,0.01765392638733319,6.610696135189607e-05,6.610696135189607e-05,0.5540462782521247,0.17560154595813338,0.5800079230969731,0.9935129842187637,0.9963955336835643,0.6225871465483315,0.7466120205717466,0.08345537352947328,0.12536511780715912,0.0,0.0,0.0,0.0,0.0
0.000699804102029659,0.014223402236391156,0.0038866647110109456,0.0007850935776355484,6.610696135189607e-05,6.610696135189607e-05,0.04871280024893495,0.0015448940431412735,6.610696135189607e-05,0.9999458800190444,0.0,0.15021429723420912,0.0063681190189357716,0.0034654178832192323,0.009469345790475594,0.1642691329175102,0.15789235383125433,0.16346828429342777,0.0030896648924340787,0.20410262893526893,0.9686093641408889,0.49420244931156937,1.0,0.041713153845797483,0.8518650541144037,6.610696135189607e-05,0.006494129086377025,0.01930847419659131,0.9999338930386481,0.1541028480074313,0.185819828871658,0.20338465229423391,0.543650383391281,0.6906489007904076,0.1636138151510527,0.0,0.0,0.3674649553926041,0.08871183134305698,0.6577781225834367,0.5251874941119564,0.00023862698773907337,0.020319265598460336,0.0,0.0,0.0,0.009610172014739042,0.3519114968414967,0.2348436876593763,0.04496246844365589,0.03236571295956593,6.610696135189607e-05,6.610696135189607e-05,0.08913168937575132,0.09463986620482873,0.36351032258702304,0.1334115699627402,0.10547679648828821,0.0,0.0,0.0,0.0,0.10077445562072916,0.18591625612043425,0.9966717081198269,0.7755781054662707,0.031390635859111074,0.5057975506884306,0.0,0.058440806240534424,0.04758746286102655,0.027384953279413624,0.005358076655184191,6.610696135189607e-05,0.19218203263676595,0.017667997499986383,6.610696135189607e-05,6.610696135189607e-05,0.5543941022405441,0.1759395292468522,0.58069509112645,0.9936318809810643,0.9965345821167808,0.6230656988169203,0.7470190357394328,0.08355506796457982,0.1254279654741816,0.0,0.0,0.0,0.0,0.0
0.0006998041020296591,0.014224771681556569,0.0038868695842435258,0.0007850944711597491,6.610696135189607e-05,6.610696135189607e-05,0.0487416711056997,0.0015683596966631751,6.610696135189607e-05,0.9999458849009725,0.0,0.14976909854712145,0.006250905696007913,0.0033314421946103404,0.009324418340751562,0.16400573793733375,0.1581873688473235,0.16362283310250642,0.003064735108261689,0.204070952369771,0.9686211938867269,0.4941973116435215,1.0,0.04171664329516154,0.8562028264904685,6.610696135189607e-05,0.006452673247647142,0.01929534299278362,0.9999338930386481,0.15370536033238213,0.18554655521908486,0.2030232702301999,0.5443968200505948,0.6901779733749305,0.16309992521769368,0.0,0.0,0.367135285182955,0.08857910097884772,0.6570537839042049,0.5245293771577221,0.00022816476683917258,0.020015088496677953,0.0,0.0,0.0,0.009613471941230942,0.351956455021691,0.23480413472324496,0.04494672798315445,0.03237462082105937,6.610696135189607e-05,6.610696135189607e-05,0.08918343114695089,0.09470200434596784,0.36349429612141293,0.13354809825360103,0.10575404525103614,0.0,0.0,0.0,0.0,0.10110448715327983,0.18635832746319617,0.9967071001248992,0.7759139591335511,0.03137880611327318,0.5058026883564786,0.0,0.05839214244941611,0.047599041901172826,0.02735029818299683,0.005354535236765136,6.610696135189607e-05,0.1920353118237532,0.01768854890517594,6.610696135189607e-05,6.610696135189607e-05,0.5547460772270859,0.17627392837146846,0.5813769309841487,0.993749094303992,0.9966685578053897,0.6235402964762934,0.7474151610838186,0.08365436009519188,0.12548946227657537,0.0,0.0,0.0,0.0,0.0
0.000699804102029659,0.014226040027318426,0.003887126827998075,0.0007851193233608278,6.610696135189607e-05,6.610696135189607e-05,0.04876991285200171,0.0015903717875755253,6.610696135189607e-05,0.9999458896660591,0.0,0.14932692609109538,0.006135356617733965,0.003202365833965849,0.009181905332495808,0.16375073835163656,0.15847893441234812,0.16377500249406282,0.0030402472314925055,0.20403929370547305,0.968632630197685,0.49419251781000867,1.0,0.041719264712484654,0.8605532395701768,7.362997642101262e-05,0.006462312753492652,0.01928030181709781,0.9999338930386481,0.153289603392519,0.1850733784788569,0.20257198926805048,0.5451394615617347,0.6897005551667625,0.16258764480843113,0.0,0.0,0.3668148110988898,0.08845418484105257,0.6563266221077614,0.5238682252568093,0.000218083409271533,0.01971250630051441,0.0,0.0,0.0,0.009616701542833126,0.3520037410027644,0.23475768587227036,0.044939812702591134,0.03238337110429879,6.610696135189607e-05,6.610696135189607e-05,0.08921470807376335,0.09477132813499421,0.3634813776231797,0.13369585466805,0.10603575641946963,0.0,0.0,0.0,0.0,0.10143912294813445,0.18680974070459938,0.9967416693592359,0.7762481999940125,0.031367369802314984,0.5058074821899914,0.0,0.058344319443071106,0.04760979373176849,0.02731731417673572,0.0053525419601038364,6.610696135189607e-05,0.19189250609375944,0.017705587323593126,6.610696135189607e-05,6.610696135189607e-05,0.5551019740410175,0.17660359016518754,0.5820496726810039,0.993864643382266,0.9967976341660342,0.6240032835686145,0.7477950768073108,0.083755320531756,0.12554703154452856,0.0,0.0,0.0,0.0,0.0
0.0006998041020296591,0.014227362844562602,0.0038874577311277638,0.0007850619656558586,6.610696135189607e-05,6.610696135189607e-05,0.04879687305216818,0.0016449897946029686,6.610696135189607e-05,0.9999458883499573,0.0,0.14888904763970487,0.006021536554642594,0.0030780546278142804,0.009041940573508484,0.16350707269019862,0.15876632302571952,0.16392632967503049,0.003016237216564932,0.20400857704348632,0.9686436281154684,0.4941888133842094,1.0,0.041721622622214495,0.8649383133126719,0.00010696331036034353,0.006460123472727025,0.01926605717495125,0.9999338930386481,0.15284878949210579,0.18465659800114995,0.20209853501772443,0.5458774485665477,0.6892365891862856,0.16208185023185162,0.0,0.0,0.3664912193568602,0.08832481145998365,0.655619209275623,0.5232155818746689,0.00020835556164433403,0.01941303482440845,0.0,0.0,0.0,0.009619922158323826,0.35204754572373687,0.234721543402193,0.044924118114600196,0.03239076738694616,6.610696135189607e-05,6.610696135189607e-05,0.08926662555611967,0.09482907186883792,0.36346637698813383,0.1338357421116106,0.10631071713104571,0.0,0.0,0.0,0.0,0.10176200209084213,0.18725461995811646,0.9967754072217907,0.7765783881321052,0.03135637188453152,0.5058111866157906,0.0,0.05829670144719512,0.04762104348821957,0.02728508742417307,0.0053485301547204975,6.610696135189607e-05,0.19174418689889297,0.017721727209661333,6.610696135189607e-05,6.610696135189607e-05,0.5554529905016172,0.17692766870210383,0.5827183849973977,0.9939784634453575,0.9969219453721857,0.6244668400696313,0.7481681158498178,0.0838524656078154,0.1256034684921842,0.0,0.0,0.0,0.0,0.0
0.000699804102029659,0.014228987773769922,0.0038880264053744755,0.0007850149127106363,6.610696135189607e-05,6.610696135189607e-05,0.048827104767289665,0.001692885767149491,6.610696135189607e-05,0.9999458918223803,0.0,0.14845460466282093,0.005909396228092417,0.0029583184878903927,0.008904378320851567,0.16327162960534983,0.15905140858205377,0.16407519886469135,0.002992650738706437,0.20397815789273238,0.9686573716738808,0.4941876992312682,1.0,0.041723771605058455,0.8693321452041758,0.00013973693739838155,0.006453330425738985,0.01925241381474766,0.9999338930386481,0.15243018113545234,0.18426170232514574,0.20164303701986613,0.5465845364820471,0.6887804530671843,0.16158151221745734,0.0,0.0,0.3661707519444752,0.0881970290495643,0.6549242238010999,0.5225690561145088,0.0001989786117173916,0.01911654839776151,0.0,0.0,0.0,0.0096232131588689,0.35209221150905884,0.23468357559125227,0.04490581056521602,0.03239889847373895,6.610696135189607e-05,6.610696135189607e-05,0.08931642063575446,0.09489370185123544,0.3634521859901429,0.13397251395038276,0.1065819158173159,0.0,0.0,0.0,0.0,0.10207618364673318,0.1876971874962561,0.9968083706495762,0.7769052937095061,0.031342628326119226,0.5058123007687318,0.0,0.058249821699656826,0.04763269628356985,0.027253295688115214,0.005344611067177814,6.610696135189607e-05,0.19159592511734058,0.017704247425268358,6.610696135189607e-05,6.610696135189607e-05,0.5558159827887647,0.17724703298243305,0.5833819673024059,0.9940906037719076,0.9970416815121096,0.6249248697346733,0.7485313413450859,0.08394818397011315,0.12565855752454386,0.0,0.0,0.0,0.0,0.0
0.0006998041020296591,0.01423070511926352,0.003888743741098963,0.0007850072317671526,6.610696135189607e-05,6.610696135189607e-05,0.04885842929896471,0.0017360346812721273,6.610696135189607e-05,0.9999458946621048,0.0,0.14802353233758994,0.005798950883706104,0.002843005978791403,0.008769188795614934,0.16304435925718175,0.15933356870630502,0.1642219958443339,0.0029694685263328157,0.20394776649123955,0.9686723665563283,0.494187902849691,1.0,0.041726675592891255,0.8737414042488972,0.00019912606367560262,0.006444432774158412,0.019239793132783102,0.9999338930386481,0.1519828480407132,0.18387531814894267,0.20119825572346564,0.5472863980711057,0.6883322916406749,0.1610858233080869,0.0,0.0,0.3658511289573173,0.08806984530037007,0.6542414919034857,0.5219275902800761,0.00018994584611587505,0.018822891231585204,0.0,0.0,0.0,0.009626540522444991,0.3521360625778969,0.234643325928199,0.044889075026931714,0.032406585246046934,6.610696135189607e-05,6.610696135189607e-05,0.0893632875461722,0.09495950166350528,0.3634401204352627,0.1341063196172849,0.10685047274806417,0.0,0.0,0.0,0.0,0.10238193893448845,0.18813671622048395,0.9968405856275513,0.7772293422771752,0.031327633443671725,0.505812097150309,0.0,0.05820304056845708,0.04764435634741488,0.027223205460629344,0.005340937464685744,6.610696135189607e-05,0.19144590210663656,0.01769718483477986,6.610696135189607e-05,6.610696135189607e-05,0.5561702535806977,0.1775613887420402,0.584040171606259,0.9942010491162939,0.9971569940212086,0.6253796822470677,0.7488857954424483,0.08404300045572086,0.1257136976551062,0.0,0.0,0.0,0.0,0.0
0.000699804102029659,0.014232471596056152,0.0038895556760850706,0.0007850141745843482,6.610696135189607e-05,6.610696135189607e-05,0.048889954266329194,0.0017760403488188776,6.610696135189607e-05,0.9999458970760059,0.0,0.1475959301046365,0.005690195341861094,0.00273196914260633,0.00863628059384698,0.16282461502911133,0.15961263283844707,0.16436639872635064,0.0029466855234423243,0.20391747278085254,0.9686877798536859,0.4941890454636252,1.0,0.04172943654778036,0.8781629366769621,0.00026876043882597344,0.00643452301286856,0.01922729115381065,0.9999338930386481,0.1515238539643515,0.1834954525900251,0.20076244026413145,0.5479866484486473,0.6878910762933835,0.16059521881645636,0.0,0.0,0.36553572617007335,0.08794522051639496,0.6535710528969967,0.5212924411070629,0.00018125086005131656,0.01853204588688154,0.0,0.0,0.0,0.0096298177852769,0.3521790747558651,0.2346018764840681,0.04487342118247902,0.032413678984701925,6.610696135189607e-05,6.610696135189607e-05,0.08940710690435066,0.09502380744982875,0.3634306036971119,0.13423781648437302,0.1071160325567534,0.0,0.0,0.0,0.0,0.10267926868246267,0.188573253116908,0.9968720636165064,0.777550481332266,0.03131222014631412,0.5058109545363748,0.0,0.058123883080499386,0.04765579002741262,0.027193003173153,0.0053373898930243885,6.610696135189607e-05,0.1913048836569128,0.017697727629915408,6.610696135189607e-05,6.610696135189607e-05,0.5566313985832139,0.17787110722224347,0.5846928185221537,0.9943098046581389,0.9972680308573937,0.6258279932360797,0.7492301644544936,0.0841370455820936,0.1257679070496785,0.0,0.0,0.0,0.0,0.0
0.0006998041020296591,0.014234200488266747,0.003890395866377094,0.0007850228048390263,6.610696135189607e-05,6.610696135189607e-05,0.04892148210883133,0.0018139658373950184,6.610696135189607e-05,0.9999458993852279,0.0,0.14716223400491896,0.0055827077145815815,0.0026248399174699476,0.00850500903419008,0.16260422272357763,0.1598859209550238,0.1645053947193246,0.002924302940137582,0.2038873975699108,0.9687031859837485,0.4941909875634051,1.0,0.0417333648449423,0.8826008504835305,0.00034288502535739394,0.006424133588141391,0.019214929885589854,0.9999338930386481,0.15106184172976672,0.18312018015391238,0.20033286033563388,0.5486843773009414,0.6874510101170355,0.16010627680491088,0.0,0.0,0.3652221201075314,0.0878230362650122,0.6529117580766115,0.5206644714003538,0.00017288592129790064,0.018244045168413558,0.0,0.0,0.0,0.009633182859469118,0.35222160150146364,0.23456023064899423,0.04485854910307867,0.032420463315712376,6.610696135189607e-05,6.610696135189607e-05,0.08944843904883426,0.09508646504781364,0.3634230785641029,0.13436497214149326,0.1073748207148805,0.0,0.0,0.0,0.0,0.10296809024262149,0.18900459014320328,0.9969028111385645,0.7778685572616756,0.03129681401625152,0.5058090124365948,0.0,0.0580694885401079,0.04766445734206441,0.027160555606307254,0.005333662670945347,6.610696135189607e-05,0.19110448902756827,0.0176999916306183,6.610696135189607e-05,6.610696135189607e-05,0.5570560145730923,0.1781840177414713,0.5853566684752898,0.9944172922854184,0.99737516008253,0.6262728708582785,0.7495727410114101,0.08423423072574317,0.1258255437371184,0.0,0.0,0.0,0.0,0.0
0.000699804102029659,0.014235926310668638,0.0038913102389379933,0.0007850310794108033,6.610696135189607e-05,6.610696135189607e-05,0.04895230291913818,0.0018504914001551385,6.610696135189607e-05,0.9999459010833084,0.0,0.14672799599167574,0.005476797312092234,0.002521665646295056,0.008375784112200729,0.16239194011022592,0.16015480255701917,0.16464182173693148,0.002902326256017488,0.20385768580312483,0.9687183785473382,0.4941935622687517,1.0,0.04173590539564239,0.8870413620126321,0.00044693144112179124,0.006413360650010166,0.01920275314031733,0.9999338930386481,0.15056661921279213,0.18273796313481483,0.19989893640149153,0.5493850154724058,0.6870198245469384,0.15962562958765197,0.0,0.0,0.36491873462326,0.08770646123094247,0.6522647010890318,0.5200433984993743,0.0001648426405085842,0.017958896729020138,0.0,0.0,0.0,0.009636342814084911,0.3522627747323579,0.2345187018058841,0.04484429160988761,0.032426859611133604,6.610696135189607e-05,6.610696135189607e-05,0.0894874749419557,0.09514758889902214,0.36341734111722024,0.13449101206951886,0.10763206029818505,0.0,0.0,0.0,0.0,0.10324989907846607,0.18943400548344003,0.996932831103474,0.778183417467855,0.03128162145266179,0.5058064377312483,0.0,0.058019586977014204,0.04767474191432325,0.027128801923168903,0.005330038114363571,6.610696135189607e-05,0.19092235436632052,0.017704020573129,6.610696135189607e-05,6.610696135189607e-05,0.5574508488510629,0.17848916338354273,0.5860143141224872,0.9945232026879077,0.9974783343537049,0.6267054812645392,0.7499015986588315,0.08433059727548299,0.12588077428025418,0.0,0.0,0.0,0.0,0.0
0.0006998041020296591,0.014237629189364416,0.0038922755498519584,0.0007850366991171577,6.610696135189607e-05,6.610696135189607e-05,0.048982283012948005,0.001886045391144536,6.610696135189607e-05,0.9999459025977526,0.0,0.14629527368241804,0.0053725052452111306,0.002422335358085392,0.008248684228491232,0.16218775804533792,0.1604195208017048,0.16477612211917247,0.0028807514980008324,0.20382827452044525,0.9687332953257954,0.49419673682994764,1.0,0.04173748451018303,0.8914890767895417,0.0005878720221109613,0.006402428440955178,0.019223936749312623,0.9999338930386481,0.15003222411047637,0.18234875100451922,0.19929337401362254,0.550038783441387,0.6865966382199217,0.15915175830914718,0.0,0.0,0.36462010680833723,0.08759335311988438,0.6516303807156127,0.5194293268783842,0.0001571138717148364,0.017676731318754923,0.0,0.0,0.0,0.009639463859559444,0.352302541757745,0.23447686181761979,0.044830446407719764,0.032432860750446234,6.610696135189607e-05,6.610696135189607e-05,0.08952439027666312,0.09520720727406393,0.3634135243018371,0.13461573974784796,0.10788672303302815,0.0,0.0,0.0,0.0,0.10352418844192518,0.18986069408386266,0.9969621346302844,0.7784949941607998,0.031266704674204594,0.5058032631700524,0.0,0.057972309295843384,0.047685779673152226,0.027098103741014894,0.005326557387133848,6.610696135189607e-05,0.190754463130277,0.017709885168663616,6.610696135189607e-05,6.610696135189607e-05,0.5578253345532983,0.1787876220322303,0.5866662449754066,0.9946274947547888,0.9975776646419147,0.6271312089631715,0.7502188888347777,0.08442591004075736,0.12593385691858078,0.0,0.0,0.0,0.0,0.0
0.000699804102029659,0.014239435041727306,0.003893282037308257,0.0007850375011777146,6.610696135189607e-05,6.610696135189607e-05,0.04901176987951987,0.0019193787254996335,6.610696135189607e-05,0.9999459039470355,0.0,0.14586554892418843,0.005269849899574616,0.0023267291300937748,0.008123734488237846,0.16199165187235945,0.1606813168662804,0.1649094701576573,0.0028595724844718675,0.20379909946716135,0.9687479120905816,0.4942003333127732,1.0,0.0417399199628988,0.8959614884150368,0.0007316566868955463,0.006392424361889331,0.01921951342912974,0.9999338930386481,0.1495054932477377,0.18196832249462555,0.19883272791308787,0.5506925010457226,0.6861784071561104,0.15868143387479264,0.0,0.0,0.36431587859071307,0.08747738385269063,0.6510114258068905,0.5188207655590246,0.000149692546169445,0.017398180894279476,0.0,0.0,0.0,0.009642490103481663,0.3523402158542299,0.23443547801622938,0.04481743888439696,0.03243346077740677,6.610696135189607e-05,6.610696135189607e-05,0.08955916706523777,0.09528209995754143,0.3634119818543823,0.13473765757298117,0.10813503914710076,0.0,0.0,0.0,0.0,0.10378541811517379,0.19028074192162836,0.9969907349693586,0.7788027196385592,0.031252087909418406,0.5057996666872269,0.0,0.057927766547290746,0.04769910013644739,0.02706868756379578,0.005323148347027514,6.610696135189607e-05,0.1906033496179185,0.017720525849367254,6.610696135189607e-05,6.610696135189607e-05,0.5581869117971434,0.1790839352709084,0.5873179780539182,0.9947301501004254,0.9976732708699062,0.6275603869210491,0.7505309642749499,0.08452183921165524,0.1259890223616897,0.0,0.0,0.0,0.0,0.0
0.0006998041020296591,0.014241095259964648,0.003894267378987436,0.0007850376043142133,6.610696135189607e-05,6.610696135189607e-05,0.0490400922173661,0.001954393128550124,6.610696135189607e-05,0.9999459048822325,0.0,0.14543920383808295,0.005168891318233293,0.0022347448304165557,0.008000869455440464,0.16180384716559756,0.1609399054166846,0.16504014828773098,0.0028387600221227213,0.20376930919127073,0.968761990490265,0.4942032585969357,1.0,0.0417416347789506,0.9004344941890448,0.0009168030086703682,0.006382079588467636,0.019210549439964874,0.9999338930386481,0.1489316502032084,0.18157945460764804,0.1983924243196422,0.5513660630086553,0.6857685867053992,0.1582167235499185,0.0,0.0,0.3640149857347003,0.08736274350205868,0.6504061500714367,0.5182202820552875,0.0001425701536847271,0.017123003251985788,0.0,0.0,0.0,0.009645481261125802,0.3523751631916775,0.23439242097578097,0.04480394506926305,0.03243635247751381,6.610696135189607e-05,6.610696135189607e-05,0.08959285954423005,0.09534488809979395,0.36341400982558386,0.1348568490287438,0.10837986950537311,0.0,0.0,0.0,0.0,0.10403691257166209,0.1906966058945421,0.9970186698241925,0.7791076875567435,0.031238009509735,0.5057967414030643,0.0,0.05788428378100605,0.04771214989140736,0.02703970654848121,0.005319884766113169,6.610696135189607e-05,0.19045645236889572,0.01773249769701473,6.610696135189607e-05,6.610696135189607e-05,0.5585398694239138,0.17937456426585702,0.5879642031066254,0.9948311086817667,0.9977652551695835,0.6279841448098593,0.7508334093323438,0.08461703194021665,0.1260429637624395,0.0,0.0,0.0,0.0,0.0
0.000699804102029659,0.014242709593099274,0.003895284645135492,0.0007850321316843837,6.610696135189607e-05,6.610696135189607e-05,0.0490678132720489,0.001989325864425782,6.610696135189607e-05,0.9999459058823084,0.0,0.1450160609959861,0.005069613764743596,0.002146253363083207,0.00788002747533391,0.1616235766312096,0.1611946964565102,0.16516804599670043,0.0028183159389494647,0.20373927401550068,0.9687758629679183,0.4942062082961999,1.0,0.041742015332887135,0.9049023745363393,0.0010991710835143735,0.0063718082707220035,0.01919969529650405,0.9999338930386481,0.14836031905310781,0.1811915556894871,0.1979615084240814,0.5520507314707501,0.6853672982619878,0.15775878880873634,0.0,0.0,0.3637192084161355,0.08725057633707917,0.6498151765853862,0.5176287846877698,0.00013573901400621422,0.016851039628050464,0.0,0.0,0.0,0.009648413402775672,0.3524078408939563,0.23434788111053828,0.04478995072542572,0.03244015782390285,6.610696135189607e-05,6.610696135189607e-05,0.08962430465242076,0.09540058668184229,0.3634191682200563,0.13497305902778356,0.10862151157394828,0.0,0.0,0.0,0.0,0.10427902481124929,0.19110814167261075,0.9970459450470444,0.7794096863564488,0.03122413703208172,0.5057937917038001,0.0,0.05784160396161781,0.047725097622427305,0.027011218946404195,0.005316721534031453,6.610696135189607e-05,0.19031148256930933,0.01774471052081018,6.610696135189607e-05,6.610696135189607e-05,0.5588857511943345,0.17965964271022863,0.5886036386213293,0.9949303862352564,0.9978537466369168,0.6284007641085306,0.7511258470317113,0.08471110214685434,0.12609502764291894,0.0,0.0,0.0,0.0,0.0
0.0006998041020296591,0.014244278622303588,0.0038963514402278808,0.0007850240194426687,6.610696135189607e-05,6.610696135189607e-05,0.04909506164838892,0.002024366788225678,6.610696135189607e-05,0.9999459066477354,0.0,0.14459604450933256,0.004971999175972838,0.0020611294646248625,0.0077611571510624285,0.16145025382053707,0.16144513786022624,0.16529316671687305,0.0027982347203621984,0.20370902994250698,0.9687895741386281,0.4942092856302779,1.0,0.04174126200585118,0.9093648911621772,0.0013207098203928615,0.006361123580154246,0.019188438951550788,0.9999338930386481,0.1477332749226043,0.1807911183256984,0.19752070981282494,0.5527659180116445,0.6849739541698457,0.1573082204989257,0.0,0.0,0.3634292334736319,0.08714102821377596,0.6492377817284348,0.517046108640962,0.0001291897460417661,0.01658222641463054,0.0,0.0,0.0,0.009651286767338091,0.35243835844492644,0.23430311732125603,0.04477605624703182,0.03244418850781256,6.610696135189607e-05,6.610696135189607e-05,0.08965395945883034,0.09545302131457523,0.363426330056936,0.13508698998229227,0.10886021351745197,0.0,0.0,0.0,0.0,0.10451328716596357,0.1915156497149472,0.9970725755335961,0.7797087436428625,0.031210425861371904,0.5057907143697221,0.0,0.057799789464746225,0.04773785859295632,0.026983364224421953,0.0053136317475638295,6.610696135189607e-05,0.19016895411678483,0.017757032125841603,6.610696135189607e-05,6.610696135189607e-05,0.5592251182066507,0.179939055847862,0.5892355214742898,0.9950280008240272,0.9979388705353751,0.6288096093753058,0.751408717965687,0.08480379324537544,0.12614507492721788,0.0,0.0,0.0,0.0,0.0
0.000699804102029659,0.014245823374541276,0.003897458010504133,0.0007850131987929054,6.610696135189607e-05,6.610696135189607e-05,0.04912209671491633,0.002060061315476176,6.610696135189607e-05,0.9999459071428931,0.0,0.14417930781856203,0.004876031925256334,0.001979253129488356,0.007644223346894508,0.16128346344797767,0.16169129831129758,0.16541583590216274,0.0027785092769665853,0.2036786579177545,0.9688031738630754,0.49421262158647106,1.0,0.04173876447956587,0.9138263595216437,0.001543457296438204,0.0063480324523985275,0.01917616955470802,0.9999338930386481,0.14713349025701894,0.1803889433073729,0.1970804589292394,0.5534499889948047,0.6845873607662032,0.15686545717318767,0.0,0.0,0.3631455170254962,0.0870347696507155,0.6486731552539902,0.5164718334113855,0.00012291360329197429,0.016316516903801648,0.0,0.0,0.0,0.009654093317506718,0.35246762228555023,0.2342588120615368,0.04476226961834974,0.03244802090665295,6.610696135189607e-05,6.610696135189607e-05,0.08968152780030926,0.0955037145587891,0.36343491375629194,0.1351997744331602,0.10909583768076113,0.0,0.0,0.0,0.0,0.10474065764621408,0.19191999489419037,0.9970985771197415,0.7800048251784439,0.031196826136924677,0.5057873784135289,0.0,0.0577253168282903,0.04774963174171557,0.026955715137771757,0.005310509596178819,6.610696135189607e-05,0.19003478836618543,0.017770886212487798,6.610696135189607e-05,6.610696135189607e-05,0.5596717973556768,0.1802128648006366,0.5898593973274893,0.9951239680747437,0.9980207468705117,0.6292102596276092,0.7516817669013068,0.08489488878849816,0.1261923357922614,0.0,0.0,0.0,0.0,0.0
0.0006998041020296591,0.014247328114768927,0.003898544865596603,0.0007850008643923429,6.610696135189607e-05,6.610696135189607e-05,0.049148510552330334,0.002095628072144461,6.610696135189607e-05,0.9999459078832565,0.0,0.14375655607802867,0.004781330107581468,0.0019003418937781293,0.007528665903713348,0.16111482436804261,0.16193087594451458,0.16553299783695002,0.0027591354320979705,0.2036483125255165,0.9688167473145679,0.4942163525332833,1.0,0.041738448381297186,0.918270411585647,0.0017698421510904192,0.006330505906756851,0.019164896826420988,0.9999338930386481,0.146511198033559,0.18001415333265006,0.19666249894366175,0.5541651879480526,0.6842047913306049,0.15642628917332982,0.0,0.0,0.36286229450224244,0.08692980023622204,0.6481206107899812,0.5159089360572235,0.00011690356190035269,0.01605397993101326,0.0,0.0,0.0,0.009657086456921895,0.35249598997975257,0.23421175052503782,0.04474970791463785,0.03245198718501786,6.610696135189607e-05,6.610696135189607e-05,0.08970709610602448,0.09555466861245637,0.36344509816421466,0.1353057447731081,0.10932367574410255,0.0,0.0,0.0,0.0,0.10495922635963942,0.19231440811878733,0.9971239610060016,0.7802977075434703,0.031183252685432115,0.5057836474667168,0.0,0.057676077040095614,0.047758643200150774,0.02692568644423434,0.005307249406232429,6.610696135189607e-05,0.18984488315030384,0.017778324232317313,6.610696135189607e-05,6.610696135189607e-05,0.5600820088857419,0.18048946389628698,0.590493479004539,0.9952186698924186,0.9980996581062219,0.6296090395940442,0.7519553753957353,0.08498928690586478,0.12624365798703913,0.0,0.0,0.0,0.0,0.0
0.000699804102029659,0.014248799975052243,0.0038997393168078522,0.0007849849858963426,6.610696135189607e-05,6.610696135189607e-05,0.049175248153746125,0.0021317946288412167,6.610696135189607e-05,0.9999459077767407,0.0,0.14333328087121258,0.004688159520112993,0.0018244234091976414,0.007414827594593565,0.1609530895412117,0.16216453831242403,0.16564731816032138,0.002740102890904568,0.20361779152668233,0.9688302178327207,0.4942200984350899,1.0,0.04173550384497434,0.922710330428567,0.0020025091665664962,0.006308918877294262,0.01915282234894899,0.9999338930386481,0.14589803375031546,0.1796421704973057,0.19624975954253054,0.5548685972560983,0.6838295005025781,0.15599721322702942,0.0,0.0,0.36259238661700377,0.08683158688895136,0.6475784622297196,0.5153538094663057,0.00011115037269403119,0.015794364176165164,0.0,0.0,0.0,0.009659792476026354,0.3525238160045564,0.23416606863875564,0.044738530523143076,0.03245540092072814,6.610696135189607e-05,6.610696135189607e-05,0.08972742858374612,0.09560568341971136,0.3634560959478835,0.13541349976360204,0.10955113292765437,0.0,0.0,0.0,0.0,0.10517456430473728,0.19270765321408895,0.9971487467364014,0.7805878442971526,0.031169782167279333,0.5057799015649102,0.0,0.057630285666371135,0.04776861499201967,0.02689714414506273,0.005304231974021147,6.610696135189607e-05,0.18967115720232272,0.017785515979480523,6.610696135189607e-05,6.610696135189607e-05,0.5604620123155485,0.18075699973381984,0.5911183729741036,0.995311840479887,0.9981755765908024,0.6299927857884027,0.7522153235698369,0.08508243515311917,0.126291219159284,0.0,0.0,0.0,0.0,0.0
0.0006998041020296591,0.014250228857278965,0.0039009827993718503,0.0007849633025161628,6.610696135189607e-05,6.610696135189607e-05,0.049201455324473425,0.0021685634073487156,6.610696135189607e-05,0.9999459075999243,0.0,0.14291161104073183,0.0045965361718825854,0.001751403629464696,0.007302789996404717,0.1607980221276445,0.16239308917485934,0.16575948362118154,0.0027214166697482377,0.20358758039593577,0.9688436958394492,0.49422449614779745,1.0,0.041732211730805636,0.9271297372022937,0.0022718412469410155,0.00631754654174093,0.019140362801314783,0.9999338930386481,0.1452345681672884,0.17913666672468617,0.1957703103569779,0.5555832504729309,0.6834608187932925,0.15557587160044156,0.0,0.0,0.36232848165260045,0.08673738935204665,0.647045455293913,0.5148068364688674,0.00010564727337078224,0.015537750306729254,0.0,0.0,0.0,0.009662521893126923,0.35255114829565637,0.23411897463471423,0.04472971113266309,0.03245870094131147,6.610696135189607e-05,6.610696135189607e-05,0.0897427498274957,0.09565770392525519,0.3634676206142157,0.13552190250674676,0.10977678855246023,0.0,0.0,0.0,0.0,0.10538645421724038,0.19309707614118313,0.997172936056881,0.780874669297335,0.031156304160550794,0.5057755038522026,0.0,0.05758312465545629,0.047778945872427585,0.02686956169468154,0.005301545304013985,6.610696135189607e-05,0.189514868264723,0.01779134403750497,6.610696135189607e-05,6.610696135189607e-05,0.5608365757363508,0.18101727869996073,0.5917357288063665,0.9954034638281174,0.9982485963705353,0.6303687283509948,0.7524645885203088,0.08517500131398732,0.126336603768768,0.0,0.0,0.0,0.0,0.0
0.000699804102029659,0.014251731274774129,0.003902281366422848,0.0007849069244713473,6.610696135189607e-05,6.610696135189607e-05,0.0492270419519459,0.00220610196672816,6.610696135189607e-05,0.9999459070549261,0.0,0.14249188130603718,0.004506429664712906,0.0016811711456242657,0.007192530074921589,0.16064911276991617,0.16261667352308581,0.16586985112020972,0.0027030718430888665,0.20355771839609496,0.9688571628566274,0.49422945781484534,1.0,0.04172802955481185,0.9315428352102131,0.0025481384678394535,0.006314874325941267,0.019128111000080866,0.9999338930386481,0.14455882379871918,0.17870993612769845,0.1952898730776021,0.5563062652162825,0.6831077882520491,0.1551638841555167,0.0,0.0,0.3620622347187063,0.08664014661529425,0.6465335057418407,0.5142744555402857,0.00010038047678031973,0.015284816106085234,0.0,0.0,0.0,0.00966522712399509,0.35257554882507564,0.2340791255660331,0.04471426149317256,0.03246125518056304,6.610696135189607e-05,6.610696135189607e-05,0.08977416318087052,0.09570188250198576,0.363477410137968,0.1356203457948967,0.10999376582049813,0.0,0.0,0.0,0.0,0.10558544304804911,0.19347402161601965,0.9971965476801308,0.7811574654978198,0.031142837143372654,0.5057705421851547,0.0,0.057535912737743965,0.04778951026651831,0.026842659709746586,0.0052976504366002075,6.610696135189607e-05,0.189355608136546,0.017796400659142758,6.610696135189607e-05,6.610696135189607e-05,0.5612019184452135,0.1812718659530542,0.5923504687179479,0.9954935703352871,0.9983188288543757,0.6307452352063722,0.7527107406147896,0.0852643776870245,0.12638167172348502,0.0,0.0,0.0,0.0,0.0
0.0006998041020296591,0.014253250931767913,0.0039035727677846064,0.0007848868010619801,6.610696135189607e-05,6.610696135189607e-05,0.04925270151032131,0.0022440694904410463,6.610696135189607e-05,0.9999459065231829,0.0,0.1420735128100422,0.004417792045898537,0.001613614282745167,0.00708389480637714,0.1605037821210327,0.1628364365214924,0.16597765494772895,0.0026850313741537514,0.20352754841666384,0.968870698094037,0.4942344256442088,1.0,0.04172288170517544,0.9359439145812074,0.002828086352303918,0.006304175894402926,0.019116019267355466,0.9999338930386481,0.143885945087648,0.17827691936149648,0.19483068432504388,0.5570418471102957,0.682763199583989,0.15476022879436654,0.0,0.0,0.36180208778978107,0.08654594954549714,0.6460346850997619,0.5137520196555804,9.534355552888506e-05,0.015035323642473997,0.0,0.0,0.0,0.009667939936551195,0.35260021016621285,0.23403969219624163,0.0446979988000933,0.032464343772618066,6.610696135189607e-05,6.610696135189607e-05,0.08980426291406732,0.09574770687270986,0.3634878302678554,0.13571537108002726,0.11020558453854147,0.0,0.0,0.0,0.0,0.1057765617042341,0.19384500891626635,0.9972196250703174,0.7814371279408622,0.031129301905962997,0.5057655743557913,0.0,0.057489443303039414,0.047799989536068774,0.026816620806830952,0.005294011314530824,6.610696135189607e-05,0.1891985507797659,0.01780351348406581,6.610696135189607e-05,6.610696135189607e-05,0.5615590694092772,0.1815214293359838,0.5929606738570499,0.9955822079541015,0.9983863857172548,0.6311140174038418,0.7529502683334701,0.0853523166745116,0.12642531648042438,0.0,0.0,0.0,0.0,0.0
0.000699804102029659,0.0142547624758425,0.0039048749984728244,0.0007848889778053732,6.610696135189607e-05,6.610696135189607e-05,0.04927798035904149,0.0022957701647650665,6.610696135189607e-05,0.9999459036836023,0.0,0.14165679067782438,0.004330615434685864,0.0015486399038452598,0.006976871066632981,0.16036202110772058,0.16305219970876605,0.16608296509595213,0.0026672944252027803,0.20349744454823301,0.9688844088620373,0.4942397062240783,1.0,0.04171670370648074,0.9402941956701696,0.0031210012166225103,0.006288461129332119,0.019103631636860338,0.9999338930386481,0.14320230246845364,0.17788324005486367,0.19438479303214323,0.5577773135336263,0.6824241975342347,0.15436461633325435,0.0,0.0,0.3615481223256122,0.08645460877028939,0.6455448155584984,0.5132391223759731,9.052955740362194e-05,0.014789026725368113,0.0,0.0,0.0,0.00967060999928653,0.3526248595104197,0.2339986725146586,0.044684527060541115,0.03246725987512561,6.610696135189607e-05,6.610696135189607e-05,0.08983036109501853,0.09579615930704698,0.36349841187467574,0.135809615998605,0.11041335353070536,0.0,0.0,0.0,0.0,0.10596348243409488,0.19421054767079432,0.9972421760173936,0.7817135287263989,0.031115591137962677,0.5057602937759217,0.0,0.057443834402499186,0.04781031573113099,0.026790918982972384,0.005290895369569108,6.610696135189607e-05,0.1890448056628164,0.017809792064568924,6.610696135189607e-05,6.610696135189607e-05,0.5619111103727513,0.18176618646716036,0.593565239458216,0.9956693845653142,0.9984513600961548,0.6314750066077549,0.75318337012199,0.08543950229864067,0.12646736485728047,0.0,0.0,0.0,0.0,0.0
0.0006998041020296591,0.014256427985607804,0.003906362083326888,0.0007848774583529419,6.610696135189607e-05,6.610696135189607e-05,0.049305298297421446,0.002352441247322653,6.610696135189607e-05,0.9999459008881276,0.0,0.1412417772740962,0.004244893506500005,0.001486158183073899,0.006871428979665137,0.16022375311363624,0.16326184056883689,0.166184975517078,0.002649855361075838,0.20346770960681979,0.9688994860983434,0.4942464742133616,1.0,0.04170988114506458,0.9446105404648333,0.0034179001641709895,0.006268369101997789,0.01909113751745835,0.9999338930386481,0.14251817256820495,0.17747763974883113,0.19395558172309169,0.5585252240455602,0.6820904043839698,0.15397680369626307,0.0,0.0,0.36130160054962146,0.0863670657647497,0.6450648501356304,0.5127352675030707,8.593155642580861e-05,0.014545844876087382,0.0,0.0,0.0,0.009673312229530027,0.3526505024326513,0.233956968013903,0.04467250472459787,0.032470056623402924,6.610696135189607e-05,6.610696135189607e-05,0.089848417609924,0.09584803513061231,0.3635091377787627,0.1359046522309572,0.11061784817897319,0.0,0.0,0.0,0.0,0.10614768949243002,0.1945723649206739,0.9972642130824984,0.7819864455170928,0.031100513901656558,0.5057535257866383,0.0,0.05739921970643649,0.047820419796564304,0.0267659867694687,0.00528810832733881,6.610696135189607e-05,0.18889531490685896,0.0178165729273777,6.610696135189607e-05,6.610696135189607e-05,0.5622583977878693,0.18200494338507306,0.5941635708506675,0.9957551064935,0.9985138418169262,0.6318269704707133,0.753409181121614,0.08552561980310269,0.12650739205917738,0.0,0.0,0.0,0.0,0.0
0.000699804102029659,0.01425819808400875,0.003908031750640783,0.0007848609640608017,6.610696135189607e-05,6.610696135189607e-05,0.049334170440696774,0.002413584491196782,6.610696135189607e-05,0.9999458974905621,0.0,0.14082882860648888,0.004160619185486219,0.0014260838179494643,0.006767567118434763,0.16008929804093192,0.1634654457781248,0.16628420422289678,0.002632716212248617,0.2034387661369363,0.9689159450850389,0.49425524697556183,1.0,0.04170211869785031,0.9488789223760714,0.0037204420240323035,0.006245463605519312,0.019078248209375957,0.9999338930386481,0.14183054193281314,0.17711041353245763,0.19353421108887509,0.5592690902558978,0.6817605492614922,0.15359674888308286,0.0,0.0,0.36106190563933777,0.08628254808870305,0.6445923932271965,0.5122402012307258,8.154203640877718e-05,0.014305651172570625,0.0,0.0,0.0,0.009675998794762662,0.3526769490076797,0.23391452921747571,0.04466365714020222,0.03247256733783817,6.610696135189607e-05,6.610696135189607e-05,0.08986047372871313,0.0959025168766121,0.36351898116429254,0.1360020235214041,0.11081945601335781,0.0,0.0,0.0,0.0,0.106331325505112,0.19493035132205114,0.9972857417513427,0.7822555826904931,0.031084054914961096,0.5057447530244382,0.0,0.057355331798470285,0.04783009107792322,0.02674142049759788,0.005285645160822423,6.610696135189607e-05,0.18874826945145715,0.017822479191395818,6.610696135189607e-05,6.610696135189607e-05,0.5626019281467642,0.1822374272171038,0.5947549664970705,0.9958393808145137,0.9985739161820505,0.6321705272422276,0.753628153870365,0.08561083548956665,0.1265452432243263,0.0,0.0,0.0,0.0,0.0
0.0006998041020296591,0.014260080871618902,0.003909905489251895,0.0007848322968109185,6.610696135189607e-05,6.610696135189607e-05,0.04936497289181258,0.002445157984741509,6.610696135189607e-05,0.9999458990277849,0.0,0.14041804141627004,0.004077773905091173,0.001368330612591934,0.006665249283005036,0.1599583704210581,0.16366222863110583,0.1663806301806017,0.0026158773169334738,0.20341086088322477,0.9689337123890643,0.4942662941213144,1.0,0.041693996884839074,0.9530887805458547,0.004063495218693481,0.006252154496946774,0.01906472047694801,0.9999338930386481,0.1410996433284226,0.17663361955195578,0.1930131038515804,0.560002479287479,0.6814344798768528,0.15322415013558163,0.0,0.0,0.36082994473753505,0.08620206702583676,0.6441279046211997,0.5117530465100477,7.73536722744678e-05,0.014068442724580603,0.0,0.0,0.0,0.009678748717359258,0.35270511532005044,0.2338725782965865,0.04465664513581378,0.032475028529380306,6.610696135189607e-05,6.610696135189607e-05,0.08986578311924663,0.0959586596955486,0.36352797933935993,0.13610250969551563,0.11101847799139401,0.0,0.0,0.0,0.0,0.10651485612316793,0.19528559572363985,0.9973067690107921,0.7825206963921946,0.03106628761093563,0.5057337058786856,0.0,0.05731236379466952,0.047839286738195305,0.026717523622487985,0.005283339594555799,6.610696135189607e-05,0.1886049381138907,0.017829416849616322,6.610696135189607e-05,6.610696135189607e-05,0.5629410744876604,0.1824630104276316,0.5953393304567542,0.9959222260949089,0.9986316693874081,0.6325048059794599,0.7538395625531051,0.08569501062452652,0.12658072758571076,0.0,0.0,0.0,0.0,0.0
0.000699804102029659,0.014261901777668373,0.003911656781604414,0.0007848001729158551,6.610696135189607e-05,6.610696135189607e-05,0.04939232480413366,0.002480220659718729,6.610696135189607e-05,0.9999458962063924,0.0,0.14001014808296786,0.003996342602941701,0.0013128179568899399,0.0065644804311981286,0.15983175934970603,0.16385282917590427,0.16647568227927229,0.0025993531260803024,0.20338399678407176,0.968949632387704,0.49427733485197595,1.0,0.041685769255309646,0.957235090599944,0.0044128968413147925,0.006247584972321272,0.019052068482790948,0.9999338930386481,0.14039954060177506,0.1761895642918077,0.19252334371716062,0.5606863096356832,0.6811244140733435,0.1528611228369274,0.0,0.0,0.3605977382421501,0.08611963053611958,0.6436845842976758,0.5112803405580046,7.335470953410487e-05,0.01383488284408585,0.0,0.0,0.0,0.009681498365207899,0.35273095752174977,0.23383819148232177,0.04464445435430252,0.032476947402589024,6.610696135189607e-05,6.610696135189607e-05,0.08988878198983451,0.09600441705027254,0.36353519984243204,0.13619390512290727,0.11120852838506147,0.0,0.0,0.0,0.0,0.10668727384096734,0.1956285777284112,0.9973272921643856,0.7827811203718424,0.031050367612295928,0.505722665148024,0.0,0.05726979545045493,0.04784884921140447,0.026687851390544363,0.00527977889782944,6.610696135189607e-05,0.1884586059700163,0.017854484047728752,6.610696135189607e-05,6.610696135189607e-05,0.5632854313594104,0.18268168080374927,0.5959202006950434,0.9960036573970583,0.99868718204311,0.6328377813266518,0.7540486101141745,0.08577531268545255,0.12661539943431185,0.0,0.0,0.0,0.0,0.0
0.0006998041020296591,0.014263725984264971,0.003913371784037528,0.0007847982584238112,6.610696135189607e-05,6.610696135189607e-05,0.04941688925525037,0.0025178917757974987,6.610696135189607e-05,0.9999458933639135,0.0,0.13960325077570243,0.003916230295978032,0.0012594455127555855,0.006465103477183275,0.15970665251422378,0.16403765933037137,0.16656729884311078,0.002583121014737733,0.20335756174875008,0.9689647045849359,0.49428832462899996,1.0,0.04167863120253681,0.9612812087693078,0.004757490554871294,0.006238535654562981,0.019040761466681468,0.9999338930386481,0.1396949631735287,0.17578390554213705,0.1920770194272845,0.5613830209908581,0.6808272094116562,0.15250627166991956,0.0,0.0,0.3603677340528174,0.08603660887230445,0.6432576377163166,0.5108232789904774,6.954139927515847e-05,0.013604960564912583,0.0,0.0,0.0,0.00968430481757656,0.35275549369003845,0.23380093127400775,0.04463212161708873,0.03247938075760368,6.610696135189607e-05,6.610696135189607e-05,0.08991358098696445,0.09605059902167772,0.3635437270429211,0.13627793732129606,0.11139230042349095,0.0,0.0,0.0,0.0,0.10685042512664013,0.1959592822657648,0.9973473375859871,0.7830374776863374,0.031035295415064144,0.505711675371,0.0,0.057227717781613674,0.047858643734925654,0.02667707787630005,0.005276518010890666,6.610696135189607e-05,0.18831788878163855,0.017820317797509685,6.610696135189607e-05,6.610696135189607e-05,0.5635854906777064,0.18289485326704777,0.596498177130887,0.996083769704022,0.9987405544872444,0.6331671624699994,0.7542567386134718,0.08585427782667199,0.12665013990064708,0.0,0.0,0.0,0.0,0.0
0.000699804102029659,0.014265482646877593,0.003914964568134821,0.0007848048100350722,6.610696135189607e-05,6.610696135189607e-05,0.049441753921160715,0.0025578554514756103,6.610696135189607e-05,0.9999458907197991,0.0,0.13920135458751967,0.0038376137537933985,0.0012081708516125484,0.006367248279095414,0.1595863733525356,0.16421639870207197,0.1666558250509263,0.002567160436832382,0.20333102303315456,0.9689794811471969,0.4942991733087178,1.0,0.04167079136851486,0.9652222154599356,0.005098588642541219,0.006229453649441464,0.019028752971726612,0.9999338930386481,0.13899648632775016,0.17538341388312903,0.1916423795216919,0.5620862565874001,0.6805402881162379,0.1521617127564785,0.0,0.0,0.3601477752013738,0.0859575173581235,0.6428454551470218,0.5103808366035183,6.590676915957117e-05,0.013378497844782034,0.0,0.0,0.0,0.009686995369875735,0.3527817740148582,0.23376391908457878,0.044620394339966576,0.032481474537082604,6.610696135189607e-05,6.610696135189607e-05,0.08993514013585213,0.09609631712269326,0.36355275205898907,0.13635960271721018,0.11156987592811654,0.0,0.0,0.0,0.0,0.10700749762298006,0.1962795917110916,0.997366932794008,0.7832904791220634,0.031020518852803138,0.5057008266912821,0.0,0.057187882549444936,0.04786965795557891,0.026647910399150647,0.005273675425855271,6.610696135189607e-05,0.18817541423884654,0.01784211387716308,6.610696135189607e-05,6.610696135189607e-05,0.5639085885138705,0.18310010916655195,0.5970670567278854,0.9961623862462066,0.9987918291483875,0.6334849765195307,0.7544561092893409,0.08593064852792616,0.12668374663446372,0.0,0.0,0.0,0.0,0.0
0.0006998041020296591,0.014267181746871804,0.003916738776600519,0.000784806280142034,6.610696135189607e-05,6.610696135189607e-05,0.049466421045763126,0.0025997593691209427,6.610696135189607e-05,0.9999458873391426,0.0,0.13880064268340753,0.0037603135245017406,0.0011588889947486752,0.006270728615499478,0.15946738091925786,0.16438702326899085,0.16673990478708564,0.0025514803520246512,0.20330473452853637,0.9689942288879475,0.4943100090056772,1.0,0.04166162142276905,0.9690429288321973,0.005449372313816102,0.0062202091188684,0.01901649858846078,0.9999338930386481,0.1382909538118285,0.17498447700099073,0.19121050490942626,0.5627949760589381,0.6802603762376841,0.15182583252611198,0.0,0.0,0.35993418872555083,0.08587974417438468,0.6424469274812953,0.5099508836417248,6.244361937629164e-05,0.013155459394263708,0.0,0.0,0.0,0.009689636454769657,0.3528055757189889,0.23372917787328695,0.044609091487827573,0.03248330451031334,6.610696135189607e-05,6.610696135189607e-05,0.08995423775071401,0.09614181935915035,0.36356170160778706,0.1364409156944007,0.11174377071224145,0.0,0.0,0.0,0.0,0.10716137604559423,0.19659464881728583,0.9973860760285991,0.7835398060771999,0.0310057711120525,0.5056899909943228,0.0,0.05714749558499212,0.04787964166398931,0.026640400232144198,0.0052709238250029595,6.610696135189607e-05,0.18803841441792057,0.017805070631536284,6.610696135189607e-05,6.610696135189607e-05,0.5641839172886838,0.18329870806791523,0.597629754078239,0.9962396864754982,0.9988411110052513,0.6337950826589498,0.7546528749063575,0.08600467320411953,0.1267145627539037,0.0,0.0,0.0,0.0,0.0
0.000699804102029659,0.014268863456084814,0.0039183785552581365,0.0007848060029072098,6.610696135189607e-05,6.610696135189607e-05,0.04949150316515679,0.0026434322618738154,6.610696135189607e-05,0.9999458843197163,0.0,0.13840552108325763,0.0036844949225581826,0.001111557743775193,0.0061756985317653005,0.1593530637475443,0.16455025123266873,0.1668206092496711,0.0025360708184511845,0.20327875105085552,0.9690091539250868,0.4943214240546511,1.0,0.04165198764962546,0.9727501245653817,0.005809833497124509,0.0062108950499306795,0.01900390231331046,0.9999338930386481,0.13758041184848457,0.17458558987489362,0.19077896027154742,0.56350510229439,0.6799910654983182,0.15150139538754837,0.0,0.0,0.35973100778186057,0.08580577982075163,0.6420636457398158,0.5095363965122739,5.914546911437798e-05,0.012935928503980261,0.0,0.0,0.0,0.009692272232198419,0.35283206040920384,0.2336943459307366,0.04459859717496629,0.03248508963570785,6.610696135189607e-05,6.610696135189607e-05,0.08997172604366627,0.09618719221039937,0.3635695268312289,0.13652095536059292,0.11191110112692426,0.0,0.0,0.0,0.0,0.10731078075440904,0.1968994878344544,0.9974047837124345,0.7837853204451642,0.030990846074913196,0.5056785759453488,0.0,0.05710992974528349,0.04789082557309149,0.026614699526631178,0.005268352000750795,6.610696135189607e-05,0.18790779033589738,0.017822739687316128,6.610696135189607e-05,6.610696135189607e-05,0.564476953464916,0.18348797914108886,0.5981819824022698,0.9963155050774418,0.9988884422562249,0.6340932936863741,0.754841156431704,0.08607532227310641,0.12674350640360063,0.0,0.0,0.0,0.0,0.0
0.0006998041020296591,0.014270525224421968,0.00392020219979898,0.0007848006563488944,6.610696135189607e-05,6.610696135189607e-05,0.04951656862620532,0.0026885235255625617,6.610696135189607e-05,0.9999458805791733,0.0,0.1380124703705073,0.0036099819672618274,0.0010660787582343755,0.006081983782350886,0.15923964636820412,0.1647051830665342,0.16689703129444675,0.002520935307568116,0.20325322201003523,0.9690242682453997,0.49433309305512063,1.0,0.041641246918468995,0.9763053990817457,0.0061806357921147595,0.0062015646208208345,0.018991157967238496,0.9999338930386481,0.1368684621902193,0.17418892422922244,0.1903501294583489,0.5642103073408432,0.6797291718548508,0.15118617390179878,0.0,0.0,0.35953342269665617,0.08573274822001459,0.641693735484244,0.5091349733766388,5.600549678682199e-05,0.012719855904978277,0.0,0.0,0.0,0.009694905140622817,0.3528566428484525,0.23366166410023836,0.0445885185128972,0.03248673480324029,6.610696135189607e-05,6.610696135189607e-05,0.08998781004039114,0.09623295707360574,0.3635764456966947,0.13660101551940793,0.11207430572266673,0.0,0.0,0.0,0.0,0.10745773641777606,0.1971983726952345,0.9974230591956451,0.7840269220849865,0.03097573175460031,0.5056669069448794,0.0,0.057072209988155126,0.04790089750303594,0.026577543838387563,0.00526573063289453,6.610696135189607e-05,0.1877745359456292,0.017876247111814826,6.610696135189607e-05,6.610696135189607e-05,0.5648031773384911,0.18366981262574128,0.5987270500050272,0.9963900180327382,0.9989339212417656,0.634384593520993,0.7550276054117814,0.08614334503144583,0.12676962263367994,0.0,0.0,0.0,0.0,0.0
0.000699804102029659,0.014272222270977334,0.00392226195464678,0.0007847940284291995,6.610696135189607e-05,6.610696135189607e-05,0.04954118955880262,0.0027347723402604855,6.610696135189607e-05,0.9999458759808182,0.0,0.13761842416610823,0.0035366471202349144,0.0010223655231038381,0.0059894127557633264,0.15912515587836062,0.16485002709135518,0.16696837941746223,0.0025060615657465134,0.20322811267275045,0.9690396646862189,0.49434545457389917,1.0,0.041629677960328924,0.9796846087933285,0.0065603528708308104,0.006192297075970736,0.01897840125004256,0.9999338930386481,0.1361555656388443,0.17379779302659742,0.18992676761713184,0.5649102677638662,0.6794754191892848,0.15088000558072073,0.0,0.0,0.35934244289749045,0.08565977843639529,0.641338486505622,0.508746929174861,5.301763017871252e-05,0.012507334737486844,0.0,0.0,0.0,0.009697562939499856,0.35288026247146415,0.23363042733634698,0.04457882721687563,0.032488213620770576,6.610696135189607e-05,6.610696135189607e-05,0.09000276610082086,0.09627905413957275,0.36358239212083754,0.13668085219405235,0.11223431256098686,0.0,0.0,0.0,0.0,0.10760257940907214,0.19749210208750848,0.9974409208040748,0.7842645525897627,0.030960335313781052,0.5056545454261009,0.0,0.05703344434004097,0.04790920668981067,0.026591729435758743,0.005263121194421097,6.610696135189607e-05,0.1876451840918374,0.017782517182525655,6.610696135189607e-05,6.610696135189607e-05,0.5650177986805037,0.18384372861666293,0.5992672576921841,0.9964633528797651,0.9989776344768961,0.6346681443467462,0.7552150656852441,0.08620890699395072,0.12679258932016835,0.0,0.0,0.0,0.0,0.0
