0_primarytoI_spread,0_primarytoII_spread,0_primarytoIII_spread,0_primarytoIV_spread,0_primarytoV_spread,0_ItoII_spread,0_IItoIII_spread,0_IIItoIV_spread,0_IVtoV_spread,0_late_p,0_C01_coef,0_C02_coef,0_C03_coef,0_C04_coef,0_C05_coef,0_C06_coef,0_C09_coef,0_C10_coef,0_C12_coef,0_C13_coef,0_C32.0_coef,0_C32.1_coef,0_C32.2_coef,1_primarytoI_spread,1_primarytoII_spread,1_primarytoIII_spread,1_primarytoIV_spread,1_primarytoV_spread,1_ItoII_spread,1_IItoIII_spread,1_IIItoIV_spread,1_IVtoV_spread,1_late_p,1_C01_coef,1_C02_coef,1_C03_coef,1_C04_coef,1_C05_coef,1_C06_coef,1_C09_coef,1_C10_coef,1_C12_coef,1_C13_coef,1_C32.0_coef,1_C32.1_coef,1_C32.2_coef,2_primarytoI_spread,2_primarytoII_spread,2_primarytoIII_spread,2_primarytoIV_spread,2_primarytoV_spread,2_ItoII_spread,2_IItoIII_spread,2_IIItoIV_spread,2_IVtoV_spread,2_late_p,2_C01_coef,2_C02_coef,2_C03_coef,2_C04_coef,2_C05_coef,2_C06_coef,2_C09_coef,2_C10_coef,2_C12_coef,2_C13_coef,2_C32.0_coef,2_C32.1_coef,2_C32.2_coef,3_primarytoI_spread,3_primarytoII_spread,3_primarytoIII_spread,3_primarytoIV_spread,3_primarytoV_spread,3_ItoII_spread,3_IItoIII_spread,3_IIItoIV_spread,3_IVtoV_spread,3_late_p,3_C01_coef,3_C02_coef,3_C03_coef,3_C04_coef,3_C05_coef,3_C06_coef,3_C09_coef,3_C10_coef,3_C12_coef,3_C13_coef,3_C32.0_coef,3_C32.1_coef,3_C32.2_coef
0.0002064036055399,0.0175713364366845,0.0049916654068137,0.000926536644879,6.610696135189607e-05,6.610696135189607e-05,0.1428132646326737,0.0265412967396582,6.610696135189607e-05,0.9999372458761832,0.0,0.1599955418255731,0.0003430036327744,0.1307812781849878,0.0089100014433276,0.2895730896701437,0.0740372033708727,0.1878290816453437,0.1021098825197702,0.1778943782460072,0.9858742004498646,0.4761270578583069,1.0,0.0323164762883355,0.5352989603016167,0.0057053987840664,0.0022164478369987,0.0166499542890177,0.999933893038648,0.1667399871204791,0.2571394693485856,0.3042845081143296,0.3957265769554678,0.7629120540784773,0.2860893619139116,0.0548960989553,0.1584679092093436,0.4460575882291553,0.1378235316426379,0.7076026556550281,0.470343819454781,0.0195340697649563,0.0690300774016507,0.0,0.1201964905560499,0.0,0.0149284684451839,0.3351391089445794,0.2581744557840268,0.0751965234769756,0.0315137868026421,6.610696135189607e-05,6.610696135189607e-05,6.610696135189607e-05,0.0568179830560037,0.3738778798219803,0.2166285574868939,0.0944180993000866,0.0,0.0435850814842003,0.023399842449862,0.0,0.1775545494675418,0.2717651838517317,0.8783560477152733,0.753075544352342,0.0141256718385896,0.4036764515856431,0.0,0.082479141759443,0.0007331374358574,0.0162741682533196,0.0070041609934487,6.610696135189607e-05,0.2206486240209343,0.1317095102102511,0.0093515747403533,6.610696135189607e-05,0.6867190507487642,0.0204593884346287,0.4594969969604285,0.9447608974119256,0.6671657311214683,0.521632567877655,0.5726033786872183,0.0408055915065573,0.0700619150481435,0.0,0.0,1.2771154569363453e-07,0.0,0.0
0.00020640360553998618,0.01720748579791314,0.006209585957876139,0.0003281843522305693,6.610696135189607e-05,6.610696135189607e-05,0.11927660321711431,0.021473551196985477,6.610696135189607e-05,0.9999408029332146,0.0,0.1767065448840569,0.0003333245862605457,0.13515907399474622,0.006661740203392098,0.2903838940923723,0.06593253065024718,0.2070020377953485,0.10603917335615407,0.17001076068099683,0.9889257362089487,0.476765359505538,1.0,0.033979233702385335,0.5644000288757618,0.005221538090506139,0.0016531089486541072,0.015121461367356655,0.9999338930386481,0.1662198129524327,0.27870785496365297,0.4637726897997634,0.36182098645111277,0.7819245578343668,0.25224293817513765,0.034891021142776556,0.15022805970526523,0.48531785719602616,0.16517923906827395,0.7321233713096288,0.4766060058729526,0.020334664573311345,0.05788007154061072,0.0,0.13016197956018033,0.0,0.017006233734694523,0.3421120525241676,0.23998586472206015,0.07569670371655363,0.030036477979618954,6.610696135189607e-05,0.030253345967250572,6.610696135189607e-05,0.07925604167553102,0.36637629472341965,0.19471920781681884,0.08483733630157962,0.0,0.0312631951338418,0.023592441250861896,0.0,0.1700448207771287,0.24312906463044162,0.8736261620705346,0.7721091677783924,0.011074146482661274,0.3930726609342816,0.0,0.06523946634221854,0.0005506390531472526,0.012428320954529016,0.006192266552708957,6.610696135189607e-05,0.2386821891737175,0.03452958362745876,6.610696135189618e-05,6.610696135189607e-05,0.9877375062597173,0.023356234348814398,0.4862131806392258,0.9647756542709629,0.6833496711661468,0.4844279613497199,0.5444368668393538,0.03189927726299531,0.07326289170125712,0.0,0.0,1.1730838997623123e-07,0.0,0.0
0.00020640360553998618,0.017065272126730518,0.006995150625458971,0.00010696331036034352,6.610696135189607e-05,6.610696135189607e-05,0.11596194181986927,0.020154331705349568,6.610696135189607e-05,0.9999412014378203,0.0,0.18324279881308447,0.00034529510742194186,0.1355042136514309,0.0050206451379519925,0.2963246159889125,0.06199474072047309,0.2196262972974499,0.10603326351793174,0.16301047192509024,0.9905670743873817,0.4767347957519889,1.0,0.03404853401515436,0.5799024123472097,0.004759153774932414,0.0012195746234699742,0.015084424737454942,0.9999338930386481,0.17600867802650857,0.2904054454138161,0.5235359958191865,0.34260139127349515,0.7904284036942497,0.2361646700170525,0.027215201787225952,0.14701834600302244,0.49340507634304115,0.17642827291563126,0.7426449314923973,0.4750552353742213,0.020478562822324693,0.04684864050898482,0.0,0.13681935879921606,0.0,0.017678341840117913,0.3427572384767035,0.23047225378415717,0.07724198302891513,0.030812069780310147,6.610696135189607e-05,0.06172994772477015,6.610696135189607e-05,0.07309864363309762,0.367179595119339,0.1843649602916365,0.08212957802525772,0.0,0.024254351611602488,0.024200804702299385,0.0,0.16826785737970204,0.2260334311636215,0.8734881736597436,0.7901408875659249,0.009432826862323662,0.386445845448795,0.0,0.06663710216731226,0.0006312268148943437,0.011896565698532176,0.006186448117000325,6.610696135189607e-05,0.2416783064248017,0.02440748469228589,6.610696135189607e-05,6.610696135189607e-05,0.999935766361505,0.025206636014113822,0.4984629531446053,0.9724395031053521,0.6932230887339442,0.47737347381670747,0.5272471110954562,0.027092470407427568,0.07928503616470732,0.0,0.0,9.875029464813543e-08,0.0,0.0
0.00021336691392267668,0.017070536797226282,0.007483159239491809,6.610696135189607e-05,6.610696135189607e-05,6.610696135189607e-05,0.11556042077635718,0.019388584181144537,6.610696135189607e-05,0.9999409540218203,0.0,0.18816931570466877,0.0003667430234149898,0.13632991852639556,0.0038313466642939204,0.30432555242724135,0.05998212927340136,0.2267531896608122,0.10557604323069755,0.15866209779434773,0.9916084727227347,0.47770567857176716,1.0,0.03380719001410197,0.5856540810255295,0.004194293788790666,0.0009372717561749396,0.014920243202875435,0.9999338930386481,0.18111675507290442,0.2927128044433687,0.5623170448278635,0.33448344769781274,0.796430584575146,0.22967258159327947,0.02451285080278218,0.14750201811973165,0.49409033556248894,0.18014436558041746,0.7489481773018667,0.4762301129826534,0.02071967989881741,0.03817465413484029,0.0,0.1432914225961724,0.0,0.01798764940432773,0.3416940891265364,0.2253722351171235,0.07836494024220708,0.03131353474575321,6.610696135189607e-05,0.07599130900579411,6.610696135189607e-05,0.06903643152892527,0.36953528494696547,0.1770400122404978,0.08125237271041796,0.0,0.019343907750171894,0.025192871818676056,0.0,0.16721326184127472,0.21234455637355137,0.873704276870485,0.803163248070812,0.00839144521866692,0.37900289883206045,0.0,0.06744547734423842,0.0007700714911379394,0.011763062900220913,0.006188627355194419,6.610696135189607e-05,0.24296996453571204,0.02135507598695344,6.610696135189607e-05,6.610696135189607e-05,0.9999365184909002,0.026529403184356204,0.5009057299916337,0.9751204061738028,0.6968241556037009,0.4768854459545411,0.5155300819923413,0.02385643158345726,0.08467214098298309,0.0,0.0,8.205859841434261e-08,0.0,0.0
0.00021336691392267668,0.01710951149232354,0.0077695504333978056,6.610696135189607e-05,6.610696135189607e-05,6.610696135189607e-05,0.11615216154820061,0.01899582480205823,6.610696135189607e-05,0.9999407876450436,0.0,0.19260090075022204,0.0003919878144380128,0.13735483687971725,0.002937064973269332,0.312224500907749,0.05890075982855608,0.2303661907473025,0.10531375211622335,0.15625179324936075,0.9923235703084782,0.47909109248727244,1.0,0.033514485190661976,0.5864819230517672,0.00376661608055782,0.0007331374358574054,0.014771539302877707,0.9999338930386481,0.18367820603233742,0.2915191410260343,0.585817548402081,0.33136315311355163,0.8007344791495217,0.2268057864207541,0.02302219184484757,0.14904046446293948,0.4926337338041397,0.1807376953441639,0.752825243854705,0.4794640478636196,0.021054607996562877,0.03138585053567261,0.0,0.14950057490025792,0.0,0.018143641593527025,0.34000921657112454,0.22016518158642848,0.07904210798607192,0.03178377243519966,6.610696135189607e-05,0.08823323119920821,6.610696135189607e-05,0.06591928551586429,0.372333681142723,0.1716792463537522,0.08112920459684296,0.0,0.015553312643065552,0.026629551567507598,0.0,0.1667919170442222,0.20108288652142284,0.8736316398872138,0.8123623562149667,0.007676362261761637,0.3714083326124697,0.0,0.0679735212623154,0.0009576984389513523,0.011876758356538697,0.006166048726620657,6.610696135189607e-05,0.2436556176187179,0.0196456659655043,6.610696135189607e-05,6.610696135189607e-05,0.9999366124290819,0.02758627449672607,0.4994641082321809,0.9765858203407144,0.6980513860142777,0.47779964965508337,0.5070378037480872,0.021482079272516736,0.08908687486765489,0.0,0.0,6.742976022410351e-08,0.0,0.0
0.00021336691392267668,0.017149764867735957,0.007978850119090958,6.610696135189607e-05,6.610696135189607e-05,6.610696135189607e-05,0.11700122811066731,0.018819362317638595,6.610696135189607e-05,0.9999406114458703,0.0,0.19684739491529543,0.0004199535472236053,0.13846730840596352,0.00225516535088286,0.3194277192367359,0.058235900968520035,0.23191840406930514,0.1050763261019459,0.15481165427608698,0.9928326912878563,0.4803119396520701,1.0,0.03332857309947835,0.5874119016750343,0.003403980809441176,0.0005940002702722887,0.014640943277117489,0.9999338930386481,0.18612452774854946,0.2906665517568353,0.6038114111031084,0.3291181683253512,0.803826161778693,0.22529006263474952,0.02171580114394134,0.15063316740396726,0.49068026603164583,0.18005776165598758,0.7552277544669003,0.4837855383960759,0.021461230432425416,0.02601705661158621,0.0,0.15532399837033883,0.0,0.01822036343115821,0.3379738608335426,0.21538372640713743,0.079484859182749,0.0321469136195156,6.610696135189607e-05,0.09851744061069863,6.610696135189607e-05,0.06356266422638222,0.3750425415618591,0.16773147368384894,0.08133195831923146,0.0,0.012514944605523654,0.028482240484878088,0.0,0.16693907187714582,0.19168927300167274,0.8734624434656286,0.8191712891123268,0.007167253444288848,0.36436406197759114,0.0,0.06834559326950987,0.0011862412896422282,0.012030231065859938,0.00612736291325529,6.610696135189607e-05,0.24381441197793458,0.018479151089751712,6.610696135189607e-05,6.610696135189607e-05,0.9999366545609475,0.02844236453745807,0.4965305841307236,0.9778642453088351,0.6983845795845455,0.47858232813259316,0.5005145191072765,0.01959727268743389,0.09260678453294621,0.0,0.0,5.526785486151122e-08,0.0,0.0
0.00021336691392267668,0.01717844135391152,0.008130618755783353,6.610696135189607e-05,6.610696135189607e-05,6.610696135189607e-05,0.11790968560909101,0.018746823958678997,6.610696135189607e-05,0.9999405028949697,0.0,0.20104126264896435,0.0004501932859827317,0.13962508397197188,0.0017338616693134607,0.32578492440552714,0.05787067735203578,0.23244492650884985,0.10475788490716068,0.15382922340174018,0.9932052577420479,0.48126628287163986,1.0,0.03320950927311066,0.5882174650704874,0.0030561201025451168,0.0004976935164251492,0.014525131019892983,0.9999338930386481,0.18825507222551968,0.28989747356570955,0.6172960487497442,0.3275038335922009,0.8060971221676169,0.2242006738208862,0.020315814596289044,0.1518323171193631,0.4884273029107509,0.1787984007201681,0.7566757701865583,0.4884605495282247,0.021936324800058447,0.021729586716967033,0.0,0.16068640355931918,0.0,0.01824777839487755,0.3358050887821922,0.2110610299678297,0.07975380116677691,0.03241722976964218,6.610696135189607e-05,0.10712045855542755,6.610696135189607e-05,0.061621893094613994,0.37765862170999553,0.1647473420811193,0.08163768368351461,0.0,0.010050180428131128,0.030692689765816676,0.0,0.1673939131776628,0.18363781962784267,0.8733057902927809,0.8244411898812928,0.0067946970400015174,0.358047313569041,0.0,0.06864371747690738,0.0014726339098759872,0.012157099598272767,0.006076813976735903,6.610696135189607e-05,0.2435354128150047,0.017532678700284486,6.610696135189607e-05,6.610696135189607e-05,0.9999366687824693,0.029155535751263874,0.49312037984663487,0.9792339921177282,0.6984924184805339,0.47914614565411895,0.4954166748743048,0.01805963928374313,0.09545670433508285,0.0,0.0,4.5217950437747864e-08,0.0,0.0
0.00021336691392267668,0.017193451012670332,0.008249894175498998,6.610696135189607e-05,6.610696135189607e-05,6.610696135189607e-05,0.11874346585440586,0.018717956615636976,6.610696135189607e-05,0.9999404233896328,0.0,0.20519444334882986,0.0004823740590273293,0.1407973269087916,0.0013346406631825863,0.3312932405565535,0.057709643303475486,0.23248800481479667,0.10432892091491401,0.15304521327730716,0.9934814935048948,0.4819332154553322,1.0,0.03312617802188036,0.5889143804790864,0.0027072710405510974,0.00040467306321548166,0.014425351525524304,0.9999338930386481,0.19010526273363373,0.2892871792452196,0.6279356731121413,0.32632834439315916,0.8077907171777522,0.22323506520712819,0.018696122315261784,0.15253990965645628,0.48597359870802603,0.17725680610511363,0.7574926908876499,0.493062671432145,0.022473297716069072,0.018269275539429305,0.0,0.1655504301948277,0.0,0.01824617597114203,0.3336149300940694,0.2072313086759649,0.07990838280906014,0.032619299047769376,6.610696135189607e-05,0.11429593139420183,6.610696135189607e-05,0.05997578689265726,0.38014126334976556,0.16246219373563842,0.0820227204345317,0.0,0.008054104534173424,0.033248271504746386,0.0,0.16802874047368493,0.1766602586709159,0.8731977813690169,0.8286855111832635,0.006518469549409993,0.35251635434984013,0.0,0.0688539113435343,0.001815742834208542,0.012255954317550648,0.006017663582778941,6.610696135189607e-05,0.24295112280232645,0.016707496478391152,6.610696135189607e-05,6.610696135189607e-05,0.999936691341188,0.02974708908660937,0.48954777100951025,0.9808215036257109,0.6986086589005787,0.47944348912404494,0.4914499533383329,0.016768925335189675,0.0977890650821425,0.0,0.0,3.694569523667255e-08,0.0,0.0
0.00021336691392267668,0.01719643549981879,0.008371910062170739,6.610696135189607e-05,6.610696135189607e-05,6.610696135189607e-05,0.11943486727227995,0.018702341628712094,6.610696135189607e-05,0.9999402764986086,0.0,0.20927986060397374,0.0005161449209869111,0.14194473187414988,0.001028426810214693,0.3359724280244101,0.05768614563261407,0.23232854707109935,0.10380071566523322,0.15234202866604984,0.9936873856843892,0.4823594963403111,1.0,0.03306639242241802,0.5895298959591762,0.0023793027362540593,0.0003226042531624252,0.0143401236487213,0.9999338930386481,0.19170755744904183,0.2887286669160795,0.6370280751578359,0.3254413079266628,0.8090263355937457,0.22227285256486226,0.016848396871312257,0.15277917358026138,0.48331462644624745,0.17556566126277015,0.7578628391395951,0.4973828078332281,0.023067963723192614,0.015449769075528454,0.0,0.16991123298387556,0.0,0.018230395531323267,0.33149935089165405,0.20384927716645815,0.08000204148397604,0.0327705536504512,6.610696135189607e-05,0.12029416766321305,6.610696135189607e-05,0.058568170391194274,0.38246419396429726,0.16073922506895935,0.08249095365282481,0.0,0.006443588920736416,0.03614515108660641,0.0,0.1687887891847892,0.17056661762464936,0.8731313206115742,0.8322082022584217,0.006312584158318864,0.3477292706758134,0.0,0.0689961304913686,0.0022229388080505165,0.012330770428283282,0.005952666443989824,6.610696135189607e-05,0.24210451842250177,0.015897220140399522,6.610696135189607e-05,6.610696135189607e-05,0.9999367203011231,0.03023443933729476,0.48595633317833925,0.9826354582077008,0.6988325056248523,0.4795117956569315,0.4884619107128197,0.01566222604300168,0.09972202747102317,0.0,0.0,3.01572920064366e-08,0.0,0.0
0.00024670024775042324,0.017189489839051466,0.008456137065947972,6.610696135189607e-05,6.610696135189607e-05,6.610696135189607e-05,0.12010625027387044,0.018694590783987594,6.610696135189607e-05,0.9999400977965128,0.0,0.2132874812724339,0.0005509787233795189,0.14304209238856241,0.0007932728720200444,0.3398898145900803,0.057756016032866404,0.23213037300577594,0.10320632647763192,0.15168684679614272,0.9938421064618078,0.48264849296316337,1.0,0.033024013601406846,0.5900797751030683,0.002089441396265727,0.0002800335820725831,0.014266821826736978,0.9999338930386481,0.1930904605036273,0.2880356478988288,0.6446641829420435,0.3247327408697082,0.8099181141530525,0.2212552738971922,0.014788876379769085,0.15258355913406843,0.4804291327844735,0.17375985303122995,0.7579305852099555,0.5013289910260225,0.02371699922307959,0.013132816857621516,0.0,0.17378815431928943,0.0,0.018210612511144947,0.3295399668594367,0.20085256692677858,0.08005785130462446,0.03288328851136721,6.610696135189607e-05,0.12535472799257416,6.610696135189607e-05,0.05732059016249236,0.38460418587638595,0.15945216592040978,0.08304286901418036,0.0,0.005148147177413706,0.03938585931291216,0.0,0.16961748770867688,0.1651907798293714,0.8730766742992885,0.8351803363462358,0.0061578689387719,0.34356335271754723,0.0,0.06908031203708294,0.0027074706559465137,0.012379839121629517,0.005881650155769066,6.610696135189607e-05,0.2410044163145196,0.015120294566256345,6.610696135189607e-05,6.610696135189607e-05,0.9999367472072059,0.030629719926537756,0.4824143758161935,0.9846601448968514,0.6992262012999555,0.47939173503059435,0.48635033237868985,0.014695911048501318,0.10134985613883032,0.0,0.0,2.4599420234115902e-08,0.0,0.0
0.0002467002482448365,0.017175437040669327,0.008526199013251912,6.610696135189607e-05,6.610696135189607e-05,6.610696135189607e-05,0.12071747428044842,0.01867942072515692,6.610696135189607e-05,0.9999400893891377,0.0,0.21718572267462752,0.0005862836538420935,0.1440819335748755,0.0006126607837580878,0.3431590343898857,0.05789046391420358,0.23195142588157472,0.1025564519074997,0.15103435656896871,0.9939617331746502,0.48281195457670456,1.0,0.03299232578035361,0.590599812172673,0.0018418125061845153,0.00024670024873924977,0.014207276623920155,0.9999338930386481,0.19427846700825815,0.2873243333164863,0.6509669719049263,0.32414920216891246,0.8106052335511107,0.22013969972023684,0.012552115008802022,0.1519718158138823,0.4772755980599946,0.17182448393005292,0.7578291623519272,0.5048664596117933,0.024415788712240184,0.011213910018515195,0.0,0.17721924392302377,0.0,0.018182369451389808,0.3277122690894989,0.19823866062295403,0.08007618805532303,0.032965647355952,6.610696135189607e-05,0.12968620223536348,6.610696135189607e-05,0.05622891987002563,0.3865469935014137,0.15845058961943892,0.08369676601518575,0.0,0.0041093927824696124,0.04297355804244791,0.0,0.17044518166750916,0.16045011792620348,0.8730277593802601,0.8377517334125161,0.006038247400597149,0.33996880150027164,0.0,0.06909981360479005,0.0032519372829147223,0.012412984655785542,0.005803558376109851,6.610696135189607e-05,0.23980936924084473,0.014349516642578731,6.610696135189607e-05,6.610696135189607e-05,0.9999367884766703,0.030944176829450377,0.4789778115899499,0.9868616013373559,0.6998368578287726,0.47913818311379935,0.4850164816800614,0.013835192066360044,0.10273199658042854,0.0,0.0,1.942475271594674e-08,0.0,0.0
0.0002467002482448364,0.01715847146382051,0.008584155321946334,6.610696135189607e-05,6.610696135189607e-05,6.610696135189607e-05,0.12126764076170594,0.018665199811533216,6.610696135189607e-05,0.9999400541988277,0.0,0.22095365327526947,0.0006215568607736044,0.14502062406489413,0.00047361128633616444,0.34577728491339305,0.058067788745244674,0.23181242175318678,0.10188626149819391,0.15039823950010564,0.9940504576356605,0.4828609115282001,1.0,0.032975335299145286,0.5911076906403346,0.0016214747969343604,0.00020640360613768195,0.014159899966062702,0.9999338930386481,0.19532556486248084,0.28667760419319527,0.6566833342305419,0.32366135865098167,0.811139946545487,0.21891617701876703,0.010255277332997392,0.1510050599207536,0.47384933779574046,0.16974972740155467,0.7576276147967356,0.5079844064313985,0.025161499973714294,0.009613770558740792,0.0,0.18023861117729828,0.0,0.01816466097876437,0.32601340130294615,0.1959448032757773,0.0800816038202256,0.033024053382941766,6.610696135189607e-05,0.13342238877418414,6.610696135189607e-05,0.055238864826369985,0.3883212555711462,0.1576686399403779,0.08445571573447563,0.0,0.0032788667953819444,0.04690198470482505,0.0,0.1712416019040521,0.15625421873043283,0.8729522385280918,0.8399879899411535,0.005949527032863,0.3369004772945016,0.0,0.06908510483656952,0.0038419299785645445,0.012431227923706115,0.005719569254651273,6.610696135189607e-05,0.23842524280098495,0.013597659002647538,6.610696135189607e-05,6.610696135189607e-05,0.9999368390872735,0.03119141351413506,0.47567445397148783,0.989123165806229,0.7006954492189704,0.4787750662130983,0.48447298768505237,0.013062994553967672,0.10394895308498199,0.0,0.0,1.5331476512112632e-08,0.0,0.0
0.00024670024824483645,0.017139839049928975,0.008633660805027001,6.610696135189607e-05,6.610696135189607e-05,6.610696135189607e-05,0.12175594733604614,0.018648141148999518,6.610696135189607e-05,0.9999400205485863,0.0,0.22457749828493404,0.0006563724161179186,0.14584681015257703,0.0003664595095274836,0.34782121330850224,0.05827539650074278,0.23172148002826365,0.10121554009875648,0.14978223529820053,0.9941164037547658,0.48283864336963506,1.0,0.03296478981496286,0.591595471566228,0.0014072664121595085,0.00017307027171223956,0.014122237332137532,0.9999338930386481,0.1962864065959577,0.2860335185557077,0.662260307822195,0.323238741784357,0.8115346263759501,0.21759161396980475,0.008034928599319828,0.14976350072560812,0.4701644017283994,0.16756263500656668,0.7573516432505629,0.5107149786146359,0.025952481716219698,0.008271532687763308,0.0,0.18288368996478116,0.0,0.018152449923016255,0.32444624845638126,0.19390615736444347,0.08008983646423581,0.0330653259038124,6.610696135189607e-05,0.13666835770671654,6.610696135189607e-05,0.054374614704421634,0.3899350242361942,0.15708475704404656,0.08532924031183876,0.0,0.0026164440449572045,0.05116667062296198,0.0,0.17200920549347953,0.15252905013411308,0.8728319781850238,0.8419462320140362,0.0058835841479105136,0.33427766666558384,0.0,0.0690369758298072,0.004502625908221272,0.0124366403958744,0.005631213557371941,6.610696135189607e-05,0.23687020933919734,0.012873948717479768,6.610696135189607e-05,6.610696135189607e-05,0.9999368702693721,0.03138061658000334,0.47250164743342254,0.9913086989845623,0.7017732450768577,0.4783024681391111,0.48461615168493116,0.012363754755214772,0.10503449122298733,0.0,0.0,1.2097323513079449e-08,0.0,0.0
0.00024670024824483645,0.01712012013753404,0.008677042211868383,6.610696135189607e-05,6.610696135189607e-05,6.610696135189607e-05,0.12219324329957901,0.018627538263200082,6.610696135189607e-05,0.9999399883065995,0.0,0.22805841709738087,0.0006900964416842591,0.1465550905215578,0.0002838333729364645,0.3493710679432958,0.058502867650607596,0.2316819847656285,0.10055762616119229,0.14919023109863347,0.9941655430395139,0.4827751043084101,1.0,0.03295928467066971,0.5920582196786812,0.0012195746262538938,0.00013973693837890616,0.0140594236761638,0.9999338930386481,0.19713693968805474,0.2853670589878321,0.6678940738137801,0.32288236384708396,0.8118250251398684,0.21614047923592505,0.005986131802953702,0.14824159474081663,0.4661776262672987,0.1652168796584722,0.7570367582042625,0.5130833690332222,0.026786650765358182,0.007139625760980128,0.0,0.18519508858525988,0.0,0.018146041157382765,0.3230022846054551,0.19209676208010704,0.08009982882548268,0.033090019548869594,6.610696135189607e-05,0.13952198196541754,6.610696135189607e-05,0.05358398367361756,0.3914034370563472,0.1566533545854277,0.08631938046435515,0.0,0.002088383824613763,0.05575703597606791,0.0,0.1727351731513329,0.14921122719068058,0.8726557230734495,0.8436701431403864,0.005834456960486182,0.33202980710633,0.0,0.0689564264726875,0.005199395396321556,0.012431038344968283,0.005538155102128305,6.610696135189607e-05,0.2352084494960545,0.012183957955941894,6.610696135189607e-05,6.610696135189607e-05,0.9999369177199913,0.031521620274703906,0.469481723202339,0.993323771755362,0.7031149309130119,0.477781504383697,0.48541205239823193,0.011725200993796942,0.10602341901046869,0.0,0.0,0.0,0.0,0.0
0.00024670024824483645,0.017100194670737305,0.008715203804077115,6.610696135189607e-05,6.610696135189607e-05,6.610696135189607e-05,0.12258426251408996,0.018603982869106344,6.610696135189607e-05,0.9999399575021517,0.0,0.23138287173080518,0.0007223754624609573,0.14713470070614168,0.00022004156492890853,0.3504774151628544,0.05874155387449695,0.2316796880437439,0.099921880462779,0.14862575822902144,0.9942021240922284,0.4826842831943726,1.0,0.03295531541946815,0.592484242704088,0.0010544181741942037,0.00010696331036034353,0.014026965041141667,0.9999338930386481,0.1978898707680699,0.28468635773946904,0.6732910407129864,0.32255595363085754,0.8120323010544982,0.2145815708490523,0.004225581789924418,0.1465248601310787,0.4619367784073749,0.16274912482241663,0.7566788471961172,0.5151355559671505,0.027662629907277362,0.006180248180288187,0.0,0.18722083229946257,0.0,0.01814611498936206,0.3216751000956263,0.1904418038196829,0.08011418978411279,0.03311496587592079,6.610696135189607e-05,0.142155517502372,6.610696135189607e-05,0.05283275979678957,0.3927473692977992,0.1563459941985387,0.08743768781941932,0.0,0.001668335238027846,0.06065538961844954,0.0,0.17344164993578776,0.14624994773140235,0.8724154896299436,0.8451939935906904,0.005797875907771563,0.33009488450616487,0.0,0.06885450086007448,0.005899444381986391,0.012415867816089842,0.00544212123880534,6.610696135189607e-05,0.23358096575969742,0.01150577455098431,6.610696135189607e-05,6.610696135189607e-05,0.99993696909137,0.03162170474696308,0.46659786960072325,0.9950520427476146,0.7046721039247518,0.4771877904092467,0.486773460014729,0.011137948993598054,0.10693480825770325,0.0,0.0,0.0,0.0,0.0
0.00024670024824483645,0.01708164946772944,0.008749446874990794,6.610696135189607e-05,6.610696135189607e-05,6.610696135189607e-05,0.1229303799849855,0.018578073852821172,6.610696135189607e-05,0.9999399281952355,0.0,0.23454196135231323,0.0007531106391212034,0.14758252144074657,0.00017073789741970324,0.3511908322579059,0.05898430575140979,0.231703083755242,0.09931401976420565,0.1480912716818205,0.9942293313993188,0.4825834485649065,1.0,0.0329514072873209,0.5929020593844715,0.000912839820186234,0.00010696331036034353,0.014004438939370164,0.9999338930386481,0.19855243702388067,0.2838364361627989,0.6782569076220467,0.32223981259663836,0.812169438382079,0.21294887610968066,0.002825008832336734,0.14470880178808115,0.45749975776235785,0.1602100120964499,0.7563080056893394,0.5169101107820986,0.0285791184097077,0.0053639533126243226,0.0,0.1889954005377375,0.0,0.018152509014894406,0.32045393804628786,0.18895611011289645,0.08013936938703702,0.03312751578042156,6.610696135189607e-05,0.14451062393302572,6.610696135189607e-05,0.05214756191999799,0.3939760721744388,0.1561443102129554,0.08868484879917644,0.0,0.00133454307415578,0.06584038812769344,0.0,0.17411305794123635,0.14359649169595295,0.8721068618260867,0.8465447750055551,0.005770668600681166,0.3284211508973561,0.0,0.06874403537635736,0.006613518418701496,0.012395129666655662,0.005344444553947483,6.610696135189607e-05,0.231904760698598,0.010887268823081336,6.610696135189607e-05,6.610696135189607e-05,0.9999370018656517,0.03168625140496556,0.46382431373882954,0.9964218805285421,0.7063741336970165,0.47648911621252904,0.4885991556456442,0.01059463061801447,0.10779031376670639,0.0,0.0,0.0,0.0,0.0
0.00024670024824483645,0.0170645586996359,0.008779980012955586,6.610696135189607e-05,6.610696135189607e-05,6.610696135189607e-05,0.12323745134387856,0.018550444442664862,6.610696135189607e-05,0.9999399007033928,0.0,0.23754510515019897,0.0007823622199556941,0.14790622185195523,0.00013261011290040928,0.3515779514012704,0.059229047752937324,0.2317486222414063,0.09873971702720757,0.14759071153271303,0.9942497347879553,0.48248529282376074,1.0,0.0329464584438668,0.5933184564624467,0.000778105801922903,0.00010696331036034353,0.013988248833078528,0.9999338930386481,0.19914637284435488,0.28297304453217936,0.6827566252818948,0.3219398139483935,0.8123063652360119,0.21124020122065576,0.0017864383744526928,0.14281343565715518,0.45287240664629613,0.1576032380638469,0.7559799283434964,0.5184336693336641,0.02953439632584903,0.004666847683950906,0.0,0.1905535970126221,0.0,0.018165461554632445,0.3193209132873859,0.18764123475797198,0.08015772955799906,0.03312810646349307,6.610696135189607e-05,0.14669458656977089,6.610696135189607e-05,0.051494913610085236,0.39510022275889733,0.15597116831719193,0.09005623043586723,0.0,0.0010691287755334735,0.07127706502483551,0.0,0.17470221895081026,0.14121418097539282,0.8717258866469434,0.847742440783336,0.005750265212044676,0.32696111016361723,0.0,0.06862804114831729,0.007293409102091048,0.012367693053271792,0.005245564686704137,6.610696135189607e-05,0.2303454493167513,0.01032516588095571,6.610696135189607e-05,6.610696135189607e-05,0.9999370435988674,0.03172246644679629,0.4611584631932781,0.9974311994055917,0.7082112137153561,0.4757179182159679,0.4908188105348827,0.010088804952756079,0.1086035274495368,0.0,0.0,0.0,0.0,0.0
0.00024670024824483645,0.0170495088227043,0.008806876053770517,6.610696135189607e-05,6.610696135189607e-05,6.610696135189607e-05,0.12350257368088792,0.018522527744483947,6.610696135189607e-05,0.9999398752492813,0.0,0.24038530249600026,0.0008103863173630302,0.1481081748611601,0.00010309151183278974,0.3516780698034254,0.059473772840754204,0.23179995054324562,0.09820068128734756,0.1471236398467987,0.9942649243232341,0.4823888714489973,1.0,0.03293831357685644,0.5937339554877212,0.0006575236408340448,0.00010696331036034353,0.01397735543651896,0.9999338930386481,0.19966670615912546,0.28211008753584077,0.6872053887725648,0.3216526032758402,0.8124315198870472,0.20949521071094457,0.0010727938424278463,0.1409393644011407,0.4481384164791861,0.15500731617354538,0.7556871148854208,0.5197418314619248,0.030527866926492498,0.004069621948081281,0.0,0.19192765819152505,0.0,0.018184190116281997,0.3182683461095556,0.18644759459505805,0.08018584070967964,0.03312406493289643,6.610696135189607e-05,0.14871097095527205,6.610696135189607e-05,0.05088928671137419,0.3961400800541318,0.15583291751753098,0.09155232314066791,0.0,0.0008582101927099298,0.07691937479638147,0.0,0.1752223741102372,0.13907839592913998,0.87127145178616,0.8488067382051201,0.0057350756767659055,0.32568347035947764,0.0,0.06851482688743678,0.007948145521993959,0.012334119770092584,0.005148829097853631,6.610696135189607e-05,0.2288651774776732,0.009818550792415502,6.610696135189607e-05,6.610696135189607e-05,0.9999370708116867,0.03173556259542185,0.4585671636523872,0.9981168198402092,0.7100942505449893,0.47483911721259964,0.4933146140230293,0.009616738163587785,0.10937982206568964,0.0,0.0,0.0,0.0,0.0
0.00024670024824483645,0.017036179921341064,0.008830920919367713,6.610696135189607e-05,6.610696135189607e-05,6.610696135189607e-05,0.12373514150845942,0.0184939457220899,6.610696135189607e-05,0.9999398515349026,0.0,0.24307259426739564,0.0008375184777084924,0.14820018706587434,8.022201518192607e-05,0.351544884694343,0.059717623187686274,0.23185263748288837,0.09769876978828652,0.1466914314926801,0.9942763334917094,0.4822999861239225,1.0,0.032926855303217886,0.594138623140731,0.0005656188827986817,0.00010696331036034353,0.013969783911165871,0.9999338930386481,0.20010026459113717,0.2812106510973572,0.6916401531434296,0.3213760485378839,0.8125402876235241,0.2077216985726931,0.000613903501758856,0.13911111233640236,0.44332939911408564,0.15244593716557625,0.7554224640406155,0.5208626886618762,0.031558552388198644,0.003556418534388166,0.0,0.19314378064584445,0.0,0.018208337286266967,0.3172864581069274,0.18536023838687316,0.08022287443300896,0.03311539157400336,6.610696135189607e-05,0.1506254353382986,6.610696135189607e-05,0.05032306517055075,0.3970998678047976,0.15572926365553597,0.09316468224317513,0.0,0.0006903410012345724,0.08271206835614993,0.0,0.1756846288054458,0.1371608077779937,0.8707426778235149,0.8497521499729317,0.005723666508290642,0.3245562332302332,0.0,0.06840131051895444,0.008569180344478174,0.012295049780051697,0.005024998740641494,6.610696135189607e-05,0.22748316628149784,0.00937679376318553,6.610696135189607e-05,6.610696135189607e-05,0.9999371337521273,0.03173044872093985,0.4560410249167362,0.9985485780205327,0.7119983595964887,0.4738783105145825,0.49600917814008083,0.009175283966252392,0.11012386607724156,0.0,0.0,0.0,0.0,0.0
0.00024670024824483645,0.01702466160567442,0.008852400067275673,6.610696135189607e-05,6.610696135189607e-05,6.610696135189607e-05,0.12393861771317058,0.01846514980629234,6.610696135189607e-05,0.9999398297329263,0.0,0.24560114517213316,0.0008638719254520297,0.1481784196956857,6.248263272182275e-05,0.35118825445004676,0.059958731388082706,0.23189291609582358,0.09723342258986412,0.14629301393398206,0.9942849615136526,0.4822194867123669,1.0,0.03291169055960054,0.5945339107151517,0.0005007369267051027,0.00010696331036034353,0.013964557152857235,0.9999338930386481,0.2004529785526557,0.2802853215228423,0.6960348495111011,0.3211111588521798,0.8126286611432492,0.20592930854987856,0.0003361644476506443,0.13734864093789198,0.4385047275593175,0.14993764112864308,0.7551812895880557,0.5218196420937472,0.032626127071296716,0.0031142580400242547,0.0,0.1942276353324885,0.0,0.018238591240564542,0.3163628138110357,0.1843484685969741,0.08027462311290523,0.0331030398327717,6.610696135189607e-05,0.15245942746410754,6.610696135189607e-05,0.04981563715826881,0.3979940838237703,0.15566128432908333,0.0949233045888439,0.0,0.0005564733776479726,0.0886644679121822,0.0,0.17609956487852765,0.13543384094779085,0.8701404503388391,0.8505927280259937,0.0057150384863473526,0.3235528779551446,0.0,0.06828962387490568,0.009173086361912955,0.012249621613237924,0.004904844223641332,6.610696135189607e-05,0.2261524397422535,0.008970784987273769,6.610696135189607e-05,6.610696135189607e-05,0.9999371776238813,0.03171005452766746,0.45354624168914437,0.9987999636268974,0.7139164659887743,0.4727683218957785,0.4988741044213102,0.00876041414533392,0.11085360086263839,0.0,0.0,0.0,0.0,0.0
0.00024670024824483645,0.01701445021829742,0.008871901348615253,6.610696135189607e-05,6.610696135189607e-05,6.610696135189607e-05,0.12412099086685614,0.01843599971086793,6.610696135189607e-05,0.9999398096312173,0.0,0.24799188055514923,0.0008897440738243486,0.1480561262377075,4.87163395606479e-05,0.3506550701561396,0.060196414718659476,0.23192065471408183,0.09680288885092342,0.1459264649910917,0.9942916788417683,0.48214936859971264,1.0,0.03289299507934255,0.594908867659734,0.00041977051974497663,0.00010696331036034353,0.013960830762779772,0.9999338930386481,0.20080145870324484,0.279365309314195,0.7005400944204003,0.3208595750897047,0.812699314313783,0.2041046250321173,0.0001767441977680131,0.13564058370223944,0.43365603795509916,0.14747254777069893,0.7549596422165676,0.5226351713171731,0.03372976444618774,0.0027323622067556125,0.0,0.19520125516354536,0.0,0.018274504268744097,0.31549369378648406,0.18340523993790667,0.08033468640508472,0.033086879825391054,6.610696135189607e-05,0.15422781016343468,6.610696135189607e-05,0.049309513290058504,0.3988352264299646,0.15562409994597706,0.09681486601626414,0.0,0.00044946898251914077,0.09471706594381368,0.0,0.1764741734769734,0.1338740642703388,0.8694673467028888,0.8513411728021527,0.005708321158231775,0.322649376236742,0.0,0.06817794737133756,0.009714441540446726,0.0122011649948002,0.00477956024827684,6.610696135189607e-05,0.2249884307730252,0.008591376998230923,6.610696135189607e-05,6.610696135189607e-05,0.9999372480839698,0.03167658574024003,0.4510886283964694,0.9989335117284076,0.7158538210775339,0.4715781797615265,0.5018723820731615,0.008369769587799539,0.11157010969840626,0.0,0.0,0.0,0.0,0.0
0.00024670024824483645,0.01700611143728168,0.00888975658991296,6.610696135189607e-05,6.610696135189607e-05,6.610696135189607e-05,0.12427943336205274,0.01840658966911546,6.610696135189607e-05,0.9999397910976833,0.0,0.250241104411131,0.000915237074914865,0.14783404540896056,3.8019724909899106e-05,0.3499559907990959,0.06042780133043996,0.23192379521643117,0.09640547294028787,0.14559018882767566,0.9942969928932803,0.4820883632768632,1.0,0.03286936440692239,0.5952780664798977,0.0003651833063932463,0.00010696331036034353,0.013958403568070857,0.9999338930386481,0.20107167281845847,0.278403457461331,0.7050903046761327,0.32062004602755273,0.8127531845937453,0.20227881224184718,8.976007849752453e-05,0.13405628915816645,0.42886806885389567,0.14511300016573453,0.7547531359705529,0.5233365272159228,0.0348691060882431,0.00240177595624225,0.0,0.19608255534698235,0.0,0.0183157497796207,0.3146682421301199,0.18251963643628147,0.08040288826770871,0.033070587498977476,6.610696135189607e-05,0.15593759257633363,6.610696135189607e-05,0.048815237284193916,0.3996321602772287,0.15561683673519203,0.09884354751548084,0.0,0.0003638511244503366,0.10083597619327994,0.0,0.17681830721568817,0.13246276790538764,0.868725420971469,0.852008035216082,0.005703007106719688,0.3218290813761545,0.0,0.06807310527716913,0.010244324791708823,0.012150303899219317,0.004680700683284162,6.610696135189607e-05,0.22385799785202246,0.00823106301205152,6.610696135189607e-05,6.610696135189607e-05,0.9999372606824258,0.03162997867106246,0.4486365358315409,0.9989950028465876,0.7177458143084227,0.47025793522791454,0.5049310090351696,0.008000755483318904,0.11227690966225841,0.0,0.0,0.0,0.0,0.0
0.00024670024824483645,0.01699845849247106,0.008906108425254525,6.610696135189607e-05,6.610696135189607e-05,6.610696135189607e-05,0.1244234681471665,0.018377105458213062,6.610696135189607e-05,0.999939774205402,0.0,0.25238591633983204,0.0009407774403872645,0.14753928210111314,2.9706735439584564e-05,0.3491604485735327,0.060653725368994105,0.23191502315022686,0.09603963034291059,0.14528281908695712,0.9943013701632268,0.4820387651080821,1.0,0.0328418834841664,0.5956202982607719,0.00032312029859964326,0.00010696331036034353,0.013956235317617836,0.9999338930386481,0.2012954213635905,0.2774099693581139,0.7097461736417399,0.3203915072215616,0.8127955590799851,0.20042863000003136,4.4160214880149905e-05,0.13254831782784343,0.42410337387829894,0.1428253187959868,0.7545568246206046,0.5239396049528795,0.03604375003750376,0.0021149988694034176,0.0,0.19688663662059763,0.0,0.01836144912184333,0.31389058742318543,0.18169064585946967,0.08047168513428361,0.03305500308439658,6.610696135189607e-05,0.15758681237364072,6.610696135189607e-05,0.048340544032165304,0.4003873483217475,0.15563139758481662,0.1009576076708887,0.0,0.00029512109960376845,0.10689967021943637,0.0,0.17713683658143975,0.1311816795560988,0.8679166196195857,0.8526021820436395,0.005698629836773199,0.32107459827132034,0.0,0.06800389680442336,0.01071977188293381,0.012097614773832775,0.004558940951641873,6.610696135189607e-05,0.22285594800231676,0.007892917375362424,6.610696135189607e-05,6.610696135189607e-05,0.9999372989473009,0.0315730433351983,0.446227845989248,0.9990150623447326,0.7196172789714397,0.4689672491668251,0.5080142326304805,0.007652613428961604,0.11296369234079487,0.0,0.0,0.0,0.0,0.0
0.00024670024824483645,0.01699202951568153,0.008954491257694272,6.610696135189607e-05,6.610696135189607e-05,6.610696135189607e-05,0.12446647969939767,0.018345449942718,6.610696135189607e-05,0.9999396489305158,0.0,0.25442756453933135,0.000966506614982976,0.14718051222847386,2.3236695156361944e-05,0.34828797554243557,0.060871880752347264,0.23188879066828152,0.095703537035103,0.1450027123520913,0.9943050097346944,0.48199708306587924,1.0,0.03280820825071308,0.595950006809537,0.000280033582072583,0.00010696331036034353,0.013953702704998537,0.9999338930386481,0.20149473494859696,0.27642934583015893,0.7144499023720766,0.3201739324496927,0.812826531032397,0.19858582640168695,2.1145744863019214e-05,0.13115971935785545,0.41946660914261397,0.14064472504910366,0.754367088424634,0.5244553163808232,0.03725236832679155,0.0018656912730758526,0.0,0.19762685847324604,0.0,0.01841172920403621,0.3131467780626196,0.18090444164213876,0.08054964283098034,0.033038942224161746,6.610696135189607e-05,0.15919674689207172,6.610696135189607e-05,0.04787491247441762,0.4011084139903641,0.15566961231147178,0.10319351422296724,0.0,0.00023987287935196456,0.11293605346255255,0.0,0.17743876472144668,0.13001629746721333,0.8670440946381055,0.8531315963748328,0.005694990265305645,0.32037605846087475,0.0,0.06791387654690659,0.011168593309815953,0.012043493816892823,0.004443680348134852,6.610696135189607e-05,0.22194557329412673,0.007595716529709033,6.610696135189607e-05,6.610696135189607e-05,0.9999373401330213,0.031503856656131216,0.4437930948360145,0.999012347640154,0.7214198955343187,0.4675741006996771,0.5110672994084609,0.00732226610157206,0.11363959548368191,0.0,0.0,0.0,0.0,0.0
0.00024670024824483645,0.016985574915074072,0.00897998635898439,6.610696135189607e-05,6.610696135189607e-05,6.610696135189607e-05,0.12455278919998738,0.018319919250122975,6.610696135189607e-05,0.9999396300142068,0.0,0.2563933121767882,0.0009921141090463623,0.14676208461947707,1.8195427065234645e-05,0.347345353458424,0.06108239217021933,0.2318623406863524,0.09540213210051289,0.14476398323086523,0.9943089765275201,0.4820162920636141,1.0,0.03277097801146869,0.5962500299742478,0.00023443862541555873,0.00010696331036034353,0.013950759600757692,0.9999338930386481,0.20167500886605408,0.2754538631162368,0.7192500229228369,0.31996538434414035,0.8128464781592442,0.19673507656656644,9.881986842745671e-06,0.1298627056050662,0.4149368967861889,0.13855976331968545,0.754185629318571,0.5249072316662283,0.03849497913169151,0.001648590154044145,0.0,0.19831915715609125,0.0,0.01846755624640112,0.31247427514986315,0.18011786622561918,0.08063285042571314,0.03302596788783787,6.610696135189607e-05,0.16087157198437171,6.610696135189607e-05,0.047421063591830306,0.40178965487067336,0.15572766517440215,0.10551455320548903,0.0,0.0001953117243929498,0.11888196741723021,0.0,0.17772311245527272,0.12892662201962507,0.8661028887677956,0.8535874266150907,0.005691023472479798,0.3196645507802947,0.0,0.0678248484762977,0.01157426080037039,0.011979939898730405,0.004302755523345683,6.610696135189607e-05,0.22114434550812048,0.007325778133312356,6.610696135189607e-05,6.610696135189607e-05,0.9999374304123858,0.03142585666635367,0.4413570580511564,0.9989980039041109,0.7231798980510639,0.4661629403695156,0.5140948832218906,0.007008866055936824,0.11430380562779428,0.0,0.0,0.0,0.0,0.0
0.00024670024824483645,0.016980775118017915,0.008998739195731867,6.610696135189607e-05,6.610696135189607e-05,6.610696135189607e-05,0.12464516304252848,0.01829566597728703,6.610696135189607e-05,0.9999396150541003,0.0,0.25826259781845723,0.0010174275991401123,0.14627344311299847,1.4261581857433564e-05,0.3463051952929823,0.061282805344483146,0.2318076823135182,0.09512757562052347,0.14455052149323339,0.9943125698345585,0.48203768894893,1.0,0.03272947648264505,0.5965497120400998,0.00020640360595581273,0.00010696331036034353,0.013947121542892583,0.9999338930386481,0.2018061061713849,0.274468146410294,0.7240046912678361,0.31976957171689846,0.8128495602534053,0.19488696315829593,4.520248301525699e-06,0.12866741932779052,0.41056528804837134,0.13657680727496652,0.7539995232403364,0.5252964795128633,0.039768325488654645,0.0014591016700351569,0.0,0.1989718326169129,0.0,0.01852903131781971,0.3118073129587518,0.1793686110296333,0.08072676765263662,0.03301356746900779,6.610696135189607e-05,0.16251992543326002,6.610696135189607e-05,0.04697292108590955,0.4024510450995749,0.15581294316769836,0.10797552443515548,0.0,0.000159314943501134,0.12479404080406714,0.0,0.1780077436995987,0.12792370699851802,0.865104098890822,0.8539903768367315,0.005687430165441496,0.318990478434157,0.0,0.06773715842549782,0.011968481309386499,0.011915608382048746,0.004201661262294973,6.610696135189607e-05,0.22037168275222743,0.007055710583553606,6.610696135189607e-05,6.610696135189607e-05,0.9999374536680069,0.03133749657889637,0.4388749145880914,0.9989780521525584,0.7248998226157098,0.4646264095657041,0.5171179974320512,0.006709927715581793,0.1149721311751004,0.0,0.0,0.0,0.0,0.0
0.00024670024824483645,0.01697669506875378,0.009014311941998655,6.610696135189607e-05,6.610696135189607e-05,6.610696135189607e-05,0.12473768940890215,0.0182706525476725,6.610696135189607e-05,0.9999396022571311,0.0,0.26007313103510205,0.0010428318328590338,0.14574087182918127,1.1191688172490627e-05,0.34522905794150793,0.06147478478826771,0.23173659345936948,0.09487606107360594,0.1443567553428754,0.9943160093110464,0.4820564271971708,1.0,0.032684390154250224,0.5968283388105486,0.00017307027171223956,0.00010696331036034353,0.013942502254996951,0.9999338930386481,0.2019250224781093,0.2734725456589233,0.7289031222890522,0.3195858253503448,0.8128476264277021,0.19301925812153314,2.0275079359101692e-06,0.127544267375547,0.40629413725839736,0.1346724758130587,0.7538090042363752,0.5256375198333566,0.04107325192677578,0.0012934967457939857,0.0,0.19959339852707395,0.0,0.01859390739633477,0.31116463322933213,0.17866331583924522,0.08081369268598926,0.033003138035192336,6.610696135189607e-05,0.16411034095865343,6.610696135189607e-05,0.04654241377476846,0.40309037815141263,0.15591160958141656,0.11049305782141185,0.0,0.0001301619398492202,0.1305109449770999,0.0,0.1782903413881767,0.12700032984910117,0.8640506869996183,0.8543497479113307,0.005683990688953649,0.3183501742757553,0.0,0.06765205252851728,0.012350341224281376,0.011852090706317328,0.004056813530590455,6.610696135189607e-05,0.2196303190728976,0.006798002928425726,6.610696135189607e-05,6.610696135189607e-05,0.999937542424569,0.031240763990881316,0.4364145530219529,0.9989551406592051,0.7265846988554224,0.4631837260763303,0.5200984662454334,0.006425869587180385,0.11562555685817279,0.0,0.0,0.0,0.0,0.0
0.00024670024824483645,0.01697297906652931,0.009028112490687528,6.610696135189607e-05,6.610696135189607e-05,6.610696135189607e-05,0.1248291465428264,0.018246624508136085,6.610696135189607e-05,0.9999395905759311,0.0,0.26181003666376435,0.0010680263816613806,0.14515149540476918,8.791392505444941e-06,0.344080836058889,0.06165666811638003,0.23164072999385155,0.09464515058040157,0.14418011431742378,0.9943192678936825,0.4820707567356762,1.0,0.032635629973270144,0.5970964730599165,0.00013973693837890616,0.00010696331036034353,0.013936947864280258,0.9999338930386481,0.20203109337719188,0.27250626422473584,0.7337624725184319,0.31941283591820757,0.8128336366866848,0.19113442042239795,8.926708669981031e-07,0.12646367047371798,0.4021717489426472,0.13281169140083818,0.7536103303981595,0.5259172825289364,0.04240794737543413,0.0011485035665451675,0.0,0.2001867665259067,0.0,0.018663481922882592,0.3105231330789082,0.1779838149719373,0.08091200681868072,0.03299170378881394,6.610696135189607e-05,0.1656807981752485,6.610696135189607e-05,0.046109490572001484,0.403714808024703,0.15603088171408114,0.1131483071889172,0.0,0.00010649401479466852,0.13616780125712594,0.0,0.17857910662975465,0.12614955053027044,0.8629469020441644,0.854671382116031,0.005680732106317435,0.3177424767384171,0.0,0.06756281915707696,0.012697267677398679,0.011788203226759946,0.003950586135594768,6.610696135189607e-05,0.21898478915936465,0.006538298752547025,6.610696135189607e-05,6.610696135189607e-05,0.9999375854320967,0.031135481599234044,0.4339072357249205,0.9989310809474716,0.7282783401067182,0.4616516584077215,0.5231074725402729,0.006153894855705803,0.11629243694694152,0.0,0.0,0.0,0.0,0.0
0.00024670024824483645,0.016969963585238335,0.009040581793679708,6.610696135189607e-05,6.610696135189607e-05,6.610696135189607e-05,0.1249158737366644,0.01822197776353903,6.610696135189607e-05,0.9999395802186777,0.0,0.26349760509108416,0.001093173005278624,0.1445218618921918,6.913634836460965e-06,0.3428988378921492,0.06182851570654246,0.2315236833016836,0.09443193199937448,0.1440179007782064,0.9943224822480405,0.4820822522390747,1.0,0.03258298626690109,0.5973505448637538,0.00010696331036034353,0.00010696331036034353,0.013930569216193624,0.9999338930386481,0.20211605328557333,0.2715287916128421,0.738739088673601,0.319250029117826,0.8128187994674241,0.1892394912929659,3.8670692938905883e-07,0.1254646311077512,0.3981852383755511,0.131031195648835,0.7534073946122228,0.5261623324987019,0.043773178715274835,0.001021407013731596,0.0,0.20075979028141583,0.0,0.018735634427223657,0.30990768419991904,0.17733734612600244,0.08100170713497483,0.03298257857065915,6.610696135189607e-05,0.16720331212164538,6.610696135189607e-05,0.045691175058685515,0.4043032156276255,0.15615884853145962,0.11585481391956233,0.0,8.726534561294495e-05,0.14160933954925944,0.0,0.17886960955013356,0.12536352391542682,0.8617948892853508,0.854960692208062,0.005677517751959494,0.3171579574795094,0.0,0.06747882662291972,0.013038917916651903,0.011725011403374244,0.0038289340106011675,6.610696135189607e-05,0.21835473295285765,0.006291584675501127,6.610696135189607e-05,6.610696135189607e-05,0.9999376438855918,0.031022352001116332,0.43140808969638755,0.998906440287792,0.7299262416544442,0.46019850844035304,0.5260699664590158,0.005894480131101184,0.11695046028418765,0.0,0.0,0.0,0.0,0.0
0.00024670024824483645,0.016966948175876993,0.009052126690681988,6.610696135189607e-05,6.610696135189607e-05,6.610696135189607e-05,0.1250030799584645,0.01819882374900985,6.610696135189607e-05,0.99993957069941,0.0,0.26513848013457264,0.0011182092988054335,0.14385383895817253,5.44255526032517e-06,0.34168147239974994,0.06198998548069218,0.23138792380494216,0.0942325962762481,0.143866203657517,0.9943256287585232,0.48209028511522695,1.0,0.03252723059241814,0.5975909530969012,0.00010696331036034353,0.00010696331036034353,0.013923344527331127,0.9999338930386481,0.20213887725988966,0.2705395463153259,0.7436017029518345,0.3190957528192761,0.8127972411163754,0.1873310549997806,1.649508232742506e-07,0.12450880459820979,0.3943445611376249,0.12929612210327732,0.7531960276720954,0.5263630550661731,0.04516592573956511,0.0009097795263841154,0.0,0.20131180064001297,0.0,0.018807367944858894,0.30930726645261997,0.17671906592162773,0.08109645159543838,0.032974335237257166,6.610696135189607e-05,0.16870319512351412,6.610696135189607e-05,0.04527756826562047,0.40488333181597497,0.156300373800379,0.11863972019454244,0.0,7.160491030820085e-05,0.1468886390448613,0.0,0.17916774617111542,0.12463754205237813,0.8606014779841868,0.8552240168160989,0.005674371241476811,0.31659791424476014,0.0,0.06739349715296372,0.013364830196662618,0.011685050000621344,0.0037025598906390727,6.610696135189607e-05,0.21777095915833714,0.005988731047089181,6.610696135189607e-05,6.610696135189607e-05,0.9999376952434336,0.03090238508324561,0.4288907446711043,0.9988816257503713,0.7315657515333095,0.45876135726225353,0.5290224054969728,0.005646240676097054,0.11761147907650675,0.0,0.0,0.0,0.0,0.0
0.00024670024824483645,0.01696404594002286,0.009061615754979508,6.610696135189607e-05,6.610696135189607e-05,6.610696135189607e-05,0.12509106535799266,0.01817720789760923,6.610696135189607e-05,0.9999395632357111,0.0,0.26673666292445514,0.0011432250000036864,0.14314707173102117,4.288909938254213e-06,0.3404235860345109,0.0621419968033965,0.23123062763846647,0.09404790559770687,0.1437269347093995,0.9943287192360736,0.4820976201553769,1.0,0.03246926072745028,0.5978105931473846,0.00010696331036034353,0.00010696331036034353,0.013915043046776173,0.9999338930386481,0.20215127722051443,0.2695670163861704,0.7484693508086114,0.3189500730342001,0.812775140422001,0.18541281524102263,6.935439614361147e-08,0.1235972821996496,0.390652639251246,0.1276034580323678,0.7529805531825402,0.5265287604386912,0.04658561787006013,0.0008116137724900863,0.0,0.20184873251816962,0.0,0.018881261057371312,0.3087236587778752,0.17611280743957167,0.0811927775145384,0.032967181893938644,6.610696135189607e-05,0.17019938346979374,6.610696135189607e-05,0.044866984710860515,0.40545215718631245,0.15644582623132855,0.12149069885328237,0.0,5.8822712564281106e-05,0.15201168215329897,0.0,0.1794691005510243,0.12395596245814165,0.859366476532233,0.8554614515181104,0.0056712807639264,0.3160536473264535,0.0,0.06730767638376867,0.013684017095332304,0.011638780387584136,0.0035756099567864534,6.610696135189607e-05,0.2172064940316114,0.0057087360492803566,6.610696135189607e-05,6.610696135189607e-05,0.9999377530947859,0.030779033346670398,0.4263598229812399,0.9988567056456001,0.733196823356765,0.4573313896855168,0.5319729559331213,0.00540834946303898,0.11828464946470064,0.0,0.0,0.0,0.0,0.0
0.00024670024824483645,0.016961178889967184,0.009070497208946579,6.610696135189607e-05,6.610696135189607e-05,6.610696135189607e-05,0.1251781402987638,0.01815609768177156,6.610696135189607e-05,0.9999395564122391,0.0,0.2683002882423878,0.0011681607544095122,0.14240522473439302,3.3832247465894966e-06,0.33913001022240136,0.06228379472038441,0.23105222008415888,0.09387617174750003,0.14359857533589532,0.9943317434217568,0.482103186427781,1.0,0.032408696080901064,0.5980140417693104,0.00010696331036034353,0.00010696331036034353,0.013905946549514301,0.9999338930386481,0.202156063555466,0.2686086991568942,0.7533657124989417,0.31881225354719034,0.8127513063546772,0.1834828959041284,2.876387508491166e-08,0.1227178112885997,0.38709370529967035,0.12594000878938671,0.7527604241314386,0.5266623390919575,0.04803048294761461,0.0007251579448691932,0.0,0.20237288688579064,0.0,0.018958029566985644,0.3081482674900702,0.17552076719438475,0.08128917192001689,0.032961105714068135,6.610696135189607e-05,0.1716846411986931,6.610696135189607e-05,0.04446003004204443,0.4060120284816298,0.15659687012016943,0.12440743382073698,0.0,4.837661876753802e-05,0.15698195457787392,0.0,0.1797756875145534,0.12331758592558666,0.8580933453048853,0.8556762667192355,0.005668256578243265,0.3155239266864284,0.0,0.06721975806845437,0.013972728579644867,0.01158976581369435,0.003450959418366312,6.610696135189607e-05,0.21672668986591714,0.005442390020799987,6.610696135189607e-05,6.610696135189607e-05,0.999937821843432,0.03065182352515338,0.4238093820327468,0.9988318104817154,0.7348285873582397,0.4559209568977092,0.5349299809882119,0.005180093633623601,0.11896785489829714,0.0,0.0,0.0,0.0,0.0
0.00024670024824483645,0.016958760899795214,0.009078941143439965,6.610696135189607e-05,6.610696135189607e-05,6.610696135189607e-05,0.12526122295744366,0.018135502131157263,6.610696135189607e-05,0.9999395501869598,0.0,0.2698298748742251,0.0011928231527362353,0.14162817075377707,2.6712940231026106e-06,0.3377976628633761,0.062414979102359866,0.2308495759826948,0.09371566683835753,0.14347969087620646,0.9943347241510117,0.4821074563694632,1.0,0.03234487608201984,0.5982089309531451,0.00010696331036034353,0.00010696331036034353,0.013895908419962756,0.9999338930386481,0.20214994097378464,0.2676618339146499,0.7582940335745918,0.3186818333304936,0.8127266895599514,0.18155618837206053,1.1783840343430541e-08,0.12189857306589061,0.3836855453327981,0.12433252702197635,0.7525360035093318,0.5267739141416631,0.04949914218456978,0.0006489108707796096,0.0,0.20288706314579583,0.0,0.01903771269771637,0.30758242645338774,0.17494190184888517,0.08138444940755361,0.03295596049238534,6.610696135189607e-05,0.17315772820807207,6.610696135189607e-05,0.04405710327758118,0.40656321207748014,0.15675319054673023,0.1273826153127297,0.0,3.983497751065203e-05,0.16179547462810084,0.0,0.18008803720093852,0.12271882831293644,0.8567851909770727,0.855871398253014,0.005665275848988394,0.31500548048474103,0.0,0.06716693756686104,0.01427824840966515,0.011539975601805537,0.0033314406964082845,6.610696135189607e-05,0.21619655487185999,0.005186393187033225,6.610696135189607e-05,6.610696135189607e-05,0.9999378321686114,0.030520119893318407,0.4212313214409847,0.9988071650634234,0.7364334212028217,0.454516308745078,0.5378698101146475,0.004960980187369787,0.11965768156270563,0.0,0.0,0.0,0.0,0.0
0.00024670024824483645,0.016955821447565737,0.00908713778650422,6.610696135189607e-05,6.610696135189607e-05,6.610696135189607e-05,0.1253453456833543,0.018082038226591466,6.610696135189607e-05,0.9999395534893648,0.0,0.27136202190368003,0.0012177300328743282,0.14084230723915658,2.1114980369848733e-06,0.33648571176707787,0.06253644173093288,0.23064186461688765,0.09356524113382458,0.143369497090343,0.994337712678826,0.4821122254936456,1.0,0.032277235216381,0.5983807885841835,0.00010696331036034353,0.00010696331036034353,0.01388515577362279,0.9999338930386481,0.20214027295457804,0.26672962741382183,0.763245070495059,0.31855639294755256,0.8127012425522224,0.17961184944260922,0.0,0.12109230099939784,0.38037883016364504,0.1227356768846308,0.7523052948077412,0.526852973040236,0.0509897843669021,0.0005815713375978826,0.0,0.20339216039346206,0.0,0.019119738650665723,0.3070243491714711,0.1744103000652779,0.08147891621475647,0.03295245159384041,6.610696135189607e-05,0.17453493134956213,6.610696135189607e-05,0.043657619351878604,0.4071003435468941,0.15691477278491572,0.13039632022292108,0.0,3.2835655855535605e-05,0.16643833305619216,0.0,0.18040775607767634,0.12215746361183916,0.8554449744992733,0.8560489315720591,0.005662287321174003,0.31449561411289245,0.0,0.06708602048271271,0.0145676628494222,0.011456990647209054,0.0032197568690758155,6.610696135189607e-05,0.21573591041690016,0.005030633528031959,6.610696135189607e-05,6.610696135189607e-05,0.9999379017621568,0.030383984662861813,0.4186298084307897,0.9987822699671257,0.73803255610559,0.45318072528212583,0.5407786113482914,0.004750507383649573,0.12034769873103718,0.0,0.0,0.0,0.0,0.0
0.00024670024824483645,0.016953032381699536,0.009095795364305928,6.610696135189607e-05,6.610696135189607e-05,6.610696135189607e-05,0.1254258430587347,0.018058793170923938,6.610696135189607e-05,0.9999395442812256,0.0,0.2728852430645022,0.0012422846889390351,0.14003957244488074,1.6704487847135455e-06,0.33516458247014463,0.062647142766327,0.23042103763892793,0.09342643819646863,0.14326965110423207,0.9943398785780615,0.4821114811403535,1.0,0.03220776946962067,0.59854434269208,0.00010696331036034353,0.00010696331036034353,0.01387375674793557,0.9999338930386481,0.20212355845279265,0.2658137603394542,0.7682492889197876,0.3184368215768634,0.812674275777963,0.1776646959610741,0.0,0.12031194335090353,0.3771859691165817,0.12116236588774909,0.7520721442332963,0.5269116387198812,0.052501015794473596,0.00052202163908947,0.0,0.20389183189434298,0.0,0.019238384209936437,0.30648466860570883,0.17389648300164537,0.08157272035082673,0.03295046398169881,6.610696135189607e-05,0.17590120354003824,6.610696135189607e-05,0.043263430772611876,0.4075979298417291,0.1570843954210703,0.13344465443997564,0.0,2.7101432542736336e-05,0.17089596651540706,0.0,0.1807320655088085,0.12163775715152055,0.8540725460090578,0.8562083272566785,0.005660121421938485,0.3139966869653036,0.0,0.06700396228239133,0.014844613849263149,0.011388301974934236,0.00310562001514186,6.610696135189607e-05,0.2153171546017056,0.004847059906349028,6.610696135189607e-05,6.610696135189607e-05,0.9999379569733726,0.030241328800966714,0.4160054065344481,0.998757715311061,0.7396213827716729,0.4519163939192265,0.5436730516421063,0.004548647491568214,0.12102956648967031,0.0,0.0,0.0,0.0,0.0
0.00024670024824483645,0.01695071004140357,0.009103843089520707,6.610696135189607e-05,6.610696135189607e-05,6.610696135189607e-05,0.12550966626677737,0.018037805850229943,6.610696135189607e-05,0.9999395399116051,0.0,0.2744012231052496,0.0012664887337007138,0.1392181685746225,1.3226075400425368e-06,0.3338264593722163,0.0627484869607496,0.23018815108722177,0.09330021762591278,0.14318370591344715,0.9943426760541381,0.48211782112815904,1.0,0.03212709125139224,0.5986923405255052,0.00010696331036034353,0.00010696331036034353,0.01386120864788338,0.9999338930386481,0.2020941185767091,0.26490554023274676,0.7733452228118696,0.3183256081795842,0.8126415866348204,0.17570904842654336,0.0,0.11956261088906833,0.37410591598758536,0.11961573699040311,0.751824859702255,0.5269548740018254,0.05403064254716847,0.00046927129124757315,0.0,0.20438604474841754,0.0,0.019341855527461805,0.3059691546820542,0.1733994301860567,0.0816692236900497,0.03295109835366411,6.610696135189607e-05,0.17727598746387635,6.610696135189607e-05,0.04287386836605835,0.4081191018000044,0.15726890047670886,0.1365380298611608,0.0,2.2395254989289982e-05,0.1752127016900225,0.0,0.18107228765028344,0.12114681212868084,0.8526691398269187,0.8563470227953053,0.005657323945861977,0.31349613412342353,0.0,0.06691911465163593,0.015113045926201087,0.011327383159718867,0.0029796712324913124,6.610696135189607e-05,0.21492979192349274,0.004645546635211668,6.610696135189607e-05,6.610696135189607e-05,0.9999380238721898,0.03008951288847072,0.41335169860704624,0.9987335112662993,0.7411968252813199,0.45068005971485214,0.5465578036373806,0.0043543656867120655,0.12171016278227192,0.0,0.0,0.0,0.0,0.0
0.00024670024824483645,0.016948266330188932,0.009112663679373575,6.610696135189607e-05,6.610696135189607e-05,6.610696135189607e-05,0.12558747573478354,0.018017779178111294,6.610696135189607e-05,0.9999395319260879,0.0,0.2759072578926926,0.0012902000842535475,0.1383731446924748,1.0479918284982847e-06,0.33245425103960013,0.06284047289379567,0.22994032175756898,0.09319032219645848,0.1431161350506175,0.9943457947860064,0.48213108817864125,1.0,0.03204585183861755,0.5988212496979418,0.00010696331036034353,0.00010696331036034353,0.013847480580276388,0.9999338930386481,0.2020539247991986,0.26400479104312924,0.7785019122952019,0.31821785657217205,0.8126046939788294,0.1737494959052309,0.0,0.11883819181353926,0.3711309759667881,0.11808623880572819,0.7515667831541574,0.5269726474259768,0.05557802686018129,0.0004225037323436469,0.0,0.2048780854410968,0.0,0.01941174421561118,0.3054473478922527,0.17289428918053054,0.08176600365403311,0.032950603861238145,6.610696135189607e-05,0.1786606437788995,6.610696135189607e-05,0.04247979890414604,0.4086574585842932,0.15746126129751242,0.13969068903192247,0.0,1.8526290536027574e-05,0.17943883048771878,0.0,0.18142530408463284,0.12068055140876748,0.8512316509433602,0.8564613612170389,0.005654205213993645,0.3129908263802619,0.0,0.06683444832855173,0.015379536783581112,0.011272400771278467,0.0028470196498282677,6.610696135189607e-05,0.21455696452453155,0.004432406039636856,6.610696135189607e-05,6.610696135189607e-05,0.9999380921872748,0.02993404472365828,0.410652557170154,0.9987097999157465,0.74277013720345,0.4494291455536646,0.5494595101546716,0.004167439867414039,0.12240647940768679,0.0,0.0,0.0,0.0,0.0
0.00024670024824483645,0.016945557623648393,0.009119954378634955,6.610696135189607e-05,6.610696135189607e-05,6.610696135189607e-05,0.12566631063312164,0.017998153879927748,6.610696135189607e-05,0.9999395291801804,0.0,0.2774085549409813,0.0013133755209849764,0.1375045952997134,8.310229992800067e-07,0.33104547007552865,0.06292104516038266,0.22967347525847032,0.09308803946561345,0.14305472684441792,0.994348688180261,0.4821412372153615,1.0,0.03197195256372704,0.5989443074851653,0.00010696331036034353,0.00010696331036034353,0.013833588828242285,0.9999338930386481,0.20201704138612483,0.2631206536701519,0.7836201041422567,0.3181101828433374,0.8125682741809469,0.17179284576343043,0.0,0.11812957958434218,0.36825258213708795,0.11656407116378208,0.751310338427375,0.5269650419136787,0.057141136648328976,0.0003809974739127877,0.0,0.20536864215535605,0.0,0.01950505037582859,0.3049198218795651,0.17237910115653854,0.0818625666358033,0.03294991243058584,6.610696135189607e-05,0.18005861182667787,6.610696135189607e-05,0.042083349251055405,0.409181982708988,0.15765209029579996,0.14289293711402587,0.0,1.534148710084386e-05,0.1835824643063355,0.0,0.18178094703752307,0.12023998197706576,0.8497708238860576,0.8565642756816693,0.005651311819738977,0.31249012062928244,0.0,0.06674969953547948,0.015612235446657704,0.011221160739640766,0.002743091574855797,6.610696135189607e-05,0.21427371627008648,0.004209640800061968,6.610696135189607e-05,6.610696135189607e-05,0.9999381387426398,0.029779635523253165,0.40790566218156227,0.998686624479015,0.7443504836288435,0.44816412253357735,0.5523904587606893,0.003987669374719243,0.1231215008507853,0.0,0.0,0.0,0.0,0.0
0.00024670024824483645,0.016943633420243676,0.009126791771987056,6.610696135189607e-05,6.610696135189607e-05,6.610696135189607e-05,0.1257437017783388,0.017979227343012244,6.610696135189607e-05,0.999939526482892,0.0,0.27891607522280265,0.0013360884312849366,0.13662217838969545,6.594984787406752e-07,0.3296253876533308,0.06299140399489424,0.22938929717814216,0.09299063488207639,0.14299677641726946,0.9943516311701835,0.4821496915969487,1.0,0.03192598807225576,0.5990817450916276,0.00010696331036034353,0.00010696331036034353,0.01381938009680001,0.9999338930386481,0.20197768184158643,0.2622417612727688,0.7888558669133976,0.3179820083014502,0.8125354442998809,0.169852250192342,0.0,0.11748319031105119,0.3654855536877255,0.11510005752649624,0.7510499853757854,0.5269593703126348,0.058717699194979475,0.00034410514788617324,0.0,0.20585697663542193,0.0,0.01960370163177468,0.3044128294298471,0.17187578271643777,0.08194984948216855,0.032951763896499876,6.610696135189607e-05,0.18143742183435538,6.610696135189607e-05,0.0416979006135638,0.4096920981655412,0.1578427261994994,0.14606476125826706,0.0,1.2719641971710915e-05,0.1875368467982647,0.0,0.1821436570564718,0.11982152166858678,0.8482916659229441,0.8566591184348444,0.005648368829816485,0.3119933317676293,0.0,0.06666777494796604,0.015851593687954954,0.01116908499401352,0.002612856048684924,6.610696135189607e-05,0.2139668722533049,0.003981600302944406,6.610696135189607e-05,6.610696135189607e-05,0.9999382146426767,0.02962182950061976,0.4051669133265882,0.998663911568715,0.7458819116572817,0.44697694001553107,0.555274554820173,0.003814953572848567,0.12382981084063614,0.0,0.0,0.0,0.0,0.0
0.00024670024824483645,0.01694193444280002,0.00913374985189617,6.610696135189607e-05,6.610696135189607e-05,6.610696135189607e-05,0.12582341425575178,0.017962032614283724,6.610696135189607e-05,0.9999395232580639,0.0,0.2804233987322654,0.0013581166717088764,0.1357225692954997,5.237427241027806e-07,0.3281761372017903,0.0630545085041689,0.22909411632200244,0.09289880267287917,0.1429436592145806,0.9943547180902484,0.48216254478864107,1.0,0.03185358895278233,0.5992212326988215,0.00010696331036034353,0.00010696331036034353,0.013804601701579626,0.9999338930386481,0.20194285004866558,0.2613950862760227,0.7940576341998157,0.3178633938786863,0.8124998784658631,0.16792888831187747,0.0,0.11685355077289503,0.3628331326800359,0.11365771296886447,0.7507792409280835,0.5269419797606395,0.06030089694603989,0.00031124738415402306,0.0,0.2063329088885927,0.0,0.019702311971580035,0.3039015285050812,0.17137363249888957,0.08204502885476182,0.03295320487291703,6.610696135189607e-05,0.1828302048910826,6.610696135189607e-05,0.04130906395492952,0.41019760748526846,0.1580438008297081,0.1492897319384605,0.0,1.055683785953461e-05,0.1914433846988028,0.0,0.1825183300221849,0.1194292638746199,0.846800300381081,0.8567450934012654,0.005645281909751592,0.3115045463227663,0.0,0.06657530859011396,0.01609699082120156,0.011117260778277358,0.002494025598140619,6.610696135189607e-05,0.21363717333384233,0.0037824710861971097,6.610696135189607e-05,6.610696135189607e-05,0.9999382635663266,0.029456320704428815,0.4023579810173967,0.9986418833282911,0.7474133230937458,0.4457229588784372,0.5581661498293453,0.003647920545562694,0.12453464004273815,0.0,0.0,0.0,0.0,0.0
0.00024670024824483645,0.016939973129260207,0.009140572524622064,6.610696135189607e-05,6.610696135189607e-05,6.610696135189607e-05,0.12590441172274788,0.01794496559184522,6.610696135189607e-05,0.9999395205903725,0.0,0.2819452543199141,0.0013794933658730945,0.1348080646391662,4.162567122393334e-07,0.3267045072943521,0.06311033845421954,0.2287912261970666,0.09281111635873118,0.14289421827501816,0.9943580325412279,0.48217627940191643,1.0,0.031774082664564,0.5993455020019077,0.00010696331036034353,0.00010696331036034353,0.013789454688511841,0.9999338930386481,0.20190247806001674,0.26055092345285547,0.7993354665391769,0.3177524763352506,0.812462413446319,0.16600160801544003,0.0,0.11622429206736654,0.3602309661112116,0.11221526857701954,0.7505018892226843,0.5269086548945436,0.06189282753026164,0.0002819646632856754,0.0,0.20680714490336763,0.0,0.019805574122610903,0.30338033667686654,0.17087448803123279,0.08213585093612419,0.03295585068607995,6.610696135189607e-05,0.184224944864372,6.610696135189607e-05,0.0409237496635176,0.41070540953777807,0.15824783682043972,0.15251891093909703,0.0,8.769452201293243e-06,0.1952382951136865,0.0,0.18290058737874026,0.11905296311943217,0.8452960561110071,0.8568238170616962,0.005641967458772071,0.311016575694716,0.0,0.06648493598105557,0.016345756928480143,0.011064146473001284,0.0023753591049920026,6.610696135189607e-05,0.21331838676950435,0.003575279678067397,6.610696135189607e-05,6.610696135189607e-05,0.9999383200798413,0.029289749733241277,0.39953422672554895,0.9986205066341269,0.748958873841266,0.4445303225183897,0.5610802241286285,0.0034871849443557997,0.1252471557889576,0.0,0.0,0.0,0.0,0.0
0.00024670024824483645,0.016937945665524215,0.009147305971053472,6.610696135189607e-05,6.610696135189607e-05,6.610696135189607e-05,0.1259877520265549,0.017928381131273485,6.610696135189607e-05,0.9999395178191169,0.0,0.2834823901739732,0.0014002429100131335,0.13388204611474816,3.31070044211433e-07,0.32521491713602696,0.06315775359776732,0.22848042022232307,0.0927256965212158,0.14284640975948618,0.9943615075973253,0.48218756621721187,1.0,0.03169022189914671,0.5994598982235888,0.00010696331036034353,0.00010696331036034353,0.01377370061522798,0.9999338930386481,0.20185932741078366,0.25971190161067625,0.8046663512865436,0.31764617621182945,0.8124230132410905,0.1640749102322618,0.0,0.11559382941856419,0.3576793661787067,0.11075993458729715,0.7502181787815971,0.5268584388969871,0.06349292929012018,0.0002558405428499701,0.0,0.20728294174626796,0.0,0.019912282161691094,0.30287369175089784,0.17037813174204214,0.08222578753134618,0.03295889765362154,6.610696135189607e-05,0.1856197418967743,6.610696135189607e-05,0.04053939445208016,0.41120518554984375,0.1584558366138811,0.1557589504580267,0.0,7.291409349993266e-06,0.19894090727702674,0.0,0.18329163675995613,0.11869131088380398,0.8437813741886641,0.8568977496976639,0.005638492402674702,0.31052949203652014,0.0,0.06639226972858674,0.016564314740291283,0.011011818267786735,0.002264243653870154,6.610696135189607e-05,0.21309153938511344,0.0033685465849667626,6.610696135189607e-05,6.610696135189607e-05,0.9999383821723152,0.029121150145028474,0.39668374913573834,0.9985997570899868,0.7505168330573376,0.44337939547422234,0.5640251482766758,0.003332430860679419,0.12596982999688588,0.0,0.0,0.0,0.0,0.0
0.00024670024824483645,0.016936283222174674,0.009154021048713308,6.610696135189607e-05,6.610696135189607e-05,6.610696135189607e-05,0.12606900405175797,0.017912565301327846,6.610696135189607e-05,0.9999395152526032,0.0,0.2850291805784979,0.0014201522521667359,0.13294302140241634,2.6348511872931507e-07,0.3237034528760204,0.06319699752756681,0.22815639943469623,0.09264345779708155,0.14280192744112852,0.9943651311461413,0.4821983104878896,1.0,0.031602848680478184,0.5995700918026737,0.00010696331036034353,0.00010696331036034353,0.013757313640643405,0.9999338930386481,0.20180874051656658,0.2588758063532897,0.8100688449459448,0.31754367700796526,0.8123820735658261,0.16216765979856845,0.0,0.11500509411983763,0.35520873084133603,0.10933379951986458,0.7499268843825616,0.5268030699540198,0.06509866898077815,0.0002325017283599818,0.0,0.20775912751901676,0.0,0.020021216680736625,0.3023822769848048,0.16988857776009747,0.08231280151544161,0.03296322631481528,6.610696135189607e-05,0.18700439352589254,6.610696135189607e-05,0.040159368245303716,0.41169657090698114,0.15866742719210147,0.15898703633372796,0.0,6.06928437185524e-06,0.2025315995125922,0.0,0.18369249550997402,0.11834284198704657,0.8422578732221403,0.8569655708305115,0.005634868853858664,0.3100425619930937,0.0,0.06626902594504651,0.016789759859924112,0.010960987519807142,0.002149892537747456,6.610696135189607e-05,0.2128683805005462,0.0031645508212852077,6.610696135189607e-05,6.610696135189607e-05,0.9999384670504516,0.028950499242072356,0.3938161232892056,0.9985798477478333,0.7520458151933742,0.442259406160953,0.566962747604115,0.003183622579897642,0.12669768862423736,0.0,0.0,0.0,0.0,0.0
0.00024670024824483645,0.016934438682632315,0.0091607454802938,6.610696135189607e-05,6.610696135189607e-05,6.610696135189607e-05,0.12615303722645274,0.017897993352679515,6.610696135189607e-05,0.999939512784642,0.0,0.2865755871697399,0.0014388668781737332,0.13198026568457846,2.0980965015840419e-07,0.3221375824425335,0.06322882294913293,0.22781586442940385,0.09256532758610422,0.1427621731820429,0.9943689122364509,0.48221074050874535,1.0,0.03151468527148244,0.5996733920990578,0.00010696331036034353,0.00010696331036034353,0.013740378975025535,0.9999338930386481,0.20175615111911863,0.25804951009026433,0.8155143449238529,0.31744437535348735,0.8123353518510377,0.1602718877572004,0.0,0.11442277806203069,0.3527935198533383,0.10790694529401819,0.7496252916847737,0.5267372316192273,0.06670698064280077,0.0002116206147223703,0.0,0.20823333135283947,0.0,0.020133041378681733,0.3018990065970209,0.16940532184456977,0.08240102966708071,0.03296836168385727,6.610696135189607e-05,0.1883887461348146,6.610696135189607e-05,0.03978037054355751,0.4121798645020351,0.15888481415766817,0.1622129343416258,0.0,5.056591292882938e-06,0.20603663614478476,0.0,0.18410530492940785,0.11800563280279457,0.840727691771095,0.8570262062032348,0.005631087763549096,0.3095559281384152,0.0,0.06616932830104695,0.017013391709612257,0.010898751686909968,0.002037747423761909,6.610696135189607e-05,0.2126402987421652,0.0029911786449158,6.610696135189607e-05,6.610696135189607e-05,0.9999385293433173,0.028779833991294145,0.39093959073143386,0.9985611331218263,0.753591899662098,0.4411696341922267,0.5699554722634483,0.003040580436685647,0.12744127114857445,0.0,0.0,0.0,0.0,0.0
0.00024670024824483645,0.016932478040758214,0.009168001434152494,6.610696135189607e-05,6.610696135189607e-05,6.610696135189607e-05,0.12623722039290225,0.017883604681517208,6.610696135189607e-05,0.9999395099958445,0.0,0.2881359666253897,0.0014565222088244415,0.1310080182150416,1.671619968968747e-07,0.3205541536450695,0.0632536214848456,0.2274681363758813,0.09249153779658502,0.14272754954361905,0.9943728605095403,0.4822246429016703,1.0,0.0314237530458139,0.5997695553172584,0.00010696331036034353,0.00010696331036034353,0.013723042214815918,0.9999338930386481,0.20170087349927732,0.25722866052073556,0.821013531995865,0.31734699984259457,0.8122845849318252,0.1583901094449648,0.0,0.11385221209508192,0.35043292745508403,0.10648186728016201,0.7493141761718843,0.5266596591449856,0.06831618815470544,0.0001929161803856458,0.0,0.20870641550805713,0.0,0.02024654081014144,0.3014231070279855,0.1689297460321617,0.08248812993042617,0.03297450955587386,6.610696135189607e-05,0.1897656085486264,6.610696135189607e-05,0.03940437951102312,0.41265650854286434,0.15910854850425613,0.16543601373688874,0.0,4.217299991410325e-06,0.20946047692114683,0.0,0.18452913922769698,0.11768296972378003,0.8391922740487096,0.8570795342759953,0.005627139490459683,0.30906894159027254,0.0,0.06607189013105091,0.017219929083551095,0.010841260314211341,0.0019193787254996335,6.610696135189607e-05,0.21246950683688362,0.0027771719514736496,6.610696135189607e-05,6.610696135189607e-05,0.9999386096882581,0.028606866563918705,0.38803791019275685,0.9985434777911756,0.7551355523898851,0.4401064284617723,0.5729639790747685,0.002903063115573115,0.128189234755353,0.0,0.0,0.0,0.0,0.0
0.00024670024824483645,0.016930730507046358,0.009175199487726314,6.610696135189607e-05,6.610696135189607e-05,6.610696135189607e-05,0.12632176414350388,0.017869998076732313,6.610696135189607e-05,0.9999395074164892,0.0,0.28970642583646694,0.001472931527717504,0.13002411825041968,1.3324949780095402e-07,0.3189424368481252,0.06327136385882264,0.22710915442162558,0.09242207021235496,0.14269812887528582,0.9943769451276562,0.48223981739921684,1.0,0.03133081672940863,0.5998634929195052,0.00010696331036034353,0.00010696331036034353,0.013705196327500557,0.9999338930386481,0.2016432148078531,0.25641232273441145,0.8265808193853499,0.3172513413029977,0.8122311106704193,0.15653220930110806,0.0,0.11331116241165985,0.348145180224812,0.10506993783225428,0.7489942489818288,0.5265710600947162,0.0699244726451052,0.0001761411805503279,0.0,0.20917898279642272,0.0,0.020362914334293186,0.3009528741713748,0.16845618926661407,0.08257750995350706,0.03298105361877804,6.610696135189607e-05,0.19114766268495434,6.610696135189607e-05,0.03902860509259061,0.413127822737187,0.159338259325745,0.1686802502099911,0.0,3.5212981015247613e-06,0.21284666269685895,0.0,0.18496368149663997,0.1173718938664425,0.8376534571425399,0.8571257299441639,0.005623054872343847,0.3085811998043605,0.0,0.0659733256418045,0.01745703094935171,0.01078912065964495,0.0018047795421146711,6.610696135189607e-05,0.21222814317700903,0.0025706804083827145,6.610696135189607e-05,6.610696135189607e-05,0.9999386518238992,0.028430630003835673,0.38508111465243394,0.9985270684722825,0.756661198039819,0.4390080238288312,0.5759876253196206,0.0027707056627086168,0.12894789161721573,0.0,0.0,0.0,0.0,0.0
0.00024670024824483645,0.0169284436613631,0.009182255516966147,6.610696135189607e-05,6.610696135189607e-05,6.610696135189607e-05,0.1264114199615127,0.017856987052347027,6.610696135189607e-05,0.9999395052408174,0.0,0.2913077482946479,0.0014884464572616142,0.1290364700090781,1.0628306074462104e-07,0.3173189268157632,0.06328276085630485,0.22674755593078352,0.09235695711862733,0.14267401013571768,0.9943812085412176,0.4822571382813563,1.0,0.031236465877928984,0.5999429110784722,0.00010696331036034353,0.00010696331036034353,0.01368717222072561,0.9999338930386481,0.2015864978815749,0.2555987355759595,0.8322054829594588,0.3171566109036874,0.8121744140820851,0.15467177358237216,0.0,0.11274784688638537,0.3458685038134076,0.10362469799266738,0.7486652779001346,0.5264655080292747,0.07153064807655135,0.00016107989419505284,0.0,0.20965119121560905,0.0,0.020485357367743998,0.3004901360771881,0.16798623794345532,0.0826661633434165,0.032988754431082644,6.610696135189607e-05,0.19253235072956706,6.610696135189607e-05,0.03865522428171081,0.41358970284804436,0.1595720247636364,0.1719141913938183,0.0,2.9426056764801743e-06,0.21616584075177853,0.0,0.18540856303614,0.11706948742873516,0.8361123948048214,0.8571649099700872,0.005618791458782452,0.3080916705030347,0.0,0.06587031257623796,0.017681176511461463,0.01073880598134816,0.0016998837390127006,6.610696135189607e-05,0.21202813355374517,0.0023693843958321947,6.610696135189607e-05,6.610696135189607e-05,0.9999386992302153,0.02825356115427845,0.38210628672916175,0.9985115535427384,0.7582127404988601,0.4379655491517532,0.5790563751915694,0.002643398207420647,0.12971744861120657,0.0,0.0,0.0,0.0,0.0
0.00024670024824483645,0.016926396477104665,0.009189273547599068,6.610696135189607e-05,6.610696135189607e-05,6.610696135189607e-05,0.12650170398463273,0.017844746186641863,6.610696135189607e-05,0.9999395031550592,0.0,0.29293414966656156,0.0015030166544476979,0.12804463941901492,8.48209217899611e-08,0.3156825010561172,0.0632870154245766,0.22637837618714546,0.0922958379874162,0.14265486109539272,0.9943856322995565,0.4822744111016078,1.0,0.031139629824308655,0.6000176843706878,0.00010696331036034353,0.00010696331036034353,0.013668799499102416,0.9999338930386481,0.20152558856582442,0.25478696669609147,0.8379087965059838,0.31706252321330225,0.8121160962056087,0.1528233238659497,0.0,0.11219338751756772,0.3436255132644135,0.10217336586577462,0.7483279590497751,0.5263567554961999,0.07313320932897867,0.00014754111773922972,0.0,0.21012449484667675,0.0,0.02061075161683805,0.3000452164467995,0.16752473147172348,0.0827513415279612,0.03299803598569954,6.610696135189607e-05,0.19390399390176985,6.610696135189607e-05,0.03828819291416645,0.4140408796723662,0.159808628509274,0.1751045196356457,0.0,2.461474167741131e-06,0.2193841047935981,0.0,0.18586396759195728,0.11677487942954214,0.8345709526836051,0.8571975977868681,0.00561436770044349,0.3076010940517155,0.0,0.06576764555950464,0.017898040047076732,0.01068969550687582,0.001582610572102808,6.610696135189607e-05,0.21185012546960455,0.0021777289829154486,6.610696135189607e-05,6.610696135189607e-05,0.9999387637900192,0.02807527528511735,0.379138006831843,0.9984969833455523,0.7597595115892497,0.4369902971210666,0.5821441330781082,0.002521057933691058,0.13048998888711258,0.0,0.0,0.0,0.0,0.0
0.00024670024824483645,0.016924499031483006,0.009196358149034812,6.610696135189607e-05,6.610696135189607e-05,6.610696135189607e-05,0.12659247255766193,0.017833733475131255,6.610696135189607e-05,0.9999395009875415,0.0,0.2945731299630559,0.0015164284759813112,0.12704350471222148,6.772301951555381e-08,0.3140179996597522,0.06328470813726916,0.2259990768131957,0.09223965818543227,0.14264192814797405,0.9943902356080169,0.4822934047492116,1.0,0.031042524883676727,0.6000907852115234,0.00010696331036034353,0.00010696331036034353,0.013650021566767225,0.9999338930386481,0.20146215323642838,0.2539868090295138,0.8436483529901481,0.31696726597719393,0.812052416440087,0.1509946135137725,0.0,0.1116501617096584,0.3414261086449204,0.1007197338697405,0.7479798158559006,0.5262398034758463,0.07472912260116081,0.00013535303468758535,0.0,0.2105963694967806,0.0,0.020739300688521985,0.2996041526162728,0.1670509712119028,0.08284149616804323,0.03300736157304142,6.610696135189607e-05,0.19531777753500754,6.610696135189607e-05,0.03792021443373396,0.4144870886853823,0.16005153114204407,0.17831043689521006,0.0,2.0610564980073497e-06,0.22257892320159142,0.0,0.18633210426663563,0.1164875701426185,0.833031219213407,0.8572227188173384,0.0056097643919831445,0.30711022575400787,0.0,0.06566183641590212,0.01811114507963954,0.01064134613624112,0.0014707781379455567,6.610696135189607e-05,0.21168022668775527,0.001973182284052665,6.610696135189607e-05,6.610696135189607e-05,0.9999388260521886,0.02789605241786901,0.3761218196279615,0.9984835715240187,0.7613042725216221,0.43599490043046857,0.5852622664705074,0.0024033717401946253,0.13127354956833948,0.0,0.0,0.0,0.0,0.0
0.00024670024824483645,0.016922787742574354,0.009203676174336007,6.610696135189607e-05,6.610696135189607e-05,6.610696135189607e-05,0.12668377810931175,0.017823105372511742,6.610696135189607e-05,0.99993949895496,0.0,0.29623248314278144,0.0015286569417594684,0.1260353963104792,5.409706671596787e-08,0.312328224498452,0.06327617027493666,0.22561126674227183,0.09218721701904369,0.142633770461351,0.9943950556977599,0.4823150387437254,1.0,0.030931375768606953,0.6001577516562766,0.00010696331036034353,0.00010696331036034353,0.013630877309662419,0.9999338930386481,0.20139466412651574,0.2531820714789789,0.8494638235783075,0.3168805410821931,0.8119852447719125,0.14918318961875374,0.0,0.11112040360000273,0.33926412723601035,0.0992648998208488,0.7476212326406798,0.5261179413563569,0.07631782265764833,0.00012437021262227133,0.0,0.21106767850319735,0.0,0.020835670436207276,0.29916646963317406,0.16658123225160115,0.08292824274612871,0.03301727108191108,6.610696135189607e-05,0.1967180254981654,6.610696135189607e-05,0.037555429414957174,0.4149604254361363,0.1602992338523319,0.18150243197835522,0.0,1.727517470421348e-06,0.22572221203775503,0.0,0.18681236809535476,0.11620632859718256,0.8314949603233079,0.8572418593260267,0.005604944302240164,0.3066172827530773,0.0,0.06555444762016105,0.01831150318429983,0.010594552887637438,0.0013624737753332617,6.610696135189607e-05,0.2115618024925806,0.0017626605640964706,6.610696135189607e-05,6.610696135189607e-05,0.9999388850949855,0.02771552137575564,0.37308189526010965,0.9984713430582405,0.7628424725720476,0.43501360662916794,0.5884068756806992,0.002290228989028824,0.1320644633041887,0.0,0.0,0.0,0.0,0.0
0.00024670024824483645,0.01692075207396176,0.009210814393060325,6.610696135189607e-05,6.610696135189607e-05,6.610696135189607e-05,0.12677088125235034,0.017812504683670728,6.610696135189607e-05,0.9999394973020324,0.0,0.2979074363007326,0.0015395944809842048,0.1250202316924247,4.323116439022814e-08,0.3106124907508868,0.06326072460294913,0.22521179865479832,0.0921368897738216,0.14262738602701705,0.9943996478034531,0.4823335420006074,1.0,0.03083983904526979,0.6002263780540278,0.00010696331036034353,0.00010696331036034353,0.013578280098489872,0.9999338930386481,0.20132338962866203,0.2523814565657911,0.8555526153001255,0.31680280640460384,0.8119180996073406,0.14740341301540075,0.0,0.11061489900654678,0.33715375599634223,0.09781852663932847,0.7472611819475106,0.5259854180577078,0.07789785127261514,0.00011446420209319696,0.0,0.21153940515619932,0.0,0.020956133257435422,0.29873010791723437,0.16611073326938872,0.08300965028601791,0.033026589711558106,6.610696135189607e-05,0.19809368022742668,6.610696135189607e-05,0.03719396957806237,0.41542347050996503,0.16054238404843335,0.18464997076959433,0.0,1.4494990970436663e-06,0.22877980420029093,0.0,0.18729621283870254,0.11593349776237565,0.8299652589535632,0.8572581497708898,0.005600352196546852,0.30612705284319325,0.0,0.0654517200510633,0.018525772121094443,0.010550871721036801,0.0012573270279393179,6.610696135189607e-05,0.2114130158971201,0.0015577261195166751,6.610696135189607e-05,6.610696135189607e-05,0.9999389254836287,0.027539516344226026,0.3700391799142723,0.9984604055190158,0.7643634198019315,0.43406639657220253,0.5915689826097847,0.002181880610837808,0.1328692855251182,0.0,0.0,0.0,0.0,0.0
0.00024670024824483645,0.016918274678327048,0.00921800563862824,6.610696135189607e-05,6.610696135189607e-05,6.610696135189607e-05,0.12686245222444628,0.017803070395395523,6.610696135189607e-05,0.999939495461533,0.0,0.2996049631265048,0.0015495107746819603,0.12400467935946238,3.4563562307718113e-08,0.3088871984838023,0.06323968730267263,0.224807015892639,0.09208931124266419,0.1426241714341864,0.9944042898889357,0.4823515129606722,1.0,0.03074662346092983,0.6002806695074381,0.00010696331036034353,0.00010696331036034353,0.013548574588486422,0.9999338930386481,0.2012519721489734,0.2516057373220241,0.8614646090655178,0.3167130338186208,0.8118518506192685,0.14564287104957624,0.0,0.11011190200781185,0.3350887645861619,0.09636856111729629,0.7468672980342373,0.5258511358098183,0.07946487931705014,0.00010550825579095587,0.0,0.21201183547971275,0.0,0.02108061711040884,0.298302579497409,0.1656469835703009,0.08308619648417404,0.03304819287417222,6.610696135189607e-05,0.1994582716153396,6.610696135189607e-05,0.036806909350357096,0.41588041988818747,0.1607859188330161,0.18775611641200673,0.0,1.2175534565227033e-06,0.23175406930207665,0.0,0.1878152547364005,0.11567332812412355,0.8284458094402857,0.8572703203100226,0.005595710111064343,0.3056366515596151,0.0,0.06534221683000493,0.018739161795991395,0.01050781599078779,0.001152907955254523,6.610696135189607e-05,0.21125799345845991,0.001354145098348521,6.610696135189607e-05,6.610696135189607e-05,0.9999389721880594,0.027362230547715482,0.36699604941191216,0.9984504892253181,0.7658822010792693,0.4331571315481993,0.5947442403989015,0.0020777599266895413,0.13366852017341907,0.0,0.0,0.0,0.0,0.0
0.00024670024824483645,0.016916051268938522,0.009225315877341777,6.610696135189607e-05,6.610696135189607e-05,6.610696135189607e-05,0.1269571555930594,0.017794531662593056,6.610696135189607e-05,0.9999394934405583,0.0,0.30131946444556074,0.001558322362165477,0.12298727721184856,2.764501752122462e-08,0.30714416421008794,0.06321218452680143,0.22439776015301333,0.09204627150477848,0.14262688796728792,0.994409004705113,0.4823723460731477,1.0,0.030653207575541293,0.6003421966444519,0.00010696331036034353,0.00010696331036034353,0.013524095566994741,0.9999338930386481,0.2011824963322701,0.2508428508203712,0.8673894908981532,0.3166137382131873,0.8117843828499542,0.14390741231375115,0.0,0.10960950642803738,0.3330611561851261,0.09490999782504334,0.7464612956791565,0.5257138866486513,0.08101882531950616,9.74058733655592e-05,0.0,0.21248259921337884,0.0,0.021206512904005395,0.29788866916946477,0.1651921103785758,0.08316286145544967,0.03306739432145235,6.610696135189607e-05,0.20077258293422542,6.610696135189607e-05,0.036435724992204856,0.41633412040861095,0.16103145864930132,0.1908186256395658,0.0,1.0237655734008825e-06,0.23465671139304817,0.0,0.18834878415961218,0.11542087869384161,0.8269349031757154,0.8572757061593466,0.005590995294887096,0.3051450547134735,0.0,0.06523053339344125,0.018952197709871714,0.010467367456345128,0.001053845249800414,6.610696135189607e-05,0.21110830730235292,0.0011185357134823753,6.610696135189607e-05,6.610696135189607e-05,0.9999390176449746,0.02718415850074441,0.36395449760112236,0.9984416776378345,0.7674021925945407,0.4322821047768083,0.5979458379648688,0.0019777356344298,0.13446747450449387,0.0,0.0,0.0,0.0,0.0
0.00024670024824483645,0.01691394194433299,0.009232656329401456,6.610696135189607e-05,6.610696135189607e-05,6.610696135189607e-05,0.12705625528700315,0.017786790906218642,6.610696135189607e-05,0.9999394913541619,0.0,0.30305051780720704,0.0015660798104585273,0.12197086905447348,2.212001932127113e-08,0.3053848834094957,0.06317954945749289,0.22398705462697066,0.09200873574203387,0.1426365218551318,0.9944139161594795,0.48239719506252915,1.0,0.03055818392202381,0.600409291987436,0.00010696331036034353,0.00010696331036034353,0.01350151698627591,0.9999338930386481,0.20111897828346942,0.2501058036239538,0.87333700740084,0.31650778345919584,0.8117147960934563,0.14220073254314636,0.0,0.10911152603771201,0.33107022976027495,0.09343847404913383,0.7460479715616467,0.5255708398619023,0.08255669484922025,9.006559147432457e-05,0.0,0.2129486839866889,0.0,0.0213321115854606,0.29745660782404715,0.164751342650151,0.08323503969886412,0.033083655048151105,6.610696135189607e-05,0.20207863725399633,6.610696135189607e-05,0.03607969895323715,0.41679629578520344,0.1612799850297361,0.19381755476099236,0.0,8.617430974531178e-07,0.2374792645310302,0.0,0.188890746387082,0.11517485203993934,0.8254345694087458,0.857273412553394,0.005586083840520558,0.3046541209507819,0.0,0.06511723194671754,0.01913024326220909,0.010423476872520971,0.0009475535562784915,6.610696135189607e-05,0.21103905106158305,0.000935807992811733,6.610696135189607e-05,6.610696135189607e-05,0.9999390853563487,0.027005218876807627,0.3609311948886543,0.9984339201895415,0.768916743164717,0.4314504835886756,0.6011766425413705,0.0018817325937784306,0.13526725347118773,0.0,0.0,0.0,0.0,0.0
0.00024670024824483645,0.01691273966103539,0.009239719352651733,6.610696135189607e-05,6.610696135189607e-05,6.610696135189607e-05,0.1271501052979397,0.01777961825390826,6.610696135189607e-05,0.9999394892839961,0.0,0.304776168757501,0.0015722686262158124,0.12094599148683811,1.7703556141273603e-08,0.30359137313198115,0.06314157567997729,0.2235638301431953,0.09197404973245656,0.14264929275572266,0.9944190092607132,0.4824211489908384,1.0,0.03046083354270586,0.6004914999809352,0.00010696331036034353,0.00010696331036034353,0.01347976544043179,0.9999338930386481,0.20104998693123263,0.24935121408747213,0.879282121867124,0.31640005434674395,0.811642956871351,0.14054219372433344,0.0,0.10865221473488622,0.32914986484779973,0.09200068831874259,0.7456326145330248,0.5254324867379767,0.08408055859957114,8.3412447744908e-05,0.0,0.2134134713503491,0.0,0.021457816387906274,0.2970490317998247,0.16430977537361974,0.0833083533960823,0.03309747524297395,6.610696135189607e-05,0.20337622511351122,6.610696135189607e-05,0.0357288472906418,0.41724809888091063,0.16153116574259616,0.19679934081044725,0.0,7.262121721452672e-07,0.24026586555170765,0.0,0.18943617038835125,0.11493597977213338,0.8239453916679723,0.8572672947965324,0.00558099073928678,0.3041653796588126,0.0,0.06500615352048014,0.019318178300804397,0.01037735649027848,0.0008391848143010954,6.610696135189607e-05,0.21096542721390374,0.0007485854421365266,6.610696135189607e-05,6.610696135189607e-05,0.9999391453378428,0.026825877386052823,0.3578822967077184,0.9984277313737842,0.7704010675661035,0.43058425189693655,0.6044079385492762,0.0017896393986466873,0.13606770334669457,0.0,0.0,0.0,0.0,0.0
0.00024670024824483645,0.01691126114367048,0.009247079811271068,6.610696135189607e-05,6.610696135189607e-05,6.610696135189607e-05,0.12724459564806517,0.017772940869219437,6.610696135189607e-05,0.9999394872977821,0.0,0.30651052943920626,0.0015769548837978058,0.11991767459342367,1.417332919278805e-08,0.30177308535066116,0.06310080333007541,0.22313738742767344,0.09194358080951799,0.14266691259982592,0.9944243014830602,0.4824490711709407,1.0,0.0303633908944034,0.6005739625976579,0.00010696331036034353,0.00010696331036034353,0.01345873863064188,0.9999338930386481,0.20098365723850675,0.24861377367940993,0.8852557406997262,0.31628974242496005,0.8115645874258035,0.13891363897458794,0.0,0.10820186671098184,0.32726223294544293,0.09056696838879955,0.745210724673556,0.52528302397081,0.08558672058734171,7.737251090189629e-05,0.0,0.21387167699563212,0.0,0.021584743713822768,0.296648663740088,0.16387269016717138,0.08338300527441295,0.03311080399360857,6.610696135189607e-05,0.20466917885140593,6.610696135189607e-05,0.03538436906211943,0.41769259651803237,0.16178859189717845,0.19976620117217803,0.0,6.126305135733403e-07,0.24302769380196562,0.0,0.18998710490602172,0.11470486394524829,0.8224696986031402,0.8572557148892722,0.0055756985169397874,0.30367925183342714,0.0,0.0648924977500996,0.01950924502097894,0.010332493478518456,0.0007331374358574054,6.610696135189607e-05,0.21088769126283718,0.0005407973395054491,6.610696135189607e-05,6.610696135189607e-05,0.9999392047808682,0.02664682067701806,0.35480963041402785,0.9984230451162022,0.7718798460650809,0.42971005907926235,0.6076599462605394,0.0017013670903469685,0.13687472465626832,0.0,0.0,0.0,0.0,0.0
0.00024670024824483645,0.01690969114980255,0.009254545222025012,6.610696135189607e-05,6.610696135189607e-05,6.610696135189607e-05,0.12734095841460785,0.01776665641175728,6.610696135189607e-05,0.9999394854254641,0.0,0.308259594500916,0.0015801756772497843,0.11888801641567726,1.1350832639172572e-08,0.29993113747973993,0.06305726466456993,0.22270779953418696,0.09191700297755027,0.1426890137198204,0.994429740992407,0.4824793659162139,1.0,0.0302662212840048,0.6006569181786269,0.00010696331036034353,0.00010696331036034353,0.013438134742900175,0.9999338930386481,0.2009196576833528,0.2478982504327188,0.8912940903097653,0.31617693234531524,0.8114818098308247,0.13731091486044394,0.0,0.10775540246850113,0.32540014577784404,0.08912594786280895,0.7447842145735767,0.5251236050541304,0.08707480657814404,7.188355299572976e-05,0.0,0.2143250434013963,0.0,0.021712017640089027,0.2962591366181855,0.1634406027518333,0.08345569633447766,0.033124077907435545,6.610696135189607e-05,0.20595235208409596,6.610696135189607e-05,0.0350469605806635,0.41813173735749876,0.16205054327772717,0.20270046448055284,0.0,5.173517578675997e-07,0.24575115866946373,0.0,0.19054173907758498,0.1144805362961269,0.8210081904443057,0.8572391027271838,0.005570259007592986,0.3031955906823899,0.0,0.06477662121593174,0.019700899546605383,0.010290017155875995,0.0006531023587381965,6.610696135189607e-05,0.21080457952260326,0.00033213579039998527,6.610696135189607e-05,6.610696135189607e-05,0.9999392265317305,0.026467646891448152,0.35172902615808715,0.9984198243227502,0.7733560637640637,0.42884868420185945,0.6109429146574511,0.0016167816842684406,0.1376880591155558,0.0,0.0,0.0,0.0,0.0
0.00024670024824483645,0.016908054668162694,0.009262042075713128,6.610696135189607e-05,6.610696135189607e-05,6.610696135189607e-05,0.1274378105246887,0.017760950712913948,6.610696135189607e-05,0.9999394836723665,0.0,0.3100331288558564,0.0015822613276751357,0.11786694228638923,0.0,0.2980931008475281,0.06301118340740891,0.22228076619813159,0.09189432499303177,0.14271557962544595,0.9944352891993107,0.4825114935840199,1.0,0.03016976885023704,0.6007376442735055,0.00010696331036034353,0.00010696331036034353,0.013417723714673329,0.9999338930386481,0.20085575492267393,0.2471797826597308,0.8973476640931859,0.3160631181575195,0.8113978011777049,0.13573606813150596,0.0,0.1073178313865296,0.32356514882060156,0.08768477843258063,0.7443534706378251,0.5249642731533058,0.0885436507717004,6.688914056832752e-05,0.0,0.21477331652027004,0.0,0.021834074602561926,0.29590074817949447,0.16302709096951326,0.08351406532429478,0.033139156331055276,6.610696135189607e-05,0.20718097662337362,6.610696135189607e-05,0.034725138401338104,0.4185632348746656,0.1623126701482122,0.20546716162583642,0.0,4.373696631629784e-07,0.24830450179514982,0.0,0.19109937229058374,0.1142638765620402,0.8195620242352679,0.8572175312339857,0.005564710800689336,0.30271518989571017,0.0,0.0646671722410561,0.019888989027611256,0.010249389430736406,0.0005801780531634363,6.610696135189607e-05,0.21069463721926562,0.00013189943824692848,6.610696135189607e-05,6.610696135189607e-05,0.9999392435201961,0.026289528674082956,0.34876364138680127,0.9984177386723249,0.7748147889574181,0.4281303493842486,0.6142221207198912,0.0015359736641821695,0.1384910840865224,0.0,0.0,0.0,0.0,0.0
0.00024670024824483645,0.016906224645653244,0.009269659281092846,6.610696135189607e-05,6.610696135189607e-05,6.610696135189607e-05,0.12753317938289035,0.01775710313303709,6.610696135189607e-05,0.9999394814798038,0.0,0.31180840450585173,0.0015833772251879644,0.11685903085530829,0.0,0.2962713013688711,0.06296293922821151,0.2218592552563032,0.09187681742958971,0.14274778681415887,0.9944407945424022,0.4825448061134477,1.0,0.03007543011107772,0.6008167687922208,0.00010696331036034353,0.00010696331036034353,0.013395146141368742,0.9999338930386481,0.20079335015260094,0.24648788768146146,0.9033695657208574,0.3159477595655704,0.8113104234298678,0.13420861651548385,0.0,0.10689281596107875,0.32177970098690933,0.08625123136980846,0.743916160114582,0.5248036583828852,0.08998688173572915,6.23346664777166e-05,0.0,0.21521172644637793,0.0,0.021941803599708657,0.29556437041973854,0.16263195708892583,0.08356651456658226,0.03315452736474533,6.610696135189607e-05,0.20835116118451777,6.610696135189607e-05,0.03440852041109791,0.4189957511190837,0.16257574980148531,0.20806992375935207,0.0,3.7017976743600883e-07,0.2506984888687263,0.0,0.19166201942102873,0.11405868196907243,0.8181363008346811,0.8571898785193635,0.005559205457597758,0.30224346744017444,0.0,0.06456133746819154,0.0200742966279225,0.010211201317965853,0.0005207821063084837,6.610696135189607e-05,0.21057853203695692,6.610696135189607e-05,6.610696135189607e-05,6.610696135189607e-05,0.999939216893212,0.026113826768646983,0.34591305521931237,0.998416622774812,0.7762477830038456,0.42752181014436424,0.6174774672613205,0.0014588812361778442,0.1392784043917392,0.0,0.0,0.0,0.0,0.0
0.00024670024824483645,0.01690411037786831,0.009277213567496119,6.610696135189607e-05,6.610696135189607e-05,6.610696135189607e-05,0.12762143978465845,0.017754459441986236,6.610696135189607e-05,0.9999394792739967,0.0,0.31356999671365116,0.0015837690498757384,0.1158658520125797,0.0,0.2944896742940634,0.06291255297308943,0.22144618269594574,0.09186492964049167,0.14278568070736292,0.9944460892369602,0.4825778009766509,1.0,0.02998512305051967,0.6008914369247674,0.00010696331036034353,0.00010696331036034353,0.013371054039274242,0.9999338930386481,0.20072558508395844,0.24584122613707785,0.9093211671377672,0.3158279975645947,0.811219609859648,0.13273654214430708,0.0,0.10647093349259061,0.320042749876468,0.08485052408522514,0.7434750488942279,0.5246505464915913,0.09140032494465387,5.817382213092142e-05,0.0,0.21563862982466786,0.0,0.022036404943240346,0.29524919795277,0.16225549926849805,0.0836094943671342,0.03317196092117221,6.610696135189607e-05,0.20944361971640707,6.610696135189607e-05,0.03411100515752191,0.419425764917942,0.16283344526217353,0.2104533016153475,0.0,3.135984430043354e-07,0.25286929751260456,0.0,0.19222679245264548,0.11386689919109155,0.8167347454148545,0.8571561454705062,0.0055539107630398175,0.3017835691986812,0.0,0.06446637274483744,0.02026136775271807,0.010174431203162533,0.0004531038537848226,6.610696135189607e-05,0.21045910349043248,6.610696135189607e-05,6.610696135189607e-05,6.610696135189607e-05,0.9999392049159757,0.0259469448781784,0.34324015952669423,0.9984162309501242,0.7776629008963867,0.42708795261092747,0.6206598016207114,0.0013856056800372136,0.1400363716213715,0.0,0.0,0.0,0.0,0.0
0.00024670024824483645,0.016901731702531286,0.009284785516709268,6.610696135189607e-05,6.610696135189607e-05,6.610696135189607e-05,0.12770593060713975,0.017752998389536742,6.610696135189607e-05,0.999939476518648,0.0,0.31528973931498633,0.0015835374667708681,0.11488626898211018,0.0,0.2927515843650903,0.06285961193746516,0.22104325188180388,0.0918581565698808,0.14282808741514647,0.9944510143503905,0.48260871461079835,1.0,0.029899498653757496,0.6009681127444142,0.00010696331036034353,0.00010696331036034353,0.01334647077501951,0.9999338930386481,0.20065946438562515,0.24524862114185927,0.9150839252405655,0.31570168883974925,0.8111231884775262,0.13133160375706085,0.0,0.10604341274896625,0.31836596549805873,0.08348048393272722,0.7430313740951001,0.5244958248813275,0.09277789005927609,5.436411293915001e-05,0.0,0.216051039846897,0.0,0.02215918631739605,0.2949451211761166,0.16189745400646677,0.0836549739193968,0.03318982672423723,6.610696135189607e-05,0.21048497033531893,6.610696135189607e-05,0.03381189001350601,0.4198179334840156,0.16308625726865542,0.2127029453577698,0.0,2.658862297341999e-07,0.2549035801524592,0.0,0.19279306133870638,0.11369176187753974,0.8153639533708431,0.8571175484719143,0.0055489856496095166,0.3013402455423046,0.0,0.0643729853998593,0.020450756347715836,0.010132577845066243,0.00039651704643499765,6.610696135189607e-05,0.21035432560797157,6.610696135189607e-05,6.610696135189607e-05,6.610696135189607e-05,0.9999391965004879,0.025790554253818463,0.34067571157018306,0.9984164625332291,0.7790700523826939,0.42673045434948215,0.6237679317021825,0.0013159526287283409,0.140769161359329,0.0,0.0,0.0,0.0,0.0
0.00024670024824483645,0.01689966589531408,0.00929271358518447,6.610696135189607e-05,6.610696135189607e-05,6.610696135189607e-05,0.1277935004704593,0.017751850895327926,6.610696135189607e-05,0.9999394731058132,0.0,0.3169685063964927,0.0015828135899599236,0.1139260346153851,0.0,0.2910660343452567,0.0628049637652684,0.22065618977706075,0.09185783289622786,0.14287779790306163,0.9944560475138049,0.4826423070254412,1.0,0.029809526943395004,0.6010485967237634,0.00010696331036034353,0.00010696331036034353,0.013321784757537453,0.9999338930386481,0.20059389071015196,0.24468267712175185,0.9208234387199564,0.315573763405435,0.8110210868703518,0.12998603003789802,0.0,0.1056147184483083,0.31674342221977353,0.08213157749569071,0.7425798889067385,0.5243426488239283,0.09412117491004786,5.087146203625198e-05,0.0,0.21645160748116266,0.0,0.022254178675555538,0.2946685111657842,0.16156991805410803,0.08369539963448734,0.033210896301944945,6.610696135189607e-05,0.21147153280731348,6.610696135189607e-05,0.033521810697424284,0.42020714332858317,0.16334023445238519,0.21480330853973853,0.0,2.2564772848302176e-07,0.2568035502189751,0.0,0.19336547905191695,0.11353006623723183,0.8140209921937243,0.8570713306349022,0.005543952486195099,0.30090608549339626,0.0,0.06427970102646434,0.020637807150984247,0.010106581143174464,0.0003194318010724153,6.610696135189607e-05,0.2102355825599101,6.610696135189607e-05,6.610696135189607e-05,6.610696135189607e-05,0.9999391991859388,0.025638678677263046,0.33824215502587074,0.9984171864100401,0.7804590212885781,0.4264530275612513,0.6268023881590525,0.0012496682760760318,0.14147109516177905,0.0,0.0,0.0,0.0,0.0
0.00024670024824483645,0.016895728507648186,0.009299794608735906,6.610696135189607e-05,6.610696135189607e-05,6.610696135189607e-05,0.12788051811585935,0.017751785857718402,6.610696135189607e-05,0.9999394766555061,0.0,0.3185859242895633,0.001581518329974845,0.11297323091925579,0.0,0.2894011554333201,0.06274887868485174,0.22027642806735043,0.09186427111976674,0.14293442121143746,0.9944608832835521,0.4826757547044875,1.0,0.029726158965960876,0.6011299125757272,0.00010696331036034353,0.00010696331036034353,0.013297076986016844,0.9999338930386481,0.2005294160276049,0.2441544927879705,0.9264222030142178,0.3154425293353986,0.8109141207327163,0.12870357422598477,0.0,0.1051798830127224,0.31517556238811567,0.08079779659443935,0.7421274442854588,0.5241772801230487,0.09542696772964827,4.7664431899799524e-05,0.0,0.2168396529303726,0.0,0.022344538462501028,0.29439028334097767,0.16124340820545524,0.08374455983354019,0.033231134898641115,6.610696135189607e-05,0.2124479386108434,6.610696135189607e-05,0.033195013709955146,0.42059567913858475,0.16358859132245895,0.21686590677954143,0.0,1.9164408670833529e-07,0.25867627376208335,0.0,0.19393704751624805,0.11337829184196298,0.812708761150585,0.8570179143566627,0.005539116716447922,0.30048459236513997,0.0,0.06418388234758216,0.020791230539540937,0.010069090234949982,0.0002800335820725831,6.610696135189607e-05,0.2102302959842206,6.610696135189607e-05,6.610696135189607e-05,6.610696135189607e-05,0.999939193350681,0.025497287944824712,0.3358445947049105,0.9984184816700251,0.7818466944239351,0.426148163849801,0.6298010479722406,0.0011866295134414263,0.14216799996763796,0.0,0.0,0.0,0.0,0.0
0.00024670024824483645,0.016893403866073922,0.009307023734638086,6.610696135189607e-05,6.610696135189607e-05,6.610696135189607e-05,0.12796128665190626,0.017749782477044816,6.610696135189607e-05,0.9999394739938783,0.0,0.3201564390160554,0.001579615526791522,0.11203687543565981,0.0,0.28778175189051475,0.06269134238228871,0.2199028884002192,0.09187535681865773,0.14299475553401805,0.9944652680187074,0.48270395841904745,1.0,0.029646874560667294,0.601225064117028,0.00010696331036034353,0.00010696331036034353,0.013272640451530033,0.9999338930386481,0.20046414594096643,0.24363535795044303,0.9320606876211668,0.3153099153039158,0.8108116614467409,0.12749346046173357,0.0,0.1047912995261625,0.31369978605362925,0.07952324356485589,0.7416799611441913,0.52402716295466,0.09669887807534266,4.471813104780812e-05,0.0,0.21722048808410654,0.0,0.022425432161662495,0.2941470942060632,0.16094333035428962,0.08377234643990523,0.03325668892451668,6.610696135189607e-05,0.21333634669616053,6.610696135189607e-05,0.032909578189495955,0.4209752457203328,0.16382552872049816,0.2187023132898841,0.0,1.629576888093179e-07,0.2603361508296055,0.0,0.19450184821816668,0.11324082670021318,0.8114257651059996,0.8569605263349341,0.005534731981292609,0.30007555349684606,0.0,0.0641015615450887,0.02094772386863454,0.01002717581468727,0.0002397774162425031,6.610696135189607e-05,0.21014688728295905,6.610696135189607e-05,6.610696135189607e-05,6.610696135189607e-05,0.9999391843585146,0.025362809832760996,0.33364778723232696,0.9984203844732085,0.7831716620804888,0.4259640631167652,0.6326950045446293,0.0011268482553532877,0.14282912194490754,0.0,0.0,0.0,0.0,0.0
0.00024670024824483645,0.01689106283675964,0.009314559554931035,6.610696135189607e-05,6.610696135189607e-05,6.610696135189607e-05,0.12803888295284807,0.017749027222958142,6.610696135189607e-05,0.9999394704930508,0.0,0.3216624070214317,0.0015772392336611144,0.11112463114256042,0.0,0.286220888970001,0.06263466479590081,0.21954714057111835,0.09189277729303022,0.14306058466426647,0.9944693205508871,0.4827345606426446,1.0,0.029573051580634762,0.6013227021477321,0.00010696331036034353,0.00010696331036034353,0.01324759516309706,0.9999338930386481,0.20040510543832224,0.2431558110709451,0.9374620714841336,0.3151750199780808,0.8107080142211518,0.12636032767547442,0.0,0.10442591538098689,0.3123126998284343,0.07829020964767913,0.7412306852630111,0.523872890448189,0.09792780615547987,4.200312854992609e-05,0.0,0.2175832332765078,0.0,0.022501738813110305,0.2939176347900681,0.16066649338650094,0.08379823333612305,0.03328031647322106,6.610696135189607e-05,0.21415764588608166,6.610696135189607e-05,0.03263889523005019,0.4213449241332155,0.16405691899231856,0.2203821897843988,0.0,1.3872787800185355e-07,0.26185362463159473,0.0,0.19506446440364184,0.11312388586177362,0.81017941655149,0.8568974122071836,0.005530679449112899,0.29968220608084767,0.0,0.06402090369836566,0.02110413911824212,0.009985598437422022,0.00020640360603499977,6.610696135189607e-05,0.21004748811583185,6.610696135189607e-05,6.610696135189607e-05,6.610696135189607e-05,0.9999391690705842,0.02523506678652966,0.33159507551869516,0.9984227607663388,0.7844493147485747,0.42583367553997103,0.63548890138232,0.0010701855374462836,0.14345608311891916,0.0,0.0,0.0,0.0,0.0
0.00024670024824483645,0.016888701674516417,0.009288695175222097,6.610696135189607e-05,6.610696135189607e-05,6.610696135189607e-05,0.12819909242723704,0.017751675020366352,6.610696135189607e-05,0.9999395758056489,0.0,0.32309942617391024,0.001574503333819538,0.11023935330620462,0.0,0.28472140368312043,0.06257897769996752,0.21921068510278796,0.09191641266922676,0.14313177112846273,0.9944731363802823,0.48276692413258265,1.0,0.029503895606031758,0.6014218720889162,0.00010696331036034353,0.00010696331036034353,0.013223003026901159,0.9999338930386481,0.2003506365064089,0.24271050788321488,0.9426686931468079,0.3150390675877491,0.8106057419263395,0.1253023082718809,0.0,0.10407448929265883,0.3110074269927356,0.07709129653569916,0.740784025079666,0.523715252720396,0.09911248693896073,3.949728947000074e-05,0.0,0.217929239853365,0.0,0.02257320370695513,0.2937061370505474,0.16041231727443211,0.08381897246328657,0.033303992122280746,6.610696135189607e-05,0.2149133651310901,6.610696135189607e-05,0.03238090806442254,0.4217025837397373,0.16428077971135377,0.22190437779556227,0.0,1.1823512095079399e-07,0.26322830106851147,0.0,0.19562050768605507,0.11302638483452648,0.8089711003918125,0.8568287315820673,0.00552686361971769,0.2993038360140523,0.0,0.06394288772637961,0.021252902916173932,0.009945623067922791,0.0001730702717122395,6.610696135189607e-05,0.20994422384061728,6.610696135189607e-05,6.610696135189607e-05,6.610696135189607e-05,0.9999391611511304,0.025113478362306704,0.32969388775864655,0.9984254966661804,0.7856860391660156,0.4257642719387529,0.6381872997811805,0.0010164895343113232,0.1440476773422896,0.0,0.0,0.0,0.0,0.0
0.00024670024824483645,0.016887202912457832,0.009317739621044412,6.610696135189607e-05,6.610696135189607e-05,6.610696135189607e-05,0.1282161702552638,0.01774614634307555,6.610696135189607e-05,0.9999394692009101,0.0,0.3244404917247008,0.0015717921914600655,0.10937492300444256,0.0,0.2832696605399225,0.06252385442734626,0.21887102446572254,0.09193778236037628,0.14319161837557062,0.9944760708503565,0.48275183279244716,1.0,0.02943908374079934,0.6015372888191326,0.00010696331036034353,0.00010696331036034353,0.013188950830757665,0.9999338930386481,0.20029655135923077,0.2422982627930918,0.9477644950687225,0.31491111661412896,0.8105050056005711,0.12431858831691905,0.0,0.10373832711572832,0.30978486203148115,0.07592711743751085,0.7403371342502163,0.5235467892206747,0.1002500317768886,3.71798406278333e-05,0.0,0.2182535791949724,0.0,0.022675870016228346,0.29347838882420185,0.16021355899038786,0.0838368701565306,0.033325884421567614,6.610696135189607e-05,0.21553990368265463,6.610696135189607e-05,0.032130690439753556,0.4220217941160542,0.16449725054005593,0.22332641833786823,0.0,1.0088963373871337e-07,0.2644966592655902,0.0,0.19617342985766673,0.11297093537645338,0.8078121858627352,0.8567712017838015,0.005523929149643514,0.2989945880125805,0.0,0.06386546623419681,0.021403535000328346,0.009912939713884185,0.0001730702717122395,6.610696135189607e-05,0.20982553381369193,6.610696135189607e-05,6.610696135189607e-05,6.610696135189607e-05,0.9999391044895896,0.024997743859372933,0.327914501620512,0.9984282078085399,0.7868866489901954,0.4257184787029286,0.6408032220225667,0.0009655814647707588,0.1446112509371494,0.0,0.0,0.0,0.0,0.0
0.00024670024824483645,0.01688455628473104,0.009297496090519688,6.610696135189607e-05,6.610696135189607e-05,6.610696135189607e-05,0.12835812052302437,0.017749831545401575,6.610696135189607e-05,0.999939570791871,0.0,0.325736724956379,0.0015689628341431505,0.10855009397504548,0.0,0.2819109154649305,0.06247227865873172,0.21857605826122598,0.09197304455119273,0.14327342584362762,0.9944799613109576,0.48279424158834144,1.0,0.02936907374759182,0.6016229219848107,0.00010696331036034353,0.00010696331036034353,0.013188950830252592,0.9999338930386481,0.20024181885783995,0.24191657287954868,0.9525166515708201,0.3147667958138121,0.8104092208969664,0.1233951893356515,0.0,0.10341619873463075,0.30863094729916385,0.07480315798636898,0.7398879959442094,0.5233921129217999,0.1013485630248711,3.503548775053873e-05,0.0,0.2185658225553427,0.0,0.02274926089940062,0.2933452689163805,0.16002006505409014,0.08384211039249337,0.03335700952938029,6.610696135189607e-05,0.2161627120754722,6.610696135189607e-05,0.03188997878630276,0.42231277418438673,0.16470548527408643,0.22446935959319905,0.0,8.618021955724835e-08,0.26552956125525956,0.0,0.196722340166327,0.11290918371554186,0.8066783924239362,0.8566915386686218,0.005520038689042372,0.2986399358563158,0.0,0.06379765850167456,0.021544456590102422,0.009874772864874893,0.00010696331036034349,6.610696135189607e-05,0.20967121668584066,6.610696135189607e-05,6.610696135189607e-05,6.610696135189607e-05,0.9999391531938813,0.024885293828947143,0.32639872611477044,0.9984310371658568,0.7880336211101042,0.4258394914455766,0.6432859265487005,0.0009173852307318888,0.14512264510143238,0.0,0.0,0.0,0.0,0.0
0.00024670024824483645,0.01688317726616153,0.009295257154607066,6.610696135189607e-05,6.610696135189607e-05,6.610696135189607e-05,0.1284535444560354,0.017750550626362643,6.610696135189607e-05,0.9999395714630331,0.0,0.3268997300193738,0.0015657710626032135,0.1077355541688418,0.0,0.28055665458832835,0.06242138918307285,0.21827302501065743,0.09201093967648812,0.14335136036663854,0.99448301100748,0.4827972212522567,1.0,0.029306973577143146,0.6017376918442617,0.00010696331036034353,0.00010696331036034353,0.013155617496424845,0.9999338930386481,0.20019268320956363,0.24157008335189842,0.9573036237253577,0.31464025542602087,0.8103015949955171,0.12254768547551968,0.0,0.10309428066371204,0.30753830678561445,0.07369428932709798,0.7394542310816679,0.523206709923405,0.10239455916726085,3.304466456715007e-05,0.0,0.2188521174589922,0.0,0.02282546193524701,0.2931479942476717,0.1598519721044351,0.0838809359551883,0.03337177422477541,6.610696135189607e-05,0.21675196519192547,6.610696135189607e-05,0.03165988651939681,0.42260150910358024,0.16492012961960284,0.22577704073075536,0.0,7.368921774491611e-08,0.26673463990505974,0.0,0.19725280868246772,0.11287940499110245,0.8055945011562511,0.8566155949687944,0.005516988992520005,0.29835066128875115,0.0,0.06371228482202215,0.02168880957792024,0.009845802021435732,6.610696135189606e-05,6.610696135189607e-05,0.20960498628703772,6.610696135189607e-05,6.610696135189607e-05,6.610696135189607e-05,0.9999391537201913,0.02477827538488006,0.3247755437743512,0.9984342289373968,0.7891700914782285,0.42572705330932586,0.6457490560845737,0.0008715710527915969,0.1456408600748352,0.0,0.0,0.0,0.0,0.0
0.00024670024824483645,0.016881533370660628,0.00929702463829103,6.610696135189607e-05,6.610696135189607e-05,6.610696135189607e-05,0.1285343248867765,0.017748338898132515,6.610696135189607e-05,0.9999395707776652,0.0,0.3280067874454594,0.0015622238536525672,0.10693443591272676,0.0,0.27921928601665563,0.0623730637791731,0.21797503473386018,0.09205197563312645,0.14343133684756984,0.9944862395287403,0.4828024924377393,1.0,0.029246711232652736,0.6018382053190178,0.00010696331036034353,0.00010696331036034353,0.013122284163091512,0.9999338930386481,0.20013560126494287,0.2412131944688398,0.9620782438083104,0.3145229602066189,0.8102020210876317,0.12173575911425477,0.0,0.10277202308541422,0.30647884601916364,0.0726018107378274,0.739026302791939,0.523016243212709,0.10340424306109966,3.1199095185979084e-05,0.0,0.21913020384588952,0.0,0.022895981346912633,0.292971586157367,0.15968546792140742,0.08390498662064105,0.03339624102548362,6.610696135189607e-05,0.21732722810426416,6.610696135189607e-05,0.031423632608624165,0.42288078602060347,0.1651215092935706,0.22701709216026383,0.0,6.306552671932789e-08,0.2678817835856962,0.0,0.1977725548734337,0.11285939151183814,0.8045437813057739,0.8565374640572442,0.0055137604712597755,0.2980673037163712,0.0,0.0636314345105287,0.021812496303101725,0.0098160382897896,6.610696135189607e-05,6.610696135189607e-05,0.2095480567131997,6.610696135189607e-05,6.610696135189607e-05,6.610696135189607e-05,0.9999391143901009,0.024676469618797613,0.32324036128002204,0.9984377761463474,0.7902934779363323,0.42563937039514027,0.648178903245517,0.0008280785554541507,0.1461493305415928,0.0,0.0,0.0,0.0,0.0
0.00024670024824483645,0.016879801218985347,0.009300418274152636,6.610696135189607e-05,6.610696135189607e-05,6.610696135189607e-05,0.12860516352292034,0.0177467293668471,6.610696135189607e-05,0.999939569266484,0.0,0.329071155176449,0.0015586042915572834,0.10615978698287978,0.0,0.2779428754706865,0.062326357418549354,0.21769112732261064,0.09209648802571925,0.14351437967144723,0.9944893884131112,0.48281411170963145,1.0,0.029155763922274737,0.6019143976694828,0.00010696331036034353,0.00010696331036034353,0.013104937848770502,0.9999338930386481,0.20007151358532302,0.24086436374284748,0.9666003856670738,0.31442464916337237,0.8101112505264012,0.12096842851424684,0.0,0.10248461004647064,0.30548333838845504,0.0715600383440772,0.738599788989778,0.5228408370824112,0.10437434398518074,2.9484618184344274e-05,0.0,0.21939836089554826,0.0,0.022955402207097023,0.2928446451064391,0.159541223666872,0.08390854980350325,0.03342634931828179,6.610696135189607e-05,0.21782879628959106,6.610696135189607e-05,0.031203223585620856,0.42314520977706643,0.16530872587309267,0.22800152350105227,0.0,5.403690065223983e-08,0.26878519623192726,0.0,0.19828692762636757,0.11285140761103025,0.8035291679891,0.8564561357103684,0.005510611586888769,0.2977875273948203,0.0,0.0635670999591821,0.021919926303696064,0.009786537801124496,6.610696135189607e-05,6.610696135189607e-05,0.20945616323028063,6.610696135189607e-05,6.610696135189607e-05,6.610696135189607e-05,0.9999390844210648,0.024580023600506144,0.3219588928082518,0.9984413957084427,0.7913555489337489,0.4257314653796177,0.6504970861852363,0.0007869259653051346,0.14661662798394787,0.0,0.0,0.0,0.0,0.0
0.00024670024824483645,0.016877658920444405,0.009304722932589507,6.610696135189607e-05,6.610696135189607e-05,6.610696135189607e-05,0.12866821643446844,0.017747654163196794,6.610696135189607e-05,0.9999395666677806,0.0,0.33005635793726434,0.001554937566572197,0.10541438887302121,0.0,0.27673586362432356,0.06228002453625012,0.21742325644812197,0.0921467733812358,0.14360332045691448,0.9944922555938015,0.48283038518354165,1.0,0.029092634155372447,0.6019823675164061,0.00010696331036034353,0.00010696331036034353,0.013082905538242458,0.9999338930386481,0.2000058153845869,0.24054466576065348,0.9709801116768502,0.31432045970554273,0.8100166154245876,0.12026330561881021,0.0,0.10223420639776652,0.30455768887684725,0.07057400957019792,0.7381801322146642,0.5226614105489321,0.10530137961203062,2.7888273509747323e-05,0.0,0.21965346787555962,0.0,0.023015507862676553,0.292743540234573,0.1594193172206423,0.08391389058058085,0.03345183368769069,6.610696135189607e-05,0.21827613378097663,6.610696135189607e-05,0.031002670449600332,0.42338743703531057,0.1654898821074191,0.22882282231889903,0.0,4.635163974780014e-08,0.26954167042231947,0.0,0.19879171942431553,0.11285198873097926,0.8025518470067337,0.8563687912695758,0.005507744406198517,0.29751614694089873,0.0,0.0635126978192951,0.022052216581854044,0.009760521898034344,6.610696135189607e-05,6.610696135189607e-05,0.2093102560823368,6.610696135189607e-05,6.610696135189607e-05,6.610696135189607e-05,0.9999390350201363,0.024493502467993256,0.3208575141250265,0.9984450624334278,0.7923513583775725,0.42590064070083333,0.6526901268054786,0.0007481238247701457,0.14706334427196666,0.0,0.0,0.0,0.0,0.0
0.00024670024824483645,0.016875167786118125,0.009309340887091887,6.610696135189607e-05,6.610696135189607e-05,6.610696135189607e-05,0.12873142355902134,0.01774975428622196,6.610696135189607e-05,0.9999395637216039,0.0,0.3309644099108817,0.0015516605678852335,0.10470554171045672,0.0,0.275611406348883,0.06223468708186353,0.21717907604173414,0.09220388836123421,0.14369943474310545,0.994494952623708,0.4828527410370829,1.0,0.02903872244737838,0.6020436971204228,0.00010696331036034353,0.00010696331036034353,0.013062091220000523,0.9999338930386481,0.19994722697399056,0.240256636924002,0.9751630838129189,0.31421231905875185,0.8099221940171788,0.1196143507361302,0.0,0.10197881895048384,0.3036827689579846,0.06961259579381392,0.7377673506880994,0.5224800047165608,0.1061804093024457,2.6398414096922568e-05,0.0,0.2198916850608081,0.0,0.02306906532696897,0.2926615578026508,0.15931653078537947,0.08392069745661718,0.03347806838195827,6.610696135189607e-05,0.21868600040279582,6.610696135189607e-05,0.030810180202018596,0.42361050260080846,0.16566500807518,0.22951892269535581,0.0,3.9794980707779434e-08,0.2701893890082869,0.0,0.1992865584123383,0.11286481322728152,0.8016157023363201,0.8562741668427977,0.005505047376292016,0.29725557390210894,0.0,0.06345417849769634,0.02216388245726392,0.009737327550666766,6.610696135189607e-05,6.610696135189607e-05,0.20919893799987813,6.610696135189607e-05,6.610696135189607e-05,6.610696135189607e-05,0.9999390090613934,0.024412797907641216,0.31990231665763225,0.9984483394321148,0.7933155995440787,0.4261278420337285,0.6547759978573031,0.0007114038176987081,0.14747610601442362,0.0,0.0,0.0,0.0,0.0
